id,audio_arousal_wav2vec,audio_dominance_wav2vec,audio_valence_wav2vec,sarcasm,show,valence,arousal,dominance,audio_arousal_z,audio_valence_z,audio_dominance_z,text_arousal_z,text_valence_z,text_dominance_z,gap_arousal,gap_valence,gap_dominance,gap_total
1_10004,0.6852249503135681,0.7182071208953857,0.6109321713447571,0,BBT,0.4542,0.6662,0.5298,-0.3313112541215761,-0.22294930748050842,-0.07656682049253237,2.1481468394769445,-1.2196452286664152,0.15267802066919875,2.4794580935985207,0.9966959211859068,0.2292448411617311,2.6821014884636827
1_10009,0.7980786561965942,0.7619010210037231,0.6469391584396362,0,BBT,0.576,0.426,0.5026666666666667,0.6187593545536103,-0.007064082956111086,0.3747592316591895,-0.14867004897537933,-0.3304683459311406,-0.11162676171919864,0.7674294035289897,0.3234042629750295,0.48638599337838817,0.9644218689276827
1_1001,0.6958044171333313,0.7169269323348999,0.5740237236022949,0,BBT,0.4806666666666667,0.3959999999999999,0.3823333333333333,-0.24224691722395086,-0.44423937284289533,-0.08979023262972498,-0.4355331074831641,-1.026430547524705,-1.2837892487242537,0.19328619025921323,0.5821911746818098,1.1939990160945286,1.3423634998229834
1_1003,0.6365009546279907,0.6851696968078613,0.8314887881278992,1,BBT,0.6663636363636364,0.4040909090909091,0.5506363636363637,-0.7414992570398404,1.0994305575469046,-0.4178192641909478,-0.3581670098856092,0.3292135628902236,0.3556442574016782,0.38333224715423125,0.770216994656681,0.773463521592626,1.156902610335351
1_10190,0.7046446800231934,0.7144573330879211,0.5443997383117676,0,BBT,0.6596,0.4389,0.6258999999999999,-0.1678242487001062,-0.6218543645916074,-0.11529938781551048,-0.02531893381703201,0.2798369693124471,1.0887845165239263,0.1425053148830742,0.9016913339040544,1.2040839043394367,1.5110172318993913
1_10462,0.6560344099998474,0.6915920972824097,0.8606440424919128,1,BBT,0.64575,0.413625,0.5191250000000001,-0.5770548403548875,1.2742352035967308,-0.35148056143545364,-0.2670010606098399,0.1787277753396763,0.048693246025606415,0.3100537797450476,1.0955074282570545,0.40017380746106007,1.2068176945497846
1_10495,0.649692952632904,0.675607442855835,0.6242121458053589,1,BBT,0.826,0.445,0.7090000000000001,-0.630441055839423,-0.14332725355661832,-0.516590358442998,0.03300988807955068,1.4946073575484875,1.8982584999321275,0.6634509439189736,1.6379346111051059,2.4148488583751258,2.9924057134751396
1_10496,0.8664182424545288,0.8351384401321411,0.7444269061088562,1,BBT,0.7547333333333334,0.4211333333333334,0.5817333333333334,1.1940832378471211,0.577438148193923,1.1312482418655072,-0.19520561179997453,0.9743391103432287,0.6585586729555911,1.3892888496470956,0.3969009621493057,0.4726895689099161,1.520226729821916
1_105,0.8667229413986206,0.8471720814704895,0.6212023496627808,1,BBT,0.5892857142857143,0.3215714285714285,0.3888571428571428,1.1966483774587173,-0.16137293214397094,1.255546961475804,-1.1472266954953327,-0.23347860854622282,-1.2202410648225157,2.34387507295405,0.07210567640225188,2.4757880262983196,3.4100551223326154
1_10748,0.7815707921981812,0.7673560976982117,0.5989673733711243,1,BBT,0.575,0.4751999999999999,0.537,0.4797861921378741,-0.29468602597129623,0.4311061867857378,0.3217853669773855,-0.33776864874505913,0.22281295063958412,0.15800082516048858,0.0430826227737629,0.2082932361461537,0.2649649889338193
1_10797,0.737421989440918,0.7434625625610352,0.758730947971344,0,BBT,0.62475,0.26875,0.4055,0.10811492463559456,0.663200149911882,0.1843034326559312,-1.6523105806536804,0.025421416247387384,-1.0581236175695403,1.760425505289275,0.6377787336644947,1.2424270502254715,2.2471058381659845
1_10810,0.6960219144821167,0.7168673872947693,0.7694672346115112,0,BBT,0.6431764705882352,0.4101176470588235,0.4767058823529411,-0.24041589327193313,0.7275711467343412,-0.09040528937267382,-0.30053872700891243,0.1599402313332676,-0.3645097880830082,0.0601228337369793,0.5676309154010736,0.2741044987103344,0.6332084076106925
1_10829,0.7228249311447144,0.7438846230506897,0.805004894733429,1,BBT,0.6035555555555556,0.4302222222222222,0.537,-0.014771922117279434,0.940642451875088,0.1886630090291252,-0.10829672962983974,-0.1293044461698297,0.22281295063958412,0.09352480751256032,1.0699468980449176,0.03414994161045892,1.0745694359920166
1_10849,0.4165531098842621,0.4893813133239746,0.6083385944366455,0,BBT,0.7290000000000001,0.4728,0.4897999999999999,-2.5931529630250454,-0.23849948199673696,-2.440170163420674,0.29883632229676377,0.7864779845983928,-0.2369604791662778,2.891989285321809,1.0249774665951297,2.2032096842543964,3.7773421537155296
1_10853,0.6251850128173828,0.6287057399749756,0.5326807498931885,0,BBT,0.5003333333333334,0.3068333333333333,0.4388333333333333,-0.8367636849079044,-0.6921172954854717,-1.0010506686447913,-1.2881538647146327,-0.8828579255176405,-0.7334248677066451,0.45139017980672824,0.1907406300321688,0.26762580093814625,0.5583535185693769
1_10857,0.7851824164390564,0.7904438376426697,0.9051445126533508,0,BBT,0.8051999999999999,0.3672,0.646,0.5101910247836976,1.5410443639113292,0.6695856655322356,-0.7109216436506356,1.3427610590189822,1.2845778626912536,1.2211126684343332,0.1982833048923469,0.614992197159018,1.3815382081492809
1_10859,0.6523711681365967,0.659548819065094,0.674724280834198,0,BBT,0.626,0.3879999999999999,0.4816666666666666,-0.6078942212995456,0.15952573392531605,-0.6824642049180093,-0.5120299230852399,0.03454679476478533,-0.3161869741328243,0.09586429821430575,0.12497893916053071,0.366277230785185,0.39870880188111807
1_10890,0.7715330123901367,0.7615295648574829,0.7090106010437012,1,BBT,0.52825,0.57575,0.55575,0.3952821034386422,0.36509444527124985,0.37092236116663974,1.2832547180759757,-0.6790578052957493,0.4054559974374624,0.8879726146373335,1.0441522505669991,0.034533636270822676,1.3711097179817804
1_10977,0.6751462817192078,0.7361931204795837,0.5553950071334839,0,BBT,0.8130000000000001,0.4019999999999999,0.614,-0.41615956930233283,-0.5559306017389272,0.10921540920569621,-0.37816049578160726,1.3997034209675476,0.9728670628228733,0.03799907352072557,1.9556340227064748,0.8636516536171771,2.1381867409445854
1_11006,0.4101808965206146,0.503593921661377,0.6242387294769287,1,BBT,0.696,0.4136,0.4737999999999999,-2.6467981010525357,-0.1431678672161169,-2.293364307321908,-0.2672401131585964,0.5455679917390809,-0.392815879100468,2.3795579878939392,0.6887358589551977,1.9005484282214398,3.1222968515462446
1_11021,0.7563561201095581,0.7691840529441833,0.6143748164176941,1,BBT,0.6930000000000001,0.543,0.4375,0.2675138642480514,-0.20230841901709917,0.4499876284201275,0.9700958792049786,0.5236670832973261,-0.7464128177011605,0.7025820149569273,0.7259755023144253,1.196400446121288,1.565897808026065
1_11042,0.8296753168106079,0.7619187235832214,0.4502190053462982,0,BBT,0.4986666666666666,0.346,0.2836666666666667,0.8847591136822497,-1.1865288992464182,0.3749420863665527,-0.9136382049961368,-0.8950250968741725,-2.2448975483184253,1.7983973186783864,0.2915038023722457,2.619839634684978,3.19104482796676
1_11046,0.5070094466209412,0.5191985368728638,0.501432478427887,0,BBT,0.49,0.3285,0.4785,-1.8316369256959586,-0.8794709355862106,-2.132180037634726,-1.080974989125677,-0.9582943879281325,-0.34703335536979873,0.7506619365702816,0.0788234523419219,1.7851466822649273,1.9381576707935868
1_11051,0.8042230606079102,0.7937948703765869,0.8348508477210999,0,BBT,0.6466,0.3682,0.528,0.6704866593268906,1.1195882838301392,0.7041993843964272,-0.7013595417003762,0.18493303273150635,0.13514428817660212,1.3718462010272667,0.9346552510986328,0.5690550962198251,1.7548122806194817
1_11055,0.7341253757476807,0.7344752550125122,0.7712281942367554,1,BBT,0.7045,0.4681666666666666,0.5809166666666667,0.08036204090355938,0.7381292410028921,0.09147111452248417,0.25453191659389446,0.6076205656573886,0.65060355358395,0.1741698756903351,0.13050867534550348,0.5591324390614658,0.5999972869515733
1_11098,0.8062692284584045,0.7752312421798706,0.6358354091644287,1,BBT,0.56975,0.346,0.4594999999999999,0.6877125352514771,-0.07363825643594955,0.5124506733209039,-0.9136382049961368,-0.37609523851813115,-0.5321116427916501,1.601350740247614,0.3024569820821816,1.044562316112554,1.9356949272920732
1_11120,0.7231646776199341,0.7212667465209961,0.7086764574050903,0,BBT,0.6561666666666667,0.4035,0.5851666666666667,-0.011911731235804772,0.36309103759221195,-0.044963124067056506,-0.363817342856217,0.25477259631799387,0.692002644191469,0.35190561162041223,0.10831844127421808,0.7369657682585254,0.8238258236999441
1_11177,0.676457941532135,0.679600715637207,0.7394912242889404,1,BBT,0.482,0.35,0.41,-0.4051172253483449,0.5478455367636531,-0.4753427693032571,-0.8753897971950989,-1.0166968104394807,-1.01428928633805,0.47027257184675403,1.5645423472031337,0.5389465170347929,1.7202942760606936
1_11201,0.7435250878334045,0.7532208561897278,0.6764117479324341,0,BBT,0.661,0.3684,0.5166,0.1594944904122323,0.1696431928623911,0.2850994734821143,-0.6994471213103245,0.2900573932519335,0.02409731572349097,0.8589416117225568,0.12041420038954243,0.26100215775862334,0.9057606738861286
1_11224,0.7223567366600037,0.7357677221298218,0.7664397954940796,1,BBT,0.462,0.44225,0.41375,-0.018713465867101094,0.7094196870779562,0.10482135517724181,0.00671410771633686,-1.1627028667178505,-0.9777606769784739,0.025427573583437953,1.8721225537958066,1.0825820321557158,2.162746696743674
1_11232,0.8331639766693115,0.7968364953994751,0.988446831703186,1,BBT,0.746,0.51475,0.5965,0.914128757944129,2.0404957566115605,0.735617147752463,0.6999664991101487,0.9105831324350069,0.8024002191448534,0.2141622588339802,1.1299126241765536,0.06678307139239037,1.1519670090792615
1_11236,0.8229058980941772,0.8069193363189697,0.491309255361557,0,BBT,0.4163846153846154,0.5329230769230769,0.4537692307692307,0.8277700612628041,-0.9401662189440346,0.8397655248803042,0.8737393133985177,-1.495708987383518,-0.5879348509411555,0.04596925213571368,0.5555427684394835,1.4277003758214597,1.5326673816676792
1_11242,0.8451310396194458,0.8226848244667053,0.674609899520874,1,BBT,0.6575555555555556,0.4277777777777778,0.4721111111111111,1.0148747165471455,0.15883994381898825,1.0026114944165543,-0.1316707566193621,0.26491190578176954,-0.4092672824268538,1.1465454731665075,0.10607196196278129,1.411878776843408,1.8218725157524283
1_11243,0.8525675535202026,0.8232504725456238,0.8619391322135925,1,BBT,0.6923999999999999,0.4178,0.4636,1.0774797788517603,1.282000105853266,1.0084542256383608,-0.22707928496750682,0.5192869016089738,-0.49217369655851295,1.304559063819267,0.7627132042442921,1.5006279221968737,2.129668975169264
1_11253,0.7880500555038452,0.7885993719100952,0.7070262432098389,0,BBT,0.5271666666666667,0.3213333333333333,0.4468333333333333,0.5343325411869656,0.35319693395292473,0.65053368263879,-1.1495033864358704,-0.6869664666774943,-0.65549716773955,1.683835927622836,1.040163400630419,1.30603085037834,2.3712781180840987
1_11257,0.5099822282791138,0.5288934111595154,0.5492886304855347,0,BBT,0.72925,0.4475,0.5562499999999999,-1.8066102554830554,-0.592542287415359,-2.03203907225849,0.056915142955199366,0.7883030603018715,0.41032647868540534,1.8635253984382547,1.3808453477172304,2.4423655509438955,3.368176104269825
1_11306,0.2368468940258026,0.3577143549919128,0.410597562789917,0,BBT,0.7158461538461538,0.4422307692307692,0.5536153846153845,-4.10602834932674,-1.4240851268676225,-3.8001936073223015,0.006530221140370311,0.6904509245076175,0.3846627890327801,4.112558570467111,2.11453605137524,4.184856396355082,6.236779919654222
1_11322,0.816405177116394,0.7933324575424194,0.8076286315917969,1,BBT,0.6976,0.3712,0.5728000000000001,0.773043068579093,0.9563734548404056,0.6994229977980315,-0.6726732358495983,0.5572484762413508,0.5715394079923348,1.4457163044286911,0.3991249785990548,0.1278835898056967,1.5052410418182995
1_11378,0.6016498804092407,0.6217957735061646,0.5769749879837036,1,BBT,0.5991428571428571,0.3557142857142857,0.4781428571428572,-1.0348966340857635,-0.426544630099427,-1.0724255717579645,-0.8207492146221875,-0.16151848080902656,-0.35051227054690043,0.21414741946357596,0.26502614929040047,0.7219133012110641,0.7982836535568438
1_11439,0.7521587610244751,0.7581084966659546,0.69296795129776,1,BBT,0.7285714285714286,0.4247142857142857,0.5548571428571429,0.2321779621649908,0.2689083624634126,0.33558522721439527,-0.1609641800542843,0.7833492833924276,0.3967587094947074,0.3931421422192751,0.514440920929015,0.06117348228031211,0.6503479069308623
1_1144,0.7763225436210632,0.7859419584274292,0.7596591114997864,1,BBT,0.6003333333333333,0.3758333333333334,0.5835,0.43560326804932575,0.668765091827326,0.6230845436721918,-0.6283688301467284,-0.15282764412579028,0.6757677066983238,1.063972098196054,0.8215927359531163,0.05268316302613196,1.3452980209518925
1_11485,0.7052944898605347,0.6690401434898376,0.6188143491744995,0,BBT,0.622,0.3724999999999999,0.4329999999999999,-0.16235375729838045,-0.175690542784887,-0.5844257608402426,-0.6602425033142618,0.005345583509111254,-0.7902471489326527,0.4978887460158814,0.18103612629399823,0.20582138809241013,0.568357041153789
1_11526,0.7726008892059326,0.7857611179351807,0.6519879102706909,0,BBT,0.5463076923076924,0.4436153846153846,0.4711538461538461,0.4042721349882036,0.02320645647400453,0.6212165935639768,0.01977005460996023,-0.5472311833290279,-0.41859196447419894,0.38450208037824335,0.5704376398030324,1.0398085580381757,1.2467729496940017
1_11529,0.6716579794883728,0.6886019706726074,0.3534448146820068,0,BBT,0.3165,0.65425,0.4659999999999999,-0.4455262028369685,-1.766752893680505,-0.38236638382461485,2.0338797211713437,-2.2248969261429945,-0.4687953865683854,2.4794059240083124,0.45814403246248947,0.08642900274377052,2.5228594219662313
1_11609,0.5860929489135742,0.6198679208755493,0.6883554458618164,0,BBT,0.622,0.3337142857142857,0.4745714285714286,-1.1658642727606143,0.24125340291251182,-1.0923388803605047,-1.031115457527896,0.005345583509111254,-0.3853014223179254,0.1347488152327183,0.23590781940340055,0.7070374580425793,0.757437594483929
1_11697,0.803505003452301,0.7862754464149475,0.6386972665786743,1,BBT,0.5908,0.3518,0.4343999999999999,0.6644416208095001,-0.05647956640717204,0.6265292308361546,-0.8581780136846316,-0.22242386428514638,-0.7766098014384109,1.5226196344941316,0.16594429787797432,1.4031390322745656,2.077187330318973
1_11699,0.7266491651535034,0.7332590818405151,0.5532273054122925,1,BBT,0.542,0.644,0.6465000000000001,0.017422787874898517,-0.568927378490845,0.07890893455939274,1.9358681761811845,-0.5786786416043694,1.2894483439391977,1.918445388306286,0.009751263113524478,1.210539409379805,2.2684650001063655
1_11723,0.6384474039077759,0.6439279913902283,0.4849254488945007,0,BBT,0.7639999999999999,0.34625,0.51175,-0.7251128722283603,-0.9784412761941524,-0.8438159375021705,-0.9112476795085717,1.0419885830855393,-0.02314635238155951,0.18613480728021137,2.020429859279692,0.8206695851206111,2.188671183776182
1_11736,0.6192794442176819,0.6384993195533752,0.2442328929901123,0,BBT,0.5589999999999999,0.482,0.4059999999999999,-0.8864803256702953,-2.4215491467818553,-0.8998901497487125,0.3868076602391507,-0.45457349376775547,-1.053253136321598,1.273287985909446,1.9669756530140998,0.1533629865728855,2.348143036584895
1_11773,0.8159825801849365,0.7882634997367859,0.7328534126281738,1,BBT,0.638,0.387,0.4066666666666667,0.7694853925528378,0.5080475537510988,0.6470643685782126,-0.5215920250354983,0.12215042853180756,-1.0467591613243392,1.291077417588336,0.3858971252192912,1.6938235299025517,2.1644481143955887
1_1180,0.7739878296852112,0.7634842395782471,0.5943171381950378,1,BBT,0.6527142857142857,0.3635714285714285,0.565,0.41594823702698147,-0.3225671997677965,0.3911127223560938,-0.7456184135844353,0.22956916993660828,0.49555990052441584,1.1615666506114168,0.5521363697044048,0.10444717816832205,1.2903491262407665
1_1185,0.718670129776001,0.7160886526107788,0.9061166048049928,0,BBT,0.8026666666666666,0.4019999999999999,0.5803333333333334,-0.049749547658344835,1.546872686393925,-0.09844904947940729,-0.37816049578160726,1.3242669585570557,0.6449213254613488,0.32841094812326244,0.22260572783686938,0.7433703749407561,0.8426188790031723
1_11885,0.6690375804901123,0.6688678860664368,0.54409259557724,1,BBT,0.601,0.3723333333333333,0.4003333333333334,-0.4675863031391212,-0.6236958843508087,-0.5862050541206452,-0.6618361869726377,-0.14796077558317766,-1.108451923798289,0.1942498838335165,0.47573510876763103,0.5222468696776439,0.7326654788998744
1_11889,0.6908763647079468,0.7047843337059021,0.8437972068786621,0,BBT,0.7318,0.3884,0.5254,-0.2837342368536778,1.1732275053044876,-0.2152144014153074,-0.508205082305135,0.8069188324773641,0.10981778568729579,0.22447084545145712,0.36630867282712354,0.3250321871026032,0.5387161839955824
1_1189,0.5826886892318726,0.6434595584869385,0.2812064290046692,0,BBT,0.6067500000000001,0.4855,0.4895,-1.1945233853929904,-2.199868835043173,-0.8486545070145178,0.4202750170650589,-0.10598403440314515,-0.239882767915043,1.6147984024580493,2.093884800640028,0.6087717390994748,2.7133983248425944
1_11901,0.8576529026031494,0.8330536484718323,0.8508435487747192,1,BBT,0.6538124999999999,0.3799375,0.526875,1.1202913166808226,1.2154748918547025,1.1097138677933132,-0.589124370059206,0.2375864667768933,0.12418570536872897,1.7094156867400288,0.9778884250778092,0.9855281624245842,2.2021883481905036
1_11913,0.5953911542892456,0.6257473230361938,0.4623781740665436,1,BBT,0.5820000000000001,0.3548,0.478,-1.087586368001266,-1.1136268021538924,-1.0316089533089787,-0.8294917078338532,-0.2866665290476287,-0.3519038366177422,0.2580946601674129,0.8269602731062637,0.6797051166912365,1.1011245127410278
1_11924,0.7077982425689697,0.7125412821769714,0.8374744057655334,1,BBT,0.625,0.4925,0.7475,-0.14127565586553403,1.1353182146900274,-0.13509079327980852,0.4872097307168752,0.02724649195086681,2.273285556023772,0.6284853865824092,1.1080717227391605,2.4083763493035804,2.72453545834269
1_11928,0.6683567762374878,0.7012225389480591,0.6535782814025879,0,BBT,0.8315,0.401,0.583,-0.4733177242352973,0.0327417621629253,-0.2520051379402268,-0.3877225977318657,1.5347590230250399,0.6708972254503798,0.0855951265034316,1.5020172608621145,0.9229023633906066,1.7649734133863986
1_12002,0.7377005219459534,0.7322355508804321,0.7007282376289368,0,BBT,0.4026666666666667,0.515,0.387,0.11045977937052985,0.31543630862467215,0.06833660784275845,0.7023570245977134,-1.5958541670103492,-1.2383314237434477,0.5918972452271836,1.9112904756350213,1.3066680315862063,2.389718597644929
1_12083,0.6955493092536926,0.6719543933868408,0.8116926550865173,0,BBT,0.5966,0.3929999999999999,0.4328,-0.24439456932442657,0.9807399096709163,-0.55432368943584,-0.4642194133339425,-0.1800821079644188,-0.7921953414318287,0.21982484400951594,1.160822017635335,0.2378716519959887,1.2051612512415417
1_12202,0.7337939739227295,0.7314743995666504,0.6084756851196289,1,BBT,0.5264,0.6686,0.549,0.07757210032443672,-0.23767753450087767,0.06047447109855743,2.171095884157567,-0.6925633655014987,0.3397045005902267,2.09352378383313,0.45488583100062097,0.2792300294916693,2.160493545949636
1_12275,0.7701035737991333,0.7585728168487549,0.6201727390289307,0,BBT,0.6412000000000001,0.37,0.4397999999999999,0.383248226645743,-0.16754611520635074,0.3403813153300825,-0.6841477581899094,0.14551139753634748,-0.7240086039606216,1.0673959848356525,0.3130575127426982,1.064389919290704,1.5395665282850197
1_12320,0.7030647397041321,0.7077880501747131,0.7346988320350647,0,BBT,0.4878,0.3312,0.4669999999999999,-0.18112513987471127,0.5191120391507944,-0.18418820571544317,-1.0551573138599768,-0.974355054118753,-0.4590544240724985,0.8740321739852656,1.4934670932695475,0.2748662183570554,1.7521208970371622
1_12331,0.7077159881591797,0.7244632244110107,0.5302475690841675,0,BBT,0.6920000000000001,0.508,0.5743333333333333,-0.14196812313157525,-0.7067057914315449,-0.011945843775904406,0.6354223109458971,0.5163667804834076,0.5864755504860264,0.7773904340774723,1.2230725719149524,0.5984213942619308,1.5679128063372052
1_1262,0.5569984316825867,0.6233319044113159,0.6261597275733948,0,BBT,0.704,0.2485,0.4285,-1.4107994787290037,-0.13165023858826938,-1.0565584622691981,-1.8459431451464345,0.603970414250429,-0.8340814801641425,0.43514366641743085,0.7356206528386984,0.22247698210505562,0.8831668941217229
1_1296,0.7119899988174438,0.7267967462539673,0.7200512886047363,1,BBT,0.5934444444444444,0.4284444444444444,0.4904444444444444,-0.10598692184262401,0.431290522902993,0.012157731285604597,-0.12529602198585646,-0.2031186190661174,-0.23068297000226126,0.01930910014323245,0.6344091419691105,0.24284070128786586,0.6795729592650864
1_1466,0.550707221031189,0.5865581035614014,0.6726173162460327,1,BBT,0.617,0.4986666666666666,0.5513333333333333,-1.4637626870358051,0.1468931156509116,-1.4364049469971347,0.5461760260768079,-0.031155930560481344,0.3624334130806291,2.009938713112613,0.17804904621139295,1.7988383600777638,2.703215592403394
1_1470,0.5604413747787476,0.5984356999397278,0.2189805656671524,0,BBT,0.40875,0.40475,0.4675,-1.3818147057664385,-2.5729532156509247,-1.3137180577702614,-0.3518647154183929,-1.5514439915590115,-0.454183942824554,1.0299499903480456,1.0215092240919132,0.8595341149457074,1.6861426310601075
1_1478,0.7135497331619263,0.7483841180801392,0.7580475807189941,1,BBT,0.5512857142857143,0.4409999999999999,0.4108571428571429,-0.0928561367572856,0.6591029203292618,0.2351395039925544,-0.005238519721488279,-0.5108901154751265,-1.0059398899130032,0.08761761703579732,1.1699930358043882,1.2410793939055575,1.7078754675393595
1_1484,0.7479267716407776,0.7526609897613525,0.2708473801612854,0,BBT,0.748,0.4389999999999999,0.562,0.1965505213271693,-2.2619780467781134,0.27931646248459824,-0.02436272362200723,0.9251837380628438,0.4663370130367563,0.22091324494917652,3.1871617848409572,0.18702055055215805,3.2002780489940874
1_1549,0.7522199153900146,0.7569884061813354,0.5777924060821533,1,BBT,0.6255000000000001,0.45825,0.4585,0.2326927965236562,-0.4216436788132468,0.32401551118487093,0.15970773892048845,0.030896643357826475,-0.541852605287536,0.07298505760316776,0.4525403221710733,0.8658681164724069,0.9797178966148931
1_1560,0.6925296187400818,0.7352762222290039,0.6496298313140869,1,BBT,0.605,0.4816666666666667,0.5665,-0.26981614659412295,0.009068244808271696,0.09974452044014849,0.3836202929223979,-0.11875956432750358,0.5101713442682467,0.6534364395165209,0.12782780913577527,0.41042682382809825,0.7821568301780026
1_162,0.5485761761665344,0.6002148389816284,0.7010432481765747,0,BBT,0.441,0.337,0.543,-1.4817031088928865,0.31732500102276623,-1.295340851844055,-0.9996971225484715,-1.3160092258101395,0.28125872561490545,0.48200598634441494,1.6333342268329056,1.5765995774589605,2.3207276219021202
1_1627,0.8216665387153625,0.7966179847717285,0.7329168915748596,0,BBT,0.5012857142857143,0.471,0.4754285714285714,0.8173363859999088,0.5084281511785294,0.7333600926777377,0.2816245387862965,-0.8759052561710516,-0.37695202589287974,0.5357118472136122,1.384333407349581,1.1103121185706175,1.8536879906267651
1_1638,0.6552802324295044,0.6751633882522583,0.4952689111232757,1,BBT,0.5242857142857142,0.5502857142857144,0.6777142857142857,-0.5834039623238872,-0.9164255163158067,-0.5211771179374614,1.039762621985441,-0.7079982914509265,1.5935055304179515,1.6231665843093284,0.2084272248648802,2.114682648355413,2.6739473389987976
1_1666,0.7175688743591309,0.7185518145561218,0.5036154389381409,0,BBT,0.4927499999999999,0.45375,0.5205,-0.05902058041731428,-0.8663826725043189,-0.07300638691448112,0.11667828014432081,-0.9382185551898572,0.062087069457449934,0.17569886056163508,0.07183588268553831,0.13509345637193104,0.23298224309672647
1_1678,0.7082959413528442,0.7295269966125488,0.7230323553085327,0,BBT,0.6355,0.4265,0.59125,-0.13708572711811062,0.4491639498846917,0.040359221943777814,-0.1438889980002496,0.10389967149701086,0.7512601660414474,0.006803270882138973,0.34526427838768087,0.7109009440976696,0.7903378130547847
1_1722,0.4955577552318573,0.5607618093490601,0.6151227355003357,0,BBT,0.8180000000000001,0.5675,0.4974999999999999,-1.9280441754469275,-0.197824159374472,-1.702861811642613,1.2043673769863352,1.4362049350371402,-0.161955067947949,3.132411552433263,1.6340290944116123,1.5409067436946642,3.854406155034092
1_1732,0.8606875538825989,0.853341817855835,0.6232501268386841,1,BBT,0.495,0.464,0.497,1.1458388427068786,-0.14909518076669181,1.3192758288625692,0.2146898251344807,-0.9217928738585399,-0.16682554919589135,0.931149017572398,0.7726976930918481,1.4861013780584607,1.9164022343189755
1_175,0.7298668622970581,0.7458441853523254,0.6671870946884155,1,BBT,0.5392,0.4968000000000001,0.5514,0.04451130446183328,0.11433541797144836,0.2089038553566391,0.5283267691029917,-0.5991194894833415,0.36308281058035485,0.48381546464115843,0.7134549074547898,0.15417895522371575,0.8757091178188904
1_1772,0.8507211208343506,0.8266838192939758,0.8479682207107544,1,BBT,0.8180000000000001,0.4215,0.514,1.0619353940927565,1.198235436550245,1.0439181881081703,-0.19169950775154698,1.4362049350371402,-0.001229186765814286,1.2536349018443036,0.2379694984868952,1.0451473748739846,1.6494129211747621
1_1798,0.7977640628814697,0.7924779653549194,0.5072141885757446,1,BBT,0.6031666666666666,0.411,0.4758333333333333,0.6161109181549396,-0.8448058360010594,0.6905967180513701,-0.29210157822927146,-0.13214345281968767,-0.37300925535883084,0.9082124963842111,0.7126623831813718,1.063605973410201,1.5697118454238836
1_1803,0.6480065584182739,0.6430939435958862,0.6040325164794922,1,BBT,0.5861666666666666,0.3506666666666667,0.4315,-0.6446381401568901,-0.2643172102101539,-0.852431041610362,-0.8690150625615922,-0.2562486006563025,-0.8048585926764819,0.22437692240470208,0.008068609553851414,0.04757244893388013,0.2295065220543957
1_182,0.7592766284942627,0.7482109665870667,0.6693253517150879,1,BBT,0.418,0.40275,0.4054999999999999,0.2921004664955068,0.12715565469599463,0.23335097562592133,-0.37098891931891187,-1.4839161905302654,-1.0581236175695414,0.6630893858144187,1.61107184522626,1.2914745931954628,2.1686739379007336
1_1931,0.7475625872612,0.7706437706947327,0.7623743414878845,1,BBT,0.364,0.4365,0.32875,0.19348459741737803,0.6850446554040105,0.4650654458723972,-0.04826797849765485,-1.8781325424818651,-1.8057424891288587,0.24175257591503288,2.5631771978858757,2.270807935001256,3.4329128059693437
1_1973,0.8002653121948242,0.8153433799743652,0.9565149545669556,1,BBT,0.7506666666666666,0.4326666666666667,0.568,0.6371679444970804,1.8490434574542955,0.9267797386885595,-0.08492270264031582,0.9446512122332927,0.5247827880120766,0.7220906471373962,0.9043922452210028,0.4019969506764829,1.2251292928717283
1_1987,0.5957209467887878,0.637732744216919,0.5851055979728699,1,BBT,0.6795555555555556,0.4387777777777777,0.5916666666666667,-1.0848099756947398,-0.3777963535939179,-0.9078083126827117,-0.02648763516650892,0.42551856768797697,0.7553189004147332,1.058322340528231,0.8033149212818949,1.6631272130974448,2.1286975281050533
1_2075,0.7992716431617737,0.7858102321624756,0.5476013422012329,0,BBT,0.5848,0.4828,0.4758,0.628802638850578,-0.6026586742470046,0.6217239076342369,0.3944573417993585,-0.2662256811686575,-0.37333395410869313,0.23434529705121948,0.33643299307834706,0.99505786174293,1.0762179264898404
1_2119,0.8422454595565796,0.8055394291877747,0.7946605086326599,1,BBT,0.8453333333333334,0.493,0.6483333333333333,0.9905821619938207,0.8786211527853571,0.8255120927922073,0.49199078169200494,1.6357465452842461,1.307306775181656,0.4985913803018157,0.757125392498889,0.4817946823894488,1.0266247320499426
1_213,0.8501734733581543,0.836788535118103,0.5482965111732483,1,BBT,0.67136,0.43596,0.57816,1.0573249671069689,-0.598490685706045,1.1482925170124503,-0.05343151355079482,0.36568853040412874,0.6237509669702878,1.1107564806577637,0.9641792161101738,0.5245415500421625,1.5615906498896195
1_2198,0.7746648788452148,0.774438738822937,0.6772269606590271,1,BBT,0.5945,0.3539999999999999,0.4986,0.42164804548709917,0.17453092151494223,0.5042646928862213,-0.8371413893940615,-0.19541274387364763,-0.15124000920247244,1.2587894348811606,0.36994366538858986,0.6555047020886937,1.4666613690248897
1_2216,0.9036644101142884,0.8486263751983643,0.2488465756177902,0,BBT,0.3746666666666666,0.68,0.518,1.5076439570316933,-2.393887129203544,1.2705687527382754,2.2801038463905257,-1.8002626458000681,0.037734663217733264,0.7724598893588324,0.5936244834034761,1.232834089520542,1.5712937981956931
1_2354,0.7076495289802551,0.7102895379066467,0.749756932258606,1,BBT,0.4188,0.5588,0.4256,-0.14252761661102162,0.6093951094644561,-0.1583496657874378,1.1211770900190776,-1.4780759482791306,-0.8623302714022146,1.2637047066300993,2.0874710577435867,0.7039806056147768,2.539699528597417
1_2361,0.9253482818603516,0.8829901814460754,0.9158356785774232,0,BBT,0.841,0.4755,0.601,1.6901918766327582,1.6051448327971083,1.6255217546957907,0.3246539975624641,1.6041118997572654,0.8462345503763438,1.3655378790702941,0.0010329330398428649,0.779287204319447,1.5722542138415407
1_2420,0.7921702861785889,0.788673996925354,0.6535086631774902,0,BBT,0.6128,0.3654,0.5128,0.5690191297611441,0.03232435578241936,0.651304504502826,-0.7281334271611029,-0.06181720237893896,-0.012918341760878334,1.297152556922247,0.09414155816135832,0.6642228462637043,1.4603627557568113
1_2423,0.6769828796386719,0.7209501266479492,0.7310388684272766,0,BBT,0.839,0.322,0.6246666666666666,-0.40069797954252956,0.4971681852222099,-0.04823357593747121,-1.1431286518023636,1.5895112941294283,1.0767706627789995,0.742430672259834,1.0923431089072184,1.1250042387164707,1.7349499438944347
1_2464,0.5738946199417114,0.6361439824104309,0.7299627065658569,1,BBT,0.7430000000000001,0.4069999999999999,0.4155999999999999,-1.2685571683145291,0.4907158973797144,-0.9242190609142448,-0.3303499860303099,0.888682223993252,-0.959739896361084,0.9382071822842193,0.39796632661353765,0.03552083544683926,1.019740968951826
1_2575,0.6431800127029419,0.6686764359474182,0.2545127272605896,0,BBT,0.5426666666666667,0.5193333333333333,0.5453333333333333,-0.6852709150372922,-2.3599148777521313,-0.588182593918795,0.743792799715504,-0.5738117730617569,0.3039876381053078,1.4290637147527963,1.7861031046903744,0.8921702320241028,2.455270886138146
1_2580,0.6357008814811707,0.6505687236785889,0.5939714908599854,1,BBT,0.6834285714285714,0.4887142857142857,0.561,-0.7482347556717763,-0.3246395795627913,-0.7752220266891973,0.45101034476232155,0.4537927563641053,0.4565960505408694,1.1992451004340978,0.7784323359268966,1.2318180772300666,1.8871993768339828
1_2614,0.6651750802993774,0.7016545534133911,0.6140648126602173,1,BBT,0.7525,0.3385,0.5035000000000001,-0.5001031609463705,-0.20416709246317058,-0.24754274427366696,-0.9853539696230823,0.9580351007254768,-0.10350929297262605,0.4852508086767118,1.1622021931886475,0.1440334513010409,1.2676466070114314
1_2616,0.7982689142227173,0.7979932427406311,0.5705152750015259,1,BBT,0.4286666666666666,0.4306666666666667,0.5286666666666667,0.6203610614472361,-0.4652747961043171,0.7475655023174363,-0.10404690654083477,-1.4060462938484684,0.1416382631738604,0.7244079679880709,0.9407714977441513,0.6059272391435759,1.3330287822055966
1_2664,0.6362471580505371,0.6563088893890381,0.5179756283760071,0,BBT,0.6924999999999999,0.45025,0.5517500000000001,-0.7436358698070894,-0.780284029681534,-0.7159303103999619,0.08321092331841266,0.5200169318903657,0.36649214745391595,0.826846793125502,1.3003009615718997,1.082422457853878,1.8831082250452744
1_2669,0.5203464031219482,0.5857977867126465,0.2934339642524719,0,BBT,0.5065,0.4785,0.514,-1.719358376386112,-2.1265568363081475,-1.4442584643275205,0.3533403034132426,-0.8378393914984773,-0.001229186765814286,2.0726986797993545,1.28871744480967,1.4430292775617062,2.835349355141093
1_276,0.6116417646408081,0.6377958059310913,0.5938851237297058,1,BBT,0.576,0.5511999999999999,0.543,-0.9507789220494676,-0.32515740648518265,-0.9071569312672563,1.048505115197105,-0.3304683459311406,0.28125872561490545,1.9992840372465726,0.005310939445957952,1.1884156568821618,2.3258324619777353
1_2778,0.774850606918335,0.7909055948257446,0.7923324108123779,1,BBT,0.72925,0.41675,0.64175,0.42321161650230527,0.864662697463284,0.6743552797340622,-0.2371194920152792,0.7883030603018715,1.2431787720837346,0.6603311085175845,0.07635963716141247,0.5688234923496724,0.8748874970602577
1_2792,0.674177885055542,0.7072393894195557,0.6252631545066833,0,BBT,0.5958,0.4262,0.4958,-0.4243121168902835,-0.1370257752111892,-0.18985547029887076,-0.14675762858532712,-0.18592235021555378,-0.17851470419095541,0.2775544883049563,0.04889657500436459,0.011340766107915345,0.2820566999759056
1_2797,0.7580775022506714,0.7661821842193604,0.6416336894035339,1,BBT,0.6506000000000001,0.3888,0.519,0.28200549804752306,-0.03887380841434235,0.41898051856513957,-0.5043802415250316,0.21413424398718123,0.04747562571362015,0.7863857395725546,0.2530080524015236,0.37150489285151944,0.9057767337460733
1_2819,0.8047029972076416,0.7835036516189575,0.6786478757858276,1,BBT,0.6923333333333334,0.5653333333333334,0.5586666666666666,0.6745270552878789,0.1830502286252856,0.5978986165044725,1.1836494894274399,0.5188002147547135,0.43386713805046595,0.5091224341395609,0.33574998612942786,0.16403147845400656,0.6315378310552027
1_2830,0.8308638334274292,0.797835648059845,0.8326005935668945,0,BBT,0.6336666666666667,0.3896666666666666,0.5085000000000001,0.8947647638886715,1.1060965517383234,0.7459376644512133,-0.49609308650147377,0.09051578300482759,-0.05480448049319162,1.3908578503901454,1.015580768733496,0.800742144944405,1.8992308549787678
1_2837,0.8966419696807861,0.8536152839660645,0.865290641784668,0,BBT,0.8136666666666666,0.5339999999999999,0.478,1.448524815087359,1.302094577916167,1.3221005339042602,0.8840369616526423,1.4045702895101595,-0.3519038366177422,0.5644878534347167,0.10247571159399249,1.6740043705220025,1.7695870819682187
1_2842,0.8878331184387207,0.8190099000930786,0.4193421304225921,0,BBT,0.7399999999999999,0.4303333333333333,0.524,1.3743665887730823,-1.3716557763703316,0.9646522116472738,-0.10723427385758863,0.8667813155514948,0.09618043819305458,1.481600862630671,2.2384370919218264,0.8684717734542192,2.821344529107728
1_2853,0.5791560411453247,0.6357645988464355,0.7682778239250183,1,BBT,0.7000000000000001,0.5005,0.6010000000000001,-1.2242633491058394,0.7204398587865706,-0.928137815838038,0.5637065463189505,0.5747692029947558,0.8462345503763449,1.7879698954247898,0.14567065579181482,1.7743723662143829,2.52318322380468
1_3064,0.6903087496757507,0.726203441619873,0.7297638654708862,1,BBT,0.5775,0.505,0.54725,-0.28851276277723625,0.48952371614224194,0.006029328063069204,0.6067360050951186,-0.31951789171026246,0.3226578162224244,0.8952487678723549,0.8090416078525045,0.3166284881593552,1.247506424483503
1_3069,0.597959041595459,0.6561745405197144,0.5370499491691589,0,BBT,0.4178333333333333,0.5356666666666666,0.4531666666666666,-1.0659683428160571,-0.665921114055483,-0.7173180360241929,0.8999737982364084,-1.4851329076659188,-0.5938044052656001,1.9659421410524656,0.8192117936104357,0.12351363075859279,2.133375747902734
1_3125,0.8523850440979004,0.84699547290802,0.5676920413970947,1,BBT,0.7186666666666666,0.4571666666666667,0.5335,1.075943304381747,-0.4822019113603481,1.2537227241090798,0.14934879514104132,0.7110415221879001,0.18871958190397947,0.9265945092407057,1.1932434335482482,1.0650031422051003,1.8484152588549398
1_3177,0.7502084970474243,0.7618908286094666,0.7908961772918701,0,BBT,0.7626,0.5094000000000001,0.5866,0.21575946292957834,0.8560515466544902,0.3746539516761622,0.648809253676261,1.0317681591460537,0.7059646904355731,0.4330497907466826,0.17571661249156345,0.33131073875941086,0.5728658261657458
1_3204,0.8859239816665649,0.8787664771080017,0.8420136570930481,0,BBT,0.7606666666666667,0.336,0.6176666666666667,1.3582943231706905,1.162533968383358,1.5818939759982518,-1.009259224498731,1.0176542403724786,1.0085839253077922,2.367553547669422,0.14487972801087934,0.5733100506904596,2.4402836619731874
1_3256,0.6398700475692749,0.6806711554527283,0.6325909495353699,1,BBT,0.6124,0.426,0.5008,-0.7131361992530907,-0.09309089471512744,-0.46428590839573114,-0.14867004897537933,-0.06473732350450605,-0.12980989171152096,0.5644661502777113,0.02835357121062139,0.3344760166842102,0.656734471111934
1_3259,0.6964414715766907,0.7287850379943848,0.8601720333099365,1,BBT,0.6952,0.5678000000000001,0.6266,-0.2368838084272489,1.2714052026316396,0.03269533171732407,1.207236007571414,0.5397277494879467,1.0956031902710486,1.4441198159986628,0.7316774531436929,1.0629078585537246,1.936648407474655
1_3287,0.7669416069984436,0.7824238538742065,0.6932708024978638,1,BBT,0.6541666666666667,0.4208333333333333,0.5904999999999999,0.35662888172094487,0.2707241516923087,0.5867450950277344,-0.19807424238505364,0.24017199069015682,0.7439544441695309,0.5547031241059985,0.030552161002151856,0.15720934914179652,0.5773593074441976
1_3293,0.7195305824279785,0.7657734751701355,0.8371243476867676,1,BBT,0.6162,0.432,0.4762,-0.0425057379101048,1.1332193896277745,0.4147588528129872,-0.09129743727382249,-0.03699617281161632,-0.36943756911033826,0.04879169936371769,1.1702155624393908,0.7841964219233255,1.409520883371185
1_3333,0.6583212614059448,0.6484523415565491,0.5897027254104614,0,BBT,0.4185,0.417,0.469,-0.5578027449953193,-0.350233595109944,-0.7970827071415344,-0.2347289665277146,-1.4802660391233062,-0.4395724990807242,0.32307377846760477,1.1300324440133622,0.3575102080608102,1.2284801747378062
1_3348,0.6783336997032166,0.6726986169815063,0.7427431344985962,0,BBT,0.5571666666666667,0.537,0.5698333333333334,-0.3893259609553611,0.5673428461023885,-0.5466364036576024,0.9127232675034218,-0.4679573822599387,0.5426412192545371,1.3020492284587828,1.0353002283623272,1.0892776229121395,1.9883924401270288
1_3371,0.4866689443588257,0.5346958041191101,0.4750167429447174,0,BBT,0.486625,0.493625,0.455375,-2.0028755501940987,-1.0378503904051946,-1.9721045939676145,0.497967095410917,-0.9829329099251076,-0.5722931130871829,2.5008426456050157,0.05491748048008693,1.3998114808804316,2.8664790335433543
1_340,0.877835750579834,0.8694777488708496,0.7449748516082764,1,BBT,0.5866,0.4234,0.5448000000000001,1.2902027122523838,0.580723436598025,1.485948202460308,-0.17353151404605385,-0.253085136103604,0.29879245810750205,1.4637342262984376,0.8338085727016289,1.1871557443528058,2.060847733943019
1_3419,0.6144566535949707,0.6215394735336304,0.5137134790420532,1,BBT,0.7112,0.4631999999999999,0.4998,-0.9270814879146391,-0.8058383773277995,-1.0750729631440308,0.20704014357427183,0.656532594510643,-0.13955085420740787,1.1341216314889109,1.4623709718384426,0.9355221089366229,2.0736350572354834
1_3476,0.7085942625999451,0.7243026494979858,0.6459483504295349,0,BBT,0.7714,0.4824,0.5218,-0.13457427880902628,-0.013004619140315043,-0.013604465262895599,0.3906325010192546,1.0960108239085369,0.07475032070210365,0.5252067798282809,1.109015443048852,0.08835478596499925,1.2302698820589548
1_3545,0.6921451687812805,0.7447181940078735,0.7903406620025635,1,BBT,0.6786,0.3704,0.5418000000000001,-0.2730526783810548,0.8527208724538777,0.19727318775799374,-0.6803229174098055,0.41854272277689897,0.2695695706198414,0.40727023902875076,0.43417814967697876,0.07229638286184764,0.599671977192838
1_3573,0.6503576636314392,0.6914583444595337,0.5769367218017578,1,BBT,0.571,0.5132,0.5686,-0.6248451174692115,-0.4267740606613147,-0.352862130335531,0.6851452410872461,-0.36696986000073323,0.5306273655096091,1.3099903585564574,0.05980420066058145,0.88348949584514,1.581203646339151
1_3599,0.6192997694015503,0.6311212778091431,0.4280743598937988,0,BBT,0.6323333333333333,0.3153333333333333,0.385,-0.8863092160052808,-1.319300401147668,-0.976099928339741,-1.206875998137427,0.08078204591960235,-1.2578133487352217,0.3205667821321463,1.4000824470672701,0.28171342039548064,1.4636790534893076
1_3649,0.7764096260070801,0.7736549973487854,0.829824686050415,0,BBT,0.6846666666666668,0.325,0.543,0.4363363801331564,1.089453187052602,0.49616921629659727,-1.1144423459515853,0.46283122651467207,0.28125872561490545,1.5507787260847417,0.62662196053793,0.21491049068169182,1.6863440508124252
1_3660,0.74924635887146,0.7388856410980225,0.7280155420303345,1,BBT,0.67025,0.5297499999999999,0.4389999999999999,0.20765960306839168,0.4790413839907007,0.13702717922494387,0.8433980283640399,0.3575851942806796,-0.7318013739573314,0.6357384252956482,0.12145618971002109,0.8688285531822753,1.0834103591165596
1_3707,0.8178119659423828,0.8292655944824219,0.8101657032966614,1,BBT,0.8285,0.5565,0.593,0.7848862659798939,0.9715848440409495,1.0705860387796713,1.099184255533481,1.5128581145832842,0.7683068504092487,0.3142979895535871,0.5412732705423348,0.30227918837042256,0.6950774686054092
1_3766,0.6565628051757812,0.6599018573760986,0.6089050769805908,1,BBT,0.7588333333333335,0.4084999999999999,0.6545,-0.5726064908523835,-0.23510305199645576,-0.6788175772018071,-0.31600683310492067,1.0042703518802953,1.3673760439062916,0.2565996577474628,1.2393734038767512,2.046193621108099,2.405992134994758
1_3837,0.772645890712738,0.7977989912033081,0.7457835674285889,0,BBT,0.5741428571428572,0.5229999999999999,0.4414285714285714,0.4046509848330305,0.5855722120866419,0.7455590259157643,0.7788538401997881,-0.34402605115698875,-0.708144750753034,0.37420285536675757,0.9295982632436306,1.4537037766687981,1.7656260584538663
1_3840,0.7844622135162354,0.7911835312843323,0.8390394449234009,0,BBT,0.6301428571428572,0.3935,0.4978571428571428,0.5041279219028453,1.1447016387764524,0.6772261602069055,-0.45943836235881175,0.06479090642244835,-0.15847615277084623,0.963566284261657,1.079910732354004,0.8357023129777518,1.6712466993043074
1_3842,0.7784855961799622,0.7667838335037231,0.5239880084991455,0,BBT,0.4536666666666666,0.3936666666666666,0.352,0.45381314999471445,-0.7442359140924805,0.425195115925826,-0.4578446787004359,-1.2235387235005055,-1.5792651110994889,0.9116578286951503,0.47930280940802505,2.004460227025315,2.2535997828926853
1_3911,0.6760777831077576,0.7035236358642578,0.8274555802345276,0,BBT,0.6744,0.409,0.5574,-0.40831762840835284,1.0752488622187242,-0.2282364886726759,-0.3112257821297904,0.38788145095844134,0.4215285855556762,0.09709184627856243,0.6873674112602828,0.6497650742283521,0.9508393325706602
1_4031,0.7387164831161499,0.7631425857543945,0.6800485253334045,1,BBT,0.673125,0.354375,0.6303749999999999,0.11901275368188698,0.1914480304536324,0.3875836880712261,-0.8335556011627135,0.37857356487069505,1.13237532369302,0.9525683548446006,0.18712553441706264,0.744791635621794,1.2235673323419547
1_410,0.8752031922340393,0.868876039981842,0.8656346797943115,0,BBT,0.8062499999999999,0.4305,0.53425,1.2680402472239467,1.3041573087622973,1.4797329894272062,-0.10564059019921171,1.3504263769735967,0.1960253037758949,1.3736808374231584,0.04626906821129939,1.2837076856513114,1.8807034035107657
1_4145,0.773905873298645,0.7807907462120056,0.8375318050384521,1,BBT,0.627,0.46575,0.54675,0.41525827870030996,1.1356623605328588,0.5698762865191703,0.23142350354743452,0.04184709757870385,0.3177873349744804,0.18383477515287544,1.093815262954155,0.2520889515446899,1.1374426990041637
1_427,0.6517565846443176,0.6801514625549316,0.6076354384422302,1,BBT,0.605,0.359,0.3856666666666666,-0.6130681560677711,-0.24271535791354223,-0.46965395618529177,-0.7893308796427636,-0.11875956432750358,-1.2513193737379644,0.1762627235749925,0.12395579358603866,0.7816654175526727,0.810823292390773
1_4281,0.4401380717754364,0.4794728457927704,0.4353274405002594,0,BBT,0.6316,0.3166,0.513,-2.39460051918457,-1.275813482036849,-2.5425173908973675,-1.194764002333765,0.07542849052272936,-0.010970149261701173,1.1998365168508052,1.3512419725595783,2.5315472416356664,3.1103366332615066
1_4286,0.8733166456222534,0.8652729988098145,0.1993708610534668,0,BBT,0.6846,0.3936,0.5816,1.252158159225779,-2.6905261042746633,1.4425162075908546,-0.4584821521637859,0.46234453966041006,0.6572598779561386,1.710640311389565,3.1528706439350733,0.785256329634716,3.671990070189452
1_4290,0.6464784145355225,0.6173989772796631,0.4774125516414642,0,BBT,0.6999999999999998,0.3816666666666666,0.5653333333333332,-0.6575029776690388,-1.0234859644938625,-1.1178412631497212,-0.5725899021035495,0.5747692029947541,0.49880688802304446,0.08491307556548922,1.5982551674886167,1.6166481511727657,2.2749024276870378
1_430,0.787584662437439,0.7844545245170593,0.865038275718689,0,BBT,0.6015,0.291,0.3725,0.5304145814672193,1.300581479786833,0.6077204385467778,-1.4395538122604075,-0.14431062417621798,-1.3795753799338077,1.9699683937276267,1.444892103963051,1.9872958184805856,3.1492591723341854
1_4352,0.7158342599868774,0.7406983375549316,0.7002281546592712,0,BBT,0.5256666666666667,0.3706666666666666,0.4569999999999999,-0.07362361112480123,0.312437987107168,0.15575100872100037,-0.6777730235564038,-0.6979169208983717,-0.5564640490313674,0.6041494124316026,1.0103549080055396,0.7122150577523677,1.375886565513866
1_4477,0.7050447463989258,0.7363080978393555,0.7173636555671692,0,BBT,0.601,0.541,0.5285,-0.1644562484902013,0.41517642093090973,0.11040304129493378,0.9509716753044597,-0.14796077558317766,0.14001476942454502,1.115427923794661,0.5631371965140874,0.029611728129611242,1.2498719173265058
1_4544,0.8705631494522095,0.8622370958328247,0.8017200231552124,0,BBT,0.5906,0.4358000000000001,0.4764,1.2289775666011118,0.9209475177688698,1.4111575487866939,-0.05496144986283574,-0.22388392484792993,-0.3674893766111611,1.2839390164639475,1.1448314426167998,1.778646925397855,2.4744137316200203
1_4552,0.7737756967544556,0.798812747001648,0.6871280670166016,0,BBT,0.5335000000000001,0.37225,0.497875,0.4141623739836186,0.2338944712452359,0.7560303823562788,-0.6626330288018253,-0.6407312155226765,-0.1583022070119902,1.0767954027854438,0.8746256867679124,0.914332589368269,1.6614639675283338
1_4576,0.8185406923294067,0.8426785469055176,0.5585957765579224,0,BBT,0.5211428571428571,0.3692857142857143,0.4551428571428571,0.7910211245267201,-0.5367399145529949,1.209132033753911,-0.6909778310115233,-0.7309421002946702,-0.5745544079522994,1.4819989555382436,0.19420218574167536,1.7836864417062106,2.327138310348109
1_4603,0.7862774133682251,0.7922390699386597,0.7616868019104004,0,BBT,0.6271666666666668,0.3904999999999999,0.4988333333333334,0.5194093698159031,0.6809224100280379,0.6881291030105904,-0.4881246682095912,0.043063814714357614,-0.14896711795343134,1.0075340380254945,0.6378585953136803,0.8370962209640217,1.4569552184428134
1_4639,0.7391942739486694,0.7645012140274048,0.7225507497787476,0,BBT,0.7415,0.524,0.617,0.12303508527941344,0.4462764125948903,0.401617325107038,0.7884159421500486,0.8777317697723739,1.002089950310534,0.6653808568706352,0.43145535717748357,0.600472625203496,0.9947124124820343
1_467,0.6058344841003418,0.6519396305084229,0.6351044774055481,0,BBT,0.7178333333333332,0.3984166666666667,0.53775,-0.9996681146077265,-0.07802066606278546,-0.7610615611358204,-0.41242469443670254,0.7049579365096346,0.23011867251149845,0.5872434201710239,0.78297860257242,0.9911802336473188,1.392963955812775
1_4743,0.7979317903518677,0.7932438254356384,0.9033610820770264,1,BBT,0.6615,0.4347999999999999,0.5911000000000001,0.617522949232215,1.5303515417271525,0.6985074929163849,-0.06452355181309681,0.29370754465889237,0.7497990216670646,0.6820465010453117,1.2366439970682601,0.05129152875067966,1.4131902299388774
1_4760,0.8095033168792725,0.8311170935630798,0.7595205307006836,1,BBT,0.53925,0.307,0.4262499999999999,0.7149390435037462,0.6679342101195552,1.08971067101813,-1.2865601810562557,-0.5987544743426456,-0.8559986457798888,2.0014992245600016,1.266688684462201,1.9457093167980188,3.0653358893820237
1_4789,0.6989926695823669,0.696190357208252,0.6346316337585449,1,BBT,0.7444999999999999,0.3155,0.7484999999999999,-0.2154062838467439,-0.08085567018654712,-0.30398389727976594,-1.2052823144790503,0.8996326782141286,2.283026518519658,0.9898760306323064,0.9804883484006758,2.5870104157994236,2.9383387906816605
1_4792,0.7184255123138428,0.7611859440803528,0.6207357048988342,0,BBT,0.7091666666666666,0.4483333333333334,0.5783333333333334,-0.051808885093006594,-0.1641707699461807,0.36737300969206504,0.06488356124708297,0.6416886454556746,0.625439400469575,0.11669244634008957,0.8058594154018554,0.25806639077751,0.8541807692014526
1_4850,0.7439430952072144,0.780412495136261,0.6054229736328125,0,BBT,0.7555,0.425,0.68075,0.16301352877219402,-0.2559805183912819,0.565969229371269,-0.1582321509256388,0.9799360091672323,1.6230763094233223,0.3212456796978328,1.2359165275585142,1.0571070800520532,1.6577586761989804
1_4949,0.871508002281189,0.85698401927948,0.8077582120895386,0,BBT,0.5179166666666667,0.3761666666666667,0.4425,1.2369319079788552,0.9571503739082309,1.356897107475815,-0.6251814628299756,-0.7544942677062404,-0.6977080052217262,1.8621133708088307,1.7116446416144713,2.054605112697541,3.2586186880387573
1_4967,0.6592004299163818,0.6590713262557983,0.6886423826217651,1,BBT,0.366,0.442,0.4845,-0.5504013738546613,0.24297377475819298,-0.6873963566374921,0.004323582228772257,-1.863531936854028,-0.28858758039447746,0.5547249560834335,2.106505711612221,0.39880877624301464,2.214528060324621
1_4995,0.8407871723175049,0.8397948741912842,0.8155771493911743,1,BBT,0.7110000000000001,0.39925,0.5582499999999999,0.9783054198699331,1.0040299706503277,1.1793458022985905,-0.40445627614482005,0.6550725339478595,0.4298084036771791,1.3827616960147533,0.34895743670246826,0.7495373986214114,1.611088921359621
1_5058,0.8169032335281372,0.816853404045105,0.7743949890136719,1,BBT,0.6557142857142857,0.4544285714285714,0.5539999999999999,0.7772360080537601,0.7571162281572419,0.9423771836593965,0.12316684932485392,0.2514700783783638,0.3884093130696601,0.6540691587289063,0.505646149778878,0.5539678705897364,0.9951707867659046
1_506,0.7140704393386841,0.7380423545837402,0.7724639177322388,0,BBT,0.5615,0.4385,0.593,-0.08847251789052021,0.7455382042568724,0.12831664589237096,-0.029143774597135904,-0.43632273673295874,0.7683068504092487,0.059328743293384306,1.1818609409898313,0.6399902045168777,1.3453262227042544
1_507,0.6947786808013916,0.7106050848960876,0.6138293743133545,1,BBT,0.5711428571428572,0.4022857142857143,0.4551428571428571,-0.2508821847466346,-0.2055786979451898,-0.15509029602049967,-0.3754284666529607,-0.3659269595987443,-0.5745544079522994,0.1245462819063261,0.16034826165355448,0.4194641119317997,0.46601875772412876
1_5109,0.7341362237930298,0.7526568174362183,0.6544129848480225,0,BBT,0.7546666666666666,0.473,0.5363333333333333,0.08045336629661698,0.03774635030727904,0.2792733654155227,0.30074874268681545,0.9738524234889668,0.21631897564232583,0.22029537639019847,0.9361060731816878,0.0629543897731969,0.9637364205519341
1_5134,0.7373387217521667,0.7585278153419495,0.9591302871704102,1,BBT,0.6992857142857144,0.4567142857142858,0.5471428571428573,0.10741392697569631,1.8647240714644322,0.3399164826564825,0.14502308235401942,0.5695547009848143,0.32161414166929475,0.037609155378323114,1.2951693704796179,0.01830234098718775,1.2958445595373127
1_5156,0.6923425197601318,0.7239058017730713,0.7256150245666504,1,BBT,0.576,0.4695999999999999,0.434,-0.2713912587304298,0.46464872596972795,-0.01770361220439054,0.2682375960559326,-0.3304683459311406,-0.7805061864367647,0.5396288547863624,0.7951170719008686,0.7628025742323742,1.226897805932421
1_5166,0.7942752242088318,0.7878194451332092,0.7333240509033203,1,BBT,0.7619999999999999,0.4575,0.676,0.5867397685294384,0.5108693352412315,0.6424776090837492,0.1525361624577941,1.0273879774577024,1.5768067375678603,0.4342036060716443,0.5165186422164709,0.9343291284841111,1.1525168977575317
1_5169,0.7948310971260071,0.8009673357009888,0.5031669735908508,0,BBT,0.8117500000000001,0.6025,0.6585000000000001,0.5914194422418302,-0.8690715129212082,0.7782857088268645,1.5390409452454168,1.3905780424501497,1.4063398938898404,0.9476215030035866,2.259649555371358,0.6280541850629758,2.529516690085256
1_5211,0.728295624256134,0.742154598236084,0.6108954548835754,1,BBT,0.5622,0.3498,0.4745999999999999,0.031283674316823884,-0.22316944646200815,0.17079311717317885,-0.8773022175851506,-0.43121252476321553,-0.38502310910375825,0.9085858919019745,0.20804307830120738,0.555816226276937,1.085238187120728
1_5212,0.6112539768218994,0.6319084763526917,0.5394459962844849,0,BBT,0.56125,0.3335,0.313,-0.9540435539573402,-0.6515552586702449,-0.9679687427500259,-1.0331644793743797,-0.4381478124364382,-1.959162648439077,0.07912092541703952,0.2134074462338067,0.9911939056890511,1.016989782457031
1_533,0.5955535173416138,0.6195040345191956,0.7119583487510681,0,BBT,0.646,0.408,0.491,-1.0862194978326456,0.38276810327460703,-1.0960975604563032,-0.3207878840800499,0.18055285104315572,-0.22527132417121268,0.7654316137525957,0.20221525223145131,0.8708262362850906,1.1769090437962437
1_536,0.5830808281898499,0.5800796151161194,0.5958672761917114,1,BBT,0.5417500000000001,0.3249999999999999,0.45325,-1.19122212297032,-0.3132731178004866,-1.5033229974954865,-1.1144423459515862,-0.5805037173078489,-0.5929926583909424,0.07677977701873373,0.2672305995073623,0.9103303391045441,0.951844868540197
1_537,0.6948862075805664,0.65493243932724,0.5381394028663635,1,BBT,0.571,0.4796666666666666,0.5613333333333332,-0.2499769594220416,-0.6593891330427368,-0.7301480334879678,0.3644960890218779,-0.36696986000073323,0.4598430380394969,0.6144730484439195,0.2924192730420036,1.1899910715274646,1.3708263598375474
1_5496,0.7613511681556702,0.7583763003349304,0.6614097952842712,1,BBT,0.5803333333333334,0.5088666666666667,0.4875333333333334,0.3095651934480902,0.07969676365355527,0.3383514433766267,0.6437094659694554,-0.29883370040415985,-0.2590399941569534,0.33414427252136525,0.3785304640577151,0.59739143753358,0.7821855513348599
1_5571,0.8162250518798828,0.8113101720809937,0.7296931147575378,1,BBT,0.531,0.3935,0.40975,0.7715266656240375,0.4890995197606833,0.8851196490305245,-0.45943836235881175,-0.6589819725574732,-1.0167245269620213,1.2309650279828492,1.1480814923181564,1.901844175992546,2.5397592962477895
1_5572,0.773613452911377,0.7816545963287354,0.8154493570327759,1,BBT,0.5175,0.3581666666666667,0.3916666666666666,0.41279650739074597,1.0032637726367961,0.5787992268350439,-0.7972992979346462,-0.7575360605453736,-1.192873598762643,1.210095805325392,1.7607998331821697,1.771672825597687,2.775531032354306
1_5580,0.705754280090332,0.7200561761856079,0.7307288646697998,1,BBT,0.7125999999999999,0.3714,0.5525999999999999,-0.15848296563878475,0.49530951177613847,-0.0574674308231037,-0.670760815459546,0.6667530184501278,0.3747719655754178,0.5122778498207613,0.17144350667398933,0.4322393963985215,0.6918470692260067
1_5581,0.6383026838302612,0.6642696261405945,0.7987908124923706,0,BBT,0.5854,0.4199999999999999,0.363,-0.7263312131862938,0.903385001361692,-0.6337017182763328,-0.20604266067693724,-0.26184549948030605,-1.472114523644733,0.5202885525093566,1.165230500841998,0.8384128053684002,1.5268917218226334
1_5617,0.7466784715652466,0.7545835971832275,0.7645156383514404,1,BBT,0.64425,0.6185,0.61825,0.18604157788318265,0.6978831179208563,0.29917559191458637,1.6920345764495686,0.16777732111879812,1.0142661534303923,1.505992998566386,0.5301057968020582,0.7150905615158059,1.7493946320665072
1_5627,0.6965655088424683,0.7224831581115723,0.7725356817245483,1,BBT,0.6495,0.484625,0.512875,-0.23583958786157366,0.745968475902531,-0.03239848141430361,0.4119081778585817,0.20610391089187013,-0.012187769573687439,0.6477477657201554,0.5398645650106608,0.020210711840616173,0.8434686653472716
1_5679,0.7480149269104004,0.7817676067352295,0.717047393321991,1,BBT,0.6102222222222222,0.428,0.4938888888888889,0.19729266559273087,0.41328022379481,0.5799665417345744,-0.1295458450748604,-0.08063576074370678,-0.19713076584976175,0.3268385106675913,0.49391598453851676,0.7770973075843361,0.9770653188466398
1_5699,0.8479096293449402,0.8671709299087524,0.9177014827728271,1,BBT,0.6296999999999999,0.4046,0.4906,1.0382665618667426,1.6163315382157526,1.462120448640882,-0.35329903071093166,0.061557915176283284,-0.22916770916956755,1.3915655925776742,1.5547736230394693,1.6912881578104497,2.6859321380286576
1_5751,0.9817931652069092,0.9083235263824464,0.3947111666202545,0,BBT,0.726,0.4626249999999999,0.52225,2.165378971802219,-1.5193343682144183,1.8871966916911365,0.20154193495287273,0.7645770761566364,0.07913375382525226,1.9638370368493465,2.2839114443710544,1.8080629378658841,3.5131181278622714
1_5758,0.7687762975692749,0.7777578234672546,0.7568419575691223,1,BBT,0.4463333333333333,0.3813333333333333,0.3563333333333333,0.37207441426878196,0.6518744281558939,0.5385484113357776,-0.5757772694203024,-1.277074277469241,-1.5370542736173127,0.9478516836890843,1.9289487056251349,2.07560268495309,2.98787423245852
1_5786,0.7617523670196533,0.7773451209068298,0.5710134506225586,0,BBT,0.5673999999999999,0.4128,0.4730999999999999,0.31294272762760006,-0.46228791037805966,0.5342854955317958,-0.2748897947188042,-0.3932509501308402,-0.3996345528475886,0.5878325223464043,0.06903696024721945,0.9339200483793844,1.1056761881189554
1_5880,0.7865963578224182,0.7960724830627441,0.7450575232505798,1,BBT,0.754,0.471,0.4305,0.5220944367293717,0.5812191066748758,0.7277254587323245,0.2816245387862965,0.968985554946355,-0.8145995551723688,0.24046989794307522,0.3877664482714792,1.5423250139046933,1.6084013922954503
1_5919,0.7465835809707642,0.7619988918304443,0.5840808153152466,0,BBT,0.656625,0.541625,0.5695,0.18524273158786553,-0.3839405898097044,0.37577016576521755,0.9569479890233717,0.25811856844103986,0.5393942317559074,0.7717052574355062,0.6420591582507442,0.16362406599068985,1.0171242805176666
1_5953,0.623618483543396,0.6744251251220703,0.7663054466247559,0,BBT,0.7017500000000001,0.4765,0.5311250000000001,-0.8499516738108723,0.7086141785320141,-0.5288028364741626,0.33421609951272363,0.5875447329191134,0.16558479597624906,1.184167773323596,0.12106944561290078,0.6943876324504117,1.3780730423817407
1_5964,0.748740017414093,0.7030643820762634,0.4591811299324035,1,BBT,0.6225999999999999,0.4373999999999999,0.436,0.20339691507924654,-1.1327951538100465,-0.2329802446330572,-0.03966208674242228,0.00972576519746188,-0.7610242614449909,0.2430590018216688,1.1425209190075083,0.5280440168119337,1.2818978946964494
1_60,0.7784090042114258,0.7631753087043762,0.7222695350646973,1,BBT,0.68675,0.48875,0.65525,0.4531683525766978,0.4445903481229494,0.3879216922272611,0.4513518484034024,0.47804019071033477,1.374681765778207,0.0018165041732953746,0.03344984258738537,0.9867600735509461,0.9873285341824174
1_6020,0.8481813669204712,0.8367806077003479,0.8050302863121033,1,BBT,0.5718,0.3494,0.3908,1.0405542127840486,0.9407946908460603,1.1482106325812067,-0.8811270583652545,-0.36112961774959823,-1.2013157662590779,1.921681271149303,1.3019243085956584,2.3495263988402844,3.3027473581922187
1_6032,0.5542657375335693,0.6306248307228088,0.5728673934936523,1,BBT,0.359,0.494,0.365,-1.4338049473856649,-0.4511723212862303,-0.9812278638873095,0.5015528836422644,-1.9146340565514577,-1.4526325986529594,1.9353578310279294,1.4634617352652275,0.4714047347656498,2.471750919624814
1_6039,0.8120104074478149,0.7667413353919983,0.7289644479751587,0,BBT,0.6789999999999999,0.454,0.552,0.7360452450575334,0.4847306901359529,0.4247561414936713,0.11906880563188596,0.421462843902466,0.3689273880778874,0.6169764394256475,0.06326784623348686,0.055828753415783916,0.6227195170229806
1_6065,0.7840603590011597,0.806289553642273,0.772260308265686,1,BBT,0.6298333333333334,0.50425,0.52875,0.5007448680567221,0.7443174335412832,0.833260330139566,0.5995644286324238,0.06253128888480645,0.14245001004851757,0.09881956057570163,0.6817861446564768,0.6908103200910485,0.9756108604060402
1_6092,0.8010976314544678,0.7895859479904175,0.686608076095581,0,BBT,0.647142857142857,0.3788571428571429,0.5287142857142857,0.6441749103688194,0.23077678865659393,0.6607242924578984,-0.5994548552018966,0.18889605425906156,0.1421021185308066,1.243629765570716,0.04188073439753237,0.5186221739270919,1.3480867735483548
1_6113,0.7071248888969421,0.7307156324386597,0.7535718679428101,0,BBT,0.7342222222222222,0.4198888888888888,0.5654444444444445,-0.14694435347746723,0.632268121431838,0.052636961250970976,-0.20710511644918783,0.8246017881821888,0.4998892171892558,0.0601607629717206,0.1923336667503508,0.44725225593828477,0.49055696632385065
1_6134,0.704931378364563,0.7393062114715576,0.5651856660842896,1,BBT,0.6396,0.4732,0.5372,-0.16541064902644073,-0.49722925579551486,0.14137136378775378,0.30266116307686763,0.1338309130340767,0.22476114313876128,0.4680718121033084,0.6310601688295916,0.0833897793510075,0.7901151898736773
1_6165,0.7807469964027405,0.756049633026123,0.6925943493843079,1,BBT,0.5705,0.44275,0.41475,0.47285098193210895,0.26666837685295774,0.31431867064288455,0.011495158691466598,-0.3706200114076921,-0.968019714482587,0.46135582324064234,0.6372883882606498,1.2823383851254715,1.5044525314599027
1_6183,0.7749178409576416,0.7649509906768799,0.783423125743866,0,BBT,0.6165,0.2714999999999999,0.4639999999999999,0.4237776332241129,0.8112457591812942,0.4062631891533764,-1.6260148002904677,-0.0348060819674402,-0.48827731156015913,2.0497924335145807,0.8460518411487343,0.8945405007135355,2.391161944708391
1_6188,0.764018714427948,0.7656477093696594,0.7632980942726135,1,BBT,0.7615000000000001,0.4395,0.7949999999999999,0.3320222079585318,0.6905831520521963,0.4134597840165687,-0.01958167264687643,1.0237378260507444,2.7359812745783976,0.35160388060540826,0.33315467399854803,2.322521490561829,2.3724930768677495
1_6211,0.9644306898117064,0.8954195976257324,0.546139121055603,0,BBT,0.547,0.449,0.5733333333333334,2.019211174849888,-0.6114256377115351,1.7539085391441058,0.07125829588058857,-0.5421771275347769,0.5767345879901407,1.9479528789692997,0.06924851017675826,1.1771739511539652,2.27707142754063
1_6221,0.699541449546814,0.6985628604888916,0.7068507671356201,1,BBT,0.6188333333333333,0.3841666666666666,0.5066666666666667,-0.2107863228913514,0.35214484115822486,-0.2794776724586088,-0.5486846472279009,-0.017772042068297255,-0.07266291173565109,0.3378983243365495,0.3699168832265221,0.20681476072295768,0.5420204085994978
1_6355,0.7206586599349976,0.6885057687759399,0.4821336567401886,1,BBT,0.5717142857142857,0.4871428571428571,0.4641428571428571,-0.03300890060786103,-0.9951798795788502,-0.3833600791030127,0.43598418455477056,-0.36175535799079095,-0.48688574548931796,0.4689930851626316,0.6334245215880593,0.10352566638630528,0.794920563377344
1_6370,0.7779439687728882,0.7711968421936035,0.770601749420166,1,BBT,0.8460000000000001,0.5435,0.7175,0.44925340358419513,0.7343732983152915,0.4707782702145617,0.9748769301801079,1.6406134138268587,1.9810566811471655,0.5256235265959128,0.9062401155115671,1.5102784109326037,1.8380674952793907
1_6426,0.7181861400604248,0.7198212146759033,0.7362551689147949,1,BBT,0.623375,0.3805,0.4363749999999999,-0.05382406519476137,0.5284432874396562,-0.05989441148446944,-0.5837456877121849,0.015383499878249319,-0.7573714005090343,0.5299216225174236,0.5130597875614069,0.6974769890245649,1.0151460101102836
1_6427,0.683462381362915,0.7175869345664978,0.572378396987915,1,BBT,0.520625,0.408125,0.399,-0.34614962334194227,-0.45410417226711275,-0.08297289197439703,-0.31959262133626704,-0.7347226142518779,-1.121439873792805,0.026557002005675234,0.28061844198476515,1.038466981818408,1.0760416612122972
1_6428,0.7239869832992554,0.7387784719467163,0.8171263337135315,1,BBT,0.6436,0.397,0.5158,-0.004989065726888204,1.0133183347220143,0.135920200222119,-0.42597100553290357,0.16303212428975078,0.016304545726782325,0.42098193980601534,0.8502862104322635,0.11961565449533668,0.9563055673237727
1_6472,0.7616012096405029,0.7553379535675049,0.8654744625091553,1,BBT,0.774,0.3926666666666666,0.5316666666666666,0.3116701935792808,1.3031967022975712,0.30696754200343584,-0.46740678065069535,1.1149916112247253,0.17086115066152,0.7790769742299761,0.1882050910728459,0.13610639134191585,0.8129618920005979
1_6504,0.7207834720611572,0.7388359904289246,0.5139944553375244,1,BBT,0.5507,0.498,0.449,-0.031958156799824555,-0.8041537423297644,0.13651432410294548,0.5398012914433024,-0.5151660071232789,-0.6343917489984614,0.571759448243127,0.2889877352064856,0.7709060731014069,1.0023566986356158
1_6534,0.7043313980102539,0.6960211396217346,0.7298616170883179,0,BBT,0.559,0.3493333333333333,0.51,-0.1704616457655502,0.4901098004436373,-0.30573179126698496,-0.8817645318286056,-0.45457349376775463,-0.04019303674936183,0.7113028860630554,0.9446832942113919,0.26553875451762315,1.2119773728228138
1_6627,0.755517303943634,0.739859938621521,0.7843210697174072,0,BBT,0.8482500000000001,0.6272500000000001,0.667,0.26045220349805265,0.8166295152791725,0.14709096052648732,1.775702968514339,1.6570390951581753,1.4891380751048784,1.5152507650162863,0.8404095798790028,1.342047114578391,2.1916577288853816
1_6645,0.7383332252502441,0.7667341232299805,0.7569945454597473,0,BBT,0.5125000000000001,0.4067499999999999,0.38525,0.11578625765243397,0.6527892914556329,0.4246816451314122,-0.33274051151787504,-0.7940375746149654,-1.25537810811125,0.448526769170309,1.4468268660705983,1.6800597532426622,2.26209748187646
1_6648,0.6783837080001831,0.6859042048454285,0.5764272212982178,1,BBT,0.63425,0.403125,0.514375,-0.38890496092912297,-0.4298288463980996,-0.4102323330164146,-0.36740313108756445,0.09477429297961291,0.0024236741701434317,0.021501829841558517,0.5246031393777125,0.41265600718655804,0.6677991934695936
1_6683,0.7364801168441772,0.7542527914047241,0.7112505435943604,1,BBT,0.608111111111111,0.4708888888888888,0.5181111111111112,0.1001856726515485,0.37852435261663786,0.29575861000931497,0.28056208301404484,-0.09604751112864632,0.03881699238394352,0.18037641036249635,0.47457186374528415,0.25694161762537143,0.5690106309568168
1_672,0.6467294692993164,0.6677936315536499,0.5290093421936035,0,BBT,0.6935714285714285,0.406,0.517,-0.6553894471439912,-0.7141297641615367,-0.5973013180627543,-0.3399120879805683,0.5278386849052786,0.027993700721846374,0.31547735916342284,1.2419684490668152,0.6252950187846007,1.4258350020738697
1_6766,0.8212491869926453,0.8010421991348267,0.2544995844364166,0,BBT,0.599,0.415,0.6559999999999999,0.8138228673065605,-2.3599936775011905,0.779058993380562,-0.2538531704282336,-0.16256138121101468,1.3819874876501215,1.067676037734794,2.197432296290176,0.6029284942695595,2.5163790627674407
1_6769,0.6512056589126587,0.6910207271575928,0.4010657072067261,1,BBT,0.5925,0.3530999999999999,0.5610999999999999,-0.6177061813866255,-1.4812347788862428,-0.357382397209135,-0.8457472811492952,-0.21001334950148465,0.4575701467904569,0.22804109976266973,1.2712214293847581,0.8149525439995919,1.5271392584435128
1_6835,0.8848080635070801,0.8579977750778198,0.6600973606109619,0,BBT,0.52375,0.493,0.4807499999999999,1.3488998505947312,0.07182786717037011,1.3673684639163295,0.49199078169200494,-0.7119091679583822,-0.3251161897540541,0.8569090689027262,0.7837370351287524,1.6924846536703835,2.0525694130795924
1_6860,0.5997030735015869,0.6426867246627808,0.3564486801624298,0,BBT,0.5038,0.4418,0.4354,-1.0512860296244873,-1.74874277325656,-0.8566373155521303,0.002411161838720574,-0.8575502090960567,-0.7668688389425229,1.0536971914632078,0.8911925641605032,0.0897684766096074,1.3829534833483137
1_70,0.6235824227333069,0.6290082335472107,0.4603389799594879,1,BBT,0.6484,0.3932,0.6134000000000001,-0.8502552554746078,-1.1258530924705614,-0.9979261311368178,-0.46230699294388977,0.19807357779655985,0.9670224853253419,0.387948262530718,1.3239266702671213,1.9649486164621597,2.4008974880202083
1_7047,0.7378365993499756,0.7490211129188538,0.6529721021652222,1,BBT,0.7276,0.4561999999999999,0.5958,0.11160536108674154,0.029107324757321362,0.24171919509555176,0.14010542992245553,0.7762575606589064,0.7955815453977322,0.028500068835713988,0.747150235901585,0.5538623503021805,0.9304887060108198
1_7082,0.8692457675933838,0.8376734256744385,0.646649956703186,0,BBT,0.5504999999999999,0.44475,0.4155,1.2178870510112254,-0.008798034803897743,1.1574327896909473,0.030619362591985548,-0.5166260676860632,-0.960713992610672,1.18726768841924,0.5078280328821655,2.1181467823016193,2.480733695163598
1_7089,0.6739339828491211,0.6864585876464844,0.5866477489471436,1,BBT,0.7101666666666667,0.5208333333333334,0.5203333333333333,-0.4263654328704579,-0.36855015900245375,-0.404505963881112,0.7581359526408938,0.6489889482695939,0.06046357570813564,1.1845013855113518,1.0175391072720477,0.46496953958924764,1.6293023168989063
1_7186,0.4721687436103821,0.5065099596977234,0.4843878448009491,0,BBT,0.652375,0.37,0.497625,-2.1249469916518153,-0.9816645611675882,-2.2632437657450444,-0.6841477581899094,0.22709228148188637,-0.16073744763596218,1.440799233461906,1.2087568426494746,2.102506318109082,2.8209091359852327
1_7281,0.733626127243042,0.7401689887046814,0.7254226207733154,1,BBT,0.44425,0.546,0.50875,0.07615906567141345,0.46349514052771323,0.1502832220001508,0.9987821850557571,-1.2922832416649046,-0.05236923986922017,0.9226231193843437,1.7557783821926178,0.20265246186937097,1.9937550421501484
1_7341,0.7543672919273376,0.764594316482544,0.769993007183075,0,BBT,0.6655555555555556,0.3144444444444444,0.4721111111111111,0.2507707082581979,0.7307234940651998,0.40257900541983693,-1.2153756443154355,0.3233143282931177,-0.4092672824268538,1.4661463525736336,0.4074091657720821,0.8118462878466908,1.7247207746793465
1_7357,0.8223417401313782,0.8008033037185669,0.8592274785041809,1,BBT,0.7605,0.5055,0.5705,0.8230206390359343,1.265741984385169,0.7765913783397822,0.6115170560702479,1.016437523236825,0.5491351942517942,0.2115035829656864,0.24930446114834393,0.22745618408798796,0.39827477403880074
1_7395,0.738213837146759,0.7474642992019653,0.7406346797943115,1,BBT,0.712,0.36975,0.4485,0.1147811765409263,0.5547012936160726,0.22563844727865381,-0.686538283677474,0.6623728367617772,-0.6392622302464048,0.8013194602184004,0.1076715431457046,0.8649006775250586,1.1839591295781249
1_7400,0.7792981863021851,0.7662402391433716,0.8874249458312988,0,BBT,0.7745,0.6775,0.746,0.4606540240801783,1.4348040763867502,0.4195801834977043,2.2561985915148766,1.1186417626316842,2.2586741122799414,1.7955445674346984,0.316162313755066,1.839093928782237,2.5896342176390275
1_7402,0.7566304802894592,0.7597079277038574,0.7508941292762756,1,BBT,0.585,0.511,0.62075,0.2698235938318107,0.6162133426268471,0.3521061808082786,0.6641086167966754,-0.26476562060587394,1.03861855967011,0.39428502296486473,0.8809789632327211,0.6865123788618315,1.18443398267845
1_7442,0.696959376335144,0.7185614109039307,0.4526913464069366,0,BBT,0.554875,0.390375,0.54525,-0.23252377359055884,-1.1717056122113108,-0.07290726365560748,-0.48931993095337245,-0.48468724287516884,0.30317589123065064,0.2567961573628136,0.6870183693361419,0.3760831548862581,0.8242433170070593
1_7443,0.7024972438812256,0.7057287096977234,0.7111002206802368,0,BBT,0.61225,0.3662499999999999,0.5015000000000001,-0.18590266222252183,0.3776230693190043,-0.20545968766627679,-0.7200056405033832,-0.06583236892659451,-0.12299121796439982,0.5341029782808614,0.4434554382455988,0.08246846970187696,0.6990849487816568
1_7445,0.7936798334121704,0.7424576282501221,0.8549046516418457,0,BBT,0.7053333333333334,0.401,0.4816666666666667,0.5817274094566226,1.2398238356298665,0.17392319573289053,-0.3877225977318657,0.6137041513356543,-0.31618697413282326,0.9694500071884883,0.6261196842942123,0.49011016986571376,1.2538210215593941
1_7449,0.7434936165809631,0.7441614866256714,0.7642278671264648,0,BBT,0.5025999999999999,0.4306,0.4082,0.15922954641479042,0.6961577429165047,0.19152280739849198,-0.10468438000418587,-0.8663105724727597,-1.031823018830646,0.26391392641897626,1.5624683153892645,1.2233458262291381,2.0018823161478547
1_7487,0.6982312202453613,0.677741527557373,0.7787458300590515,0,BBT,0.6342500000000001,0.356,0.51,-0.22181662393636473,0.7832023400964807,-0.4945468232832977,-0.8180171854935421,0.09477429297961372,-0.04019303674936183,0.5962005615571774,0.688428047116867,0.4543537865339359,1.017755200918159
1_7490,0.6476483345031738,0.6842429041862488,0.676030158996582,0,BBT,0.727,0.4817777777777778,0.5948888888888889,-0.647653885279287,0.16735531987609056,-0.42739235457744595,0.384682748694649,0.771877378970555,0.7867064462348132,1.032336633973936,0.6045220590944644,1.214098800812259,1.7044652369321625
1_7494,0.6724488735198975,0.6649798154830933,0.7473844885826111,0,BBT,0.5906666666666666,0.3286666666666666,0.3366666666666666,-0.4388679795376198,0.5951707719958962,-0.6263659814472682,-1.0793813054673012,-0.22339723799366956,-1.7286265360364212,0.6405133259296814,0.8185680099895658,1.102260554589153,1.5150212004704644
1_7504,0.7559309005737305,0.7551183700561523,0.8148497939109802,0,BBT,0.7147142857142857,0.3755714285714285,0.5148571428571429,0.26393410955534263,0.9996690031320794,0.30469940482523405,-0.6308731901813216,0.6821879443995564,0.007120209659231926,0.8948072997366643,0.31748105873252297,0.2975791951660021,0.9950013586481126
1_7575,0.8610297441482544,0.7828876972198486,0.5105066895484924,1,BBT,0.6415000000000001,0.3996666666666666,0.5431666666666667,1.148719606891185,-0.8250651587298543,0.5915362577640988,-0.400472066998879,0.14770148838052277,0.28288221936421976,1.549191673890064,0.9727666471103771,0.30865403839987904,1.8551380292585284
1_7593,0.7638710737228394,0.7557603716850281,0.6566295027732849,0,BBT,0.5712857142857144,0.4058571428571428,0.5171428571428571,0.3307792793947752,0.05103581184141803,0.31133081241112204,-0.3412781025448918,-0.3648840591967554,0.029385266792687048,0.672057381939667,0.4159198710381734,0.281945545618435,0.8391327394626474
1_7641,0.6299756765365601,0.647416353225708,0.4874619543552398,0,BBT,0.6032500000000001,0.442,0.54975,-0.7964329863276159,-0.9632332819941349,-0.8077837093929798,0.004323582228772257,-0.13153509425186038,0.3470102224621411,0.8007565685563882,0.8316981877422746,1.1547939318551208,1.6329366131694747
1_7661,0.871080219745636,0.8497287034988403,0.6514909267425537,0,BBT,0.52325,0.25025,0.33225,1.2333305764075668,0.020226718117276346,1.2819549983880212,-1.8292094667334806,-0.7155593193653419,-1.7716491203932545,3.0625400431410474,0.7357860374826183,3.0536041187812755,4.38691585547691
1_7675,0.8971631526947021,0.8388127684593201,0.8256414532661438,0,BBT,0.5943333333333334,0.3065,0.3495000000000001,1.452912448257116,1.0643719952691704,1.1692013679106343,-1.2913412320313855,-0.19662946100930057,-1.6036175173392049,2.7442536802885016,1.2610014562784708,2.772818885249839,4.09994847588498
1_7722,0.6399184465408325,0.6523289084434509,0.7376362681388855,1,BBT,0.5656000000000001,0.3532,0.4258,-0.712728747499449,0.5367238724077239,-0.7570406045910767,-0.8447910709542682,-0.40639149519589207,-0.860382078903037,0.13206232345481916,0.9431153676036159,0.10334147431196028,0.9579073620133413
1_7894,0.8339306712150574,0.825194776058197,0.7146556973457336,0,BBT,0.7058333333333332,0.5095000000000001,0.4613333333333334,0.9205832553666567,0.3989404563083534,1.0285374598275414,0.6497654638712868,0.6173543027426123,-0.5142532115491896,0.27081779149537,0.21841384643425887,1.542790671376731,1.5815340464851528
1_7938,0.5605856776237488,0.5810396671295166,0.3684695065021515,0,BBT,0.6124999999999999,0.3656666666666666,0.5866666666666668,-1.3805998773236228,-1.676670128397899,-1.493406361901215,-0.7255835333077012,-0.06400729322311509,0.7066140879352998,0.6550163440159216,1.612662835174784,2.200020449836515,2.805319555876089
1_7953,0.7001004219055176,0.712229311466217,0.6166414022445679,1,BBT,0.5575,0.3944999999999999,0.4205,-0.20608055620951468,-0.18871876796273332,-0.1383132227018248,-0.44987626040855333,-0.46552394798863284,-0.9120091801312377,0.24379570419903865,0.2768051800258995,0.7736959574294129,0.8571247794911144
1_80,0.7516025304794312,0.7671388387680054,0.7042381763458252,0,BBT,0.6827500000000001,0.417,0.46875,0.2274952777253554,0.3364806660980054,0.4288620608317352,-0.2347289665277146,0.4488389794546615,-0.44200773970469565,0.46222424425307,0.11235831335665608,0.8708698005364308,0.9923153994784305
1_8042,0.5985462665557861,0.6073840260505676,0.4781197905540466,0,BBT,0.782,0.52275,0.61525,-1.0610247286819714,-1.0192456088364197,-1.2212883893964628,0.7764633147122246,1.1733940337360735,0.9850432659427316,1.837488043394196,2.192639642572493,2.2063316553391945,3.6127455328529368
1_8045,0.6988369822502136,0.7065318822860718,0.5662305355072021,1,BBT,0.4589999999999999,0.4475,0.4675,-0.21671695377348282,-0.4909645864031612,-0.197163501869244,0.056915142955199366,-1.184603775159607,-0.454183942824554,0.27363209672868216,0.6936391887564458,0.25702044095530996,0.7887137348922594
1_8052,0.8169891834259033,0.8043209314346313,0.8352774977684021,1,BBT,0.6594,0.3374,0.4947999999999999,0.7779595861679858,1.122146327384644,0.8129259016049167,-0.9958722817683682,0.27837690874966353,-0.18825566668684338,1.7738318679363538,0.8437694186349805,1.0011815682917602,2.20472013194812
1_8078,0.8145172595977783,0.7930293679237366,0.5050016641616821,0,BBT,0.8140000000000001,0.5705,0.704,0.7571494394598249,-0.8580713538472756,0.6962923035659045,1.2330536828371137,1.407003723781466,1.849553687452692,0.47590424337728876,2.2650750776287416,1.1532613838867876,2.585935377329416
1_8136,0.643927812576294,0.6649782061576843,0.4363153278827667,1,BBT,0.6584,0.3316,0.5494,-0.6789754843708043,-1.2698904569079916,-0.6263826046024831,-1.0513324730798728,0.271076605935745,0.3436008855885811,0.3723569887090684,1.5409670628437366,0.9699834901910642,1.8585201605183022
1_8159,0.7585221529006958,0.7458701133728027,0.764718234539032,0,BBT,0.6792857142857144,0.5455714285714286,0.5630000000000001,0.28574883558713726,0.6990978133723458,0.20917167285732255,0.9946841413627886,0.42354864470644393,0.47607797553264314,0.7089353057756513,0.27554916866590184,0.26690630267532056,0.8060741817819844
1_8185,0.7989215850830078,0.7814781665802002,0.7013028860092163,0,BBT,0.55125,0.319125,0.4367499999999999,0.6258556386669112,0.31888169810622846,0.5769768364855659,-1.1706196949093597,-0.5111508405756233,-0.7537185395730766,1.7964753335762709,0.8300325386818518,1.3306953760586424,2.384749006348984
1_8217,0.6515088081359863,0.6699345111846924,0.7402255535125732,0,BBT,0.6228,0.3466,0.446,-0.6151540882597518,0.5522483163936472,-0.5751875962477025,-0.9079009438259806,0.01118582576024623,-0.6636146364861221,0.2927468555662288,0.5410624906334011,0.08842704023841952,0.6215051742822908
1_8407,0.9344050884246826,0.9015156626701356,0.6435112953186035,1,BBT,0.6816923076923077,0.4136923076923077,0.5436923076923077,1.7664375405026376,-0.027616344037358125,1.8168764354254818,-0.2663574575939573,0.4411175053245549,0.28800246888128833,2.0327949980965947,0.46873384936191304,1.5288739665441935,2.5863917977369066
1_8417,0.7119055986404419,0.7009775042533875,0.7769786715507507,0,BBT,0.5496000000000001,0.4529999999999999,0.4636,-0.10669745347212718,0.772607079506378,-0.25453616723978906,0.10950670368162542,-0.5231963402185884,-0.49217369655851295,0.2162041571537526,1.2958034197249664,0.2376375293187239,1.3350364547390416
1_8452,0.7804079055786133,0.77503901720047,0.7355940341949463,1,BBT,0.5617777777777778,0.4233333333333334,0.4815555555555556,0.4699963107172477,0.5244793562987555,0.5104651297813544,-0.1741689875094039,-0.4342948748402033,-0.3172693032990324,0.6441652982266516,0.9587742311389589,0.8277344330803869,1.4210352738206191
1_8505,0.8363045454025269,0.8069159984588623,0.4932728707790375,0,BBT,0.503,0.50925,0.512,0.9405679610221817,-0.9283930718555178,0.8397310472250439,0.6473749383837212,-0.8633904513471917,-0.02071111175758806,0.2931930226384605,0.06500262050832606,0.860442158982632,0.9113441710745284
1_8717,0.787203311920166,0.7392615079879761,0.6983218789100647,1,BBT,0.6244999999999999,0.4373333333333333,0.5936666666666667,0.5272041426497325,0.3010086284930063,0.1409096094762306,-0.040299560205772314,0.023596340543907145,0.774800825406507,0.5675037028555048,0.27741228794909917,0.6338912159302763,0.8948944652267256
1_8746,0.7640423774719238,0.7759931087493896,0.7610955238342285,1,BBT,0.5187777777777778,0.4920000000000001,0.5055555555555555,0.33222141774448716,0.6773773147415492,0.5203201981340894,0.4824286797417465,-0.7482078958386996,-0.08348620339774823,0.15020726199725937,1.4255852105802487,0.6038064015318376,1.5554541409866998
1_8749,0.6594221591949463,0.698555588722229,0.7326123714447021,1,BBT,0.5604999999999999,0.6255000000000001,0.64425,-0.5485347229635935,0.5066023556322923,-0.2795527844932832,1.7589692901013847,-0.4436230395468781,1.2675311783234513,2.307504013064978,0.9502253951791704,1.5470839628167345,2.9361491549236938
1_8827,0.7133313417434692,0.7252310514450073,0.6303804516792297,1,BBT,0.6709999999999999,0.4161666666666666,0.4364999999999999,-0.09469468752741246,-0.10634426203314391,-0.004014751721182593,-0.2426973848195982,0.3630604213911179,-0.7561537801970486,0.14800269729218574,0.4694046834242618,0.752139028475866,0.8988652142468377
1_8837,0.7770395278930664,0.7861751914024353,0.8582484722137451,0,BBT,0.7401428571428571,0.4041428571428572,0.5727142857142857,0.4416392743849852,1.2598722071593043,0.625493669833512,-0.35767027731676426,0.8678242159534838,0.5707044683498296,0.7993095517017494,0.39204799120582046,0.05478920148368238,0.8919637007464992
1_90,0.9037525653839112,0.8725379109382629,0.6397064924240112,0,BBT,0.5597619047619048,0.4109047619047619,0.4655714285714287,1.508386101297255,-0.05042860336374177,1.517557439937522,-0.29301225460548663,-0.44901135829048355,-0.47297008478090635,1.8013983559027418,0.3985827549267418,1.9905275247184284,2.7140567561927966
1_9003,0.7364687919616699,0.7382767200469971,0.1049072295427322,0,BBT,0.5205,0.563,0.482,0.10009033295549934,-3.256896799060875,0.13073746982958306,1.161337918210167,-0.7356351521036181,-0.31293998663419464,1.0612475852546677,2.521261646957257,0.4436774564637777,2.7712553861022355
1_9009,0.8168820142745972,0.7877834439277649,0.5733911991119385,0,BBT,0.6074285714285714,0.4518571428571428,0.5594285714285714,0.7770573715706365,-0.44803176711509485,0.6421057429448692,0.09857858716704346,-0.10103025749370134,0.44128882376161765,0.678478784403593,0.34700150962139353,0.20081691918325156,0.7880805438504086
1_9087,0.8027724623680115,0.78997802734375,0.6241644620895386,1,BBT,0.6148333333333333,0.5153333333333333,0.4303333333333333,0.6582746478387416,-0.14361314833778677,0.6647741856061643,0.7055443919144662,-0.046973253323971335,-0.8162230489216836,0.047269744075724596,0.09663989501381542,1.480997234527848,1.4848994938016509
1_9245,0.7394828796386719,0.7266876101493835,0.6358193755149841,0,BBT,0.6880000000000001,0.4138,0.5354000000000001,0.12546474216504508,-0.07373438855611746,0.01103043509307272,-0.26532769276854473,0.4871655692277335,0.20722741064616573,0.39079243493358984,0.5608999577838509,0.196196975553093,0.7112107585374611
1_9594,0.7703197002410889,0.7687727212905884,0.5900443196296692,0,BBT,0.50825,0.489,0.575,0.38506770947666,-0.3481855163713485,0.44573887308169907,0.45374237389096705,-0.8250638615741197,0.5929695254832847,0.06867466441430703,0.4768783452027712,0.14723065240158567,0.5037916540221241
1_9668,0.663738489151001,0.6908892393112183,0.635761559009552,0,BBT,0.5875,0.4513749999999999,0.475375,-0.5121972522841428,-0.0740810359782842,-0.3587405705574285,0.09396828801245391,-0.24651486357107724,-0.37747386316944515,0.6061655402965967,0.17243382759279305,0.018733292612016672,0.6304926830609959
1_971,0.9811617136001588,0.910534143447876,0.5098732113838196,1,BBT,0.46525,0.414,0.3874999999999999,2.1600630310656688,-0.8288632708976772,1.9100307502321632,-0.26341527237849305,-1.1389768825726156,-1.2334609424955054,2.4234783034441616,0.31011361167493845,3.1434916927276686,3.9813261059172897
1_9963,0.7099661231040955,0.7011523842811584,0.6748425364494324,0,BBT,0.745,0.4435,0.55875,-0.12302512910235597,0.16023475298261383,-0.25272978437311044,0.01866673515416147,0.9032828296210883,0.4346788849251231,0.14169186425651745,0.7430480766384745,0.6874086692982335,1.0221192235835268
1_9971,0.5719261169433594,0.620211124420166,0.4963341653347015,1,BBT,0.6208571428571429,0.4131428571428572,0.4772857142857143,-1.2851292146393682,-0.9100386269045035,-1.0887938385928375,-0.27161135976442896,-0.002997619706795394,-0.35886166697194666,1.0135178548749393,0.9070410071977082,0.7299321716208909,1.5436135546359138
1_9972,0.7603508234024048,0.7505881786346436,0.5408188700675964,1,BBT,0.5866,0.4342,0.4576,0.30114368755970616,-0.6433239905519287,0.2579058385678923,-0.07026081298325186,-0.253085136103604,-0.5506194715338343,0.37140450054295804,0.3902388544483247,0.8085253101017266,0.9715661807719523
1_9993,0.8129391670227051,0.7733622789382935,0.7255195379257202,1,BBT,0.5820000000000001,0.496,0.47825,0.7438641037093121,0.4640762216704381,0.4931456490647436,0.5206770875427834,-0.2866665290476287,-0.3494685959937702,0.2231870161665287,0.7507427507180668,0.8426142450585139,1.1504024895298937
2_1,0.7031780481338501,0.7319012880325317,0.6605781316757202,0,FRIENDS,0.5896666666666668,0.3396666666666666,0.5078333333333332,-0.18017124112634578,0.07471040130150101,0.06488391693739594,-0.974198184014447,-0.23069754080758645,-0.06129845549045099,0.7940269428881013,0.30540794210908745,0.1261823724278469,0.8600434804398273
2_102,0.8379330635070801,0.8430992364883423,0.7302576303482056,1,GOLDENGIRLS,0.5124,0.4824,0.44,0.9542778093140502,0.4924841566012413,1.2134774496615517,0.3906325010192546,-0.794767604896358,-0.7220604114614434,0.5636453082947955,1.2872517614975993,1.9355378611229952,2.391865368887218
2_103,0.7176079750061035,0.7404048442840576,0.6466979384422302,1,FRIENDS,0.45675,0.60075,0.467625,-0.05869140757200773,-0.008510353180346989,0.152719437747747,1.5223072668324626,-1.201029456490923,-0.45296632251256824,1.5809986744044704,1.192519103310576,0.6056857602603152,2.070872729167939
2_104,0.7920965552330017,0.7894920110702515,0.7676681280136108,1,FRIENDS,0.725,0.3305,0.5395000000000001,0.5683984181610767,0.7167843366408555,0.6597539927312844,-1.0618507852251582,0.7572767733427179,0.24716535687930186,1.630249203386235,0.04049243670186242,0.4125886358519826,1.6821359888563434
2_105,0.7476270198822021,0.7402942180633545,0.7465515732765198,1,FRIENDS,0.5548888888888889,0.451,0.4327777777777777,0.19402703010911032,0.5901769049058363,0.15157674974483099,0.09038249978110753,-0.4845858497805312,-0.7924118072650715,0.10364453032800279,1.0747627546863674,0.9439885570099025,1.434214615492946
2_107,0.5735617876052856,0.6374526023864746,0.7111124396324158,0,FRIENDS,0.72,0.7795,0.637,-1.2713591518026266,0.3776963298566787,-0.9107019730349234,3.231532990441342,0.7207752592731254,1.1969092002282717,4.502892142243969,0.34307892941644663,2.1076111732631952,4.983549503532184
2_109,0.6311275959014893,0.6580579876899719,0.6449835300445557,1,FRIENDS,0.558,0.4317499999999999,0.50475,-0.7867354338757949,-0.018789342668782193,-0.6978634033710991,-0.09368796276138816,-0.46187379658167316,-0.09133308985276772,0.6930474711144068,0.443084453912891,0.6065303135183313,1.022016463533736
2_11,0.8396352529525757,0.823014497756958,0.8726298809051514,1,GOLDENGIRLS,0.698,0.544,0.706,0.9686078674181121,1.3460980731597092,1.006016778545934,0.9796579811552382,0.5601685973669179,1.8690356124444658,0.011050113737126055,0.7859294757927913,0.8630188338985318,1.167308336986041
2_112,0.7853448390960693,0.755403995513916,0.7467630505561829,1,FRIENDS,0.5533333333333333,0.3166666666666666,0.433,0.5115583967401921,0.5914448482603184,0.3076497070396594,-1.1941265288704148,-0.49594187637995985,-0.7902471489326516,1.705684925610607,1.0873867246402782,1.097896855972311,2.301553488566594
2_113,0.8088650703430176,0.7913796901702881,0.7936346530914307,1,FRIENDS,0.7543333333333333,0.4146666666666667,0.5963333333333334,0.7095658989495653,0.8724704839369944,0.6792523381258692,-0.25704053774498636,0.9714189892176609,0.800776725395539,0.9666064366945517,0.09894850528066645,0.12152438726966985,0.9792277502490854
2_114,0.7664312124252319,0.7569995522499084,0.6904667615890503,1,FRIENDS,0.542,0.5685,0.543,0.35233207215637163,0.25391210908569795,0.32413064192654406,1.2139294789365946,-0.5786786416043694,0.28125872561490545,0.861597406780223,0.8325907506900674,0.042871916311638614,1.1989142799688757
2_115,0.6654733419418335,0.6853424906730652,0.5856977701187134,1,FRIENDS,0.6032500000000001,0.35275,0.417,-0.4975922144251601,-0.3742458977802822,-0.41603442985880695,-0.849094016831885,-0.13153509425186038,-0.9461025488668418,0.3515018024067249,0.24271080352842184,0.5300681190080347,0.6807600620139996
2_118,0.7218641042709351,0.6708897352218628,0.7649367451667786,0,FRIENDS,0.479,0.673,0.358,-0.022860742645239355,0.7004079262070502,-0.5653208301190756,2.2131691327387095,-1.038597718881236,-1.5208193361241675,2.2360298753839487,1.7390056450882863,0.9554985060050919,2.9894728017221444
2_119,0.5357360243797302,0.5199347138404846,0.392457902431488,0,FRIENDS,0.67,0.548,0.536,-1.589799256273419,-1.5328441474142955,-2.1245758676325623,1.017906388956276,0.3557601185772002,0.2130719881436972,2.6077056452296947,1.8886042659914957,2.3376478557762597,3.9788883250600837
2_12,0.5902015566825867,0.6423263549804688,0.628737211227417,0,FRIENDS,0.664,0.295,0.6105,-1.1312755328218547,-0.11619655356068521,-0.8603596709754223,-1.4013054044593694,0.31195830169368904,0.9387736940872697,0.2700298716375147,0.42815485525437424,1.799133365062692,1.8689873132090202
2_120,0.764834463596344,0.7710610032081604,0.7881069183349609,1,FRIENDS,0.7416,0.4976000000000001,0.6108,0.33888967680131465,0.8393281314300417,0.4693751527799467,0.5359764506631994,0.8784618000537656,0.9416959828360355,0.19708677386188478,0.039133668623723916,0.4723208300560888,0.5132851127357093
2_121,0.6674564480781555,0.6507258415222168,0.537757158279419,1,GOLDENGIRLS,0.646,0.363,0.596,-0.4808972300712051,-0.6616809370822785,-0.7735991142022972,-0.7510824718417257,0.18055285104315572,0.7975297378969093,0.2701852417705206,0.8422337881254343,1.5711288520992066,1.8029985270735205
2_124,0.6710848808288574,0.6975425481796265,0.6711165904998779,1,FRIENDS,0.4885,0.5195000000000001,0.386,-0.45035089324492966,0.1378952921505875,-0.2900167528648134,0.7453864833738816,-0.9692448421490103,-1.2480723862393348,1.1957373766188113,1.107140134299598,0.9580556333745214,1.890348578294708
2_125,0.290308266878128,0.358395516872406,0.343154639005661,0,FRIENDS,0.6549999999999999,0.4393333333333333,0.658,-3.655958246187493,-1.8284491661408946,-3.793157702959519,-0.021175356305253364,0.24625557636842157,1.4014694126418963,3.63478288988224,2.0747047425093164,5.194627115601415,6.67084681995568
2_126,0.7714613676071167,0.7615727186203003,0.2861994206905365,1,GOLDENGIRLS,0.4859999999999999,0.501,0.5021666666666667,0.3946789544141628,-2.1699326138227866,0.3713681079953634,0.5684875972940807,-0.9874955991838074,-0.11649724296714263,0.17380864287991793,1.182437014638979,0.48786535096250605,1.2908831622567045
2_127,0.6975295543670654,0.7048639059066772,0.7706688642501831,0,FRIENDS,0.6685000000000001,0.2605,0.366,-0.22772367078842082,0.7347756952197861,-0.21439247874079617,-1.7311979217433209,0.3448096643563228,-1.4428916361570725,1.5034742509549002,0.3899660308634633,1.2284991574162762,1.9803329286471762
2_128,0.7108401656150818,0.7227636575698853,0.7289833426475525,1,FRIENDS,0.5506666666666667,0.3386666666666666,0.5766666666666667,-0.11566691171885694,0.4848439759429909,-0.029501127027599622,-0.9837602859647064,-0.5154093505504087,0.6092044629764299,0.8680933742458495,1.0002533264933997,0.6387055900040296,1.4703869063185553
2_129,0.7391222715377808,0.7180502414703369,0.7894268035888672,1,GOLDENGIRLS,0.281,0.698,0.562,0.1224289255276904,0.8472416989727845,-0.07818727028977099,2.452221681495195,-2.4840576760371014,0.4663370130367563,2.329792755967505,3.331299375009886,0.5445242833265272,4.101462727714613
2_13,0.8701821565628052,0.765078067779541,0.5503699779510498,0,FRIENDS,0.7050000000000001,0.45,0.623,1.2257701385108688,-0.5860589085154114,0.40757580274293287,0.08082039783084806,0.6112707170643483,1.0605357252858554,1.1449497406800206,1.1973296255797599,0.6529599225429226,1.7806922253498705
2_131,0.7823213338851929,0.7802078127861023,0.6970047950744629,0,FRIENDS,0.561,0.23,0.368,0.4861047050465634,0.2931118572686572,0.5638550102969083,-2.0228420312262347,-0.4399728881399176,-1.4234097111652986,2.508946736272798,0.7330847454085747,1.987264721462207,3.283511541410041
2_134,0.8734217882156372,0.8174685835838318,0.7069350481033325,0,FRIENDS,0.505,0.3065,0.3429999999999999,1.2530433130354144,0.3526501601839401,0.9487315386583705,-1.2913412320313855,-0.8487898457193547,-1.6669337735624714,2.5443845450667997,1.2014400059032948,2.615665312220842,3.841751661223699
2_135,0.7400014400482178,0.7515710592269897,0.6088937520980835,1,GOLDENGIRLS,0.46775,0.33375,0.44175,0.1298302966683485,-0.23517095200698326,0.2680582766972482,-1.030773953886815,-1.1207261255378194,-0.7050137270936416,1.1606042505551635,0.8855551735308361,0.9730720037908898,1.7544455865986723
2_137,0.695745050907135,0.6818383932113647,0.6175129413604736,0,FRIENDS,0.13,0.725,0.272,-0.242746697946398,-0.18349332609992694,-0.45222919548565377,2.710398434152201,-3.586403400938797,-2.3585421107704385,2.953145132098599,3.40291007483887,1.9063129152847846,4.8923299234269875
2_140,0.830817461013794,0.8385746479034424,0.5659310817718506,1,SARCASMOHOLICS,0.397,0.781,0.298,0.894374372922744,-0.49276000562889904,1.1667417566112543,3.2458761433667314,-1.6372225496225539,-2.1052770858773804,2.3515017704439876,1.1444625439936549,3.2720188424886345,4.188730403905973
2_141,0.749945342540741,0.7451659440994263,0.6805769205093384,1,FRIENDS,0.5730000000000001,0.4123333333333334,0.423,0.21354406946612034,0.1946161019974553,0.20189811894220971,-0.2793521089622581,-0.3523692543728954,-0.8876567738915204,0.4928961784283784,0.5469853563703507,1.0895548928337302,1.3150169152109112
2_144,0.6697491407394409,0.7090468406677246,0.7772579789161682,1,GOLDENGIRLS,0.571,0.356,0.781,-0.4615959594999906,0.7742817081870721,-0.17118581997536633,-0.8180171854935421,-0.36696986000073323,2.599607799635982,0.35642122599355147,1.1412515681878053,2.7707936196113483,3.0177456013900223
2_146,0.7222605347633362,0.6880728006362915,0.7573645114898682,0,FRIENDS,0.51,0.441,0.444,-0.019523351495644974,0.6550074775890237,-0.38783232352821834,-0.005238519721487218,-0.8122883316497621,-0.6830965614778958,0.014284831774157757,1.4672958092387858,0.29526423794967743,1.4967772106898618
2_147,0.7115954160690308,0.7219667434692383,0.210995614528656,0,FRIENDS,0.5017142857142857,0.5425714285714286,0.483,-0.10930875756812616,-2.6208281729420833,-0.03773266722101917,0.9659978355120101,-0.8727765549650873,-0.3031990241383078,1.0753065930801362,1.748051617976996,0.2654663569172886,2.0694059811667067
2_149,0.6143735647201538,0.62391197681427,0.6577085256576538,0,FRIENDS,0.958,0.353,0.526,-0.9277809802109155,0.057505253370783625,-1.0505667383228736,-0.8467034913443204,2.458247328985731,0.11566236318482835,0.08107748886659505,2.4007420756149473,1.166229101507702,2.670248376093943
2_15,0.7416964173316956,0.7490562796592712,0.7421841621398926,1,FRIENDS,0.5678749999999999,0.492,0.5605,0.14409963843966342,0.5639914445301414,0.24208244182061664,0.48242867974174547,-0.3897833062942289,0.4517255692929254,0.3383290413020821,0.9537747508243704,0.20964312747230876,1.033490714227683
2_150,0.8421304225921631,0.848606288433075,0.7350950837135315,0,FRIENDS,0.72125,0.35175,0.3722499999999999,0.9896137113971109,0.5214878247823042,1.2703612711342978,-0.8586561187821445,0.7299006377905233,-1.3820106205577802,1.8482698301792553,0.20841281300821912,2.652371891692078,3.2395391520423185
2_151,0.7627674341201782,0.7368651032447815,0.4429762065410614,1,FRIENDS,0.4078,0.4509999999999999,0.4596,0.32148817512084804,-1.229954172295047,0.11615650001651236,0.09038249978110646,-1.5583792792322342,-0.5311375465420605,0.23110567533974158,0.3284251069371871,0.6472940465585728,0.7617496089602624
2_152,0.7459460496902466,0.7509727478027344,0.8337809443473816,1,FRIENDS,0.74,0.333,0.331,0.17987560848817202,1.113173519677672,0.2618781569918222,-1.0379455303495093,0.8667813155514957,-1.783825323513113,1.2178211388376814,0.24639220412617624,2.045703480504935,2.3934703203933965
2_154,0.9305602312088012,0.864622950553894,0.1438087075948715,0,FRIENDS,0.572,0.413,0.4267499999999999,1.7340692119060743,-3.023657225266838,1.4358016842288925,-0.2729773743287525,-0.3596695571868147,-0.8511281645319454,2.007046586234827,2.6639876680800234,2.286929848760838,4.044145698185536
2_155,0.9186609983444214,0.8972996473312378,0.9597293734550476,1,FRIENDS,0.682,0.4212857142857142,0.4802857142857143,1.6338942879036058,1.8683159820213373,1.7733280784695238,-0.19374852959803177,0.44336375234422243,-0.329638779484286,1.8276428175016375,1.4249522296771149,2.1029668579538097,3.1294147585258214
2_158,0.8931218385696411,0.8778000473976135,0.8239246606826782,1,GOLDENGIRLS,0.629,0.3623333333333333,0.513,1.418890226828038,1.0540787110416767,1.5719114634555365,-0.7574572064752324,0.05644770320654089,-0.010970149261701173,2.1763474333032704,0.9976310078351358,1.5828816127172376,2.870064455394374
2_160,0.7286173105239868,0.6817446947097778,0.6248503923416138,0,FRIENDS,0.5998333333333333,0.4616666666666666,0.499,0.03399182347249384,-0.1395005519106786,-0.4531970325226063,0.1923782539172079,-0.15647779553274913,-0.1473436242041176,0.15838643044471407,0.016977243622070537,0.30585340831848873,0.3448489459604851
2_161,0.8139693140983582,0.8271616101264954,0.6008366346359253,1,FRIENDS,0.6191666666666666,0.3655,0.49,0.7525365035346676,-0.2834785931810165,1.0488534181897298,-0.7271772169660771,-0.015338607796991352,-0.23501228666709956,1.4797137205007447,0.2681399853840251,1.2838657048568294,1.977312037718737
2_162,0.8662689924240112,0.7482125759124756,0.6401302814483643,0,FRIENDS,0.352,0.5845000000000001,0.3265,1.192826761010768,-0.04788771349610716,0.23336759878113617,1.3669231101407473,-1.9657361762488874,-1.827659654744604,0.1740963491299794,1.9178484627527803,2.06102725352574,2.8206888528583662
2_163,0.6512697339057922,0.629659116268158,0.3756515085697174,1,FRIENDS,0.413,0.5633333333333334,0.4653333333333333,-0.6171667594221368,-1.63360937119526,-0.9912029883610406,1.164525285526921,-1.5204177045998581,-0.4752893615656426,1.7816920449490579,0.11319166659540181,0.515913626795398,1.8583341375367837
2_166,0.6548506021499634,0.6801297068595886,0.711061954498291,0,FRIENDS,0.693,0.471,0.537,-0.5870208493192679,0.3773936387571166,-0.4698786766168997,0.2816245387862965,0.5236670832973253,0.22281295063958412,0.8686453881055645,0.14627344454020863,0.6926916272564838,1.1206080587457685
2_167,0.8641979098320007,0.8336139917373657,0.6995195150375366,1,FRIENDS,0.68025,0.439,0.575,1.1753911377548731,0.3081892332905284,1.115501804170152,-0.024362723622006168,0.4305882224198648,0.5929695254832847,1.1997538613768792,0.12239898912933639,0.5225322786868674,1.3143176262602223
2_168,0.7296611070632935,0.6853259801864624,0.7088677287101746,1,FRIENDS,0.7,0.47,0.512,0.04277913272098231,0.36423783303317386,-0.4162049711178628,0.27206243683603704,0.574769202994755,-0.02071111175758806,0.2292833041150547,0.21053136996158112,0.39549385936027476,0.5032988019809918
2_169,0.7829710245132446,0.7664039731025696,0.257540613412857,1,FRIENDS,0.6135,0.4531666666666665,0.5244999999999999,0.4915741928725413,-2.341760737832173,0.42127143562270986,0.11110038734000129,-0.05670699040919575,0.1010509194409964,0.38047380553254,2.2850537474229773,0.32022051618171343,2.33854059710151
2_170,0.6058476567268372,0.628715991973877,0.579257607460022,1,FRIENDS,0.653,0.417,0.5,-0.9995572194875851,-0.4128588469248932,-1.0009447729893486,-0.2347289665277146,0.23165497074058536,-0.1376026617082307,0.7648282529598706,0.6445138176654786,0.8633421112811179,1.3212569465470052
2_171,0.865044891834259,0.814645528793335,0.324308842420578,0,FRIENDS,0.5289999999999999,0.263,0.5075000000000001,1.182521543443602,-1.9414419310281958,0.9195714460494752,-1.7072926668676722,-0.6735825781853111,-0.06454544298907851,2.8898142103112745,1.2678593528428848,0.9841168890385537,3.3055982151494265
2_172,0.8833171129226685,0.8098917007446289,0.5158776640892029,1,FRIENDS,0.5685,0.345,0.4325,1.336348128715923,-0.7928626853159929,0.870467876889687,-0.9232003069463962,-0.3852206170355291,-0.795117630180595,2.259548435662319,0.4076420682804638,1.6655855070702819,2.8365306750145636
2_173,0.4446431994438171,0.5512042045593262,0.4378765821456909,0,FRIENDS,0.6146666666666667,0.5343333333333332,0.6803333333333333,-2.3566736354144058,-1.2605297257198218,-1.8015848834462649,0.8872243289693952,-0.04818997045962428,1.6190175750500364,3.243897964383801,1.2123397552601975,3.420602458496301,4.8675623123478005
2_174,0.6871330142021179,0.6903364062309265,0.7594578862190247,1,FRIENDS,0.719,0.596,0.75,-0.31524802070091523,0.6675586158507951,-0.3644509322099316,1.4768872825687298,0.7134749564592068,2.297637962263489,1.792135303269645,0.045916340608411654,2.6620888944734205,3.2094508155818446
2_176,0.6816699504852295,0.7049200534820557,0.7328716516494751,0,FRIENDS,0.448,0.255,0.396,-0.36123938828715385,0.5081569085048958,-0.2138125153255231,-1.783789482469748,-1.26490710611271,-1.1506627612804659,1.4225500941825941,1.7730640146176058,0.9368502459549428,2.4586771145753654
2_177,0.7075181007385254,0.7111488580703735,0.9106035232543944,1,FRIENDS,0.61375,0.52925,0.5405,-0.14363405887306577,1.573774670564922,-0.14947351657513194,0.8386169773889106,-0.05488191470571633,0.25690631937518765,0.9822510362619764,1.6286565852706383,0.40637983595031957,1.94486090557915
2_178,0.813088059425354,0.8118253946304321,0.9910781383514404,1,FRIENDS,0.7682222222222223,0.463111111111111,0.55,0.7451175698184215,2.0562721453733888,0.8904415213889327,0.20619017895647074,1.0728120838554185,0.34944546308611363,0.5389273908619507,0.9834600615179703,0.540996058302819,1.2451157216585882
2_180,0.875602126121521,0.8135904669761658,0.7844094038009644,0,FRIENDS,0.67,0.548,0.536,1.2713987134642466,0.817159135361287,0.9086734286251132,1.017906388956276,0.3557601185772002,0.2130719881436972,0.25349232450797055,0.46139901678408685,0.695601440481416,0.8723581691447597
2_181,0.7368507385253906,0.7122215628623962,0.6416621804237366,0,FRIENDS,0.719,0.429,0.615,0.10330578965172559,-0.0387029862825942,-0.13839326011582218,-0.11998374312460092,0.7134749564592068,0.9826080253187602,0.22328953277632652,0.7521779427418009,1.1210012854345823,1.368310547697687
2_182,0.8854880928993225,0.8702504634857178,0.8807474374771118,1,GOLDENGIRLS,0.74,0.397,0.656,1.3546247484485459,1.3947680859688734,1.4939297796530895,-0.42597100553290357,0.8667813155514957,1.3819874876501226,1.7805957539814494,0.5279867704173776,0.1119422920029669,1.8605973088154826
2_183,0.6398991346359253,0.6462798118591309,0.6733554601669312,1,FRIENDS,0.115,0.75,0.382,-0.7128913267706065,0.1513187668633992,-0.8195233510091448,2.949450982908688,-3.6959079431475748,-1.2870362362228822,3.6623423096792944,3.847226710010974,0.46751288521373746,5.332210878175188
2_186,0.680181622505188,0.695918083190918,1.0028047561645508,1,FRIENDS,0.7505,0.4485,0.6,-0.37376903149950863,2.12658081943224,-0.3067962888731497,0.06647724490545884,0.9434344950976398,0.8364935878804569,0.4402462764049675,1.1831463243346003,1.1432898767536066,1.7031628668339946
2_187,0.6963462829589844,0.7104893922805786,0.7057314515113831,1,FRIENDS,0.6948333333333333,0.4698333333333333,0.5801666666666666,-0.23768516366193573,0.3454338185387719,-0.1562853161787216,0.2704687531776606,0.5370509717895094,0.6432978317120335,0.5081539168395963,0.19161715325073753,0.7995831478907551,0.9665768189907252
2_188,0.9438964128494264,0.8756294846534729,0.4928393065929413,0,FRIENDS,0.867,0.566,0.589,1.8463412379735615,-0.930992570153292,1.5494911367776332,1.1900242240609455,1.793919772919147,0.7293430004257011,0.656317013912616,2.7249123430724387,0.8201481363519321,2.9203668032870884
2_189,0.5666172504425049,0.5648893117904663,0.497682124376297,1,FRIENDS,0.61475,0.402,0.5595,-1.3298224569957164,-0.9019567388093476,-1.6602277282234719,-0.3781604957816062,-0.047581611891797805,0.4419846067970385,0.9516619612141102,0.8543751269175498,2.10221233502051,2.460673494681822
2_190,0.5885858535766602,0.6566572189331055,0.7340361475944519,1,SARCASMOHOLICS,0.7525000000000001,0.37925,0.67275,-1.1448774967208255,0.5151388164295058,-0.7123323208045735,-0.5956983151500095,0.9580351007254776,1.545148609456227,0.549179181570816,0.44289628429597183,2.2574809302608005,2.3651585660596077
2_191,0.6980571150779724,0.6826193332672119,0.7060878276824951,0,FRIENDS,0.573,0.453,0.415,-0.22328234631615201,0.34757052465952964,-0.4441626554995518,0.10950670368162647,-0.3523692543728962,-0.9655844738586156,0.3327890499977785,0.6999397790324258,0.5214218183590638,0.9341011501605474
2_193,0.5964581966400146,0.6516227722167969,0.6960071921348572,0,FRIENDS,0.6823333333333333,0.294,0.3136666666666666,-1.07860336148194,0.2871305810781367,-0.7643344756958965,-1.410867506409629,0.4457971866155283,-1.9526686734418197,0.3322641449276891,0.1586666055373916,1.1883341977459232,1.2440710266097084
2_197,0.5931118130683899,0.5965638756752014,0.5617992877960205,1,FRIENDS,0.58,0.483,0.6846666666666666,-1.1067752380887175,-0.5175327884171453,-1.3330526343023592,0.39636976218941017,-0.30126713467546656,1.6612284125322125,1.5031450002781277,0.21626565374167878,2.9942810468345717,3.3573702078088123
2_2,0.794373631477356,0.8075973987579346,0.7727584838867188,1,FRIENDS,0.6262,0.4625,0.5132000000000001,0.5875682203093182,0.7473043192675406,0.8467694142774875,0.2003466722090915,0.03600685532756887,-0.00902195676252293,0.3872215481002267,0.7112974639399717,0.8557913710400105,1.1782459336942828
2_20,0.8010054230690002,0.7834707498550415,0.8451510071754456,0,FRIENDS,0.74,0.352,0.71,0.6433986445278297,1.1813444155103363,0.5975587653311915,-0.85626559329458,0.8667813155514957,1.9079994624280134,1.4996642378224097,0.3145630999588406,1.3104406970968219,2.0162335159070213
2_203,0.7855426073074341,0.770497739315033,0.8253951072692871,0,FRIENDS,0.918,0.61,0.566,0.5132233289059347,1.0628949913559589,0.4635570484547548,1.6107567098723623,2.1662352164289915,0.5053008630203027,1.0975333809664276,1.1033402250730326,0.04174381456554793,1.5568178187104265
2_204,0.8715973496437073,0.8295152187347412,0.6565101146697998,1,FRIENDS,0.75,0.5,0.63,1.2376840880018956,0.05032000278306752,1.0731644748552165,0.5589254953438213,0.9397843436906809,1.1287224627570636,0.6787585926580743,0.8894643409076134,0.05555798790184707,1.1202440496932293
2_205,0.9557217359542848,0.876410722732544,0.3782304227352142,0,FRIENDS,0.5086666666666667,0.4703333333333333,0.565,1.9458939450123418,-1.618147109324241,1.557560755125812,0.2752498041527904,-0.8220220687349865,0.49555990052441584,1.6706441408595514,0.7961250405892545,1.0620008546013961,2.133708682274993
2_206,0.6719407439231873,0.6809450387954712,0.6504701375961304,1,FRIENDS,0.643,0.405,0.569,-0.44314572116298323,0.014106425589412728,-0.4614568936471326,-0.3494741899308278,0.15865194260140017,0.5345237505079634,0.09367153123215544,0.14454551701198745,0.995980644155096,1.0107646638972099
2_208,0.458625465631485,0.5491486191749573,0.5037670135498047,0,FRIENDS,0.6053333333333334,0.3349999999999999,0.3619999999999999,-2.2389624796873155,-0.8654738844686797,-1.8228175780349305,-1.0188213264489916,-0.11632613005619685,-1.481855486140621,1.220141153238324,0.7491477544124828,0.3409620918943095,1.4718090704557967
2_210,0.5852848291397095,0.5611797571182251,0.3977214395999908,0,FRIENDS,0.7535000000000001,0.3435,0.5225,-1.1726675127555324,-1.5012858306792543,-1.6985447166660792,-0.9375434598717849,0.9653354035393962,0.0815689944492237,0.2351240528837475,2.4666212342186506,1.780113711115303,3.050952057611446
2_213,0.7272969484329224,0.7116855382919312,0.693230390548706,0,FRIENDS,0.5416000000000001,0.3254,0.3996,0.022876218488910204,0.27048185586526846,-0.14393000214719254,-1.1106175051714813,-0.5815987627299366,-1.115595296295273,1.1334937236603915,0.852080618595205,0.9716652941480806,1.7190063542683498
2_218,0.9132736325263976,0.7965641617774963,0.4978602826595306,0,FRIENDS,0.542,0.303,0.402,1.5885401909172738,-0.9008885644332072,0.7328041404866639,-1.3248085888572936,-0.5786786416043694,-1.0922169863051445,2.9133487797745676,0.32220992282883776,1.8250211267918084,3.4528426636931737
2_221,0.8533806800842285,0.8408734202384949,0.7881932258605957,0,FRIENDS,0.6213333333333333,0.4356666666666666,0.4166666666666667,1.0843251690280897,0.8398456009839566,1.1904863946546058,-0.056236396789538456,0.0004787149664986375,-0.9493495363654704,1.1405615658176282,0.8393668860174579,2.1398359310200763,2.565992062818504
2_222,0.73894202709198,0.7489147186279297,0.541440486907959,1,GOLDENGIRLS,0.6186,0.333,0.5382,0.120911518996887,-0.6395969947109215,0.24062021983412663,-1.0379455303495093,-0.019475446058211388,0.23450210563464816,1.1588570493463963,0.6201215486527101,0.006118114199478469,1.3143583328927577
2_223,0.7945799231529236,0.8000417947769165,0.8833649754524231,1,FRIENDS,0.6587272727272727,0.4464545454545455,0.4821818181818182,0.5893049081410346,1.410461922612639,0.768725547561089,0.046918400007201114,0.2734657959475729,-0.31116890254403295,0.5423865081338335,1.1369961266650659,1.079894450105122,1.6592514395427895
2_225,0.6581995487213135,0.6396393775939941,0.6012663841247559,0,FRIENDS,0.6845,0.4505,0.5565,-0.5588273958339108,-0.2809019664657358,-0.8881141834600411,0.0856014488059778,0.4616145093790183,0.4127617193093779,0.6444288446398886,0.7425164758447541,1.300875902769419,1.6306125741913577
2_226,0.9143915176391602,0.8573365807533264,0.7865005731582642,1,FRIENDS,0.672125,0.49475,0.521,1.5979512224930743,0.8296970509894295,1.3605388098126943,0.5087244601049593,0.3712732620567765,0.06695755070539391,1.0892267623881149,0.45842378893265295,1.2935812591073004,1.7521186558208588
2_227,0.7518095374107361,0.7499967813491821,0.7136319875717163,1,FRIENDS,0.6130000000000001,0.3886,0.6096,0.2292379870115592,0.3928026527251432,0.2517971368626486,-0.5062926619150833,-0.060357141816154605,0.9300068278409714,0.7355306489266424,0.4531597945412978,0.6782096909783228,1.098329422275517
2_228,0.4798488616943359,0.5508578419685364,0.4659125506877899,0,FRIENDS,0.5549999999999999,0.5960000000000001,0.4675,-2.0602911223063964,-1.0924359236052104,-1.8051625558519464,1.476887282568731,-0.4837747050234295,-0.454183942824554,3.537178404875127,0.6086612185817808,1.3509786130273924,3.835002315485328
2_230,0.7919489741325378,0.7963390946388245,0.4052890539169311,0,FRIENDS,0.5035000000000001,0.5375,0.5489999999999999,0.567155991385194,-1.4559130781181535,0.7304793614462486,0.9175043184785511,-0.859740299940232,0.33970450059022567,0.35034832709335706,0.5961727781779215,0.3907748608560229,0.7942738341494948
2_231,0.7000277042388916,0.690229058265686,0.6464611291885376,0,FRIENDS,0.47,0.575,0.404,-0.20669273741572503,-0.009930178137324809,-0.36555975823000253,1.2760831416132807,-1.1043004442065028,-1.0727350613133708,1.4827758790290058,1.0943702660691779,0.7071753030833683,1.9739218566036543
2_232,0.6956323385238647,0.7108687162399292,0.7727799415588379,0,FRIENDS,0.9096666666666668,0.468,0.5826666666666667,-0.24369557881602408,0.7474329719190664,-0.15236717692734375,0.2529382329355186,2.1053993596463383,0.6676502379517512,0.49663381175154264,1.3579663877272719,0.8200174148790949,1.662271462149584
2_234,0.8922929763793945,0.8416681289672852,0.9221380949020386,0,FRIENDS,0.6625000000000001,0.3605,0.47125,1.4119123646529876,1.6429319033926182,1.198695154968657,-0.7749877267173744,0.3010078474728117,-0.4176553334649784,2.186900091370362,1.3419240559198065,1.6163504884336355,3.0324711182386572
2_235,0.7830427289009094,0.7879880666732788,0.7394406795501709,0,FRIENDS,0.6456,0.3868,0.473,0.4921778436848946,0.5475424882956145,0.6442193463468145,-0.5235044454255505,0.17763272991758783,-0.40060864909717664,1.0156822891104451,0.36990975837802664,1.0448279954439912,1.503365983990403
2_236,0.7803723216056824,0.7903378009796143,0.6231191158294678,1,FRIENDS,0.7536666666666667,0.5579999999999999,0.5496666666666666,0.46969674335650374,-0.14988067667795213,0.6684903843053027,1.1135274084588698,0.966552120675049,0.34619847558748396,0.643830665102366,1.116432797353001,0.32229190871781876,1.3284623407370557
2_24,0.6849137544631958,0.646702766418457,0.6966411471366882,1,FRIENDS,0.441,0.613,0.6255,-0.33393108861143206,0.2909315521937713,-0.8151545395497203,1.6394430157231408,-1.3160092258101395,1.084888131525572,1.9733741043345727,1.6069407780039109,1.9000426710752922,3.1759449257783143
2_241,0.751849889755249,0.7408180236816406,0.6740047931671143,1,FRIENDS,0.5636666666666666,0.3021666666666667,0.3901666666666667,0.22957769740221856,0.1552119390459606,0.15698727893105172,-1.3327770071491762,-0.4205054139694688,-1.2074850425064723,1.5623547045513948,0.5757173530154294,1.364472321437524,2.1527162863150533
2_242,0.7905840277671814,0.7847117185592651,0.8623659610748291,1,FRIENDS,0.784,0.4285,0.5505,0.5556650490719012,1.2845592215132,0.6103770650190744,-0.12476479409973065,1.1879946393639105,0.35431594433405655,0.6804298431716318,0.09656458214928954,0.25606112068501785,0.7334008368761966
2_243,0.7439655661582947,0.7257229089736938,0.6119475960731506,0,FRIENDS,0.7293333333333333,0.527,0.604,0.1632027028006705,-0.21686117811552627,0.0010657770504029058,0.8171022480008271,0.788911418869698,0.8754574378640044,0.6538995452001566,1.0057725969852243,0.8743916608136015,1.4844944959681536
2_245,0.4200543761253357,0.4987315535545349,0.5996145009994507,0,FRIENDS,0.722,0.39175,0.601,-2.5636771906278275,-0.2908060764223639,-2.3435890159500743,-0.47617204077176606,0.7353758649009624,0.8462345503763438,2.0875051498560615,1.0261819413233262,3.1898235663264183,3.9478730364165813
2_246,0.708764910697937,0.7215162515640259,0.7879908084869385,1,FRIENDS,0.4974,0.3928,0.5056,-0.1331376601259277,0.8386319776378965,-0.04238591933634191,-0.4661318337239937,-0.9042721471051354,-0.0830532717312637,0.332994173598066,1.742904124743032,0.040667352394921794,1.774895416988659
2_247,0.7442965507507324,0.7168130874633789,0.855156660079956,1,FRIENDS,0.958,0.353,0.526,0.16598913086467557,1.2413347895483418,-0.09096616694307062,-0.8467034913443204,2.458247328985731,0.11566236318482835,1.012692622208996,1.2169125394373894,0.20662853012789897,1.5965956987225365
2_248,0.6987009644508362,0.6921461820602417,0.7366513013839722,1,FRIENDS,0.44,0.467,0.62,-0.21786203370182056,0.5308183583342131,-0.34575727066222794,0.24337613098525912,-1.323309528624058,1.0313128377981946,0.4612381646870797,1.854127886958271,1.3770701084604227,2.355175778869902
2_250,0.5689409971237183,0.5464426279067993,0.4224354326725006,1,FRIENDS,0.5583333333333332,0.336,0.4596666666666666,-1.3102597549421777,-1.3531094245474573,-1.8507684900200505,-1.009259224498731,-0.45944036231036806,-0.5304881490423353,0.30100053044344666,0.8936690622370893,1.3202803409777153,1.6224629089440494
2_251,0.9044868350028992,0.8598313927650452,0.510753870010376,0,FRIENDS,0.738,0.329,0.491,1.514567626116357,-0.8235831516579724,1.3863083944301788,-1.0761939381505474,0.8521807099236587,-0.22527132417121268,2.5907615642669044,1.675763861581631,1.6115797186013916,3.48100835851812
2_254,0.6247994303703308,0.6371347904205322,0.7569859623908997,1,FRIENDS,0.6736666666666666,0.4496666666666666,0.3673333333333333,-0.8400097506644412,0.6527378303950226,-0.9139847383536455,0.07763303051409419,0.3825278955615675,-1.429903686162557,0.9176427811785354,0.2702099348334551,0.5159189478089115,1.0868551161217541
2_255,0.892254650592804,0.8723748922348022,0.6425732374191284,1,GOLDENGIRLS,0.8865000000000001,0.453,0.458,1.4115897150500423,-0.03324060911989448,1.515873575881501,0.10950670368162647,1.9362756777905583,-0.5467230865354794,1.3020830113684159,1.9695162869104528,2.0625966624169805,3.1350788769524516
2_257,0.9851585030555724,0.8704997301101685,0.7408539056777954,0,FRIENDS,0.7005,0.4722499999999999,0.4589999999999999,2.1937104169529094,0.5560156948724945,1.4965045216941426,0.29357716622412006,0.5784193544017147,-0.5369821240395936,1.9001332507287894,0.022403659529220188,2.033486645733736,2.7831773628108754
2_258,0.8021395206451416,0.8005295395851135,0.7127561569213867,1,FRIENDS,0.6058,0.3754,0.4976,0.6529461624053416,0.3875514803320317,0.7737635949360143,-0.6325124076585081,-0.1129193220763686,-0.16098097169835934,1.2854585700638497,0.5004708024084003,0.9347445666343737,1.6663199465487977
2_259,0.534509539604187,0.5549042224884033,0.6271892786026001,0,FRIENDS,0.6653333333333332,0.4951666666666667,0.5499999999999999,-1.6001245453555424,-0.12547741289436606,-1.763366402590116,0.5127086692509009,0.32169203877891267,0.3494454630861126,2.112833214606443,0.4471694516732787,2.1128118656762283,3.021257799492827
2_260,0.6660138964653015,0.6552814245223999,0.4074417650699615,1,FRIENDS,0.474,0.4519999999999999,0.6285000000000001,-0.4930415001963718,-1.4430061795380655,-0.7265432714960103,0.09994460173136595,-1.0750992329508289,1.1141110190132337,0.5929861019277377,0.36790694658723666,1.840654290509244,1.96850101742333
2_263,0.7423248887062073,0.7182803750038147,0.5003475546836853,0,FRIENDS,0.7053999999999999,0.4347999999999999,0.4984,0.1493904897825176,-0.8859757565947458,-0.07581015909404976,-0.06452355181309681,0.6141908381899146,-0.15318820170164962,0.2139140415956144,1.5001665947846603,0.07737804260759987,1.5173155211680123
2_268,0.8951036930084229,0.867750883102417,0.8201430439949036,0,FRIENDS,0.4269999999999999,0.3407142857142857,0.4011428571428571,1.4355746736366402,1.0314054680526363,1.4681109412423758,-0.9641807438760797,-1.4182134652049996,-1.1005663827301913,2.39975541751272,2.4496189332576357,2.568677323972567,4.284572578069695
2_27,0.7727375626564026,0.7640064358711243,0.3059124052524566,0,FRIENDS,0.6516666666666666,0.5056666666666667,0.535,0.4054227345831547,-2.0517404949714613,0.39650662838709966,0.6131107397286253,0.22192123365536012,0.20333102564781033,0.2076880051454706,2.2736617286268213,0.19317560273928933,2.291285398460283
2_271,0.5833238363265991,0.6198500394821167,0.4767777323722839,1,SARCASMOHOLICS,0.125,0.685,0.346,-1.1891763338082546,-1.0272921174524057,-1.092523582085114,2.327914356141823,-3.6229049150083896,-1.6377108860748102,3.5170906899500776,2.595612797555984,0.5451873039896962,4.4050382419000025
2_279,0.7348663806915283,0.7290397882461548,0.7630223035812378,1,FRIENDS,0.6476666666666666,0.381,0.487,0.08660026775241779,0.6889296081116133,0.03532671562059072,-0.5789646367370551,0.19272002239968605,-0.2642351741547602,0.6655649044894729,0.49620958571192725,0.2995618897753509,0.8825745978931544
2_28,0.523018479347229,0.5704729557037354,0.6146188974380493,0,FRIENDS,0.7833333333333333,0.4019999999999999,0.4526666666666667,-1.6968632259972507,-0.20084499510599316,-1.602552767696983,-0.37816049578160726,1.183127770821298,-0.5986748865135424,1.3187027302156435,1.3839727659272911,1.0038778811834406,2.1591962180024264
2_280,0.7482601404190063,0.7512838244438171,0.6661868691444397,1,FRIENDS,0.4933999999999999,0.4258,0.4458,0.19935702090613205,0.10833841756796363,0.2650913513276081,-0.15058246936543102,-0.9334733583608102,-0.6655628289852997,0.34993949027156307,1.041811775928774,0.9306541803129078,1.4401203514461136
2_281,0.6924583315849304,0.713066577911377,0.5898373126983643,1,GOLDENGIRLS,0.625,0.3364999999999999,0.5065000000000001,-0.27041628489135866,-0.349426657090096,-0.1296648722832037,-1.0044781735236024,0.02724649195086681,-0.0742864054849654,0.7340618886322436,0.37667314904096283,0.055378466798238296,0.8269197616067083
2_282,0.7533604502677917,0.7162737846374512,0.268350750207901,1,FRIENDS,0.639,0.4225,0.5589999999999999,0.24229450749155404,-2.276946961467379,-0.09653677095728604,-0.1821374058012875,0.12945073134572607,0.4371141255490945,0.4244319132928416,2.4063976928131052,0.5336508965063805,2.501134859286824
2_283,0.6948376893997192,0.6807541847229004,0.6497806310653687,1,FRIENDS,0.653,0.5446666666666666,0.4716666666666667,-0.2503854147514311,0.009972387053716922,-0.4634282767211288,0.9860327157887437,0.23165497074058536,-0.4135965990916921,1.236418130540175,0.22168258368686844,0.04983167762943669,1.2571221728749797
2_286,0.7294540405273438,0.7580744028091431,0.8348004817962646,1,FRIENDS,0.4941666666666667,0.4818333333333333,0.4578333333333333,0.041035921646904595,1.11928630746753,0.33523306259280694,0.3852139765807738,-0.9278764595368051,-0.5483465802847942,0.34417805493386916,2.0471627670043353,0.8835796428776012,2.2561132315144596
2_287,0.7207911014556885,0.6811532974243164,0.4558843970298767,1,FRIENDS,0.549,0.43725,0.3295,-0.03189392795195986,-1.1525612042430797,-0.45930573422785004,-0.04109640203495998,-0.5275765219069398,-1.7984367672569432,0.009202474083000123,0.6249846823361399,1.3391310330290933,1.4778235558772301
2_288,0.7680268883705139,0.7694692611694336,0.7285082340240479,1,FRIENDS,0.235,0.82,0.213,0.36576543532969763,0.4819953918171237,0.45293362092764533,3.61879811942685,-2.819871605477353,-2.933258898027765,3.2530326840971524,3.3018669972944767,3.3861925189554105,5.740282840336037
2_289,0.7845022678375244,0.7497080564498901,0.5734290480613708,1,FRIENDS,0.7073333333333333,0.3726666666666666,0.7120000000000001,0.504465123354135,-0.4478048381325424,0.2488148196826243,-0.6586488196558848,0.6283047569634905,1.9274813874197883,1.16311394301002,1.0761095950960329,1.678666567737164,2.308412300851071
2_29,0.5447515249252319,0.5329468846321106,0.4022009074687958,0,FRIENDS,0.518,0.3165,0.425,-1.5139013314001821,-1.4744285175678131,-1.9901696539792313,-1.1957202125287907,-0.7538859091384139,-0.8681748488997466,0.31818111887139144,0.7205426084293992,1.1219948050794848,1.370873158827557
2_291,0.508215606212616,0.5273176431655884,0.379029631614685,0,FRIENDS,0.4456666666666666,0.5143333333333333,0.418,-1.8214827462788497,-1.6133553341076197,-2.048315603903474,0.6959822899642067,-1.2819411460118537,-0.9363615863709549,2.517465036243056,0.33141418809576595,1.111954017532519,2.771986166972003
2_292,0.7389554381370544,0.7533989548683167,0.702906608581543,1,GOLDENGIRLS,0.646,0.365,0.416,0.12102442126852415,0.3284970543338764,0.28693910265922257,-0.7319582679412068,0.18055285104315572,-0.9558435113627286,0.852982689209731,0.14794420329072067,1.2427826140219511,1.514587594394601
2_294,0.6941736936569214,0.6416025161743164,0.6936702728271484,1,FRIENDS,0.729,0.37,0.5,-0.2559753316671553,0.2731192352215474,-0.8678363967876054,-0.6841477581899094,0.786477984598392,-0.1376026617082307,0.42817242652275406,0.5133587493768446,0.7302337350793746,0.9900051213221654
2_295,0.6657019257545471,0.6961374282836914,0.2728334367275238,0,FRIENDS,0.677,0.69,0.892,-0.49566785792858903,-2.250070350458209,-0.3045306143846094,2.3757248658931194,0.4068622382746298,3.6808546366794257,2.8713927238217085,2.6569325887328388,3.9853852510640353,5.584575414020799
2_297,0.6690502166748047,0.6913018226623535,0.6367244720458984,1,FRIENDS,0.4543333333333333,0.3898333333333333,0.3526666666666666,-0.4674799241098453,-0.06830774824106378,-0.3544788860982774,-0.49449940284309685,-1.2186718549578928,-1.5727711361022316,0.027019478733251556,1.1503641067168289,1.2182922500039544,1.6757994022773495
2_299,0.6681485176086426,0.6697242856025696,0.5334022045135498,0,FRIENDS,0.6998000000000001,0.4726,0.4034,-0.47507097106685386,-0.6877917074463931,-0.5773590728566921,0.2969239019067121,0.5733091424319722,-1.0785796388109032,0.771994872973566,1.2611008498783653,0.5012205659542112,1.5612730360820517
2_3,0.8021397590637207,0.77878338098526,0.853547215461731,1,FRIENDS,0.7200000000000001,0.307,0.4723333333333333,0.6529481695568374,1.2316851259469537,0.5491416709145343,-1.2865601810562557,0.7207752592731261,-0.4071026240944344,1.9395083506130932,0.5109098666738275,0.9562442950089687,2.2219641504083247
2_30,0.5653724670410156,0.5965893864631653,0.5975583791732788,0,FRIENDS,0.51,0.441,0.444,-1.3403017949551406,-0.3031338593863475,-1.3327891265085834,-0.005238519721487218,-0.8122883316497621,-0.6830965614778958,1.3350632752336533,0.5091544722634146,0.6496925650306876,1.569628189909827
2_300,0.788270115852356,0.7706820964813232,0.3721977770328522,0,FRIENDS,0.728,0.478,0.577,0.536185142017563,-1.6543167301952908,0.46546132323547634,0.3485592524381128,0.7791776817844734,0.6124514504750584,0.18762588957945014,2.433494411979764,0.1469901272395821,2.445138978684673
2_301,0.656200647354126,0.6843152046203613,0.5759062767028809,0,FRIENDS,0.5915,0.3303333333333333,0.4519999999999999,-0.5756553539744607,-0.4329522468823649,-0.4266455439376092,-1.063444468883535,-0.21731365231540317,-0.6051688615108018,0.4877891149090743,0.21563859456696172,0.17852331757319267,0.5624133702250789
2_302,0.8686351180076599,0.8318507075309753,0.3094018399715423,0,FRIENDS,0.44325,0.46975,0.4837499999999999,1.2127462342426802,-2.0308190722540305,1.0972883671064326,0.2696719113484724,-1.299583544478823,-0.29589330226639343,0.9430743228942078,0.7312355277752074,1.393181669372826,1.8344071902005588
2_303,0.8622239232063293,0.8579660654067993,0.8767392635345459,1,FRIENDS,0.918,0.472,0.461,1.1587729269456315,1.3707364854008062,1.3670409261913556,0.291186640736556,2.1662352164289915,-0.5175001990478187,0.8675862862090755,0.7954987310281854,1.8845411252391744,2.221940469005244
2_305,0.5848801732063293,0.5886499881744385,0.513800859451294,0,FRIENDS,0.7079999999999999,0.5383333333333332,0.5373333333333333,-1.176074150631731,-0.8053144751413084,-1.4147973079075122,0.9254727367704331,0.6331716255061023,0.2260599381382127,2.101546887402164,1.4384861006474106,1.640857246045725,3.029546844596775
2_306,0.6326976418495178,0.6733827590942383,0.6046687364578247,1,SARCASMOHOLICS,0.7597142857142857,0.3884285714285714,0.5504285714285714,-0.7735178394882645,-0.2605026590924139,-0.539569715674052,-0.5079318793922709,1.010701571025889,0.35362016129863566,0.26558596009599356,1.271204230118303,0.8931898769726876,1.5761612395936093
2_31,0.8402016758918762,0.7806484699249268,0.5126268267631531,1,FRIENDS,0.604,0.4,0.5,0.9733763575841917,-0.812353562022152,0.5684066764636959,-0.39728469968212515,-0.1260598671414221,-0.1376026617082307,1.370661057266317,0.6862936948807299,0.7060093381719266,1.6876492393638625
2_310,0.6630798578262329,0.6929261684417725,0.7561213970184326,1,FRIENDS,0.7004999999999999,0.44525,0.62275,-0.5177420082912121,0.6475542006439621,-0.33770058143477183,0.035400413567115284,0.5784193544017138,1.0581004846618838,0.5531424218583274,0.0691348462422483,1.3958010660966556,1.5029992621225052
2_312,0.6990952491760254,0.6690062880516052,0.4935422241687774,1,SARCASMOHOLICS,0.4375,0.627,0.4795,-0.21454270691568814,-0.9267781237103928,-0.5847754627721694,1.7733124430267735,-1.3415602856588544,-0.3372923928739119,1.9878551499424617,0.4147821619484616,0.24748306989825752,2.0456930876623876
2_313,0.5222536325454712,0.5755323767662048,0.6340824365615845,1,FRIENDS,0.5223333333333333,0.4243333333333334,0.4896666666666667,-1.7033021679956863,-0.08414846332865475,-1.5502926460636224,-0.16460688555914443,-0.722251263611434,-0.23825927416572817,1.5386952824365419,0.6381028002827792,1.3120333718978943,2.1204221100750087
2_314,0.7003681063652039,0.6663118600845337,0.5149952173233032,0,FRIENDS,0.729,0.352,0.808,-0.203827026867637,-0.7981535256099915,-0.6126069343087087,-0.85626559329458,0.786477984598392,2.8626137870249284,0.652438566426943,1.5846315102083834,3.475220721333637,3.8747764023351374
2_315,0.60489422082901,0.6430593729019165,0.720763623714447,1,FRIENDS,0.6414,0.3336,0.526,-1.007583818319176,0.43556143356517324,-0.8527881316112732,-1.032208269179354,0.1469714580991302,0.11566236318482835,0.024624450860177838,0.28858997546604304,0.9684504947961016,1.0108347532561741
2_316,0.721052885055542,0.7129013538360596,0.880407452583313,0,FRIENDS,0.823,0.24,0.647,-0.029690075609602542,1.3927296561791422,-0.1313715162185933,-1.9272210117236401,1.472706449106732,1.2943188251871405,1.8975309361140376,0.07997679292758986,1.4256903414057338,2.3747869147555947
2_317,0.7598558068275452,0.7053948640823364,0.7277557253837585,0,FRIENDS,0.553625,0.377125,0.50425,0.29697633926661016,0.47748361480180906,-0.20890806886473176,-0.6160177817943108,-0.49381262139256676,-0.0962035711007117,0.9129941210609209,0.9712962361943758,0.11270449776402006,1.3377880801357904
2_318,0.7415816783905029,0.7011626362800598,0.5301587581634521,1,FRIENDS,0.454,0.6325000000000001,0.4695,0.1431336967823233,-0.7072382704614711,-0.25262388871766783,1.825904003753201,-1.2211052892291987,-0.43470201783278073,1.6827703069708777,0.5138670187677276,0.1820781291151129,1.7688775152910259
2_322,0.9056552648544312,0.8795648813247681,0.895897388458252,0,FRIENDS,0.587,0.135,0.533,1.52440417380926,1.4856018611047608,1.5901409080020554,-2.931241716500884,-0.2501650149780369,0.18384910065603657,4.455645890310144,1.7357668760827978,1.4062918073460189,4.9843077348165865
2_323,0.7875462770462036,0.8077991008758545,0.6751773357391357,1,FRIENDS,0.4355,0.5995,0.3139999999999999,0.5300914300764,0.16224209171489282,0.8488528497310801,1.5103546393946385,-1.3561608912866914,-1.949421685943191,0.9802632093182385,1.5184029830015842,2.7982745356742713,3.331186568677002
2_326,0.4687178432941437,0.5422043204307556,0.5756308436393738,0,FRIENDS,0.462,0.312,0.392,-2.153998753295552,-0.43460364661208917,-1.8945471084593537,-1.2387496713049584,-1.1627028667178505,-1.1896266112640135,0.9152490819905934,0.7280992201057613,0.7049204971953402,1.3655483381299132
2_334,0.3729508221149444,0.4855290353298187,0.3641781806945801,0,FRIENDS,0.306,0.4795,0.406,-2.960223337511143,-1.7023994079133922,-2.479961379461871,0.36290240536350205,-2.301550105689139,-1.053253136321597,3.323125742874645,0.5991506977757468,1.4267082431402742,3.665739034989498
2_337,0.6986097097396851,0.7064056992530823,0.6420797109603882,0,FRIENDS,0.6412,0.3229999999999999,0.3314,-0.2186302709368272,-0.03619962010498795,-0.19846688037257004,-1.1335665498521053,0.14551139753634665,-1.7799289385147585,0.9149362789152781,0.1817110176413346,1.5814620581421885,1.8360690427516368
2_338,0.5334255695343018,0.6143314838409424,0.7502005100250244,1,SARCASMOHOLICS,0.668,0.38375,0.63825,-1.6092500596310684,0.6120546456662755,-1.1495262283340253,-0.5526688563738419,0.34115951294936314,1.20908540334813,1.0565812032572266,0.2708951327169124,2.3586116316821553,2.5986144079321503
2_339,0.7283605337142944,0.724163293838501,0.8902254104614258,0,FRIENDS,0.958,0.353,0.526,0.03183012131154773,1.4515946768847734,-0.015043907370017134,-0.8467034913443204,2.458247328985731,0.11566236318482835,0.8785336126558682,1.0066526521009578,0.1307062705548455,1.3424809122331756
2_34,0.8241531848907471,0.793126106262207,0.7546626925468445,1,FRIENDS,0.292,0.4014999999999999,0.2345,0.8382704743129337,0.6388083219195427,0.6972915398960406,-0.382941546756737,-2.403754345083998,-2.723828204366197,1.2212120210696706,3.0425626670035406,3.4211197442622376,4.738418163019141
2_341,0.6926685571670532,0.7320462465286255,0.688380777835846,1,FRIENDS,0.765,0.567,0.6205,-0.268646479059962,0.24140528451500756,0.0663812322515617,1.199586326011205,1.0492888858994587,1.0361833190461387,1.468232805071167,0.8078836013844511,0.969802086794577,1.9362075226649067
2_342,0.8492603302001953,0.853546142578125,0.8635106682777405,1,GOLDENGIRLS,0.6785,0.415,0.4575,1.0496375768781632,1.2914224831036252,1.3213863539024377,-0.2538531704282336,0.4178126924955072,-0.5515935677834228,1.3034907473063968,0.8736097906081179,1.8729799216858605,2.4434270976638777
2_343,0.7715694904327393,0.7859221696853638,0.8000123500823975,0,FRIENDS,0.724,0.369,0.5705,0.3955891976174953,0.9107089109182748,0.6228801404302909,-0.6937098601401689,0.7499764705287995,0.5491351942517942,1.0892990577576642,0.16073244038947532,0.0737449461784967,1.1035604522236924
2_344,0.89765465259552,0.8636671304702759,0.8788566589355469,1,GOLDENGIRLS,0.622,0.341,0.3726666666666666,1.4570501910656493,1.3834316431585914,1.425928761376112,-0.9614487147474337,0.005345583509111254,-1.377951886184494,2.418498905813083,1.3780860596494802,2.803880647560606,3.9509498643976984
2_345,0.8125186562538147,0.804939866065979,0.6933256983757019,1,FRIENDS,0.5233333333333333,0.436,0.5323333333333333,0.7403239902586447,0.27105328805912887,0.8193190439660587,-0.053049029472784594,-0.7149509607975154,0.17735512565877828,0.7933730197314293,0.9860042488566443,0.6419639183072804,1.4190711044939075
2_347,0.7667149305343628,0.7060946822166443,0.2354813069105148,0,FRIENDS,0.67,0.548,0.536,0.3547205824363399,-2.4740205774172495,-0.2016794590359405,1.017906388956276,0.3557601185772002,0.2130719881436972,0.6631858065199361,2.8297806959944496,0.41475144717963774,2.9358973013935508
2_35,0.9551199674606324,0.9000268578529358,0.4459285736083984,0,FRIENDS,0.4765555555555555,0.5344444444444445,0.4441111111111111,1.940827894637014,-1.2122528182347647,1.8014981698345134,0.8882867847416478,-1.0564429035374816,-0.6820142323116861,1.0525411098953663,0.15580991469728311,2.4835124021461996,2.7018425877818513
2_350,0.6818064451217651,0.7142173647880554,0.7005740404129028,1,GOLDENGIRLS,0.5408,0.4167,0.4024,-0.36009029405582454,0.3145117963760687,-0.1177780849597668,-0.23759759711279213,-0.5874390049810724,-1.08832060130679,0.12249269694303241,0.9019508013571411,0.9705425163470233,1.3305910284194684
2_351,0.6380160450935364,0.6604086756706238,0.5338020324707031,1,GOLDENGIRLS,0.6352,0.3982,0.4511999999999999,-0.7287443110720853,-0.6853944797062956,-0.6735825146539652,-0.4144964831925924,0.10170958065283554,-0.6129616315075115,0.31424782787949285,0.7871040603591312,0.06062088314645375,0.849681934981712
2_352,0.6236495971679688,0.6287188529968262,0.6126686334609985,1,GOLDENGIRLS,0.599,0.2215,0.301,-0.8496897405406741,-0.21253809165578283,-1.000915220713411,-2.10411989780344,-0.16256138121101468,-2.0760541983897194,1.2544301572627656,0.049976710444768147,1.0751389776763083,1.6528812759409022
2_353,0.5311633348464966,0.5864030122756958,0.3829736411571502,0,FRIENDS,0.283,0.381,0.329,-1.6282949165986982,-1.5897084407044624,-1.4380069266219124,-0.5789646367370551,-2.469457070409265,-1.8033072485048867,1.049330279861643,0.8797486297048025,0.36530032188297423,1.417214173253216
2_357,0.6364023685455322,0.6407642364501953,0.6125388145446777,1,FRIENDS,0.6143333333333333,0.4496666666666667,0.5043333333333333,-0.7423292141833421,-0.21331644019751392,-0.8764952136372877,0.07763303051409524,-0.050623404730931,-0.09539182422605455,0.8199622446974373,0.16269303546658292,0.7811033894112331,1.144084617267581
2_358,0.5892953276634216,0.5851967930793762,0.3999500870704651,0,FRIENDS,0.699,0.3923333333333333,0.561,-1.138904715657283,-1.4879236446601551,-1.450466289291638,-0.47059414796744814,0.5674689001808364,0.4565960505408694,0.6683105676898348,2.0553925448409913,1.9070623398325073,2.882388644211823
2_359,0.7804567813873291,0.739465594291687,0.7633540034294128,1,FRIENDS,0.6114999999999999,0.42125,0.574,0.47040777677388085,0.6909183636831163,0.14301767182643768,-0.1940900332391116,-0.0713075960370336,0.5832285629873978,0.6644978100129925,0.76222595972015,0.4402108911609601,1.1028741459840707
2_36,0.8389427661895752,0.8316522836685181,0.3377817273139953,0,FRIENDS,0.5486153846153845,0.5886153846153845,0.496,0.9627780958986433,-1.8606632540302415,1.095238793635685,1.4062748373975824,-0.530384330681525,-0.17656651169177826,0.44349674149893914,1.3302789233487164,1.2718053053274634,1.8930980186680983
2_365,0.3975787460803985,0.4570778608322143,0.3667842149734497,0,FRIENDS,0.352,0.2845,0.3065,-2.752890609452414,-1.6867745433855834,-2.773841216996295,-1.501707474937094,-1.9657361762488874,-2.0224789046623415,1.2511831345153202,0.278961632863304,0.7513623123339537,1.4858748780099784
2_369,0.8092391490936279,0.7915337085723877,0.7801682949066162,1,FRIENDS,0.6491250000000001,0.463125,0.51675,0.7127151196464312,0.7917309387872121,0.6808432356471703,0.20632298592800352,0.2033662973366514,0.02555846009787492,0.5063921337184276,0.5883646414505608,0.6552847755492954,1.0158760167795278
2_370,0.7574799060821533,0.774566650390625,0.681422770023346,1,FRIENDS,0.5429999999999999,0.4535,0.5992500000000001,0.2769745728233713,0.19968751804690718,0.505585925889593,0.11428775465675621,-0.5713783387904517,0.8291878660085426,0.16268681816661507,0.771065856837359,0.3236019401189496,0.8518965735547104
2_371,0.516525387763977,0.5467838644981384,0.2047076374292373,0,FRIENDS,0.406,0.362,0.212,-1.751525989833097,-2.6585286710241713,-1.8472437654420903,-0.7606445737919851,-1.5715198242972872,-2.942999860523652,0.9908814160411119,1.0870088467268841,1.0957560950815615,1.8341525654717337
2_372,0.737395167350769,0.7370590567588806,0.6785280108451843,1,FRIENDS,0.4145,0.4265,0.34575,0.10788912009232025,0.18233156061912342,0.11815989805610752,-0.1438889980002496,-1.5094672503789803,-1.6401461266987816,0.25177811809256984,1.6917988109981037,1.7583060247548892,2.4530013278296803
2_373,0.6451960206031799,0.6765276193618774,0.7136895656585693,1,FRIENDS,0.669,0.3356666666666667,0.4553333333333333,-0.6682989437769208,0.3931478706734041,-0.5070856076946053,-1.012446591815484,0.34845981576328167,-0.5726989865245115,0.3441476480385631,0.044688054910122454,0.06561337882990614,0.35318513754630393
2_375,0.7576109170913696,0.7108750343322754,0.6542439460754395,0,FRIENDS,0.441,0.337,0.543,0.27807750257029784,0.03673285330803688,-0.15230191565131515,-0.9996971225484715,-1.3160092258101395,0.28125872561490545,1.2777746251187694,1.3527420791181763,0.4335606412662206,1.9106527562248339
2_376,0.885155439376831,0.8625258803367615,0.7983960509300232,1,FRIENDS,0.182,0.466,0.2375,1.3518242703240704,0.9010181499420936,1.4141404816391334,0.23381402903499965,-3.2067876546150345,-2.6946053168785364,1.1180102412890707,4.107805804557128,4.10874579851767,5.91657058306728
2_377,0.669763445854187,0.6886395215988159,0.7652596235275269,1,FRIENDS,0.7503333333333334,0.5683333333333334,0.65,-0.46147553041024425,0.702343791244037,-0.3819785102029354,1.2123357952782183,0.9422177779619876,1.3235417126748013,1.6738113256884626,0.23987398671795057,1.7055202228777366,2.4016625729173233
2_378,0.8092191219329834,0.8105901479721069,0.705036997795105,1,GOLDENGIRLS,0.432,0.6925,0.5335000000000001,0.7125465189207864,0.34127011841952987,0.8776823262529247,2.3996301207687685,-1.3817119511354061,0.18871958190398055,1.687083601847982,1.722982069554936,0.6889627443489442,2.507905092848013
2_38,0.8350567817687988,0.7681900858879089,0.4972976744174957,0,FRIENDS,0.727,0.649,0.605,0.9300635336690605,-0.9042617654825181,0.43972067522151387,1.983678685932482,0.771877378970555,0.8851984003598913,1.0536151522634216,1.676139144453073,0.4454777251383774,2.0292850278463637
2_380,0.8560477495193481,0.8350576758384705,0.6581745147705078,0,FRIENDS,0.6164285714285713,0.4235714285714285,0.4561428571428571,1.1067781692355396,0.06029916011975231,1.1304140057426888,-0.17189229656886731,-0.035327532168435476,-0.5648134454564125,1.278670465804407,0.09562669228818779,1.6952274511991012,2.1255443386806685
2_385,0.8476439118385315,0.7635354995727539,0.545325517654419,0,FRIENDS,0.765,0.361,0.704,1.036029591524705,-0.6163037174152218,0.391642200633307,-0.7702066757422447,1.0492888858994587,1.849553687452692,1.8062362672669496,1.6655926033146806,1.457911486819385,2.856955385862182
2_387,0.6817526817321777,0.6908165216445923,0.7341032028198242,0,FRIENDS,0.7966666666666667,0.3756666666666666,0.5743333333333333,-0.36054290671812106,0.5155408559655239,-0.3594916909041728,-0.6299625138051064,1.2804651416735453,0.5864755504860264,0.2694196070869853,0.7649242857080214,0.9459672413901992,1.2460136874578127
2_388,0.7851728200912476,0.767645001411438,0.8238343000411987,0,FRIENDS,0.94,0.5960000000000001,0.6745000000000001,0.5101102369359929,1.0535369404313626,0.43409035098300813,1.476887282568731,2.326841878335198,1.5621952938240304,0.966777045632738,1.2733049379038353,1.1281049428410224,1.9566767957215114
2_389,0.8621852993965149,0.8503291606903076,0.8646361231803894,1,FRIENDS,0.302,0.372,0.33,1.1584477684033165,1.2981703146761534,1.2881572823004004,-0.6650235542893904,-2.330751316944813,-1.7935662860089998,1.8234713226927068,3.6289216316209663,3.0817235683094,5.098150647499825
2_39,0.8299129009246826,0.8152590990066528,0.7609371542930603,1,FRIENDS,0.5710000000000001,0.6193333333333334,0.492,0.8867592401477862,0.6764277866995934,0.9259091778932345,1.7000029947414514,-0.3669698600007324,-0.2155303616753258,0.8132437545936653,1.0433976467003259,1.1414395395685601,1.7472630815123023
2_390,0.8207618594169617,0.8186560869216919,0.515852153301239,1,GOLDENGIRLS,0.4247499999999999,0.4075,0.38775,0.8097202496492031,-0.793015639023918,0.9609975801896717,-0.32556893505517964,-1.434639146536316,-1.231025701871533,1.1352891847043827,0.6416235075123979,2.1920232820612044,2.550593720567356
2_392,0.6221039295196533,0.6332588195800781,0.5880502462387085,1,FRIENDS,0.5117142857142858,0.4741428571428572,0.5382857142857143,-0.862702103687762,-0.36014127875133667,-0.9540206841799496,0.3116768592013985,-0.7997735268259013,0.23533704527715235,1.1743789628891605,0.43963224807456464,1.1893577294571018,1.7282980850082166
2_397,0.5335462093353271,0.5899802446365356,0.5744325518608093,0,FRIENDS,1.0,0.519,0.673,-1.608234440974208,-0.44178818246285234,-1.4010567309414137,0.7406054323987513,2.764860047170309,1.5475838500801997,2.348839873372959,3.2066482296331613,2.948640581021613,4.94915375548221
2_398,0.7903013229370117,0.8136248588562012,0.8252127170562744,1,GOLDENGIRLS,0.4246000000000001,0.4577999999999999,0.4366,0.5532850691857898,1.0618014438179895,0.9090286716087784,0.15540479304287058,-1.4357341919584026,-0.7551796839474589,0.3978802761429192,2.497535635776392,1.6642083555562373,3.0274712908332835
2_400,0.6004157662391663,0.6197447776794434,0.6035057306289673,0,FRIENDS,0.436,0.5274,0.5368,-1.0452861520157517,-0.2674756328051124,-1.0936108595706473,0.8209270887809305,-1.352510739879732,0.22086475814040696,1.8662132407966823,1.0850351070746196,1.3144756177110541,2.527429364644271
2_405,0.7677161693572998,0.728905200958252,0.5167303681373596,0,FRIENDS,0.6358,0.4114000000000001,0.6075999999999999,0.36314961514283317,-0.7877501718917481,0.03393652730669832,-0.2882767374491665,0.10608976234118699,0.9105249028491966,0.6514263525919997,0.8938399342329351,0.8765883755424984,1.4112807307609248
2_406,0.5509765148162842,0.5930154919624329,0.3812819719314575,1,FRIENDS,0.3854999999999999,0.536,0.5660000000000001,-1.4614956094213312,-1.5998510941191275,-1.3697048445338218,0.9031611655531624,-1.7211760319826177,0.5053008630203039,2.3646567749744936,0.12132493786349019,1.8750057075541258,3.020259559597635
2_408,0.8130506277084351,0.7967603206634521,0.5070521831512451,1,FRIENDS,0.6596,0.4387999999999999,0.4774000000000001,0.7448024470335853,-0.8457771635200793,0.7348303184056275,-0.026275144012058913,0.2798369693124471,-0.35774841411527314,0.7710775910456442,1.1256141328325264,1.0925787325209007,1.747940535087522
2_409,0.8319493532180786,0.8039476871490479,0.844047486782074,0,FRIENDS,0.531,0.437,0.552,0.9039033246489201,1.1747280955371455,0.8090705609399059,-0.043486927522525115,-0.6589819725574732,0.3689273880778874,0.9473902521714452,1.8337100680946188,0.44014317286201854,2.1103949669097704
2_410,0.7225447297096252,0.7189774513244629,0.7576938271522522,1,FRIENDS,0.5509999999999999,0.3215,0.4665,-0.017130826912685117,0.6569819384214682,-0.06860987019636526,-1.1479097027774934,-0.5129759162791037,-0.46392490532044084,1.1307788758648083,1.1699578547005718,0.39531503512407556,1.6744360916060048
2_413,0.8704894185066223,0.8213247656822205,0.0580209605395793,0,FRIENDS,0.3346666666666666,0.4753333333333334,0.4048333333333334,1.2283568550010444,-3.538010369718291,0.9885630812427737,0.32306031390408824,-2.0922747583568087,-1.0646175925667982,0.9052965410969562,1.4457356113614823,2.053180673809572,2.6693190451098197
2_415,0.6665805578231812,0.6714075803756714,0.5512771010398865,0,FRIENDS,0.3855,0.607,0.5455,-0.4882710028787964,-0.5806201176721582,-0.5599718681743913,1.582070404021584,-1.7211760319826168,0.3056111318546221,2.0703414069003805,1.1405559143104587,0.8655830000290133,2.5172237216294544
2_416,0.6623989343643188,0.6829556226730347,0.5956999063491821,1,FRIENDS,0.5549999999999999,0.429,0.4465,-0.5234744329631361,-0.31427660848238786,-0.4406890317320669,-0.11998374312460092,-0.4837747050234295,-0.6587441552381786,0.4034906898385352,0.16949809654104164,0.21805512350611173,0.4889605080215364
2_42,0.5928633809089661,0.600612223148346,0.2995017170906067,0,FRIENDS,0.6145,0.435,0.5295,-1.1088666899473116,-2.090176725404462,-1.2912361638508218,-0.06261113142304407,-0.049406687595277235,0.14975573192043193,1.0462555585242677,2.0407700378091844,1.4409918957712538,2.708477558452545
2_420,0.862980842590332,0.8627539873123169,0.8607328534126282,1,FRIENDS,0.6733333333333333,0.4743333333333333,0.527,1.1651451311568326,1.274767682626657,1.4164966599727322,0.3134982119538277,0.38009446129026164,0.12540332568071524,0.851646919203005,0.8946732213363953,1.291093334292017,1.7868029118561706
2_421,0.7345267534255981,0.7314550876617432,0.6460041403770447,1,FRIENDS,0.3652857142857142,0.5081428571428572,0.4571428571428572,0.08374108044669101,-0.012670122246347955,0.06027499323597942,0.6367883255102206,-1.8687464388639703,-0.555072482960525,0.5530472450635295,1.8560763166176224,0.6153474761965044,2.032125258157727
2_422,0.7170368432998657,0.6943009495735168,0.9329769015312196,0,FRIENDS,0.6145,0.397,0.445,-0.06349953898012882,1.7079175739945902,-0.3235000971743962,-0.42597100553290357,-0.049406687595277235,-0.6733555989820089,0.36247146655277473,1.7573242615898674,0.3498555018076127,1.8281063964064972
2_423,0.8152354955673218,0.7949056625366211,0.5996978282928467,1,FRIENDS,0.7153333333333333,0.43,0.525,0.7631959833408372,-0.290306475292272,0.7156730555291546,-0.11042164117434144,0.6867071794748386,0.10592140068894147,0.8736176245151785,0.9770136547671107,0.6097516548402131,1.4455312227846582
2_426,0.911431074142456,0.8963007926940918,0.8659403324127197,0,FRIENDS,0.72325,0.4365,0.53,1.5730284223700772,1.3059898943095871,1.7630106401328502,-0.04826797849765485,0.7445012434183603,0.1546262131683759,1.621296400867732,0.5614886508912268,1.6083844269644743,2.351759339185911
2_427,0.8629721403121948,0.7446939945220947,0.5773283839225769,0,FRIENDS,0.4479999999999999,0.6233333333333334,0.4686666666666666,1.165071870127237,-0.4244257924024923,0.19702322475735587,1.7382514025424896,-1.2649071061127106,-0.4428194865793533,0.5731795324152527,0.8404813137102183,0.6398427113367092,1.201807934042097
2_428,0.8764300346374512,0.8658900260925293,0.8597165942192078,0,FRIENDS,0.6859999999999999,0.436,0.557,1.278368547033314,1.2686745501030043,1.4488896484347051,-0.053049029472784594,0.4725649635998957,0.41763220055732186,1.3314175765060985,0.7961095865031087,1.0312574478773833,1.8627815654429527
2_429,0.853876531124115,0.7962934970855713,0.9143792390823364,1,FRIENDS,0.84,0.711,0.727,1.0884995423514208,1.5964125340747937,0.730008372048495,2.5765290068485682,1.5968115969433467,2.0735958248580904,1.4880294644971475,0.0003990628685530684,1.3435874528095955,2.0048588702974124
2_43,0.7626199722290039,0.7454110383987427,0.5202603340148926,1,FRIENDS,0.5823333333333333,0.415,0.5666666666666667,0.3202467519207132,-0.7665857386103241,0.20442976391418735,-0.2538531704282336,-0.28423309477632364,0.511794838017561,0.5740999223489468,0.48235264383400045,0.30736507410337366,0.8103876125862791
2_430,0.7213513851165771,0.689946174621582,0.6810758709907532,1,FRIENDS,0.5935714285714286,0.3787142857142856,0.5057142857142857,-0.027177121936896382,0.19760763351390667,-0.3684817395133211,-0.6008208697662206,-0.20219159648657167,-0.0819400188745918,0.5736437478293243,0.39979923000047835,0.2865417206387293,0.7556538436342743
2_431,0.6754412651062012,0.6690030097961426,0.5156568288803101,0,FRIENDS,0.75,0.552,0.6234999999999999,-0.4136762211141893,-0.7941867355212793,-0.5848093247550145,1.056154796757314,0.9397843436906809,1.0654062065337981,1.4698310178715033,1.73397107921196,1.6502155312888127,2.8089624818333703
2_433,0.709825336933136,0.7462406754493713,0.8592426776885986,1,FRIENDS,0.7195,0.308,0.5945,-0.12421035206060915,1.2658331133466665,0.21299930826364186,-1.2769980791059963,0.7171251078661665,0.7829182941530796,1.152787727045387,0.5487080054805,0.5699189858894377,1.3981443664307713
2_434,0.6700760126113892,0.6548741459846497,0.6627647280693054,1,FRIENDS,0.662,0.36,0.454,-0.4588441547992876,0.0878204638604568,-0.730750161110194,-0.7797687776925042,0.297357696065852,-0.5856869365190269,0.3209246228932166,0.2095372322053952,0.14506322459116705,0.4098070331122178
2_435,0.5036677718162537,0.531781792640686,0.6095611453056335,0,FRIENDS,0.5960000000000001,0.49025,0.45075,-1.8597691610606948,-0.23116949717605434,-2.0022042026823557,0.46569500132879166,-0.18446228965276942,-0.6173450646306596,2.3254641623894865,0.046707207523284916,1.384859138051696,2.706990943102275
2_437,0.6683244109153748,0.6894512176513672,0.5253362655639648,0,FRIENDS,0.604,0.4335,0.667,-0.47359019505084826,-0.7361522391549424,-0.37359428325050553,-0.07695428434843328,-0.1260598671414221,1.4891380751048784,0.396635910702415,0.6100923720135203,1.8627323583553839,1.99982613917111
2_438,0.842002809047699,0.8413599729537964,0.9153622388839722,1,FRIENDS,0.6113333333333334,0.4066666666666667,0.5113333333333333,0.988539383558999,1.6023062549885814,1.195512128581224,-0.33353735334706214,-0.07252431317268575,-0.027205086754846345,1.322076736906061,1.6748305681612672,1.2227172153360704,2.4592644670703407
2_439,0.6730875968933105,0.6888641119003296,0.7431555986404419,0,FRIENDS,0.6673333333333332,0.4633333333333334,0.5123333333333333,-0.4334908206804475,0.5698158359594956,-0.37965865654184305,0.20831509050097455,0.3362926444067497,-0.01746412425895946,0.641805911181422,0.23352319155274587,0.3621945322828836,0.7730671302260966
2_440,0.8411033153533936,0.7732980251312256,0.7396441698074341,1,FRIENDS,0.6763333333333335,0.4131666666666667,0.5305000000000001,0.9809669027533263,0.5487625442742509,0.492481954200981,-0.2713836906703756,0.401995369732018,0.1594966944163199,1.252350593423702,0.14676717454223287,0.3329852597846611,1.3041479193732846
2_441,0.528976559638977,0.5942662358283997,0.6806445121765137,0,FRIENDS,0.6749999999999999,0.3273333333333333,0.5926666666666667,-1.646704510117916,0.19502135784976157,-1.356785574569819,-1.0921307747343134,0.392261632646792,0.7650598629106201,0.5545737353836027,0.1972402747970304,2.121845437480439,2.2019727097618365
2_442,0.7609222531318665,0.7595557570457458,0.7666287422180176,1,GOLDENGIRLS,0.6713333333333332,0.244,0.348,0.30595432790719695,0.7105525451483362,0.35053436913185376,-1.8889726039226022,0.36549385566242376,-1.6182289610830365,2.1949269318297993,0.34505868948591245,1.9687633302148901,2.968635845916494
2_443,0.9248960614204408,0.903500497341156,0.6984872817993164,1,FRIENDS,0.6877500000000001,0.514,0.5867500000000001,1.6863848120331542,0.30200032601518434,1.8373783268571091,0.6927949226474539,0.48534049352425407,0.707425834809957,0.9935898893857003,0.18334016750906973,1.1299524920471522,1.5157925714276712
2_444,0.8089290857315063,0.7824637293815613,0.2422179132699966,0,FRIENDS,0.7073333333333333,0.4333333333333333,0.5856666666666667,0.7101048191261801,-2.433630256154962,0.5871569798736131,-0.07854796800681021,0.6283047569634905,0.6968731254394118,0.7886527871329903,3.0619350131184526,0.10971614556579867,3.1637725701780695
2_446,0.5461163520812988,0.6045424938201904,0.6180213689804077,0,FRIENDS,0.8365,0.645,0.696,-1.502411392662637,-0.18044497299571832,-1.250639340454121,1.945430278131444,1.5712605370946324,1.7716259874855969,3.447841670794081,1.7517055100903507,3.022265327939718,4.908174008061612
2_447,0.6735385656356812,0.6764512062072754,0.7089040875434875,1,FRIENDS,0.4937999999999999,0.4208,0.3984,-0.4296942936261953,0.3644558278038148,-0.5078748997311022,-0.1983929791167284,-0.9305532372352427,-1.1272844512903377,0.23130131450946692,1.2950090650390575,0.6194095515592355,1.4540347207649322
2_448,0.686113715171814,0.6263355016708374,0.6534088850021362,0,FRIENDS,0.6193333333333334,0.6006666666666667,0.5506666666666667,-0.3238290951332131,0.03172612095282438,-1.0255334979141646,1.5215104250032743,-0.01412189066133759,0.3559394380833719,1.8453395201364873,0.045848011614161965,1.3814729359975364,2.305612165486682
2_449,0.8153117895126343,0.8122224807739258,0.7440241575241089,1,FRIENDS,0.7325,0.4185,0.477,0.763838271819484,0.575023409398479,0.8945431310200892,-0.2203858136023254,0.8120290444471072,-0.36164479911362907,0.9842240854218094,0.23700563504862826,1.2561879301337182,1.6133433723739148
2_45,0.7947527170181274,0.7931534051895142,0.7338367700576782,1,GOLDENGIRLS,0.63025,0.4787499999999999,0.4655,0.5907595911875952,0.5139434188757452,0.6975735178622774,0.35573082890080665,0.06557308172393883,-0.47366586781632775,0.2350287622867886,0.4483703371518064,1.1712393856786052,1.2759608837673986
2_450,0.7575798630714417,0.7590732574462891,0.6228145360946655,1,FRIENDS,0.58725,0.346,0.554,0.27781607108797357,-0.15170682959266563,0.3455505009294805,-0.9136382049961368,-0.2483399392745567,0.3884093130696612,1.1914542760841105,0.09663310968189107,0.042858812140180724,1.196134661174891
2_454,0.2786563038825989,0.3424447178840637,0.3753287494182586,0,FRIENDS,0.551,0.35,0.457,-3.7540515031949098,-1.6355445214952942,-3.9579177980351363,-0.8753897971950989,-0.5129759162791028,-0.5564640490313663,2.8786617059998107,1.1225686052161914,3.40145374900377,4.5952955397469895
2_456,0.7609249353408813,0.7740691304206848,0.583776593208313,1,FRIENDS,0.4135,0.4305,0.415,0.30597690836152436,-0.3857645985135591,0.5004469082385479,-0.10564059019921171,-1.5167675531928988,-0.9655844738586156,0.41161749856073604,1.1310029546793396,1.4660313820971633,1.8967985296041625
2_457,0.6587883234024048,0.6864234209060669,0.7132267355918884,1,FRIENDS,0.5961428571428572,0.3702857142857144,0.5264285714285715,-0.5538707352151027,0.39037290445368783,-0.4048692106061769,-0.6814157290612628,-0.1834193892507813,0.11983706139735147,0.12754499384616014,0.5737922937044692,0.5247062720035284,0.7879225809999949
2_461,0.7846004962921143,0.7863036394119263,0.8423467874526978,1,FRIENDS,0.7433333333333333,0.3823333333333333,0.5296666666666666,0.5052920697703929,1.1645313007982963,0.6268204438886219,-0.5662151674700429,0.8911156582645572,0.1513792256697462,1.0715072372404357,0.27341564253373907,0.4754412182188757,1.2037143452755796
2_462,0.8979216814041138,0.8932533264160156,0.855840802192688,1,GOLDENGIRLS,0.8147500000000001,0.46675,0.5215,1.4592982007409137,1.2454366649211561,1.7315325408801088,0.240985605497694,1.4124789508919051,0.07182803195333683,1.2183125952432197,0.167042285970749,1.659704508926772,2.065625271432953
2_464,0.5464547872543335,0.5576821565628052,0.6763982176780701,1,FRIENDS,0.918,0.472,0.461,-1.4995622411143892,0.16956207021823455,-1.7346723739996512,0.291186640736556,2.1662352164289915,-0.5175001990478187,1.7907488818509452,1.996673146210757,1.2171721749518325,2.945334160010804
2_465,0.726317286491394,0.7596893906593323,0.6584730744361877,1,GOLDENGIRLS,0.7675000000000001,0.412,0.461,0.01462883299278432,0.06208921881834328,0.35191470668710034,-0.282539476279012,1.0675396429342554,-0.5175001990478187,0.2971683092717963,1.0054504241159121,0.8694149057349191,1.3620285744816016
2_467,0.4961516857147217,0.534489631652832,0.4980535209178924,0,FRIENDS,0.6555,0.453,0.5915,-1.9230441101770233,-0.8997299758325221,-1.9742342048523593,0.10950670368162647,0.24990572777538125,0.7536954066654189,2.03255081385865,1.1496357036079035,2.7279296115177782,3.5908947391037565
2_471,0.553153932094574,0.6297082304954529,0.7153967022895813,1,SARCASMOHOLICS,0.906,0.837,0.849,-1.443164796598322,0.4033832612077111,-0.9906956742907804,3.781353852581261,2.078631582661969,3.2619932493562893,5.224518649179583,1.675248321454258,4.25268892364707,6.941715575812008
2_472,0.8818449974060059,0.8776154518127441,0.7788262367248535,0,FRIENDS,0.776,0.647,0.812,1.3239549718052805,0.783684430171226,1.5700047259851533,1.964554482031963,1.1295922168525625,2.901577637008476,0.6405995102266824,0.3459077866813365,1.3315729110233225,1.5175988754478476
2_473,0.6155532598495483,0.6400750875473022,0.7041583061218262,0,FRIENDS,0.6665,0.534,0.75,-0.9178495946098372,0.33600179233954824,-0.8836136181037287,0.8840369616526434,0.33020905872848494,2.297637962263489,1.8018865562624806,0.005792733611063305,3.1812515803672174,3.6561168382576437
2_474,0.5786736607551575,0.6471703052520752,0.9104492664337158,1,FRIENDS,0.917,0.456,0.741,-1.2283243183696595,1.5728498009478429,-0.8103252051236033,0.1381930095324049,2.158934913615073,2.2099692998005067,1.3665173279020644,0.58608511266723,3.02029450492411,3.3664587125377805
2_475,0.5934271216392517,0.6441007852554321,0.676357626914978,1,FRIENDS,0.5814,0.3786,0.4412,-1.1041207802355593,0.1693187022857649,-0.8420311031700297,-0.601913681417678,-0.29104671073598015,-0.7103712564663793,0.5022070988178813,0.46036541302174505,0.13165984670365039,0.6938894716334755
2_477,0.8757335543632507,0.8349286317825317,0.7942920923233032,0,FRIENDS,0.5643333333333334,0.5146666666666667,0.5106666666666667,1.2725051557262907,0.8764122582323545,1.1290810749634252,0.6991696572809606,-0.41563854542685613,-0.03369906175210355,0.5733354984453302,1.2920508036592107,1.1627801367155288,1.8303460108280487
2_478,0.7764695882797241,0.7739316821098328,0.7423254251480103,1,FRIENDS,0.52625,0.28175,0.39575,0.43684117873434297,0.5648384078193529,0.49902716764871796,-1.5280032553003073,-0.6936584109235864,-1.153098001904438,1.9648444340346503,1.2584968187429393,1.6521251695531558,2.8590112746566927
2_479,0.7246940732002258,0.7332624197006226,0.5832222700119019,1,GOLDENGIRLS,0.382,0.532,0.4745,0.0009636438216966936,-0.3890881253446424,0.07894341221465313,0.8649127577521244,-1.7467270918313318,-0.3859972053533463,0.8639491139304277,1.3576389664866895,0.4649406175679994,1.6750407196986974
2_48,0.8324724435806274,0.7960086464881897,0.3632425665855407,0,FRIENDS,0.614,0.526,0.503,0.9083070150306432,-1.708009020888394,0.7270660735754694,0.8075401460505676,-0.0530568390022369,-0.10837977422057003,0.10076686898007559,1.654952181886157,0.8354458477960394,1.8566072419371422
2_481,0.5448462963104248,0.4798132181167602,0.5808206796646118,0,FRIENDS,0.74,0.352,0.71,-1.513103488680613,-0.4034872159981914,-2.539001593569431,-0.85626559329458,0.8667813155514957,1.9079994624280134,0.656837895386033,1.270268531549687,4.447001055997444,4.671277828935348
2_482,1.0659708976745603,0.9811674356460572,0.4661715626716614,0,FRIENDS,0.5495,0.574,0.4961666666666666,2.8740379289598414,-1.090882978890751,2.6396210326112195,1.2665210396630213,-0.523926370499981,-0.17494301794246447,1.6075168892968201,0.56695660839077,2.8145640505536837,3.290489498515631
2_484,0.8706732392311096,0.8710780143737793,0.8229166865348816,1,FRIENDS,0.112,0.677,0.491,1.2299043688042846,1.0480352527362522,1.5024777754680063,2.251417540539747,-3.7178088515893304,-0.22527132417121268,1.0215131717354626,4.765844104325582,1.727749099639219,5.1712547933812045
2_485,0.7760177850723267,0.791335940361023,1.0187599658966064,1,SARCASMOHOLICS,0.7316666666666666,0.407,0.5343333333333333,0.4330376266498556,2.2222426426851096,0.6788004345729918,-0.33034998603030935,0.8059454587688408,0.19683705065055204,0.763387612680165,1.4162971839162688,0.48196338392243976,1.6795675228476656
2_486,0.7097668647766113,0.6881871223449707,0.652096688747406,0,FRIENDS,0.6676,0.4866,0.4736000000000001,-0.12470260596494716,0.02385865394354506,-0.38665146383554977,0.4307933292103442,0.33823939182379525,-0.39476407159964355,0.5554959351752914,0.31438073788025017,0.008112607764093782,0.6383390922943198
2_487,0.8735147714614868,0.853742778301239,0.8678622245788574,1,FRIENDS,0.645,0.3045,0.6215,1.2538261021187656,1.3175128834645815,1.3234174572007242,-1.3104654359319043,0.1732525482292372,1.0459242815420255,2.5642915380506697,1.1442603352353444,0.2774931756586987,2.8216883721361437
2_488,0.7680713534355164,0.770276665687561,0.7469699382781982,0,FRIENDS,0.6305000000000001,0.37,0.437,0.36613976908365903,0.5926852742421129,0.46127351946616896,-0.6841477581899094,0.06739815742741907,-0.7512832989491041,1.0502875272735683,0.5252871168146939,1.212556818415273,1.6879942188654824
2_489,0.7577166557312012,0.7684335708618164,0.71503084897995,1,GOLDENGIRLS,0.5646666666666668,0.5613333333333334,0.5083333333333333,0.2789676742586726,0.4011897334991962,0.4422356970382767,1.145401081626402,-0.4132051111555494,-0.056427974242507006,0.8664334073677293,0.8143948446547455,0.4986636712807837,1.2894228435460224
2_49,0.824738621711731,0.8185164928436279,0.8286827802658081,0,FRIENDS,0.5,0.179,0.312,0.843199034810801,1.0826067217805706,0.9595556753928888,-2.5105092306894674,-0.8852913597889472,-1.9689036109349638,3.3537082655002686,1.9678980815695177,2.9284592863278527,4.867838923096126
2_490,0.7139787077903748,0.6875455975532532,0.7198113203048706,1,FRIENDS,0.6591999999999999,0.4227999999999999,0.5311999999999999,-0.08924476942851838,0.4298517574167628,-0.3932779460421148,-0.1792687752162105,0.27691684818687917,0.16631536816343886,0.09002400578769214,0.15293490922988362,0.5595933142055537,0.5870588432029371
2_491,0.7349276542663574,0.7013307809829712,0.2708013951778412,1,FRIENDS,0.631,0.3863999999999999,0.47,0.08711610568683112,-2.262253756557703,-0.25088707683392536,-0.527329286205655,0.07104830883437793,-0.4298315365848373,0.6144453918924861,2.333302065392081,0.17894445975091194,2.419475725783668
2_492,0.7476477026939392,0.7670575380325317,0.4205603301525116,1,GOLDENGIRLS,0.595,0.3,0.45525,0.19420115050136852,-1.3643518794484302,0.4280222836571784,-1.353494894708072,-0.19176259246668875,-0.5735107333991686,1.5476960452094406,1.1725892869817414,1.001533017056347,2.1848105337889785
2_493,0.6543210744857788,0.6850885152816772,0.7762417793273926,1,FRIENDS,0.5843999999999999,0.4883999999999999,0.4556,-0.5914787327913769,0.768188933031896,-0.41865781002067387,0.4480051127208104,-0.2691458022942254,-0.570101396525608,1.0394838455121873,1.0373347353261213,0.1514435865049341,1.4763215022780087
2_494,0.8166836500167847,0.7926973104476929,0.849138081073761,1,FRIENDS,0.6815,0.4185,0.555,0.7753874215261544,1.2052495076377363,0.6928623925399104,-0.2203858136023254,0.43971360093726275,0.39815027556554805,0.9957732351284798,0.7655359067004736,0.2947121169743624,1.2901413845534393
2_495,0.7880063056945801,0.74200439453125,0.709410548210144,0,FRIENDS,0.927,0.25,0.375,0.5339642288874915,0.36749238774830023,0.16924162268646104,-1.8315999922210453,2.231937941754258,-1.3552229736940904,2.365564221108537,1.8644455540059577,1.5244645963805514,3.375802662132243
2_499,0.7635865211486816,0.7443104982376099,0.8201413154602051,0,FRIENDS,0.198,0.349,0.298,0.32838374408457166,1.0313951043668188,0.1930619884369025,-0.8849518991453583,-3.089982809592338,-2.1052770858773804,1.21333564322993,4.121377913959157,2.298339074314283,4.87240205579572
2_50,0.8485504388809204,0.8315484523773193,0.8715580701828003,1,FRIENDS,0.6885,0.3279999999999999,0.4085,1.0436612832995031,1.3396718732159953,1.0941662922881206,-1.085756040100808,0.49081572063469237,-1.0289007300818802,2.129417323400311,0.848856152581303,2.123067022370001,3.1244821149188065
2_500,0.8911401033401489,0.8322921991348267,0.767317533493042,1,FRIENDS,0.879,0.5185,0.7795000000000001,1.4022067835951837,0.7146822952623145,1.1018486526870352,0.735824381423621,1.881523406686169,2.5849963558921525,0.6663824021715626,1.1668411114238544,1.4831477032051172,2.0013272582852144
2_502,0.7519540786743164,0.7757434844970703,0.6831318736076355,1,GOLDENGIRLS,0.6059999999999999,0.48975,0.631625,0.23045482260587077,0.20993470174093737,0.5177417620585439,0.4609139503536619,-0.11145926151358586,1.1445515268128796,0.23045912774779112,0.32139396325452324,0.6268097647543357,0.7411450400360972
2_504,0.8297179937362671,0.774427056312561,0.765324592590332,1,FRIENDS,0.6355,0.381,0.568,0.8851183937999928,0.7027333228833791,0.50414402109281,-0.5789646367370551,0.10389967149701086,0.5247827880120766,1.464083030537048,0.5988336513863682,0.020638766919266582,1.581950321925194
2_505,0.9760836362838744,0.90754634141922,0.4831206798553467,1,GOLDENGIRLS,0.7813333333333334,0.3216666666666667,0.4983333333333333,2.1173127113572257,-0.9892620362929015,1.8791689390672013,-1.1463160191191164,1.1685271651934617,-0.15383759920137588,3.2636287304763423,2.1577892014863633,2.033006538268577,4.409131696046804
2_506,0.9940412044525146,0.904330849647522,0.215972289443016,0,FRIENDS,0.4095,0.5700000000000001,0.5627500000000001,2.2684903584430027,-2.590989781342128,1.845955259275548,1.2282726318619845,-1.545968764448573,0.4736427349086717,1.0402177265810182,1.045021016893555,1.3723125243668761,2.01428982745205
2_507,0.7010847330093384,0.7162269353866577,0.6273003220558167,1,GOLDENGIRLS,0.5235000000000001,0.3535,0.452,-0.19779403125922124,-0.12481163542272003,-0.09702068947576231,-0.8419224403691907,-0.7137342436618617,-0.6051688615108007,0.6441284091099695,0.5889226082391417,0.5081481720350385,1.0099236657590933
2_508,0.7619476914405823,0.7848920822143555,0.6688423156738281,1,FRIENDS,0.3979999999999999,0.5055,0.487,0.314587086490511,0.12425954056275822,0.6122400897479665,0.6115170560702479,-1.6299222468086363,-0.2642351741547602,0.2969299695797369,1.7541817873713945,0.8764752639027267,1.9833128946823995
2_509,0.8288282752037048,0.8247084617614746,0.7740705013275146,1,FRIENDS,0.216,0.7915,0.332,0.8776282062056469,0.7551707141713906,1.0235141885905847,3.3462782138444553,-2.958577358941805,-1.774084361017226,2.4686500076388085,3.7137480731131958,2.7975985496078106,5.26428677557889
2_51,0.6327378749847412,0.67295241355896,0.7637418508529663,0,FRIENDS,0.7321428571428571,0.3517142857142857,0.4731428571428571,-0.7731791326733529,0.6932437603594452,-0.5440148705129816,-0.8589976224232254,0.8094217934421357,-0.39921708302633596,0.0858184897498725,0.11617803308269048,0.14479778748664562,0.20452028704981687
2_511,0.7633792757987976,0.7918269038200378,0.609255850315094,1,FRIENDS,0.6253636363636363,0.4230909090909092,0.4603636363636365,0.32663902764687214,-0.23299993851248535,0.6838717282583469,-0.1764870728306786,0.029901147519564308,-0.5236989933633822,0.5031261004775507,0.26290108603204965,1.207570721621729,1.334346245071571
2_512,0.8858004212379456,0.8401790857315063,0.6028176546096802,1,GOLDENGIRLS,0.625,0.218,0.2995,1.3572541169080068,-0.2716010944973732,1.1833144266880282,-2.137587254629348,0.02724649195086681,-2.09066564213355,3.4948413715373547,0.29884758644824,3.273980068821578,4.7981425138459555
2_518,0.8342136144638062,0.8319196701049805,0.8772661685943604,1,FRIENDS,0.5,0.451,0.522,0.9229652424042638,1.3738956227327177,1.098000700091009,0.09038249978110753,-0.8852913597889472,0.07669851320128081,0.8325827426231562,2.259186982521665,1.0213021868897283,2.615373396334639
2_523,0.6886966228485107,0.7191859483718872,0.7467844486236572,1,FRIENDS,0.4985,0.4856666666666667,0.5618333333333333,-0.3020846194037705,0.5915731435433677,-0.06645624808742123,0.4218687007234358,-0.896241814009825,0.46471351928744087,0.7239533201272064,1.4878149575531927,0.5311697673748621,1.7377695702869467
2_524,0.8417232036590576,0.8516071438789368,1.0141464471817017,1,FRIENDS,0.908,0.931,0.709,0.9861854966423328,2.1945816078701093,1.3013579145582244,4.680191435905652,2.093232188289806,1.8982584999321264,3.694005939263319,0.1013494195803033,0.596900585373902,3.7432929210765282
2_525,0.7111459970474243,0.6292831897735596,0.5821537375450134,0,FRIENDS,0.5795,0.41,0.533,-0.1130922381376558,-0.3954946700221509,-0.9950860342847427,-0.30166368017953094,-0.3049172860824254,0.18384910065603657,0.18857144204187515,0.09057738393972548,1.1789351349407793,1.1973518712696574
2_526,0.6964354515075684,0.6151084899902344,0.6689944267272949,0,FRIENDS,0.7969999999999999,0.4455,0.586,-0.23693448900251712,0.12517154491468557,-1.1415003227273373,0.037790939054680416,1.2828985759448506,0.7001201129380404,0.2747254280571975,1.157727031030165,1.8416204356653778,2.192571952812374
2_527,0.6874918937683105,0.6984183192253113,0.3875679671764374,1,SARCASMOHOLICS,0.843,0.37,0.6845,-0.31222675591190485,-1.5621624785388817,-0.280970678065867,-0.6841477581899094,1.6187125053851024,1.6596049187828983,0.3719210022780045,3.1808749839239843,1.9405755968487652,3.7446127359680097
2_53,0.6965038776397705,0.7106456756591797,0.7325708866119385,0,FRIENDS,0.654,0.3695,0.525,-0.23635843652323066,0.5063536271726757,-0.15467102310563663,-0.6889288091650392,0.23895527355450386,0.10592140068894147,0.45257037264180855,0.2673983536181719,0.2605924237945781,0.5867113711613124
2_530,0.7286322116851807,0.7436310052871704,0.1461303383111953,0,FRIENDS,0.052,0.941,0.736,0.03411727044097957,-3.0097375444244614,0.18604332290175046,4.7758124554082455,-4.15582702042444,2.1612644873210725,4.7416951849672655,1.146089475999979,1.975221164419322,5.262954774887362
2_531,0.5715476274490356,0.605323314666748,0.6683446168899536,0,FRIENDS,0.5640000000000001,0.4669999999999999,0.5052,-1.2883155676389058,0.1212755137843125,-1.2425740318128498,0.24337613098525807,-0.41807197969816207,-0.0869496567296191,1.5316916986241638,0.5393474934824746,1.1556243750832307,1.993098812062892
2_532,0.884972333908081,0.8747023344039917,0.8894771933555603,1,FRIENDS,0.6809999999999999,0.3809999999999999,0.5996,1.3502827779753177,1.447108630399764,1.5399143523566428,-0.5789646367370562,0.43606344953030307,0.8325972028821026,1.929247414712374,1.011045180869461,0.7073171494745402,2.290088534287382
2_534,0.9576034545898438,0.8482761383056641,0.5925869345664978,0,FRIENDS,0.529,0.269,0.558,1.9617353881927189,-0.33294089190249376,1.2669510616255952,-1.6499200551661153,-0.6735825781853102,0.4273731630532087,3.611655443358834,0.34064168628281644,0.8395778985723865,3.723571249183816
2_535,0.4365737438201904,0.4916244149208069,0.3388932943344116,0,FRIENDS,0.644,0.40075,0.483,-2.4246071831524207,-1.853998689312728,-2.4170005634132727,-0.3901131232194308,0.16595224541531867,-0.3031990241383078,2.0344940599329897,2.0199509347280467,2.1138015392749647,3.561955194279195
2_536,0.4828662276268005,0.5315775275230408,0.5713654160499573,0,FRIENDS,0.837,0.365,0.455,-2.034889114763784,-0.46017764952456003,-2.004314112049809,-0.7319582679412068,1.5749106885015913,-0.5759459740231401,1.3029308468225773,2.0350883380261515,1.4283681380266688,2.8070356023573364
2_537,0.8017075061798096,0.7968028783798218,0.7696690559387207,0,FRIENDS,0.6404,0.4840000000000001,0.5015999999999999,0.6493092038950034,0.7287811963956367,0.7352699085101976,0.40593186413967075,0.13967115528521168,-0.12201712171481233,0.2433773397553326,0.589110041110425,0.85728703022501,1.068280965961449
2_54,0.8477867841720581,0.8304501175880432,0.4564010798931122,1,FRIENDS,0.718,0.252,0.4275,1.0372323770585463,-1.1494633556048814,1.0828212966902042,-1.8124757883205262,0.7061746536452883,-0.8438224426600295,2.849708165379073,1.8556380092501699,1.9266437393502338,3.9084760646036387
2_541,0.7741430401802063,0.7436699867248535,0.5656164884567261,1,FRIENDS,0.5585,0.3983333333333332,0.4970000000000001,0.41725489265072885,-0.4946461964476579,0.18644597266139865,-0.41322153626589236,-0.4582236451747143,-0.16682554919589027,0.8304764289166212,0.03642255127294358,0.35327152185728894,0.9032266987765026
2_542,0.7637419104576111,0.7625977993011475,0.7618157863616943,1,FRIENDS,0.7413333333333333,0.4088333333333334,0.6143333333333333,0.32969190507194085,0.6816957554110986,0.3819564421947972,-0.3128194657881663,0.8765150526367201,0.9761140503215019,0.6425113708601071,0.19481929722562152,0.5941576081267047,0.8965482048115795
2_546,0.7396495342254639,0.7672659754753113,0.8334840536117554,1,FRIENDS,0.7647999999999999,0.5932,0.6016000000000001,0.12686774106058948,1.111393467296422,0.4301752900937071,1.4501133971080031,1.0478288253366743,0.8520791278738774,1.3232456560474137,0.06356464195974776,0.4219038377801703,1.390331751162095
2_547,0.665181040763855,0.6945119500160217,0.6832210421562195,0,FRIENDS,0.757,0.389,0.593,-0.5000529821589762,0.21046932498172238,-0.32132061682400687,-0.5024678211349793,0.9908864633881105,0.7683068504092487,0.002414838976003142,0.780417138406388,1.0896274672332555,1.3402778662332877
2_548,0.7044026255607605,0.6934192180633545,0.7568905353546143,1,FRIENDS,0.6545000000000001,0.4649999999999999,0.6885,-0.1698620092561884,0.6521656834642092,-0.332607739214879,0.22425192708473912,0.24260542496146353,1.698568768766446,0.3941139363409275,0.4095602585027457,2.031176507981325,2.109204448776407
2_55,0.5033180117607117,0.5608177781105042,0.5972040891647339,0,FRIENDS,0.937,0.4945,0.686,-1.8627136523049919,-0.30525805761042907,-1.7022836952445861,0.5063339346173942,2.304940969893443,1.6742163625267292,2.369047586922386,2.6101990275038722,3.3765000577713153,4.8812168638992715
2_550,0.6948211193084717,0.6745117902755737,0.8140792846679688,1,FRIENDS,0.6796666666666665,0.3443333333333333,0.5576666666666666,-0.25052491178038727,0.9950493008368737,-0.527907648782223,-0.9295750415799025,0.42632971244507784,0.42412617555457904,0.6790501297995152,0.5687195883917959,0.9520338243368021,1.3003535871764376
2_552,0.937702178955078,0.8283330202102661,0.4704034626483917,0,FRIENDS,0.115,0.923,0.673,1.7941944385376634,-1.0655099957462892,1.0609532281688827,4.603694620303576,-3.6959079431475748,1.5475838500801997,2.8095001817659124,2.6303979474012857,0.486630621911317,3.879316176237429
2_553,0.516300618648529,0.555063009262085,0.3332671523094177,0,FRIENDS,0.4595,0.461,0.4645,-1.7534182319057359,-1.887731057174317,-1.7617262512755856,0.18600351928370226,-1.180953623752647,-0.48340683031221465,1.939421751189438,0.7067774334216701,1.278319420963371,2.427960380935603
2_555,0.4383445382118225,0.4028356671333313,0.3904062211513519,0,FRIENDS,0.667,0.363,0.309,-2.40969956720545,-1.5451453064267828,-3.334123432167437,-0.7510824718417257,0.3338592101354446,-1.9981264984226244,1.6586170953637243,1.8790045165622273,1.3359969337448125,2.84016838396416
2_556,0.7610721588134766,0.7704827785491943,0.797065019607544,1,FRIENDS,0.619,0.45575,0.5960000000000001,0.3072163244101634,0.8930377544942528,0.4634025146784984,0.13580248404483977,-0.016555324932644305,0.7975297378969104,0.17141384036532362,0.9095930794268972,0.334127223218412,0.984064670692806
2_557,0.4964173436164856,0.4577277302742004,0.3227445483207702,0,FRIENDS,0.758,0.518,0.886,-1.9208076416228597,-1.9508208880086655,-2.767128540651579,0.7310433304484918,0.9981867662020291,3.622408861704104,2.6518509720713515,2.9490076542106944,6.389537402355684,7.520315680792347
2_558,0.8066372871398926,0.8146935701370239,0.578209638595581,1,FRIENDS,0.6191666666666666,0.3655,0.49,0.6908110753730746,-0.4191420994780229,0.9200676780162588,-0.7271772169660771,-0.015338607796991352,-0.23501228666709956,1.4179882923391518,0.4038034916810315,1.1550799646833583,1.8729542925329503
2_56,0.8284467458724976,0.7913941144943237,0.8367956876754761,0,FRIENDS,0.219,0.873,0.277,0.8744162620245381,1.131248859848571,0.6794013308503872,4.1255895227906025,-2.9366764505000496,-2.3098372982910043,3.2511732607660644,4.06792531034862,2.9892386291413917,6.004472623307252
2_560,0.9185298681259156,0.8430705070495605,0.2308884859085083,1,FRIENDS,0.7182499999999999,0.415,0.5892499999999999,1.6327903545809324,-2.5015575160287993,1.2131806955573463,-0.2538531704282336,0.7079997293487678,0.7317782410496726,1.886643525009166,3.209557245377567,0.4814024545076737,3.753988522228146
2_562,0.4677578508853912,0.5313162803649902,0.6407463550567627,0,FRIENDS,0.81925,0.447,0.64125,-2.162080548793277,-0.044193952923410766,-2.0070126042463503,0.05213409198006963,1.4453303135545381,1.2383082908357907,2.2142146407733465,1.4895242664779489,3.2453208950821413,4.201611206180131
2_564,0.6351611614227295,0.6626204252243042,0.6396487951278687,0,FRIENDS,0.5936,0.3285999999999999,0.4187999999999999,-0.7527784448703295,-0.05077453604895559,-0.6507367583370453,-1.0800187789306523,-0.20198301640617436,-0.9285688163742463,0.3272403340603228,0.15120848035721876,0.277832058037201,0.4551273373914576
2_567,0.6526369452476501,0.6801965236663818,0.7811810970306396,1,FRIENDS,0.59,0.4989999999999999,0.5539999999999999,-0.6056567491696341,0.79780334393923,-0.4691885078392764,0.5493633933935608,-0.22826410653628137,0.3884093130696601,1.155020142563195,1.0260674504755114,0.8575978209089365,1.7670200805536351
2_569,0.6790053844451904,0.6631790399551392,0.7055927515029907,0,FRIENDS,0.51,0.452,0.454,-0.38367131340389826,0.34460222209404817,-0.6449666764602519,0.099944601731367,-0.8122883316497621,-0.5856869365190269,0.48361591513526525,1.1568905537438103,0.05927973994122493,1.2553064144985795
2_570,0.9619798064231871,0.909010887145996,0.7934982776641846,0,FRIENDS,0.758,0.518,0.886,1.9985781592612293,0.8716528248628527,1.8942966259851142,0.7310433304484918,0.9981867662020291,3.622408861704104,1.2675348288127375,0.1265339413391764,1.72811223571899,2.1468645229277623
2_572,0.6728230714797974,0.6759734153747559,0.6880460977554321,0,FRIENDS,1.0,0.735,0.772,-0.43571775526500617,0.2393986605196815,-0.5128101298126617,2.8060194536547955,2.764860047170309,2.5119391371730004,3.2417372089198015,2.5254613866506275,3.024749266985662,5.102540884234908
2_573,0.8396499752998352,0.8363295793533325,0.9557616710662842,1,FRIENDS,0.7314999999999999,0.289,0.4157499999999999,0.9687318090229761,1.844527034648787,1.1435518394141457,-1.4586780161609263,0.8047287416331879,-0.9582787519867012,2.4274098251839025,1.0397982930155991,2.101830591400847,3.375083818885974
2_574,0.8975776433944702,0.8725304007530212,0.7657331824302673,0,FRIENDS,0.67,0.548,0.536,1.456401881132515,0.7051830837895162,1.5174798652131862,1.017906388956276,0.3557601185772002,0.2130719881436972,0.43849549217623895,0.34942296521231603,1.304407877069489,1.4198079500543659
2_575,0.6715751886367798,0.6702607870101929,0.7060085535049438,1,FRIENDS,0.7416666666666666,0.5181666666666666,0.4743333333333333,-0.4462231861938752,0.3470952245858371,-0.5718174054459988,0.7326370141068671,0.8789484869080261,-0.38762069910266117,1.1788602003007422,0.531853262322189,0.18419670634333762,1.306333682917039
2_576,0.5877940654754639,0.6485104560852051,0.6139957904815674,0,FRIENDS,0.745,0.655,0.611,-1.1515432468382831,-0.2045809251589119,-0.7964824265365543,2.0410512976340387,0.9032828296210883,0.9436441753352126,3.192594544472322,1.1078637547800003,1.740126601871767,3.8010607223630957
2_577,0.3192688524723053,0.4244024753570556,0.488262265920639,0,FRIENDS,0.6168571428571428,0.3305714285714285,0.4382857142857143,-3.412150557571853,-0.9584348954606989,-3.111354066443788,-1.0611677779429973,-0.03219883096247028,-0.7387592043115352,2.350982779628856,0.9262360644982286,2.372594862132253,3.4661563232354298
2_581,0.792357325553894,0.8007704019546509,0.8028115034103394,1,FRIENDS,0.727,0.422,0.5563333333333333,0.570593740109577,0.9274916493098158,0.7762515271665011,-0.18691845677641725,0.771877378970555,0.4111382255600636,0.7575121968859942,0.15561427033926079,0.36511330160643757,0.8551890157001663
2_583,0.8242322206497192,0.8107231855392456,0.8496606349945068,1,FRIENDS,0.74,0.325,0.194,0.8389358450337819,1.2083825570708662,0.8790565070840177,-1.1144423459515853,0.8667813155514957,-3.118337185449615,1.9533781909853674,0.34160124151937044,3.997393692533633,4.462234204782679
2_586,0.7578380107879639,0.7811374068260193,0.7619681358337402,1,FRIENDS,0.5725,0.42825,0.3047499999999999,0.2799893143700204,0.6826091892369318,0.5734570372869285,-0.12715531958729526,-0.356019405779855,-2.0395255890301445,0.40714463395731565,1.0386285950167868,2.612982626317073,2.841160734063043
2_587,0.6619581580162048,0.7190538644790649,0.7016780376434326,1,GOLDENGIRLS,0.5385714285714286,0.3647142857142857,0.4242857142857143,-0.527185154290944,0.32113097529707124,-0.06782057815986833,-0.7346902970698522,-0.6037082512520903,-0.8751326792539511,0.2075051427789082,0.9248392265491615,0.8073121010940828,1.245045705111539
2_588,0.8565180897712708,0.8811662197113037,0.0943362861871719,0,FRIENDS,0.833,0.346,0.594,1.1107377773488234,-3.3202764557296325,1.6066815631132303,-0.9136382049961368,1.5457094772459172,0.7780478129051356,2.02437598234496,4.8659859329755495,0.8286337502080947,5.335030563154722
2_589,0.8024647235870361,0.7964253425598145,0.5999457240104675,1,FRIENDS,0.5001666666666665,0.4030000000000001,0.4061666666666666,0.6556839170455743,-0.2888201797986725,0.7313702394312807,-0.3685983938313462,-0.8840746426532952,-1.0516296425722833,1.0242823108769206,0.5952544628546226,1.782999882003564,2.1406939779306224
2_590,0.4097241163253784,0.4384924173355102,0.3006643950939178,0,FRIENDS,0.786,0.408,0.618,-2.6506435524244973,-2.083205717218384,-2.9658152641758417,-0.3207878840800499,1.2025952449917476,1.011830912806421,2.3298556683444476,3.285800962210132,3.9776461769822626,5.660952614873171
2_591,0.7342146635055542,0.7626339197158813,0.5329585075378418,0,GOLDENGIRLS,0.5700000000000001,0.4069230769230769,0.447076923076923,0.08111371913872586,-0.6904519583851656,0.3823295396785079,-0.33108553233417554,-0.3742701628146509,-0.6531243691828602,0.4121992514729014,0.3161817955705147,1.0354539088613681,1.1584662050061285
2_594,0.574499249458313,0.5798436403274536,0.3773019015789032,0,FRIENDS,0.5196000000000001,0.4226,0.4166,-1.2634670321212522,-1.6237141954505434,-1.5057604445879134,-0.18118119560626167,-0.742205424636144,-0.9499989338651961,1.0822858365149906,0.8815087708143994,0.5557615107227173,1.5024217789104573
2_595,0.6205223202705383,0.6500009298324585,0.4228716194629669,0,FRIENDS,0.59075,0.435,0.49175,-0.8760170449228375,-1.350494202036719,-0.7810869221179568,-0.06261113142304407,-0.22278887942584227,-0.21796560229929723,0.8134059134997934,1.1277053226108766,0.5631213198186595,1.5001513575621774
2_598,0.6966421008110046,0.7008463740348816,0.7060299515724182,1,FRIENDS,0.6260000000000001,0.4495454545454544,0.5234545454545455,-0.235194790443557,0.34722351986888644,-0.25589064655359034,0.07647398785345604,0.03454679476478614,0.09086718592257112,0.31166877829701306,0.3126767251041003,0.34675783247616143,0.5613779085166635
2_599,0.6920411586761475,0.7166599631309509,0.4240614473819732,1,GOLDENGIRLS,0.5306666666666667,0.5163333333333334,0.377,-0.2739282982210852,-1.3433604125096135,-0.0925478293781413,0.7151064938647267,-0.6614154068287791,-1.3357410487023167,0.9890347920858119,0.6819450056808344,1.2431932193241755,1.7288054232049557
2_602,0.6137433052062988,0.5746430158615112,0.273258775472641,0,FRIENDS,0.48,0.275,0.42,-0.933086885189988,-2.247520169010187,-1.559479094173272,-1.5925474434645583,-1.0312974160673176,-0.9168796613791811,0.6594605582745704,1.2162227529428693,0.6425994327940908,1.5254573228127448
2_604,0.7634012699127197,0.768395721912384,0.8351612091064453,1,GOLDENGIRLS,0.7098,0.3727999999999999,0.518,0.3268241873723571,1.1214491014870693,0.4418447450545204,-0.6573738727291837,0.6463121705711566,0.037734663217733264,0.9841980601015408,0.4751369309159127,0.40411008183678715,1.1652063692196175
2_608,0.65776526927948,0.6860248446464539,0.596399188041687,1,FRIENDS,0.7546666666666666,0.4383333333333333,0.6616666666666666,-0.5624834222834589,-0.31008396151655254,-0.4089862120477174,-0.03073745825551284,0.9738524234889668,1.437186275126814,0.531745964027946,1.2839363850055194,1.8461724871745315,2.310757292188266
2_609,0.3833587169647217,0.4861191809177398,0.6121785044670105,0,FRIENDS,0.7969999999999999,0.4155,0.5754999999999999,-2.8726033970086617,-0.21547673263771805,-2.4738656068773506,-0.2490721194531038,1.2828985759448506,0.5978400067312276,2.623531277555558,1.4983753085825686,3.0717056136085783,4.30852878676198
2_611,0.7064142823219299,0.6473792791366577,0.3496308922767639,1,FRIENDS,0.551,0.35,0.457,-0.15292666851061476,-1.7896198303837867,-0.8081666576353363,-0.8753897971950989,-0.5129759162791028,-0.5564640490313663,0.7224631286844841,1.276643914104684,0.2517026086039701,1.4883302250868737
2_612,0.5536589622497559,0.5825405716896057,0.5689089894294739,1,GOLDENGIRLS,0.8002499999999999,0.449,0.5475,-1.4389131479424038,-0.4749055191764528,-1.4779031148099289,0.07125829588058857,1.3066245600900854,0.3250930568463959,1.5101714438229923,1.7815300792665383,1.8029961716563248,2.9504681676095443
2_615,0.6629375219345093,0.6376222372055054,0.7037632465362549,0,FRIENDS,0.8245,0.4355,0.6325000000000001,-0.5189402777341878,0.3336331540775676,-0.9089497693407969,-0.05783008044791433,1.4836569033276101,1.1530748689967811,0.4611101972862735,1.1500237492500425,2.062024638337578,2.4056439568214847
2_617,0.6744691133499146,0.6926923990249634,0.7035735249519348,1,FRIENDS,0.5569999999999999,0.637,0.7464999999999999,-0.42186038133819836,0.3324956502169937,-0.34011524864783027,1.8689334625293683,-0.4691740993955925,2.263544593527884,2.290793843867567,0.8016697496125862,2.6036598421757144,3.559417845140398
2_622,0.7011439204216003,0.7022155523300171,0.7373786568641663,1,FRIENDS,0.56575,0.4039999999999999,0.5245,-0.1972957559003959,0.5351793258524613,-0.24174803550025897,-0.3590362918810883,-0.40529644977380525,0.10105091944099748,0.1617405359806924,0.9404757756262665,0.34279895494125645,1.0139851128236386
2_623,0.7660847902297974,0.7751312255859375,0.8583171367645264,1,FRIENDS,0.692,0.43975,0.527,0.34941568103301535,1.2602838956441869,0.5114175750079227,-0.017191147159311828,0.5163667804834068,0.12540332568071524,0.36660682819232715,0.7439171151607801,0.3860142493272075,0.914778793692783
2_626,0.6299886703491211,0.630178689956665,0.4539537727832794,0,FRIENDS,0.6532,0.531,0.4977999999999999,-0.7963235965710963,-1.1641365478798757,-0.9858361719163107,0.855350655801865,0.23311503130336889,-0.1590327791991827,1.6516742523729613,1.3972515791832447,0.826803392717128,2.3160189251580836
2_65,0.5126376748085022,0.4926619827747345,0.438791424036026,0,FRIENDS,0.929,0.51,0.625,-1.7842551039110242,-1.255044655658867,-2.40628324584282,0.654546514846416,2.246538547382095,1.080017650277629,2.43880161875744,3.501583203040962,3.486300896120449,5.510275147555044
2_66,0.8747583031654358,0.8536274433135986,0.8732520937919617,1,FRIENDS,0.8245,0.376,0.6165,1.2642949025328367,1.3498286426854809,1.3222261310769945,-0.6267751464883525,1.4836569033276101,0.9972194690625911,1.8910700490211894,0.13382826064212927,0.3250066620144034,1.9234565927010794
2_69,0.9271389245986938,0.7821794152259827,0.2836522459983825,0,FRIENDS,0.365,0.24,0.471,1.7052665879417515,-2.185204576980091,0.5842202224523257,-1.9272210117236401,-1.8708322396679467,-0.4200905740889504,3.6324875996653914,0.3143723373121443,1.004310796541276,3.7818561982496517
2_7,0.5055271983146667,0.5096030235290527,0.5832202434539795,0,FRIENDS,0.9635,0.4855,0.6275,-1.8441153865451712,-0.389100275872842,-2.231294677094549,0.4202750170650589,2.4983989944622835,1.1043700565173458,2.2643904036102303,2.8874992703351254,3.3356647336118947,4.959009492954222
2_71,0.7434495687484741,0.7485015988349915,0.8135732412338257,1,FRIENDS,0.607375,0.394,0.530125,0.15885872517594662,0.9920152424717235,0.23635299432323725,-0.454657311383682,-0.10142134514444699,0.1558438334803611,0.6135160365596286,1.0934365876161705,0.08050916084287615,1.2563786146035576
2_72,0.2474598735570907,0.3390570878982544,0.4476690590381622,0,FRIENDS,0.825,0.4545,0.738,-4.016681882196991,-1.201817480037878,-3.9929095397623615,0.1238498566070157,1.487307054734569,2.180746412312846,4.140531738804007,2.6891245347724473,6.173655952075208,7.905025089027366
2_73,0.8749011158943176,0.8510712385177612,0.7185900211334229,1,FRIENDS,0.6236666666666667,0.6553333333333333,0.7496666666666667,1.2654971862788038,0.42252927733408585,1.2958224038716848,2.0442386649507918,0.01751275486564239,2.2943909747648603,0.778741478671988,0.40501652246844344,0.9985685708931755,1.329517154779247
2_74,0.7316755652427673,0.7517673969268799,0.8001259565353394,1,GOLDENGIRLS,0.673,0.771,0.719,0.05973805749663128,0.9113900552344085,0.2700863016334579,3.1502551238641368,0.3776610270189557,1.9956681248909953,3.0905170663675054,0.5337290282154528,1.7255818232575373,3.5796361605371896
2_77,0.7813836336135864,0.7537715435028076,0.3472250998020172,0,FRIENDS,0.5912857142857142,0.5017142857142857,0.4587142857142857,0.47821057821369334,-1.8040441155149263,0.2907876709276643,0.5753176701156942,-0.21887800291838658,-0.5397652561812749,0.0971070919020009,1.5851661125965397,0.8305529271089391,1.792205221661659
2_78,0.4668679237365722,0.5248234868049622,0.2743040323257446,0,FRIENDS,0.6146666666666668,0.3783333333333332,0.4506666666666666,-2.169572492645182,-2.2412531767227364,-2.0740784161243893,-0.6044635752710819,-0.04818997045962347,-0.6181568115053173,1.5651089173741002,2.193063206263113,1.455921604619072,3.0624826315761444
2_79,0.6337517499923706,0.6671795845031738,0.3310153782367706,0,FRIENDS,0.5,0.436,0.4486666666666667,-0.7646437209375838,-1.9012319021622828,-0.6036439752858365,-0.053049029472784594,-0.8852913597889472,-0.63763873649709,0.7115946914647993,1.0159405423733356,0.033994761211253555,1.2408294944707432
2_8,0.6546821594238281,0.6744833588600159,0.5290634632110596,0,FRIENDS,0.6547999999999999,0.3548,0.4384,-0.5884389018510305,-0.7138052735849105,-0.5282013245243518,-0.8294917078338532,0.24479551580563805,-0.7376459514548622,0.24105280598282264,0.9586007893905486,0.20944462693051047,1.010390508883786
2_84,0.7203285694122314,0.723407506942749,0.6594259738922119,1,FRIENDS,0.7535,0.40675,0.583,-0.03578780185375694,0.06780246865151832,-0.022850633596835375,-0.332740511517874,0.9653354035393953,0.6708972254503798,0.296952709664117,0.897532934887877,0.6937478590472151,1.1726177437331835
2_86,0.5966516733169556,0.6403299570083618,0.9572662115097046,0,FRIENDS,0.958,0.665,0.81,-1.0769745580431211,1.8535477297316045,-0.8809810028556313,2.1366723171366333,2.458247328985731,2.882095712016702,3.2136468751797542,0.6046995992541266,3.7630767148723336,4.985372022798805
2_87,0.7149331569671631,0.7347304821014404,0.7491406202316284,0,FRIENDS,0.493,0.412,0.427,-0.08120964020307035,0.6056999194178538,0.09410742380507374,-0.282539476279012,-0.936393479486377,-0.8486929239079729,0.20132983607594163,1.542093398904231,0.9428003477130467,1.8186418694966335
2_89,0.7496005296707153,0.7586103081703186,0.7401725053787231,1,GOLDENGIRLS,0.7666666666666667,0.3506666666666667,0.547,0.21064122661536053,0.5519302584495973,0.3407685732793466,-0.8690150625615922,1.06145605725599,0.32022257559845296,1.0796562891769528,0.5095257988063926,0.020545997680893657,1.1940252846691914
2_9,0.7868204116821289,0.7771811485290527,0.5374660491943359,1,GOLDENGIRLS,0.599,0.3634,0.4548,0.5239806573475231,-0.6634263247213118,0.5325917807171289,-0.7472576310616218,-0.16256138121101468,-0.5778941665223177,1.2712382884091449,0.5008649435102971,1.1104859472394466,1.7607076749339388
2_91,0.6664714813232422,0.6475844383239746,0.6901915073394775,0,FRIENDS,0.601,0.4495,0.46875,-0.4891892746881119,0.25226178146140305,-0.8060475131816528,0.07603934685571832,-0.14796077558317766,-0.44200773970469565,0.5652286215438302,0.4002225570445807,0.36403977347695715,0.782423444467761
2_92,0.7612832188606262,0.7633813619613647,0.6679478287696838,1,FRIENDS,0.5923333333333333,0.3536666666666666,0.4563333333333333,0.3089931552717953,0.11889651183651453,0.39005007176717515,-0.8403287567108149,-0.21123006663713842,-0.5629580240286246,1.1493219119826101,0.33012657847365295,0.9530080957957998,1.5291006656954995
2_94,0.6332356333732605,0.6492742300033569,0.7607775926589966,0,FRIENDS,0.666,0.454,0.495,-0.7689887021380556,0.6754711112881084,-0.7885932002060773,0.11906880563188596,0.3265589073215261,-0.18630747418766513,0.8880575077699415,0.34891220396658235,0.6022857260184121,1.128332379642144
2_96,0.735970675945282,0.6946437954902649,0.7010133266448975,0,FRIENDS,0.763,0.501,0.6425000000000001,0.09589689169295833,0.3171456020475831,-0.3199587494412212,0.5684875972940807,1.0346882802716217,1.25048449395565,0.4725907056011224,0.7175426782240386,1.5704432433968714,1.7901121335895072
2_97,0.5076938271522522,0.5336898565292358,0.6461483836174011,1,FRIENDS,0.6973333333333334,0.3299999999999999,0.5403333333333334,-1.825875397327346,-0.01180529053331339,-1.9824952973217165,-1.066631836200289,0.5553017288243061,0.25528282562587445,0.7592435611270572,0.5671070193576194,2.237778122947591,2.430167089741037
2_99,0.937390923500061,0.8411315679550171,0.7210677862167358,0,FRIENDS,0.5575,0.4425,0.53825,1.7915741022599343,0.4373850849005515,1.1931528718855484,0.009104633203901993,-0.46552394798863284,0.23498915375944243,1.7824694690560323,0.9029090328891843,0.958163718126106,2.2159692778833873
