id,f0_mean,f0_std,f0_range,jitter_local,shimmer_local,hnr_mean,voiced_ratio,jitter_local_stable,shimmer_local_stable,speaking_rate_proxy,energy_std,dissonance_mean,dissonance_std,inharmonicity_mean,inharmonicity_std,major_fit,minor_fit,wholetone_fit,majorness,tonal_clarity,major_fit_stable,minor_fit_stable,wholetone_fit_stable,majorness_stable,tonal_clarity_stable,stable_pitch_fraction,melodic_path_length,direction_change_rate,contour_slope,final_initial_diff,mean_interval_size,interval_std,num_notes_per_sec,direction_entropy,npvi_voiced,rpvi_pause,rpvi_pause_filtered,stress_contrast,ioi_cv,ioi_npvi,pitch_stress_contrast,f1_mean,f1_std,f2_mean,f2_std,f3_mean,f3_std,formant_dispersion,cpp_mean,cpp_std,h1h2_mean,h1h2_std,sarcasm,show
1_60,166.3719704804169,93.60443119630744,483.45355651443083,0.01696655112867241,0.13513942708296353,2.4823829171250518,0.2663316582914573,0.009399845005714101,0.12964408109813505,5.485322719254603,9.892741571447736,301.4291652769151,298.0995659021149,0.13763905837552792,0.05657900415946294,0.40820355861291996,0.4172941662739169,0.10976425998969035,-0.009090607660996952,0.0867726819280289,0.5665142316924361,0.6672508852709548,0.22941573387056174,-0.10073665357851869,0.3637210676277459,0.7839195979899497,4.26609201671137,1.4959971052512553,-3.142715026074602,-14.824073798218699,,,,,74.23663482487011,0.312,0.364,4.298544493024533,1.4458943526723829,31.064880921446186,6.328116030941823,846.1148262203221,293.38772329858324,1733.960509326012,405.50990908301935,2862.288129847589,306.2218327922358,1008.0866518136336,0.12482911399054439,0.036887646052827516,-10.202722401412869,11.018998672992248,1,BBT
1_70,219.369202066898,64.94367773694363,424.2205099487169,0.022669591326576734,0.08056538846842301,8.084333165326886,0.6296296296296297,,,6.981319824505857,10.511105941944782,126.76582986632329,136.98875580470062,0.1084281997356037,0.06793291398458635,0.36167940344114097,0.31439849635919437,0.098029217060675,0.0472809070819466,0.15357017649178628,0.32952719446865836,0.4528392766873073,0.16903085094570333,-0.12331208221864892,0.3175830028406472,0.42953020134228187,13.368339458720031,5.98398842100502,-1.9932412338394225,13.311284706985074,11.324344568071616,0.0,0.6648876023338912,-0.0,109.12939695814387,0.15000000000000002,0.16,3.0176165540644275,0.47942771804693285,34.817125588451766,3.545694790988624,716.8397144382103,173.88554280925044,1669.2004437477665,313.1365786145191,2893.649550133386,201.156026080714,1088.4049178475882,0.21614845472701472,0.10449562892255969,-6.546541655428883,10.857205630388604,1,BBT
1_80,175.2013243525398,24.424304683843904,103.76891050093252,0.017227158830446822,0.10999443285485717,4.3606639052563905,0.5125628140703518,0.006647532825604889,0.11540569665020724,7.230652675381067,5.526051199541505,685.7066148040724,946.9211832496994,0.11465155863009562,0.060198982859111023,0.434214485672617,0.529366819453866,0.009919482994148405,-0.09515233378124899,0.179591708528271,0.3518665829411064,0.4733669647808758,0.15339299776947404,-0.12150038183976941,0.3246435707904477,0.5829145728643216,12.899325290866601,4.986657017504184,-1.6872936023375178,-4.550595991636797,0.8539923366059649,0.9768155902603117,0.9973314035008368,0.9182958340544896,114.41509108175774,0.156,0.6399999999999999,2.732344729059961,0.40083264460538925,37.55168489941992,1.572495596589217,733.979838217888,327.9636068177905,1795.292991373701,429.4779863071654,2899.469941062375,340.05031934927206,1082.7450514222435,0.16175096162460814,0.09226760964031093,-3.736564191188072,6.990479941970121,0,BBT
1_90,192.16182214331738,44.17512084728939,343.8347445718556,0.0225351060472334,0.12261867178209356,5.16094391284802,0.6101468624833111,0.012869150957946931,0.12143746718631497,6.9912912713415185,6.503726861378035,799.1616263527613,1076.0456961026987,0.11188294679721138,0.059096884627947245,0.3298729203415824,0.42470651957423283,0.11855689178064392,-0.09483359923265045,0.07060132715151646,0.2916931216339292,0.4012739290070781,0.10730997473258168,-0.1095808073731489,0.2228934845231313,0.4432576769025367,20.23981087344151,6.39203773379796,-0.05436171208434044,-10.623755244326723,2.453008383120608,3.987726590047299,0.9321721695122025,0.9957274520849255,79.96101458588568,0.10444444444444442,0.15473684210526314,2.553990365586889,0.4285810151245435,40.915196810734045,3.1419209769436303,854.9060893859701,430.3553189104616,1946.9368588060502,499.64916223952844,2999.4402252532327,435.50048388582854,1072.2670679336313,0.1650408284268223,0.0783277043924993,-2.6871716717139824,12.578191957278795,0,BBT
1_105,186.468271051575,70.0015030668354,468.4612843071601,0.023810492833474813,0.12568952678135065,4.06560945004625,0.5819397993311036,,,7.313818760224043,5.426359239482951,885.56369474916,845.4946155796393,0.12249704847429282,0.06257099432753588,0.24499630224427815,0.3368120047856951,0.12940173534066754,-0.09181570254141697,0.04251678738296949,0.5626437367044562,0.6663282324653306,0.14907119849998607,-0.10368449576087435,0.1274701461316694,0.4916387959866221,16.84128622185095,5.485364070168032,-1.4350387255776587,-5.9840016615060385,1.8347089634602085,0.0,0.3324463072829111,-0.0,107.62055133449044,0.11904761904761907,0.13,2.451774441482675,0.3150021322209951,34.11535450605407,3.6755321092252533,863.570422789751,321.8072187862497,1806.8584141094,449.39118668770874,2867.159834290825,405.19478191085653,1001.7947057505369,0.16427016944346376,0.09850309732773924,-4.228717603935822,7.559394294045377,1,BBT
1_162,114.73436671510822,36.019511249188284,168.9715120040209,0.015872813779436674,0.07628289130195953,7.388250694284658,0.5819397993311036,0.00466403894603279,0.04933304852794091,5.817810377450943,10.3196929815763,990.2393975220836,1414.9109828960134,0.13815100599183464,0.05844703439798387,0.3681716342724877,0.40420237172580703,0.278580404233955,-0.036030737453319306,0.19587028727405553,0.3314868019893579,0.4209708296161528,0.37256111239950307,-0.08948402762679486,0.36839656045507796,0.6053511705685619,11.251733788758273,6.150256684733854,-1.7554935427635963,-5.020258421570544,1.349202904942457,2.6702713135752085,1.4960083827730997,0.954434002924965,77.50146052849077,0.12615384615384617,0.19666666666666668,2.239854620450711,0.8188100185075396,48.461184521379444,1.9830232099242693,748.845662123459,337.511799498409,1751.73714479129,421.13041075515775,2904.10805186496,349.1879878695883,1077.6311948707503,0.13007248426042634,0.0429432003128127,-5.090240375722252,10.907997610236546,0,BBT
1_175,163.00082610305378,38.43250826647005,247.3894148802446,0.021853537190833404,0.10316760418783162,4.6657308946730085,0.5329512893982808,0.03867747326146171,0.15470328770177827,7.266318605342397,5.7483498304243765,733.961149553702,688.1619693475445,0.12303676299686041,0.06684816794402212,0.2432873839197041,0.322456008120617,0.18604852406198258,-0.07916862420091289,0.06981734158791131,0.3940454262400717,0.49772680301440353,0.03968378950662725,-0.10368137677433181,0.34956009354206163,0.5214899713467048,14.919254020572692,5.271642909758209,-0.6244606860431344,-14.896333658481801,4.104037892659228,4.504711616077299,0.7123841769943526,0.8112781244591328,96.1793616728573,0.2423529411764706,0.31200000000000006,2.3833754586862597,0.39973940409657094,46.49356344543766,2.797833587992762,726.7341652939887,292.4057822839012,1666.8279907515232,451.8804620434042,2819.9610902603013,377.5654019455318,1046.6134624831561,0.16009794337583524,0.07948614755893577,-9.264275462392442,8.000646222759544,1,BBT
1_182,209.3687795483373,98.2505199597375,377.33177586530326,0.0355480409713459,0.14082369961173727,5.151102261185963,0.6305220883534136,0.02950754015148964,0.11310099771907216,5.784574468085106,10.025217574472428,626.3030803506961,635.787729113236,0.14258103083870913,0.07038763863018836,0.3671699205461081,0.31074011567399185,0.15984023960069874,0.05642980487211624,0.07273438273429067,0.4959705823913233,0.2953292742523127,0.10976425998969036,0.2006413081390106,0.23067726099681174,0.4578313253012048,22.660431849857275,5.984042553191489,-0.39323897252263124,-21.144331255684946,6.312385176490794,8.516621149474052,0.9973404255319148,1.0,60.6158296601845,0.04083333333333333,0.023333333333333334,2.436071402955228,0.8327957261924431,41.9517778895578,4.109426390071049,695.1730822958203,290.64880785479363,1676.2212560904263,335.63913803545273,2852.558473986792,367.68655265951,1078.6926958454856,0.1366310758549992,0.06346025705687719,-2.0534174663404734,10.449767383225732,1,BBT
1_213,180.7366622884798,81.31524879296444,502.07156801299215,0.02637834024500265,0.12295741050177712,5.929527887384822,0.6536536536536537,0.014196864915121664,0.1922554791815877,6.4965234024422305,8.459330894823777,849.6016600907034,1204.6234586402315,0.13362705025044874,0.0916695659837582,0.380300424449182,0.36770288061250384,0.17767909457407186,0.01259754383667816,0.015246504250660653,0.25119095939851666,0.43518011882444557,0.3994750835187242,-0.18398915942592892,0.05944644384424769,0.42842842842842843,19.503684582167956,7.795828082930677,-0.16697000302921614,6.162753114081847,2.9533996736295016,3.8561378263321426,0.8495453680116763,0.954434002924965,84.97975529984879,0.08216216216216217,0.10076923076923079,3.8486014019807495,0.5259068697524029,40.07671334060549,4.3297474617165435,808.6312938903334,460.98381826399446,1957.7640584061921,493.3631936545654,2981.6824100463355,431.5946565146439,1086.525558078001,0.1341439057004144,0.06091507496763277,-1.4123739745848278,12.038817582890912,1,BBT
1_276,147.97208568680028,61.482854426932434,493.9464668317126,0.020341029956859456,0.11480833880679954,8.396532661336366,0.7528230865746549,0.0049286591657576595,0.06791876193998295,6.875,6.939667762235753,320.24569444866194,316.67615745007737,0.12979702660724807,0.06297533438323795,0.2801461713162113,0.252084031566296,0.05268519444131494,0.028062139749915282,0.18229965046704932,0.27649381047989097,0.22938959021029764,0.10657793252105599,0.04710422026959332,0.34038535163833616,0.41102756892230574,15.202183088683835,8.5,-0.03353884948252662,-5.455585428321189,1.2245407533929293,1.405577765949164,2.125,0.8960382325345574,105.67175990913597,0.093,0.09142857142857141,2.7966467508254604,0.5023187605020545,39.20549636763192,1.554832597209722,640.3287847009898,244.7202322380556,1687.4749002461442,357.976627789284,2795.6653520929463,333.8423144473159,1077.668283695978,0.16426622024323884,0.06918327171722034,-2.4937680874874855,6.701898541908079,1,BBT
1_340,204.13569198755314,85.07815635596336,461.3273265793412,0.02458646731816372,0.10295389773376024,3.7632781036127403,0.4682274247491639,0.0037313947966313922,0.033570686302890534,6.648926145658221,8.879095831381928,827.8713156650673,862.6680429546161,0.11765799639247349,0.061111850323630854,0.4859888292930167,0.3650276214219554,0.29114981009873564,0.1209612078710613,0.027745987160764485,0.4753427265182748,0.4136619876660942,0.06311944030978034,0.06168073885218062,0.4091770251645215,0.5618729096989966,17.156732449369365,3.823132533753477,0.43708418275189803,17.81851546706078,,,,,98.56379045487209,0.26615384615384613,0.545,1.887608067449088,1.0483813309607413,43.0274207826558,5.956109095133984,819.4729755401283,283.28214915467584,1731.305618358106,370.9271588976359,2847.0403301176198,318.9752035692386,1013.7836772887458,0.16022244967943206,0.08675516013402572,-0.4333368876707702,10.23488532750467,1,BBT
1_410,193.27033648363965,75.67680559587599,517.2580781016784,0.028051695712044147,0.14644794353020332,4.790609597270292,0.6004016064257028,0.00210583845940729,0.08545889148340485,6.781914893617021,8.253712577728498,222.60937689725463,304.6382576930958,0.12708539173817693,0.06965961257632619,0.10986313986455334,0.23441690717289304,0.27327479427406204,-0.1245537673083397,0.03216331383445281,0.44466689408608595,0.6525901107998305,0.06637233115999723,-0.20792321671374459,0.16022247550347535,0.4899598393574297,18.156665944073396,4.388297872340425,1.2269625752577937,15.443452188264997,,,,,94.27552334840838,0.09333333333333334,0.172,4.080614668101547,0.4478516190236681,37.547218282736196,4.421790632424758,699.1129156514484,292.4640382326151,1762.3234981001556,322.3936440954871,2764.5156832720827,312.01474000473473,1032.701383810317,0.17589066125756161,0.08102781553889331,-7.259321458071482,7.38692553242746,0,BBT
1_427,156.95475965518378,56.51611919336578,424.3934394924186,0.02084026362865101,0.12370711543872107,5.832293772496084,0.5100401606425703,,,5.984042553191489,7.784250689666098,108.09441235329504,121.00222923527002,0.11265724186110432,0.052726150112303555,0.43880639202238947,0.40936897038918374,0.44126130406091413,0.02943742163320573,0.021161941321057864,0.4605040683314213,0.5186350756368574,0.34641016151377546,-0.05813100730543608,0.23974642511613264,0.5220883534136547,15.743875527421272,3.7898936170212765,-2.107516238684585,-10.695271325993186,,,,,82.82760400471379,0.16615384615384615,0.21714285714285714,3.3240979264769774,0.4729948816669504,31.4969480329996,3.168185583979483,717.5310118855531,305.7372667578884,1653.9835458677228,430.8354858412482,2776.0068186323683,343.10467270374284,1029.2379033734078,0.13752027987372423,0.04397081212615468,-8.206508977212474,6.77340225486209,1,BBT
1_430,192.39177641512725,62.56050055277933,449.7271615633697,0.024772900781374268,0.14086692547260282,3.5972649674322272,0.39156626506024095,0.013742381505922099,0.1855418488020476,5.784574468085106,13.348431710954458,77.11694142642891,71.11024840727256,0.11529327602839923,0.05222651437567926,0.49582495267765414,0.2829639056528978,0.3475032129836099,0.21286104702475633,0.07978094403287728,0.3787372810193498,0.42848260704499147,0.5345224838248489,-0.04974532602564169,0.5815855815233053,0.6465863453815262,11.517730889178594,3.590425531914893,1.2355933233332685,15.384733192632844,3.143942822328177,3.143942822328177,0.5984042553191489,1.0,79.09256951052618,0.29090909090909095,0.43500000000000005,3.824968269754848,1.0531946480707628,40.230157617628166,4.0058944066597535,815.5206186001449,328.02619291118134,1724.7453745596824,341.5276672683707,2865.8009089140796,341.6918795220826,1025.1401451569673,0.1626518162777524,0.07779957985251987,-6.957169524797727,10.133660096710976,0,BBT
1_467,193.17027380633994,111.69305325589198,514.2035614557809,0.026373359077873183,0.1594600026752587,6.183663841571266,0.6086956521739131,0.022942237455051303,0.1442177533474912,6.220372879819051,7.739800904012436,73.5173045379545,124.01613001263034,0.23192212389248026,0.2918365054188384,0.47303277017202167,0.40737341197952437,0.17490109952796343,0.0656593581924973,0.03455617899521024,0.48092494523157137,0.513998872346368,0.16786039819890883,-0.03307392711479662,0.166073248779959,0.4766146993318486,23.750779902821552,4.776357747003914,0.26810303177148226,-18.53871778635827,0.5545392319734148,0.0,0.2221561742792518,-0.0,90.51714636908017,0.04947368421052632,0.08600000000000001,5.134263168955221,0.7234131222171272,40.641146442410296,7.642373227236475,710.2771984002742,393.4727733195102,1751.3222349145678,522.8473142249219,2856.52670902425,402.6258380542791,1073.1247553119879,0.13564463790150583,0.05530122131355101,-0.3032923602879225,13.777451889283814,0,BBT
1_506,162.38860445532063,76.94936809596233,470.9395462619329,0.022722331090674095,0.13736581618853705,3.3796119833990224,0.4547738693467337,,,7.230652675381067,5.271829065645898,158.37954589442575,144.3508562121521,0.1316645101469604,0.05584730208934611,0.6830113467014406,0.409846243542995,0.11757927025044312,0.2731651031584456,0.07066033941464944,0.6006740411568663,0.8885531054886882,0.19245008972987526,-0.28787906433182187,0.5578858913022597,0.5628140703517588,10.042810093791905,5.485322719254603,-0.7727668534800682,14.53680005431304,1.8515902860963038,0.0,0.4986657017504184,-0.0,100.67328577854893,0.2,0.36000000000000004,3.915225473117353,0.4211019428216527,36.731786428417976,3.911725636790391,867.9716197726029,333.4776659991142,1778.111606540102,417.1611097540063,2909.697241908519,395.95067802238907,1020.8628110679581,0.1412726103566542,0.06323125142193942,-5.420771992819936,6.921323736310794,0,BBT
1_507,189.41894131755868,57.25880851722489,488.11235820182304,0.0237713541917075,0.13080924478730357,8.682320094657,0.6399108138238573,,,5.442826269841669,10.959613188604061,97.97699398225164,106.26002029548066,0.10811944776421951,0.05816760842892739,0.35780812593906086,0.44902868811974245,0.21126592925934481,-0.09122056218068159,0.03436251244003807,0.7446640003806417,0.7225633331008225,0.05191741316511652,0.022100667279819186,0.25961420442163763,0.3986636971046771,20.546574080367503,5.998216705539799,-0.4385706835077675,6.885667411179804,0.36519535689297733,0.0,0.2221561742792518,-0.0,90.35815841488109,0.09034482758620692,0.11333333333333334,3.040101522254487,0.7288996983816474,49.830994829979694,3.140605819667466,778.6999254032202,366.11564813839624,1777.7170410003796,517.1909140881947,2885.2821640366406,459.00969893326004,1053.2911193167101,0.16836233353500626,0.06758790985171724,-3.0683867784125076,9.304002732753906,1,BBT
1_533,195.5458303828454,134.83233775996518,502.44923822850166,0.03049098313967471,0.17984538391263663,3.5898489658812025,0.3108882521489971,,,5.271642909758209,14.288827282322398,86.44631700458326,112.1178103350463,0.17274338693691754,0.09143681974792141,0.6567421334006778,0.5796262938875166,0.04314425910947461,0.07711583951316114,0.09134705220627704,0.709158273481827,0.5589773643792006,0.0873704056661038,0.15018090910262638,0.25702632753663246,0.7249283667621776,11.556784179622756,3.1344903787751517,2.728240516292825,15.86900950987777,,,,,78.66026646212404,0.43,0.7514285714285714,6.230018992275196,1.0637440011543122,51.19418716205517,3.6227911623777134,980.0622320432982,399.6129352978358,1989.5501004883945,549.9590701146882,3057.109585869093,514.3215385925921,1038.5236769128971,0.12538258781737388,0.039451283852150534,1.3427656866935302,9.804540012435929,0,BBT
1_536,233.01837021167,116.24174126068237,459.43106415781006,0.023404310242940582,0.12303903850636386,9.711390663511423,0.5056320400500626,0.02591437149638119,0.09429769975524868,5.984022253506793,11.81955635778031,44.27688232442058,95.44734966820572,0.11390040068068859,0.06889421683595161,0.2399954780914398,0.3894403480944201,0.0133368903117435,-0.14944487000298026,0.10433500716817035,0.27823646168310123,0.5351127272642621,0.10283867552865912,-0.25687626558116083,0.31559184033035936,0.5475,18.75837252850173,4.7373509506928775,3.197766928872348,8.700622997681283,8.760441865086511,8.760441865086511,0.37400139084417455,1.0,70.83035955906396,0.185,0.18307692307692308,6.655168729140076,0.6417581844921901,41.239800646669785,2.682845761438844,871.8212926545608,419.2838782592269,1935.1818521900304,531.7643258488973,3012.9783626091053,449.18260546493303,1070.5785349772723,0.15491490588410456,0.06852281293560153,5.82101736687713,10.533983232992899,1,BBT
1_537,336.17198210684927,82.43996683720341,401.46415569362125,0.02113414392453616,0.11342500550177105,10.513834910472314,0.5,,,6.48265412275544,11.07962575254174,26.691752625221138,54.073308821874704,0.07767058134428384,0.06176495259876984,0.623033576140561,0.5229820839831124,0.11686340806974292,0.10005149215744857,0.06995501781837843,0.7053498708578426,0.7214189941366926,9.813077866773595e-18,-0.016069123278850017,0.39869969022104557,0.5477386934673367,22.463522137804844,3.4906599122529287,-2.711001160817259,-5.482985913405599,2.9521210101305417,0.0,0.4986657017504184,-0.0,87.75195971286865,0.175,0.12800000000000003,4.772274918078327,0.7098488677469275,41.04234214233027,2.912497960402304,833.841614596636,387.8056648753921,1917.3810532163216,477.57119667084925,2983.6646379846998,372.19004176864695,1074.911511694032,0.1810272685833785,0.0828664296177015,9.747874136299316,12.180352091327148,1,BBT
1_672,194.40687848156267,72.55923052485252,492.6123384021761,0.0234294441915455,0.10973764249547818,9.738561835696236,0.5402010050251256,,,5.235989868379393,14.701685291988774,93.75332274081445,108.04404560988573,0.10161886266966856,0.058918254959031476,0.17104090512505518,0.27725936774497484,0.14215505375772064,-0.10621846261991966,0.13343035139394355,0.806139128873588,0.6471591490742535,0.0,0.15897997979933443,0.5815855815233053,0.45226130653266333,26.862089877252107,6.981319824505857,-1.2585498786255613,-2.0642988630028505,,,,,93.27805434397298,0.1775,0.23500000000000001,5.456006055446158,0.46006749727958923,43.45667746558316,4.22222617368565,684.9028813252372,361.5613362380104,1887.0079306526893,433.26717438093993,2872.4792726842447,385.1886886863409,1093.788195679504,0.17915403353481268,0.09284153032831767,-2.3469999018954444,10.956114269898443,0,BBT
1_971,281.07219431762724,73.75399702357699,262.61105544285385,0.01995914352056686,0.09584602843522236,5.109401945978843,0.6124497991967871,0.02742754313541142,0.11520877097853431,7.579787234042553,4.662309947960939,729.5157215157718,702.188113115405,0.10454473228850464,0.06457751757234473,0.3093966790488816,0.5846925375251706,0.01976037630438106,-0.275295858476289,0.08963606626455223,0.38508652860468745,0.3967870759390415,0.0,-0.01170054733435405,0.3140380362325801,0.42971887550200805,15.705706282634454,5.784574468085106,1.3363733798383444,-2.9926659801782467,3.004550546588085,2.2949434851462147,0.5984042553191489,-0.0,90.62785897505124,0.11400000000000002,0.168,2.1194334523431153,0.43487476920595786,40.80299883341014,2.6499638687731317,868.5041053935356,207.8720719503152,1673.0103035852537,389.4785216358496,2808.239586020892,336.52689505994937,969.8677403136782,0.19637578246403026,0.09951464878446854,-5.707092256363281,9.781576305903522,1,BBT
1_1001,182.46260415905948,51.90202195864502,267.1938536512867,0.028600872605214146,0.12207628462555237,5.643451268898045,0.47474747474747475,,,5.31910081867113,11.704786547030329,618.2538488967868,901.7271054561658,0.12169459006662846,0.07357895517717726,0.4506707267173642,0.6482585804027505,0.07899525055333641,-0.19758785368538634,0.0983146451828405,0.539040433643965,0.8308935586432087,0.0,-0.29185312499924365,0.7210570543488701,0.5436241610738255,20.228266184836972,5.31910081867113,0.7456420965536928,11.70937381261664,,,,,114.68112497524261,0.24000000000000002,0.25,2.832572515613692,0.7344701265415816,53.67516907194643,4.862658979978687,727.6313421699189,365.3792245739901,1850.8699758361058,427.4896172341388,2896.6301369750076,380.2150072548661,1084.4993974025444,0.1527467647268185,0.0718963171180801,-4.921605853335705,8.171198683481789,0,BBT
1_1003,196.8114094530545,110.6577126769209,461.91543879468094,0.03245683570031441,0.11981581232389953,6.451272112943275,0.5796737766624843,,,6.125,9.759479446024109,646.170466447722,830.4866735755808,0.12606927669525383,0.0788783085065573,0.36396695919567923,0.38518596134741045,0.10413152017509346,-0.021219002151731226,0.01232434813730332,0.5007435735013531,0.543306789549945,0.0716114874039433,-0.04256321604859192,0.23581564341729477,0.45614035087719296,22.221408640362966,5.25,2.145483910166343,15.015745491773034,13.016822322391114,0.0,0.25,-0.0,71.94178431133118,0.11272727272727273,0.16166666666666668,3.5452295291758666,0.6643848890850472,49.969202709903165,7.968589195767558,674.2743788211311,361.90508219531455,1806.5987404137095,489.34227883926656,2878.979729369391,378.86062933791266,1102.35267527413,0.13452224575497015,0.05564944742845442,5.697400127394963,15.041706903360554,1,BBT
1_1144,178.12885948004327,59.32535218421105,324.0853344505039,0.022049096962686553,0.11423900792177132,5.764233230883637,0.5487106017191977,,,6.838888099145786,6.461715751503923,119.31414386283944,149.61403897482123,0.10920938926812215,0.06093330988323823,0.34639420814180055,0.5683405269933471,0.02024026108485959,-0.2219463188515466,0.047928958599330995,0.6112779888790387,0.7530764015882111,0.39056673294247163,-0.14179841270917237,0.3872204711932895,0.4871060171919771,19.96234213369695,5.984027086752562,-0.8206727200338261,-11.517422107082673,3.822789690020791,0.0,0.28495367079774103,-0.0,95.90795965889912,0.19285714285714287,0.38,3.5052870019915687,0.49381838330173694,38.638668701233335,3.193481828579209,706.4468450572653,318.0050821570919,1719.7222923953366,384.9486137641827,2776.5137167673247,317.71449167179327,1035.03343585503,0.16352438382072143,0.07248286782600781,-4.039939968266599,10.463310986650384,1,BBT
1_1180,152.29852102973703,49.44784748128657,376.6138123317539,0.023702626268553576,0.1179183144607691,6.732008828978832,0.5329512893982808,0.006658190889159511,0.045666816132840495,6.411457592949174,9.678821825941515,115.17632283610806,143.94861914287694,0.13153448449068988,0.07017031629444195,0.2871004017215037,0.44791790815787097,0.05239625170622458,-0.16081750643636727,0.14648158065838857,0.48905667530110375,0.37817991972953235,0.35582999744274424,0.1108767555715714,0.34924993957116546,0.504297994269341,14.242683394270204,4.5592587327638565,-1.1094060672255956,-9.692265210995464,,,,,84.40128074690287,0.09904761904761905,0.13,3.8364504992192265,0.6228918470052313,48.07984406982887,3.030797148904694,785.5851526820936,462.8875524740724,1916.2091547278922,553.6936297060565,2943.2758070590976,474.3269929968533,1078.8453271885019,0.14301105007570764,0.056442369217514964,-6.592840384571835,9.193800823955703,1,BBT
1_1185,253.09410690193693,67.47058046008165,208.26500385307776,0.018859717007786915,0.15810441078185256,3.701680784552396,0.32323232323232326,,,6.981319824505857,10.464701262377464,67.6819999505378,79.21720645502519,0.09513882458186673,0.06576612249800436,0.2164565741256871,0.3107101608410509,2.943923360032078e-17,-0.0942535867153638,0.11485835154529767,0.4210542956583832,0.7374066108641077,0.0,-0.31635231520572454,0.5815855815233053,0.7046979865771812,13.633677137844797,4.654213216337238,13.401890800098569,12.835096223608058,,,,,168.58585858585857,0.5066666666666667,0.5066666666666667,3.1723731917854243,0.5800557625584442,36.89766884921268,1.6090708206273447,803.7282599919736,215.4151349022099,1607.5624830428862,252.31606693805637,2735.621761829842,370.91892027477076,965.9467509189342,0.18119297961280675,0.08370761651303787,-2.1925138562105775,10.673770886445975,0,BBT
1_1189,161.38439635500032,95.91703058855418,469.917794633103,0.03274656783214936,0.16884405676505124,4.408580484094834,0.5276381909547738,,,6.981319824505857,6.905041385253309,318.5585443836588,395.0049706728659,0.15381625018858194,0.07225835602466828,0.6143878476129293,0.5629855020596076,0.19588563617296695,0.05140234555332168,0.09162561770529243,0.5846535290519524,0.6812753329024496,0.26211121699831136,-0.09662180385049712,0.4860836081809796,0.4824120603015075,27.71444278600784,7.729318377131485,0.6445412848645514,4.9014112597176975,4.187895040815892,0.0,0.4986657017504184,-0.0,91.07780111206509,0.116,0.10000000000000002,4.076028091626256,0.5045372301490226,43.27088851372243,9.151014451720737,664.7123753091588,231.93108620007857,1582.8838239235217,430.43588239609835,2810.6537238892456,429.96182252918715,1072.9706742900435,0.11955476148191232,0.04041926719585486,-3.5567368406326434,12.10877567030532,0,BBT
1_1262,133.2180142579471,55.4388872342478,410.37676036556564,0.02971570982415634,0.16476119609458598,5.632082553262331,0.5879396984924623,,,6.731986973630649,8.346675709738774,34.6997666393842,42.414750420447675,0.14623312599789687,0.06463862437668601,0.14976206153805796,0.2942764924904185,0.02778850071883643,-0.14451443095236052,0.08359899036737573,0.5341489128619843,0.42674642539793484,0.6509445549041195,0.10740248746404946,0.2966061330248053,0.4221105527638191,18.463657089420074,4.986657017504184,0.09988818085775229,12.205936597487202,,,,,87.96971819030642,0.0475,0.05600000000000001,4.627123238757717,0.30257683122776474,31.020816863898148,2.6081670900079037,637.5620187718372,327.95513764005534,1791.0550217886453,432.05359523893725,2810.3596315498294,465.99156638868936,1086.398806388996,0.1257675025687845,0.03507769641117671,-0.8686528115667771,8.87449526286924,0,BBT
1_1296,194.49717517868842,79.65139333526429,432.23756969926296,0.02948732226076686,0.16148189095527973,4.224850026551396,0.5,0.01060631048774538,0.1054954800367474,7.147595606582588,6.9020556299320726,287.81922250059233,411.67055357808397,0.1454698572420488,0.0774473191455818,0.5413228159680215,0.5122372512416865,0.06453359105519724,0.029085564726334945,0.04855309563809762,0.698865288573632,0.6076071307449945,0.16903085094570328,0.09125815782863744,0.24640508889128754,0.5551839464882943,16.332955096283182,4.155578841036388,0.43224677134139106,-4.198476942567487,,,,,95.47979086440623,0.09615384615384617,0.16888888888888887,3.7331646733247807,0.5784160103864662,37.685485411927694,5.359473720826589,707.3966441225182,212.68661647999105,1656.1558213596286,258.2540714439684,2760.7440270094257,279.5613377576989,1026.6736914434537,0.13025643465675238,0.04558491708580895,3.7055563974987114,12.114108430848498,1,BBT
1_1466,168.28512434365703,71.12250241206056,438.7695570556916,0.028684498239592144,0.12286893427114938,6.661391278677023,0.585427135678392,0.02735506046593776,0.13300258594591816,4.986657017504184,7.759830175293244,81.26761601599884,86.80107392034087,0.12800805048893105,0.0661187110444967,0.19969615257640536,0.345808640769948,0.21074560093658715,-0.14611248819354264,0.09674597873194457,0.7723939187253631,0.6097894637878225,0.30151134457776363,0.1626044549375406,0.2631431521704328,0.457286432160804,16.857941358591646,7.978651228006695,0.9347782995660112,-7.300618243125779,6.682358459619227,0.0,0.4986657017504184,-0.0,64.84186506686034,0.17333333333333334,0.38,2.7649106700052104,0.5037913234559338,46.776009802432206,2.1293364670845176,702.2525147717637,271.1654376381009,1634.9077833925257,389.9499312782421,2799.4625705823655,352.6378970733486,1048.6050279053006,0.14568966345481577,0.05381476419831579,-1.7564025951844637,9.930578524785947,1,BBT
1_1470,208.5774254803084,55.31092736698381,229.16903328675662,0.020625988929327464,0.093973442524549,10.781734612545097,0.569023569023569,0.005248872697991846,0.029712055933443816,4.986657017504184,9.755531218435667,58.44960222697636,76.77039496826615,0.09195416680953378,0.061759941153144184,0.4244465126645968,0.3678384989905932,0.2440917632962262,0.05660801367400364,0.15092907115194354,0.8127777222939125,0.5729906488242641,0.047946330148538455,0.23978707346964845,0.3614308579103267,0.5436241610738255,11.520200304451016,4.654213216337238,-6.206328339728653,-17.715655541669456,3.7319608564639926,3.1723106163251638,1.3297752046677824,0.9182958340544896,56.48875502830878,0.19142857142857142,0.30000000000000004,6.682611891133824,0.5431303116422004,53.217291142691145,2.087817155974579,787.8940795957124,319.0226524330766,1929.765088493937,385.2425858276702,2893.6217992815505,321.3392756141228,1052.863859842919,0.19970038534198156,0.09712139138555854,0.4536509641479801,7.841948446578159,0,BBT
1_1478,144.71281574058642,72.47082959839577,519.8709310412522,0.01857668511650456,0.1261571366896919,4.458218264648288,0.4658158614402917,0.0036265843368485174,0.0995939545825877,6.0864675128848456,7.166473424819775,171.17905188075326,225.59982710529425,0.1414484328657095,0.06985560997824822,0.5287730138622299,0.42941125715913814,0.08522022665584242,0.09936175670309172,0.07973969039403295,0.37413020910527345,0.5320424604713041,0.10383482633023297,-0.15791225136603065,0.21647637288077293,0.599271402550091,10.581118957862866,3.542869149291179,1.2537611434543379,14.07323185578152,1.9864275407874483,2.663627463442829,0.6358995908984167,1.0,84.85556503993162,0.13705882352941176,0.18571428571428572,3.988497617832504,0.6378949476491418,42.89967125252179,3.2425091293673467,769.9196612330405,269.5189380298649,1698.5269359382207,395.5305054358109,2855.3287178611768,375.36590409937156,1042.704528314068,0.1480250978950997,0.05137877958615224,-5.644239405686964,6.755767532252586,1,BBT
1_1484,222.8164381652929,79.69643896482869,392.6934781910817,0.02285544350929535,0.10670968096899615,10.102357059157994,0.7311557788944724,0.0024464586661277392,0.029754803463719722,5.485322719254603,9.51908993106104,124.249615716455,222.16419437775804,0.11347942280002914,0.0763438340048891,0.30499703299486913,0.5143912867017651,0.014988949722867604,-0.20939425370689602,0.038130079453418064,0.3717284208637881,0.6083572138638345,0.09016696346674322,-0.23662879300004636,0.3323270998688179,0.3316582914572864,33.56091742055588,5.734655570129812,1.0367246971657365,5.729083543977357,12.716577317099444,11.930339127869237,0.9973314035008368,0.9182958340544896,130.00798073691115,0.10181818181818182,0.14,3.6132643670314444,0.6216117581114956,45.352553697145645,5.578771077973186,680.6696764522424,397.7759432172977,1765.510421194735,527.8723471283171,2818.4974240145325,401.53726615112566,1068.913873781145,0.1734452355924606,0.07409704904374459,-0.5064683652535934,9.805174425443804,0,BBT
1_1549,176.033783966969,81.61474680427875,245.96198543566044,0.02139192255981496,0.1336226275637971,4.192825337179585,0.5020080321285141,0.0032908950951086305,0.09086282592479332,6.582446808510638,6.633171228877133,167.30957781883978,143.03915293305312,0.1323859201169646,0.06513947328912936,0.41717310630561905,0.6011789825080697,0.11214032600406414,-0.18400587620245062,0.07665341876007381,0.49324784681582007,0.6610117559563139,0.17087153154335222,-0.16776390914049383,0.42424986620348437,0.5421686746987951,15.3136328365566,3.9893617021276593,4.705784043200249,8.142256331334952,,,,,75.72384880077188,0.14615384615384616,0.15142857142857144,3.716880856301321,0.5417744793581838,35.955537085377046,3.827926346297109,805.5639074784474,272.15785152233127,1702.4098580599157,396.27955240689107,2836.956330749049,364.7683625786562,1015.6962116353008,0.15326122873763898,0.06882629051224176,-0.4828577011581461,9.913552133483126,1,BBT
1_1560,170.89565272979831,52.432434621176355,434.57964468065313,0.0216674715429074,0.14532013008399933,6.666288049398071,0.6432160804020101,,,7.729318377131485,5.241056627443524,94.57183165271444,90.09904570631568,0.12557188103701983,0.07048866715259669,0.4237319874786761,0.357422323031425,0.1560216198535742,0.06630966444725106,0.14253923373387145,0.5083971690204795,0.5851592383883144,0.5012804118276031,-0.07676206936783492,0.42570838888355256,0.3969849246231156,19.910651716787438,9.22531548238274,-0.8786718779490609,-6.82607920528225,2.443745757545594,2.234839588995735,0.7479985526256276,-0.0,105.8871296420933,0.14750000000000002,0.37,3.2303680761028164,0.38500967504695627,36.483530767835084,3.090535787245081,620.2344697490685,231.07109256751647,1605.993204676796,392.16717877753746,2756.191620313195,403.4624509729961,1067.9785752820633,0.1375981870007726,0.04296518159621629,-6.757073195558447,12.602668884829965,1,BBT
1_1627,276.69865648130406,120.84625783187118,472.40846748404215,0.025565930690964328,0.11208779945437011,6.150034970665945,0.5558343789209536,0.01578689178421575,0.10051783765541916,6.5,8.820258339073998,45.245799625527255,91.81806885312314,0.10320491655945266,0.06690672505133127,0.3938826270561608,0.5055992865101214,0.10824656882842548,-0.11171665945396064,0.07333574723932323,0.6018072017673531,0.6421532267548473,0.19728096107143958,-0.04034602498749418,0.4435530513237774,0.49624060150375937,27.03225052349972,5.625,-1.8710374535647623,-12.114425520347117,0.07020439590422356,0.0,0.25,-0.0,88.78849602195189,0.09250000000000001,0.24500000000000002,2.7416313723061876,0.5321724662228741,42.025939988355475,3.656611542570242,726.0837339301503,254.26140919349888,1754.2368871460264,350.4652552869365,2779.0793913671255,285.9475139586746,1026.4978287184877,0.16866755757877347,0.07504421016731769,2.120323150355526,15.132164982433194,0,BBT
1_1638,156.2028847976566,49.306892802950756,240.36145065069113,0.026500855448818358,0.1556188676455155,3.8824660340745183,0.4824120603015075,,,6.731986973630649,14.708414260643119,115.53022617062935,120.12313822309554,0.15182386705091142,0.0727388224182806,0.2708681721150009,0.29962419623885395,0.03823906160794712,-0.02875602412385303,0.14548152364964906,0.3362878275645814,0.420308991440297,0.3713906763541038,-0.08402116387571557,0.29652594849177705,0.5728643216080402,16.17100167009535,5.235989868379393,2.7985599059719632,15.252553353559616,0.7931858853401081,0.0,0.4986657017504184,-0.0,62.03919725785051,0.09529411764705883,0.225,3.0415241228132976,0.3225458035177027,29.36722200241198,3.0353616639210963,755.3471222473665,256.7893335610951,1658.1847463038055,430.08108966967484,2756.933992460789,387.66872435483276,1000.7934351067113,0.14955838388981482,0.05575135835211504,-9.987458410055778,7.200751128996312,1,BBT
1_1666,171.3947965922124,27.067569467897286,113.28656633050213,0.027525540905342625,0.11955438486688272,4.629138728280912,0.367003367003367,,,6.316432222171966,9.291117059777223,103.97391362469878,104.2915017340217,0.11862825601300725,0.06023134152312926,0.2872177693007028,0.431710668993306,3.2870027493001614e-17,-0.1444928996926032,0.16389199413385946,0.5046303995704742,0.44930894438111174,0.5345224838248488,0.055321455189362434,0.5815855815233053,0.6778523489932886,11.209847101281206,1.662219005834728,1.7277797810960323,9.29546853569471,,,,,60.75108792136656,0.14666666666666664,0.14666666666666664,4.789468053671466,0.7113681670414982,51.755646788699515,2.155567518630657,753.7936154027622,247.82238954550033,1665.1322802031955,424.0987598896805,2864.8097240047427,406.58782347391485,1055.5080543009904,0.1682593165698284,0.0618866608374011,-6.713225725705285,4.9050136448851305,0,BBT
1_1678,150.74066815697876,52.22666130349679,368.98793604410747,0.021891083629997036,0.1412570992068426,4.207253070811822,0.5200803212851406,0.005187381628264436,0.04016577247651536,6.781914893617021,5.833990828602237,82.89090257331996,87.91865912338702,0.12447309228165485,0.05558045260610951,0.248651641531466,0.31633874732751444,0.19038123938628343,-0.06768710579604845,0.1198922115428902,0.21039005674808797,0.34110612428380377,0.12038585308576923,-0.1307160675357158,0.21285419444177622,0.5341365461847389,14.403122108364016,6.183510638297872,-3.3482778646500497,-26.509612065705703,2.068124699130773,1.8132433163113109,0.9973404255319148,0.8112781244591328,65.11693857530318,0.1545454545454545,0.32666666666666666,3.1243017019497774,0.37813102103299445,39.32851024625523,1.9687770858200502,726.8676970978113,219.97075431942625,1656.510909599404,405.0167836377434,2865.535663520924,319.335774755448,1069.3339832115562,0.15691011819529446,0.060706663743489486,-4.43040273557244,4.9524568273021226,0,BBT
1_1722,135.62213467506444,47.81608043447225,333.6737583488219,0.028783886182202095,0.14611860119066172,6.993142540052985,0.7138047138047138,0.008284636351589263,0.15003943283177848,5.31910081867113,7.601781439244142,122.53040454866529,118.04671635595238,0.14331283059134056,0.06422511915621433,0.22813027326488067,0.26301002717510696,0.1849065960950487,-0.0348797539102263,0.20963808858127075,0.6125869878195969,0.647855458950608,0.2989740371007743,-0.03526847113101117,0.5108918473105195,0.35570469798657717,34.96434508416489,9.973314035008368,-2.5186278380847487,-5.975856889792933,0.005440706196893075,0.0,0.6648876023338912,-0.0,80.93214899135953,0.060000000000000005,0.06,2.8162842326236426,0.3202151197368625,25.24374805603034,4.20209013801313,591.7149850130193,312.7319241915067,1750.8524594017244,422.19645237508,2663.830170364595,361.87884897261387,1036.0575926757879,0.12522258743204917,0.035179767373431856,-5.483010930067112,13.48983681409274,0,BBT
1_1732,255.81195234597516,107.11905171669012,438.0578779933761,0.021125472439754704,0.12630684543674625,7.781573837266063,0.6688963210702341,0.003661669934799742,0.05597826086712404,6.31647983837531,7.288443067953948,44.557551733432945,97.11308397270459,0.10457449405947689,0.06315705775739956,0.3299376285649743,0.33801569280006744,0.03927037979204123,-0.008078064235093163,0.08427319286665091,0.3739401083473138,0.3363427599846932,0.12126781251816646,0.037597348362620575,0.18864005718951737,0.4013377926421405,30.65893037842074,4.321801994677844,-0.32225228819279533,-0.371330924128781,1.1612823456646282,1.0172273198509445,0.9973389218487332,0.7219280948873623,74.86669643191371,0.0977777777777778,0.11999999999999998,3.9155098241549946,0.5127248386281235,50.55685788881781,6.0076098521982795,731.0987368711752,249.82241768451158,1782.6560177515937,453.0557242665961,2853.665812789014,384.20890791090994,1061.2835379589196,0.16249162234888825,0.06733885731332874,3.6251396280563775,7.9331953560073885,1,BBT
1_1772,223.53893032695294,67.67548586869094,285.72151266725444,0.019025248649490647,0.10929871603786104,6.74807964366188,0.5783132530120482,0.004754074740073574,0.05488257052452904,6.582446808510638,7.788876795941386,95.82607547561913,132.38773133718482,0.09909576497153498,0.06533816311437851,0.34936545288151094,0.381346900811289,0.24566865099527732,-0.031981447929778084,0.061141064481959106,0.6396692325141979,0.6267224379232653,0.36206941027214834,0.01294679459093262,0.6819727742520983,0.4779116465863454,22.553445320941773,3.590425531914893,0.9490838654045651,8.61200040675294,1.8906542453512731,0.0,0.39893617021276595,-0.0,74.10611965943518,0.1622222222222222,0.275,3.0019863121192785,0.47301130075629255,45.82916630265716,4.021746125256863,692.1048033402168,276.1504699608347,1771.0968215104933,430.2464452130061,2884.678343922837,300.7844534834393,1096.2867702913104,0.20624215448013403,0.10370719747390163,-1.1878973354273492,9.861413867057745,1,BBT
1_1798,182.33575954169407,35.75895690562791,160.2638821356802,0.019915565530417144,0.10717586144377866,6.894803149971356,0.5678391959798995,0.0062799677904240075,0.058230889251481024,6.48265412275544,7.799558576610812,69.9698939528447,60.15590317165434,0.10726377658508186,0.05624976191442032,0.5249471426117208,0.5359392476948558,0.012102777482539153,-0.010992105083134973,0.10670436551994655,0.6139634339447407,0.5270662490760833,3.353098075268411e-17,0.08689718486865738,0.2969449356919729,0.5527638190954773,14.27337585877999,4.487991315753765,-2.5630864786443124,-2.3248985788963505,1.4702111581050468,1.0346680033493219,1.246664254376046,-0.0,81.14723677881571,0.07200000000000002,0.07,4.509570323909938,0.33333333333333337,34.926408147144336,1.7843975628248299,685.8608920787034,289.2835637316637,1697.1053686512287,423.62362738785805,2896.636780072498,372.09668941527184,1105.3879439968973,0.1994665181842878,0.10700817045011,-5.028101375787654,8.137306696943579,1,BBT
1_1803,180.0622978281496,113.10077691921815,472.0810423840613,0.028455970694850504,0.1604324826047852,4.578716880621775,0.5083612040133779,,,5.319140916526577,10.058935507145547,211.8301934620171,206.1612619118069,0.1496581684302717,0.06800994678117164,0.29654777490495043,0.3641189207635724,0.07710069930651407,-0.06757114585862195,0.05588438148121755,0.5681985070799288,0.6561137386561433,0.2357022603955159,-0.0879152315762145,0.13947147282556505,0.5317725752508361,15.057602634661732,5.817810377450943,-2.3502784580814584,-24.51512466854848,,,,,90.9430823918629,0.1875,0.25,3.053316105305284,0.9585027841673537,44.498567127422845,4.24057528780025,697.9637298325166,183.33694181295746,1624.16323786046,275.8132996253335,2684.9175306938287,375.78180562190227,993.476900430656,0.13905192870908267,0.04977107618233426,-5.973674326757805,9.984835989275204,1,BBT
1_1931,182.6230088804104,113.529518924125,520.4293406396805,0.026620830021371448,0.10895641612073831,2.7676117974175445,0.3493975903614458,,,5.984042553191489,7.191565933530238,192.79929420792453,233.96009099674765,0.12690597781854415,0.06844265021297631,0.19332536993447974,0.4521553375769971,0.0844484294849363,-0.25882996764251737,0.12049562176895312,0.4893389954875014,0.436874770948801,0.14586499149789456,0.05246422453870042,0.35231453762200304,0.6867469879518072,9.681253797035962,3.3909574468085104,4.463292090343971,12.357061955731723,3.885877864602817,3.105936288585593,0.7978723404255319,0.9182958340544896,64.24504788141151,0.26363636363636367,0.31142857142857144,2.695755365326516,0.6440432540415347,47.59514923403306,4.29570870733619,811.9754594060832,210.05169442139868,1670.0820361144372,378.5272389603371,2838.5252351995964,344.81687398951897,1013.2748878967566,0.1500198683646633,0.06262013277274224,-5.200326781814787,10.219515441719972,1,BBT
1_1973,263.30112920141426,58.59556436425805,322.18650199736874,0.01572172605508657,0.11214396941540694,7.702533339168796,0.5060240963855421,0.005897935175936816,0.10316130144813103,6.382978723404255,7.619008350162923,39.231243385353906,53.05755167655449,0.09642743307479236,0.05856967188610538,0.2700339701644231,0.4978539662378453,0.3134187175600825,-0.22781999607342218,0.053218803079758126,0.509673545417112,0.5856978727681018,0.31277162108561224,-0.07602432735098985,0.21792719017469442,0.5622489959839357,11.281517654884363,3.1914893617021276,-1.4754398619377544,-1.852592132594058,4.629915697015818,0.0,0.39893617021276595,-0.0,77.5231454777972,0.1635294117647059,0.28857142857142865,4.003131429243192,0.473522530179676,40.15513534960472,3.3360241717065073,764.4641210560194,197.15859168344244,1874.0791848395672,430.6690223701217,2911.3105191160403,284.2791371090915,1073.4231990300104,0.219444254722764,0.10916306814003107,-0.9093816599776202,9.06818756539857,1,BBT
1_1987,210.95481992210856,45.036140226547275,208.64968768153693,0.015062886469374814,0.09871162451404918,10.755790824078387,0.7625418060200669,0.002151452444248063,0.06766061051713693,6.150256684733854,7.905019766743224,38.737682591416885,53.588669791208766,0.08944785584806259,0.05385203834975009,0.48060303483232336,0.42235453626190106,0.08049522744528827,0.0582484985704223,0.09591946032648346,0.6451353048922346,0.5041285731731528,0.16299534165970214,0.14100673171908173,0.21644556452326869,0.44481605351170567,12.317584004842912,10.472058679411699,-2.5471181743622155,-18.01833811292628,0.7446731389963852,0.7621420667209112,2.3271241509803775,0.39124356362925566,63.83822005989834,0.17666666666666667,0.43000000000000005,4.201851032708865,0.5545785769024834,47.69280948817665,1.0402937490313269,768.7288250072021,271.5840612015812,1748.3641271703993,398.5830073879414,2759.6906360259677,375.6897666750517,995.4809055093829,0.2709945932915261,0.14061754132341162,0.724367898060731,8.05638498944048,1,BBT
1_2075,195.1143244132654,47.7022114491142,189.6880846899848,0.017540184960893303,0.12177829394802243,5.920026402402859,0.6959798994974874,0.004603561264131808,0.10248696449606937,7.479985526256276,3.9430588451542983,24.95959466933605,27.406532614705533,0.10831756709888482,0.05715402065218207,0.4809960909179277,0.6517281205049378,0.1662056238286334,-0.17073202958701006,0.03384641893112805,0.5318302473847324,0.586871458563066,0.2716072381275556,-0.055041211178333604,0.2965666388163021,0.36683417085427134,18.02105975576846,8.97598263150753,-3.1109346872152077,-1.4724561067823991,1.6531766922824367,1.9611272331711302,0.9973314035008368,0.9182958340544896,45.2502594856418,0.08222222222222222,0.48,2.2385310081097844,0.27463801408611194,25.61068212231204,2.478080710986981,824.5830156269325,314.7904901480223,1725.7567039518028,452.7358892537264,2943.321630848559,360.1254475176632,1059.3693076108134,0.19744689954216915,0.09958981105574273,-0.8098062227499894,7.492198549824812,0,BBT
1_2119,269.2653728943113,24.80439525878586,98.86201348069295,0.012629810059314642,0.10595208228635325,2.163425319096014,0.38190954773869346,0.003961487895993074,0.044087047490999565,6.981319824505857,2.7329078358304346,58.58359316551544,76.27501839853673,0.08298670843963024,0.049229754530575986,0.2476625766170945,0.3481174015459211,0.17222374095679308,-0.10045482492882657,0.253692372147728,0.6415853134235204,0.558001174460032,0.22941573387056174,0.08358413896348849,0.3637210676277459,0.6633165829145728,7.254473052179607,2.7426613596273013,0.9134170682243076,5.240275794945945,1.085344825561029,1.085344825561029,0.7479985526256276,1.0,71.9191919191919,0.55,1.02,2.369456689951696,0.34786847358426526,25.158004289962705,1.3683308152067448,864.4975883188278,182.4785867606297,1686.802315309876,313.1903718697726,2903.1678325114576,210.4059311146939,1019.3351220963149,0.23795669175907747,0.11080719790952406,0.6824260571248425,9.62031834525978,1,BBT
1_2198,164.29418020501126,64.6254114642716,378.32919940327906,0.020750454328017424,0.11762155488922499,4.365720443370407,0.4780976220275344,0.0040476225859290005,0.10408129103438446,7.480027816883491,6.012616485323192,80.4281300020006,97.09114370826723,0.11745415174827833,0.055148372011551976,0.28330933493893046,0.3057317415894922,0.05448245342191112,-0.02242240665056172,0.06633739856511855,0.2610964348162541,0.37954268152483217,0.08276058886023684,-0.11844624670857806,0.17622379154110202,0.57,15.103921285993438,4.9866852112556606,-1.1394732499105331,2.13406829908633,1.0627042409382224,0.14448945274170022,0.37400139084417455,-0.0,83.13928485862664,0.13846153846153847,0.19272727272727275,3.1129248870500157,0.4456427792692071,35.62176235328466,2.573409333000238,920.2774188457968,399.4567075887938,2017.5762411323767,484.0827899027811,3040.826087734496,413.30721093575687,1060.2743344443493,0.16037225979222447,0.06945737546421363,-4.23488468343963,8.56391311853791,1,BBT
1_2216,229.99849533577898,101.17022743279459,404.15375346807497,0.028956101932126808,0.13984860576032376,6.19992768887539,0.6683417085427136,0.013280499313506638,0.17955311579978298,5.983988421005021,6.114230502650361,51.80537245448826,90.23141675930108,0.12293365295869789,0.07659906967834781,0.38432767375075944,0.548440673554622,0.3046358979224712,-0.16411299980386257,0.023546157834821724,0.6448487247618276,0.4687689520934876,0.34188172937891387,0.17607977266834002,0.3038691692794573,0.40703517587939697,32.99225709385597,5.983988421005021,-2.070953635660037,-15.175238827206554,8.336699739028669,8.336699739028669,0.7479985526256276,1.0,100.86769325009743,0.06375,0.07666666666666667,3.4967772442229816,0.5654189019563447,34.267235640997924,4.723892759873367,819.973179397118,371.5711366108445,1857.474066462934,502.32175022964583,2979.4906185662753,373.168860404125,1079.7587195845786,0.17145364224062712,0.10319085349348986,1.634327181792492,14.172444282189405,0,BBT
1_2354,181.09610414564526,33.29614714624873,159.28619287229577,0.016793337370428468,0.1032497090723283,5.935380649567513,0.5251256281407035,0.0027781852460361136,0.1005966450681611,6.731986973630649,6.992980902417803,49.065491626354515,64.17188266348295,0.09836798870415671,0.05138803908810427,0.29498555386341396,0.5000222314868895,0.13417898825481755,-0.20503667762347555,0.09594842883669585,0.4799991335897656,0.6764942278498554,0.337868689199743,-0.19649509426008976,0.24985367964987482,0.5577889447236181,12.590649056194618,3.24132706137772,1.7414449122466829,16.137668831031224,1.3290207672990189,0.0,0.4986657017504184,-0.0,83.94233427456018,0.14,0.16,2.8539718493780595,0.38404936716915944,38.36596598334585,2.8595621868288563,885.899732517683,368.801703557126,1876.11860610994,541.1398844857835,2999.6747613405714,366.29431303320484,1056.8875144114443,0.18170940983540587,0.07331542059584835,-2.926585841836542,6.086412784631937,1,BBT
1_2361,242.15905292700077,65.92362971500826,367.2416989351289,0.022291067399959882,0.15538763993678328,4.401107299186709,0.5653266331658291,0.052956145910660904,0.19756852746475762,6.731986973630649,7.034667394164057,50.301079267328575,65.21011610168775,0.12017330112940901,0.06869780910029225,0.4014584917272725,0.4483172991687564,0.1330615738530874,-0.04685880744148391,0.09166198756798583,0.7958398610688415,0.68645151710821,0.05783149319662402,0.10938834396063157,0.4407511476930269,0.49246231155778897,21.3270125309789,5.235989868379393,0.5931055772035916,4.398779328297682,17.296474885709706,0.0,0.4986657017504184,-0.0,116.4741102273202,0.14888888888888888,0.21500000000000002,2.5709769258687225,0.6276032830403018,33.2573840324761,4.609205660277024,875.0917788515733,383.56991509208524,1855.2920090633484,441.1224198941671,2968.925268420589,405.781235114187,1046.9167447845077,0.18232139190138894,0.07756084403297608,3.4548408194955003,13.576732290459642,0,BBT
1_2420,203.57194569079343,63.953965135902,318.9080454410073,0.01929520851207221,0.13674861959045448,2.1036601117439773,0.4296482412060301,,,7.230652675381067,3.8226872135278094,58.15712920760822,52.86380302658557,0.1111467819483243,0.04362537464205138,0.5281812489645813,0.6932602868403647,0.09779932606517021,-0.16507903787578337,0.14129162851194577,0.8098883362631003,0.7089216110054875,6.206335383118184e-18,0.10096672525761285,0.7210570543488701,0.592964824120603,22.283095695794657,4.487991315753765,-4.015954193223487,-8.495733174730706,,,,,78.86150716814332,0.38,0.5933333333333334,2.8509011773553206,0.4367342923394763,29.970673410655195,3.621024444836519,843.9223343875266,280.75409303104834,1788.4245890064562,475.2673876142192,2957.1121610755695,361.92073807077753,1056.5949133440213,0.17552410491993606,0.08770297395412156,-0.5326281399982948,10.453135360893187,0,BBT
1_2423,139.26578292825874,63.282861392889586,451.5765179445993,0.02860204650497044,0.15316763827536742,3.7192577612468405,0.5458452722063037,0.003914301503061864,0.07951692040766302,7.551272276140138,4.746748436374096,90.1573857069934,90.80552047809863,0.1402492704999687,0.06511506455992296,0.2224000243154836,0.29124387800457535,0.056583633476250034,-0.06884385368909174,0.14201757694719463,0.2726250192943463,0.44059340283735826,0.15617376188860607,-0.16796838354301197,0.1896227956916322,0.5558739255014327,14.719483774419134,5.556596580555951,0.19521104723815297,15.176686996435013,1.9121113263111298,1.9048506347230092,0.8548610123932232,0.9709505944546686,54.97956109673186,0.09407407407407407,0.11818181818181821,3.4776221827644545,0.3125940914334269,34.919575334891476,1.914902027816467,905.6113289938146,441.96294744114516,2012.6598480020427,469.0120267749007,3040.484661333017,510.01763557577027,1067.4366661696013,0.1264205219965065,0.038405338098807126,-5.471170491445751,7.846906693588961,0,BBT
1_2464,265.0525164785484,44.681414464679285,241.27981028574072,0.014303361607027403,0.08504068342240788,6.977578329204373,0.5276381909547738,0.002692892168158888,0.05307645063698641,6.731986973630649,6.93691299924679,39.849129200701114,68.53966122428041,0.07911103928881598,0.04897473893753114,0.3768743940252467,0.4020417251488358,0.1253986272844153,-0.0251673311235891,0.27742190624729224,0.36757154431232697,0.3342120840534523,3.52390924370082e-17,0.03335946025887465,0.44370422966596523,0.5678391959798995,6.1565992000189205,2.7426613596273013,-1.8790517152016326,1.599359654028735,1.3988347505739096,1.7232653223870964,1.7453299561264644,0.9182958340544896,79.7797202797203,0.10888888888888888,0.10999999999999999,2.8360561834491835,0.40597343436954725,40.29562504783151,2.095586079496803,817.5277409177371,323.4704920724198,1942.760598554046,499.6258241923808,3066.9157116893184,308.1416044370247,1124.6939853857905,0.19623570045544952,0.0817501101527561,7.521425535565061,11.328295249472351,1,BBT
1_2575,196.94952258508357,85.87742969417046,332.6326971132762,0.03029190794343519,0.15292251892889408,6.2880446866194415,0.5925925925925926,,,6.316432222171966,11.602598692712764,239.78955935591364,290.4242840283844,0.1481715620861586,0.07671280207141823,0.5143707941971308,0.5701616863864711,0.14815221273648999,-0.0557908921893403,0.027069093055271276,0.47724532541828135,0.5115560496147034,0.2182178902359924,-0.034310724196422004,0.46490490941854967,0.4429530201342282,25.87622517183545,4.986657017504184,0.7830654978522311,7.2699640662046034,2.5919463157616143,0.0,0.6648876023338912,-0.0,80.69337617062784,0.14250000000000002,0.1466666666666667,4.441527333361488,0.2635729489778726,27.1876000466711,7.897008792886259,788.9725761748483,478.1961440280056,2001.5375928549195,534.5006300003755,3055.357548252522,425.1600237687421,1133.1924860388367,0.1371703243851507,0.0686888307555455,0.11327150662664788,14.84003984841966,0,BBT
1_2580,141.97412231401594,67.25510072050038,460.5806606082924,0.03129501536050709,0.1528663927903238,5.701002116005556,0.6254180602006689,0.016349557444417673,0.15851546145947923,6.648926145658221,7.240310938794916,294.9015154918181,319.12316366920663,0.15168289186242767,0.06215219942780063,0.230954433273038,0.36936018162134787,0.14430045775384484,-0.13840574834830988,0.08139331293866992,0.3254589340910804,0.40703852431291987,0.10585122480499265,-0.08157959022183947,0.3051874138570966,0.48494983277591974,22.92999092466046,6.150256684733854,1.893131041538971,8.90588697733784,2.4096363819966107,3.6338773019429,0.8311157682072776,0.8112781244591328,104.44949547430346,0.09400000000000001,0.11555555555555558,4.0735027141249525,0.7035188801811132,36.29918574523277,4.626186815466124,759.2116244950245,403.32578785481604,1891.174620077833,514.2927780632891,3011.140808906072,380.4402915365349,1125.9645922055238,0.11967406947800703,0.044284241440918505,-1.241903860837637,14.029253647143946,1,BBT
1_2614,147.10630076191427,53.07092181153744,425.83249949591396,0.02248225865372856,0.12022604807218558,6.552344599898022,0.6708542713567839,0.003005252610400343,0.07719918478481494,6.23332127188023,7.625867844988215,164.48563472018586,190.27836783697438,0.12568013610630466,0.059178841077851804,0.6150516632366947,0.40799684059424474,0.04557239513497756,0.20705482264244995,0.08761364563694518,0.5166767214313112,0.41146434028867745,0.08804509063256243,0.1052123811426337,0.3368288369533895,0.4271356783919598,15.059333926340107,4.487991315753765,-1.630428308756247,-2.5736055382835588,1.873224896537888,1.4899723855023947,1.246664254376046,0.8112781244591328,64.79989007009078,0.11555555555555556,0.19333333333333336,2.944288037133388,0.5311429611112767,53.95221877168319,3.677509404178649,812.8943320144673,304.79008521765996,1815.4651871502226,411.56140241517295,2867.1119648000104,419.96501718358303,1027.1088163927716,0.15742652097928736,0.062489477322163235,-6.267289584581511,7.011053160462619,1,BBT
1_2616,188.38762605307014,64.49029661492338,327.68769709430694,0.02495292578279392,0.14121712313216123,3.2952218681809664,0.45582329317269077,,,6.781914893617021,6.702690671785017,113.39644127519577,137.14232432135213,0.11514311173573348,0.07342006803094506,0.2955222326183074,0.34007184377976296,0.06796276660305847,-0.04454961116145556,0.04694860909883558,0.4104750419986249,0.42501155082230485,0.0,-0.014536508823679961,0.5815855815233053,0.5662650602409639,16.183720678302485,3.7898936170212765,-2.648945878451989,-20.46312864126777,0.7576046460997645,0.5095246107281182,0.7978723404255319,-0.0,91.65243064939112,0.2975,0.58,2.685943251104486,0.5388681938981508,38.46710006562303,3.2077172513687997,837.3515895976562,299.78540133609965,1703.378935552138,366.99991055845993,2808.9408998073473,345.2984443516137,985.7946551048453,0.16496932422784472,0.07596113920458944,-2.221480617510793,11.211947357878307,1,BBT
1_2664,193.8887091570658,97.46219542169412,500.0018263839741,0.027486272734722116,0.14235278642924706,3.7239920182501467,0.38353413654618473,,,5.38563829787234,12.456117418460737,126.68240608881185,114.92445556439839,0.12264685881733473,0.06462985312336011,0.2819371100325606,0.4106452347895181,0.20044593143431833,-0.12870812475695748,0.022983535070933092,0.7849065765132947,0.5080550534536299,0.10976425998969035,0.27685152305966476,0.3763041174965567,0.6586345381526104,16.53781529799087,1.9946808510638296,-4.366940228360502,-15.519369889518984,,,,,50.278964862298196,0.2116666666666667,0.2725,4.049098922082475,0.5077228815263871,38.942663165752556,4.537814404604671,818.3606173864719,313.63176539057423,2044.5680701353485,509.90221042952254,3056.469782681703,379.4530709049993,1119.0545826476155,0.15730282666112674,0.06512823603440017,0.09095705346279863,10.733391934746608,0,BBT
1_2669,135.99991438209304,36.85025138831141,159.8758907915145,0.01626863462779427,0.1105912802495221,9.595798316065833,0.5125628140703518,,,3.9893256140033473,15.206621038476499,119.35903297354312,113.16422589633001,0.12674816326612057,0.056010213555464795,0.19232021864249704,0.3195212212014533,1.9328235101513775e-17,-0.12720100255895628,0.09937036040330416,0.4210542956583833,0.7374066108641077,0.0,-0.31635231520572443,0.5815855815233053,0.49748743718592964,12.505355068089962,7.230652675381067,-5.715679241808195,-9.577697300122473,0.8049152482534083,0.0,0.4986657017504184,-0.0,83.33333333333333,0.45999999999999996,0.45999999999999996,4.639620209069185,0.3060253973011402,38.29081846628431,1.6444599183869972,905.4550746311537,533.018243659688,2169.5274117317936,568.9950791469801,3073.83015901597,535.9562356638435,1084.1875421924085,0.14858427064165058,0.04396532120593675,-3.01570521375551,5.745744296381474,0,BBT
1_2778,148.74107027539011,28.98280832595027,194.44136007525373,0.02282568417638101,0.10921411804541242,2.97868062235092,0.46586345381526106,0.012195890128471183,0.08855314784889157,7.38031914893617,5.482922904093317,96.80054410426641,122.19506670740168,0.13512527408239342,0.065213319795518,0.38588667691632755,0.37056269974598904,0.18238664168094942,0.01532397717033851,0.03580477858598441,0.5358099926017625,0.672002740547616,0.10101525445522107,-0.13619274794585345,0.2284557173491295,0.6024096385542169,12.016481813457542,3.7898936170212765,-0.4306934860227904,-0.3735611169234474,3.2572066421963375,3.6946320335148477,0.7978723404255319,0.9182958340544896,44.251890571198196,0.19333333333333336,0.32,3.6360242855246616,0.37889475076368295,44.60646878867095,4.247281446756328,890.4582680224631,356.3367929208818,1973.6666640695946,395.1649972105236,2993.0548067179966,318.40799629734704,1051.2982693477666,0.15019550736093876,0.062005424628743484,-5.555548568529778,7.70022380593807,1,BBT
1_2792,291.3147772268904,62.29349778664835,241.26709972062622,0.019424200731913956,0.12735206302418,5.708868871136454,0.5454545454545454,,,7.313763625672803,5.390791237900533,41.66259570726844,65.9766928789427,0.0805401855570105,0.05163103072944065,0.44065998261473516,0.4443290571700292,0.1545078607873814,-0.0036690745552940274,0.05253505245437884,0.4051344492401476,0.3474654186054777,0.16903085094570333,0.05766903063466988,0.35231453762200304,0.48322147651006714,17.71627585874688,3.6568818128364016,-2.910594357331825,-8.368814209159817,,,,,61.078670702730854,0.14750000000000002,0.2066666666666667,2.9739009201159017,0.4159474890953387,42.254719569975556,2.3640263359406646,787.5289838928724,271.4496246201591,1799.1008712593843,403.53416401839127,2931.062233913777,292.71477495664334,1071.7666250104523,0.15659403534237398,0.051446001301655095,7.360746805965532,10.755748307297589,0,BBT
1_2797,169.00085610015427,46.606289690859654,313.95307922107185,0.027786032224923766,0.13116152850574078,5.57516506427618,0.6608040201005025,0.004594415403956116,0.08984286270200355,6.48265412275544,7.304347244990824,33.343474705356456,45.08063409815088,0.12630985217856022,0.06530814351290468,0.14408745458737707,0.2863646204292755,0.08653046168066413,-0.14227716584189845,0.06369560863524926,0.4350891179486371,0.45508165349885144,0.48314531438551706,-0.019992535550214352,0.4047531694778812,0.44221105527638194,18.86037917960964,6.731986973630649,1.3533007137318185,-1.6238443457513014,2.124182092840371,0.0,0.4986657017504184,-0.0,83.91616365300577,0.12461538461538463,0.18000000000000002,3.381655717349291,0.4817428012904541,37.1291849736545,2.5675401268452642,755.1338469682934,305.46006122557964,1740.0972422956797,473.3739449358506,2836.696633953539,321.9725308650784,1040.7813934926228,0.17934397870353175,0.08593855354098916,-3.4453580122491543,8.97752835359722,1,BBT
1_2819,189.69233988257537,94.89333329023219,382.43468030617055,0.023995540678211764,0.14143008871657833,5.73381660812804,0.6507537688442211,,,6.48265412275544,8.979385099223023,47.62832268705832,74.5409900224826,0.1305912768264007,0.056190480587622944,0.48659489569707504,0.6327155706409503,0.17374889710522776,-0.14612067494387526,0.027311399776144385,0.689255578169618,0.5446356267616121,0.3535533905932738,0.14461995140800588,0.39869969022104557,0.3969849246231156,28.20023738134109,6.48265412275544,-1.3272315192549136,-2.6207813667301236,,,,,79.39001731359376,0.08545454545454545,0.032,3.563528990202863,0.5276239950118427,50.70709349735092,4.488569906574675,726.1531457695875,287.27449689679725,1719.4907452231907,466.7563989041862,2918.793306056314,348.18298879408445,1096.3200801433634,0.14281333901776183,0.06656877205770574,-3.9953718407207113,9.27725219302141,1,BBT
1_2830,249.1707507594111,88.09001704261826,386.90831699029394,0.03348796738574346,0.1998264844172638,1.554312330668166,0.4013377926421405,,,7.313818760224043,2.6976777706114548,35.297121252490456,33.67507463307411,0.23839300765027205,0.1737063941445394,0.47610043360121346,0.45071062197040296,0.1760568230980009,0.0253898116308105,0.08686955556429299,0.45052331483843105,0.4957739351904412,0.3894904188522601,-0.04525062035201016,0.36183887014693816,0.6387959866220736,12.650742633883363,3.3244630728291105,0.3499430351357077,2.677924828006212,,,,,92.70670821395458,0.13894736842105262,0.23555555555555557,2.26464979581584,0.23120022007437765,30.85757657309497,6.752836903711607,764.5796098478598,291.48496645823246,1824.7539870857486,355.8851886411169,2903.767486127862,283.1711421743146,1069.593938140001,0.1424937628236737,0.0608295739912671,3.851148941514761,10.64123367960682,0,BBT
1_2837,247.60373398676597,79.41530632758081,212.66806354905944,0.02566513004003381,0.17397664117693912,-1.5321688771766373,0.135678391959799,,,8.97598263150753,2.1699456708414995,61.855203437052054,40.82319114074109,0.13908995158588178,0.0690531088122942,0.5687529310267883,0.47823491438779964,0.19603921176392136,0.09051801663898862,0.3295242734989644,0.3480574454060503,0.4527800006037984,0.26726124191242445,-0.10472255519774809,0.5815855815233053,0.8844221105527639,8.20602072687488,0.9973314035008368,16.720780158355282,10.678847850302034,,,,,90.45464339581987,0.77,1.3399999999999999,1.1652607713454335,0.31138769670181865,33.103786393339796,4.647274862652631,1007.2047685734289,121.38696447020078,1680.7020786515304,190.8793543486172,2864.471851741172,177.61215886228382,928.6335415838716,0.1553448584974693,0.09299055671577923,-0.9548655999811317,8.52932565901802,0,BBT
1_2842,133.87223861344447,66.66591971494373,262.18949801431444,0.017155518027724255,0.2148009366063022,1.4223985714157712,0.1706827309236948,0.01795268764518574,0.2255639200448423,7.978723404255319,2.948213328366855,54.10262218600529,41.612216816346084,0.21710774363978996,0.14587127282628176,0.3261408144870156,0.25165180906875456,0.13622298275594996,0.07448900541826103,0.11812873902404286,0.4971125516347889,0.684908838357636,0.10910894511799617,-0.18779628672284715,0.13801054379390953,0.8473895582329317,9.06533494797606,0.7978723404255319,-2.1813345784710187,-18.097524358373104,2.464769847966206,1.880671797430498,0.5984042553191489,-0.0,44.89417989417989,0.1175,0.09,3.465551977857481,0.27913961143325616,30.967191475969685,7.103977480304823,845.3592021663578,273.0191466896845,1889.7705131415269,434.7419399272882,3011.185560275394,370.41587867708273,1082.9131790545184,0.12186002083925533,0.042135908987622296,3.7153423312712817,9.043017144347594,0,BBT
1_2853,130.78450173676586,36.11135839657396,310.34033431617775,0.021370037113680716,0.11986753033701811,4.81495988574575,0.5305917753259779,0.04391215675053074,0.19972479253054962,6.796362944093411,6.50262087647847,47.82932793115078,50.599318156476855,0.1417308694360442,0.059299130632520465,0.29415466169864224,0.34524836634536943,0.0232272180132683,-0.05109370464672719,0.1643225453748527,0.38499739664149246,0.37782759116385856,0.023044900641260916,0.007169805477633906,0.3133769284916559,0.5250501002004008,11.441887785614806,5.197218721953785,0.1154946938011364,19.76574879228929,1.6614128482591308,2.049423217010705,0.49973256941863314,1.0,80.60461205307232,0.1,0.118,3.434706383970377,0.6803711331115253,39.2230596813891,2.1115007928904537,805.1800347793326,369.58147144902205,1853.3247279931202,446.7237973063112,2989.9264775909246,415.81237313669476,1092.373221405796,0.1362251381891447,0.04036635642812759,-1.8699764186287775,7.205151983797008,1,BBT
1_3064,155.62648184553692,81.8681091709202,489.745290211049,0.023322638335031613,0.12805012596543475,4.45390236847145,0.5401606425702812,0.007032941018571182,0.0960520780841238,6.981382978723404,6.196955436409787,49.205751962619765,50.404342424557115,0.1403382255586714,0.05785245603599276,0.23548421256921254,0.47871344239379504,0.01095072853513837,-0.2432292298245825,0.09712972989079538,0.3107477971381512,0.5245266041749082,0.11095900821829635,-0.21377880703675695,0.323222633666402,0.5662650602409639,13.775927580272926,4.388297872340425,0.4015071063973674,-12.2579661165372,1.6483431465379486,1.6483431465379486,0.5984042553191489,1.0,86.72324498949887,0.09263157894736841,0.057499999999999996,3.1168010820345553,0.34061209515649526,40.25759745907187,4.747680048214359,795.0761383201828,332.1836188136143,1772.5486805242022,461.4459633214548,2937.835134039731,384.0201680009587,1071.3794978597743,0.14014760446542418,0.04323011283055188,3.229270382764457,10.143934830841419,1,BBT
1_3069,172.58476776777277,93.06624867305699,451.1241688454329,0.027890991557830477,0.14186334475717688,6.704538921773791,0.44472361809045224,,,5.734655570129812,9.454459076127062,31.406727457782548,32.75221050563799,0.13272191212458195,0.0790536172152808,0.4585644164033062,0.5501749427555847,0.17181471183502312,-0.09161052635227845,0.054070330329136995,0.48335786824861354,0.7335874443345429,0.11547005383792515,-0.2502295760859294,0.23974642511613264,0.5829145728643216,14.032460418577566,4.238658464878556,-0.5950750383035203,-7.439714912695486,,,,,51.799507681860625,0.13294117647058823,0.11599999999999999,4.848948430441972,0.9197108318752846,45.20642622609949,5.031604498889124,850.7276792365759,404.6161128012451,1770.4780748578153,562.549973817086,2924.5861295846203,491.5292560324341,1036.9292251740221,0.12647326164728098,0.0472653107725695,2.177935146155731,9.812789795972137,0,BBT
1_3125,212.47861817724691,57.23041503119542,277.4357117986678,0.02398099035330307,0.12621123718047864,7.580846493902521,0.7492836676217765,0.0033992901587823073,0.06430178398234898,6.553934428348044,4.611972154126705,27.299794608307216,43.397155157053824,0.10994454853422286,0.06282511906424534,0.4437265271296484,0.3452418195083407,0.09643559107767562,0.09848470762130768,0.03331269382927604,0.45418568690252675,0.536600899069888,0.08032193289024987,-0.0824152121673612,0.09041498465646369,0.28939828080229224,33.645348494738755,7.266318605342397,-1.5214049248551202,8.035254671612249,2.291195681991807,2.291195681991807,0.4274305061966116,1.0,103.59973826930377,0.06947368421052631,0.07999999999999999,2.122689111621148,0.395475667877532,37.10763398111533,3.4541768398511468,707.6787125743749,343.2186878194812,1840.8852583987364,511.27038125447416,2952.5823037681052,355.19368566110654,1122.451795596865,0.17408825126633995,0.08775954863196288,1.624080616724065,10.498937045940364,1,BBT
1_3177,192.41068741971281,52.34028164181801,218.21900743351478,0.027180540216087238,0.15822232952009885,3.3600214786709173,0.4457831325301205,,,8.178191489361701,3.9310790442236994,29.69248275587677,36.51779384835998,0.10940174552992792,0.06281499636867777,0.36100797518148026,0.31321416779343014,0.18061513899268458,0.047793807388050114,0.03966854842048706,0.4144424927896575,0.5013271548539097,2.1499376424746292e-17,-0.08688466206425216,0.3719239275348398,0.5622489959839357,22.416679509647423,4.1888297872340425,-2.958126524740202,-17.23711299195714,,,,,84.15538567712481,0.27090909090909093,0.635,2.690496641567898,0.35343094785692875,31.87754454522428,2.477065374274386,786.0245210032701,317.0057705377614,1860.0905269007424,372.8949528209256,2969.9815072249703,391.98863259101927,1091.9784931108502,0.12248717491643209,0.054309958267127735,7.6016022494982645,8.17852714533565,0,BBT
1_3204,220.6563419501866,81.43319122892991,499.5109077798955,0.024492160772444035,0.13199472656654973,4.0494272051602245,0.5232120451693852,0.0053114803860489414,0.1094911229219369,7.75,3.525418815893198,40.10950782717178,42.70864302793919,0.1305228401800109,0.1290632163233609,0.24362058863520672,0.39843522979554735,0.12413224476845541,-0.15481464116034063,0.1410775415404022,0.567345654955432,0.5833128188558139,0.24702463563420501,-0.015967163900381887,0.5733275016700818,0.5739348370927319,24.668881985162386,4.125,-0.4904501794355913,-11.527520202155445,4.721317128888263,6.041912873960713,0.5,-0.0,96.27373437780678,0.3485714285714286,0.7100000000000001,1.703253254998782,0.339144818578635,31.28804193658784,4.051609828467976,797.7493509145344,339.9458970885354,1801.0605598857596,461.6641650613376,2991.833860073078,340.4176894455839,1097.042254579272,0.18029448442918328,0.09600360571780431,-1.099134485029651,14.065354953971715,0,BBT
1_3256,173.43294246864107,32.292739159166175,181.1926790155028,0.022104916674038286,0.10650478105054864,6.102430140593059,0.5200803212851406,0.007317568093735771,0.07641364973581755,5.984042553191489,10.83289498836106,24.65206260226256,30.551518843351424,0.10560304723051257,0.060699389686735765,0.13241284949799317,0.2913415369527282,0.25624885305538925,-0.158928687454735,0.11383846631697325,0.33894264114181255,0.30732468485954345,0.47471266327754136,0.0316179562822691,0.3266876392374769,0.5502008032128514,18.266963951014098,4.587765957446808,-0.8124979845386041,2.8331895729982826,1.0650390608119151,1.0650390608119151,0.5984042553191489,1.0,68.10464724780736,0.21555555555555556,0.27,3.6143491905893477,0.6734169574229663,42.06916592328703,3.0692998857004197,824.1616950853477,413.84842329152855,1905.8848462862143,400.59119719887667,2862.6504177022457,368.19253674200974,1019.244361308449,0.14209919563404372,0.04394482086309375,-5.944065435877381,7.811382045498318,1,BBT
1_3259,193.362484227381,78.29379656315267,505.70150167966165,0.02358562977341875,0.10263070384803502,6.225752286386895,0.5016722408026756,0.0054048217848162135,0.08812869337477998,6.331450966958677,8.872326946889954,30.790042385146297,51.56822442228923,0.10759715866079314,0.06593086876461218,0.21197901211009185,0.346330846794533,0.023492769581379483,-0.13435183468444117,0.06490865646762856,0.5200030514059825,0.5257265773048613,0.0,-0.005723525898878812,0.15248201661947447,0.5478841870824054,14.803537327132618,4.554201572724662,0.1261905543148523,7.812487758969635,3.2396630439787937,3.2583202864045395,0.5553904356981295,1.0,111.14814726105551,0.24571428571428572,0.5742857142857142,2.6477918941736838,0.6105244733952151,39.405770348604406,3.631932732606331,802.1061051352644,372.79386695494907,1811.6889027829704,493.5305941126004,2916.6622230403154,380.8909197182361,1057.278058952526,0.15132142622672584,0.06076085692146186,-2.872692857159286,14.455717093359944,1,BBT
1_3287,158.98390230442445,34.89055257315476,128.41059347722802,0.020462805594661848,0.12340378920947555,6.137016406340429,0.714859437751004,0.00582122732770761,0.05019524784325733,6.981382978723404,4.946763199337792,45.01627899707713,48.25910556092278,0.12112230521381231,0.05879693886256908,0.38223667690030616,0.41023441431471563,0.018781205660633668,-0.027997737414409474,0.018780586747730754,0.46803153934685743,0.49171731084848214,0.5091750772173155,-0.02368577150162471,0.3817169084101586,0.3614457831325301,22.159437461408256,6.582446808510638,-0.5129764376265257,27.97789580949243,1.1855509818365242,1.1855509818365242,0.5984042553191489,1.0,73.16911636843128,0.092,0.66,2.8359690471014916,0.32228351907391517,36.23670676820559,3.755828086407165,732.5699616042236,241.6791387412768,1675.9366646619847,461.72596413368973,2792.459017561459,378.46335292252485,1029.9445279786175,0.1611517323371061,0.060511356257665024,-1.2359054852055795,6.913374718301973,1,BBT
1_3293,129.85866232790232,17.164424294074127,190.31831274211686,0.01610195981020489,0.1112374488853895,5.6833949678507745,0.657190635451505,0.00406059818383818,0.08049492540548135,6.8151492992996765,4.678841083209912,60.54401885631048,51.4745555094433,0.14020813235571514,0.060606223261620996,0.2427431819205834,0.35998040318507785,0.03708157183956493,-0.11723722126449446,0.23487681122049353,0.303412404765834,0.5065238878210102,0.09428090415820632,-0.20311148305517623,0.3046823314340582,0.451505016722408,12.740101050483384,6.150256684733854,-0.41911926324252047,-5.156518913847879,1.331545236901616,1.665971571507412,1.1635620754901888,0.9182958340544896,62.816592378917655,0.14727272727272725,0.27,2.515146795396697,0.3734450414728777,44.26473942527293,1.4602671818094308,727.066159071527,355.950500766683,1904.4247263151622,395.17697553985005,2907.35607428635,354.1012812937393,1090.1449576074117,0.15600706633238828,0.056996807164040486,-2.917451085689738,6.341291159822901,1,BBT
1_3333,122.87395405691531,84.57787180621291,502.61798095095924,0.023975950742428184,0.14463375016936966,2.4399104721595513,0.3542713567839196,0.009234109588445094,0.11246760561507009,6.23332127188023,6.590215599527791,87.03042791415882,76.63203710071083,0.18925733970493502,0.1355808772171424,0.45684464986573536,0.46084195150581314,0.12680852498964823,-0.003997301640077777,0.133767787658852,0.7029653733990755,0.587078734211827,0.3577708763999665,0.11588663918724851,0.3693601208612728,0.7185929648241206,9.207964322784713,1.7453299561264644,0.41652460053595475,15.629468281213473,,,,,64.11733924338967,0.17846153846153848,0.175,2.58408717020321,0.5763725664162456,41.803087642705165,2.8969631144388845,744.8578596614705,331.84478097852735,1843.1941059855944,474.3888801900862,2950.891336419605,346.2054075306296,1103.0167383790674,0.11503158789962423,0.03313033266312057,3.5633888303810464,10.292457755838821,0,BBT
1_3348,259.28554057347577,62.993527378885354,510.7371393236965,0.016446426990706964,0.09801951712338981,9.756109718845039,0.5959885386819485,0.004489555230118803,0.07107198118058884,6.126503922151433,8.76894239096816,18.32544052800363,34.73697493521599,0.09017943713470634,0.13620547775657846,0.3934566613646546,0.28852636363038303,0.24636226070590617,0.1049302977342716,0.0663750510698351,0.49962119731760124,0.43181891207446754,0.39056673294247163,0.0678022852431337,0.11883078096064925,0.5300859598853869,12.19494225125896,6.268980757550303,-1.127957457847464,1.0726827896255102,1.6962550136586343,2.2174617209673495,1.4247683539887053,0.9910760598382222,61.78106953983221,0.12300000000000003,0.12181818181818184,2.963322546469896,0.5979989700376497,49.802302424659636,1.9874723135187784,728.7803638529036,332.0370218946739,1941.181732648147,541.5500146956134,2988.230833062654,421.1048479678323,1129.725234604875,0.2102477649842964,0.10108301817789571,-0.6450940504908945,11.51700361505802,0,BBT
1_3371,156.546556046822,41.73819825094811,264.0660061904242,0.020953377405077606,0.14452543470392937,6.277016551146496,0.5797101449275363,0.016602284634532803,0.15099432302990723,6.664685228377555,4.748395583784696,36.37279288010177,28.94495038210714,0.12201142550864516,0.06276497556006061,0.27738299946860223,0.39247099962477144,0.03384702618048931,-0.11508800015616921,0.08042830219056041,0.2815418803388207,0.3932289463065678,1.5413572571506954e-17,-0.11168706596774708,0.16107458237080596,0.4610244988864143,13.876272732315162,5.553904356981295,-0.15475751033366936,-5.007102274989882,5.64735033454712,7.431837379208655,0.5553904356981295,1.0,86.981172413473,0.10187500000000001,0.07384615384615384,2.8655781605834414,0.4128401762139337,38.86678903074141,2.290124633662978,713.5740770794465,345.85375542373066,1755.280927801409,382.2989673393521,2789.3665009053148,360.2518479173541,1037.8962119129342,0.12990514950132265,0.04555364917648681,-1.6829910173472882,7.924393134203012,0,BBT
1_3419,237.82177302778643,83.67122200997699,471.71153838799023,0.024919991480054922,0.14400529975092333,6.844727379851572,0.5461847389558233,0.005043105962502713,0.10830770523968898,6.781914893617021,6.727440660282578,30.634141349402505,56.617583251273786,0.10938274079214207,0.0729921855737972,0.4401398895033037,0.5163992209097455,0.09345134369720964,-0.07625933140644187,0.07652553669003004,0.5671516397304914,0.6944197519151574,0.3965873843153086,-0.12726811218466594,0.4323675872350472,0.4779116465863454,27.085060252501126,5.585106382978723,0.06637613141128192,6.309972777782419,0.9303470496600745,0.0,0.39893617021276595,-0.0,91.49228030552896,0.09666666666666668,0.07555555555555556,4.805525860336421,0.5391331581356319,42.27620361651865,3.663649843672521,687.8294494203175,258.95883136560445,1759.170949767814,338.007094649948,2855.499056270539,379.9267805675995,1083.8348034251105,0.1561853518570307,0.06430281845855186,7.445327076248435,12.68583082545358,1,BBT
1_3476,181.2555447123776,44.442967300409975,216.87349442943025,0.02332223015201146,0.1267777617064338,6.180798095167238,0.6672240802675585,0.004967328387762331,0.09936244798937008,6.482702992016765,5.27287861474024,43.426981314266776,72.52783093362568,0.11327473818437936,0.054537793216840894,0.26095436044213993,0.43851705331561186,0.07597591033836483,-0.17756269287347193,0.09018715370659813,0.3215627839947474,0.38484739923846134,0.248264415746168,-0.06328461524371393,0.23950790217792217,0.4414715719063545,18.714000311017255,7.9787113747898655,0.8669159991283151,-2.111030476840714,2.503489100189937,2.7525789316795395,1.1635620754901888,1.0,79.30832125302074,0.15333333333333335,0.268,2.434935167579481,0.36736552863464617,38.52165683720787,2.0243571030770116,724.9040937854609,304.2822312502086,1731.2138440111755,393.57407046198847,2829.323350474878,370.1679916818991,1052.2096283447088,0.18152727950936218,0.08205813506567812,-1.7141933813076065,8.632061640159387,0,BBT
1_3545,93.78737007768243,19.88377877768219,120.02631460265748,0.02640492788864577,0.11866661219401059,0.9278451512299489,0.2808022922636103,,,7.693749111539009,4.297915173373157,91.7589260895035,57.95245847936502,0.1786323679557341,0.06542567277547676,0.31446181982792315,0.41308174045292684,0.21373267405810595,-0.09861992062500369,0.12026109337726276,0.3379596363415895,0.4905726867076487,0.3015113445777636,-0.1526130503660592,0.3017337463719393,0.7335243553008596,7.455087234544543,1.1398146831909641,-1.2282961020492202,-9.199285533720584,,,,,79.15750915750912,0.2771428571428572,0.35111111111111115,2.152155694651894,0.35196212361945317,33.14436581761185,3.2980663669055668,892.6201665791004,341.98069058935914,1863.725493630512,454.33486043290486,2955.749666238248,344.4066753330963,1031.564749829574,0.10683733213339988,0.03509680415258422,2.730201687742177,6.263994012829965,1,BBT
1_3573,205.47780345669725,53.12115132993712,387.70780676437676,0.019205065739251244,0.12708101484427015,6.285833177198388,0.5558739255014327,0.01399155662341933,0.12780391895064594,6.553934428348044,12.65677583599574,31.57961025079054,35.9965297504846,0.09659083051597663,0.04898203566644996,0.38648877085705163,0.3966782516617518,0.04772295912168234,-0.010189480804700168,0.11877837769686017,0.334655346514455,0.4339249559777173,0.36206941027214834,-0.0992696094632623,0.226944820300081,0.5358166189111748,12.066009692143387,5.699073415954821,0.5403184575928236,13.437143397504808,1.6836955124252406,1.597297659377769,1.1398146831909641,0.863120568566631,85.57002713392917,0.13263157894736843,0.22285714285714286,3.717817043966314,0.7369927047843278,38.86453406559161,2.5274862633771273,787.2112238280681,308.47160001077447,1905.0476432385062,455.11887741955957,2853.342534286974,450.5906520653339,1033.0656552294531,0.17574938953913327,0.06667048825871554,-2.3937943232472545,10.260736578393086,1,BBT
1_3599,142.9327831518919,46.28435213157768,459.3629095782521,0.03136992778414474,0.1625140612321298,5.169342042186553,0.44779116465863456,0.016859738522243685,0.27067412977834365,6.382978723404255,10.074003072562272,46.55553373352608,41.546331180665625,0.16046138632566223,0.15396435741214434,0.5383457589402374,0.7065708770944631,0.43921906359671103,-0.1682251181542257,0.06212413138545436,0.5197625210863813,0.7365239638001956,0.4048204523763682,-0.21676144271381426,0.43085223533633843,0.5943775100401606,13.52103084229459,1.9946808510638296,0.49424302630096417,2.0769618340161102,0.3493641857651042,0.0,0.39893617021276595,-0.0,83.83651817290261,0.20000000000000004,0.28750000000000003,4.336218017461948,1.1843446382798473,35.88511362688575,3.071907774001802,932.3085534580276,360.34291933226325,1944.3054886316709,457.2439620498584,3016.661641213474,449.58008141710405,1042.1765438777234,0.12008388869215715,0.03706623269774442,5.690462964101026,8.583247118021047,0,BBT
1_3649,246.8634035219564,53.01560957313344,265.73423584239583,0.022521832375043307,0.1516679100323988,4.918772260224402,0.5703517587939698,,,7.479985526256276,3.8221997797282556,22.765987012954504,24.21591804536776,0.08881773509325087,0.053564491432096115,0.40664594357192996,0.7046291356265818,0.020770324619863174,-0.29798319205465185,0.12246208781076617,0.5917901410825435,0.7157339384140556,0.20203050891044214,-0.12394379733151217,0.703963953808263,0.47738693467336685,16.875797382208948,5.983988421005021,1.200882274073631,8.03475601433948,,,,,86.62058714232627,0.16571428571428573,0.31333333333333335,1.8893713188582608,0.3147308453465402,38.55092270783202,2.3211575377020224,693.0045883402521,319.70857285284507,1945.2861515549985,452.45675770498093,2944.057287496003,278.43083732215683,1125.5263495778754,0.13865135472331766,0.04522719368219079,11.281035963841504,9.712719183125103,0,BBT
1_3660,277.30011012989723,125.86444049770043,489.3092213478047,0.020396824347972343,0.11286858585027218,8.138105925345151,0.7070707070707071,0.0032601885909447183,0.05735388499346439,5.98398842100502,7.468118323651664,27.492479807922464,31.243817100713766,0.09988025887275322,0.05829039987142342,0.39134841473180265,0.2905151940849509,3.6765823437437185e-17,0.10083322064685174,0.027277326622580866,0.4552657606188552,0.4622286249667545,0.2809757434745082,-0.006962864347899278,0.5175475452907252,0.3422818791946309,29.368328687499712,4.321769415170293,3.2295936679855344,-2.70138031399852,10.80678345424648,0.0,0.6648876023338912,-0.0,116.6535950967509,0.07333333333333333,0.30000000000000004,3.538916632942368,0.4868531283540314,48.99047764872057,5.5943375594062905,672.7243795227098,259.47525367050474,1819.3472755302025,428.85552170321756,2741.268483921316,403.06809400159426,1034.2720521993033,0.18248888823016196,0.10954523559534145,3.796344244503917,10.303729785251148,1,BBT
1_3707,143.27110568111704,62.3135761752008,441.44870257679236,0.024654256674081332,0.11274988336675577,0.9274501120596448,0.321285140562249,0.010126768346156991,0.09538628803404656,7.180851063829786,6.071464528724508,113.96140495300943,93.19241926921022,0.13930367931687135,0.059177736497553715,0.2938790907533479,0.29701751721211195,0.017495462702715934,-0.0031384264587640542,0.09735527276882183,0.4335763471291171,0.6813409906776481,0.14383899044561527,-0.247764643548531,0.40048036855722957,0.7349397590361446,7.017216653047748,1.9946808510638296,2.9445026496704703,17.87483842200185,1.840075617538787,1.840075617538787,0.5984042553191489,1.0,66.26886611541345,0.286,0.38999999999999996,1.8708970029724612,0.477267537507802,45.059047480886505,5.215724547361594,881.52935762569,275.1278619132654,1747.4461552159344,368.6459024211961,2869.213782854175,313.56448208901145,993.8422126142425,0.14701082396706652,0.05748267554865323,-0.19792730323478683,8.055485927774143,1,BBT
1_3766,163.18575302504834,34.503144151354675,206.77007148841653,0.01710991096143317,0.13950558172103636,7.53237578403683,0.6270903010033445,0.004244764080167486,0.0709007968486792,5.984033531092399,9.710550829074663,36.105905030696185,40.91644941128836,0.10849510676100049,0.051986684741460745,0.27172578080530035,0.3039454483613616,0.06970092764017173,-0.03221966755606126,0.18408279931439508,0.35509940818767755,0.4100109016476899,0.060012003601200424,-0.05491149346001234,0.5112437667139933,0.44816053511705684,16.195478559663723,5.984033531092399,-1.386909526081519,2.746800685255959,0.9161369527103022,0.8222655667187659,0.6648926145658222,0.9182958340544896,81.32541933826475,0.16769230769230767,0.1685714285714286,3.400375510311626,0.7910537661007718,40.53697482736238,1.4225153303311873,805.9588568810271,367.05502624831064,1863.4374811490077,501.0609635191502,2908.6463332035128,454.5688235576189,1051.3437381612425,0.16385518687152123,0.06117564836675866,3.3721149564396984,6.761715707142403,1,BBT
1_3837,168.957592238211,75.39965824267063,443.52234240882547,0.02306353326453792,0.13262810171484463,4.006584511499203,0.5018773466833542,0.007665507226593185,0.07602509230500593,7.106026426039317,6.759455034415733,47.87349821999747,56.95001083566788,0.13239022376097145,0.06482043035106183,0.28708645867384996,0.30097951233416015,0.13814474099888438,-0.013893053660310184,0.029376798827379758,0.3336297832666044,0.44764251485684486,0.20519567041703082,-0.11401273159024045,0.20135997214899193,0.565,14.245532327362588,3.9893481690045287,-1.952580796841721,-2.518581765215446,4.268206111715303,4.577813910933848,0.6233356514069576,1.0,88.06790983397138,0.16869565217391305,0.25333333333333335,3.9194597527118353,0.46132734986983515,31.485479223436318,3.8771423840383665,830.2360476681833,378.2135648924652,1861.1218784845735,471.7519638739564,2955.943327918243,426.65493764924304,1062.8536401250299,0.14321170466101246,0.05442252884849499,2.5438637596858746,10.320181670520897,0,BBT
1_3840,148.29028648847316,30.745475478242163,442.7855639238478,0.02379627212123995,0.13054555613181867,5.622464246626187,0.6669449081803005,0.004798256500388407,0.09370814883426311,6.827244030267788,5.063736134152001,42.019626020932584,49.68681116937683,0.132927551901548,0.0636149390831224,0.2382237840042305,0.40348841502229216,0.008935697753776948,-0.16526463101806166,0.06642550482639065,0.3393796501647358,0.3966784073134927,0.23570226039551592,-0.057298757148756874,0.19568014114228427,0.39232053422370616,19.337807181381454,6.161171441948979,0.09953534745600225,1.52988750898397,2.3932704295776834,2.8627913716800033,0.6660725883188086,0.863120568566631,79.40679391263359,0.1336,0.17636363636363636,2.951699079939756,0.41061420823577927,33.74234160986044,2.9699787822529236,779.1098378855962,347.74514424163505,1782.6027713590404,469.241555407779,2850.9847105565564,390.53007674879535,1035.93743633548,0.14831609472755417,0.051429615793277164,1.5161662594433414,7.36608150656751,0,BBT
1_3842,138.148359088906,38.619522207956145,184.74737378592744,0.03609730187234735,0.1524459480705271,2.152334791109635,0.3634538152610442,,,6.382978723404255,7.728426250130342,66.02920281620037,79.36204785332488,0.1716656031648246,0.06788695663912317,0.5297808492129634,0.32056075624487784,0.14712247158412492,0.20922009296808558,0.03336596576847284,0.5938206746841299,0.5925177676742153,0.15094638162798826,0.0013029070099146445,0.3864126070248055,0.7028112449799196,11.787414740478718,1.7952127659574466,-0.28702024343633314,-10.044112015253717,,,,,75.32583345045532,0.1675,0.27666666666666667,3.385820979409763,1.0840609728812436,39.626716306125864,3.923772406387824,867.1928910795925,310.58774509423216,1799.383031826668,420.00093586671863,2908.3960741553537,375.4704069787118,1020.6015915378806,0.12582212136896082,0.03654942033728044,-0.8551233967225677,8.60183742368562,0,BBT
1_3911,274.89117955603905,58.65320711653068,258.68577036001756,0.02029316535197089,0.11239915919736143,6.085485365848736,0.4472361809045226,,,6.981319824505857,6.62937921863686,32.744898977919426,53.78813649709819,0.10894243926982866,0.0847463648827423,0.27221236467963045,0.48720054726356105,0.3874274986512198,-0.2149881825839306,0.035241583137083365,0.4641849611962163,0.5059141098417004,0.24253562503633302,-0.041729148645484104,0.18494877023132517,0.592964824120603,8.964935571996177,4.986657017504184,-3.67341517711599,-9.931947401706198,5.1816634216343225,0.0,0.4986657017504184,-0.0,62.01233853865433,0.12181818181818181,0.16285714285714287,4.75352526614686,0.2364591993743151,25.40329440868233,2.7250998208670727,815.7280013958872,288.40436592316235,1826.2060726545233,373.46636108546295,2935.589917722337,357.74257545467805,1059.9309581632253,0.2096078530858749,0.10091009990687629,1.9424510000707074,10.174437223634092,0,BBT
1_4031,160.07155386263057,27.95682894059748,453.33123430013774,0.0223111244802057,0.12987126601789545,7.37019677582708,0.7178631051752922,0.015761170360408097,0.13226353558648193,6.577466809648235,5.002586649903704,32.42314442001483,36.03176097679531,0.11956464941087627,0.060431512414197634,0.3020779437556536,0.3532347524457125,0.04407948306130541,-0.0511568086900589,0.1535399587109182,0.736968657784046,0.5779730681280011,0.09498428140203433,0.15899558965604488,0.16497453338181023,0.3756260434056761,18.00414249262081,8.57568457460466,-0.2921936888355276,-9.754242724913407,1.4167493951384542,2.017447305178165,1.4154042501774682,0.9886994082884974,75.75970636334503,0.06157894736842106,0.05333333333333334,3.5459854673737548,0.37116774838959204,31.24933087415251,2.5236461389838913,698.0167661632759,424.49921233582126,1860.8849175692822,491.1312530794595,2887.587463430411,428.6320261216681,1094.7853486335675,0.15714330728755802,0.05963722287663229,-0.8668980134974719,6.222473595833973,1,BBT
1_4145,158.91191208678072,99.95599312011086,445.8774679536193,0.022204702210327908,0.14657630936908836,2.2061894467457472,0.35785953177257523,0.0027690446032197463,0.13381932582740005,6.150256684733854,8.91189569587516,60.62150819008504,61.17045266478873,0.15460497863395498,0.06060088693894247,0.18156199294273487,0.3076416322865371,0.010831877897521386,-0.12607963934380226,0.12827430871193146,0.39317662934549813,0.4278515067692959,0.09325048082403137,-0.03467487742379777,0.4242509625766018,0.6989966555183946,8.367355237057003,3.158239919187655,0.32672909933407895,-1.58365294102353,1.2281928878553252,1.4073955388311805,0.8311157682072776,0.8112781244591328,76.89657144202599,0.27090909090909093,0.43200000000000005,2.4085800734297234,0.6094468482810157,27.745483809121623,5.3935320619164155,801.2234264329958,230.13184075236023,1622.9299019410964,333.1433097338009,2795.456438953456,333.40528097521315,997.1165062602302,0.11491991465050858,0.03969380215224275,6.78109357333453,11.612606729269782,1,BBT
1_4281,133.8069234261777,54.308856968611515,166.68668095354454,0.022979646262506117,0.1265140669229774,4.498817955655266,0.4578313253012048,0.004297406569116319,0.12241850967138353,5.585106382978723,8.72860241946572,10.285805488502767,11.281081272632902,0.14750679285116086,0.064898590259257,0.3658821648599093,0.4815356544441755,0.27994262920760815,-0.11565348958426619,0.08461226925145815,0.39662178196015896,0.7491096065194752,0.2971334519846062,-0.35248782455931627,0.40125850742586955,0.5943775100401606,12.042974899050582,3.7898936170212765,-5.233072171271902,-5.84618729134267,8.147448610844425,0.0,0.39893617021276595,-0.0,94.40334519281886,0.2,0.32,3.688291236237473,0.37671086613255883,40.45900947917849,2.2071750562921206,774.4324298749781,274.8524606222221,1840.2733241274111,344.5342426746008,2887.3988900454083,341.1140745557143,1056.4832300852154,0.14081086842353607,0.07425973705446481,2.6137391531532153,6.946577611683226,0,BBT
1_4286,184.54963865953894,64.9278180042343,433.5423708568971,0.02913372436002697,0.1407609596024833,6.299062649502435,0.7864321608040201,,,7.230652675381067,5.431718445803206,7.793321232221732,9.999580476653902,0.13540126763554083,0.06677123076677871,0.28955004966993225,0.5444129093673072,0.31060874873908795,-0.254862859697375,0.03651427900347404,0.62318203099026,0.48345624101855567,0.09667364890456635,0.13972578997170437,0.45600210196830804,0.24623115577889448,29.49303900433478,7.230652675381067,-1.2545319444172944,-10.811286712411516,0.9011320471119895,0.0,0.4986657017504184,-0.0,80.302891800218,0.06000000000000001,0.08,3.7790835093790274,0.4328795923572825,46.46584704829123,4.4103966954507605,780.5372764639268,279.46663596326385,1819.7443372428236,466.9460794889201,2824.6723975113373,373.8945132738929,1022.0675605237054,0.15813283116469046,0.07008118521598918,6.174519749575564,11.642831722775496,0,BBT
1_4290,172.04184768751065,93.78349622987466,509.68218150556254,0.02747205950728486,0.15262384935139062,5.014333627639923,0.5381526104417671,0.004310435331674141,0.2029848414820195,6.183510638297872,8.252834112189078,9.589090235818498,13.488440940552126,0.15355827550519213,0.08117425389743707,0.5306518405736527,0.5700891441126325,0.29002094671369905,-0.039437303538979784,0.027691291007483132,0.4812292170188513,0.4786154861368581,0.06119900613621045,0.0026137308819931815,0.2730080361707786,0.5100401606425703,18.284272040638612,5.984042553191489,2.862216754724778,22.762202225948364,4.117694033402962,0.0,0.39893617021276595,-0.0,79.662839370853,0.1,0.15142857142857144,3.5715163869047104,0.4997456160422,46.7464114582166,3.7934353314010667,820.1290676191595,357.0988573291121,1853.524546495175,460.7837042523191,2936.265056539041,405.9178515642418,1058.0679944599406,0.13544023547035736,0.05801962133161866,8.71476663813082,11.693634200301391,0,BBT
1_4352,151.08584170417157,87.33674384998601,469.35234679106486,0.023825261936873537,0.16667186456979366,2.605684894672784,0.3868194842406877,0.00968793790605851,0.20782599569647084,6.411457592949174,6.3778259867145755,11.84538711033979,15.962790645621096,0.15174545715781948,0.06300774660194747,0.34415982277648793,0.4329914584379327,0.07867372576486599,-0.08883163566144475,0.11022983739201275,0.4945402356398097,0.394816609400401,0.22742941307367104,0.09972362623940872,0.2558838066248339,0.6848137535816619,11.530662568953566,3.276967214174022,-0.9158717396209476,13.98331668699016,,,,,68.29306882598416,0.14727272727272728,0.2911111111111111,4.292119063201839,0.4283433991006151,35.07932863493098,3.971243611399152,800.596427963162,277.1687817195426,1733.4446527790205,415.0098834883227,2847.035934059189,334.39234999736584,1023.2197530480136,0.12894044604190807,0.04067690843577096,-2.6874726302878043,9.256628654120268,0,BBT
1_4477,229.421556006329,82.77570943397909,433.62732705369297,0.025494424218968612,0.13859334281918753,3.775660223190282,0.36454849498327757,,,6.150256684733854,13.933239451365738,13.331981787036582,18.104071536170025,0.1165529238882613,0.06547116950380895,0.621881120932619,0.45420165367800003,0.17548661417223713,0.16767946725461902,0.08252497889940069,0.38018504623200705,0.3290236746334623,0.09667364890456638,0.051161371598544725,0.1823599414720023,0.6755852842809364,10.102851676080835,2.8257936119047438,-0.1990434999409786,21.538147209045157,,,,,92.13911671894864,0.3826666666666666,0.4125,5.43792686575129,0.987278682920036,39.818333300259845,3.368292243044865,887.7549495953621,266.3372914072132,1728.5090190099977,429.4203057191063,2982.2577398261687,302.16429253831126,1047.2513951154035,0.1849811806687327,0.07760046173162141,0.8688306505446759,8.831838285940009,0,BBT
1_4544,257.65674217428466,67.70831528497678,326.28983091960833,0.01823840741572876,0.12437256313474632,1.3488693796261813,0.2596302003081664,0.03031004167201889,0.12426455995985825,6.454918032786885,7.769165608872682,10.469528778650313,12.823824791880465,0.10575975868676228,0.06074704204198515,0.41150544579482423,0.2985963309318539,0.06790180953188897,0.11290911486297034,0.05149276623890242,0.5909030535349642,0.5924501245838879,0.058621038176054935,-0.0015470710489237094,0.27486515406419754,0.7580893682588598,7.780906701712168,1.6905737704918031,0.10722085233939929,21.777279001238345,0.18180126049465528,0.0,0.15368852459016394,-0.0,66.61169159453473,0.4625000000000001,0.7153846153846154,1.7994648557413313,0.7302931560730708,39.64996872353861,4.689082813629896,834.9897267317224,195.66943876248757,1704.5812287242406,356.93997939635466,2936.0143632817603,314.18121728223554,1050.5123182750187,0.17662611040911597,0.06976981496277308,-2.161795985592372,9.88582836769712,0,BBT
1_4552,245.21210512562317,73.8159003422197,493.7972484870789,0.019523288449857828,0.1293674166844195,4.73243724999919,0.4154727793696275,,,6.411457592949174,9.88602821492237,9.714178473725744,15.12578024835026,0.11065941047738093,0.06653148302211127,0.5869953012887734,0.5629129309975041,0.06027487746789127,0.02408237029126936,0.03927876161804578,0.6550502541363666,0.5827452678254664,3.03642510089466e-17,0.07230498631090021,0.35231453762200304,0.5988538681948424,18.706827317666736,3.276967214174022,1.2613265907604514,23.71989114214954,,,,,87.59754562204421,0.1975,0.23636363636363641,3.5704839343417945,0.8177766148744501,47.94243004743598,4.137266455622355,831.9463171898117,343.5688199486393,1740.8926052401177,498.8242064389254,2953.7892476343295,482.9361816657605,1060.921465222259,0.1842710116034275,0.07922570594982972,-1.2381150556157978,10.816888289292853,0,BBT
1_4576,254.31750187519026,74.52021665869985,519.623822384645,0.024394685113506356,0.12733725331492834,4.658743796075236,0.4427753934191702,0.07560314184457156,0.10859447708422207,6.992004607623936,9.471485853236713,7.965865565550266,12.954215967279529,0.10732278584136462,0.06615037710626827,0.5743148566361623,0.5154126587058627,0.23570226039551576,0.058902197930299605,0.011377044831640926,0.6795518906678536,0.5863060819140481,0.288823744712556,0.0932458087538055,0.10714611913222238,0.6065808297567954,15.753127705938125,3.496002303811968,-0.2821137090626217,2.8999566282552447,11.304973388250122,11.285700992491128,0.3567349289604049,0.8112781244591328,72.63715892762562,0.2521052631578948,0.30173913043478257,3.9396785229698557,0.6838307142889009,38.413751410231,4.263974345195169,780.0709367794756,299.04558234941715,1730.3813414576712,410.37487398091764,2981.4447084324343,419.3533585000563,1100.6868858264793,0.18212478173424623,0.08643519214312008,-0.5003985790180258,13.992212406298188,0,BBT
1_4603,143.08528630865834,61.42160719682987,343.9857890459805,0.01681366778034796,0.10452199684426956,4.719875566830977,0.6443701226309922,0.007207326253906081,0.10109018598941576,6.997919489796432,3.355221066102748,37.745340153216034,32.747168425752236,0.13331034513878764,0.06171003192135693,0.28577495096143873,0.43364405724300664,0.1425904977483535,-0.1478691062815679,0.08104623636619901,0.3350736687391153,0.47805861007859024,0.41791057670385445,-0.14298494133947492,0.16752277037786745,0.46325167037861914,16.83147014615372,6.220372879819051,-1.254078329264787,-19.88826334806562,3.5662439256568805,5.311684036923586,1.110780871396259,0.9910760598382222,75.75775922532371,0.1056,0.17272727272727273,1.7832143894724473,0.39074494107238783,37.186386806916666,2.2135744700111357,866.0159779807487,375.5947092062173,2007.010986960639,488.3018849278416,3008.687754457196,379.5870438935169,1071.3358882382238,0.15167752538661566,0.06649631819110113,-3.7613061099625003,7.53897997823987,0,BBT
1_4639,138.71994176593424,42.4196762309506,168.3930885163283,0.024032192276932925,0.15944091125690582,3.050139770039717,0.4296482412060301,0.0054243759995680745,0.12962158253293854,7.479985526256276,2.9814499095778,40.21913178608543,35.83013352183433,0.18493897759774844,0.06519729888427965,0.30834697860286064,0.33246581608299264,0.028455519661223613,-0.024118837480131994,0.031946074313673134,0.3044624580002541,0.4243828088910374,0.1557522394953495,-0.11992035089078329,0.14842102567937343,0.678391959798995,12.544482580077872,2.493328508752092,-2.092552265691905,-17.738099154746806,6.653726860649481,6.653726860649481,0.7479985526256276,1.0,82.64781354746754,0.1376470588235294,0.19142857142857145,2.043188843997336,0.2498377316423109,30.04049181628206,4.845224228609558,1001.6205102520942,395.7008826244901,1919.6425710932406,474.13128088840153,2926.7945705615903,464.9815475861848,962.5870301547479,0.18387571899199837,0.09401758152775998,1.0624664838883333,8.772710822248053,0,BBT
1_4743,181.41704234654668,62.15633771218553,238.55588636376245,0.020593517676122365,0.1163465594112207,3.4554076840226924,0.44574290484140233,0.0033565543530941484,0.08680376840024728,7.909611986285852,3.6388048030378792,33.369758367850565,47.318881740295765,0.11502983375112208,0.06335255129148111,0.1934276406256338,0.3414790151708858,0.0399621761657914,-0.148051374545252,0.08654320861595843,0.5136503022454336,0.6345243620091421,0.3389708788856286,-0.12087405976370846,0.2650713950292012,0.6143572621035058,19.225920982781542,4.9122853388512135,-0.7947929193068071,24.97848863823115,2.5405963953920723,3.7980782948959755,0.8325907353985107,0.9910760598382222,79.46095697076986,0.22666666666666666,0.30400000000000005,2.6702544529656724,0.3763575229399651,33.20015720207765,4.138844512921178,869.2111325487436,357.1403371680472,1804.9884842290514,444.715661822287,2949.6118626306356,384.8860616167289,1040.200365040946,0.16451946664445138,0.08579512694725783,-1.3556235600605475,12.76576476743538,1,BBT
1_4760,148.12017207643433,32.89896961960741,133.57715948376676,0.025035064266105675,0.13761457677208727,2.4355614104292846,0.4738955823293173,,,7.978723404255319,2.6858625562138663,24.382011127732184,20.289827041312567,0.12095231806077231,0.054175264060574005,0.5715504746298185,0.6350185461285713,0.24937733402690826,-0.06346807149875289,0.02271393417809142,0.7001705640320758,0.6906172870852518,0.24618298195866548,0.009553276946823952,0.3163594335993538,0.5662650602409639,14.737670922005275,3.7898936170212765,-1.5247848085700304,5.689227250037689,4.129837337908633,0.0,0.39893617021276595,-0.0,93.95609760808473,0.33428571428571435,0.6466666666666667,1.7510451628341548,0.2640871951464081,24.824351369428886,2.3424562670951636,895.3991419548582,333.48830142857014,1839.1152854539935,408.14673962903254,3013.620148092899,340.38275710700503,1059.1105030690205,0.13089102096059013,0.051435607351411144,2.275000911306608,4.572365311328488,1,BBT
1_4789,158.78282840243423,89.17598556471233,468.48250093028634,0.029557558240299518,0.11774076659993855,3.5075326854221367,0.43645484949832775,0.003376472285173265,0.11840331779088437,6.150256684733854,12.038282963110024,38.21659597642111,40.00782163603956,0.15109012977601688,0.09704969622378647,0.3676999258009267,0.4145775016971355,0.7027403853825438,-0.04687757589620878,0.03771114401940512,0.2787011677936033,0.5533454236700112,0.40406101782088427,-0.27464425587640784,0.33531911053108365,0.6053511705685619,22.86665955348155,6.150256684733854,0.031007205689314258,-23.071707082903085,5.150807402221092,3.903772306984008,0.4986694609243666,-0.0,115.70301120448178,0.3709090909090909,0.6033333333333334,2.915899995958318,1.3380717335341838,38.86268463041158,5.991581476431514,1057.6972744580996,462.77571558553365,2031.3695916341348,485.9101327302842,3114.0736182011115,435.5583620293218,1028.1881718715058,0.1301660650924818,0.06490661277316222,4.341224463130449,9.73171257991851,1,BBT
1_4792,158.31397852191952,24.370282782574208,113.7787996571586,0.021571334616213883,0.11246279571652305,3.351043491953268,0.4927536231884058,0.006612625292604628,0.08307572162672497,7.664388012634188,3.6950738363061086,34.83529309181552,38.95554325122062,0.12104789208528759,0.05394463563754945,0.2134614647438115,0.18332980878676458,0.2662119377870612,0.03013165595704692,0.05421805562488269,0.4413227589735318,0.4254820374473535,0.3577708763999663,0.01584072152617827,0.2018905213776101,0.5523385300668151,12.996827437509655,5.664982444120921,-0.9589504910992868,-2.5624283019414946,1.4923489863203927,1.9200217062297755,0.6664685228377554,0.9709505944546686,74.46196769084708,0.25142857142857145,0.30400000000000005,2.5386405209803007,0.30860600988232323,28.18399244961877,1.332618986717812,1009.3391770810825,406.3587619771488,1972.1405980994334,537.0693229450394,3092.080830447508,391.36678249013704,1041.3708266832125,0.16719753062716103,0.07816879423178141,0.7563121102273797,6.558540835189612,0,BBT
1_4850,144.39000093120853,44.190457720430686,366.3806819212149,0.02195615066336275,0.12134671770723059,6.236221859218291,0.7091690544412608,0.0020035435765607883,0.04713381397812642,7.123841769943526,4.474933512006266,36.74410367745095,47.482464612580934,0.12257818355718114,0.06490685343668508,0.27967259701367353,0.2942077604379883,0.019179217918551917,-0.014535163424314768,0.0663073371961066,0.6432709872669394,0.6195046961106901,0.2927282065559336,0.023766291156249286,0.5818826372581233,0.36103151862464183,25.320536052536443,6.838888099145786,0.6940455037997267,-8.128602010339176,3.092430783123916,0.0,0.28495367079774103,-0.0,86.31221751705527,0.07875,0.04666666666666666,2.8971864335774904,0.38982729023370916,37.1456026709675,2.7040134624349896,871.8188948755255,415.4955934398464,1994.3289307883886,511.60319255658686,3046.4316218598683,355.3344577428411,1087.3063634921716,0.14281358150471818,0.06147279048571016,7.990508032189273,11.094482528798332,0,BBT
1_4949,217.60400489274318,56.38230596848678,438.15299406554357,0.02288601090489864,0.1429956670153084,2.765419627760891,0.5257510729613734,0.009064488666662757,0.14080994500493613,7.206045565000179,4.677783884321056,26.5206423727627,32.123923936308714,0.12681384566772105,0.06604544925994503,0.3750664922083837,0.29143006470163313,0.06514416067725948,0.08363642750675054,0.038306362569686,0.27607834739636933,0.3686262347201572,0.029323117635391065,-0.09254788732378788,0.14601232543336573,0.5550786838340487,16.34299128676201,5.208329962821911,0.19349360247719352,-3.9711933391057084,2.14203976174966,2.651637468178593,0.49942890054456685,1.0,83.74982408183008,0.3173333333333333,0.6183333333333333,2.5898919241662646,0.49668429010901066,33.404191090841756,4.300096054185472,943.8576559136977,356.9371581074774,1886.4729501585705,453.6444195909724,2973.5109206012994,374.9639030915208,1014.8266323438006,0.1810383116051054,0.07514110689290468,10.267772567892425,9.05888958202835,0,BBT
1_4967,168.7248095869094,47.56468224015451,186.6821940173354,0.020803391974191326,0.11987095417233669,5.216735890570479,0.4759036144578313,0.0021687156665931235,0.06533647165743502,5.585106382978723,6.470211259776926,96.28959360353876,119.1634214237813,0.12111559953128824,0.062319674482796315,0.541430035860212,0.7270162694105322,0.2730945718268497,-0.18558623355032022,0.04628577501926601,0.3841897955072711,0.7197719291168517,0.13703774196550636,-0.3355821336095806,0.49744616829096877,0.5943775100401606,11.51342097173581,4.587765957446808,-1.4948210440108791,11.909891858536891,4.140457180360142,5.00646440841684,0.9973404255319148,0.8112781244591328,76.52561114099575,0.22461538461538463,0.28571428571428575,3.4196257460361035,1.0601550327170361,42.28489247676022,3.7398112149919913,705.8874118545821,266.5007438010252,1697.7466172906074,343.2655227231944,2942.027407745441,310.8635318392048,1118.0699979454293,0.1443985333274951,0.05483928387786599,5.782450996755324,10.288960290491,1,BBT
1_4995,264.38747979422277,137.58362024495918,463.2247313307454,0.028244575396223773,0.14200088256039883,1.631969371385023,0.3294314381270903,,,7.313818760224043,9.297133662154504,52.9868849261627,73.47421919638913,0.130359638303267,0.07152468073716241,0.22867597906366247,0.37128094695327846,0.05299989400031806,-0.142604967889616,0.10818446645267277,0.2743027275558277,0.3433627885813254,0.35355339059327373,-0.06906006102549772,0.44211410869774026,0.6789297658862876,14.628984163171344,2.493347304621833,0.15751829695380518,6.0132929288822545,,,,,81.47540439100543,0.4036363636363637,0.8699999999999999,3.1118746805707507,0.4457911554917889,38.01831839823418,8.45856314388441,829.4789278792906,228.33259782405742,1744.495846414011,379.6015160200625,2939.101558614992,254.12317770231192,1054.8113153678507,0.13156131259677142,0.04914427244401242,0.18541047121396986,10.82448073760727,1,BBT
1_5058,195.19388633578987,76.52981502596738,370.0772578035951,0.030637198439052597,0.15569283509398588,2.581558710271961,0.38684503901895206,0.003109417826500006,0.1023207743048337,7.442231838354935,10.905701309691192,83.5494238022473,103.15863866085185,0.12903754376653234,0.06624474294668845,0.5224706685550948,0.49799224793968416,0.20629723576373296,0.024478420615410668,0.023753946690322714,0.5760308214379577,0.5813305463417585,0.1991169934799916,-0.005299724903800818,0.1140464507290262,0.6570155902004454,14.596323976067932,3.665576875607655,-0.4805468653346388,6.05229401548549,12.164235608291078,12.164235608291078,0.3332342614188777,1.0,73.504406449378,0.38875,0.6040000000000001,3.276178244326441,0.7094940578904225,33.087021820367355,5.8798991975231365,940.0813775653822,367.20788939926325,1750.513378904855,448.4009841734341,2952.851423427752,386.2073612746536,1006.3850229311847,0.1554323971963469,0.05462244076645321,6.778539830109523,9.902023064666832,1,BBT
1_5109,146.6441217867798,24.992416440208835,151.44043886154722,0.026199975553056955,0.13963740191894256,3.5234885875720248,0.4879518072289157,,,6.781914893617021,5.390346399680352,94.838540157308,145.71665701168365,0.13300617619094834,0.05798392648999862,0.2695883048766875,0.32495775834466045,0.06715191366878169,-0.05536945346797295,0.26839349762957365,0.38568332633350694,0.44920572777800827,0.10910894511799621,-0.06352240144450133,0.4268879607737889,0.5662650602409639,11.830998838067924,5.784574468085106,-0.7879098677766834,-5.0836889490005035,0.7761287424783845,0.222327681283101,0.5984042553191489,-0.0,105.70566065341606,0.215,0.5666666666666668,1.8475553620140617,0.3445042085242839,32.94717568974411,1.283904837541937,920.4444393381009,433.34243807295593,1980.0840287683643,552.6397863033256,3129.918008093561,391.6829046016712,1104.7367843777297,0.14388661490345586,0.05071455774456657,8.653585315820614,7.088256521599052,0,BBT
1_5134,233.35294626976122,75.00739166126515,364.6337326729447,0.019871992836181865,0.09188319362317214,8.185243664857838,0.5106382978723404,0.006208660275968675,0.08776059183260224,6.108689383788184,10.874330630617779,44.660688793620366,89.54483628043802,0.08600775250719606,0.0500364309677769,0.2653728826921358,0.3686875442836387,0.025406172798474246,-0.10331466159150288,0.10466509499972476,0.5385756059595354,0.677286686750546,0.04767312946227961,-0.1387110807910107,0.27845420132749865,0.565,12.933117812215375,3.9893481690045287,0.4631570334045578,18.66999039161941,4.952820308906493,6.004810180672043,0.8726699119697406,0.9182958340544896,76.80496151823056,0.12782608695652173,0.11624999999999999,5.239468215214452,0.5307626718170833,49.8418581086065,3.7238725579315335,896.8021528405036,354.0125961373314,1899.2508138166302,470.3469334779409,2947.0234662705448,405.78735159467493,1025.1106567150205,0.22465682325600544,0.10951608154611958,6.165817698775889,9.77452298191262,1,BBT
1_5156,114.53185423552299,62.10046942636405,499.4001058902521,0.020746113451192205,0.13457753646190138,1.73705926379636,0.3188405797101449,0.004058881644215005,0.08775292677453597,6.664685228377555,10.327906614298604,144.5882948645857,127.00793621084169,0.1530247857362113,0.06314116781248184,0.1553850858223056,0.30343213244423706,0.02601794556233221,-0.14804704662193147,0.24446226945857785,0.3185838790134196,0.417944087258291,0.21538744758532144,-0.0993602082448714,0.4049571734941785,0.7282850779510023,6.8682514758188775,2.9991083527698996,-0.16505300832135467,-0.9511316812089738,2.198268939385935,2.459554297646247,0.5553904356981295,1.0,82.18648504058721,0.3894117647058823,0.515,2.414695361175588,0.398794946819752,32.72668605230456,1.5165356708512774,891.7375549427943,280.36740507861504,1759.6734499289141,451.59478840486463,2996.327779991234,330.1122431949619,1052.2951125242196,0.11931936402452807,0.029425884289384984,-4.506581425558783,6.949444987577958,1,BBT
1_5166,201.15932354574414,27.018855699366174,179.3950278231883,0.01732867580779213,0.1297391176527364,5.206072317031192,0.6256281407035176,0.004032312900297559,0.1379968452957236,6.731986973630649,3.6248869766558904,57.69131616021138,61.460330395199264,0.0983713449503205,0.05287167518168251,0.17072324404547404,0.31035862004878534,0.12706684308669483,-0.1396353760033113,0.16813154668608343,0.5156449791897997,0.521090609941316,0.22535238862626042,-0.005445630751516273,0.29107011996527876,0.5376884422110553,11.43404690950811,5.485322719254603,0.45128643388387857,-3.686299230427279,1.3281428868014982,1.7661801181778554,1.9946628070016736,0.5916727785823275,90.8780928387812,0.08222222222222222,0.10799999999999998,1.8061575419243807,0.527800631541486,36.70957285339006,1.5233730995343753,775.2921129750335,225.57271489518067,1682.2502937978923,255.00183318753037,2815.135123890406,270.27215518864006,1019.9215054576864,0.20810850724237337,0.09661191908721843,3.4492849541323043,9.86964727234769,1,BBT
1_5169,260.3200165229231,44.038593108736094,248.8147334139715,0.012832153920409529,0.12469243222985872,3.7867698921315145,0.37751004016064255,0.006241254474607823,0.18475339469653518,5.784574468085106,7.776893319060438,54.133486034967966,88.92112328389112,0.10268015752091235,0.05159228624898916,0.16970241159538668,0.42698817576357045,1.726657161237772e-17,-0.2572857641681838,0.1426823418154871,0.44061656301511715,0.369653139838486,0.06950480468569153,0.07096342317663112,0.4196590535544651,0.6947791164658634,10.159664497328517,2.5930851063829787,0.5024906997672652,1.7332914285137875,1.6496192070656095,1.6496192070656095,0.5984042553191489,1.0,66.02133908914968,0.2690909090909091,0.3666666666666667,3.7387834674099287,0.6644933541840512,45.90982172948815,1.9275640930067024,861.67511166827,215.0431987567865,1700.1834056540617,390.04877933398745,2863.6433344277266,335.8982797211808,1000.9841113797282,0.211728628329387,0.08159240478357567,-15.415091406627239,9.700348554324037,0,BBT
1_5211,214.23753815827078,62.77870300660047,449.3074012267098,0.022376617733298833,0.11699167239991945,4.335782028587468,0.4598393574297189,,,6.781914893617021,9.992131853975794,52.7783932560221,60.32123024310182,0.1136225742155775,0.0682403048989644,0.3466733576507211,0.3759998987661568,0.2756035436010373,-0.0293265411154357,0.0957922276946922,0.6195840267947785,0.7757095374631852,0.08737040566610377,-0.15612551066840663,0.7291601811010991,0.5622489959839357,12.756074619786618,3.590425531914893,-2.3003047926098197,-18.49192272432572,,,,,70.23055372012162,0.19076923076923075,0.38,3.5716647770555268,0.31543622923669884,35.244352546307276,4.605569855287402,775.6347392582802,267.46369900951873,1827.2331062553753,502.6833783530478,3027.177112632204,298.93919176727593,1125.7711866869622,0.20991099342609792,0.0886947661099308,0.5455670824215915,9.07944600629005,1,BBT
1_5212,218.58978961798422,45.979383160392054,280.1162780509439,0.01938228842671591,0.11447843134322452,7.119438076323689,0.570281124497992,,,6.382978723404255,5.947210996184188,56.57764333634842,94.96647230880089,0.09938109886147399,0.06441865778478546,0.4202741999491421,0.48075855768457937,0.029386354969211683,-0.060484357735437255,0.043157262002512575,0.4407916846546708,0.4349687444858428,0.0,0.005822940168828006,0.07172821739548063,0.4859437751004016,14.21104949114124,5.1861702127659575,-1.5149224705838473,13.797711287627504,,,,,91.07381189875467,0.13999999999999999,0.1711111111111111,3.3460904994247893,0.6663969303039466,40.81975723737034,3.1405933236058687,638.3015264209142,345.8484943303371,1750.6089792745556,458.42291363201764,2986.4885048453352,328.63138082269444,1174.0934892122104,0.19965447180117676,0.08111295019085825,5.092455405165364,10.342815273333064,0,BBT
1_5496,229.15590297543844,114.74878853773018,517.1632118800832,0.025307630754363923,0.18107501399610454,3.633655079833558,0.46967167501391205,0.007280000674217477,0.18156951103234198,7.108997576936058,4.451405764601188,54.65050247418634,64.27837222124091,0.22114041753244187,0.26441620779009645,0.658173496065651,0.45387827704072164,0.06330184654179584,0.20429521902492936,0.01021117296215135,0.6653474105576621,0.5995762890607438,0.06843859108291549,0.06577112149691833,0.1178959768207114,0.6084538375973304,14.993865016943047,3.443420701328403,-0.5067484604578233,-23.93405490828581,3.897540075728348,6.846649273050965,0.6664685228377554,0.8453509366224364,82.05430765845803,0.1403174603174603,0.2733333333333334,2.723788614803332,0.4519638477973453,33.63119942903301,5.329514182712215,866.5736124650472,361.3954125002038,1828.9060408301928,500.4934385820862,3016.2451547676555,421.24913446034924,1074.835771151304,0.1741022789557099,0.08534747782308075,4.864413897732278,10.349538285151342,1,BBT
1_5571,191.90894148614709,42.438395536417794,230.2438803054112,0.02057473959730005,0.14047801815854505,5.243747671924099,0.6174785100286533,0.006911537656704386,0.12615231804605934,6.696411263746915,5.7517528261739495,49.39524174222268,62.461707094236935,0.11745378857775718,0.06285460643333785,0.36283592388753755,0.5280767164650098,0.09262336892949782,-0.1652407925774722,0.030886130031237524,0.4164923046970117,0.5648904599067512,0.0,-0.14839815520973954,0.1223229408848564,0.44412607449856734,19.177185893697704,4.274305061966116,-0.2202202984655674,-8.129631788148089,1.5500067985065344,1.9495547291407271,0.7123841769943526,1.0,66.48204747796399,0.07714285714285715,0.11333333333333334,3.327222319912421,0.48751281069765373,45.126643171506956,2.943673623173796,796.9435412861575,331.1386423449496,1795.5199520281737,439.0549585548849,2936.930764131748,352.07490806650196,1069.9936114227955,0.17630116553255268,0.07089734867509642,3.302017531854407,10.354946457117917,1,BBT
1_5572,149.36468161931987,50.271151408964926,424.79813980531634,0.02051641410066165,0.13544007614609108,4.3898967775363635,0.5384615384615384,0.020365974643397813,0.1519636276551741,7.313818760224043,5.012351196264525,106.88638693174558,162.01046957655316,0.13134714070271336,0.06514262479510043,0.3936056290802234,0.6359704124937122,0.08516974821122043,-0.24236478341348883,0.046062286967708754,0.5071824075408813,0.595930344732078,0.05031546054266278,-0.08874793719119667,0.15374455928564645,0.5183946488294314,13.32925433330127,5.6515872238094875,2.312571448794088,6.720115497133186,2.5425388442675327,3.899941586066156,0.8311157682072776,0.8112781244591328,76.08536901048947,0.1377777777777778,0.23333333333333336,3.240679221231752,0.3963298268067156,32.80655292613473,3.9661972929477294,904.7108967797571,367.8414739002643,1822.0431778772463,486.95096960158867,3065.1469603546334,365.660515350747,1080.2180317874383,0.1360613300951019,0.051587255112222195,10.568977625480441,8.90924546757895,1,BBT
1_5580,122.12662780476825,27.31003390367054,108.11743437888578,0.020157678265413898,0.14898293806830293,2.2912203599980865,0.40635451505016723,0.004228415761486151,0.09765381418468048,7.81248822114841,4.645132539826989,104.33962492105188,104.06191531069908,0.14282296433842745,0.058355850212424336,0.42532375388629173,0.38091917249218976,0.10614299876803852,0.04440458139410197,0.026475692211217927,0.3563948309305158,0.6600938290757425,0.08737040566610378,-0.3036989981452267,0.48608360818097973,0.6053511705685619,11.956093025109144,2.9920167655461993,1.390058356526869,-5.110180168800493,1.44928903974375,0.0,0.3324463072829111,-0.0,75.97060582771465,0.22285714285714286,0.38666666666666666,2.9829940227123255,0.34084007830604407,30.64418887275139,2.622474510488636,854.3753670388664,329.7511447729537,1786.4158286148534,490.47901902710083,3000.5208415792026,346.5901366360934,1073.072737270168,0.1279500286335257,0.04372606732937132,4.4882453337636665,10.897808096228145,1,BBT
1_5581,134.484044341273,21.795046943225525,113.4344330989135,0.030018945173616838,0.1587268617707537,5.742152581444771,0.6959798994974874,0.026107693137809182,0.09169143369640055,7.729318377131485,5.423536441986875,93.83686200920648,120.99526050679816,0.14594977859286198,0.06783540473413113,0.17054098997292952,0.30763302468319803,0.07328662799057507,-0.1370920347102685,0.13739198252254659,0.5485168504747873,0.4796840368137646,0.21442250696755905,0.06883281366102267,0.2631431521704327,0.3969849246231156,18.0134100331706,8.477316929757112,-0.07164708771575003,-4.780459923290202,3.291838684216105,4.192906032573248,1.7453299561264644,1.0,75.59302479959115,0.086,0.056666666666666664,3.20554333605462,0.35367690269855867,29.752962192346814,2.642110171762504,784.1715949577234,409.7302671885639,1942.4052788737313,553.298176608741,3132.3283634796085,368.48810423198296,1174.0783842609426,0.11707856917403507,0.03585190425289094,-0.6138489094814493,11.065211322049839,0,BBT
1_5617,187.03357835215266,70.18934477853232,214.83976640837398,0.022197914295293008,0.12727775591996607,1.4832545533246428,0.3442211055276382,0.012009784364492399,0.13638628247949405,6.981319824505857,4.261534458194588,67.13560361386119,59.130204134295795,0.13990089081518386,0.08441423084792501,0.2278692061915909,0.46393857874003763,0.12009611535381534,-0.23606937254844673,0.10398752920759746,0.6018711449620525,0.6739578005263809,0.08247860988423224,-0.07208665556432836,0.3871177946820461,0.6834170854271356,12.528947869236255,1.9946628070016736,3.3480518669073986,5.729984073304401,,,,,93.30119880119881,0.5228571428571429,0.7040000000000001,2.778832802290569,0.3890011358036241,36.5917800503477,5.7929681937170505,851.4074710856563,199.57923433734953,1650.6919159005822,244.1314213831207,2882.9786667763383,260.00679014224056,1015.785597845341,0.18823629773025755,0.10928336583861122,-0.8268463656191201,8.771909721746681,1,BBT
1_5627,228.14858301302323,145.14459885521188,473.3936714464704,0.0316874395167732,0.14662750644179345,1.5233766500211103,0.2636103151862464,0.020773003279005886,0.09857983357794026,6.696411263746915,12.55422987300435,104.12935345621541,155.52370671801606,0.1565335795526209,0.07318409770582755,0.2602738773056441,0.44329333247503805,0.2929430027102191,-0.18301945516939394,0.13728757262553848,0.7270096172117957,0.5269581907118286,0.5883484054145519,0.2000514264999671,0.3072567445699156,0.7707736389684814,9.22197594157117,3.704397720370634,2.0407616815730436,2.5394098927692994,3.947960149126793,3.947960149126793,0.4274305061966116,1.0,70.19255208728893,0.30400000000000005,0.36363636363636365,2.4819539787029035,0.9747155084986604,43.66126480447746,7.684319319962399,880.9626576818387,330.4816094554182,1723.6996624641029,409.7232371088166,2956.308369826067,323.61867177741885,1037.6728560721142,0.15488407013758285,0.0708865453419696,3.313521798229573,11.894358145975872,1,BBT
1_5679,140.11610081583433,16.86231580584266,85.85433291776889,0.02389214767961005,0.13250323222688962,4.140446834035184,0.5094760312151616,0.003206770674462078,0.0748256841659903,6.997919489796432,7.135448337056378,84.34009407087488,97.94277997003927,0.1267399183465834,0.05826800527191829,0.34142180501303077,0.44930753916810184,0.05964910240788887,-0.10788573415507108,0.16607977695507692,0.18951517774629414,0.3382807258473851,0.07963978098028486,-0.14876554810109097,0.2758385989446105,0.5746102449888641,10.83455846919921,4.443123485585036,-0.2397591225628578,-2.970418123883057,0.7985105187937563,0.8289461966364337,0.6664685228377554,0.7219280948873623,95.66929082570059,0.24916666666666662,0.5488888888888889,3.212525500640074,0.429380907535211,33.810370829208786,1.4022171556082892,860.3594060602285,344.3736823563858,1809.0324138837752,518.037608938005,2967.301805298454,393.5107874865602,1053.4711996191127,0.1642060455258582,0.06095541514444885,6.475199438837658,9.256883337105737,1,BBT
1_5699,191.27538084892072,71.7204005666969,518.3157684783474,0.022576291721260976,0.1396227603165469,4.222020606145664,0.5562403697996918,0.003064041040288376,0.08830785722286848,7.453893442622951,5.097590793135314,87.6642096787734,108.78292750252518,0.12299354300955825,0.06423999523574186,0.44003087162546956,0.41160257138438827,0.10019286421003269,0.028428300241081284,0.026247868686782416,0.662363313038176,0.5574841859454176,0.34554737023254406,0.10487912709275837,0.1910019816696844,0.5053929121725732,17.521284230716667,5.993852459016393,-0.43205261748245627,-17.43105997179569,3.0575528520179973,4.19757427981011,0.6147540983606558,0.863120568566631,70.3783645190135,0.22896551724137934,0.548,3.390899852746074,0.4298477708796042,36.72428976219598,3.387611602320128,861.4318931142296,352.25875035226494,1847.6299856935707,482.2909594530953,3008.3036750715796,366.11607823044704,1073.435890978675,0.16468740173761567,0.07264212488989003,0.10238481831557843,10.784006085578163,1,BBT
1_5751,393.365552064817,118.57869681315042,512.9651568908201,0.027851800533821806,0.1606601354288518,3.58950125980821,0.49498327759197325,0.004554995676026298,0.15292610424181005,7.480041913865499,7.851977180197244,65.28222428335849,129.2816082797674,0.12037864440022095,0.06722340415444295,0.4784521787157086,0.6500611538423795,0.13807289662841943,-0.1716089751266709,0.05260065203158448,0.6979605290558744,0.7724453344494799,0.06311944030978027,-0.07448480539360558,0.21277225129268207,0.5585284280936454,37.93785085541593,6.31647983837531,-0.8950264631806554,-25.701739839949944,5.245689622205301,5.245689622205301,0.4986694609243666,1.0,88.59282992012169,0.12588235294117647,0.22000000000000003,3.602431109470969,0.3188341420709703,28.510510663400535,6.280455383839274,879.4481020529448,258.94830232074406,1802.3946002585224,420.8574570496871,3092.31097724325,302.7502589627857,1106.4314375951526,0.14649352603334506,0.046880871223781095,-6.164064403202231,22.063822624016954,0,BBT
1_5758,256.94510988796026,86.25228133453679,304.58986940281363,0.015723187280717917,0.11250688251621248,3.7632644271705153,0.4414715719063545,,,7.147595606582588,4.319976260523327,30.20162251445612,41.31755334662836,0.09106988820086,0.05461683793447728,0.3275799893364066,0.49603132200724304,0.5657685643979661,-0.16845133267083645,0.04473756330727585,0.6516571306026382,0.5915845251599343,0.27472112789737807,0.060072605442703875,0.40810312675222893,0.5886287625418061,13.646042116583311,4.155578841036388,1.4556959676262353,-2.9030830124186675,10.90965362469211,12.564358109794473,0.6648926145658222,0.9182958340544896,117.28072969608515,0.38727272727272727,0.9650000000000001,2.6315514363405836,0.3896124510355691,30.806249536213652,2.846350708467644,755.0605278850676,250.97620809054047,1741.4801285103702,415.6726540829254,2958.5316961822105,308.108332409709,1101.7355841485712,0.16826623509944957,0.06457615664539783,6.495433803002379,9.846890797124459,1,BBT
1_5786,160.80939257757495,61.20428689905659,488.16309631473,0.021723442813223814,0.13522437002484453,4.730337767007122,0.520694259012016,0.02615428716374527,0.16284489923665788,6.125702828223045,8.12376352020095,68.89343694253239,89.412756940532,0.14366641281212483,0.06955652546105315,0.4256970210586943,0.3360803860784272,0.10314212462587946,0.08961663498026706,0.019472265288451474,0.7701736473216233,0.6352556426571956,0.24702463563420501,0.13491800466442772,0.06045991689447405,0.520694259012016,19.71658215194891,4.79402830034847,-0.35861973718083806,-1.2919531682861916,5.18581384939411,6.6320647986968355,0.5992535375435587,1.0,102.12415208220219,0.15363636363636363,0.23789473684210533,3.2004203588648252,0.6508603081636076,42.03398728407203,4.532884294905899,764.0822588937841,322.10111479536516,1733.930233189954,393.94767272801516,2798.8963821831676,338.35189042591213,1017.4070616446918,0.14357308253952808,0.05643422363532148,-2.783241865215923,10.508539206193946,0,BBT
1_5880,188.33862758291093,25.59100008359316,86.74408849111725,0.020152900531293344,0.12116505800012022,2.520548945094287,0.2964824120603015,,,7.230652675381067,7.55958457019403,44.56403358159929,54.25684073532777,0.10364107230147065,0.05028672626598219,0.4723340365213792,0.48014051909679323,0.2242944676392005,-0.007806482575414053,0.17939681399546392,0.6844726949095995,0.6841911750312885,0.30151134457776363,0.00028151987831104286,1.0,0.7085427135678392,13.31513285231118,3.4906599122529287,-5.125689307688854,-9.001056935393283,,,,,85.27084886218013,0.2975,0.5133333333333333,3.6477116075189713,0.7644539794681505,32.18972176588646,1.0962999694399453,841.6807880138604,268.8864490995777,1721.8650663365408,361.99388536119625,2951.7020068712136,336.6510015707072,1055.0106094286766,0.16455468003376286,0.06395298627927692,7.587749520886759,8.530225325861462,1,BBT
1_5919,149.92749761671777,31.666362654256574,158.51829833822922,0.024526190068555793,0.13506543050832007,4.762541317517859,0.5658720200752823,,,7.125,7.8200309306533775,36.689716656748914,46.33501755801603,0.13424130589783928,0.06061682806369742,0.49642540154677356,0.34833254839371425,0.04214497519610897,0.1480928531530593,0.06268891303117485,0.8409018018220199,0.6908071556301852,0.0,0.15009464619183466,0.2284557173491295,0.48120300751879697,14.69083357621319,5.625,-1.1215053260667587,-7.9358483390815024,7.4428428971132545,7.019508728162961,0.5,0.9182958340544896,80.62952023201878,0.18375,0.515,3.0748634152725316,0.318093479652926,36.01123076797608,2.7115644066838596,895.3947188130155,379.7859840769658,1869.2882872806754,514.972370352416,3050.7450989906297,363.0179775028624,1077.6751900888069,0.14388124136573316,0.05816701491272916,2.8885599147797216,8.835939177275938,0,BBT
1_5953,115.31232766591748,51.20269530915634,399.44712607705344,0.023450056944991846,0.13103623863935165,5.355646225814602,0.5845272206303725,,,6.981364934544656,8.681670104940547,67.96616550061873,67.21000597249902,0.14986359347608194,0.06499855814393864,0.3219212205410509,0.35870713397756715,0.07326986028083748,-0.03678591343651627,0.08957545018532254,0.288297764676023,0.43920699723860485,0.20203050891044216,-0.15090923256258182,0.3307050018333434,0.4355300859598854,19.22065050961722,4.1318282265672455,-0.2551350565354132,9.734596444551208,1.4221982058536025,1.4221982058536025,0.4274305061966116,1.0,96.83941232047417,0.12705882352941178,0.15555555555555556,3.914087921407526,0.3098866440398806,33.35958039269042,5.52028055739275,840.0144693934556,402.8322588998115,1849.0242031308485,527.4087362356534,3037.3302386453925,371.0219585437272,1098.6578846259683,0.11729123216215086,0.03228868517845314,1.0167688408026565,5.682651885354019,0,BBT
1_5964,178.89263081250914,107.25584934134972,498.9603357579732,0.055055594078979433,0.18337183112284577,1.5916495335807734,0.16834170854271358,,,7.230652675381067,3.9022877232447444,73.48323888980377,62.505485772594554,0.26825033782606594,0.31047789068133513,0.4834546549365084,0.6122475488037376,0.1788854381999832,-0.12879289386722914,0.06671144032897258,0.6934540893056764,0.5086667165164657,0.5303300858899107,0.18478737278921076,0.39869969022104557,0.8492462311557789,6.019979495106706,0.7479985526256276,-0.7182244488202334,14.71032596283117,,,,,63.369963369963365,0.1342857142857143,0.09818181818181819,3.0188863898715668,0.3681787005729086,29.071687198038976,8.292904202241065,919.7506866660467,363.3983380903453,2056.6116278183176,567.1166750422575,3212.154883946482,401.13910750674853,1146.2020986402176,0.09813095230774008,0.0240113713428519,5.267674375843688,8.164714382003508,1,BBT
1_6020,212.28804027558044,39.464767856392605,327.1782744024364,0.02101119818888565,0.13098988402447717,2.6873156351916068,0.41294439380127623,0.01225612308082006,0.11841151051917871,6.904052701182811,5.780748120028853,36.08697367817118,45.80020793968526,0.11561654043037474,0.05982324632381594,0.373569061987644,0.5009626498088332,0.36910190669980797,-0.1273935878211892,0.07991136184998726,0.6202189366698683,0.7266227553338641,0.12777531299998798,-0.10640381866399584,0.128727658394875,0.6575591985428051,9.889057721079086,3.997083142790048,-0.24727297226018613,5.339855787407723,1.6151836398421457,2.35636793181555,1.0901135843972858,0.9940302114769565,65.9856032145496,0.3669565217391304,0.7511111111111111,2.086106776900699,0.4246979331737693,34.721262264276994,2.403991163579909,864.9535093205316,234.07620772294572,1605.793491917769,313.6959510741085,2822.331635388856,233.54627783476985,978.689063034162,0.18848451742748823,0.08972853182428032,-2.6063305975186055,8.239267776100183,1,BBT
1_6032,186.62567552182838,63.34160897087256,297.07962620683696,0.020213260267588493,0.09834277259865531,7.138321938758867,0.6204819277108434,0.0037131730768442056,0.09947138859106747,6.183510638297872,7.027759928276054,45.12431709716923,46.610882236386495,0.1095226380131961,0.059160274271390985,0.35507263749350304,0.47845491138368473,0.15851065623706043,-0.12338227389018169,0.031744548073924905,0.3705501330877745,0.4704727326075068,0.5494422557947561,-0.09992259951973231,0.23194890165938964,0.42168674698795183,25.89922613015381,4.388297872340425,-1.2012559698237584,-0.8638233693317954,,,,,41.272286407074596,0.09833333333333334,0.0975,4.959925081527439,0.3513513513513513,39.169578266542196,4.94545617461778,754.6836603792825,373.45797931074577,1914.624963331547,522.9990616286173,2951.793045046976,463.1106765876327,1098.554692333847,0.16470348013882485,0.06521771662978078,-0.29217520429125615,7.971764026819431,1,BBT
1_6039,331.06365227544126,73.40095993989331,380.4119026911085,0.019702964659969607,0.11610452290654873,5.562802329246093,0.4678714859437751,,,6.781914893617021,10.643677467047977,8.716915179470048,10.54124258909302,0.08449228515959653,0.06358980429415413,0.24566411864971846,0.48864264979982747,0.025923792368260656,-0.242978531150109,0.0895390291920144,0.5213834276595791,0.6183012343536077,0.19911699347999154,-0.09691780669402861,0.3900342484837305,0.5622489959839357,11.457078582264375,5.1861702127659575,-0.7102329691912451,8.474378480214234,2.677754587426167,2.677754587426167,0.5984042553191489,1.0,76.2774025862538,0.26666666666666666,0.245,2.4995201135210863,0.6589373957474484,36.51828440626097,2.2982955110384604,879.3155345546035,241.12340556210088,1658.9246215758264,365.89790921590736,2941.7364888290185,318.94090430373524,1031.2104771372076,0.18327666895914338,0.07396503781047664,0.3611643814470513,10.774484336479654,0,BBT
1_6065,189.68789772300744,44.890915044188546,342.86057465114607,0.021176576396167098,0.12963985713275666,5.708830900392384,0.6220735785953178,0.01690468990853531,0.08434445555111052,6.442529054098302,6.921408344487876,26.304562948728464,32.39328062398668,0.10893284246373874,0.05730488230808885,0.18784452067856783,0.3903767678114226,0.04530284241467153,-0.20253224713285478,0.09838708302131716,0.41243093352712984,0.6867471376917162,0.21055872190307892,-0.2743162041645864,0.28303772437302976,0.44097995545657015,14.859013080071733,5.664982444120921,-0.38970079529259516,-1.943779702757203,2.538283549354275,3.282092760639558,1.110780871396259,0.9910760598382222,92.90166990483216,0.10857142857142858,0.13818181818181818,3.1318460127010175,0.49871517415559086,36.995229109135714,2.2037203277939788,830.9488488615287,341.8129283390687,1689.149532570017,454.6903553676914,2895.36227149754,386.53091078741465,1032.2067113180055,0.19671905547774055,0.08876959489113534,-2.942461275118828,8.071702700129244,1,BBT
1_6092,204.22781327826215,83.15633043076078,406.8614624785218,0.02153241829700076,0.1410782063657039,3.2904994907415452,0.4069119286510591,0.02777318594740096,0.23233279465486592,6.442529054098302,6.821047928053381,35.49359740405599,51.17648955098705,0.12283246535758129,0.08208849221714301,0.41948385141506156,0.357675240813247,0.403283755762566,0.061808610601814584,0.02866478559699881,0.6976669963160436,0.5323991050705625,0.4610624863857408,0.16526789124548102,0.2700401382008881,0.6302895322939867,10.62218738273938,5.442826269841669,0.9929862818991156,16.45279689366393,10.494899312634482,14.020903011428064,0.7775466099773813,1.0,101.73955728207926,0.7272727272727272,1.52,1.9199454917830665,0.7198306761585657,44.917818992741864,3.43979543773099,777.5807073914334,236.8862201470127,1630.0989722488305,292.9598710970405,2885.9441041000714,266.10370988247274,1054.181698354319,0.1665347654627246,0.07540222938777523,-1.0222293490217524,9.819382607357303,0,BBT
1_6113,170.3602307340437,66.89793170495658,392.8363626121827,0.022052541332369436,0.11259247074694008,6.7657657189575575,0.5953177257525084,,,6.442529054098302,7.100122890943456,22.309964644458976,23.271371822345703,0.11469918406672044,0.08578571406366003,0.3683641293252479,0.41357607196620844,0.17472004497596824,-0.04521194264096051,0.024173766507206484,0.3347856386485857,0.43245249430235094,0.29623860840448496,-0.09766685565376526,0.21867153289410857,0.4610244988864143,18.932010958969077,4.33204539844541,1.2429234902129462,-6.796439228967592,3.502932079833569,4.044986818944891,0.6664685228377554,0.9709505944546686,89.83145634939716,0.09440000000000001,0.11333333333333333,2.686683919001651,0.53266912244737,48.37956910028517,3.278006211723082,686.1171539237499,380.5347195638873,1737.6046125591795,484.15693850811596,2897.8843908584554,428.67228794849734,1105.8836184673528,0.15700449890030818,0.06327925399379018,-4.557008856607069,9.235116157462013,0,BBT
1_6134,147.79065723956737,43.396087168252066,314.37317999664856,0.03179286335172966,0.1261942736908918,5.647846823549636,0.5501672240802675,0.043049043274149094,0.09088849511589857,6.482702992016765,7.1176107210235795,33.88912977173837,32.5616561462095,0.1325201160548438,0.06442235261412307,0.20669663465424554,0.26062915593096386,0.16063329119168665,-0.053932521276718326,0.06218619214920673,0.5157672980388972,0.6521231565297055,0.3580574370197164,-0.13635585849080833,0.42570838888355245,0.4882943143812709,24.28543687270707,7.147595606582588,-0.7091452700478662,-15.941186011800879,,,,,123.56856744787778,0.28250000000000003,0.48500000000000004,2.697761066840297,0.5218168971653692,39.14600501844735,1.8707944283783333,706.133278039014,320.11463528476867,1628.7040488198004,419.7600345644511,2913.4499584134887,339.2644353839774,1103.6583401872372,0.1324889175062907,0.04316310975635383,-3.457418570663316,6.067223257221371,1,BBT
1_6165,182.73459937826206,45.717211414653384,374.442014272698,0.02621729234607341,0.1563196466479788,4.931714255486451,0.7177650429799427,0.002995896248253945,0.12895498479398987,7.266318605342397,4.294389796340115,52.290490025525784,48.64846460653812,0.14166933214620245,0.06976355520329088,0.24544669247782144,0.2378633444664607,0.137189410257616,0.0075833480113607354,0.08712261208623162,0.1825268376719425,0.38450254647491405,0.02100265700417717,-0.20197570880297155,0.16744437967864634,0.4383954154727794,18.897430230166233,8.406133288533361,-0.3709448134008724,-0.8189014110611339,1.8387294611634597,2.1360666450252372,1.2822915185898347,0.8112781244591328,95.26075403706454,0.06857142857142857,0.08,3.157752759028637,0.42437908381290956,34.20589840720314,2.8145766393957032,746.6610652179113,318.57452802065325,1692.4103617200049,378.574134309688,2846.953265530236,351.8805392754647,1050.1461001561622,0.18478102489447704,0.08967861050914314,-6.4239451819285005,10.774612553183632,1,BBT
1_6183,202.4495297086299,22.74399579675821,101.67925001446753,0.029431616268206593,0.1578998057123464,2.1596896409150212,0.2638190954773869,,,5.235989868379393,14.445930589993685,34.82409886342262,50.98101047141527,0.12244447297658963,0.06050868012478604,0.4706411470894263,0.6660295278134604,0.10033500931359772,-0.19538838072403408,0.3230670921563711,0.6844726949095995,0.6841911750312885,0.3015113445777636,0.00028151987831104286,1.0,0.7638190954773869,6.632038961984457,3.739992763128138,-0.8422592958729332,2.077941653421073,2.3491667789820294,2.3491667789820294,0.7479985526256276,1.0,80.2627717753768,0.36000000000000004,1.2400000000000002,3.6074002673441994,1.3408008197095131,43.34720525731098,1.6112313403018181,928.7103787308398,400.2213456987041,1906.5402146518124,490.76414038261476,3023.896987114902,376.5111731342059,1047.593304192031,0.1602503384485846,0.08267912696159192,-13.21416113533578,6.717201544940742,0,BBT
1_6188,209.41059947877127,49.71630330646596,349.6578688046378,0.021150839357553543,0.1203116600789895,3.9418553413765736,0.4396984924623116,0.0023508215521901034,0.11318150632615231,6.23332127188023,5.2215754538061425,32.20930113586634,37.56851072377176,0.11091868495616937,0.06965541083189374,0.6750925306670498,0.5398081298878595,0.0363937262623419,0.13528440077919024,0.1752924080922842,0.6781138337089361,0.5647995779827061,0.028182994438777045,0.11331425572623,0.2663631071552983,0.7185929648241206,8.5304838387056,2.7426613596273013,-4.175751653092666,3.36368337079079,2.6695909405606812,2.744500698207288,1.4959971052512553,-0.0,108.21047381078692,0.21999999999999997,0.4533333333333333,3.062056941051283,0.33699637294507945,25.08928647737363,3.094112375774685,812.8014237456939,196.6903024576369,1635.0172154624072,266.77256464141885,2838.88909056406,280.6107127966514,1013.0438334091833,0.219727850982593,0.10124772991740137,-3.7935699088606114,12.480181588795656,1,BBT
1_6211,325.754544493426,114.53391073816042,451.5496532637266,0.022587938162876315,0.1576001460721604,3.8204814122706607,0.568561872909699,0.007944881322513489,0.2812175238417801,6.648926145658221,4.962872453668492,34.42825007003098,35.39734196109864,0.12056083292098131,0.09600279126886138,0.3505550464761968,0.3993375855118044,0.053026712040771584,-0.04878253903560764,0.06831424540519526,0.45397807400402995,0.6255353218769726,0.16903085094570333,-0.17155724787294263,0.3175830028406472,0.47491638795986624,19.27392967005687,4.488025148319299,0.6683613929125464,-15.829257161227785,19.76108663749401,0.0,0.3324463072829111,-0.0,85.38563219014345,0.11263157894736843,0.13,1.9307485579934631,0.4947308013002051,35.32091867118366,4.905209816063656,930.1317044383768,353.2869192776584,1796.2024679201293,471.4145713532153,2986.225817460038,366.33165821999336,1028.0470565108308,0.16193694620663565,0.06985952025413168,2.7220757540304628,14.133294672639874,0,BBT
1_6221,320.2093229803921,61.23019031474566,362.13530183798423,0.017951035339405688,0.10157652890972478,9.597723692279434,0.6005025125628141,0.0038882931650555596,0.09277760897144587,6.731986973630649,7.547240698440042,20.073797143332754,37.26252047874827,0.07703454756836789,0.05779325968657241,0.4070469204924219,0.4930373828221,0.20795009796401456,-0.08599046232967811,0.15067148369663375,0.6953023790245314,0.5709709101282772,0.41812100500354543,0.12433146889625424,0.46409885843936005,0.46733668341708545,13.824887032146206,6.981319824505857,1.9327092668075874,1.6713418216528968,1.9976911106353246,2.432903544303694,0.9973314035008368,0.9182958340544896,90.02973513243377,0.18222222222222223,0.17500000000000002,4.42870295462369,0.4610473257689264,46.11905492810752,2.622663751964012,881.5727065669842,381.52325874403476,1964.8766725708542,456.93013745671857,3082.6099820605764,427.0627370437053,1100.5186377467962,0.22982784259899472,0.11286828634235407,14.812285324118745,11.168171705325763,1,BBT
1_6355,196.86387676735106,85.69859092942754,505.09161282204286,0.020265896539634932,0.15001788600274005,3.007500942467002,0.4211485870556062,0.012055407154720043,0.12264705151987866,7.176581097282131,4.829121095035869,39.03733074345612,59.830415311979515,0.18599384328426827,0.2781020353453232,0.2801827365748204,0.41223186057144545,0.11537394890755218,-0.13204912399662505,0.06588822426888097,0.4408060068280315,0.3347788012632946,0.11378338965675731,0.10602720556473688,0.1537751233454654,0.6593806921675774,11.451525658808535,3.997083142790048,0.185970812283021,-10.998708568115354,2.7073057287179503,4.201855798266236,0.7267423895981906,0.9852281360342515,100.65942571497644,0.18606060606060607,0.2094736842105263,3.9268317204374363,0.3450381838543959,34.27389873577853,3.662074493461867,959.0068648030604,381.4607054195336,1932.0443118887865,588.1640401101787,3121.1871083571914,346.94869364997373,1081.0901217770652,0.15511395687772705,0.06167574383097539,-2.301368628815504,10.90867284011074,1,BBT
1_6370,230.72061012284337,112.97934114396365,467.17433935607824,0.02187285291270753,0.11584946496336909,6.61147460708685,0.6243032329988851,0.0034523181410922813,0.03632955420225136,7.442231838354935,6.518697754446017,36.067923244214875,57.750599650420085,0.1122628781479307,0.06438979390677263,0.3247821741758181,0.26953603363320394,0.012215121419215717,0.055246140542614175,0.067803555983038,0.46044095622345255,0.3804429636510296,0.09407208683835974,0.07999799257242296,0.16872452315769448,0.44320712694877507,19.9076464585271,5.442826269841669,-0.10719007861970554,8.687781963584492,9.79071650580661,13.505913960469549,0.6664685228377554,0.9709505944546686,93.31740677565527,0.09785714285714286,0.11692307692307692,3.3178557762495946,0.4115625466721799,34.57538116231406,5.840574895234388,848.4132747023947,472.62104872683017,1944.724439329933,571.2811635147167,3030.2623965471444,390.25989092986987,1090.924560922375,0.16601750098520865,0.07745931822986914,-0.8961589559132185,12.032188352811538,1,BBT
1_6426,145.6488752571553,17.864645386020953,82.01181028609905,0.019021471772973156,0.1089486509891611,4.689528812983423,0.4916387959866221,0.003708585508126792,0.028288779096452523,6.482702992016765,9.022485905964535,44.116134361116515,46.945160246657856,0.1300387839898935,0.0540588666681847,0.34102605159689464,0.5249069422898851,0.08892644483971038,-0.18388089069299046,0.1984160712452705,0.6827972250090719,0.6619490811625874,0.17386703560518024,0.02084814384648448,0.3330854377483461,0.5585284280936454,11.423298766192739,4.820471455602211,-0.09148270846020383,17.683717575749746,2.564113315993879,2.777497941539319,0.8311157682072776,0.8112781244591328,64.97760684167481,0.1325,0.16,2.9693791992011294,0.37707568761672844,47.07236792561804,2.307176333899083,844.2340204498289,340.5201096408971,1794.0104638502396,547.7827907443569,3002.753178973036,373.9847143428073,1079.2595792616034,0.15468234488917074,0.049790556735552424,-12.791047097905436,7.709897236988027,1,BBT
1_6427,217.03178946175208,48.24749142720504,384.94258275747876,0.01870096612011564,0.09165838028805169,5.920473509199676,0.4682274247491639,0.002148993691966011,0.05420967671806011,5.6515872238094875,11.396173400377727,26.300600464824978,43.93625081424045,0.10514734415113386,0.062949335150534,0.17227674336738583,0.4144449406600523,0.144244847067309,-0.24216819729266645,0.15223991501692336,0.21200728543827888,0.30617203077531563,0.09184151623839404,-0.09416474533703675,0.33399545712632606,0.5953177257525084,13.015585531424406,5.319140916526577,-0.04532704733108289,17.81964836425702,1.7838734216067635,1.8930633594212842,0.6648926145658222,0.9182958340544896,125.05632034000153,0.248,0.2914285714285714,4.127804877749086,0.9722652251429588,39.83778599359206,4.634659845736579,837.3090084514823,242.03383277363875,1674.7242247032234,367.7928746458992,2895.952216729187,310.599854595938,1029.3216041388523,0.2175279059283843,0.10375140103595379,-1.094129301036239,12.546261648687848,1,BBT
1_6428,124.72141636178958,36.50066432320727,222.47982981700983,0.019974715004136737,0.13450612037586307,1.0803676405494749,0.29264214046822745,,,6.648926145658221,6.273773821875542,108.13544357632294,82.15563196247214,0.14879601786413604,0.0648768577615901,0.18584495831043896,0.28178593994283274,0.04759207562729489,-0.09594098163239378,0.1962219324552974,0.592991460164383,0.5018505553071917,0.17586311452816475,0.09114090485719128,0.537584360736991,0.7357859531772575,7.109171925249923,2.8257936119047438,1.4695229205530251,12.264053738201856,,,,,83.57184482184483,0.348,0.405,2.3060392144143362,0.586184977709943,39.08664934574735,2.3257962324592842,780.1398775381506,220.28271199347395,1621.550295331935,338.2014268477438,2872.6567291278093,347.63247711103617,1046.2584257948292,0.1290448181912031,0.030185737098978475,-7.958162237397795,7.413890274048287,1,BBT
1_6472,111.68679085750445,12.069552383600024,50.706325692512195,0.03122326896363823,0.15569193880854604,0.9726837075757877,0.24371859296482412,,,7.479985526256276,7.275340887524738,39.86882534640836,47.252683451968366,0.1456469385784959,0.06704903868233132,0.1479145311347423,0.20081080044386385,0.20740410577134807,-0.05289626930912156,0.17146152542312654,0.27792889353728245,0.3017030979927767,0.44721359549995787,-0.023774204455494274,0.3026426358721753,0.7738693467336684,7.849492226590955,2.2439956578768827,-0.9054060143112556,-5.716946897627256,,,,,65.77633477633478,0.23090909090909092,1.05,2.1670296001384313,0.31537085501560513,30.4392710012321,1.781581526032638,776.5104459891218,271.3476640048578,1601.2494645461788,319.8819779656019,2915.1268525989567,270.5346575442499,1069.3082033049177,0.11519545277971675,0.03313150403847726,-6.9746956005717555,8.265468212126782,1,BBT
1_6504,143.07644760671033,52.986795782519394,356.2617028964687,0.027376261328054027,0.13987155509467256,4.539776866467121,0.496661101836394,0.04447927550811896,0.17306665858483888,6.577466809648235,6.591183082844632,43.17061928107199,61.47259984277198,0.13110213828113101,0.06422221291015759,0.45344918019060537,0.3867624652046654,0.0708288246974829,0.06668671498593998,0.01754925359619286,0.37444428105264643,0.5360405526924376,0.030275242098833637,-0.16159627163979112,0.19930419238772856,0.5575959933222037,14.393823055951646,4.579249044691809,0.10108775900639497,10.959961033453595,4.355267231759311,6.239766315857401,0.7493316618586596,0.954434002924965,70.11635394025733,0.19499999999999998,0.16526315789473686,2.9952875674737944,0.4729992901301191,37.121169815545805,4.190437215934514,715.7841945998172,350.7813654617868,1730.300298734311,493.2933638660406,2905.27487865624,358.13151283788545,1094.7453420282116,0.13240711904080105,0.04399958491333173,-4.566967521734463,10.431096304293748,1,BBT
1_6534,184.85200175481688,75.10199565607502,353.61787254785634,0.022625881104505585,0.13703571315718444,6.16299324991253,0.608433734939759,0.007796034249134869,0.09130387089626535,6.981382978723404,5.763148841607721,47.951453158516635,64.65393174455127,0.11811342392049931,0.06398910618774369,0.30152002144828677,0.42011210754540385,0.13807289662841948,-0.11859208609711708,0.056581829797376804,0.5190078030191557,0.6262399884618362,0.13608276348795437,-0.10723218544268043,0.30642496227060434,0.4899598393574297,24.893183165645045,3.9893617021276593,-1.1296839872594246,-11.055035499048744,1.9405556894701186,2.0238043959772005,1.1968085106382977,0.7219280948873623,135.759539699846,0.15666666666666665,0.31,2.83021178094218,0.3316386756981251,38.37354648794146,5.44099103141736,701.945930351877,284.7359914804882,1590.7991335380746,423.00384288705874,2811.8514404442262,290.62666298411716,1054.9527550461744,0.16120155898438096,0.07639871704405547,-2.544873304368445,10.978979590524307,0,BBT
1_6627,148.47203644526942,62.362518020791526,397.38117920461235,0.029204230187392464,0.15316235344161647,1.186164056752483,0.29512893982808025,,,6.411457592949174,6.464463861831888,71.65308830941667,70.30210622844285,0.16946821757625055,0.0756062320152653,0.5207523246248749,0.6321815371571445,2.6638597370861938e-17,-0.11142921253226967,0.0476607915877425,0.5836912221125841,0.6409410494570775,0.137360563948689,-0.057249827344493465,0.40810312675222893,0.7134670487106017,13.175446248155938,3.1344903787751517,1.5760377795685607,8.814220323069033,5.962349542641428,0.9016972100347136,0.4274305061966116,-0.0,69.39934865425062,0.3288888888888889,0.4511111111111112,2.101146705067244,0.5701027510689681,47.47821325095771,3.649149826736057,720.0275651900184,240.46442046081307,1729.6996946578627,266.1086330694564,2890.1493539527655,236.81758243606137,1085.0608943813736,0.13036928331733225,0.04936177643291426,-6.320937582736518,10.817550897987536,0,BBT
1_6645,174.68077373948552,133.7265916584056,436.43478823429894,0.029187459968806076,0.17012034413215507,3.3721859890077233,0.4054441260744986,0.0024177300284231678,0.10029204696124959,5.984027086752562,10.895778440924117,86.45135445136242,101.49763695283548,0.1675000451637697,0.06687015495568346,0.2961030519712118,0.4736550050773774,0.021476838979377914,-0.17755195310616562,0.08773535475705885,0.45638638374119334,0.7484884564940845,0.356034497458156,-0.29210207275289113,0.13485601167544314,0.6389684813753582,12.161936479494916,5.271642909758209,-1.2747833583677406,-21.009272402747396,14.793483840641548,16.487734424537184,0.5699073415954821,0.9182958340544896,83.19570935757233,0.15760000000000002,0.14875,4.226945142250738,0.6794859882030235,51.37235964335191,7.220028911475933,776.7821362626322,326.41377635059945,1793.5961661934198,467.43880239098286,2873.221004727466,340.07573726979126,1048.2194342324171,0.12388959702215639,0.04039717889621382,-7.460608819546465,13.718756160609738,0,BBT
1_6648,153.2806772955455,92.70794524050105,488.20018354456903,0.022211840790909432,0.11781278960473118,5.082758026681008,0.4866220735785953,,,6.150256684733854,7.995963087778094,65.14831665318731,76.14025931356012,0.16668762326651568,0.1477865636608496,0.19836855470050083,0.3377394615495442,0.07197849294615304,-0.13937090684904338,0.21375988921689681,0.32610549406205164,0.38171976626712895,0.0,-0.05561427220507731,0.3983815314628316,0.5752508361204013,12.661011454537585,4.155578841036388,-0.22143192367080516,-16.87314034794926,1.560238655131931,1.560238655131931,0.4986694609243666,1.0,82.83017325745631,0.09636363636363637,0.10444444444444444,3.348421377333258,0.4738035414793429,45.14190651674965,2.856688324557605,692.7974235903142,315.5731666759907,1804.8320705057197,457.3232557271898,2861.2134677741087,419.67298372069945,1084.2080220918972,0.12905408890987494,0.04369164422081185,-5.940465389139885,9.790123439139414,1,BBT
1_6683,131.1701591845289,39.16607432331646,297.4115189154253,0.024073950136542007,0.11025590712143778,4.6432272298341495,0.4899665551839465,0.0037215540791151786,0.06531743562365126,6.31647983837531,6.800928174246138,89.44826523682768,68.6235925506615,0.12870259741433338,0.05033423389413918,0.11176728559312873,0.2533459747690533,0.041830387009210566,-0.14157868917592456,0.09169103287407043,0.1998671080982129,0.25822998052160556,0.23214696976024102,-0.058362872423392664,0.2978443143892404,0.5919732441471572,12.755138497061733,3.823132533753477,-0.043941198774621784,20.367996041904934,2.724210909663597,0.0,0.3324463072829111,-0.0,120.77578379978706,0.10375000000000001,0.10600000000000001,3.094261610587985,0.44141398356819017,40.996081882681665,4.029852896136777,835.9347132737923,310.1303289883978,1824.603858712812,428.888128620943,2899.2564807952813,360.47193961686,1031.6608837607441,0.15685918124020404,0.06306056661331862,-12.695516945642497,8.829351846603608,1,BBT
1_6766,218.73550858489662,50.19095449497764,382.963111477476,0.017802191290165845,0.1287146729413917,7.11403404208147,0.6506024096385542,0.006208778616439897,0.07691137642631238,6.382978723404255,8.445916582591268,47.020126976506035,63.648542214342775,0.10518347823061562,0.05867685558851066,0.3290537414430557,0.3517977133820076,0.2433759172811639,-0.02274397193895189,0.12039143103111682,0.5435762765928962,0.5638861918091523,0.4241775107045579,-0.020309915216256136,0.4688298626260947,0.46586345381526106,20.64186100872612,6.382978723404255,0.4564101222167635,4.75323955294407,2.003770332079443,2.282752628639525,1.1968085106382977,0.9709505944546686,74.18929463657031,0.14,0.18285714285714286,3.1825317607383963,0.44611142743388493,37.53848160271621,1.8508324119312856,834.7762501710764,395.22567286782487,1844.1616187683296,508.1563249479566,2980.568641364135,346.0735676914389,1072.8961955965297,0.2137711288038024,0.09451427906963045,0.29398679395502353,13.601298260839139,0,BBT
1_6769,175.44229578849715,59.299411910402895,374.9185620055363,0.022418838502271946,0.14129448030625857,6.276456802040653,0.4355300859598854,0.004714367615440872,0.07303794101296439,5.41411974515708,15.349553501890309,39.73166529442685,59.75951181322533,0.1349073933688344,0.06930925766822085,0.36075593194248845,0.4497017946516845,0.14419730509230952,-0.08894586270919608,0.11177241851532982,0.5531852626727926,0.803643146415414,0.17914359097500462,-0.25045788374262146,0.39000516905737537,0.5988538681948424,12.109374842620033,4.416781897364986,0.1567500820332306,-5.0341220473850345,1.141917748733034,1.1026201347297384,0.4274305061966116,-0.0,62.20751193738956,0.14521739130434783,0.18166666666666667,5.612076963504429,0.7332781702737372,48.36204114156597,3.1576075388618987,897.5462459763319,417.55887498651686,2014.2268494751293,614.9210861509792,3088.6643196882887,499.46561351821856,1095.5590368559783,0.15212802944832937,0.062244573534184,-6.683028011560401,8.814884301900726,1,BBT
1_6835,285.32665228506266,103.1915598936035,438.5054768962925,0.027710231132354806,0.13523128735184334,4.493583225799225,0.4623115577889447,,,6.981319824505857,6.600034071176345,25.883766945810148,30.24840437653452,0.10741320824043096,0.0735927985769164,0.5011317267664814,0.5788738061313536,0.05223121120621181,-0.07774207936487221,0.08188127388962063,0.6661882675861502,0.5203013730686225,0.19245008972987526,0.1458868945175278,0.5578858913022597,0.5276381909547738,24.990424945078026,6.48265412275544,-5.087059184454304,-8.624572504105672,,,,,67.88950397972954,0.22,0.4000000000000001,3.109781255610961,0.4201892171532616,42.11482026813428,3.1079784172187988,792.3918868962286,222.0975968905588,1640.5253141812311,337.93645108520354,2885.714300550149,323.7882608844634,1046.66120682696,0.16583594810898813,0.07457686211976784,0.5790446976367393,13.85649421593821,0,BBT
1_6860,158.9118226482607,105.69110704762417,477.023992178776,0.02518701665527414,0.16342016297132286,5.188993412110303,0.5326633165829145,0.004653206002713943,0.10113948203352455,6.48265412275544,10.251089136569234,13.9451180651697,14.490584183454963,0.1423524290692427,0.07514650772991795,0.3396564045285293,0.34543860676756677,0.1358655026938129,-0.0057822022390374705,0.29633083827639695,0.37744479315776974,0.46108829605359153,0.1264349255883269,-0.08364350289582179,0.33639696749366244,0.5728643216080402,11.954259029387904,7.479985526256276,-1.278320769627266,-5.669856617124399,1.181416469582108,1.3360638350217693,0.9973314035008368,0.9182958340544896,97.8623483873181,0.12428571428571429,0.34,4.653180700823809,0.3590630585100632,34.875980008873704,5.04750559963811,776.3925274645354,366.2979683684592,1785.759219012275,463.79041273363777,2721.6682223670023,507.4473685211452,972.6378474512333,0.109487233389294,0.03699573841030652,-10.989686168446571,10.594837485996893,0,BBT
1_7047,139.43213347602685,45.71576920875753,305.46854668508087,0.02456022227310673,0.150037637686702,2.364150837737976,0.4080267558528428,0.0025036149587201913,0.14806577735060064,7.147595606582588,6.475341909150054,9.282869755800387,9.777910484858923,0.12986621777702578,0.05931339761689806,0.5000727366065117,0.6516627107422872,0.011438473495733547,-0.15158997413577546,0.09201585426667425,0.5156796709886423,0.5671957436482945,0.16495721976846453,-0.05151607265965219,0.3507232477822554,0.6622073578595318,9.937015394605327,3.823132533753477,-1.160794054576113,14.191322110428864,1.1423454525596728,1.5605122912197258,0.6648926145658222,0.9182958340544896,79.40919492406906,0.17466666666666666,0.27749999999999997,3.673901149118465,0.6091202757537213,35.89344121267559,1.5919700224186912,755.8777768449804,224.927993465041,1650.748581738073,285.91841547889135,2863.197249938707,313.9968199195288,1053.659736546863,0.11065758874887566,0.04153077231192325,-5.372451541160418,8.98656270100358,1,BBT
1_7082,205.87797816239743,50.150932064307376,336.89863548777373,0.02358263240402966,0.13830988988073062,8.219674348757438,0.7565485362095532,0.0038812834541289967,0.0553248216216141,6.070696721311475,8.469905786851514,4.923852790362323,6.525343997822453,0.11122612977296321,0.06604356163703386,0.6551727923761596,0.3917278303804235,0.27529665052192137,0.263444961995736,0.025921561183604114,0.6224948227392545,0.6831840937541885,0.14227759830611802,-0.06068927101493404,0.11330395251413061,0.31278890600924497,31.351553942225436,8.299180327868852,-0.01058224326783303,17.66801317526895,4.216385784679328,4.549498742594,0.5379098360655737,0.9182958340544896,69.28311549539934,0.11677419354838713,0.136,3.166675941033882,0.4596684621432461,41.77406893871425,2.713069545687917,706.8643679101721,411.5832143468919,1836.2492259815228,500.5838288967916,2939.0199557615697,371.09849443826045,1116.0777939256986,0.17930084733251583,0.10294213321067501,-1.4981597010489889,14.459704271029088,0,BBT
1_7089,256.5112405673387,123.35484984637921,520.2490125227228,0.016457418476214347,0.11339390944998984,6.921720985099813,0.5376128385155466,0.009009100366577111,0.10372746335934672,5.896844319139871,7.962251462049271,9.927438467781624,14.354396636036839,0.11141613009660159,0.10232884973634478,0.7308831554616229,0.612133706022328,0.03326870695116569,0.11874944943929489,0.039215879946385646,0.6160293177172788,0.767261722258305,0.019510570275964218,-0.15123240454102627,0.2382091849053194,0.5571142284569138,15.548351953301765,4.897379180302605,2.724912344549643,24.86934940859593,3.623673267229898,5.1527500360084515,0.9994651388372663,0.9910760598382222,109.36223940231098,0.18347826086956526,0.2636363636363636,3.1973472898465607,0.6302717213888027,40.58480226939485,5.327811068356555,837.8195181105095,224.7727865380937,1560.3150768654862,279.9731744441202,2642.674947331174,412.3785468580228,902.4277146103321,0.14598539876256106,0.05782519448285379,-3.8573633910148875,10.501100491463683,1,BBT
1_7186,96.66963021696816,17.816784197304255,114.45187018859254,0.024676907187573316,0.11879680642520056,7.0031802950062,0.42570647219690066,0.01904066041277466,0.12208243346665262,4.814668331088012,8.692519296680317,21.967110901273486,17.569414772929864,0.15403405745251753,0.04999258914970907,0.2004633415443861,0.3579784204097128,0.029593052650820618,-0.15751507886532667,0.1080874508386902,0.6037903693995074,0.623278358138847,0.2621112169983113,-0.019487988739339657,0.2659628808008543,0.6320582877959927,11.696812799595556,3.9062403440902744,-0.5991761033727103,-3.336525731786228,2.1016834501379353,1.9031424709607403,0.4542139934988691,0.8112781244591328,90.48564078709802,0.2966666666666667,0.3723076923076923,3.35448941256905,0.7509881334685219,48.196197181054174,2.0981551168086936,689.5636290213093,357.4397614174663,2034.5685928428807,380.7140471142363,2984.360839638633,278.8323424103928,1147.3986053086621,0.1030254046891934,0.03389818410466029,-7.314206048079887,6.065436721705455,0,BBT
1_7281,181.23888893986117,56.70439954923054,299.71334767144185,0.02000040648715933,0.15833322318686968,3.8580417187926117,0.5040160642570282,0.010198252484792603,0.15248197707968672,5.784574468085106,8.216232743443982,53.02775236143865,73.39293095606955,0.13009590670467758,0.061596292792713836,0.45137253990891973,0.5536118833071404,0.11008956846288073,-0.10223934339822066,0.05155985103049243,0.33803861564255866,0.5236324842615092,3.6147882275980006e-17,-0.18559386861895055,0.2868386470016012,0.5461847389558233,14.615807118468446,5.38563829787234,0.5981668452926636,-7.052229388046896,3.911546304060154,4.547799812211618,0.7978723404255319,0.9182958340544896,107.23563670372181,0.13066666666666668,0.16571428571428573,5.496659475144212,0.8209926739502877,46.01610068086736,4.97178060450228,785.1248729331667,265.70733915896443,1691.2830870270652,344.2979403267956,2896.780177940522,316.46729241408593,1055.8276525036777,0.15532154147154617,0.07914932607187171,-4.998701452304936,9.844791019430119,1,BBT
1_7341,173.86196947595676,67.67628272161383,495.3226932894949,0.022270899983040927,0.1383370850825253,5.451341963528529,0.5988538681948424,0.003103439922404895,0.0815642486908507,6.411457592949174,9.507704940059767,123.09206207225857,172.73063957626488,0.13435073734816924,0.06683438270101068,0.18751549577241125,0.3133995550547664,0.03558831539870319,-0.12588405928235516,0.10082872903762774,0.5977536500069366,0.5953392682317359,0.07453559924999295,0.0024143817752007024,0.27912905209576133,0.4699140401146132,14.743783501207096,6.981364934544656,0.03039850101481362,8.785698776437028,2.0055699838450303,1.7942084878151454,0.5699073415954821,0.9182958340544896,96.65781347999062,0.14736842105263157,0.17428571428571432,4.524461394840187,0.34950318473128034,29.478578735064907,3.9091293136551397,845.2688439916054,401.58472457348927,1861.806914190265,457.3773377380597,2922.024003649719,445.562095308221,1038.3775798290567,0.1619539223178678,0.07322260391312452,-0.053660958527346335,10.629087260345498,0,BBT
1_7357,169.04018602657965,71.19350978626456,279.06992039537636,0.025387701308790173,0.1566367655651819,0.036089076154384024,0.20080321285140562,,,7.579787234042553,3.8062480049654885,111.77481105260766,98.88047874933501,0.13932796707624687,0.06871795753261657,0.6614821910418568,0.4705900383742983,0.189358320929341,0.1908921526675585,0.13631817641581534,0.6748364702293956,0.7895231577084839,0.13018891098082389,-0.11468668747908828,0.4638917158824549,0.8152610441767069,6.064211445733957,1.3962765957446808,-7.437281116521618,7.217697461679454,,,,,72.6931482366265,0.7485714285714286,1.02,1.5813955570478229,0.3841518945155486,33.9694441766042,5.61555277341505,836.8497788372977,196.33736149100346,1585.7652273900383,216.53328208786073,2831.443536924233,238.7329553087803,997.2968790434677,0.11107955673956188,0.04282422036781961,-2.2331170123410122,10.202206782195415,1,BBT
1_7395,206.85042871919146,89.53653320535938,457.8413124993644,0.025999146603509,0.1251173434741,3.821306349663507,0.4120603015075377,,,6.731986973630649,9.116841967702818,61.530747267418654,61.07965679067728,0.11627075657297568,0.06350067071292376,0.4422658031475719,0.5705717753796448,0.15254785085427644,-0.12830597223207285,0.14999722041503094,0.6177809243057635,0.7371622253686109,0.20203050891044216,-0.11938130106284739,0.703963953808263,0.628140703517588,10.632878983816838,4.238658464878556,-2.7841661374591666,-21.926345968582808,0.9721127274436157,0.0,0.4986657017504184,-0.0,63.51258581235698,0.26,0.45500000000000007,3.647545470256703,0.29832863461756576,34.66087583426827,2.3490252374535037,733.9461095619863,177.33660008977137,1616.928988039697,320.4320296428541,2782.5836549371597,248.95357430827846,1024.3187726875865,0.16364306598832817,0.07070570053032564,-8.235724716757742,8.626320016517484,1,BBT
1_7400,286.30074286880443,52.487641538629234,382.200266094707,0.017244595473580294,0.10531584872645486,6.763955392383297,0.43982808022922637,0.018499051640058387,0.07510394797433903,6.274575745033113,10.598488467628279,29.45460494288233,69.77295374344015,0.08161547716678531,0.062444209448351544,0.18469275425421208,0.2409114991568754,0.048976736133625444,-0.05621874490266332,0.14363995165585375,0.4969118077528279,0.4475827918635511,0.02873610675690388,0.049329015889276795,0.220096176037052,0.664756446991404,9.91220427460962,3.1372878725165565,-0.43010659169243765,7.636689535125308,2.696195763127074,3.289264577223143,1.2834359478476822,1.0,90.06300406115959,0.20800000000000002,0.23076923076923078,3.4645451447696787,0.4461507284375394,46.72813015349484,4.144736754977476,816.221464503116,380.68536333367985,1888.372057273732,431.65068152654396,3004.468704410496,329.42132769953054,1094.12361995369,0.2671825438511393,0.15491483870907444,10.215797477410968,13.057245839546338,0,BBT
1_7402,153.0134974470746,38.663238163827344,278.6941298271718,0.020155568688179873,0.1263043960415598,4.13833489214342,0.5180722891566265,,,6.380208333333334,7.49984868677222,68.55049497649483,82.81140897099117,0.13124402761458612,0.06422876468219836,0.646646545317792,0.6380929498656704,0.25597120542778573,0.008553595452121532,0.11081557572393497,0.6980911020413938,0.729877062256038,0.28571428571428575,-0.03178596021464419,0.5823149601409043,0.5261044176706827,18.244700684451182,6.380208333333334,-1.0917695392316322,0.6517946537612822,0.254872744882384,0.2728295662556462,0.7975260416666667,0.9182958340544896,95.3068828190182,0.18,1.4400000000000002,1.812804871149958,0.5470052607570025,37.03747611745792,2.4692846058786517,720.9853874913894,246.87824710453842,1625.2232188534965,333.5081616752339,2890.1568352069203,309.556038087611,1084.5857238577653,0.143129189489516,0.06270933279605691,-14.027559476629596,9.942156138534449,1,BBT
1_7442,154.71560173960412,46.16979029531647,471.8825189823451,0.01958887832464512,0.1519902193647857,6.3797526973801535,0.6973564266180492,0.019994781852319357,0.0807223820979764,6.814304786392405,7.16034802786607,68.76526637085139,85.27988070227926,0.12812244087373734,0.06317791460396734,0.19835332032860561,0.3482602552273597,0.03840302047367343,-0.1499069348987541,0.09196164286118924,0.5956505524754344,0.5246897732997794,0.021581616838757485,0.07096077917565502,0.19850458884076205,0.3989071038251366,15.201279391006274,7.450306566455696,-0.21675537304471665,-5.045389473917801,3.00198330171961,3.69646654817925,1.1811461629746836,0.9798687566511528,81.23904852736793,0.093125,0.16999999999999998,3.6321354113626976,0.42703015018167706,37.46608256580371,2.0835728303236456,767.628336441926,398.6483798281703,1814.8377733062673,521.3416644774859,2964.106193653591,393.04472936794457,1098.2389286058328,0.1541243091823303,0.0648702506230001,-13.109643807795225,8.144203787226699,0,BBT
1_7443,294.2758326659082,66.5264219141568,287.0929231736055,0.020013085876752327,0.10580809585997346,8.451990192056622,0.4678714859437751,0.0015434555026011636,0.04379904963155309,4.585774739583334,16.821176160739128,23.05308912444561,36.62686910116249,0.08745132335657033,0.06622226148906202,0.5751952668879212,0.5024334031770706,0.16972192157139598,0.07276186371085058,0.10458335073364944,0.7297090536439562,0.5983732361942334,0.24968808471946122,0.13133581744972278,0.48860808939500444,0.6265060240963856,16.02003474613388,4.585774739583334,-1.4391969239085567,-7.436638669729577,0.024560453029719653,0.0,0.39876302083333337,-0.0,127.30250371219807,0.265,0.22999999999999995,3.544264249595432,0.7873311167286127,48.22727583627721,2.9381868381959557,821.6646306324793,276.92874845483044,1760.1310912676638,394.3876349438439,2962.377428590976,342.6615601849171,1070.3563989792483,0.22945345542436393,0.1364003576481727,3.7591920519682844,10.14031770873953,0,BBT
1_7445,236.63961322176155,61.917829593796924,320.9326071769817,0.027074126947046813,0.14828139857819736,1.8894993866332617,0.2889447236180904,0.0047494287899566634,0.10845994524222245,6.721346640173411,8.492023563245313,40.603102772297945,54.33847794712075,0.1195878554883015,0.06555405388413978,0.2556506504668402,0.34704415344550343,0.014790892797099399,-0.09139350297866322,0.27460836173139513,0.3809651309102439,0.39393070824656473,0.09901475429766744,-0.01296557733632081,0.5023213973667736,0.7638190954773869,5.173787244133356,2.4893876445086707,2.032361547286056,6.4639718873453855,0.9733831265328039,0.0,0.49787752890173415,-0.0,80.63492063492063,0.2111111111111111,0.36,2.874500218830373,0.6296968974717022,29.216398448239296,1.4474422340335231,797.2087993935997,238.28965374417635,1701.875176912456,314.6535801850418,2973.34657315587,240.13983687177972,1088.068886881135,0.12429678062697043,0.04167585508093627,-0.31064481961719465,9.688159430149648,0,BBT
1_7449,185.54806016415512,47.172523898951994,229.67750523835662,0.019843630452423478,0.12567278406157498,6.516496454633976,0.540133779264214,,,5.819784628378379,12.44809343150823,25.333935690965003,26.372398509865757,0.11021647815135169,0.05361666690519979,0.4118621475763739,0.33804897325724814,0.06063390625908328,0.07381317431912576,0.0338163372600071,0.5783235953511585,0.4691023877268344,0.15617376188860604,0.10922120762432413,0.3733715919708732,0.48494983277591974,15.776163091333892,4.15698902027027,-2.6247457933376843,-19.556944734450532,,,,,64.97506127989982,0.1566666666666667,0.1377777777777778,5.462342854717899,0.4147103144743498,36.8704242339844,1.9634552444843212,814.9944414971978,361.7832623717046,1883.4812707934634,422.385267281142,2870.8864244148026,405.27749281094947,1027.9459914588024,0.15489576252372528,0.07268511686514842,-2.518744422082965,7.488453674229036,0,BBT
1_7487,165.52484313171027,83.91592807460907,434.7185619007753,0.017450834668653943,0.12245246041023895,6.229003406916157,0.6164994425863991,0.004142663521674463,0.09683904895259844,6.659753543814433,7.477379560161507,31.73147181237157,45.23858090814225,0.12403526031175062,0.06438273187064163,0.40079299675359187,0.5833638331251916,0.20447945297729908,-0.1825708363715997,0.035874967417597436,0.28235451286112456,0.36185933067124487,0.0,-0.07950481781012031,0.22751369069625182,0.5100222717149221,12.540803520272306,5.660790512242268,-2.083849813557199,0.07028711625713235,2.020949840206039,2.801047439198066,1.4429466011597938,0.8112781244591328,75.44827193008936,0.20249999999999999,0.33714285714285713,3.178752468280085,0.5350585724090612,48.227911691109426,2.573628166829672,755.9029040190769,313.52543718645984,1677.3100127339624,485.02745815154265,2915.832449580323,359.61719389836287,1079.9647727806232,0.1488658105004102,0.06991200267476762,-9.167244068727356,9.646483068776902,0,BBT
1_7490,133.25606910380301,73.01712970683724,500.7120001202464,0.017984422029912708,0.12064532987656601,5.924532843849917,0.5547602004294918,0.004454541336302268,0.10683660285115623,5.927880130597015,9.176382254945517,69.28228953667671,96.43196529238361,0.14440452344003707,0.07097428431924753,0.2848873473562898,0.35719060152611587,0.1285058810634358,-0.07230325416982608,0.02622771489273734,0.5087192207278575,0.7308096949077215,0.24494897427831777,-0.22209047417986405,0.16352429001324487,0.5107296137339056,13.637081068253387,4.856576492537314,-1.0704381997035481,-26.182496063817165,3.709980013565277,4.428797581856593,0.5713619402985075,0.9852281360342515,83.13821382934128,0.17333333333333334,0.264,4.5115261240214615,0.6654624841381163,52.5262180347855,4.630023147272707,801.0613410362031,389.5755847576894,1919.5252470018584,526.0347357578337,3015.6410208412062,395.94216433408957,1107.2898399025016,0.12681915762671792,0.0425872971265048,-7.201912554559233,10.06071862900296,0,BBT
1_7494,223.57103503947127,112.67252828032194,427.40795292285554,0.020781378278326827,0.13592248484009803,6.801872959030674,0.5863453815261044,0.01329107328700955,0.11201004660511371,5.782063802083334,7.717455431846221,41.239893046309305,45.01591634298925,0.11674371690031413,0.07044529218425165,0.31564840655184506,0.3468783902173699,0.08462884367481809,-0.03122998366552482,0.2853434914079198,0.32399436444363316,0.32932171662343374,0.13545709229571928,-0.005327352179800571,0.38810768710457155,0.5662650602409639,12.968721643411302,6.180826822916667,-1.386690782229699,1.8861733912905159,1.2123110070965921,1.409026806492894,1.79443359375,0.954434002924965,73.03730855395317,0.19272727272727275,0.25142857142857145,3.2218041549565086,0.8117132164422559,49.01827848222201,5.034208981519215,766.7478310728992,238.2878266035349,1631.5504048162684,372.7404621566209,2857.5622604857613,367.2555556046979,1045.407214706431,0.16295680806241186,0.06456181730332296,-8.294044413044361,9.02380058479917,0,BBT
1_7504,215.93366955796466,60.28849870716623,459.1995978159489,0.020762647839834683,0.12885469799966387,5.554384372883467,0.5128939828080229,0.0055331991778322116,0.07263513967475356,6.9875957160596025,6.822386603275714,56.71098300710725,73.26298977236642,0.10986599583798032,0.06874540844032473,0.5826350303803458,0.5112996305934576,0.2556401666762329,0.07133539978688819,0.05487284530452563,0.5428240752149877,0.6262597898823167,0.17292861596651868,-0.08343571466732902,0.4550750906898521,0.5759312320916905,14.016047613861552,4.135515831953643,-0.12750589858772457,-2.1014492345032387,5.380918851290093,6.096589875884965,0.570415976821192,0.9182958340544896,85.35002017590253,0.10692307692307693,0.14,4.272117073742351,0.4019778162169451,43.06156887338097,4.122426799416801,822.1530457260642,335.8315003749954,1767.8806234561462,448.8610166149528,2962.4456102658273,405.0947357591733,1070.1462822698813,0.17863392205015383,0.10603719089929571,-2.8127444716028283,12.073289902896427,0,BBT
1_7575,278.2057504543277,86.60734278366785,448.2248454541394,0.021516251521049964,0.15722009644504772,4.257695022200075,0.5343839541547278,0.007971710516687693,0.12602026953280723,6.844991721854305,6.034866688469619,107.84104232548951,170.01096964588214,0.20900039657589617,0.2669401385056665,0.33636740999613357,0.29204174073326594,0.20465119011961141,0.04432566926286763,0.044206894007141284,0.48025617014388333,0.5641579194334041,0.19781414201873618,-0.08390174928952077,0.24085368686984732,0.5415472779369628,17.6395447829022,4.563327814569536,0.5491280511302268,-4.568091579871695,4.553210948964873,5.417349178916628,0.7130199710264901,1.0,83.78651432835805,0.10857142857142858,0.15000000000000002,3.992916446919353,0.8054617113019656,39.50376002011829,3.3972254834202738,783.2009924363834,203.10746971901878,1751.5335417022231,341.13040824838146,2949.103265058856,280.9567083412866,1082.951136311236,0.1448306436293092,0.05716835047969224,-5.674811519037042,12.17028747743536,1,BBT
1_7593,194.45248521856522,69.32558938478992,330.23385760191996,0.02703814326912901,0.1656596889890542,4.443294702696947,0.4831358249772106,0.09230279692116605,0.16674737596130967,6.631524305083489,11.403280933861073,42.6331880747677,62.749240021316034,0.1236291136562611,0.07117352071285242,0.664476198332057,0.7832413235338904,0.22720701573747756,-0.11876512520183347,0.03041834731287585,0.6404112702661846,0.6875521787081765,0.04406526492392315,-0.047140908441991924,0.18869637554661123,0.5519125683060109,19.740000968882864,3.4520263505914053,0.22644269273827794,15.981786515026712,,,,,88.45158562005774,0.2664285714285714,0.6200000000000001,2.7520976142136537,0.9214595130085039,38.30064614403165,4.955312743759163,755.0832824628594,381.7155928650346,1861.3470200202944,509.51029337312684,2987.3166961879256,368.7693236033586,1116.1167068625332,0.1448340767642516,0.045860100097208915,-0.888580047651815,16.408376968856835,0,BBT
1_7641,163.16126507895788,67.10885227998702,322.7202225776607,0.022710113351373046,0.13674459416352713,6.359128463352797,0.4944834503510532,,,6.096737346907324,11.344823690580805,81.77711633312192,92.10056511459129,0.13579172976433293,0.07244715314807172,0.3616533183063778,0.4604945710917921,0.30323147215443325,-0.09884125278541428,0.03353780142149121,0.49442658741685885,0.5834374410972774,0.12126781251816651,-0.0890108536804185,0.22610139721416966,0.531062124248497,17.783565970323448,4.697486152535151,-1.4438647752463687,9.004744553895925,3.5841519470896515,3.0990513102494823,0.2998395416511799,-0.0,91.78823534033313,0.1991304347826087,0.19846153846153847,3.3989346281647,0.8905594066147842,39.71936589383257,4.1167371569709195,805.0817638823055,437.2353363726648,1860.6756840972998,534.5284790564411,3024.8288691248463,418.9459016865897,1109.8735526212704,0.1319530523075996,0.04724929758412814,-6.8126212371752315,11.320091066933282,0,BBT
1_7661,206.68508819489216,58.28976130002764,469.2690945712088,0.0287475525255579,0.1576090852710873,3.7604241431847325,0.5703517587939698,,,6.731986973630649,6.4777190450563396,2.261650828790118,2.595870549246456,0.1493123151529077,0.07441732162409526,0.25562121655391173,0.36600359503663094,0.10022296571715919,-0.1103823784827192,0.05218313803369845,0.2963797869216803,0.31632867595139946,0.09667364890456635,-0.01994888902971914,0.23788355085584145,0.4723618090452261,20.63695311156412,5.734655570129812,-2.109934502694297,-2.7028239356298283,,,,,104.745670995671,0.10285714285714287,0.24,2.6524673897206412,0.34017049817798845,43.59691383360775,4.23983882665093,797.2365412836886,244.6898815971135,1707.2636056038136,348.3614176577353,2817.910213779248,304.7175180474758,1010.3368362477797,0.17797265596874864,0.09508593131086307,-8.305120139973166,7.510899468269203,0,BBT
1_7675,338.44279526565066,72.12611438446274,380.9111595382052,0.01810695418993883,0.10833022574101069,4.271000134695193,0.4214046822742475,0.0013701719972654756,0.03136382755052523,6.482702992016765,7.824537481252547,0.9445377247718395,1.7355335905808675,0.09832001806271203,0.06712801779918705,0.4836758444648214,0.5738223685305579,0.1316701632874308,-0.09014652406573648,0.06535383388067728,0.48408199324275203,0.6624520227449534,0.11624763874381926,-0.17837002950220138,0.24606755842743677,0.6387959866220736,11.321705632391982,5.485364070168032,-2.54373914603769,-8.812346074097725,2.5771602620870384,2.8743863508019665,0.8311157682072776,-0.0,90.84659572413186,0.16428571428571428,0.396,2.8227609909295346,0.5066335946289834,43.91422280288688,2.195894217586429,904.6249429032599,225.1054877045502,1773.9189946181086,276.49994628816285,2868.334185523236,224.4864709924225,981.8546213099881,0.24428101403411723,0.11999286241331418,6.241694857777704,17.002142727662225,0,BBT
1_7722,156.7602424422517,68.37076318317017,355.9738387660828,0.020084259738177016,0.12139414463662526,3.9315256875908537,0.3450439146800502,0.0028529939731885777,0.05090612305397959,5.625,12.803623278814213,0.6450598755825632,0.6325468846765802,0.11623518214366138,0.05540059275397249,0.24379340196543112,0.2859253722762156,0.1745482316757528,-0.0421319703107845,0.20523420934258174,0.28960884915824514,0.45117846632203473,0.03132657448383188,-0.1615696171637896,0.28243587498499645,0.7293233082706767,8.907760002685556,2.875,-0.633764350725261,-23.80667930067336,1.6934233011646633,1.967833580429225,0.75,0.9709505944546686,98.2668661817861,0.4690909090909091,0.8879999999999999,2.2864022053305377,0.9184751721684727,40.558527896710906,3.388667687103973,773.6487719708796,285.81110415382267,1678.6907841055126,348.2240516528525,2837.089892474163,352.9381438551015,1031.7205602516417,0.15151165008579628,0.06787837230112369,-2.136622072287163,8.862779407051741,1,BBT
1_7894,226.15397352902633,78.34234064184422,473.0407971805222,0.02887447263217885,0.1561831087061862,2.7048279604030956,0.4068767908309456,0.009844452153394837,0.302347261257778,6.268980757550303,8.20933956360298,56.44216842033474,74.03988691201275,0.1272679311074744,0.0654478942361216,0.6198395978706819,0.4864126951901881,0.063887656499994,0.1334269026804938,0.038222647437820556,0.7300463967918537,0.5877400095754751,0.038954469356580985,0.14230638721637856,0.3327464840993103,0.6303724928366762,17.3718506045202,2.992013543376281,-0.17765321915030277,-10.888189637597247,5.83880487651254,0.0,0.28495367079774103,-0.0,79.51794081690433,0.19666666666666668,0.3527272727272727,4.226826343723482,0.5734145033516094,44.28526046973883,4.046090315779484,821.4306418612961,336.19337591509594,1817.5025546352376,458.01013242683405,2938.8789702101744,366.1572716913478,1058.724164174439,0.13932399246607388,0.0572028830398314,-1.1286604618430578,12.429194626616162,0,BBT
1_7938,137.8862354419426,86.55771924720503,469.02992493354094,0.023117380482733967,0.13694064322456473,4.568000729581439,0.4414715719063545,0.009833422611749576,0.02129321841450957,5.319140916526577,6.799761114132109,100.15802652979212,127.56771397711675,0.14518723217772678,0.06279458410730171,0.3055294326665373,0.3865888640630269,0.07625380913825246,-0.08105943139648958,0.10484919691286465,0.3968060731375797,0.623352715878292,0.10540925533894599,-0.2265466427407123,0.1391712424772963,0.6488294314381271,10.823742347521684,4.321801994677844,0.6766978203810641,16.364777964017687,1.9273763079234456,1.404096563884064,0.4986694609243666,-0.0,86.89090547942222,0.17545454545454547,0.166,5.252282554139284,0.6442225982741352,42.77394078206022,3.8106258698726783,843.3702276430856,281.65729073444555,1837.7449993054122,434.01085100473625,2940.593716673722,443.7644682974083,1048.6117445153184,0.113152993429538,0.03630736260505718,-6.899253472350395,9.296354709998239,0,BBT
1_7953,152.95930619187882,35.48758265318973,216.24032204470666,0.017451018719927807,0.1378363717731458,4.157699395923783,0.36180904522613067,0.006623612728809905,0.17745851581752747,5.734655570129812,14.405273071289123,77.46141423868494,97.38081602191993,0.12875946193064414,0.06096320604491332,0.428725804572937,0.3707716556743134,0.05270462766947294,0.0579541488986236,0.05870516876273035,0.3727289681009871,0.31925693206757916,0.08638684255813603,0.053472036033407944,0.26687853908867765,0.7386934673366834,6.437725548329063,1.4959971052512553,4.077340968957904,18.241809033044557,0.5591101640899101,0.5591101640899101,0.7479985526256276,1.0,74.1925195356568,0.2755555555555555,0.41,4.189650065176038,1.1645479296778265,46.13345111626885,3.4366426513357595,785.0001566940086,320.73126914433226,1798.690214124834,379.7376932683363,2863.150494515826,317.42512128330077,1039.0751689109088,0.15498714084129625,0.07667623195136408,-12.032317014943011,6.288218703232132,1,BBT
1_8042,144.72346195589145,60.49855868314172,271.2936951182692,0.018846270039047118,0.10714453144283127,7.361728512231732,0.6224899598393574,0.0021723810482997233,0.04979554418565753,6.382978723404255,9.434914033745828,7.098169940505927,8.853291671691485,0.13310783334968462,0.07012717397434316,0.22967479342778574,0.4140338511879446,0.3573652103592188,-0.18435905776015887,0.08269698915947032,0.34423651709904146,0.3475509256680747,0.45562108082561,-0.003314408569033256,0.2652886267140685,0.5060240963855421,14.097995335813199,6.183510638297872,-4.608716636950697,-17.048746161146298,3.6294809976203934,2.504891428666038,1.1968085106382977,0.7219280948873623,118.69864154296097,0.07454545454545455,0.05666666666666667,3.717684847268177,0.5881507602035705,41.52805858813462,1.6241400223777431,816.0277843222841,379.73333482730726,1911.9687583184493,544.270762007589,3065.4298227199656,389.7165328029652,1124.7010191988406,0.16016380597450605,0.11237019131774334,-4.3055005447441586,8.015587628596059,0,BBT
1_8045,168.4151981156911,101.27158651124577,419.13461667196833,0.025598922189887515,0.15725125098767156,6.269206705914129,0.6498316498316499,,,6.316432222171966,8.90417652716916,12.48901489316342,13.593927261791812,0.141593525108364,0.0709527632786359,0.3321488809859682,0.5419996073346626,0.15713484026367724,-0.2098507263486944,0.053367627454330435,0.3482496571373992,0.43123957813176306,0.20412414523193154,-0.08298992099436386,0.18596196376742002,0.436241610738255,17.65562580035939,5.31910081867113,8.888200496423817,25.660395994356517,5.3612195315430995,5.335444611522313,0.9973314035008367,-0.0,95.21436841346087,0.06181818181818182,0.07,6.734663534330114,0.49509962184753825,43.78701857452934,6.121390652434727,767.8845536809516,354.1664840295563,1967.1745105427449,537.8885336982921,3063.480252452995,362.89112563818384,1147.7978493860219,0.12595050863106438,0.04889783067563086,-1.8048692063041802,11.195234088765464,1,BBT
1_8052,278.069727402267,85.91001012426754,430.3630718228182,0.0267669691099148,0.14581099314007362,2.1481639314236824,0.33917396745932415,0.006734278615174592,0.10904823372634447,6.3580236443509675,7.925098291609256,9.077596345853266,16.049751516005408,0.11685909491510496,0.06271366728154122,0.4813344729746542,0.3926120838733297,0.46313920194718267,0.08872238910132452,0.018677635285562988,0.6155271667978411,0.3809518602085823,0.3418817293789138,0.23457530658925885,0.32867740840899706,0.6975,11.80599051563244,2.618009735909222,0.04553272219461792,28.051287924592913,4.933912820976566,4.011519298702135,0.37400139084417455,-0.0,56.48162393162393,0.2980952380952381,0.6333333333333333,3.0371912610770186,0.6954505336617378,46.53780291890572,7.157512299761493,848.6700090242167,185.91719550192857,1709.3522866992198,302.435068267845,2788.5263770633464,343.3514933838581,969.9281840195649,0.15219716856834622,0.07914683889452052,3.119166966983112,9.962197240845683,1,BBT
1_8078,288.9218352709821,55.29321919366038,236.2624188843542,0.015375698709201443,0.1406898605936955,3.0510978279096865,0.45454545454545453,0.012714088699211725,0.18623825923942702,5.98398842100502,7.660559572685862,10.856006010157628,17.38591762417733,0.11297664985261428,0.06983857867030532,0.654909348167697,0.5437555503691559,0.013446156780439795,0.11115379779854107,0.23529965857234536,0.7073555111751996,0.627567547592622,0.04127441717064977,0.07978796358257756,0.5343939200114489,0.6375838926174496,8.223717440004744,6.316432222171966,4.554745487963458,9.100607444131576,1.1135804375947584,1.524164509430821,1.3297752046677824,0.9182958340544896,56.46692488797752,0.13,0.176,1.7606634294577612,0.5358374746595701,41.117216448785,1.8982277214853103,866.2970493188997,211.33518971045484,1756.6242175055181,309.12157370815714,2780.0176264997363,266.36818195028707,956.8602885904183,0.1976692869804094,0.12369558792927222,-24.27606767167826,13.216519587359393,0,BBT
1_8136,185.07183523492435,35.629551602770945,159.33958511575742,0.021484901218539357,0.10995421144473137,10.331339816492234,0.657190635451505,0.004498144497505709,0.13637171037209778,5.152917762885122,14.536808510027198,15.607005014768484,24.212758185952726,0.10992478673329,0.05815914636176399,0.31433151796992254,0.3160897053032332,0.031110223479537586,-0.001758187333310679,0.04609509426435776,0.2691148084720437,0.4108972575448663,0.05191741316511652,-0.14178244907282256,0.4560434715721762,0.38461538461538464,17.980927595310632,7.147595606582588,-0.06428014745731324,7.5763919161891025,4.840673391450824,6.309041120360989,0.8311157682072776,0.8112781244591328,87.45197120964995,0.22000000000000003,0.15999999999999998,6.802046030511474,0.7683273417148266,47.82528390184343,2.5165138757189447,784.1478158151001,371.6413361992167,1843.117591459918,432.0910739844703,2920.9390372507114,438.52741221170163,1068.3956107178055,0.17340256438089846,0.08654470582973267,-2.279430239472459,7.844850825786767,1,BBT
1_8159,149.05070414243798,94.26565580031492,414.4089202760298,0.021165578802054455,0.15908029928854253,2.2615242897845462,0.3237139272271016,0.0035310140377717023,0.23440781949780004,6.5,8.211306321328442,99.30922002321417,114.28960724073328,0.14487652116789024,0.0715025944439584,0.2711985374866866,0.280873718418594,0.21310189794179402,-0.00967518093190739,0.048018681268734764,0.38112071020241683,0.318853656520467,0.07161148740394332,0.06226705368194985,0.23581564341729466,0.7017543859649122,7.957185182118954,2.5,0.891450746036744,22.208428340516846,5.69134562907746,0.0,0.25,-0.0,48.77397928868517,0.47466666666666657,1.2519999999999998,3.3004596232269745,0.6869233912877034,38.078929338765995,2.75056894247382,826.5910336589717,244.91554515925918,1675.9787566424259,330.6817137220586,2859.4981217059853,314.64089825826693,1016.4535440235069,0.12492713680859432,0.03809714377346882,-5.064389466842677,8.80439209392117,0,BBT
1_8185,309.11484557253465,64.15666023286778,321.86298364693715,0.0271055037636124,0.13813618766049277,4.386015383616918,0.3921765295887663,,,6.196683860791051,13.17489862988076,4.719351889221309,6.524891022756361,0.10989258420843587,0.07814614905770102,0.46372002553302377,0.7269079305306998,0.01099831188867771,-0.263187904997676,0.03855803818754766,0.47021693329622805,0.596742767750842,0.28867513459481287,-0.12652583445461396,0.3140380362325801,0.6292585170340681,14.769580254843198,3.797967527581612,-0.3759530597786463,-0.7534494526399911,,,,,91.49668721474802,0.348,0.7244444444444444,3.4906170755286805,0.5296399723998783,31.89029321000393,3.7548213986951597,856.711416169796,293.81335775199307,1830.0556662521572,459.6038694535319,2948.6500522302404,468.392057482513,1045.9693180302222,0.1685246850726548,0.08156847370188564,7.9525199628911425,12.738199569568573,0,BBT
1_8217,184.36824976496797,143.9250077334922,517.0632284188046,0.026107557966653844,0.15096786474313756,4.957454110420428,0.3612040133779264,0.006966152562604884,0.12590232672149185,5.319140916526577,18.83602170336034,5.4877499544321005,5.658288234687674,0.13695926398339214,0.06317403756941362,0.36232405520757754,0.40902400224688085,0.14664245000520723,-0.0466999470393033,0.16411933641269227,0.5191688960473978,0.6198812700171842,0.21483446221182986,-0.10071237396978638,0.4725018429921529,0.6722408026755853,10.409072249657727,4.654248301960755,2.536414148877783,1.6910055820096028,24.048041802613163,0.0,0.3324463072829111,-0.0,120.74360490094418,0.258,0.42800000000000005,5.7586281229506255,1.3089220486787065,48.35282442035636,6.124397906604145,842.0720163525083,379.7554935730542,1802.007257938843,453.28664382994066,2906.922860686173,404.6498573347816,1032.4254221668323,0.1229462341550304,0.05802826820420341,-5.734157432205662,10.741501970219852,0,BBT
1_8407,203.63912373509865,57.73691621957178,485.66932615169185,0.021416841881323055,0.139242313342627,5.542160967472615,0.637904468412943,0.015160031305368834,0.16331654249469152,6.224385245901639,9.116796302736558,7.173766708138642,9.653683543463094,0.12276914589663737,0.06857801121213146,0.6349784594448261,0.5476970156442229,0.08925725668681275,0.08728144380060321,0.0137510397626055,0.4854624552006688,0.6541483065824122,0.29061909685954823,-0.1686858513817434,0.15653122184725987,0.4206471494607088,21.837496009463063,6.531762295081967,-0.4279796477102991,4.140263253761326,5.390392776661857,6.327940172303496,0.6915983606557377,0.954434002924965,88.56076679788468,0.16424242424242425,0.2866666666666667,3.933213241880966,0.5739701423938981,44.37540473138777,3.8251078230989037,893.0554251879557,338.2161889439311,1815.612219266238,508.806482549746,2898.987915042038,366.49476313105276,1002.9662449270413,0.17779272621656678,0.08809881158452879,-0.5531748208685221,9.769144149082775,1,BBT
1_8417,119.67674186264983,50.108718988416555,480.23953725799214,0.02007892457569943,0.14937298361683912,4.29467758670443,0.5284280936454849,0.004087389263326152,0.047643930602395676,6.981372452941132,8.536057568884456,10.774568675077223,14.741809377170684,0.1469571236296705,0.06360997240084565,0.6270590799212513,0.3670167382493031,0.05589122081587048,0.26004234167194823,0.0732217618555615,0.7325625082537165,0.5417380030227249,0.3876673979592013,0.1908245052309916,0.5679929698203255,0.5451505016722408,11.834161654472771,4.321801994677844,-1.5821619531277422,1.905935187693565,7.707390327701763,0.0,0.3324463072829111,-0.0,89.0059580198255,0.17333333333333334,0.44000000000000006,1.9189723626634723,0.4122922392807145,33.607248081795525,2.6659188033338705,805.2527347474772,327.39187194836137,1761.9762323094287,470.094098619866,2871.984576984551,368.6329187829536,1033.3659211185368,0.1214046896396494,0.04204749241122176,-0.7707182374910293,7.134353512510706,0,BBT
1_8452,231.75083130925864,36.18205900365577,204.01903411770013,0.01665801458571557,0.11891496916082216,6.54144013105261,0.47037374658158615,0.008467500281697153,0.08325659912077031,5.995624714185072,10.656883013836907,5.095862523826261,5.467125220569378,0.09705142460148813,0.05382307236509816,0.257513362770666,0.4503930057295916,0.004553599979413348,-0.19287964295892562,0.13807936159719958,0.36014503144482524,0.48390203956566646,0.0194220530544791,-0.12375700812084123,0.28290598177232495,0.6065573770491803,8.666269985938836,4.723825532388239,-0.3150803531998334,10.43403993906207,0.9248785749796125,1.3342196686355514,0.8175851882979643,1.0,80.76425304687223,0.3244444444444444,0.3018181818181818,3.9999542758207913,1.1780826245486125,41.92160155749933,1.353605020816137,858.1693892124864,327.0911388771089,1804.0595304314345,398.4277821787993,2896.5309023174973,346.73872616449717,1019.1807565525055,0.21644508189036016,0.09649025772197176,-0.1160280200680073,9.230438325528858,1,BBT
1_8505,229.90164490604604,53.61304506008054,243.78800617337114,0.019478214481413993,0.12714146855707972,5.946786609334965,0.6482412060301508,0.00818839799377022,0.11780295616874259,5.734655570129812,9.149891567273194,11.733288605411463,12.725007074966031,0.12265355915892487,0.06672223639304706,0.466317937310068,0.7801577390008225,0.10566639626376945,-0.31383980169075454,0.06941320262709172,0.3780266518547361,0.616425381251969,0.0,-0.2383987293972329,0.22610015621344215,0.4371859296482412,19.68279599066435,6.48265412275544,2.5914783882129666,9.606350882341486,2.132937677461285,1.8475083482432932,0.9973314035008368,0.9182958340544896,82.1717953806239,0.11600000000000002,0.19999999999999998,2.361705271849989,0.43699019445417586,55.7735739109567,1.8887450983442895,851.1063234423907,340.7457558767868,1823.6189455151361,390.1823849563779,2829.0869777261523,287.4095651959007,988.9903271418809,0.20834881433083166,0.1014533765175821,-21.983166862911926,14.242675293997484,0,BBT
1_8717,340.4272191287614,114.59963152695106,479.83165425359135,0.027763047556990546,0.15957005251536116,4.68853607229103,0.4584527220630373,,,6.553934428348044,5.873293759720177,9.525275473832806,13.002053099628307,0.11634865001655996,0.07004756922088665,0.31677137200723465,0.46081154584813205,0.31450273186121946,-0.1440401738408974,0.03274110496407401,0.5413041985481214,0.6402094029586984,0.29172998299578917,-0.09890520441057704,0.35231453762200304,0.5644699140401146,19.277269651410087,5.129166074359339,3.389655837738166,6.844159033250813,,,,,84.19641419077638,0.22533333333333333,0.4533333333333333,2.863565625464157,0.7457923441411859,37.4721172172537,3.649389520803907,749.3001319149137,234.83833521218858,1632.475137647312,317.0484532229809,2753.7513273782447,451.68515517503533,1002.2255977316654,0.13809299846056458,0.05130975098287957,7.105634150760059,12.390221839744775,1,BBT
1_8746,218.6217449163036,47.192042359712474,228.695362043769,0.014164123911282153,0.118948782969472,5.340358434766096,0.496098104793757,0.003995255576677096,0.08011671226027646,6.331450966958677,12.247801845717488,3.155226327214226,4.217894895823317,0.09226158822685035,0.04613739500702825,0.25195282715807965,0.4343251304137871,0.14918262981347974,-0.18237230325570747,0.1199163765796798,0.29911406830229287,0.5120632752131649,0.2169410045506953,-0.212949206910872,0.292837391736389,0.6124721603563474,9.339153795607475,3.443420701328403,-0.8674952641380742,-4.268630330874174,2.4301279668113827,2.979518501395233,0.8886246971170072,0.9852281360342515,95.59694033962778,0.2670588235294118,0.604,3.0293517602142197,0.6783552808031403,38.66624757937778,2.0347180208212716,830.7419584774559,319.3962538119616,1809.6214660077105,424.93562188439836,2871.8290133834166,352.98843610653785,1020.54352745298,0.20735983842804934,0.09082432738898377,-1.8322245383806541,8.568436190500558,1,BBT
1_8749,189.89150470124568,48.275374301069824,317.5775919901253,0.01689164944194776,0.11992894949843931,4.634323984729467,0.43812709030100333,0.0023884489120480517,0.08775843304410585,5.984033531092399,12.140529942250215,6.059187273217892,7.830861382081024,0.10490487988000405,0.06473820920640048,0.1673734206430759,0.3026389274353079,0.09039692294111375,-0.135265506792232,0.1352044327347688,0.4913550021680983,0.6722267113628851,0.2470246356342049,-0.18087170919478684,0.28389479364915093,0.6688963210702341,6.699637596110793,2.493347304621833,-1.392768917138707,-1.0402576750592778,2.2494088132384444,2.548729153152095,0.8311157682072776,1.0,84.69155354449474,0.24000000000000002,0.23714285714285713,4.473765593319315,0.5603698196985386,41.39462118977953,1.950888263268193,866.4007074377081,345.2639589135581,1931.2846199610485,462.0779555096878,2976.9314161697666,484.89111036343684,1055.2653543660294,0.20649134269769745,0.10006858512466014,-2.3494315387309066,7.2661704459780525,1,BBT
1_8827,192.26325521518103,31.75056143231023,210.26326112306901,0.016282436444507595,0.10240948995206021,3.5252100195505376,0.38755020080321284,,,6.183510638297872,7.476021267205366,1.315319391222071,1.8226927470534409,0.10114050762655308,0.06161092180329324,0.2935179468220602,0.38904285629559354,0.13829796895557542,-0.09552490947353331,0.0902020524901882,0.5195464722490666,0.4011941976881566,0.20412414523193156,0.11835227456090996,0.18596196376742002,0.6586345381526104,9.481247092918364,3.1914893617021276,-3.6641872647008933,-9.280509293463554,3.1533548808909533,0.1391618676475641,0.5984042553191489,-0.0,129.73272642390288,0.2911111111111111,0.35666666666666663,2.93066836964524,0.6593978245241922,51.27202598904622,2.834678158341354,727.1018190194934,192.62893412913078,1718.1045188633398,345.1383649786737,2844.9864495266484,353.33228974702894,1058.9423152535771,0.18429385455723146,0.09192783216939045,1.0315583380092375,8.036083323520277,1,BBT
1_8837,164.1958207886337,45.280171265420435,438.91627626351396,0.024748970574670296,0.1560493711840632,3.02525913450096,0.39648682559598497,,,6.625,7.9594304132011935,4.449743575812132,6.556345998663593,0.12590001065460035,0.06440037450520941,0.4922101078539872,0.6683237563090273,0.11761511076040114,-0.17611364845504007,0.08644778544890663,0.26567542403735844,0.3699180298518307,7.211110073938362e-17,-0.10424260581447226,0.3140380362325801,0.6365914786967418,11.699756293032394,4.375,0.7071094040308453,6.262107474359068,4.7651679081633285,5.263407036059764,0.5,0.9182958340544896,107.11507913880043,0.3985714285714286,0.5975000000000001,2.8471753211405337,0.6932878251869112,32.58025760832702,2.084692273813377,751.6342827398976,261.57291894005493,1682.6441642242871,352.94153098967786,2847.7585377354885,359.02234816386203,1048.0621274977952,0.1331577515826806,0.05333417246503087,2.688871747497145,9.260624949922795,0,BBT
1_9003,195.87538602764948,99.95991916574384,334.3688593033852,0.026599458395661777,0.17310925661388288,7.641934065351811,0.7373737373737373,,,6.316432222171966,10.82807954409992,48.90683343150189,71.30173301734011,0.13574171052036818,0.07571786787753645,0.3325194758974287,0.4482724267457327,0.0899235973995271,-0.115752950848304,0.07496468319315586,0.4800383138745184,0.5268810697902303,0.13018891098082389,-0.04684275591571191,0.4638917158824549,0.2684563758389262,37.13600905974684,9.973314035008368,0.6123147143767979,1.7508060703979247,,,,,102.12933745738357,0.072,0.059999999999999984,4.862124707674466,0.5347633115604727,44.625903600225556,6.467739187957744,748.5727149139525,389.7613268658632,1756.7413354775117,482.96572168333387,2907.9691776460663,477.07316820782177,1079.6982313660571,0.12427891876686331,0.05290298251302016,-0.7207973157387936,10.496580991751873,0,BBT
1_9009,214.68006927425932,65.72868822573845,290.5175471692779,0.022650205817401185,0.12983098080452365,6.086219479753866,0.6075808249721293,0.011712509203446445,0.10779839971540583,6.331450966958677,7.233054625836429,46.623649097140856,82.17366467714099,0.10923326675869077,0.0742935421143412,0.5119061288578101,0.5360750258667729,0.08582821508457494,-0.024168897008962853,0.02094965742905286,0.4752605977963324,0.4416836794600193,0.07993607669774316,0.0335769183363131,0.22280401706323882,0.48329621380846327,17.4031607582872,5.776060531260547,-1.550532888671058,-13.685510099576284,6.096097562647059,7.642668005914258,0.7775466099773813,1.0,109.82381578238292,0.15454545454545457,0.25777777777777783,2.3048598655623773,0.5981981321714357,43.15841869230999,3.0076702360550365,824.6312065817517,442.84959863373194,1902.6523577895396,438.7608250443664,2900.397610430206,402.92282150525125,1037.8832019242273,0.17611114427251057,0.08980158868307277,3.120079502713524,11.930444985908991,0,BBT
1_9087,139.48214607353103,37.895222721850025,262.98073208192966,0.02189348579307678,0.14215027590211002,2.496781150039175,0.4512893982808023,0.0035758293857181185,0.24017759906559985,6.838888099145786,6.972188419549023,145.08283794944674,161.36883535013536,0.14009814627955822,0.06297496652018013,0.2068707544572697,0.33793036633341533,0.2630739326223947,-0.13105961187614562,0.1365356559211276,0.5062144088087717,0.566001946297939,0.30618621784789724,-0.05978753748916732,0.4558309064249185,0.6045845272206304,12.16922273919082,5.699073415954821,-1.0645911142046331,-22.623886644912183,6.389601340493439,7.131487207428606,0.5699073415954821,0.9182958340544896,94.79811902840146,0.24923076923076926,0.48,2.6680235278567612,0.642296395853401,33.75771811105322,2.359378194033121,802.4576124622357,322.6262152536105,1732.6034991012102,373.13777465740844,2761.6506392256406,390.6832056294644,979.5965133817026,0.13015671832534456,0.04811542353436903,-9.549463855679384,9.443383743377261,1,BBT
1_9245,185.8957585380124,114.25024002069765,479.77571502502394,0.033341265800446246,0.15538193125643437,3.8699704241337853,0.43645484949832775,0.007803229213132268,0.04609400463118866,6.648926145658221,13.296805987588558,6.140584281812786,8.231676779642358,0.15279703433375666,0.07294541144090189,0.43147486048690015,0.4509622603311824,0.15612675699306774,-0.01948739984428227,0.03619730785393982,0.7276070716742922,0.5520891744460309,0.1072112534837795,0.17551789722826128,0.2631431521704328,0.6020066889632107,19.715017920932166,5.152917762885122,-0.5247799067071347,1.409724013076282,,,,,97.96911922149114,0.2444444444444444,0.62,3.8371680732769833,0.5638653221372248,32.199509008096385,4.441325979414729,812.3375180288015,390.6493951197005,1800.8454910322978,401.85869458014173,2861.887100753732,386.1497971642498,1024.7747913624648,0.1175615727503289,0.055314014035708105,4.888363842460081,15.420008629187373,0,BBT
1_9594,227.13647288607928,54.734798410713324,219.01868841727912,0.014112458294489993,0.13357264540610714,5.840352120539502,0.5150501672240803,0.00836221050161753,0.03623389477565023,5.984033531092399,10.766353554355941,15.307661578735939,20.206826530353933,0.09530392229442078,0.05579533864382897,0.36597862646100016,0.34831565021086147,0.1805787796286538,0.017662976250138684,0.09185146298436331,0.35489616271052665,0.3306457963424954,0.4950989654412548,0.02425036636803124,0.31606130930691856,0.568561872909699,12.122487099151725,5.319140916526577,-2.5588127724292775,-6.464231026273678,4.115550286379715,5.330893922384038,0.8311157682072776,1.0,103.83054893204613,0.25600000000000006,0.404,3.973781660704676,0.5631742886791361,38.39514077481792,2.2222181032316235,900.3612157988473,309.5573442290306,1732.9302126474233,471.453762297839,2930.4444417459117,446.0590877345046,1015.0416129735322,0.21637509934486415,0.10327083837804868,1.9092375215613306,10.531507348698861,0,BBT
1_9668,162.4638280965483,102.75513650187344,511.8100942035262,0.028416725376916734,0.17876249837960725,3.7642937276432957,0.48327759197324416,0.0027785483231067653,0.10650783491415153,6.150256684733854,11.856535318871781,33.72530884817191,37.51568535904626,0.1481510467747289,0.07404661445549703,0.2980799292097205,0.3071371519321848,0.05634361698190108,-0.009057222722464342,0.027597415511086076,0.2862708355955931,0.34164137115832904,0.04339630366027461,-0.05537053556273597,0.43581564341729473,0.5785953177257525,15.008935206414662,4.488025148319299,-0.22523534477685575,-12.385659762672521,,,,,102.00122388320658,0.17230769230769233,0.22285714285714286,2.609354978669385,0.5308645764087747,41.420744427674364,6.201779483508873,773.1391629594116,398.7237701082583,1877.7677437314862,388.06583610550643,2955.222711612354,383.9861534379448,1091.0417743264709,0.13413466257829462,0.053368684743260654,-3.215783864072181,12.522092449960267,0,BBT
1_9963,166.6546182061537,62.89687520492698,188.90618485795562,0.015358036719604016,0.11292996468279612,4.325807730031101,0.4276094276094276,0.014955149652191854,0.20367104421369694,5.98398842100502,13.839102184592733,27.583625848254243,32.03804441188386,0.11966531062168376,0.06877554958500828,0.21390739930413644,0.31243633201997706,0.13575726179358816,-0.09852893271584062,0.23880720461871963,0.5566382977049057,0.5848008948757787,0.20180183819889377,-0.028162597170872994,0.5860956128421987,0.6711409395973155,7.125888648115133,1.9946628070016734,-7.289803611608328,-15.230223263228668,3.892480380398561,5.094332313101973,1.3297752046677824,0.9182958340544896,70.08852258852258,0.20444444444444443,0.49,3.6563518705440043,0.6087757882374049,51.158172214947385,2.793385185501873,851.5070383469432,277.81455288659083,1800.404287747716,485.6076560180149,2928.5147164168766,332.362566442533,1038.5038390349669,0.19742371874759995,0.10676856947245542,-0.865172414571966,14.583720643637777,0,BBT
1_9971,121.12961264072143,77.86637344114133,486.8318046067979,0.03212552743173227,0.14477660770866232,3.3356360204903392,0.38108882521489973,0.004096975032690302,0.11842768258913708,5.841550251353691,7.193272610660075,52.516251643877354,64.90454948220155,0.16642275869811612,0.06237734408217026,0.28221092416154653,0.4417212920944049,0.024558833620630098,-0.1595103679328584,0.08158756982100512,0.2782335191495391,0.4545828098047159,0.08737040566610381,-0.1763492906551768,0.25702632753663257,0.664756446991404,8.257935602612383,1.7097220247864464,0.9990457207386366,19.856715668246423,3.828035812528782,0.0,0.28495367079774103,-0.0,89.76861896009312,0.1476923076923077,0.1776470588235294,4.883505331936743,1.0075588802245459,41.57387171867208,4.884889658089758,753.1567317561544,282.97261300166105,1707.6740622372952,436.8871232613341,2852.389055634984,484.6109817293088,1049.6161619394145,0.10919998556582829,0.03906890538292795,-0.567170145691785,8.339437250238625,1,BBT
1_9972,238.40959594919636,67.82225014662382,474.1819933988295,0.024691981677750822,0.14505759070830682,5.7870774836541905,0.46586345381526106,0.009162959190972682,0.1455580405040745,6.183510638297872,11.496561660853313,9.196696296310286,11.562793737631633,0.11408366946182628,0.07405714518659777,0.5519749844979569,0.7097084882792235,0.14154373088084665,-0.1577335037812666,0.06028900114714042,0.6587835416365193,0.5837099965797723,0.08192319205190404,0.07507354505674702,0.2616482596986839,0.6104417670682731,17.91418299270747,4.787234042553191,-1.130622198569931,-15.067273961757278,4.034534156510005,4.508580851645945,0.7978723404255319,0.9182958340544896,83.01104988914025,0.16666666666666666,0.38,4.537564469813873,0.6643996009010844,46.8568730953186,4.601467951723679,782.4821625192062,347.3666436039715,1897.604043376748,448.87119530419864,2937.100838756038,386.87618505197435,1077.309338118416,0.14991434609661528,0.06820409932169146,2.589335788064319,13.65249491383008,1,BBT
1_9993,325.6085623969805,91.04728823314298,457.8125925059839,0.015390533359251182,0.12522604554118774,6.772290740788758,0.5843373493975904,0.008119173981646148,0.1164964854836669,5.984042553191489,8.390223064533284,14.978295987290643,22.55951347070694,0.09578506256412207,0.06536186360292605,0.5665840149705568,0.5355031748509754,0.03007981741472556,0.031080840119581343,0.09500537336330905,0.6603313540893435,0.6702036618134581,0.0995037190209989,-0.009872307724114626,0.19178858380859642,0.4899598393574297,19.945720690175424,6.981382978723404,0.7550550301071919,7.100635905698208,2.314625737564727,2.1290958429664095,1.1968085106382977,0.7219280948873623,90.3852061916578,0.152,0.23200000000000004,3.617910261690418,0.47312852681070744,43.12441868756583,3.7010815543200275,912.9751021487791,303.96904964118875,1795.5823388711462,337.6636014386643,2811.573089733953,332.4124564627364,949.298993792587,0.2252856482107691,0.12212785720005599,4.6296492810686525,17.30019304276747,1,BBT
1_10004,133.05375007957576,25.76944970510593,154.58361346972933,0.02347054915216764,0.15155403755573751,3.707468088218502,0.34813753581661894,0.004416073983462459,0.113763577621297,5.699073415954821,15.539720826260575,49.43742499015053,85.30413828069985,0.14690231973569232,0.06301335264716566,0.46682284795453893,0.5377213019323818,0.17258541924118492,-0.07089845397784283,0.26077850768303035,0.5611133970061364,0.6913995329836117,0.2608885341005444,-0.1302861359774753,0.5538779465852677,0.7077363896848138,14.795725721617874,4.5592587327638565,0.1812459203600218,11.910552334044022,1.239257414387434,1.4205267341289234,1.2822915185898347,0.954434002924965,63.93696307674802,0.3523076923076923,0.7,3.488691302995813,0.4717156802896385,35.565871468232146,2.511834874022933,960.8297222971848,395.508560755912,1932.4053130618954,504.4947031034349,3001.068588357741,404.45528386221315,1020.1194330302781,0.14288410859641743,0.06520090857754747,-7.635390633094529,10.277597274025458,0,BBT
1_10009,238.5179764055427,74.38870934176157,315.1719380188707,0.016338434176729547,0.12065552387967296,3.4739712424224964,0.4457831325301205,0.021525905426413,0.1238830683182144,6.183510638297872,6.403099691277322,13.401275035689698,13.245616273147013,0.10866217809877507,0.06184830575904437,0.44698952033908596,0.46957466459848307,0.12038585308576923,-0.022585144259397116,0.15260201347777036,0.6582156778424482,0.661105401539164,0.2305674987947604,-0.002889723696715807,0.29071983010906643,0.714859437751004,5.728938829759721,2.7925531914893615,-2.3488622895947606,-10.79099746753119,3.4930565298488485,4.931929198408027,1.9946808510638296,0.9910760598382222,72.31968810916179,0.3072727272727273,0.5,3.9866694994493614,0.5686725087482158,37.359569873965455,4.481928856910615,863.0941590247742,121.34960717600241,1655.043733245248,212.9316076504183,2797.2524328799354,182.8685015899131,967.0791369275806,0.20838684749099531,0.08941350732244628,-2.319653257070639,12.069464673981258,0,BBT
1_10190,201.90946368679238,67.19403556522774,351.31790255549436,0.019289415664076107,0.12407808063861335,8.798865993837127,0.6025524156791249,0.00930915041652521,0.07370054629181372,5.632253519385976,13.250252174706137,20.042721238594776,30.180825991195224,0.11274132980014531,0.059707361241810995,0.3374474563194079,0.35014192378511466,0.23342745619939625,-0.012694467465706738,0.025198614785444273,0.35970664850715395,0.2743839552250423,0.06509445549041196,0.08532269328211167,0.1394953394971935,0.4772313296903461,15.076151809382813,5.268882324586881,-0.614262323916171,-6.285679117645712,4.680506326601338,5.803246795182653,1.0901135843972858,0.9456603046006401,86.20328605952933,0.139375,0.22000000000000003,5.7625120550185835,0.7599014657820968,40.38627879720445,3.603092435364292,895.4928016292363,480.3488071310782,1962.3742793788292,513.3949133533484,2981.0764644636274,488.3011504668022,1042.7918314171957,0.19444246174700636,0.09568053924424035,0.9394203928079599,11.87664639482706,0,BBT
1_10462,110.36191205929937,59.86914755997753,508.73498823035015,0.022537392061708957,0.15778364803719697,3.9447709047225628,0.4537346711259755,0.011354712515341005,0.12465392718366163,6.442529054098302,8.335214333610757,24.145409003480076,31.067936362147464,0.15760457959983007,0.06571004936224906,0.4497449635855701,0.5315766566076753,0.15509935357050636,-0.08183169302210519,0.06820962259644303,0.40481620205549435,0.48077983140077774,4.510861175304982e-17,-0.07596362934528339,0.18340813205838868,0.5902004454342984,11.707318899639787,3.1101864399095254,-0.839716755343308,-26.393543759909747,3.4706006720913507,4.0150502221499105,0.4443123485585036,0.9182958340544896,68.92976834487128,0.1711111111111111,0.3244444444444444,3.717325410835405,0.7096632152252798,39.99307450717257,3.1707287733451666,810.310863432271,366.6228791155409,1886.6182396798988,499.54589036178817,3034.603304642825,441.14623145573125,1112.146220605277,0.10762895663294576,0.035011486804963965,-11.367172539846527,6.989652100365622,1,BBT
1_10495,194.12237968857917,59.06492486661058,469.3663242144534,0.017827760144623457,0.12958304997874961,5.258887974649088,0.3877038895859473,0.005162366728346325,0.16921933283237037,5.25,19.402650974213323,31.568141573642993,50.1952449674818,0.11829309992254956,0.06335641460636353,0.6825737947164489,0.5849231383703267,0.5966679631317978,0.09765065634612213,0.02251080970470931,0.43172005933705115,0.5858518366253612,0.058621038176054886,-0.15413177728831007,0.25171079754329373,0.656641604010025,10.6443777086155,2.625,-1.3034034196042004,-0.43377942443436623,2.2611905409835327,0.0,0.25,-0.0,114.36300728795659,0.3453333333333334,0.6257142857142857,5.300663387077645,1.2379059965067944,48.30690177284529,3.626783381202722,963.5285552173059,350.079040391627,1891.8045908801803,467.87726435835657,2973.796673700019,404.85228687364486,1005.1340592413562,0.1830553380009857,0.09150279669395586,-0.25167435299782986,10.39820649385583,1,BBT
1_10496,195.0574006370608,59.03956777807484,452.6437386606666,0.01640523781276897,0.1272514179386675,4.384692313619494,0.5050071530758226,0.005356333695702585,0.13647914830687943,6.492575707079369,11.22806074726964,37.99032361709425,50.432984567082876,0.125043427178745,0.06523266936250441,0.16737423872781712,0.267610908171867,0.02613149210590495,-0.10023666944404988,0.05347591753423053,0.37196271390267777,0.3782451897163174,0.035466345106595444,-0.00628247581363961,0.15850185630774338,0.5336194563662375,12.492449140378405,4.280819147524858,0.448530790963254,-1.1038083980618616,1.0714619783260837,1.2230129231899065,0.42808191475248586,0.9709505944546686,90.01624755391727,0.20114285714285712,0.3514285714285714,3.9826563599167475,0.5484456594869301,42.437641498965334,3.1654636715380735,929.9364231250095,390.1990067626026,1884.0190195824514,461.1412569116611,2912.964130796715,379.77608305305574,991.5138538358524,0.19982496957078386,0.09717708601987635,-4.145811838244712,10.017390029065155,1,BBT
1_10748,177.9422495397417,29.054194252225816,211.10153275708723,0.024766165015090404,0.16231669792839742,3.238538134663997,0.45702005730659023,0.013922225450582543,0.2150495397357496,6.268980757550303,9.056849095236869,17.022076633192665,27.394720085602717,0.13650580573516435,0.06838839568740361,0.29383483983553693,0.23247720524706644,0.09045797207315136,0.06135763458847049,0.10064644825891633,0.44740302466819415,0.514381421990377,0.19477234678290495,-0.0669783973221828,0.10455088025184023,0.6446991404011462,10.015758682656612,4.5592587327638565,0.0333242624443802,2.237018178201655,2.180952039992633,2.813941634509549,0.9973378477920937,1.0,98.10996193349133,0.20428571428571432,0.3125,4.2678269163533615,0.5256703408345361,42.78771796725272,3.256418098998233,805.7155922997806,261.1680580447974,1730.9229271782112,325.91177361574006,2814.4006606322755,299.16340787517004,1004.3425341662477,0.13472166683689885,0.04742976095925244,3.352058486081607,10.409011045346858,1,BBT
1_10797,212.28052413274455,79.99709771200466,393.72190814570075,0.021575720049259277,0.11147255492966567,4.883988754514069,0.3954154727793696,0.03793129670819901,0.1841398385516048,6.126503922151433,7.692417641864825,2.9641577109821946,7.909918353657022,0.11437303409657235,0.0671846419694336,0.20808369372886415,0.2572053270543593,0.10283867552865915,-0.04912163332549513,0.035271069413581047,0.5757040297472955,0.825660512750806,0.14797908710009705,-0.24995648300351048,0.13096564975172564,0.6590257879656161,8.635762925030262,3.704397720370634,-2.175160787725133,-4.444335184387465,8.347001066496492,12.490853839896566,1.1398146831909641,0.9852281360342515,72.17181698406993,0.1408695652173913,0.24400000000000005,3.859188550446222,0.9453064291076303,33.77287177739248,1.826298836157631,790.5642360090158,318.0959829142494,1809.2116718057698,377.9059969066732,2953.569462238317,323.5072226587412,1081.5026131146503,0.15762220516924422,0.07772370414627866,3.6358670861550246,9.987359151641677,0,BBT
1_10810,180.72230349069872,71.0084555157462,493.82324689929794,0.023565487426421908,0.15414234803060098,5.776892029040216,0.43029087261785354,0.03641817209024829,0.16992745695114087,5.297165235837511,7.426198401342841,8.678939600508016,21.63329674119024,0.1339285405621058,0.071466647368417,0.599841131171921,0.37882233793505543,0.05755496966315754,0.22101879323686552,0.03394594909723159,0.5565135536400728,0.5692729948512373,0.09407208683835971,-0.012759441211164457,0.08886084730743216,0.6132264529058116,17.369729264877588,3.3981814720467054,0.38694615150036443,-7.221790679552079,9.478839968355986,12.522161073105355,0.6996255971860864,0.9182958340544896,90.50890392510019,0.10941176470588235,0.1223529411764706,5.470773813100484,0.703610576322076,47.77430821387888,4.830109152421673,810.4202176478793,328.00498778631874,1797.961118062404,435.7632748269331,2897.8181346398387,426.9530091691,1043.6989584959795,0.13004445375637438,0.04935865504450416,-3.9690405392926733,11.155511589024679,0,BBT
1_10829,171.70532035332516,20.612300702369264,174.58854641671343,0.01625814092454648,0.13063547952804636,3.720294196547189,0.43931795386158473,0.0029396962969139235,0.07501938328797376,6.4965234024422305,7.242199064625023,6.070868707946582,9.321168310225913,0.11730314595836208,0.05996961621739045,0.37919428227875296,0.4288497740595913,0.04535532208577242,-0.049655491780838334,0.18356363228524653,0.26588848898709444,0.27456835615255715,0.10283867552865912,-0.008679867165462707,0.31686159251289203,0.6052104208416834,10.54239324654584,5.397111749721238,0.3149328571071473,8.147348880385307,1.5869295617769332,2.171807009372929,0.6996255971860864,1.0,65.40515144634138,0.34842105263157896,0.6155555555555556,3.4861403379222904,0.5475650669029932,43.92450559748413,1.4492166437446148,860.4813718743543,287.82247348519627,1688.7562190976305,369.80726303120724,2856.479956940097,364.26773303613214,997.9992925328716,0.17651638894729202,0.07484587900837911,0.49883109797240616,9.408258667311769,1,BBT
1_10849,114.39095595785604,42.68508082275574,183.45009207214642,0.018234896444390497,0.08931407082462549,3.34657092106536,0.25903614457831325,,,6.382978723404255,13.914831274515876,9.981373094167616,16.13757556393321,0.15507000615653627,0.06722586019706672,0.2875521159143093,0.42043442843393597,0.1723454968864279,-0.13288231251962668,0.06508720506906296,0.5662845136624248,0.4964971240434081,0.08247860988423222,0.0697873896190167,0.18458521443123055,0.7951807228915663,4.722896007790014,2.5930851063829787,5.750102050458166,19.003120483053564,3.893065800130479,2.2164888973339885,0.5984042553191489,-0.0,91.98363040468304,0.3175,0.3175,2.927698375319227,0.29736664380281713,30.87168113041842,3.239346929366003,886.8984884360237,290.0212132762913,1791.9697968015548,457.15442750345517,2981.019650474972,429.6611632349843,1047.060581019474,0.09538194421847873,0.020072467951490806,-4.41700326412271,7.888818903873579,0,BBT
1_10853,221.01988806883307,49.49304292423874,208.27778953077663,0.017090758773256238,0.11568971755334526,9.408330135100563,0.6124497991967871,0.0022600087678725823,0.03849127957685057,5.784574468085106,9.149023267709264,4.070029931867817,6.392299572924335,0.09826093765825471,0.06358170556542984,0.5371199091894866,0.3622102509697767,0.2848521623049845,0.17490965821970988,0.040591863961159214,0.6856658329798724,0.5952672845429015,0.2512633705333607,0.09039854843697093,0.47291546665547524,0.4457831325301205,19.201101479150587,4.587765957446808,-1.8747724393640297,-6.652055349303641,2.8995007920324665,4.035763353185176,0.9973404255319148,1.0,93.61628870688598,0.10000000000000003,0.07428571428571429,6.281145866126864,0.4509898206749364,44.24712435742347,1.9281206524947478,825.8146764605832,299.8382287038311,1819.0882714089573,475.00655583569005,2989.185288622164,395.09390282003255,1081.6853060807903,0.1936208098104336,0.10296234791312198,3.73162939250111,11.663544033190027,0,BBT
1_10857,139.66776918148827,41.690830650215155,313.81092417150273,0.024020067520484793,0.1483384560230467,3.0367110378351043,0.38108882521489973,0.010265109421803075,0.1648601678215644,6.126503922151433,7.527583458289151,11.866918014082176,14.167167986685081,0.1454858383439302,0.06174871736143324,0.2766376918029552,0.4611818073097803,0.02100265700417717,-0.1845441155068251,0.02669470387709849,0.42162591175760206,0.42862913207306375,0.10721125348377951,-0.007003220315461689,0.2377985197405923,0.670487106017192,9.659735562536675,3.419444049572893,-0.44083584612042087,0.6495722740089569,5.672846353622492,6.479196322907663,0.7123841769943526,0.8112781244591328,96.70193420722995,0.162,0.26666666666666666,4.835924342814634,0.5254206410066823,40.84542785032982,5.136026452123185,968.3906196249184,412.0498098622711,1851.9047909061821,421.12963700821325,2940.6443234986814,393.371038439873,986.1268519368816,0.1481667644695051,0.0700450772748084,-8.747072648774148,9.64952680797374,0,BBT
1_10859,161.06576267458072,42.6639452426205,213.87135572920187,0.022201341417821614,0.15358958573506948,2.5268302083783314,0.32996632996632996,,,6.648876023338912,5.395665110028014,3.0959396063393623,4.57211462867649,0.12343634135871759,0.053406037565938674,0.45327416624349653,0.4136025384588559,0.37279307360217495,0.03967162778464062,0.16982172544330643,0.4802981161530299,0.541870443652757,0.5345224838248488,-0.06157232749972713,0.5815855815233053,0.697986577181208,9.2054153309436,3.6568818128364016,-0.3035146205375773,11.178670808849674,,,,,61.8707815482009,0.15142857142857144,0.27999999999999997,3.2112660940537587,0.4886037987340446,42.421264475041475,5.6894470961327475,801.8037437696302,359.5574037460241,1844.0608096232108,465.8068823349507,2937.9822942575565,407.9548699110447,1068.0892752439631,0.11897814385003029,0.028915628813305196,-2.5330332472062174,5.486939019486997,0,BBT
1_10890,184.427685938008,84.37266954390239,442.513259698081,0.02738719148610071,0.16329702626746415,3.308918244216534,0.3712374581939799,0.060214995860659926,0.2119141954322228,6.981372452941132,6.362703883699846,13.305944283496162,22.74523349466605,0.14097500668918175,0.0569202740803175,0.2757450199590926,0.39499517433192327,0.08730794617593375,-0.11925015437283065,0.17412713854597384,0.5042211945304645,0.43221000557997447,0.2020305089104421,0.07201118895049008,0.3089977925949958,0.68561872909699,9.011522774503485,2.9920167655461993,-0.24906258798913702,-10.596159951560121,11.093795725259685,0.0,0.3324463072829111,-0.0,91.40025240865577,0.16285714285714287,0.26666666666666666,3.6755211336345894,0.4608378975534857,30.00446373102379,4.348532274511548,864.1376167538076,317.9603984540994,1747.5218764564477,354.1178315817385,2924.9434650701032,339.20828838696104,1030.402924158148,0.15283777488795475,0.0661333929921941,-3.503299064320591,10.492994172697433,1,BBT
1_10977,156.54879807628006,117.07262996157164,515.0077625876976,0.028052431962872357,0.1376269271537212,1.4520658019019055,0.27638190954773867,,,6.731986973630649,7.284283373458745,14.096798557929656,31.319378573475717,0.18075820999656353,0.058846610060343134,0.37296899243112447,0.6429080789749725,0.05320788433725245,-0.269939086543848,0.12512540177721643,0.5557567685370477,0.5801493953176723,3.0404709722440586e-17,-0.024392626780624593,0.20350950905814502,0.7236180904522613,8.896245601378187,3.739992763128138,-0.00581645317315238,-8.368739206781687,,,,,87.03817921209225,0.19571428571428576,0.16571428571428573,4.717690266142805,0.39884020647281204,32.011365326043695,5.619302673018783,807.7800302227257,271.29255432882366,1683.8958151227273,372.10059243698964,2881.968390348993,383.75967872114467,1037.0941800631335,0.09818557071638521,0.027795892874850004,-4.78137344570468,9.214547246127326,0,BBT
1_11006,186.35025763792166,80.19847470011595,378.2682071828389,0.025662756894690334,0.1541848459177952,7.734015288625243,0.542713567839196,0.02204016673283647,0.18290450538021127,5.983988421005021,12.96558565503253,6.881509705278131,12.729364744093806,0.11726806884167298,0.07075591473278844,0.27072488960274893,0.3987708153823252,0.32120803721981056,-0.1280459257795763,0.11880223507275578,0.2844052497720385,0.28643197478386373,0.2842676218074806,-0.0020267250118252145,0.2978372960698732,0.5778894472361809,13.45978477269281,5.485322719254603,1.379332241499447,-8.586889689947306,3.531100511547511,7.409126945437273,1.7453299561264644,0.6500224216483541,86.5157178535105,0.12000000000000001,0.22000000000000003,5.574832504143693,0.3478247549073731,31.33028668633559,3.6256656143160866,666.0109026144515,266.2941282204864,2180.6269466288145,516.3470773768425,3154.5624128329882,376.61913041625706,1244.2757551092684,0.11026690114485652,0.030209557683474334,2.2884457680672354,12.812592440245837,1,BBT
1_11021,224.9742418725057,45.19377178926168,427.1636527855269,0.014139047255699639,0.12213464801286877,5.426531834493048,0.4779116465863454,0.0032464642426290923,0.07388414715515343,6.183510638297872,10.181875174192704,18.8728972338393,27.174796734849213,0.09967684675896017,0.05584163287953883,0.3188003204021637,0.4531615812988429,0.20475708983698054,-0.13436126089667916,0.10903359971962479,0.39540680701578085,0.44227683905838144,0.36181361349331637,-0.046870032042600596,0.28518055271159004,0.6224899598393574,9.706492383147218,3.9893617021276593,-0.9487084450654905,2.3026038310650394,1.0956924265748378,1.1207325364694127,1.1968085106382977,0.9709505944546686,133.08456326000186,0.28,0.3666666666666667,3.5250361050663575,0.7576237282730355,43.937956139088094,1.611203219096628,859.2912566738664,174.12635641679947,1690.0970510839861,285.3723672588756,2837.0488425807757,312.31476312135806,988.8787929534546,0.23436192696396002,0.11819533876070232,1.275801411440835,6.840009921645733,1,BBT
1_11042,472.49170410698264,60.96454598139119,496.62470823738926,0.01768734852639557,0.13107453753573875,5.189075431672579,0.4183381088825215,0.00487701401687433,0.10862688550984131,6.553934428348044,6.819144153935074,9.214591203888675,14.752396168433998,0.13533061324006604,0.13389923856420216,0.2868333087444273,0.49621780338533444,0.01813591198658435,-0.20938449464090714,0.23488967093601232,0.4125277542728744,0.3994608564721235,0.03263376665824188,0.013066897800750932,0.41721993979909267,0.6389684813753582,9.700887439045975,6.696411263746915,-0.4133799458293539,-10.214493612118197,0.8196358047865232,0.9993558410265696,0.8548610123932232,0.9709505944546686,89.91802140631573,0.2414285714285714,0.40857142857142853,3.143976289146609,0.38588772766320684,34.40792419361047,1.34025127174443,856.4674426093031,228.2515454248786,1773.9445126353462,395.39739808512667,2917.0769286666705,354.64408639961346,1030.3047430286838,0.1328821535025607,0.045167571646158707,-1.6482777773512851,16.0195664084536,0,BBT
1_11046,113.35483110736823,19.755422523366523,98.72931185179053,0.014948948185834284,0.12666948299640618,3.1336118869971785,0.35542168674698793,0.003741932861891692,0.11071378157348669,5.38563829787234,7.646899103826219,36.13567617922943,48.989145190353554,0.13672169622154448,0.0612283928989074,0.3495206842361363,0.366696438750181,0.09460323297592804,-0.017175754514044683,0.15323340705159183,0.4011914410642111,0.4045777799227174,0.13018891098082389,-0.003386338858506255,0.4291601811010991,0.6666666666666666,7.16083564392827,3.7898936170212765,3.171098602519837,5.931773900842327,2.1103494439825212,0.0,0.39893617021276595,-0.0,84.02446380871854,0.4200000000000001,0.4800000000000001,2.912516214607547,1.102127913022193,45.60452456897577,1.466385240795822,932.5481308391372,240.06259505788685,1764.2831850775938,391.3333511214455,2950.3964915490083,326.32923299018637,1008.9241803549353,0.11345703514387372,0.030265575398092347,-7.0011869711259065,7.325235457351666,0,BBT
1_11051,186.49060328379653,74.61277150035305,378.30884793610034,0.024735858744166287,0.14997312497388568,2.8033056783483534,0.40974212034383956,0.002129512162897269,0.05786472303420879,6.838888099145786,5.858641009094964,16.66371086655094,20.132040077563936,0.13091625265624424,0.06895600948962273,0.27815167705013977,0.5956588836735008,0.09779932606517024,-0.31750720662336107,0.04743364978980047,0.42535907370001125,0.5587328932141431,0.24663181183349508,-0.13337381951413185,0.32423846515684285,0.6275071633237822,11.264702205281266,4.5592587327638565,-1.9958063732990061,11.652055600787525,7.869744375190378,10.51036209644314,0.5699073415954821,0.9182958340544896,107.01008406769976,0.336923076923077,0.5085714285714287,2.7127130302740547,0.4082589936386443,33.81585868182672,4.959247079547685,806.4682573514788,297.3575168413162,1697.7351934819303,263.2023636783465,2822.3726047580058,294.59650792544653,1007.9521737032634,0.14979511350437663,0.07660603271831104,-2.001498318824094,7.348965122486406,0,BBT
1_11055,165.36213392945422,63.67439437095913,444.2048348826464,0.021570272499409193,0.13340825669995193,5.738690193054191,0.6176961602671118,0.02133276872072259,0.19445704819273746,5.828135147789575,8.170466499931386,30.412443910101754,46.830441530065876,0.12549071834412953,0.062379091976432426,0.27302335934108785,0.35977318528884444,0.18708072195981432,-0.0867498259477566,0.04396679942237669,0.3257201711576995,0.5759219730130127,0.35854437727271093,-0.2502018018553132,0.24585707828946302,0.48580968280467446,13.034027572070972,5.911394221329426,-0.3661301452841052,-8.911590191539403,2.671695385863866,3.6247493277741416,1.248886103097766,1.0,81.26956721862693,0.13312500000000002,0.24666666666666673,4.1718932297375995,0.4087884779179322,42.246102090816684,2.7209774044057093,763.0003578755886,276.36473960054195,1758.8589874236552,448.26203738053164,2859.1134013144374,396.8200435159448,1048.0565217194244,0.15402414349617183,0.06548608196922047,-8.412561875391257,8.87379602385315,1,BBT
1_11098,363.4731225374549,97.26247285335327,516.1288813294932,0.021558824741723565,0.13352398817706265,5.6356999987570475,0.4180602006688963,0.016062303177255256,0.12668442443703196,6.331450966958677,12.13825135637429,14.065254023898264,21.807821694333306,0.09515543634788316,0.0669441301008018,0.29651455996027903,0.33853123747118025,0.10220339525318639,-0.04201667751090121,0.02404606468076409,0.3457571747433495,0.43940519406301953,0.18090680674665818,-0.09364801931967004,0.15449152624433982,0.6169265033407573,22.861329454163812,4.554201572724662,-0.5021135515942955,10.662962812576056,5.722886872047935,0.23731709615164398,0.3332342614188777,-0.0,76.21854737695256,0.4613333333333333,0.69,4.425374215220074,0.8417770420892865,41.82354761514821,5.1318093931305375,920.5016612862441,279.04555029504684,1748.613538569836,369.4336703500255,2854.70004709376,427.1173038996713,967.099192903758,0.15492535087359222,0.07074639879671156,2.914535458110088,18.726746816634098,1,BBT
1_11120,162.54427080472922,29.262725144928776,129.74091975863797,0.015645677364445113,0.1540576312248743,4.1863229813183205,0.4723618090452261,0.00663602581245349,0.14378334659823497,6.48265412275544,10.011649448169573,21.195259553664897,28.651790854730677,0.13334361587695587,0.06176115706027605,0.18496187114254733,0.3738075718178243,0.10660035817780521,-0.18884570067527698,0.07586977412268858,0.5145694324648552,0.587543025749233,0.18935832092934093,-0.0729735932843778,0.25981253737053667,0.5829145728643216,7.103585689770763,3.4906599122529287,-2.5281752540228215,3.3792934113986455,2.587842807505104,2.6851461912432883,1.246664254376046,0.8112781244591328,74.97996952542407,0.16000000000000003,0.1542857142857143,4.488830772589764,0.5391493197020487,48.56204170234732,1.6345304391811681,859.1776808884229,342.97706366385074,1724.5824842021343,377.420050168886,2819.0398134473885,393.8796489647568,979.931066279483,0.17530968624965193,0.07488870092727273,-6.549328963483734,8.189370483752967,0,BBT
1_11177,193.06917295408886,51.208000295979176,342.14299012912375,0.018036224016079138,0.12957699317289878,5.360361293002664,0.4197324414715719,0.011597415926982272,0.0905157552130646,6.150256684733854,9.973466611132533,12.214243208458734,19.82683558747819,0.11337359951166498,0.06340762364400296,0.46240904215422396,0.5196797288533542,0.0934538627031996,-0.05727068669913027,0.1763462786662151,0.4197021312996543,0.7575073699796474,0.1318760946791574,-0.3378052386799931,0.37022563871282255,0.6655518394648829,7.931373439063416,3.9893556873949327,0.4059877388343053,14.716392019632508,1.867977993944125,2.2280688146951197,0.8311157682072776,1.0,88.94606646486342,0.2386666666666667,0.2733333333333333,4.286328807913122,0.7514971867263661,43.30012139082457,3.131686109708656,872.0493477483217,302.80740216009815,1733.4524642239578,442.42358557621145,2877.925568514023,410.4452442788711,1002.9381103828506,0.20322719272333706,0.09718467447965305,-0.040226246055017435,8.549367804195013,1,BBT
1_11201,244.44237378218588,58.75484990952765,263.4514388182537,0.01544701994400041,0.1034704832739031,6.4031100259224525,0.47277936962750716,0.013889521508195777,0.13663792028301117,6.411457592949174,7.579779635011802,9.703959984667394,13.260497655388424,0.09374770902193776,0.060612351867034314,0.3565680634754095,0.4856505742400481,0.27091418459143857,-0.1290825107646386,0.05644614892726563,0.3889268996054545,0.5270977583110414,0.0519174131651165,-0.13817085870558693,0.20066755101878886,0.5730659025787965,13.360556468726367,3.419444049572893,-1.4603632368289892,-23.760039779850104,4.780829268968475,5.287470552952277,0.7123841769943526,0.8112781244591328,69.57712970247701,0.164,0.21818181818181823,4.83648987010692,0.7134020597518744,40.99479191911203,3.2667617289843145,804.2279327885533,275.14014946013117,1722.476935228503,356.25244622227854,2836.946747829589,419.4400714635477,1016.3594075205181,0.2063556751456001,0.10252178202034794,0.7696897779405851,10.657845252611098,0,BBT
1_11224,106.6472526109806,32.949841516168526,181.71280825529766,0.022691294052136754,0.16988506566675776,2.088158199823588,0.24674022066198595,0.0068350068627477814,0.18369409396301062,6.696416430209684,12.935771220807759,34.22665662117347,47.61247231901173,0.16278264091817918,0.06951822760890333,0.4655427355750768,0.6184038298684887,0.02026518240899436,-0.15286109429341194,0.03000698556640291,0.6208076233803262,0.3992908903594458,0.11867816581938534,0.22151673302088043,0.09518279293474208,0.8016032064128257,4.377464399263579,2.198823305441986,-0.28109352071855553,-1.2167728596006135,2.7297874968272864,2.840037146325036,0.39978605553490654,0.9182958340544896,103.74874668460194,0.4623529411764706,0.8775,3.0417870228554174,1.0047106070572733,35.04696065510877,2.275690644315628,845.8858172355356,287.20891564030677,1766.8657521082132,378.6799027185829,2897.0731167076015,317.85442461458024,1025.5936497360328,0.10674751624659302,0.03319279142470101,-12.873664527279391,9.348660656230651,1,BBT
1_11232,419.77510188187114,88.05033291879928,386.9505453789949,0.01795004939120721,0.09725595152121261,10.283341230512162,0.5,0.004408343834195095,0.12475801430594614,6.150256684733854,13.3530735531844,4.97916286836245,9.161027680807353,0.06851100655602249,0.05868365940742989,0.5571106452180234,0.6985709928885445,0.017223468842473715,-0.14146034767052107,0.029156833803833826,0.7065804403024679,0.5396792156983651,2.7415761655402077e-17,0.16690122460410284,0.42142637681556405,0.5484949832775919,15.47297110244676,6.31647983837531,0.8152155642735468,-0.5848432581505882,5.033004663318558,6.144214878526936,0.6648926145658222,0.9182958340544896,74.95979061471539,0.3177777777777778,0.2233333333333333,5.265362018381372,0.8677906592005717,54.068744182305814,1.8990417955781773,830.1642318616174,218.9872725709413,1686.7968266899275,374.5175890255019,2807.6233717974314,404.7752161745922,988.7295699679069,0.19046357714191184,0.0991351289194073,-4.165331567358665,22.28101121208684,1,BBT
1_11236,173.6356170389143,64.34894041221172,430.99268517050984,0.019534138474889298,0.1403438330490043,6.064123278343015,0.5550918196994992,0.00710058924402639,0.07790492443249827,5.994653294869277,9.89810065374258,24.410633566060906,39.16003770521954,0.13236546165230126,0.06430721273070143,0.294312666430623,0.32785597948160694,0.18439706090587432,-0.03354331305098396,0.05972167360183933,0.45823368770168016,0.3324377679614124,0.08712136837380641,0.12579591974026777,0.11930032235175314,0.5308848080133556,13.791500094294781,6.577466809648235,0.16380208849498007,4.8199609988433885,1.9120712796858272,2.237418080281342,0.8325907353985107,0.9910760598382222,69.30483756823989,0.12842105263157894,0.13555555555555557,5.323972543404299,0.5720811276364859,47.286745074567904,3.981208690426649,832.6386910205373,405.9816824885635,1819.4396588953343,433.16071012414955,2868.585167579382,345.11600444750894,1017.9732382794225,0.18623500977308488,0.09646703238100673,-3.7308062492400853,12.288315636296337,0,BBT
1_11242,333.53141145642866,97.12918887138433,517.1760551247205,0.016018443241727794,0.10466865604026877,7.739954926364519,0.5117056856187291,0.008886942477526269,0.08099094478064432,6.442529054098302,12.56449771149179,7.056925833161542,11.507509482492742,0.09172445598351217,0.08104316746322791,0.23994757527967137,0.4315806808106411,0.03262508169024822,-0.19163310553096974,0.053108752899615475,0.6045925115063439,0.49515184150712266,0.12126781251816655,0.1094406699992212,0.13734132165374102,0.5723830734966593,16.546661290767226,5.998216705539799,-1.003313275578568,6.6360678644093305,4.616832920822408,5.55398891884523,0.8886246971170072,0.863120568566631,72.47153717741953,0.22571428571428573,0.33272727272727276,4.4768000539580015,0.9762934287274281,36.95533837487636,3.768056487410538,788.2203526961075,282.2773905866025,1858.063213200001,514.7421680017508,2901.489868567109,437.5306661854534,1056.6347579355008,0.23274916888554453,0.11377673547227257,3.4645140664845546,16.13615982265922,1,BBT
1_11243,206.98459518605247,74.12155755076783,353.57995564286387,0.029838384258378668,0.14176657752684368,3.2984685191024714,0.4457831325301205,0.0038139731369530977,0.06681744247626778,6.582446808510638,7.508872977548292,19.506210194611107,32.58833549486065,0.13935619027550006,0.07516682502633,0.22402423717192183,0.2907238488136691,0.15631503171567188,-0.06669961164174726,0.07026107472838805,0.6329168875141448,0.7594396453573663,0.09245003270420488,-0.12652275784322153,0.29413681279833626,0.6265060240963856,16.970478472389843,3.590425531914893,3.913007507992894,17.333416094390873,5.58880315398227,5.58880315398227,0.5984042553191489,1.0,83.48569572707501,0.15142857142857144,0.26399999999999996,3.536033507332446,0.6456146173792905,36.40483938978679,3.8410214097508604,778.544625581214,297.55117374309356,1800.0663818853518,391.3206637979301,2866.200186189841,274.5959230526774,1043.8277803043136,0.1654356653455849,0.09019891582990579,-0.18579181488756136,13.212329550564538,1,BBT
1_11253,219.04517587516204,57.67064626094853,475.4099277781369,0.016836630274385984,0.11987611931843449,6.462859559950664,0.5802292263610315,0.005985165386531353,0.138773026882778,6.696411263746915,8.906664698515824,12.539867009313722,16.077631915233198,0.10597273604558681,0.0558881720707376,0.21916660318089806,0.2900076722331399,0.09871198572495274,-0.07084106905224183,0.10810404716311084,0.2597939314116104,0.43174256544511164,0.1698089027028311,-0.17194863403350125,0.2342778518447367,0.501432664756447,12.613299901346842,7.123841769943526,0.47935520457384745,7.348778657538627,5.903700175399005,7.157167577015353,0.5699073415954821,0.9182958340544896,68.85245559679592,0.1757142857142857,0.29000000000000004,4.2309867043735645,0.4998642941030986,39.165332652266414,1.6506964427840625,807.787635788702,308.14092405504215,1792.072175796052,416.48663836539885,2836.3790104489008,398.86156378585673,1014.2956873300993,0.2177952324461666,0.10167475546771644,-1.3367663914249437,9.710833649475497,0,BBT
1_11257,171.26981525932644,51.47920572307612,417.6360372799598,0.015500158080037001,0.12670978071259448,9.316658923150294,0.7135678391959799,0.00572569552158726,0.08092374215499348,6.731986973630649,6.172639288624178,21.835019448159873,33.0564566362453,0.11229241399348427,0.05919003036414568,0.4482066451597536,0.45022966156311284,0.18688073061026675,-0.0020230164033592235,0.1592343642211238,0.46115872685763776,0.5268873512759005,0.22564684120326212,-0.06572862441826272,0.3440395198343902,0.4623115577889447,12.271066722784953,6.23332127188023,-0.9662729780835827,-5.325390654594566,3.3394099701952533,3.7560112494534437,1.4959971052512553,0.7219280948873623,84.7294114012969,0.04666666666666667,0.019999999999999997,4.283455583749937,0.35474145122807466,38.145930172535806,3.7967526174361925,768.2089215517686,307.15773743683275,1702.300750771745,417.7679136788109,2920.7317508877986,376.69658954282596,1076.2614146680148,0.184536684257808,0.07076687393997341,0.4789914051049108,8.29255063704518,0,BBT
1_11306,98.78783644300606,32.70533331451086,509.8595783405806,0.013295316825499377,0.12966264853175932,7.880244547938423,0.3377837116154873,0.0039399831103990755,0.11454919493128213,4.594277121167284,15.744639575093252,67.3476355525253,95.64808783687452,0.14648872558114043,0.05752122807433084,0.21739670016472445,0.3587947694348069,0.034234331483102336,-0.14139806927008247,0.18003554291519241,0.21125881162676535,0.27632728373064386,0.1623005342401378,-0.0650684721038785,0.21445485766697026,0.7449933244325768,4.63900764633026,2.8631002349303363,-0.25096074645241845,0.865255940205234,1.5203705052070156,2.036357479565965,0.9987558959059313,0.9852281360342515,97.9513149366891,0.5088,0.5755555555555556,6.232827940354794,1.2434670021150889,48.43413653600397,1.1009533717733522,1069.9201380506552,409.0932621208714,2140.2809879635847,500.57072945494974,3194.1595714855143,463.7868605839688,1062.11971671743,0.12603109750998637,0.042755092638878944,-6.069542680814979,5.563049250070591,0,BBT
1_11322,296.9299227524336,80.8881353505956,337.8914088970637,0.021252803707231052,0.13498830321184657,4.0798591963718,0.38127090301003347,0.0026885017187687718,0.036003951301610486,6.648926145658221,8.318755254272839,5.943643790006569,10.30260100420685,0.10097912746424598,0.06519207051888477,0.44012045958124474,0.26336264176687246,0.05541321467201292,0.17675781781437228,0.0446666025599165,0.7802169341617075,0.52540271070949,0.050832856777534886,0.2548142234522175,0.1729408418160493,0.6789297658862876,9.99780201490889,3.6569093801120216,-1.3027044351172958,-10.317134425495595,4.54216816517746,4.95316129489387,0.6648926145658222,0.9182958340544896,83.01878137118412,0.17625000000000002,0.25111111111111106,3.9654297103263527,0.7916473579559274,35.506664026758536,3.882120219005496,850.6489854995875,176.32606741080917,1652.0100958702822,344.39045660256636,2913.4227747211785,240.27756862281151,1031.3868946107955,0.17175109308287917,0.08160896218895083,-4.281949948062453,13.693588879564974,1,BBT
1_11378,136.4667898656796,43.55162738273895,167.17335761883828,0.02280285925386997,0.15410441336504613,4.664672729230708,0.5016722408026756,,,5.817810377450943,9.052501826660079,19.982538125264064,28.26214565774599,0.14555310316213319,0.057385632527052116,0.23105044586918516,0.38132668964645405,0.053409347386993114,-0.1502762437772689,0.18316249377730975,0.27414028283132974,0.5060517930223796,5.333338897353783e-17,-0.23191151019104983,0.2547231079414469,0.5652173913043478,11.923586547189254,5.152917762885122,-0.6969893263900137,-2.5043187112172927,1.5348355446698676,0.6586705313742651,0.6648926145658222,-0.0,97.80492975696458,0.19333333333333336,0.34400000000000003,4.273859001138285,1.0085112075201528,45.646331242167406,2.3869188290146526,836.7798226533413,362.63981095991613,1832.4794719041113,441.3407013413075,2899.8017805176232,386.8365429962965,1031.5109789321411,0.11109398683633784,0.039430223743205185,-6.094892753467731,7.400316823456825,1,BBT
1_11439,262.96932072265895,95.5818321255819,462.96247051247576,0.018858392900488217,0.1244495177893605,6.952358440597232,0.49570200573065903,0.0032714982891506044,0.15840354317055264,6.268980757550303,7.775816835805649,14.793201724672938,25.950663602972053,0.09386349889627194,0.05868228633090688,0.47909729804016843,0.6129486926877245,0.2430657581825857,-0.13385139464755602,0.035886442279499,0.6177826712566094,0.5865162138717498,1.739672768419378e-17,0.03126645738485956,0.1602144612800912,0.5644699140401146,12.208607276701281,3.9893513911683747,-0.055971815860305245,-0.30907045310755166,9.244472030674816,10.140542578426956,0.5699073415954821,0.9182958340544896,90.37631375588147,0.14444444444444446,0.192,3.166493707646566,0.5426578775708611,47.673403347674586,3.900793287886415,797.5017117114185,290.19936274198994,1780.4725749170298,462.3899437821669,2913.567898542043,395.16076998670565,1058.0330934153124,0.1916407436517123,0.10072134313446493,3.5333718947985076,12.790085528466843,1,BBT
1_11485,350.8568935592836,88.12942589881021,386.7723786998301,0.025670960357839754,0.10457646930351623,9.953212696870011,0.6231155778894473,0.014137871171487555,0.08825778396774658,6.731986973630649,9.581465971851909,6.16423477409894,13.12757974423428,0.08494251014324984,0.07351072808112646,0.48882576747951206,0.4683012544375195,0.05525321015128182,0.020524513041992543,0.13062887407938983,0.329755744298755,0.315873958681753,0.08149887373862416,0.013881785617001985,0.43292460654553355,0.49246231155778897,13.545254452641027,3.9893256140033473,-3.398359185185505,-14.740958480112406,2.4409692483348233,3.6862913259316703,1.7453299561264644,1.0,54.95140337452107,0.09200000000000001,0.22666666666666668,4.788232994696913,0.7187771238078425,40.38838703810455,2.7698911508070996,800.6808634520315,222.08782313516858,1807.3487251199049,425.9124770585285,2967.2171695088314,282.7480532666037,1083.2681530283999,0.2064261209065454,0.12207992826271975,1.7179359313552742,12.353356063808505,0,BBT
1_11526,190.78180268431717,78.92101224658784,500.385972315083,0.022313532061466395,0.14408520308886877,6.588413253804553,0.6070878274268104,0.006134539662229274,0.12358091093814769,5.532786885245901,8.528260808219885,22.33502657970125,43.502090264004316,0.13174435965363662,0.06677758502889465,0.47249804592867145,0.5459795670737524,2.3116592134872892e-17,-0.07348152114508094,0.01845837589295618,0.48210896077025894,0.7169652548993928,0.13608276348795434,-0.23485629412913384,0.07179706003523734,0.44838212634822805,19.63357180612432,5.148565573770492,-0.006658252649989592,6.383280829553549,5.03397841340941,6.5831481112621475,0.6915983606557377,0.8112781244591328,75.0567141734472,0.08829268292682928,0.10133333333333332,5.413878566065317,0.6907117157537882,41.13064970565715,4.7518109685910614,820.0876105405563,319.50284541372434,1792.0146197931836,506.3288664131269,2910.520551297971,401.7993069961753,1045.2164703787073,0.16876461792955177,0.08524809091597939,-4.774681739122491,11.35292297817793,0,BBT
1_11529,170.14024841031696,63.43185706549105,469.44746918453677,0.019965351896452366,0.13715980902835603,5.551220580613751,0.4919678714859438,0.003190578127627919,0.0808989474154263,5.784574468085106,17.472647047211918,22.513627893714364,39.4355663667673,0.12623085119890037,0.06389796908264803,0.2421323662006367,0.3703457441328669,0.15415660399455183,-0.12821337793223023,0.22674353872422248,0.1841623870028162,0.48312658045147516,0.0675737378399486,-0.298964193448659,0.23464690019197054,0.6224899598393574,9.555740264952828,4.787234042553191,-0.10314854311466598,-7.165098857181249,1.7981756594698615,2.2557786873503733,0.9973404255319148,0.8112781244591328,87.33103933103934,0.1275,0.78,5.441908512816864,0.3831307272456332,41.66629782004761,1.2779191325250288,866.3791399759831,400.10254638935254,1973.284158787998,461.880200948209,2976.6281891884146,433.4668081301502,1055.1245246062158,0.16713086014516923,0.08848512450523426,-0.8095264133769795,9.354701835717893,0,BBT
1_11609,164.327791964753,54.44747472609585,307.7213172208842,0.016681215614744418,0.14904332009102728,10.12976631152894,0.6237458193979933,0.0045117376358314466,0.07255277312449766,5.485364070168032,12.075528511284555,15.923387015448581,19.799724515539292,0.11193747709545873,0.0580604573944876,0.5350089315439107,0.5563426853819204,0.4468424124822087,-0.021333753838009728,0.04314830807704895,0.4976334674988851,0.42083073858401554,0.4450123667345041,0.07680272891486956,0.17548130575861276,0.4816053511705686,13.506382694735205,6.648926145658221,-1.8949641695134616,-9.017420218918037,1.4649527088174754,1.202424520541767,1.3297852291316443,0.863120568566631,41.08955539672735,0.10875000000000001,0.16333333333333336,5.3712017602280895,0.5220548124490494,42.35379369323586,1.7071046263739662,802.9143872906991,444.26022771505217,1926.6117144836019,597.6709340396002,3035.16821853968,506.101230610073,1116.1269156244903,0.20334887620613312,0.1225635982558101,-10.797355942263662,11.098828854714338,0,BBT
1_11697,357.59217484637514,111.67437471724236,452.35141439966344,0.021001381507985518,0.12477558185980524,5.22449881681706,0.44779116465863456,0.004873967367199754,0.04390216775197413,5.784574468085106,11.889118136248046,22.432109817012137,42.10305641477667,0.09558497265308297,0.07065587757848617,0.23578563448322512,0.38590915928871056,0.05009052301819583,-0.15012352480548544,0.060818664679728074,0.5619006824241292,0.44721362531933834,0.21055872190307884,0.11468705710479082,0.33931734927443424,0.5903614457831325,14.056254758007073,4.388297872340425,-2.1088026963430235,-0.5669334359414577,6.5206387909388095,0.0,0.39893617021276595,-0.0,79.78936735778842,0.2254545454545455,0.27999999999999997,3.988099500907197,0.47882174121235443,40.296163682083744,4.998238428523014,911.6043625412467,265.2846030531344,1862.0342536050591,414.0902187360605,2986.706017220004,345.81046591524773,1037.5508273393789,0.18216800582680504,0.10672764389250956,2.0321643024857643,14.376985203308008,1,BBT
1_11699,147.46270668351636,32.322194839401575,240.7881938326626,0.017709538092912484,0.12269617413033518,8.775650500587139,0.6155778894472361,,,5.734655570129812,12.10027380694152,21.385090068824507,21.455694299223907,0.13776426799244404,0.06715610693486836,0.31935882123714465,0.5081437233792635,0.17526187135109583,-0.18878490214211885,0.05960556644564852,0.3617717095570481,0.49029961341256134,0.1767766952966369,-0.12852790385551321,0.39869969022104557,0.41708542713567837,20.531974087137282,6.23332127188023,0.7864744622950158,10.413978505073139,3.0771920847189307,0.0,0.4986657017504184,-0.0,109.0641303146104,0.14444444444444443,0.155,2.7555056054793954,0.4032634474280193,27.931679943854803,3.4330169256769127,740.1220066930335,323.94430233230156,1781.2740035447748,559.7968083012418,2865.8986476353,370.46060061623723,1062.8883204711333,0.1792025799434134,0.08392623139775139,-7.370575973267399,9.079712682288108,1,BBT
1_11723,217.51226042350496,72.60202798136393,354.7947767524988,0.029891080515719693,0.1294930383189332,9.505687656026467,0.4949748743718593,,,4.737324166628975,19.91197058864638,23.394523177094722,51.686952084317205,0.10391925657959993,0.06277241109202389,0.3359868911769132,0.42820245558124803,0.0797241005179101,-0.09221556440433482,0.119928088336684,0.3475732370961792,0.3368788627831992,0.2279211529192759,0.010694374312980037,0.5617944137104213,0.5678391959798995,20.637348226091873,4.986657017504184,2.891692495265848,14.816475958713776,0.7048580725975118,0.7048580725975118,0.7479985526256276,1.0,53.93343282232171,0.22666666666666668,0.19000000000000003,6.84737920156303,0.5436091128980232,57.982928836264534,3.3155957227884323,768.1607909677895,507.734226292815,1995.6987964272003,548.8529192210129,3003.3871328396194,475.9285832084327,1117.6131709359154,0.18211044703831814,0.099671567271546,4.093817582880547,15.049337431964096,0,BBT
1_11736,257.580536475059,47.652652152075426,349.1192611686464,0.022455654204974272,0.13386782433716504,9.927310221096903,0.5954773869346733,0.004439301801454619,0.13553269164170262,5.983988421005021,14.312367387972431,19.451090732403213,35.008000664439294,0.10618861989391155,0.06607171602929171,0.21203735705101925,0.22997224578257533,0.19319068389926508,-0.017934888731556076,0.17486395630191065,0.41776234338086504,0.4114335156183333,0.21952851997938072,0.006328827762531741,0.5298485557691937,0.46733668341708545,21.255923614297597,6.48265412275544,-0.5903099833145432,11.591603038377066,0.5338034796427538,0.19672030534154583,0.7479985526256276,-0.0,94.03630967388082,0.128,0.23,7.207818458123622,0.33905755520550934,37.32910109978126,2.3982850332657546,802.1637564132316,312.79008375176335,1764.0657763073857,407.4193605729526,2762.0360333840986,419.26658609714167,979.9361384854334,0.19385769938659797,0.08665419319265534,3.9929078550835446,10.186979612948528,0,BBT
1_11773,296.2053641373465,94.48161045187614,455.1690607942384,0.01866418578062209,0.11428428634423977,5.958226130121356,0.43812709030100333,0.014168222667638387,0.09355004587293977,6.150256684733854,7.12111961091403,9.48030475354113,18.557567331887377,0.10060788002028516,0.06741968309456983,0.3614460556337715,0.3938323759659789,0.06569747802487733,-0.0323863203322074,0.1729747708174929,0.7042838460238964,0.4723852372309318,0.38245085529570716,0.2318986087929646,0.33704749215403296,0.6521739130434783,15.36971726806767,3.823132533753477,-2.3302564268270998,3.446140601919204,6.566452871697979,8.01516565514524,0.6648926145658222,0.9182958340544896,72.98340702705272,0.21600000000000003,0.40571428571428575,4.709745622399753,0.9500424923221056,38.893875360706,2.8403378891146702,812.7613962284928,303.8866730718918,1827.047146213358,408.14755932396696,2863.6563033576745,327.28812152210156,1025.4474535645911,0.21211245636708195,0.10204061301779305,0.8929885226380102,15.497981388327728,1,BBT
1_11885,226.7351254391543,42.97505729311865,186.34552962424274,0.015293813712294383,0.09263266415339685,10.464457432616035,0.6907630522088354,0.0059283227616827435,0.14229810223046502,6.582446808510638,6.389905480445114,6.899829214721596,13.55310655909165,0.08461717811176314,0.05422361309767842,0.2442534510032737,0.582963078081679,0.07647191129018727,-0.33870962707840535,0.02865258636783974,0.5274456206978996,0.651239411760137,0.13882344401482433,-0.12379379106223742,0.11050791895187217,0.42971887550200805,12.514558121284828,5.585106382978723,-1.6939210491143686,-11.744858271020831,3.3054874444413054,4.6673398372127375,1.7952127659574466,0.8112781244591328,102.43389849420707,0.128,0.44,3.0265821574908767,0.499710220762161,48.732146165228244,1.6312171279665386,766.4367461692998,336.14950378827103,1812.6101921417646,406.0237734108093,2855.8827916813884,440.345951436637,1044.7230227560444,0.23115911132374534,0.12184674814955941,-0.9995945999083596,11.302354664774601,1,BBT
1_11889,249.56389361911008,60.435255955715085,316.50044268893635,0.0191617664758379,0.11543438116190298,10.72477986115955,0.7135678391959799,,,5.485322719254603,9.426465440121989,20.52628444785141,47.83219100984975,0.09363066148899378,0.059099396111689524,0.3954077149170853,0.7149247024050263,0.10748184298009182,-0.31951698748794094,0.058189157749783504,0.3720409997511309,0.6326121935401412,0.05431254465935686,-0.2605711937890103,0.3333547854451665,0.36180904522613067,17.471600443841997,8.227984078881903,-4.381870767629393,-15.147740174018763,1.2563981656288916,0.7915465775893851,1.7453299561264644,-0.0,77.6249535508038,0.04714285714285714,0.06,5.258905296968182,0.3545340406709133,41.40071326212919,1.8861334353190427,895.7102304701759,340.4035979220866,1980.9912476229588,469.26779763833895,3028.9453662987517,395.8442111936501,1066.617567914288,0.20114173401314348,0.0888081470533026,0.5070368196349373,13.336711806204306,0,BBT
1_11901,202.8311502942721,84.75863633275719,505.2890591225895,0.024371542851446583,0.13989133178396582,6.5272238629004615,0.5998747651847214,0.006917935591881641,0.09319952250489807,6.25,9.624890568592757,26.67499432445411,57.26556740683764,0.1276093420763562,0.06447257715451163,0.286436109371327,0.39934038127881777,0.04390139438733909,-0.11290427190749075,0.03973432511765407,0.31224859693835394,0.5380675974868082,0.04536092116265144,-0.22581900054845427,0.12990696214776132,0.4856070087609512,18.449532935410254,5.25,-0.2976192427008201,-7.512858758066109,3.214741348342789,4.352010946346866,0.6875,0.8812908992306927,76.99553424121868,0.09411764705882353,0.10074074074074073,6.0217915545043805,0.5352085253936332,47.1714439767374,6.057864981339822,822.9421412533461,378.04694940228836,1700.2055606138595,483.48575098259045,2869.7719580952626,352.02273805091465,1023.4149084209585,0.16828521335394694,0.08395617035971706,-0.6679008165025331,10.979189999061365,1,BBT
1_11913,141.07338483043023,101.66648951752272,486.40845404037725,0.02556305048153617,0.16270639793123573,3.863195540290603,0.37249283667621774,0.06666310009241563,0.3103743237858481,6.126503922151433,13.254302550876798,34.838587165986574,52.781255035276004,0.14383113496574032,0.055110454856588,0.32220211293584994,0.329047111282237,0.07167768198353998,-0.006844998346387077,0.21734224235400046,0.7751247138580997,0.6785996290862977,0.1924500897298753,0.096525084771802,0.47105705434887013,0.6561604584527221,9.640419736681825,4.274305061966116,2.523992414041456,9.325327134668623,9.415180719329284,6.948674492594519,0.5699073415954821,0.9182958340544896,130.55411428911782,0.37166666666666676,0.5175,4.487608403517608,0.6883842569603912,37.688230494618644,4.532367876504695,883.4338215736464,406.78917647405007,1856.5557235242368,472.5338587047117,2985.006309025688,363.6110402077945,1050.786243726021,0.10595469272488772,0.03683488732256419,-15.521685307445267,5.561054523400696,1,BBT
1_11924,175.640487767087,34.69167205148437,273.3077133826472,0.015534834265092752,0.11461798018245532,3.9868947078691166,0.44377510040160645,0.002798565639950739,0.051905721314008994,7.579787234042553,7.511368923707517,27.321306046653795,46.7963702929332,0.12518363932020699,0.05853200486455995,0.3915561768506432,0.4236030228277541,0.17479391456809681,-0.03204684597711088,0.16012846017851734,0.709203852416359,0.6718876256785081,0.4418360821684622,0.037316226737850844,0.3602568919293564,0.642570281124498,10.13983822391601,4.388297872340425,-0.40375904997165,-10.054169819497893,6.784203592272031,8.167336186922164,1.1968085106382977,0.9709505944546686,70.9566531659555,0.12266666666666667,0.21333333333333335,4.825095041825327,0.46347324084094865,35.10689519514465,2.922413498970388,750.3891040840012,303.0797856884503,1817.5720444274555,362.2260241984208,2809.890602065617,336.5505013097507,1029.7507489908078,0.17251798646919822,0.07634241685776175,-1.8065962254333285,10.883813692343134,1,BBT
1_11928,207.47395791425714,46.78783988770754,225.4594198823996,0.017941924410573303,0.11123133029158497,3.6834568300619215,0.41457286432160806,0.021702588915976675,0.16448935656627944,5.983988421005021,12.026505963523666,19.082550891213856,23.895428583124808,0.1122997163890661,0.0696648247789255,0.2615164296469648,0.5433328461646371,0.013716659741660333,-0.28181641651767225,0.15875446670656546,0.48738822440292245,0.48399436339455015,0.2085144140570748,0.003393861008372301,0.25922821739548063,0.6633165829145728,8.362892041253684,1.9946628070016736,-2.6189055612077046,-16.856220744844524,0.968972363649082,1.1757638913694608,0.9973314035008368,0.9182958340544896,61.46851763961399,0.31142857142857144,0.505,4.049056788882374,0.7901813921256069,52.66292858539645,3.6273330041156115,786.486098847245,177.8354460130777,1758.9094743585217,309.68216317448054,2824.6153520433786,272.264299283662,1019.0646265980672,0.19948179812670674,0.09522290334813283,-0.6793035247610186,11.408236139660833,0,BBT
1_12002,173.35613273152015,109.28927088224765,491.2555394147266,0.02567023897676416,0.15095687487335066,3.2180810196301564,0.40703517587939697,0.04239004772313601,0.15845839894272679,6.23332127188023,6.214806910887156,44.24399981266012,75.11820611408822,0.14393077819600772,0.06811117972785166,0.3372437274419359,0.402649109928918,0.1422230949504442,-0.06540538248698208,0.24052438296186895,0.1833487893400473,0.2632712188398448,0.1990074380419978,-0.07992242949979747,0.41615310973243247,0.6633165829145728,8.488838509047833,4.238658464878556,3.8952894395679825,15.873641002742541,7.567538797241243,7.567538797241243,0.7479985526256276,1.0,71.48415327362694,0.41777777777777786,0.8600000000000001,3.658444668049104,0.5638096180315779,44.529361133647875,4.7915479598712185,798.9093644443491,227.35112946676784,1581.8675591757867,359.6571901830528,2786.5224799589805,331.11562914937736,993.8065577573155,0.1291629238932821,0.04912578177667819,-9.033686688035626,8.963071326019282,0,BBT
1_12083,186.93094847629112,117.13802168401743,485.43255558429996,0.026109389637363336,0.1681103022505688,1.4235533728585266,0.35678391959798994,0.0009120455971177244,0.1244266474964888,7.479985526256276,11.195505927654358,46.80115147124902,74.94052492655979,0.15627583321589805,0.06806375727544087,0.59532095374251,0.7315739935602367,0.33626508136735883,-0.13625303981772663,0.0686395959403765,0.5322112687708551,0.6163183485976838,0.4040610178208843,-0.08410707982682863,0.29409608560187184,0.6984924623115578,9.202155083516049,2.7426613596273013,-0.7510561034789055,-3.6286293929102946,4.165244938485856,0.0,0.4986657017504184,-0.0,83.74777603349033,0.1,0.16333333333333333,4.367260929387406,0.5594563305178147,33.11622177309319,5.1321052675588055,798.6151485747923,343.57890698403247,1720.889851850542,419.88937458466694,2912.601499939048,347.52920139677127,1056.993175682128,0.12169860033065436,0.03849078624082088,-4.918381145196029,11.276014987162556,0,BBT
1_12202,170.01195968325956,41.01039310447008,253.1425571549489,0.017969059114286253,0.13493593107463023,4.3917894076398305,0.5117056856187291,0.005812785859054974,0.11021734722226466,6.482702992016765,9.185705546478191,35.02430981026089,66.74022391490206,0.1372209583585041,0.06955393443451689,0.4613219316731044,0.35873649242042693,0.0,0.10258543925267749,0.12174508308947418,0.5966874994317294,0.4845068124776058,0.13130643285972257,0.11218068695412359,0.29443977596508153,0.6254180602006689,8.323466299448768,5.152917762885122,-1.6054382838522405,-4.351967486721062,1.5011940939915498,2.0275383356886625,1.1635620754901888,0.6500224216483541,59.680191668697404,0.12000000000000001,0.14222222222222222,4.070418685449623,0.533304546829878,49.82218282268833,1.9134587105510839,852.0525756293819,315.4767328448749,1763.1931728596965,424.0371582634312,2806.389977683319,477.5712865982483,977.1687010269686,0.17694393822256468,0.09405974696076563,-5.030485742943093,8.2316094347851,1,BBT
1_12275,196.06081948246157,63.06899645229449,242.03218284035677,0.01406465033749782,0.10727904473857151,6.796119053226053,0.4831038798498123,0.002118689607389097,0.05445242578206697,5.610020862662618,8.075635868671347,6.266769369903703,7.4373380200980606,0.1102324813821144,0.05513341004271312,0.2687140718983522,0.3781916517168206,0.025641025641025692,-0.1094775798184684,0.1236394085091227,0.6553042886098703,0.5212751824615465,0.29623860840448496,0.13402910614832386,0.30779138335847667,0.5825,10.949658265958774,5.111352341537052,-2.812878661538273,-13.82022876468046,3.849341671358223,3.2146586921920655,0.37400139084417455,-0.0,78.09941934488597,0.2753846153846154,0.6439999999999999,2.9085411282913496,0.5634027305847394,40.54116707357487,1.7975678834282738,872.8253417918366,288.33349186926637,1720.1197525882033,410.82478467194585,2867.3688741980727,373.7699666354384,997.2717662031181,0.21019377297807282,0.11290609283786504,-4.688923921587976,9.963566036409329,0,BBT
1_12320,174.45293600531988,57.893981301291944,518.3142047728255,0.02149924239008563,0.13369354573018058,6.380428280722603,0.45214220601640837,0.0049626313347876806,0.14329642471909856,5.541410720686203,10.605393479423258,7.618563546406786,12.84166076134346,0.12310173194085695,0.06323726476240064,0.4545643591149359,0.37870235748807546,0.06049813550980451,0.07586200162686046,0.008741004849030731,0.48576826527898115,0.7693596190474123,3.017349184423251e-17,-0.2835913537684312,0.18671973341795345,0.6120218579234973,11.165732530330834,3.9062403440902744,-0.431096777174887,-15.757245532538322,4.983450817330485,5.179633580073494,0.4542139934988691,0.8112781244591328,97.94436949153675,0.2579310344827586,0.42,5.936196877507999,0.9926788765964637,51.97509115794692,3.9682607074262317,847.3806053902347,418.04266418801126,1992.7267821290866,495.3253467587771,2963.6356945367793,403.7754336948799,1058.1275445732724,0.14471207425214785,0.06877386449012313,-9.624384735629517,13.902518133108742,0,BBT
1_12331,246.55369157050072,76.59200571913784,492.65469741404956,0.01965054384354577,0.1338764862383225,8.182614137272772,0.5251256281407035,,,5.734655570129812,7.091927248663549,3.9732852954727576,10.99850362052869,0.12808877617732523,0.079957521523731,0.48691507484947977,0.5921584129327029,0.0774854997302439,-0.10524333808322311,0.028863531300051037,0.6730944313012086,0.5283920194771762,0.0,0.14470241182403243,0.2675475452907252,0.5226130653266332,16.53894983705179,4.986657017504184,-1.6223002416771433,-4.446718769377794,1.417963690719569,0.0,0.4986657017504184,-0.0,81.57951262488801,0.08588235294117648,0.164,6.00366277884333,0.5614962990714235,32.10153240181602,3.802402699581858,618.0344326268192,249.89119893998733,1793.4127694270062,480.7240966155392,2802.887524131816,463.0909752453634,1092.4265457524984,0.20892891353821338,0.11267754263389798,3.9385989526436544,11.944653212057467,0,BBT
2_223,187.10902022466104,41.985288460888704,321.11138557318554,0.015363403532416765,0.10476204906724462,4.368984221147664,0.3312937062937063,0.0025026636902865437,0.052493009184561915,6.184815587370816,9.654500072787455,4.779313172355318,5.0049984744695335,0.097452344060314,0.0562690742036093,0.25137478722953416,0.3445728929684497,0.0848020064450778,-0.09319810573891552,0.1930959792984963,0.3306287762916051,0.47571364064339916,0.19274168094214425,-0.14508486435179407,0.2745238696444191,0.7674825174825175,5.974456133715438,3.397293069119181,-0.020955211326431664,-6.6394020210753695,1.1343705380534217,1.3736369461567886,0.7839907082582724,0.954434002924965,81.47542507156453,0.5663157894736842,0.8363636363636363,3.271144359204004,1.3068156213811932,39.29677323044924,1.8057605396310334,830.8962911531557,240.6374330899745,1711.35256125815,320.2934737328395,2870.919343672992,283.44719783069127,1020.011526259918,0.177777774000951,0.0874952186138244,-5.319678205805515,5.889621997539347,1,FRIENDS
2_370,174.09588013566668,45.2581937304203,196.7778168108731,0.02886246294222604,0.13453425330795113,4.72771823946649,0.30952380952380953,,,5.900391753901483,8.204387872129425,2.797433335961123,3.4024446736890286,0.11665906312056595,0.06602499451696722,0.5825037760311952,0.4750472334397177,0.21928602138682352,0.10745654259147747,0.041114897948419604,0.48380016752843474,0.4947659727766507,0.4508348173337162,-0.010965805248215943,0.32513047342623946,0.7333333333333333,9.409274944578526,2.5961723717166527,2.007377751626332,14.375427910369101,,,,,85.68754774637127,0.09200000000000003,0.09166666666666667,5.655708796535571,0.43612842145404834,34.82594300373815,2.4825284787442685,784.4940910295123,299.4115625854272,1887.048291542049,376.12535094551407,3074.1391341032713,317.20811258929865,1144.8225215368793,0.13960428700815794,0.05666757498004809,-4.83295584859305,6.191600934934866,1,FRIENDS
2_556,222.866405984613,103.05797846235414,451.48477255316243,0.0235616076126977,0.1545458004261894,5.59364364630093,0.46540880503144655,0.003261964224677499,0.04375974435792836,6.867602922022765,7.742138353881128,2.657169194891424,4.099247207028301,0.11660960139606674,0.07098888105261328,0.45716923833099915,0.4630437192218677,0.08624902777871558,-0.005874480890868561,0.10669166012190412,0.5287716327505538,0.6821329683843763,0.2705008904002297,-0.15336133563382248,0.32513047342623946,0.5648535564853556,15.979503303368269,3.745965230194235,3.871549269857345,9.816004755928777,1.675909130975196,1.22514908215638,0.8324367178209412,0.9182958340544896,61.5839406946485,0.09222222222222223,0.098,6.156732228060705,0.43726197834387354,38.26352700501812,2.957456817622779,781.1240788274418,245.14620574277697,1718.6942100497058,354.6061016678697,2861.6874451235485,349.5575941511955,1040.2816831480534,0.13796545764747728,0.05782709945806286,-6.561181784624843,9.1936990311427,1,FRIENDS
2_484,208.53806348441404,68.70108041782551,262.8630934333538,0.019070885057881282,0.12698069883686833,-0.08795181287966934,0.18457300275482094,0.0017501191090247793,0.0632029680558901,6.994862161624203,9.666793061068224,6.922478064671538,23.818908083636128,0.09223981926002751,0.058803803140240876,0.26016032433814934,0.31909698592929436,0.043396303660274645,-0.05893666159114502,0.11540313765156185,0.6258607379088549,0.6231012265212463,0.09667364890456633,0.0027595113876085486,0.6175830028406473,0.8319559228650137,5.256835588185413,1.097233280254777,3.1514550200605007,9.228960857383885,,,,,83.8453034944263,0.8222222222222223,1.1733333333333336,2.6080306954887833,0.6158292272051786,36.838152606266455,4.994581492835875,901.1352305174664,263.2425033651992,1797.632211091254,265.2947224893956,2987.6615802237084,286.27498689181624,1043.2631748531207,0.1757588624796214,0.08149339846382876,-0.6156238760631454,8.47228641857043,1,FRIENDS
2_498,227.51823938371453,89.83736280379506,431.02431370250235,0.019163466792617326,0.14144239452179785,0.7986312107422331,0.27037037037037037,0.002413810053566076,0.0725118017134762,7.177734375,6.854123316407843,12.718425712200549,17.75569695806374,0.12204016759569694,0.06380406961470868,0.11086435302874208,0.2126703423710655,0.36429576631715815,-0.10180598934232342,0.17229590633125313,0.3464585159734367,0.4519475444225648,0.45291081365783836,-0.10548902844912811,0.40934041548306377,0.7814814814814814,5.867183345291306,1.6564002403846152,-3.399651533385654,-8.60752861381646,5.4002260687363055,0.0,0.3680889423076923,-0.0,66.92101781277195,0.2690909090909091,0.8666666666666667,1.9363567981973797,0.3016810348704827,22.972605942105744,1.372496589317191,959.4462658604394,190.07651980970942,1764.024185316172,244.52078718905227,2871.614376856243,251.43645016146806,956.0840554979019,0.17118677161273865,0.08197248737459426,-3.885973355659265,8.710067552888345,1,FRIENDS
2_494,213.64826417807765,49.06541428374122,198.73771720245023,0.014958786897397758,0.12314970698510763,3.989976861702796,0.4081145584725537,0.0016873914735405246,0.04795304046804021,6.388561004399614,7.807600211847985,6.671262118930733,5.978249635570986,0.10355879478563992,0.047372703258779285,0.4258771447548432,0.5891824727068149,0.3651483716701107,-0.16330532795197172,0.13115287348800353,0.6001055328440158,0.6406753889692531,0.33302766308716997,-0.040569856125237336,0.7234938272475584,0.6619047619047619,10.687041208327239,3.549200557999786,1.0722507444812415,7.582337837707042,1.0504924413385215,0.857423404391179,0.7098401115999571,-0.0,98.44705291667718,0.305,0.42999999999999994,2.5986958045332043,0.6781574020425115,49.71261631610472,2.2017993560556604,805.7742054092975,283.0416844878278,1802.2574658237568,322.09519937059895,2866.617511286454,340.4204830639484,1030.421652938578,0.19151357135828642,0.08875121016974569,-3.9665192280518817,10.406732681986483,1,FRIENDS
2_477,287.0861606896891,57.849531928472075,210.74550405823777,0.016062849700593886,0.0939981704270213,7.927162601646251,0.4702517162471396,0.009381995300742447,0.1279247303725968,6.041845460279384,11.125047178501262,0.7502571537893864,0.9271687857867034,0.08032794424731282,0.061634063288180455,0.502631066206939,0.5117864409322443,0.09221388919541473,-0.009155374725305365,0.05133589261991556,0.45992702944571345,0.5731914774098904,0.08638684255813603,-0.11326444796417695,0.11100894057049715,0.6064073226544623,9.292092848863405,4.331889197936162,1.3501838385411469,4.513758949656445,2.0590387717268124,1.2920610483666186,0.569985420781074,-0.0,99.5543685943686,0.17923076923076925,0.2381818181818182,5.388178397438768,0.9965414875325215,45.187118770202275,2.651718087735659,784.1620167056611,294.8728045082634,1870.6366074440164,356.9908383457993,2973.9388501576473,318.4011151516763,1094.888416725993,0.24234914609858133,0.14105519656256207,-2.3787759394576513,14.487111703191843,0,FRIENDS
2_35,343.72608194461975,65.09512306105668,495.59345318663,0.01937876552155964,0.11103539905494532,4.518072470614793,0.4090909090909091,0.00774076066580909,0.09249494599714464,6.192080876158383,10.505271046030979,6.3408865502942975,11.654086008498654,0.10363170878785426,0.08359842409287863,0.2556843514941064,0.43787111948775176,0.10972754339391828,-0.18218676799364536,0.07487075711445679,0.5326993903929724,0.5333873672105277,0.09874620280149497,-0.0006879768175552803,0.23156368880513056,0.65311004784689,13.911301334068794,4.167746743568142,-0.20678687486588038,9.359412570377469,2.412378134201011,2.412378134201011,0.3572354351629836,1.0,76.37668734073964,0.20888888888888887,0.28307692307692306,4.687708916711808,0.6442387611809499,37.85414382061714,2.9094044959487606,881.6881055608811,279.91348051335456,1753.4961096867928,359.7326602338067,2916.045016867082,328.6632466503449,1017.1784556531002,0.19927296068911088,0.10060315585149313,3.611610610665879,12.3162908027314,0,FRIENDS
2_279,294.6956223653864,72.9624122976179,343.3530895704202,0.01937885823972611,0.1337006624384108,2.515654950945857,0.25067385444743934,0.0204580473489357,0.17660375062694086,5.50069363317757,10.64648389792128,1.2859914926191924,1.9838796770959424,0.1125860603032731,0.06831256604563996,0.4368748141117415,0.4510787985476612,0.10817989599413176,-0.014203984435919692,0.09502658671396913,0.22639602831882905,0.43002529869951883,0.08908708063747481,-0.2036292703806898,0.21768075153544142,0.8032345013477089,5.097737819412614,1.7441223714953271,0.035288033889345545,4.211676060167948,3.4016202182505864,4.8781875220522135,0.8049795560747663,0.9709505944546686,71.16960716653811,0.49,0.48363636363636364,3.404266019129081,0.8199231945104627,46.11438198034962,3.9552266421567888,835.889279904124,199.71144522863796,1855.1315873707827,331.99647742510587,3006.6885076466683,266.66453681647954,1085.3996138712723,0.15134171723229084,0.07571838563957906,0.2273927090051217,9.862301993359678,1,FRIENDS
2_377,161.5836152341711,61.09902126139903,312.51132903939975,0.016204914054369947,0.1293451690800802,9.075248195093566,0.7084188911704312,0.0035465064244175645,0.045978127902871244,5.709424156394204,8.438262046457597,1.8372705081462333,2.8038250731858043,0.11215000948074708,0.05326241111277972,0.2090365817799345,0.34294108352915964,0.027051188704191563,-0.13390450174922514,0.08683076326094652,0.22223043735389097,0.4181185696499301,0.2738612787525831,-0.19588813229603913,0.1890380362325802,0.38114754098360654,22.613527562814614,5.505516150808696,-1.739456954704412,10.39043953885076,1.9959934319840062,2.0310771771018468,1.0195400279275364,1.0,106.5088282197731,0.060000000000000005,0.05000000000000001,4.869529433468589,0.5449743123735528,51.13788136752273,2.0735709347200593,654.1483439524142,293.7897110551731,1770.3268998679187,438.98083672061824,2806.9992143871937,391.89270131435785,1076.4254352173898,0.15025114568906245,0.06800442606164948,0.8009036887984392,8.663420361261991,1,FRIENDS
2_595,151.35823150106128,49.28918233581269,332.9234218837691,0.028283193050838144,0.14783288833414984,7.1950562648276035,0.3668639053254438,0.0024575721336143855,0.12227681756619316,4.698153409090909,13.140678211398715,3.3495835471006563,4.547311083059152,0.13911948593482235,0.0617197960310412,0.3283970507385552,0.5087214235292915,0.10056022847309866,-0.18032437279073632,0.07811574489491668,0.45160161908624846,0.4676042043507456,0.10783277320343843,-0.01600258526449716,0.7337673677945111,0.6692913385826772,14.092870131447729,3.7193714488636362,-1.2761766887612076,-7.528271885383678,0.22494687644571343,0.0,0.3915127840909091,-0.0,36.58323544471552,0.6085714285714287,0.8200000000000001,7.815841789995402,1.3323667500805192,54.42969573323082,1.809377900419417,825.6467722145284,358.5405021626041,1889.003175201362,409.25425712049963,2957.3153134737795,389.27840207847964,1065.8342706296257,0.13136565669497405,0.06389203780848639,-2.6109683289835037,4.894123396929046,0,FRIENDS
2_464,149.76324631897552,51.78153553319755,258.8852243886019,0.018082396910427352,0.12208342560470396,11.708754178295248,0.6641221374045801,0.0013544847242161027,0.05477673184075872,5.646799720007512,10.753804644405912,2.3849262178432955,2.996466711369617,0.11364164029088741,0.053611397727806494,0.4253394395842454,0.47419131579193136,0.1836652510667181,-0.04885187620768594,0.09924505699353348,0.6200236530175012,0.6563449205308101,0.21536524612697405,-0.036321267513308886,0.5840640314214637,0.4351145038167939,15.53906674982911,4.51743977600601,-2.309258911019655,5.673726071737505,3.9788365108617576,0.0,0.7529066293343349,-0.0,108.98809523809523,0.15999999999999998,0.12,3.3859820430243737,0.32565750731609205,39.51766296326988,1.9830165148056413,668.2782067775606,171.44189655817183,1706.7190768232242,276.72776116293846,2802.4410844554386,221.12761187204987,1067.081438838939,0.15120282064252677,0.05849258683266011,-5.781250428250544,3.7537353321907028,1,FRIENDS
2_408,205.45307708395393,48.2152828957746,245.87500413487416,0.02093157957685255,0.12623621779273556,6.808423151650049,0.4790322580645161,,,6.099007883071414,10.906083908038376,4.524723911917361,6.183633644799539,0.11490471573198746,0.0714176488690441,0.36895851379900957,0.4574741074800913,0.13315591032282678,-0.08851559368108175,0.048244445158137195,0.40977124546229643,0.5121754879643755,0.5477225575051661,-0.10240424250207908,0.20350950905814502,0.535483870967742,16.70976532328729,4.975506430926679,1.2914475826666454,17.203608222985817,0.8908876288123926,0.8908876288123926,0.48150062234774316,1.0,65.5414404527069,0.2342857142857143,0.31,3.585499998550843,0.6150831092472104,41.52360225257332,2.921174292789513,709.489805542117,330.8220358604294,1806.8348921921508,390.3182030910365,2842.644069561894,399.52748266655726,1066.5771320098884,0.1667534327631938,0.0850629567495382,-3.4323729975955004,8.543103825339514,1,FRIENDS
2_574,309.0930096780455,107.09055358879603,499.2308604751638,0.02841280506247901,0.14436873345449455,0.6850229198667365,0.3120567375886525,,,7.03125,6.350860388520411,9.470539162697579,13.395418539222359,0.14463509740900973,0.08628253288067636,0.47183830933952203,0.31565354358711495,0.38710088452653163,0.15618476575240708,0.06247829963411278,0.5759167822686809,0.41000795194535355,0.548821299948452,0.16590883032332737,0.5754688941429069,0.7122641509433962,15.844304318982028,2.34375,-5.858983419805607,-27.933767359453896,,,,,129.01098901098902,0.22444444444444445,0.43500000000000005,2.9596179712207813,0.5699897204611006,48.92192526654065,7.778368781500646,879.4810579671956,233.4934556154298,1847.2114580538228,247.2757823720012,3041.693129445808,242.29061505640428,1081.1060357393064,0.13845855163102394,0.07043896066281567,1.357548594349108,19.764467720307465,0,FRIENDS
2_409,259.2057231115838,143.00650654122586,516.4972241660084,0.03882974333630573,0.2072149815807904,1.9355890991751052,0.30353430353430355,,,6.604144437580726,5.869936457488303,15.393124763445716,20.284606713429906,0.15705605016929822,0.06526365598661907,0.42163595813853805,0.4119567687018908,0.10338437186270841,0.00967918943664725,0.07436345500147246,0.25333257026356404,0.5060236048124328,0.43685202833051884,-0.25269103454886876,0.25702632753663246,0.7427385892116183,10.715875072475978,2.4765541640927724,-3.5807629861613965,5.31884409937653,,,,,68.35376424704415,0.16666666666666666,0.17333333333333334,3.2045250642796406,0.5612971221546198,44.46913429599819,9.199099155153329,795.988890905454,178.32519848331225,1729.7595491734662,190.67944428424815,2873.407897518778,232.17724737484423,1038.709503306662,0.10117897832999798,0.0295913998371602,-4.103009872948053,14.084448152870085,0,FRIENDS
2_549,377.86788000961076,74.23181830623919,280.6718157250897,0.0180865985142893,0.08395642878941174,15.47200386639986,0.9344262295081968,0.005781566725742494,0.1941594939376893,4.640477025605051,9.483590484569595,0.29815297111684697,0.6546102258845974,0.07507925193912714,0.06557626743753132,0.5399443140040566,0.7319320677160479,0.3753756447816915,-0.19198775371199128,0.4142060637657595,0.6617776095585187,0.7127937363273199,0.2981423969999721,-0.051016126768801184,0.6508668731859697,0.25806451612903225,31.485677814199235,12.37460540161347,9.353610372455368,3.212329758954031,,,,,62.06896551724137,0.0,,2.098890715887933,0.45098039215686275,90.19607843137256,1.910248301509996,728.8748478148442,276.2506546491619,1718.2386622530578,443.3787592585201,2817.5806371616145,413.93151533590367,1044.3528946733848,0.1504274150325284,0.08330279133582873,9.434679292732728,11.496207606710296,0,FRIENDS
2_598,176.05607695883302,73.29641649113863,489.07410608044097,0.021116378523339644,0.10503586305357009,7.7332742986521135,0.574015748031496,0.005098995054300539,0.07234252355530049,5.655155217553921,9.820165077710417,25.992314831942124,39.63102243948943,0.11206313602978905,0.06230880869291721,0.24409741397673462,0.3451797107625909,0.24026247154370498,-0.10108229678585628,0.01567237952498124,0.6830162666785337,0.5019020300793487,0.116863408069743,0.1811142365991849,0.11405849923791356,0.48661417322834644,17.047243272778882,4.791173170427628,-1.4026235881489078,7.597214383430295,7.073403031658138,7.910589836827217,0.5498067572621868,0.9182958340544896,92.13403290450076,0.11729729729729729,0.19857142857142854,2.70719869503179,0.9149534247531199,49.107592420543355,2.997495388198717,762.2729732237323,374.3788124585234,1761.841067548258,514.2264886973287,2894.8453000073823,432.0974462334209,1066.286163391825,0.17292910320041252,0.10564657365205798,-4.989520541279312,10.002772752983057,1,FRIENDS
2_73,235.37503633282446,48.75355516558054,223.9644686039874,0.024342613303021923,0.15696889413807533,4.450323535534272,0.4910025706940874,,,6.375854451242786,7.233068286395572,3.583248421330566,4.640525868481862,0.11993062159330281,0.073340924323577,0.657727313246692,0.5855065790236755,0.19090088708030312,0.07222073422301645,0.05730899460412453,0.724084560709704,0.6536051676098226,0.19245008972987526,0.07047939309988138,0.5578858913022597,0.5025641025641026,25.073566122720056,3.8255126707456713,-0.866341945784764,2.9649082811870002,,,,,81.80257440219489,0.12166666666666666,0.188,3.262605089931116,0.5869313249091038,55.486141740011306,3.7263237365367505,801.478689870005,220.78577140119768,1658.6692919882464,329.3361193490818,2869.154226146251,239.99950317332716,1033.8377681381232,0.14090243791595553,0.062859852922567,-3.9873293617754983,8.94571678839714,1,FRIENDS
2_374,293.925019830718,142.95936739962116,449.7911157349039,0.023591964323946165,0.18586640001190607,0.14491689134120264,0.11169744942832015,,,5.262697301425662,7.728932732840244,15.668888777037704,28.04007432774786,0.1549736437787531,0.0665891911497032,0.408031649820255,0.5502248086607531,0.15663287241915963,-0.14219315884049805,0.06029990234728222,0.5160595884315553,0.42989428890679016,0.0701862406343598,0.08616529952476515,0.19234193671541389,0.9121265377855887,3.1913677764745607,0.7016929735234216,0.16735930503386964,10.219580107945198,,,,,67.44838237098297,0.421,0.4388888888888889,3.327660407940097,1.0511368604018572,44.01432813009513,5.626467165321255,829.9637170089475,238.08969043356066,1774.1322378161585,269.034704530931,2880.77032280276,272.80071268685833,1025.403302896906,0.11741854980140369,0.04822961935164717,-3.794888554227256,13.901354009380993,1,FRIENDS
2_297,193.04163945325473,131.81995941056613,490.81529020864366,0.018972043566385637,0.12985160896423875,3.8696396156515718,0.41214057507987223,0.015855575012811037,0.09885688620599425,6.15234375,7.758354320719451,18.353396492573747,26.688686539134963,0.13022145596637416,0.05273031792221281,0.2362278777541127,0.33370770168783465,0.056255493968856166,-0.09747982393372195,0.12756710651731928,0.45273295692923704,0.5297439483835039,0.1199002844277921,-0.07701099145426687,0.33918763034725496,0.6510638297872341,9.606978380376926,2.8640220905172415,-0.83673597308813,-14.980111675988645,5.65873371167698,9.413314034432132,0.7425242456896552,1.0,70.34760180774673,0.18080000000000002,0.21444444444444447,3.384058857641769,0.8466944495392269,46.714957747929006,3.318103005445154,892.0455709225331,298.12593052017337,1831.4239843342962,386.3344311438966,2926.903150476439,352.56218760930125,1017.428789776953,0.1298022896626846,0.050877079420344654,2.9088093854178685,8.905271579919873,1,FRIENDS
2_286,194.17418428900297,116.80380605862356,502.5222459745992,0.031731847022099406,0.13439124090811494,1.2691044122618658,0.2720379146919431,0.004399075524686566,0.16776799161421854,6.5166272615131575,9.59278138324025,18.433210265370047,33.24586506021945,0.14615022864998006,0.07771087660416082,0.3096542889953751,0.31942361084083204,0.1985778146985452,-0.009769321845456924,0.055823011872789374,0.5090974978309544,0.6898074531666512,0.19596545041740512,-0.18070995533569678,0.2630091154233791,0.7556818181818182,9.651278544889895,1.5111019736842104,-0.45328790286483317,-8.377581709708283,23.583669061088983,0.0,0.1888877467105263,-0.0,49.85697539885519,0.2764285714285714,0.3352941176470589,2.578435679688669,1.131283565309132,45.165054643470114,6.0993717512405,897.4895402587788,260.7946575416792,1782.3975052712983,373.0315903607525,2943.369762086092,382.581481875859,1022.9401109136563,0.11810614121855621,0.050847833634824466,1.6406470120388739,9.614467757981823,1,FRIENDS
2_509,139.38599705327695,54.24027328016694,268.3275474907611,0.02037912352617352,0.13373269325489648,-0.6556410597686824,0.11781609195402298,,,6.8275061282415175,13.13371812103719,4.143563024743083,2.95253650798682,0.13889340831780403,0.04794657476277696,0.2997510469069234,0.3972294750955774,0.1667593364912675,-0.09747842818865399,0.4721263839685359,0.6844726949095995,0.6841911750312885,0.30151134457776363,0.00028151987831104286,1.0,0.9022988505747126,1.8371533115647096,0.8534382660301897,0.9023308915651453,-0.4817143680592437,,,,,87.4074074074074,0.6349999999999999,1.1099999999999999,1.681229653537121,0.7007308908656671,38.15217172597071,1.0526622805908143,935.3666376885102,301.1121757237265,1811.5899349222152,312.40298673628763,2866.353564248174,311.6131444883996,965.4934632798318,0.12182645210180326,0.04996354749931125,-0.24087808382129003,2.5150358158172796,1,FRIENDS
2_508,167.83019190727327,59.451758401962664,382.9679190973558,0.025274322239522293,0.15114904713270177,1.9399727793651371,0.34581105169340465,,,6.734664351851852,7.0646675731431205,7.0634850424712825,7.32395352367005,0.12248137357921252,0.06097185088239852,0.16294527737841386,0.20684297743003163,0.32841708708490447,-0.04389770005161778,0.09108339899075957,0.4009611107400921,0.40302371058072534,0.0,-0.002062599840633228,0.7210570543488701,0.6619217081850534,14.497282672575391,3.367332175925926,1.4108970535826624,13.982669578841318,,,,,111.41865079365077,0.6200000000000001,1.3450000000000002,2.4400070800045555,0.4418300797642631,40.93461565918231,2.9294031388572317,805.3291240244689,235.11759262949553,1700.0232611981176,286.6255553088747,2806.426917918014,267.3397360262857,1000.5488969467724,0.14444510608215078,0.06422034023829376,-0.15483074833714894,10.358777580507558,1,FRIENDS
2_472,257.89230441696907,58.282795643112294,302.1165958452602,0.021229210581204444,0.1313003273668421,1.65542949502365,0.3321917808219178,,,7.484956025304737,3.464886315464102,13.174203147610688,12.732496840684489,0.11205961376630295,0.06915196714982207,0.2665360691602475,0.2517013656207587,0.0851256530758749,0.014834703539488847,0.012415693927991578,0.6580052209319942,0.6122197990794783,0.2900209467136991,0.045785421852515884,0.6175830028406473,0.6883561643835616,13.170498020782256,1.7011263693874403,2.206468988894873,-9.783483747178641,,,,,107.11950398929811,0.31,0.805,1.5605039100069629,0.30448514950793015,27.038297863293852,2.685772894102455,804.8275586098329,205.07557562837133,1643.1976954373804,243.53501713455964,2777.3151893785725,195.5346553855752,986.2438153843698,0.16136239529654364,0.08540942613394278,-2.034363971440445,9.939273023640142,0,FRIENDS
2_227,166.29132535954128,56.80230748087754,361.14782243620755,0.02049813198212289,0.13187279449234884,1.0528834317563982,0.25669642857142855,,,6.641166194807542,5.477050018270553,19.276693603477828,18.35993097992174,0.11663269385354247,0.060179077581457824,0.5267161746232796,0.5232351290833475,0.19491663682089447,0.003481045539932115,0.4168462996324217,0.5260182947607053,0.6169466241109923,0.3849001794597506,-0.09092832935028705,0.5,0.7767857142857143,4.47352050795423,3.320583097403771,-0.43395503035765143,1.7490319939860655,0.8472211070442865,0.889350899657977,1.1068610324679236,0.8112781244591328,100.13675213675212,0.4114285714285714,0.65,2.4228967389435314,0.7859229587684415,44.938218930579815,5.488169033435739,886.0536828736542,278.7195238154392,1718.7552063305873,253.3614076191096,2940.681089007373,288.00793220293457,1027.313703066859,0.11482843521359327,0.03341330242445766,-6.575722019895561,5.281603007040052,1,FRIENDS
2_226,297.4424931341411,180.5180232654741,522.3767719520372,0.03572516262640363,0.17723632658970603,1.5368039162074594,0.3640973630831643,0.009276876656099654,0.14991937256201246,7.278829225352113,3.6620093695921523,75.9619899122973,62.63701418620055,0.23756863934090441,0.29612759837344466,0.25223214954259293,0.25307197713299695,0.07148487736317584,-0.0008398275904040187,0.09650653755452343,0.8074004475522141,0.5595683939884347,0.11282661216669024,0.24783205356377935,0.16486797829714117,0.6957403651115619,13.078573938362888,3.03284551056338,2.613723030824659,-11.064047941814291,6.668297641428783,0.0,0.20218970070422534,-0.0,74.44794962728965,0.17285714285714285,0.3106666666666667,2.361617851708376,0.43023593366712765,33.6178226609461,7.279635389555917,849.6816048062826,235.70958654350198,1775.9983597935113,335.78513557669464,2935.9869679492554,292.7288947191312,1043.1526815714863,0.10501965094043894,0.03592821693284251,3.4337894611663105,13.698390054179702,1,FRIENDS
2_478,170.2302639481839,34.88947086663218,138.9334721575682,0.01523509348060936,0.12015708511358308,2.575043799098242,0.31923601637107774,0.03826249332632439,0.19543359729587947,6.378637549854744,9.502615932184982,30.997800040608798,52.264803069091805,0.1054357718421531,0.04721363068354722,0.5082530445593562,0.658903386167281,5.4393009158365423e-17,-0.1506503416079248,0.02851628815574181,0.6779416504007065,0.5671957436482945,0.24743582965269684,0.11074590675241203,0.18458521443123055,0.7084468664850136,9.059899243256181,2.171451080801615,2.1934983880213395,16.74551590657019,4.377352136006773,4.377352136006773,0.40714707765030284,1.0,84.05833160550141,0.6133333333333334,0.6133333333333334,1.7036409261116743,0.7276767777546952,40.61952182960534,3.9413300294522844,842.6226935090934,190.20350129404375,1616.6045158380132,319.8329957214643,2829.446643294942,258.1853171101771,993.4119748929243,0.15877854357977042,0.07676975520158687,-2.492346775710852,6.499504005857901,1,FRIENDS
2_372,164.04992185676377,58.333065009683565,429.9492317821007,0.020401258187630007,0.1189885289923791,5.834066051048958,0.4935064935064935,0.0033867358681924174,0.09019707908892553,5.6575387199104314,11.959761755322047,20.06707060608158,26.396864020529122,0.11672700927875791,0.05234636680659875,0.3868564864203197,0.46664863588458355,0.0,-0.07979214946426383,0.08850785996295896,0.6211769842407705,0.6937232771517668,0.3086066999241839,-0.07254629291099635,0.5578858913022597,0.5751295336787565,12.907153919227444,1.8001259563351373,0.7380474771551563,17.52660768265848,0.9114737087521583,0.0,0.5143217018100392,-0.0,79.88536395990758,0.15,0.252,5.968691675421421,0.7402444702550386,48.632805318074055,3.2875224189004655,782.0223529733148,343.015074394472,1887.1828408394147,408.1269112344473,2855.7626390803416,437.31438239063107,1036.8701430535134,0.15196097291483596,0.07851310026606567,-2.912044314367739,5.578624296531603,1,FRIENDS
2_241,203.97683151390063,96.16132992976542,515.2392792007196,0.019173229201797534,0.14732279334759532,4.658939851292346,0.5298196948682385,0.005519618813112743,0.11085211920629118,6.073467548076923,6.355716279101508,25.11191627476178,25.832479539710263,0.19073505278914218,0.27936205213016513,0.26505930820581863,0.5503138484408181,0.15292001253546025,-0.28525454023499947,0.0361689248460072,0.6587198435622216,0.5372359315398838,0.3380617018914067,0.12148391202233777,0.12480604451653265,0.5373961218836565,15.718330595976072,5.659367487980769,-0.8643376734705477,12.0346559987489,2.7298847964409543,2.7298847964409543,0.41410006009615385,1.0,88.03086891322187,0.09111111111111111,0.22,2.66758158189761,0.5924920343646197,43.61415811584379,1.8425959603167585,755.1664510252417,241.2845082108126,1714.9716667827222,403.58868629372137,2806.9054995721626,385.44146229265084,1025.8695242734602,0.1595761274234317,0.07622711542002582,-0.6580333548324554,8.436791087428377,1,FRIENDS
2_109,213.60451070744944,131.15810253489568,511.8465174779318,0.021523107544558582,0.15137815317803358,5.165975063135509,0.550321199143469,0.005824190244657415,0.14183702696201667,5.948378021639225,7.49567423733623,26.819712648887382,35.77802337604949,0.24953676442284892,0.3867866432404797,0.4154558011984141,0.6794125925688845,0.12376844287208427,-0.26395679137047046,0.07510869083179605,0.4849660086627273,0.6008710948617996,0.20739033894608505,-0.11590508619907225,0.2687921803684956,0.5128205128205128,15.180199102408016,4.2488414440280176,0.8534958069533632,-15.001799228160596,5.211476593045159,0.0,0.42488414440280176,-0.0,76.72517299389403,0.08823529411764706,0.10250000000000001,2.745155147362923,0.3998839754879547,47.20152987903414,3.3234876319313247,752.3351102972559,245.7117634698916,1812.813835804631,409.7817641217457,2913.8161942250117,328.52833850769605,1080.740541963878,0.133126463262605,0.0619072321302071,-1.05214630588165,8.346965246472994,1,FRIENDS
2_389,298.7523054217778,121.77129017390214,480.2643900048336,0.03937333524364463,0.1939330324114184,-0.4004019494277747,0.16597510373443983,,,6.604432907348243,7.05771336141868,31.13796344119467,49.5395364158671,0.30782189331911824,0.3946841316222932,0.2611570343137102,0.2881791683177272,0.22176638128637188,-0.02702213400401704,0.0339650572839183,0.7060206740454217,0.739459778055148,0.0,-0.03343910400972627,0.29652594849177705,0.8453038674033149,6.886739698185593,0.550369408945687,-1.825783878209308,-30.483505012965527,,,,,61.061044218938946,0.33399999999999996,0.4446153846153846,2.660798584256063,0.8339256054655781,44.34587420982904,10.141214072752065,818.6858813334414,185.63549548227905,1693.6678282725454,221.39631155839808,2917.9555509111165,238.65996215859985,1049.6348347888375,0.11138692700880973,0.04205385346782676,2.4842981104518147,13.067676410725014,1,FRIENDS
2_449,188.39552506347033,36.915914642385374,195.4377009976521,0.014140113042159149,0.13991965385563992,1.4449362238191024,0.33989266547406083,0.01027908208959734,0.2205519926706917,7.110666806407662,4.397578819974985,38.48617348592256,27.558404136338602,0.11358458768525839,0.05802404049740484,0.4754750125016075,0.44234131847630237,0.10426420298271592,0.03313369402530514,0.1335307087854355,0.42360135394539605,0.3718575153836789,0.03380617018914068,0.05174383856171716,0.509762238946895,0.7214285714285714,7.078252845276854,1.5999000314417238,2.8225053830380946,11.675327995766882,0.9101711380215948,0.8333913128384371,0.7110666806407662,0.9182958340544896,73.23129251700679,0.37142857142857144,0.6200000000000001,2.2458430181305986,0.4287939667579032,35.44518264112066,2.2011798342868514,857.3457778502824,203.6613591580643,1694.8956703112592,248.56477735223103,2852.4996237483438,306.5459407722523,997.5769229490306,0.16118584770104208,0.08774235634047944,-5.111963423919425,4.481698937903279,1,FRIENDS
2_50,234.07259459645914,109.04146130080889,485.0718050518127,0.01864361215240384,0.14999125519357678,1.2060310853450034,0.19307359307359306,0.0029647599183807143,0.06544985041682694,5.523547094188377,10.603611887360662,51.98333067529544,60.36663146690422,0.11032648951680499,0.05072044880451195,0.6111477795546527,0.4130342923172255,0.1776672636296754,0.19811348723742722,0.050794315432264536,0.6226076632773334,0.6199009500864571,0.04794633014853841,0.002706713190876342,0.11913385051423397,0.8598615916955017,5.696434857298204,1.7261084669338678,0.04873980109692342,4.672542875647746,13.144988869006161,13.93677890966952,0.34522169338677355,0.9182958340544896,73.21881496881495,0.5247619047619047,0.6699999999999999,3.3512078058198664,1.2416793007142815,35.70476671080194,5.592337122887989,834.6197382720093,184.48310881269083,1738.152276333678,229.7986758847948,2922.149616480908,214.09550392584265,1043.7649391044495,0.15265167778031113,0.07350205308832235,-4.986958896423646,7.616853607137958,1,FRIENDS
2_84,160.77623533210624,22.333141465292996,120.87282938677872,0.0202778316947306,0.10153755720801719,3.989510348089999,0.37220843672456577,,,5.416722497655098,8.182224071532952,21.746581415185762,24.346941998454525,0.11026602739224904,0.06503932001397997,0.19336543003647136,0.33919522653577633,0.08307731634325669,-0.14582979649930497,0.2011143323450021,0.3589727021330091,0.3915764342290747,0.0,-0.032603732096065596,0.39869969022104557,0.6633663366336634,9.85091993562699,2.4621465898432264,1.5300858827138681,1.4996516617411508,0.9478738088040704,0.3319381029207502,0.7386439769529679,-0.0,67.92645263233497,0.21200000000000002,0.7600000000000001,2.3603555903029614,0.38740425958669567,39.443410490919,1.081577718694189,761.6545881711811,282.08459190505306,1819.9198005973167,294.81985449005657,2973.038850519454,325.0884539098467,1105.6921311741369,0.1446585061148374,0.06842471559196102,-4.010543469801852,6.4143325692061195,1,FRIENDS
2_322,238.01534694587522,102.16700025897154,518.2523363127722,0.031527995360555054,0.15683104972465267,2.2386200486215326,0.4371584699453552,0.007015358594465109,0.08762547154695537,7.41900275735294,6.925490461151211,67.78764861480335,77.28090388388433,0.1444907231554368,0.06845969308086253,0.36799748994690945,0.6384108792411017,0.05034733603559245,-0.2704133892941923,0.10164826885880385,0.4783398314768799,0.7011474330347589,0.26413527189768715,-0.222807601557879,0.3368288369533895,0.6290909090909091,10.630289496356012,3.4380744485294117,0.9555165184056759,17.498154646004217,6.7807226010080415,8.244213527378118,1.0857077205882353,0.9709505944546686,59.52726017943408,0.1825,0.32,2.4097994215448275,0.6088663083405517,36.912260094414314,6.996323357901699,840.9463135328473,186.03469217661961,1709.6666862108968,244.01200017760243,2870.2086426302412,272.2565081502124,1014.6311645486971,0.12733513594649384,0.06716472582677929,-3.5523592167818108,6.806704082235986,0,FRIENDS
2_416,175.89581469900963,34.79708953138087,201.39041227814312,0.018290156744949958,0.10426676266359618,7.337418817877143,0.5558912386706949,0.004416210435628324,0.06274597980653028,7.183092856270275,8.251091721631495,20.042138183082514,28.911752346971177,0.10790163693912504,0.051585932034991726,0.567364613755701,0.6393596608007086,0.10912220177865106,-0.07199504704500759,0.08747208040761256,0.6069979579688596,0.7511880351785178,0.2107248759805448,-0.14419007720965826,0.31238626308644524,0.5421686746987951,12.32210091381794,4.489433035168922,1.4241893536287165,-11.453910147449719,1.584343749134319,1.4197593907135773,1.4964776783896407,0.8112781244591328,74.16666666666667,0.11555555555555556,0.34,3.1207733201078556,0.5438339645012465,43.88531193052977,2.0035426537934806,713.9955287513485,420.82040221653153,1832.7500416342252,524.9993660181336,2876.1775062170664,493.02008700363547,1081.090988732859,0.16347957569422128,0.07132561343177041,3.212606442528864,8.109794293725699,1,FRIENDS
2_124,160.12725556054204,73.48418210364679,461.0464100725719,0.023414415457304327,0.14477844720743674,3.01486034774295,0.3132530120481928,0.019265946840852564,0.17482186491030757,6.57958984375,9.958360872968377,17.450238901778,23.46644798594056,0.12290977200584982,0.06896675979954815,0.45862236703456594,0.45537372111022,0.2992528008322899,0.0032486459243459276,0.04999684950978778,0.5201304372590076,0.4934713743657866,0.3244428422615251,0.026659062893221064,0.468435426633828,0.6947791164658634,18.549174830925438,3.190104166666667,-2.5714143499006004,7.549210082689994,,,,,77.15186615186614,0.23090909090909092,0.3228571428571429,4.221875550242704,0.40551570479675536,31.261873185890508,5.1381918450181105,869.5385690007721,369.23646945222276,1853.319259197931,506.85772307785436,2961.4609616303,421.70136809642617,1045.961196314764,0.1361331587074914,0.08592133655737963,-2.860596708531568,6.869300562778107,1,FRIENDS
2_206,167.0629457780542,67.0040866900485,471.76493095136846,0.017754271832296695,0.10574635971368476,5.014302102648214,0.4519230769230769,0.015358017108630427,0.06688862951376075,6.679649464459591,9.132776348003954,46.656987044774255,49.81323174032479,0.11146915403800237,0.05316758673710352,0.19925761192335772,0.3279835766385398,0.08939894258096504,-0.12872596471518205,0.14345023553157565,0.5591587760776129,0.5937172699509667,0.13181243254912406,-0.03455849387335386,0.4043253700855465,0.6682692307692307,10.35827956042563,3.1012658227848102,1.418552447214984,12.51914160789017,1.369466788666852,0.0,0.4771178188899708,-0.0,93.80448527507352,0.14615384615384613,0.4466666666666667,3.214407137283294,0.4233775250837471,35.598356270160195,1.4610345240564406,797.5405266005708,320.4396552490045,1665.707563283876,430.49853981321087,2882.2823252578683,364.8673872463844,1042.3708993286486,0.1575742371625185,0.0705044098841294,5.992022584225878,8.924154769002035,1,FRIENDS
2_204,311.6715605739687,102.1105098767058,466.40073896354505,0.023697011410645553,0.13436313532860275,3.2137912641608497,0.32293986636971045,,,5.963040865384615,11.717959401076396,40.26135148624025,67.03109528955318,0.10396565549680492,0.0760643049249051,0.3562349723285988,0.2381117291337064,0.05880092670990748,0.1181232431948924,0.09437823789146749,0.3631624274881461,0.5314586760831636,0.09016696346674322,-0.16829624859501746,0.32513047342623946,0.7155555555555555,20.01178332218243,4.6379206730769225,3.100531316595764,4.0000752769648145,,,,,88.18403818403819,0.19499999999999998,0.1875,4.271035896596675,0.5218166094581441,40.31317031008971,5.864541323299407,839.8925724771518,262.76306724041984,1754.7921085060702,373.99574534071667,2992.642836100455,338.68251124728005,1076.3751318116513,0.16839348500068924,0.08797239178596568,-4.406195109777826,20.793081430363998,1,FRIENDS
2_380,251.4418179313214,89.68417401617214,500.6424641019535,0.021017291382554013,0.1482764617819429,4.6769536361065045,0.35257548845470693,0.046077025071822715,0.18862693513853154,5.402675128534704,12.093522848710652,35.87211744179123,59.72800322791169,0.11257369404130324,0.06688440364268988,0.3501797189173769,0.5055997895329994,0.07609900528596338,-0.15542007061562252,0.096388182630475,0.35493440325696984,0.42929068661360326,0.5007733956671916,-0.07435628335663341,0.3618388701469383,0.6714031971580817,15.256405819645376,3.4541693444730077,1.5993049798232588,24.24171083935083,2.686864422383903,3.896425543650455,0.5314106683804627,0.7219280948873623,65.34059826503132,0.44095238095238093,0.3830769230769231,4.442995259534027,1.177177473434381,47.54302371163685,4.793511776297856,878.9858316013,276.0773008751869,1828.540404029943,378.6381764191744,2934.9287991946167,409.75866084324286,1027.9714837966583,0.16720710144176493,0.10683140045845359,-4.261396260569888,15.471589129477946,0,FRIENDS
2_622,188.4013673886277,110.85182628325096,490.1508445134135,0.02284093286944117,0.1490192133161471,4.69211713670472,0.44728915662650603,0.00889956046650709,0.09691758291442523,5.99087105363256,8.46325444842229,15.800793631640207,20.12754592771621,0.1250370511203239,0.06514742368387262,0.3447017518778874,0.30338893095333397,0.06715342778730739,0.041312820924553406,0.11748040969358176,0.506584902250238,0.44875388310893805,0.1509463816279883,0.057831019141299955,0.46386520292333977,0.5933734939759037,16.45758042792653,2.8456637504754663,-2.1377847349092938,1.2844024859556207,0.5329634044776235,0.0,0.299543552681628,-0.0,95.97516394895429,0.1647058823529412,0.2290909090909091,4.271306185217865,0.71077023723043,44.94308305108189,4.765287797027215,722.1455131389005,269.4367313536962,1739.0079952833194,373.0684030804656,2817.930697332927,385.07722717389015,1047.8925920970132,0.1282652204011846,0.04612269348883125,-1.7407121677571844,11.160201921489579,1,FRIENDS
2_583,226.82639354645417,90.55426688443355,285.51313344960715,0.027543007977603617,0.1538411261298711,0.2543119670333745,0.17216642754662842,0.028097615701241065,0.12151581570799837,6.424034857146556,6.164680700811644,15.938613612395299,19.58692942316627,0.11472387323632616,0.06278903689169012,0.24989767531199047,0.5837687411348914,0.040455669703136785,-0.33387106582290094,0.027089403155082792,0.6978031522939756,0.7143378104560713,0.2900209467136991,-0.01653465816209565,0.6175830028406473,0.8223495702005731,7.013715790933691,1.7130759619057485,1.2871912580255984,12.92205102410111,,,,,60.445251058681194,0.5490909090909092,0.7866666666666667,2.0615219341886717,0.7128800014376185,41.40492558096049,6.178885765781055,758.0744984463026,192.67968494380546,1687.6082450299568,208.23780038842202,2787.1697891447125,221.31458693910565,1014.5476453492047,0.1225862798334268,0.04784273821537028,2.742139707708976,13.7620275649247,1,FRIENDS
2_456,141.8822009928828,20.129026737903637,101.12191053042051,0.03367504535998078,0.1574670535614308,3.015589627878788,0.35379061371841153,,,6.067694001100715,8.134503465113074,30.660651606815556,28.96118320651465,0.1424834104473606,0.0702785717955301,0.4039181235902864,0.5246651848898418,0.17424273674761273,-0.12074706129955542,0.2005005598341052,0.6844726949095996,0.6841911750312887,0.3015113445777637,0.00028151987831093184,1.0,0.6474820143884892,15.017791595910447,3.212308588818026,-3.8789655897583,-12.02065455054337,,,,,42.60651629072682,0.41000000000000003,0.4133333333333334,3.2791545128517736,0.5266274813962069,46.26338148098072,1.137326116531312,789.965730533211,339.6905758282844,1787.1065982599805,367.4908391838072,2901.6102213638114,416.5348394661496,1055.8222454153001,0.11374171050453376,0.043820852146232186,0.5768535590213366,6.914002285436468,1,FRIENDS
2_461,177.4224002877213,39.36559622681948,173.17029448967327,0.0308478997095745,0.13557819890526274,0.8118207097585229,0.2369146005509642,,,7.2691704816878975,5.570537251557215,12.802084862984508,13.711941876197313,0.11175077346925402,0.06441906055710148,0.5923742183786073,0.6550396273511002,0.20100756305184242,-0.06266540897249295,0.0506996355196071,0.6664982701706168,0.5598447861149388,0.44721359549995787,0.10665348405567798,0.7210570543488701,0.7796143250688705,11.235844490215758,2.057312400477707,-0.7090782294691245,9.876168082435349,,,,,107.50538980964946,0.46,0.6257142857142857,2.1633847265392583,0.6300634640294113,38.56883532948109,3.254396919965163,828.4450103567028,269.08036951407,1754.576641740574,402.87659881469517,2943.293373845982,307.3031593012088,1057.4241817446393,0.13204506684532777,0.06280534734730783,0.7619277429457241,9.660879331817299,1,FRIENDS
2_152,198.2167816188351,77.39069669389556,444.12163851460906,0.0255225627306742,0.12683514418080766,2.0447479194968894,0.33076923076923076,0.004802745863799529,0.05357350662826731,6.065086214306589,6.42319795049272,15.388250675802126,24.563044058616082,0.18103806540980732,0.20713881847093035,0.6784223194157695,0.5034275936692179,0.031450273186121994,0.17499472574655162,0.1193167492125865,0.5203160199602141,0.7967649977120247,0.06311944030978033,-0.27644897775181054,0.4091770251645216,0.7384615384615385,5.692564416729581,3.4116109955474565,12.630806725306236,12.63498702893216,9.906105165947912,0.0,0.7581357767883237,-0.0,74.92583120204604,0.196,0.31000000000000005,2.487820858406262,0.6851453689336904,28.69106162229474,3.8703491714731064,723.2691169423676,190.67571005339033,1650.1657827648385,203.14368459717102,2834.180033976655,266.0011294690743,1055.4554585171436,0.14384351826121994,0.08573931670409357,-2.013201888546178,10.794844391274118,1,FRIENDS
2_15,184.4495436132864,99.18997340629545,444.56596393853465,0.023948640510534074,0.155258860947729,2.722540498392073,0.3302752293577982,0.01593792536871321,0.20962259977194037,6.511366462201591,10.30323375487768,16.927076465974263,21.8551218442958,0.1340189366049541,0.069033796000133,0.4057915469168081,0.3356191087251274,0.0992681139886719,0.07017243819168067,0.10027614215233083,0.44726576294662024,0.6836522186737221,0.0,-0.23638645572710182,0.20714066252984986,0.6788990825688074,10.671416963040713,2.9700969827586206,-1.6270223244715067,-11.119422546514233,10.785320190245029,0.0,0.22846899867374004,-0.0,72.21226240084945,0.30727272727272725,0.5436363636363637,2.783371854212354,0.8182343705062283,45.85682532471797,5.445936908148114,801.8571161639724,285.9767274823589,1723.3009993166822,361.50421625943903,2866.956886787446,367.6071933015516,1032.549885311737,0.12644566948228916,0.05447789491024631,1.4657665444689907,10.196695194274115,1,FRIENDS
2_421,193.06211553407675,106.27615432273218,449.4024802214418,0.018625792296511828,0.13108501517355667,5.942562655651909,0.6090604026845637,0.009787121118078262,0.10780649446722299,7.178114755959997,4.863478027474212,11.918687478330936,12.029521503414056,0.10873820896444829,0.055397614724624164,0.18701275184335386,0.3247939795647811,0.11511040623967055,-0.13778122772142726,0.0943258725534577,0.6180739719060755,0.6563216309167471,0.04932636236669899,-0.03824765901067162,0.2212308072941156,0.45302013422818793,16.7039294513567,4.674121236439068,-3.9909878189466292,-6.811857617263917,4.358497133178111,3.921282469509101,1.0015974078083716,-0.0,74.40970385646655,0.18,0.37499999999999994,1.831126886454386,0.4441979110894067,36.5878703972096,1.885369227345716,754.113626271654,337.3487287628589,1669.3480136615851,378.35566967213794,2796.320029571817,405.62926857829336,1021.1032016500816,0.14176101352218803,0.06079363486313078,-0.7076132542338381,8.144312247875018,1,FRIENDS
2_586,170.6440222402321,65.7730535912653,412.74121388264143,0.02826450019625504,0.1386263642307021,3.549602624237957,0.4462686567164179,0.007679229653321197,0.1288676136361501,6.831223060344827,7.111799798401075,36.70071717415743,57.576092142668415,0.12922488220604278,0.07844034804032551,0.4628190371911065,0.35026698492748704,0.08501483638353635,0.11255205226361947,0.03194947768445422,0.7174825217991877,0.6058078849615346,0.26326209505561055,0.11167463683765311,0.3972866515470854,0.6119402985074627,17.524543642544415,2.3760775862068964,-1.8176357212626735,-22.298901123093003,,,,,67.38361622176573,0.32941176470588235,0.4166666666666667,2.3547781320581453,0.493548786127233,45.86565559817205,4.376671725529521,775.2517828381149,311.8697212429122,1746.6417395769479,421.92495537436923,2903.57749640301,398.0133878874604,1064.1628567824473,0.13633617013300017,0.07141015443788232,1.928755818617689,9.835165173923535,1,FRIENDS
2_160,209.04731358309522,124.24221088251143,469.9806346878852,0.04177640152658028,0.18703004574991575,1.6845512357399148,0.22898032200357782,,,7.665720730553736,5.153533176792041,54.48771668700519,58.05008292149318,0.16690198640391063,0.06380707787379906,0.5317590121355512,0.6823549754621399,0.16458289941936552,-0.15059596332658864,0.053643557498695094,0.7525331388630723,0.7738964315764196,0.30304576336566313,-0.02136329271334736,0.20739866300025944,0.815742397137746,9.011660667352213,1.60445317616241,0.5483114065609651,0.5689729106289505,3.088648083623923,0.0,0.17827257512915665,-0.0,76.23736167214427,0.25923076923076926,0.3611764705882353,2.529123937955293,0.49169693785012053,34.5508481040474,9.231870978264253,705.1849434926829,222.87202218176094,1757.2935727127035,298.5207584842526,3138.5338417962175,230.0777934068508,1216.6744491517675,0.11984081435752982,0.034101713341940655,4.5083895857163965,17.268988314745723,0,FRIENDS
2_39,170.69856724669768,42.11441585356227,290.4805069524216,0.02648374858990412,0.1394154424954759,1.5714032434731504,0.25311203319502074,0.004587912652705362,0.11168062642444587,6.799958881578948,7.234172880781028,24.836359196321794,27.510373550018983,0.11791779149339061,0.05990370354127031,0.3859874235498565,0.38142471726555666,0.17124545056152118,0.004562706284299833,0.24422217015261105,0.7149768899648309,0.6523300910798954,0.19611613513818404,0.06264679888493552,0.7736996902210456,0.7717842323651453,11.234606477794854,1.854534240430622,-1.6309712362793005,-7.916223373990697,0.4894182999224004,0.0,0.4121187200956938,-0.0,96.55464826941908,0.38,0.4800000000000001,3.966909861492433,0.45896345174804015,31.994370942176666,3.4652693769167797,807.4533874186783,213.24644396697715,1716.180343746518,321.2369248385996,2916.6235563402674,280.0481680243553,1054.5850844607946,0.14953516872379877,0.07661591388001256,0.3330385044939819,7.86537839784039,1,FRIENDS
2_66,199.60276060503332,109.540336876854,453.3642760526521,0.030206541090853897,0.15883290972821093,2.2023280894634993,0.32558139534883723,0.01260480098738466,0.20018543052940035,6.936870805369128,5.814173315785481,74.28578217117476,77.61612518742614,0.1448823100770618,0.0727081236539,0.3795747402340998,0.5079738933326817,0.2766887274943138,-0.1283991530985819,0.044177670741428754,0.4166215476805553,0.6232884234480537,0.035289233662029344,-0.20666687576749837,0.31578603835954033,0.7325581395348837,11.30252528953511,2.7458446937919465,-0.1561309688813751,-8.809804599010223,8.981855124001976,5.934376873821476,0.4335544253355705,-0.0,65.8129022359932,0.47600000000000003,0.8657142857142858,2.695782014932106,0.5162577930099819,37.95512816554011,4.624399967811193,923.1636456223725,249.9900430322229,1760.4061104427783,325.29190544599425,2783.5133021620504,316.85359399742174,930.1748282698389,0.1300611148532265,0.06864743093546496,-5.93899189677775,11.094068763642163,1,FRIENDS
2_310,153.0902920566708,99.9035082596963,408.1207935645875,0.026932169603250213,0.14116653465551413,7.6057765125926515,0.6537396121883656,,,5.207711813842482,7.426971100290446,50.07261277043601,53.481292444230384,0.14068116069171824,0.0676998027772758,0.33117101541067057,0.5704935165763105,0.16015657555785004,-0.23932250116563997,0.15559776546912263,0.6291342869465715,0.4794215140865334,0.21055872190307895,0.1497127728600381,0.33931734927443424,0.40331491712707185,17.044030213611144,6.578162291169451,1.1134741476653376,-0.8183832972549148,12.905241883376334,12.905241883376334,0.8222702863961814,1.0,76.1070598601808,0.07777777777777778,0.15333333333333332,4.102972630519371,0.5248227347981005,41.64297968095423,5.442652438397023,616.9077691734352,198.9233205934712,1606.616343687738,273.22738819126664,2661.535372724985,286.7002258974812,1022.3138017757747,0.13088298221501418,0.05839995786432453,-0.7472942656775857,10.872322269475609,1,FRIENDS
2_345,214.12690468924546,70.57375170769096,266.71909921073495,0.017052388873094508,0.12271217725108166,3.0348889070477547,0.3315858453473132,0.00373958880393423,0.07403517874477093,6.654496393299052,7.751963288879749,43.93181701838819,66.95680055030466,0.09830055004265029,0.061676962872139265,0.4439129882015973,0.3475502694420406,0.11309185729066278,0.09636271875955671,0.058387604008064975,0.5557389771760711,0.7298787127270382,0.14586499149789459,-0.17413973555096707,0.35231453762200293,0.6963350785340314,10.012306157334743,1.8267245001213084,1.3997927877897338,13.73673018944179,4.920501633785136,0.0,0.2609606428744726,-0.0,79.22445651773816,0.406,0.5966666666666667,2.2400330998995472,0.73718258391521,46.35474900361096,4.4953181360642915,824.3289043038437,195.38467410507388,1553.1134573333377,410.9702435791759,2892.732990989585,287.51947462153095,1034.202043342871,0.17927467447017267,0.08345829792902677,-5.09140740252854,8.985980420140109,1,FRIENDS
2_581,186.79517187050604,84.51846971368568,519.0787185991129,0.013501095926173372,0.1169392871678683,5.8211863685473,0.4770949720670391,0.01582808355984214,0.13228844377247115,6.122649891960662,6.165622155584349,44.72252630749279,40.63621112194709,0.10742923767972991,0.05468161311107245,0.2521770452981472,0.46230547954365225,0.03411955969674702,-0.21012843424550504,0.036447024238534964,0.471206182409606,0.44655937456290073,0.12332528319564148,0.024646807846705254,0.19668462725446367,0.6004464285714286,11.715577704516946,3.2283063066701674,-2.3513239964949677,-3.2268265118826633,3.016660170211221,2.4237188307070294,0.7792463498859025,0.6500224216483541,72.44023318217272,0.21444444444444444,0.34888888888888886,2.789963248123812,0.650617076373759,41.696768219107774,3.377604165471377,761.2522892480166,286.8613058746004,1677.2223124938391,388.4993313612816,2827.7954243215377,366.34398962084725,1033.2715675367606,0.19026319537952413,0.08774989358383344,-6.322643312047927,6.494312442061021,1,FRIENDS
2_518,192.0630105374198,84.71277667594285,336.1998551603015,0.028666075280348657,0.1392394767320888,3.0536985045907246,0.436046511627907,0.0045891271883504395,0.05247965164201034,6.910420475319927,7.015654026095386,40.88073469323519,68.56259441281713,0.1422843006889523,0.07489198990588335,0.5469490932841661,0.5141944526080002,0.09044312632922695,0.03275464067616585,0.06269494613701321,0.5226464870755316,0.45633259908552987,0.24806946917841696,0.06631388799000176,0.4849487702313251,0.6046511627906976,18.100601581445293,4.319012797074954,-1.0621256982836416,-10.378761922509558,6.5317078334701115,0.0,0.5758683729433273,-0.0,63.488928202860095,0.15399999999999997,0.5700000000000001,3.878206152790445,0.5112232451182225,41.74631148139497,6.77085626808005,741.009641057229,231.2980563982218,1523.1706572060123,332.26436079125847,2883.6857652004487,329.5954251044801,1071.33806207161,0.13581601378130786,0.06440634076511932,-5.9423763463918595,8.683717737773522,1,FRIENDS
2_450,192.21891022587218,108.4979981919408,463.4779888778744,0.03453342442412539,0.1848141057813004,4.768919780401624,0.4789762340036563,0.03900496493199653,0.2099599632637297,5.814873417721519,9.438014823757767,42.239469907455174,61.89356200224655,0.15507864473155553,0.17692119072220155,0.23846145500076368,0.3631760723679597,0.12060453783110552,-0.124714617367196,0.04718891689396909,0.35686937766689447,0.5561691499740749,0.5570860145311557,-0.19929977230718038,0.26179441371042134,0.5401459854014599,18.23906749775135,4.724584651898734,4.026076955804552,25.19109572392253,22.215862014551732,0.0,0.36342958860759494,-0.0,82.07350166173694,0.10700000000000001,0.10444444444444444,3.331683506403632,0.46582887199506245,39.00819921508016,5.997114164009454,799.9246860804276,375.81533442307085,1855.567206300452,476.18083376960425,2934.7456061201683,447.55006206820934,1067.4104600198702,0.11123035735985762,0.03760028378346405,-1.2808969250543996,9.814057544512364,1,FRIENDS
2_567,184.18746225193973,49.40192428601019,480.5125070180664,0.02088309461635509,0.09644392612146374,8.00117174351149,0.5091937765205092,,,6.051815257352941,7.870171231633692,5.732493573523883,6.724733241933642,0.09262518309581376,0.05209798638248437,0.20726952000209184,0.4186181700375457,0.021671526583217682,-0.21134865003545386,0.12383457242346807,0.18727588641326962,0.35863564068492965,0.08737040566610378,-0.17135975427166003,0.19855767558651782,0.5310734463276836,16.597976374506676,4.081456801470588,0.04029696006496469,-8.67552026305458,,,,,96.49956983864207,0.17,0.2771428571428572,4.230611658728313,0.4560245473335622,38.39321628753433,2.539349526496813,690.4698805898533,276.82503556914867,1704.6513211147085,399.28874499069127,2899.3253864995127,342.13348703128406,1104.4277529548297,0.1924936024425142,0.091095252610914,-2.854553619574339,6.726587702808957,1,FRIENDS
2_115,182.4337937112961,65.53739283926855,395.0100032470521,0.024563241101398913,0.1608462738354038,3.073508043669505,0.4623955431754875,,,6.6203790579846125,7.164515464327341,2.500311185821408,2.9390587426829704,0.13519246736832194,0.06248879901806898,0.39062902807104427,0.39465952484399136,0.18368303247678813,-0.00403049677294709,0.13190513807533655,0.37795379480464647,0.3884866605529476,0.5222329678670937,-0.010532865748301146,0.59298098188371,0.5777777777777777,18.37619845391035,3.3101895289923062,-3.1968231770528655,-19.54966604330232,,,,,102.79832486354226,0.14222222222222222,0.22000000000000003,3.2662644771102505,0.5681481061130699,42.256359117458096,4.698054216642865,763.5147197402636,329.361300766832,1713.1417840877216,317.36843232722606,2759.2449877928575,315.7143739598624,997.865134026297,0.13539115173566682,0.06738658259203938,-3.445876214946583,11.725080136347039,1,FRIENDS
2_183,170.60662073394337,80.90280691748895,300.20692665352914,0.02094932251739817,0.16612668687604365,2.549272091252617,0.2548476454293629,,,5.486166401273885,9.761215736263479,21.955423365124854,21.606729082009213,0.14235778340308655,0.0617574581680427,0.8079265520491451,0.5370566370441227,0.13054340833132624,0.27086991500502244,0.15721897897607695,0.4090725390463695,0.2646004573014151,0.5488212999484517,0.14447208174495435,0.5754688941429069,0.7790055248618785,5.459718504475715,1.92015824044586,2.4991847966167295,-0.7195700446264794,,,,,51.273657289002564,0.4000000000000001,0.4000000000000001,5.885144088601665,0.47365123462075864,41.52020822038777,4.480458062050131,864.1964483912514,339.9420407989029,1849.2297351398809,352.29091468491856,2931.328463888021,366.90049428933906,1033.5660077483847,0.1322491997707574,0.05961178838080339,-2.491174424043809,12.102942276004091,1,FRIENDS
2_104,229.39303153312326,87.30304232632669,397.5220429047854,0.02272222390918864,0.12509936055999993,2.156060811331058,0.2971698113207547,0.0027653743761746497,0.08535663029103648,6.313897255334493,11.638510648022804,6.956299926940611,8.187060478521204,0.10635814756979908,0.06335226214061132,0.4259222416335759,0.5653217028153981,0.1335576319907544,-0.13939946118182217,0.11634239040954608,0.6613387725268,0.6615679970790532,0.25157730271331386,-0.00022922455225327099,0.8349570522806569,0.7452830188679245,7.031989738043715,2.8061765579264413,3.9834044297419866,17.086053858166856,,,,,105.307963641297,0.6942857142857142,1.045,2.964073601755719,0.8660900646006741,43.265027487267865,2.9978749787367893,831.353289813651,274.67134621339306,1761.5498608543294,400.79417243442776,2948.567703198076,371.9943960491295,1058.6072066922125,0.19613348739003508,0.11556973953315419,-0.43118801688398156,10.260284842958164,1,FRIENDS
2_288,196.6122384875798,61.79101110999742,322.69876427562616,0.021226466364419345,0.10077669870524396,2.1656962145951915,0.2975206611570248,,,6.5417325949367084,7.6681837956961445,10.511846046021388,13.313041506277198,0.11306940609383909,0.06111053977209337,0.32620703929905376,0.31932998797666995,0.1627027264722773,0.006877051322383809,0.1316461454840534,0.3372321924767663,0.28105176294300377,0.447213595499958,0.05618042953376251,0.7210570543488701,0.6978021978021978,9.112231219439124,2.725721914556962,4.311911326641581,10.274131459961435,1.748290339521283,0.0,0.5451443829113923,-0.0,64.4040404040404,0.38000000000000006,0.5466666666666666,2.4937833768551756,0.3446605998785458,42.41326428593123,3.9428666912564956,851.6994103607393,237.08866552276217,1704.8522793358968,289.622908241764,2750.1001368771995,302.27828314227474,949.2003632582303,0.16682986950838716,0.06768763640503919,-8.328748204608114,10.09297767774776,1,FRIENDS
2_420,226.58033463769422,42.96670049881429,231.42563766215932,0.015663857586148043,0.1071019770256348,1.545990716141771,0.24914675767918087,,,5.764794537401575,9.0510110786753,18.024180997196538,18.014522464128103,0.09732792438853494,0.06279357389538542,0.3059691806196358,0.5509766248512648,0.08567058737562387,-0.24500744423162896,0.09041611464762522,0.7907195972910339,0.759683792269827,0.0,0.031035805021206953,0.44211410869774026,0.7610921501706485,10.04491415909816,2.373738927165354,-1.0065178698511892,-3.4825537838627625,,,,,92.56972835645885,0.88,1.3,1.489825485897564,1.0995367524366104,38.29223704831338,1.98103052759263,862.159552989132,244.50258815848815,1736.2322912319462,287.19175503980205,2921.1563736183816,262.652816861132,1029.4984103146248,0.1682286470532588,0.08241296073413795,1.63508760356614,10.199174687573505,1,FRIENDS
2_49,216.60469938605624,97.06772297279268,358.03297852201325,0.03967470228248602,0.17408185145158456,0.32972995663964705,0.1878453038674033,,,5.747533047849562,11.775719368907158,26.861829792564784,34.742277426796285,0.13326940433107,0.07231960396488225,0.35109956049670954,0.3268805843414791,0.3790490217894518,0.024218976155230443,0.14514176238548215,0.39194266857984494,0.28701973262152186,0.5773502691896258,0.10492293595832308,0.5578858913022597,0.8176795580110497,12.534739653515036,1.6421522993855893,10.429062203580221,-0.42288250863432,,,,,121.59277504105088,0.18500000000000005,0.18500000000000005,1.7830517599805795,0.5498255408325885,27.997021941007798,6.753478102743787,893.4689405897125,249.57535408988332,1772.6695597242465,267.9202278717926,2934.986080401638,317.7897875127701,1020.7585699059629,0.12573205557787234,0.059453263255729395,-2.7592913014394096,11.001795674151616,0,FRIENDS
2_433,151.0102361339735,88.02359660810855,510.3140962650049,0.0190687985541453,0.11927445446979841,3.4442232639529573,0.37623762376237624,0.003193796466081813,0.056086857685456244,6.856140246972076,5.704897852810713,17.18049770879063,21.624456282118,0.12504856115571297,0.05937591954428812,0.3357984783015459,0.37417628168402073,0.03017858201417284,-0.03837780338247482,0.20928790617683823,0.4147018371395488,0.35943479215241314,0.04406526492392318,0.05526704498713564,0.5151555050176346,0.6907894736842105,13.605113160036288,3.9177944268411857,2.1287525588384493,22.079237414170372,0.8959245526936286,0.40980561248916203,0.9794486067102964,-0.0,67.02304147465436,0.21666666666666667,0.315,3.535879034188766,0.5073895487022185,28.633277047974254,7.155820110034886,774.0718675259659,343.49530983916605,1869.862001701373,426.91907717322084,2973.160181885673,431.312241038117,1099.5441571798538,0.12624793309433363,0.05249372190163397,2.5481040664408874,8.435663826225571,1,FRIENDS
2_428,283.5075944560679,74.19392216737381,411.62433753827645,0.02047932926155893,0.11643963976751727,7.538724964003241,0.4614457831325301,0.04641063751327245,0.06004026804121284,6.357993123259052,7.90977192713333,5.681407665536869,10.853050042323396,0.09050745443609726,0.07167472936258701,0.2617498430689406,0.29677359068708564,0.10735412024702531,-0.03502374761814503,0.05468757805715185,0.295400011897266,0.5055770533491806,0.1624781684628207,-0.21017704145191457,0.3873425994684748,0.5903614457831325,13.682919624219592,3.9587504352367686,-0.4772278118362469,-5.406884263195657,7.536074699923941,10.178948504853702,0.599810672005571,0.8112781244591328,81.02741712814309,0.27894736842105267,0.37,3.847515211298066,0.5490230084617097,41.365729804338244,4.343104138720871,745.2576717104512,259.93421537318994,1680.4334182490002,310.2755199161853,2864.8242216356125,327.348969820223,1059.783274962581,0.20413634881191722,0.11711381996084891,0.7777083346031899,13.440370707202545,0,FRIENDS
2_1,192.76589222632512,67.06864790107682,347.0225033330064,0.029796248127253084,0.14821254122768224,3.0225608763797553,0.36752136752136755,,,6.788793103448276,8.063636258272329,13.903872927896451,18.64590270402753,0.1409840141239322,0.07386307057333741,0.4207832371817199,0.5085733638598403,0.13054340833132627,-0.08779012667812042,0.03226059379676438,0.6439998470580378,0.7340801525399683,0.3380617018914066,-0.09008030548193047,0.19209990942351407,0.6623931623931624,14.863325232083211,2.5457974137931036,0.47466275899814825,-6.922186883635419,6.897974932211078,0.0,0.42429956896551724,-0.0,41.43857934180515,0.1325,0.15555555555555556,5.2567568122121004,0.5155038776164919,39.73275895374099,5.4919505064789185,787.5248621417827,268.05611872834254,1897.4663002740072,360.4935996911549,2957.171006021859,301.3117069887654,1084.823071940038,0.1425247719727417,0.07044044232556963,1.8912711526817436,11.87849489916515,0,FRIENDS
2_168,279.3881002406556,141.47764410050237,514.984710194476,0.04166299883523507,0.17567947616342097,0.5149418010514231,0.12929145361577793,,,5.538150380710659,12.673942101621986,15.55518593952009,24.032473180550884,0.15114349344810887,0.08086040821911525,0.2660564492533941,0.2884583427757218,0.20629723576373302,-0.022401893522327687,0.09655271204731253,0.505064918823847,0.5642913093249033,0.07647191129018727,-0.05922639050105638,0.1986232506638107,0.891970802919708,6.347733112300537,1.7488895939086293,0.20459438994461313,5.597907239157822,,,,,50.72046783625731,0.4892307692307693,0.496,4.776858107096941,1.5167967053529483,44.98370298572936,8.426105511148473,863.480090917209,238.57981709549387,1819.4277296631801,282.2820450265472,3001.680514344023,312.2164179861401,1069.1002117134067,0.12175191387953772,0.07091016379614802,-0.7962882598427082,12.794450561289729,1,FRIENDS
2_155,253.7745733271936,68.97313570299485,374.1842628783769,0.02062647398789281,0.13502170895592527,1.5486429617433244,0.2885085574572127,,,6.934421345338984,6.3967948945630395,18.38308432054372,22.682888495714174,0.11590086667385908,0.07785971533042231,0.4719489521724776,0.615696637729839,0.09365858115816934,-0.14374768555736134,0.027583514917015606,0.7728069460146334,0.4646230012154956,0.2900209467136991,0.3081839447991378,0.15564337625557467,0.7383863080684596,10.755757705778777,2.9197563559322033,1.2466718261830296,-16.64527265842604,,,,,64.49910770226387,0.31384615384615394,0.372,1.8525906514629629,0.6192094377628086,43.25257147330078,2.8309015488612363,864.3111057156526,210.98942134675576,1651.9274841136835,257.84864177037684,2806.805173806857,232.3490495053738,971.2470340456022,0.18004952512469252,0.0920252634754471,-5.311092212542255,9.697596698918636,1,FRIENDS
2_2,180.95955448387122,38.487339719135704,198.56290285410714,0.0272354996146825,0.12903638874273696,4.189825201052795,0.4868804664723032,0.006217273788796693,0.11083528695684729,7.3952414772727275,6.720334337909057,11.942052823917054,12.516843523377915,0.11183613148824963,0.06058520568006836,0.25383662675930385,0.27405993013761354,0.037024342251047275,-0.020223303378309687,0.09352370145061595,0.556904522888767,0.569885092722351,0.3894904188522601,-0.012980569833583977,0.44999501201712944,0.5539358600583091,12.286122624824024,4.930160984848484,-0.7342334209685734,-1.9847666941004967,1.5144215265327279,1.843737473756499,0.5800189393939393,0.9182958340544896,72.52443492343917,0.14235294117647057,0.23750000000000004,3.993108681300649,0.33988857131249434,32.91876932894627,3.127937289933346,802.5442565173051,327.154360360306,1757.5411253745474,453.97607636028835,2932.6986611826537,362.82166492594257,1065.077202332674,0.1750596041997319,0.08556674422024373,0.22807140274440138,7.148579554850867,1,FRIENDS
2_120,182.09712073600912,36.039975827983135,176.79310720017764,0.026515740036516914,0.1322944969273869,4.619847979120548,0.4563894523326572,,,6.247943402435012,8.711158815107657,14.287359806484321,16.05528277502109,0.11464181742100456,0.06192727349413092,0.3241454165813305,0.31667243314485133,0.022524579279982804,0.007472983436479175,0.030138113468945904,0.39170373023027294,0.4133762040206302,0.36514837167011077,-0.02167247379035725,0.23245245470927478,0.5748987854251012,15.451383408630308,3.2247449819019414,-0.6363005703352863,-5.019411590467001,,,,,50.55743387270736,0.22833333333333336,0.3075,4.725558662210861,0.7161288884228286,41.096548083536035,3.9090472843515496,692.835333478155,252.8451411948126,1720.5352013720262,313.37732899127485,2816.994934632306,336.1968333192001,1062.0798005770757,0.14889682900555612,0.06005883071376878,-3.8511097300494197,8.494392531773158,1,FRIENDS
2_487,238.7038538818626,75.60957128328516,265.88788473369823,0.017668167160041506,0.14193095861799718,4.5661227455462825,0.4353099730458221,0.004707998150756307,0.09242941850780982,6.034849774966549,7.259639351719343,25.398241492886655,24.175119774444607,0.09493991529049926,0.06008889850734248,0.44145504208388675,0.5590655212021312,0.18278389834267333,-0.1176104791182444,0.1411017726389847,0.583995663531652,0.5878543929077014,0.13959076140742255,-0.0038587293760493635,0.41109102591511215,0.628032345013477,16.51194385104122,4.2914487288651015,-1.352213072715059,-0.8179487411740833,6.208374435048819,7.824001647296375,0.8046466366622066,0.9709505944546686,84.33430766764101,0.262,0.4680000000000001,1.9019045259676184,0.6299311212144465,39.02186369558319,2.80457578865186,835.0717189914989,208.20555907292095,1655.3058641384898,303.1994517315667,2900.163964314714,297.0858987307069,1032.5461226616076,0.1730366359577732,0.07698375837349629,-3.3784165568251328,11.354494390245177,1,FRIENDS
2_280,221.2848715769971,89.34386952785624,505.5516429485066,0.032399367653799964,0.14879411402518306,4.410098289996767,0.39680729760547323,,,5.6815839379947235,9.251497041092199,4.181131050034041,6.175247931253635,0.14056902247191697,0.07970875457340751,0.4369127538882719,0.3739653078208892,0.15435440152675162,0.06294744606738267,0.03638854173945816,0.5174165152437915,0.6129656234279233,0.20203050891044216,-0.09554910818413176,0.19916858436395246,0.6400911161731208,14.32893115054621,3.5225820415567286,-1.2165507899722041,3.651116101117865,,,,,65.80904792240196,0.19846153846153847,0.25,4.631638804060961,0.6730731698623345,46.42850951264671,4.930488509488097,751.9373820453318,193.87416272113936,1709.724535502114,349.3069664534615,2868.8800263133985,327.38819000748623,1058.4713221340335,0.14553706688358165,0.07693049028921402,-0.9433143324265465,11.395311275219687,1,FRIENDS
2_447,195.06013493551396,70.88879640990486,448.5660411449676,0.027502550359351844,0.16588875786374974,6.293272893992561,0.5146831530139103,0.004813580358853308,0.2119598162401542,5.537109375,8.893103138031847,6.060124588137822,12.566554019126812,0.12179776864427397,0.06983278274391425,0.24286966095641752,0.5396422081287894,0.1549709994604879,-0.2967725471723719,0.04025115840642479,0.4970384173187467,0.7437157170855536,0.33113308926626095,-0.2466772997668069,0.3208964350961693,0.5493827160493827,19.771999353380696,4.921875,-0.13839292774409412,1.9060903348274136,4.721375073451451,4.721375073451451,0.46142578125,1.0,69.85119047619048,0.08838709677419357,0.12000000000000001,3.4916022986641737,0.7162668041028819,49.68790682045003,6.364497667352363,637.2868958862288,229.30372267445696,1672.0356210724538,354.6166391775867,2850.0161404634946,349.6737412836179,1106.3646222886327,0.12632484983314712,0.04920429112442269,2.95705725798761,11.577357821210311,1,FRIENDS
2_148,300.8795210160535,151.06165903977373,509.6783797104722,0.0385216576933999,0.18717639175373818,1.2358677396946027,0.2702205882352941,0.030665289321615715,0.2060730247355561,7.605344082446809,6.7645830085624485,30.92515540703267,36.987535720459114,0.16378094520963915,0.07646970012030467,0.5743983636005426,0.6012060219018874,0.13856849886842332,-0.026807658301344794,0.04233144435797653,0.7412866420466124,0.5959847309682169,0.06637233115999723,0.14530191107839552,0.3141140815354083,0.7610294117647058,17.466739353101342,2.840550199468085,0.9933084673459632,-8.002081037616296,8.921296028367927,10.409355776082347,0.4581532579787234,0.8112781244591328,82.92216306521846,0.20275862068965514,0.2036363636363636,2.826790311689108,0.5834703734645977,31.758440157731776,7.132007240574019,864.4453293819498,190.81386084934198,1741.763922387606,256.5678016008632,2873.304004918366,320.1379796669153,1004.4293377682079,0.12199308417660916,0.046553296554637066,-5.25638041826493,13.21618739082466,1,FRIENDS
2_532,223.05716598732945,110.31927731451673,492.9024932534652,0.028596304287585125,0.15685392303963594,2.227661374813647,0.3662420382165605,,,6.771853046182195,4.860689743242545,11.866263982238062,15.901856935803922,0.1399329845880571,0.06974513887917044,0.3415813702150314,0.5449287506639242,0.42955026326506274,-0.20334738044889283,0.01747482372575504,0.569821411268657,0.5857035472653985,0.4811252243246882,-0.015882135996741487,0.18142496227060434,0.6709129511677282,14.491222377617104,3.2801163192445006,1.8707271723239247,21.142197187978205,9.157605022811858,0.0,0.2116204076931936,-0.0,60.30271477264157,0.17428571428571432,0.2235294117647059,2.3490729804725823,0.5242871798123444,40.430399985424216,5.492857400628174,843.6951003866941,211.78834187229836,1721.1583367284084,329.5015484847543,2838.4583154269444,315.7954070196686,997.3816075201253,0.13539955012790203,0.05895116978362928,-0.9881008941222132,11.847383589095038,1,FRIENDS
2_443,285.547720285804,72.47310051188528,476.9913370178762,0.019970181451715942,0.09952232889791118,2.1175517471483656,0.28695652173913044,0.023765213611334178,0.11746105287443863,6.899923725332968,7.653662190379061,11.476172838377321,22.43075740807628,0.11839508630520319,0.08751439461611257,0.29132569031395733,0.45895230471765963,0.036588086663230164,-0.1676266144037023,0.03466387761215206,0.24015899201835647,0.44922749877037194,0.1622214211307625,-0.20906850675201546,0.468435426633828,0.7347826086956522,16.210101571216647,2.8030940134165183,-1.7625521339130505,-16.741641680372304,0.43893541089881616,0.0,0.4312452328333105,-0.0,52.09543466509412,0.39454545454545453,0.776,2.5688043798890154,0.4244432425138872,39.097135022759645,3.8040930224161094,787.414376382486,232.24624408066322,1748.404396904342,254.211075317321,2872.1217402248512,316.78169144526174,1042.3536819211824,0.16851351413969776,0.08145443580341502,0.7258588970827669,13.746194144764386,1,FRIENDS
2_475,153.58758494691017,27.608386867523798,309.79929325250464,0.019312714384284033,0.122119026481805,10.703082554004881,0.6230088495575221,0.0035575843926362876,0.07599269300847894,5.098957004337841,8.465640350103262,6.809970197950515,8.018704633627136,0.1089003916579733,0.057807038312036596,0.1390174467447958,0.3194311617906454,0.12188756482930876,-0.1804137150458496,0.16709681584606473,0.2515800765930471,0.3379867460602518,0.18107149208503703,-0.08640666946720471,0.3719280267625551,0.42402826855123676,18.995958300519245,3.868174279152845,-0.13705725883684197,-2.105836836741501,0.7689062959416937,0.8426190848607311,0.7033044143914263,0.9182958340544896,79.99028838088066,0.17500000000000002,0.27,4.019692484376233,0.9156050471426642,56.44503710260954,3.907369301597638,626.3890673818735,222.96991860642655,1736.0262388303363,500.47575334959924,2901.9868753086503,364.991156510386,1137.7989039633885,0.1470264955872958,0.05794588581857538,-0.49890046901184687,5.758087798188034,1,FRIENDS
2_92,176.2283286619494,50.02417698488803,334.6445928903273,0.019756026046761806,0.12707927955278717,4.390262377870276,0.43112244897959184,,,6.573335167859108,6.87829503523479,6.73840782671133,7.649699749376959,0.10891961027394825,0.0567652023664742,0.45235024259059303,0.4565188888053083,0.21327646718989118,-0.004168646214715244,0.1549943126757538,0.6969477012732241,0.6114836475411775,0.05862103817605495,0.08546405373204669,0.537584360736991,0.6479591836734694,9.97133535334589,3.286667583929554,-1.1291756729270208,-0.3844148030496246,0.8700459969630998,0.0,0.505641166758393,-0.0,85.50876389048,0.29714285714285715,0.56,3.608435625801308,0.6012134970250602,55.965571889834344,2.520593561737295,790.8140520332986,290.3091946587842,1704.4088346541555,357.01569087283303,2914.3723335531577,303.0367317736937,1061.7791407599298,0.14738605720731998,0.06779199000918491,-9.142425077373044,4.61677778640644,1,FRIENDS
2_258,244.28291431146133,83.93198773771292,464.10545612991876,0.023292385502475747,0.12219855296455844,4.76768185599513,0.4197162061239731,0.024232459638546946,0.12422307596223334,6.1097669766435985,7.653268922783244,3.9852945225935064,5.9985983054533945,0.10300126211305388,0.06697202177135939,0.29231465627877307,0.3471832441711933,0.13414491645912344,-0.05486858789242022,0.0070552816827701426,0.34414210678809515,0.2779369141892804,0.7233393492970545,0.06620519259881474,0.139855055832939,0.6149253731343284,14.340165814293421,2.607827368079585,0.20476438839406533,5.808975199327395,8.806930829183466,3.640340094021763,0.22352806012110726,-0.0,71.91824668900416,0.21945945945945944,0.25583333333333336,4.399828149734187,0.6011331624828785,38.24003582797838,5.143939064500694,774.5438696286186,318.4448971067413,1842.2149325648793,383.51012622371053,2900.9966021602995,358.71810713845684,1063.2263662658404,0.14998208925633413,0.07749989060307796,3.6957687716946412,11.299638287868156,1,FRIENDS
2_376,273.2566145620422,87.17191895775814,418.807697801981,0.021738048431270533,0.13780132716863722,2.5983752842067824,0.34598214285714285,,,5.758047506653945,9.460413441317456,19.91953554592134,37.00721932204447,0.11518472578860064,0.0660418470812448,0.3041688893700123,0.6081759475371662,0.24235968331928107,-0.3040070581671539,0.04650762924517016,0.571610198678448,0.5333862090845536,0.07161148740394328,0.03822398959389439,0.21266128689639086,0.7232142857142857,11.461519355704532,1.328780193843218,-1.6262167136755525,-5.071210418511642,,,,,78.23955140368803,0.1376470588235294,0.25,3.5090904976316994,1.164854678185826,52.65895082960787,4.504428785692459,877.2732329848272,208.67925048705413,1756.889593413339,244.91437313550162,2945.9749516664256,264.29327596127297,1034.3508593407994,0.1611900946986719,0.09063038869479728,0.42258605327527354,11.891302735646526,1,FRIENDS
2_114,218.6312917329099,94.39864922417463,458.6890239640369,0.019710693202676224,0.14469502119948283,3.5654223515871255,0.32469935245143383,0.0032210558818271825,0.09630224378627568,4.887622122591006,7.848735229644533,11.055195006239371,18.13810808756058,0.13044457465458267,0.08218709564781679,0.44770079060256496,0.7527025862457832,0.07162296636328663,-0.3050017956432183,0.07072701060276188,0.5960377214491364,0.7303948117068728,0.1824053700931445,-0.13435709025773646,0.30988938428083235,0.744916820702403,10.875010097990609,2.39770141862955,0.23368563732741154,0.17150959461125836,2.846103687615059,3.3181058646013266,0.3688771413276231,0.9182958340544896,77.3254006940234,0.31846153846153846,0.4640000000000001,5.086048985015452,1.4711566923368353,43.65982268400107,3.4575886506979,940.1933858361471,275.31382881086375,1927.4481066930425,246.9867745891532,2900.797919215445,259.7985700589706,980.302266689649,0.13047000833789438,0.057381016391100784,-7.160980974798949,10.800134014433905,1,FRIENDS
2_246,159.9905263339331,56.28507750310512,428.94363991548005,0.024102061119028396,0.12298181393760742,3.8959271663864428,0.4971537001897533,,,6.225243183587567,9.291987034660307,42.86293103912373,46.838608322115086,0.14296055902808447,0.07151470043666666,0.38400377720039996,0.3782084554134302,0.024485105343719605,0.005795321786969787,0.07202347465828451,0.4803397591229347,0.7251722811413872,0.18935832092934096,-0.24483252201845251,0.4091770251645216,0.5416666666666666,17.194490218877604,4.527449588063685,-2.213779395979792,-6.277061990499824,,,,,62.051409956825665,0.12625,0.14250000000000002,4.133026705554687,0.522832314634516,45.17536941563383,4.702084226386428,812.971078445597,308.0507198781839,1758.1295469572758,410.95542201416225,2789.3545032055295,414.72953579325707,988.1917123799662,0.14599853982160815,0.0717928680665263,-1.585511962369597,8.649963480817739,1,FRIENDS
2_268,330.3916307993414,79.96931002696276,384.90086524334214,0.019191459167816307,0.1362230628906034,4.0882461733861035,0.32211538461538464,0.019078247459479662,0.18685287796647046,5.353338068181818,8.91337299792307,18.657684483266117,44.316687586416435,0.1045450085713558,0.07196156734020721,0.2023404915478855,0.2833210343845808,0.0655523820646692,-0.08098054283669529,0.054603778668814384,0.36236891865831417,0.5067777343762805,0.3417430630867044,-0.14440881571796632,0.18911025865388587,0.7099358974358975,10.80930339152444,2.8764204545454546,0.05137786881223408,8.803696857145777,2.019413478097122,2.474898554029012,0.47940340909090906,0.9709505944546686,72.63491789256496,0.31999999999999995,0.3692307692307692,3.577346096717723,1.0239306793248135,41.53993301560984,4.352614190254887,897.3498939227428,243.73151516453242,1847.7033425723162,291.39560868761777,2863.0909034602164,291.4154706839737,982.8705047687366,0.20971319360984428,0.12484031879325892,-4.703805386756738,13.971792795747811,0,FRIENDS
2_221,250.51459345187533,100.17190806112066,478.76944710774086,0.019146635553731424,0.14262681136188216,2.310427233274431,0.2903225806451613,,,6.534952192164179,8.72909247927861,6.1343064457326415,9.899781458681764,0.13522134857317375,0.10595204166936846,0.3625458177192239,0.3414478281884187,0.3191686004911536,0.021097989530805217,0.0781463391457502,0.5070389129103658,0.6337198387491711,0.1005037815259212,-0.1266809258388053,0.11020042892426274,0.7354838709677419,9.150620509313349,2.5711287313432836,-0.5969102166064841,-3.790595365177783,2.439562570404167,0.0,0.21426072761194032,-0.0,66.7523555290782,0.30173913043478257,0.4527272727272727,3.1052773314497863,0.587216442837231,36.842906132798916,3.6246354089534347,844.7953268575529,285.22917512055426,1779.4974438831864,349.3543419232732,2873.685762482886,317.03582831350457,1014.4452178126664,0.1613113490330284,0.09364819144319728,-6.099130977309069,12.704417018233492,0,FRIENDS
2_369,181.44843886413426,119.64373295640495,418.040071332895,0.02028866017337327,0.1290854412632026,5.982432854184796,0.5307125307125307,0.020947547021494026,0.25716032724962945,5.839512711864407,9.304746287944516,27.147211807522613,38.52709762537425,0.1251044881883686,0.06661838726646076,0.21630533896684453,0.26539707422818715,0.06076361416975547,-0.04909173526134261,0.12077568219688928,0.6728077394313398,0.5367964086195319,0.3580574370197165,0.13601133081180783,0.42570838888355256,0.5,13.896305684612699,5.352886652542373,4.758786537785881,5.079980300446966,12.158188200751944,0.0,0.4866260593220339,-0.0,78.69857438443537,0.12714285714285714,0.33499999999999996,4.112538125310775,0.7460967917178364,39.202209212840685,2.8901004294473958,675.0808693844338,206.25682157907096,1674.8259445594983,315.80199032052917,2746.776720980976,305.872041042634,1035.847925798271,0.11587034105261498,0.04136391077530129,-2.5183876270678347,9.614821735016362,1,FRIENDS
2_103,160.67630161816717,70.97462157519773,475.23205534696854,0.024010449796970586,0.12192693038865621,5.013877990227175,0.49303621169916434,0.01019926796445464,0.07708143152246899,6.375676508118098,7.492565793880986,13.994393500301276,19.60511763105707,0.12983977554186976,0.06133184179995437,0.14234062846828013,0.26726405018095184,0.2198470981555577,-0.1249234217126717,0.1236705171653194,0.22133408398063237,0.32248288883234644,0.22591967055246223,-0.10114880485171407,0.2799823808938485,0.6044568245125348,12.23754959073257,4.573854886258635,0.5176128330285923,6.901240812109167,7.477506989260406,9.607654360642224,0.6930083160997932,1.0,96.95736811201584,0.17904761904761904,0.30222222222222217,3.7418853219185477,0.6015707331135512,43.09471097708031,4.080709872362298,732.5592420461605,242.1174882886639,1678.3101306271503,364.0552789326606,2820.6955116328345,335.9287377344119,1044.068134793337,0.14236474809702765,0.06906321404932482,-5.636130707699257,6.434375405737985,1,FRIENDS
2_457,146.92951633482463,34.79893476830287,252.38962142915284,0.02925442072087452,0.1628119743256391,5.176223066993139,0.6841004184100419,0.028976863820471068,0.2076876353312475,7.270577595221721,4.427669527242127,35.28029228225853,34.98789650300352,0.14710253864338024,0.0830523170325645,0.340492701122035,0.5538549651142637,0.2364071480171749,-0.21336226399222868,0.10014311847155388,0.5109172343351412,0.8079512704062342,0.07647191129018722,-0.2970340360710929,0.25491299898769826,0.4309623430962343,22.15256128665092,7.686039172091534,-1.7204488570234984,-5.850225242831115,2.519485246253701,3.238686107650856,1.6618463074792507,0.9852281360342515,73.28359722318531,0.05466666666666667,0.05600000000000001,2.9040964232733883,0.26434274651236866,35.70038964591361,1.7572236755267054,756.2904942203365,371.8399504382525,1830.0847027436055,482.6860114556565,2953.255456577059,426.94218081084614,1098.482481178361,0.11675733283118987,0.058517250793448286,1.6831183987687057,12.04566976711908,1,FRIENDS
2_112,166.26974761321782,111.8459325068416,498.47413102122295,0.0285715889080214,0.1826672180281692,2.8014646200795132,0.42736248236953456,0.0031979471894764524,0.1840201684965336,7.294635586319218,5.082928388534074,62.708874418814375,73.6203818946872,0.1846517883995329,0.1214235717554978,0.7753478840887772,0.6004766029028475,0.020153755044768948,0.17487128118592965,0.0711094609407068,0.3240845623063707,0.29787593194072187,0.5046949386828398,0.026208630365648855,0.20867668188580457,0.6507042253521127,8.32702700228475,5.190413782573289,1.1563611344064615,21.077491419949496,8.004743027519188,9.947621674913337,1.262533082247557,1.0,95.6003316454585,0.13500000000000004,0.12666666666666668,2.897209891534691,0.3674316818353128,31.46245023152952,5.9497956770659535,818.0986872116255,289.99473120587567,1764.0932343296304,433.9357419718087,2970.5353778346803,364.47513310237986,1076.2183453115274,0.11543490482356585,0.05168576557232711,1.098931930901463,9.654506167932398,1,FRIENDS
2_174,140.68089569957567,59.736506378699886,238.76618408258923,0.0379251679028552,0.1615526830116836,3.933683555807893,0.42105263157894735,0.0011656777536039622,0.16858852694700022,6.583399681528662,5.928977416362356,69.8628702170153,78.70507955856037,0.16821937981520504,0.0912820437363195,0.2793682078519284,0.4404429403046695,0.14867525836251316,-0.16107473245274112,0.14396746419943574,0.6134779656027164,0.6026131056632329,0.3853464406872706,0.010864859939483495,0.44209154888034663,0.6906077348066298,27.59259358996247,4.114624800955414,1.6138053694755732,2.052854957409325,,,,,74.04776279594454,0.17384615384615387,0.13142857142857145,3.278666977455381,0.38182390683885153,43.14180990992446,7.53005712871222,872.5612975323843,389.0610403101725,1949.6437973241311,494.99568138741733,2968.043706634246,477.84679995476677,1047.7412045509311,0.10835255632994722,0.042416254490013426,-3.143990459784937,5.720314029195919,1,FRIENDS
2_490,159.96191402380634,87.3382210820241,509.19336214511486,0.037568315192542286,0.15533809416320235,2.02474146875715,0.32098765432098764,0.033716518395100675,0.15512839489163455,7.340864701704545,4.098214162198028,60.7316649583208,50.3361430804813,0.17643751730398763,0.0740337488225589,0.3384328600510454,0.44901585847267095,0.03335186729825348,-0.11058299842162556,0.1612713241675815,0.44776683303900594,0.4551875173099408,0.29172998299578906,-0.007420684270934841,0.34061649976106145,0.7536945812807881,11.680242066482663,1.9575639204545454,3.1288831350641413,2.6618507633005777,10.702160956104992,0.34533299265893014,0.7340864701704545,-0.0,59.623216289882954,0.14210526315789473,0.13714285714285715,2.90011986571557,0.39175934952487457,39.94941937309865,12.46319745646602,898.4863098871781,309.4376984708617,1826.8086539499673,422.230898171175,2980.687288383942,365.7869319706878,1041.1004892483816,0.13617414996568952,0.06722194858557579,0.6304049985318498,8.370893622767941,1,FRIENDS
2_430,199.77431804523547,142.6250112359213,484.94605521572515,0.0347725992815636,0.18540973910730132,1.7434033056512657,0.30740037950664134,0.052068442360176194,0.19130457688642138,7.3540227132790585,5.727477665447694,70.3590560373763,119.35624559894548,0.19866835629588944,0.22436283782653374,0.2761169920160898,0.5393636207481374,0.0610278197697353,-0.26324662873204757,0.12544060334911777,0.5065632650876084,0.6309178871927145,0.13323467750529824,-0.12435462210510606,0.21527496342291286,0.7613636363636364,8.15298054525791,2.8284702743380996,3.7402482278520597,15.199425233501403,1.1340603342144462,0.0,0.3771293699117466,-0.0,78.71483014340157,0.09181818181818181,0.11285714285714286,2.8872264661018656,0.4196340588364098,40.124429962118406,15.037906355345617,836.6445232474254,282.84069120804156,1896.2057613751251,398.4348406142047,2922.8518427620384,399.4180078081075,1043.1036597573066,0.09952318273880953,0.032174280222048074,4.577951687864971,10.763741473847569,1,FRIENDS
2_434,158.27313820036542,66.83161919598983,236.4127184515407,0.03291614306383834,0.17924633346877744,2.089211531131125,0.38626609442060084,0.004807590581510419,0.10631768322142839,6.75810282736955,5.115535916745867,48.96710314372389,54.88974459221313,0.1574863529979802,0.05324171034940791,0.33402929531211645,0.38904864443228465,0.27317918235407657,-0.055019349120168204,0.14664316563845714,0.5985605445094996,0.628233147743592,0.17586311452816478,-0.029672603234092376,0.537584360736991,0.6837606837606838,12.93362706476141,4.223814267105968,0.8566749564105268,20.737648898215845,,,,,68.39826839826839,0.13090909090909092,0.096,2.2302362987242605,0.39158891690627795,46.78066779765434,11.575687642566228,780.4877885820189,251.2479545843159,1886.7881262336837,319.1402094557555,2819.9369928067235,313.8384007793636,1019.7246021123524,0.1251169150936052,0.06263534833113908,4.673435056294882,6.981192032023703,1,FRIENDS
2_541,125.53167730627243,54.82732894211274,316.05844652190683,0.03332737145599581,0.16843488775610016,3.3852770807324504,0.4851063829787234,0.03058894920010185,0.11193536739496428,6.9695605532355085,6.738796873022861,67.88322856583827,93.49614580464959,0.18828860567270164,0.07110577001460659,0.468342473021302,0.5243814045743797,0.11133684861787149,-0.05603893155307765,0.24491926076141546,0.5724876879256627,0.8423133517572092,8.012344526598184e-18,-0.2698256638315465,0.47105705434887013,0.5659574468085107,20.62164686303622,7.603156967166009,-0.7457603363372594,-28.12041927825459,13.46409805003524,1.5325985308967134,0.6335964139305007,-0.0,75.68755542803987,0.10777777777777778,0.09714285714285716,2.750853462645211,0.368608723359644,32.448862681322446,4.578821972497969,843.0859295148196,386.2029968085814,1894.4387376512682,496.6881031181737,2980.269979971587,389.40866406689065,1068.592025228384,0.10068608120422276,0.029946962396838032,0.8529911669556713,8.922074662537483,1,FRIENDS
2_392,119.59427448538227,40.52968670386606,148.97720007322238,0.031095038348851887,0.1935792979812701,3.9593778472725116,0.44658493870402804,0.017034635074178427,,7.83303730017762,5.8577100760465814,60.7163915564644,54.98166553024475,0.19174631415946808,0.09200764340780895,0.5498871702714996,0.5461104659817235,0.11136601190747734,0.003776704289776056,0.19371787657228512,0.46556260731821264,0.6623610077409225,0.2589191112012619,-0.1967984004227099,0.3595079545282238,0.6223776223776224,21.841427451589798,5.91829484902309,0.20127978006677383,0.6270043132504277,0.034089590250179214,0.03924817682199441,0.6962699822380106,0.9182958340544896,94.65587745587744,0.0832,0.10999999999999999,3.213959795056532,0.32125779513871466,32.48012746187941,7.3528974277955115,821.3435113872922,511.80077727941057,2016.4057903607147,484.43394649147336,2956.5919379588313,514.3697685104222,1067.6242132857694,0.0968215788848661,0.044333657014872276,2.9094842054360464,9.902539496675741,1,FRIENDS
2_187,128.7708570872207,42.471946448223555,131.59866170568654,0.025312776497950246,0.15434327339822482,5.8351394071885885,0.5864978902953587,0.0026026561681636016,0.15394558081591814,6.277997114873585,7.822001967090982,49.20082364778426,71.0470761750861,0.15488682828401487,0.07745291230658735,0.2596446659378121,0.39213375569064235,0.02698762900750028,-0.13248908975283025,0.1966879932975225,0.3961914501623331,0.399323827198831,0.07669649888473702,-0.0031323770364979353,0.34745373997730433,0.4936708860759494,22.289708797362817,6.277997114873585,1.1890909384511847,31.744505741709993,7.920146564427057,7.920146564427057,0.6277997114873586,1.0,94.32247555817351,0.0977777777777778,0.21333333333333335,3.5356021397329007,0.8111966696609388,44.40334240602957,6.59225733326705,713.256478030841,386.6470155503182,1895.183939400673,408.260325732114,2885.4597493027723,384.11753693270714,1086.1016356359655,0.14242792344457833,0.07163516084170106,-3.1251714921122313,8.83543681760388,1,FRIENDS
2_113,160.8618622339741,62.40677025224836,438.9598858957578,0.030832471942642575,0.17069776713788026,3.297778725193423,0.4943639291465378,0.03174977397507553,0.18179708397589905,7.044319237918216,5.4359638459887325,31.438811678183143,40.84620933684588,0.15062137883569704,0.07594758009406104,0.248740207250288,0.4029033098372183,0.1977872705736595,-0.15416310258693028,0.134006455814899,0.33420822516841087,0.5850754363602576,0.3001668056842815,-0.25086721119184674,0.26406550424243047,0.5980707395498392,15.804639492689443,5.763533921933085,0.3337395372333304,18.383274303886417,4.0400846217177655,4.101128833217375,0.9605889869888475,-0.0,102.03853795436464,0.21777777777777776,0.36571428571428566,3.4025625742708314,0.3920453488508128,36.24627246525408,3.729784884364813,773.782773707847,363.6977318746195,1803.21819542889,416.0062029314684,2863.7738926238026,417.57651247232656,1044.9955594579778,0.10137523238430558,0.043660914274453316,0.37596770607021124,12.742080443266397,1,FRIENDS
2_323,182.30020332287802,50.22492581947026,177.4721361824085,0.022575261647242037,0.15886416793487215,1.8970662642569036,0.3723076923076923,,,7.310200022101889,4.1323507413648874,60.13763096584501,58.025171240771485,0.14960231144693587,0.06269091896630202,0.4801051791542488,0.4508756411956411,0.14048787173725408,0.029229537958607665,0.11634289729411851,0.539040433643965,0.8308935586432088,0.0,-0.29185312499924376,0.7210570543488701,0.6441717791411042,13.777956091955506,3.6551000110509446,-6.091630484403627,-11.677151833692985,,,,,94.14195840279432,0.205,0.268,2.1630663104709673,0.44955329114431025,37.460074365203326,2.748359229861234,928.3022087063174,304.71408935567763,1808.730379302041,434.6218658877441,2938.272088948578,437.0704828789504,1004.9849401211304,0.14846990095384122,0.07731825449527381,1.5058351928578886,11.601115726517351,1,FRIENDS
2_137,133.04294954979915,44.21239170421009,287.94275962602046,0.02819254204263191,0.16776021439859776,2.794908598646665,0.4975369458128079,0.018468286709205913,0.1744985204740386,6.354255566762355,5.037921253203507,58.72843286260786,72.20212235703946,0.15700732308823784,0.0646356757834598,0.382211731017824,0.3459052267051714,0.037345684348663526,0.03630650431265264,0.05371441934322285,0.7750307088723247,0.6981468523007747,0.11433239009500593,0.07688385657155006,0.35715222436100624,0.6157635467980296,16.502792967598747,5.376677787260454,0.8057314307998391,-0.3976610949192434,2.7037095015481016,2.745265654738174,1.2219722243773758,0.8112781244591328,101.08023377588596,0.12666666666666668,0.11199999999999999,3.183091741912981,0.3612579401735942,40.63306434035525,4.3247715968564595,858.3501974430669,307.8722025045889,1793.2669984554996,402.2910206785322,2904.4940941466207,404.3366068570897,1023.0719483517767,0.10472346598393512,0.04211358871272801,-0.25447101392546656,7.306825054727482,0,FRIENDS
2_294,145.53239191397702,66.09934434872237,416.4721430055428,0.04669484634440072,0.1563695020800544,2.94498077334611,0.5214899713467048,0.06204655262634384,0.08405176393073474,6.803543190671484,6.754502168683693,65.75919645375016,185.57292839922823,0.12726172125096302,0.07752527326133239,0.2995203523045561,0.6231034519097175,0.06849918448012507,-0.3235830996051614,0.2785049209788244,0.48910306404873427,0.5170203699425191,0.10644925908246994,-0.027917305893784827,0.44605456035743496,0.6285714285714286,9.841673850175809,7.087024156949463,2.7157775067292134,13.766756418578025,1.4948958121736518,1.828354671528592,1.9843667639458495,1.0,82.59748569908999,0.125,0.3,3.402651881763841,0.3657139448235194,35.54410040443424,2.7823011670033164,874.4294592508423,321.6804443280501,1895.6998464383382,400.568069729915,2943.053050159252,394.12087593931574,1034.311795454205,0.09214623800038789,0.028888327985935314,7.173407066833583,7.521088246155695,1,FRIENDS
2_359,138.51875126539468,47.43923012313851,275.730186404934,0.032081092091511096,0.17860090079871543,1.9538014574408458,0.44511278195488724,0.01401217712461239,0.15195223247004538,7.0281982421875,6.532208358907739,31.34468715740732,35.09708366675244,0.1528597875140649,0.06758314644610013,0.36744305654872095,0.4706281675108129,0.29890588710282917,-0.10318511096209193,0.25900026348624516,0.47840433472084964,0.5922318632494574,0.40482045237636816,-0.11382752852860778,0.4888430012528502,0.7117117117117117,12.944833900438438,4.0374755859375,1.2547384863892814,20.765481766286886,6.537305742595584,8.324865273375945,1.1962890625,0.863120568566631,74.08750431002616,0.15733333333333333,0.188,4.264317284636718,0.48810325448096176,43.73132401686245,3.515843490274991,871.7305307841114,278.5146662180737,1883.0469118670633,404.7407197762551,2926.3584465701156,385.86737755184726,1027.3139578930022,0.10417485073329104,0.045630743228086884,0.6326282979945,7.927548671296209,1,FRIENDS
2_141,171.3700562712691,98.25283511717483,495.49418664249646,0.02532179065407447,0.13930878647120373,1.6583475917856842,0.3333333333333333,0.0006968601311809012,0.17003175131659884,7.489809782608695,5.753130925768471,67.84874343767481,108.9324017318238,0.16484070768589046,0.07723738204720453,0.3727917025247303,0.3841001934592077,0.04039785816233883,-0.011308490934477389,0.24215203996786416,0.6201240771568308,0.5628576072731472,0.2321469697602411,0.05726646988368367,0.45600210196830804,0.7142857142857143,16.166644703125826,2.2469429347826084,1.4382407968723026,32.11850649387001,5.242988237256483,6.65785573300542,0.7489809782608695,0.9182958340544896,67.72913387583546,0.1657142857142857,0.22500000000000003,3.2006062928745385,0.47525349373705755,30.788215116951566,5.979135130060396,872.8286276635639,262.9594704085692,1758.52200497764,337.8129072958189,2912.28350740595,347.9588931055882,1019.7274398711927,0.11880894975482408,0.048929015846081066,1.1673071697417146,11.370785207193883,1,FRIENDS
2_283,155.24814354065236,69.63628631486432,367.98297544320496,0.036776740905397245,0.1915350294999491,3.56957311678329,0.4652956298200514,0.002940389999628395,0.15699296372663066,6.631272121590673,5.907258631575824,132.42875017607955,159.40964809507665,0.1837798515613983,0.07826789629167814,0.35580673986497846,0.48284713373266247,0.20740410577134807,-0.127040393867684,0.1607181607414354,0.633853090478639,0.5895004569869357,0.3100868364730211,0.044352633491703375,0.37984855576919385,0.6205128205128205,21.47897793739791,4.335831771809286,4.385812936395469,16.538383218530495,15.828870437729522,15.219419864901923,1.0201957110139497,0.9182958340544896,67.34595895721215,0.08000000000000002,0.0825,4.087158524008372,0.31161315991227245,36.094005402161855,6.08526463055226,918.1605914938216,415.620979688655,1994.337119340969,436.8710648579385,3029.1859281300162,456.3880844105158,1055.5126683180974,0.11016595442854694,0.05148917186554951,6.904609566977647,9.841790429060023,1,FRIENDS
2_24,168.12662309051728,93.33263233818154,510.46451300279216,0.0270894019908269,0.1466488733428653,4.314178367575159,0.5251141552511416,0.09117783510076072,0.1733351375571717,7.7052735438913835,4.760373195686002,60.148404561353736,70.60284606145872,0.15452960748983793,0.14623174373066106,0.2641627808998166,0.3842751188657181,0.14642859736901404,-0.12011233796590148,0.10878214955890553,0.3072809536219685,0.35130805605128246,0.19644287889585088,-0.04402710242931396,0.3261661028575821,0.6575342465753424,9.752958529690732,3.172759694543511,3.223740036137615,16.782595968462388,2.773515836471739,3.6200952685397016,1.359754154804362,-0.0,83.34748040630394,0.09894736842105263,0.19333333333333336,3.5509485505578673,0.4095223624932404,31.776713638817217,7.352738863064586,891.2477153249141,424.5520923338728,1986.3154913762926,464.6396140343206,3013.261153239074,499.91659011935303,1061.0067189570796,0.15103244584887673,0.0850588923902009,0.8593364566881257,8.566910620257962,1,FRIENDS
2_197,134.75135594411017,69.90164564954917,234.04932091042664,0.024896060823047,0.15254906237960475,4.283844100338235,0.577490774907749,0.04177858775314528,0.2815172091735392,6.9639295212765955,4.813064979210653,58.724644374091156,70.55919811262436,0.175139683471692,0.07100604908588841,0.46266008758715044,0.525364264727176,0.1949172711967804,-0.06270417714002557,0.1906271835697455,0.566562019204707,0.684746564076637,0.3563249516154553,-0.11818454487193009,0.4257184056481679,0.5313653136531366,26.318756487622743,6.414145611702128,-0.373492557104686,-2.4535393432379102,12.501261271804074,14.760717679245172,0.9163065159574468,0.8112781244591328,80.56148437865475,0.11391304347826088,0.14500000000000002,3.0400042356442794,0.2966182963706391,28.506668385175065,8.077712001904446,929.8441342803313,447.860636291809,2027.4400550630967,503.8924704971731,3085.206030398564,480.3842620743628,1077.6809480591162,0.1169117938436804,0.061153582689487944,1.3091014752286831,7.920947849832865,1,FRIENDS
2_493,165.13044683496227,42.294302378776734,410.0840738613211,0.01886009163009064,0.13197940448878626,5.290306411269072,0.5384615384615384,0.008561894817322314,0.14119012731434555,6.5737099945209,7.249164024624851,147.01153554126586,151.1322982260523,0.11790585725185034,0.060086636593539904,0.378409121403687,0.38760773902887885,0.13990647606992623,-0.009198617625191863,0.15388089354751222,0.606240379298655,0.5368720408608972,0.14253430144367393,0.0693683384377578,0.4455246404702641,0.5071428571428571,16.04594015783472,5.330035130692623,0.20045748416484377,11.027526698829117,4.387434530192532,0.0,0.35533567537950816,-0.0,92.14421263604847,0.10705882352941176,0.13111111111111112,4.078197349961173,0.5739295270427771,42.64467002625343,1.5310653012422177,749.7728151433494,319.8711621189633,1774.5001112579464,402.21449209779246,2886.6575031136904,400.8982844219204,1068.4423439851705,0.15009908589866242,0.06726318863380946,-2.544749476820088,5.535639282758524,1,FRIENDS
2_573,210.7676745066775,101.91923518235718,361.12552383655844,0.023068002217951862,0.1453434106595756,3.8202491468507573,0.43982808022922637,0.005163802350972826,0.11993358113026728,6.9875957160596025,5.624438140924741,41.40748338943745,44.054048911582846,0.12007511484307151,0.06317643262061876,0.4323632876265413,0.3914654282521145,0.029743468345118526,0.040897859374426804,0.20421515860776762,0.479864189548619,0.4318860620244583,0.06703178432531279,0.047978127524160696,0.3808489984123089,0.6561604584527221,9.852553940008256,3.9929118377483444,-0.9847157819621265,10.640210448682344,0.9849665129343359,1.0264979692414353,0.7130199710264901,1.0,76.25366184259006,0.30933333333333335,0.3428571428571429,1.9761019582288872,0.46647427856559,39.25758578066779,4.898863629485074,783.9105373492321,219.1257467135942,1715.0367775040293,253.60322895063348,2793.8519513261836,238.16593914225925,1004.9707069884757,0.15838648974073521,0.06405991787527157,2.111952873006326,11.86768785007703,1,FRIENDS
2_440,336.4412594753418,110.91983052305245,468.16808679091935,0.01665306286197833,0.12861406883256266,7.453704663197614,0.5064599483204134,0.009525501848717659,0.1368387222609287,5.527926772388059,10.40496799981301,7.0158460836057825,11.49128719726927,0.0980193999276016,0.06648102602838488,0.3576196262075519,0.33508543004590474,0.2231518495721685,0.022534196161647146,0.024108242438051986,0.22502454283568823,0.3475733109181174,0.3325800367019059,-0.12254876808242915,0.21262278078540753,0.5633074935400517,17.33201653923683,4.8851445895522385,1.0449840283140133,-2.5026199812384036,3.8021442500492735,4.84622627015266,0.6427821828358209,0.8112781244591328,67.67125346937814,0.2447058823529412,0.41000000000000003,4.096514213403245,0.74235230223342,51.99733341555351,2.955346643589611,834.55241479355,174.99646970980612,1743.643507730318,280.8171572988733,2866.0006332298544,288.9028490098327,1015.7241092181521,0.1626614761908478,0.08230595984507111,-3.4944584776963104,10.216630989735574,1,FRIENDS
2_105,161.88000383396118,54.31701234843203,377.48076075924314,0.01874049480271734,0.13037988504068693,4.445480539209723,0.4839537869062901,0.015275263054242203,0.09223412274893805,6.3896745178041545,7.44033931652116,8.200127266768778,9.207772493483171,0.1250156614757301,0.05466826011126376,0.2737631451058079,0.2911152877700773,0.09023831826218114,-0.017352142664269377,0.09745357293163448,0.377325409399719,0.48594848797713297,0.030964056111131615,-0.10862307857741399,0.47416656514770006,0.5512820512820513,15.508056585352044,3.3226307492581606,-0.0011345707815055696,1.3866420190010524,1.1296610248452783,1.2351983561032915,0.6389674517804155,1.0,82.65542737791134,0.25,0.366,3.6349664013208534,0.6942660185613165,46.64183072679064,3.288498880508959,755.8850134733096,295.2911079638606,1729.410508687408,333.0999156875072,2761.754380162111,308.6367831624602,1002.9346833444008,0.14581809657136224,0.05879159734353975,-5.180670860269703,8.256437337353486,1,FRIENDS
2_3,189.7711917174581,44.65432637994615,194.23931696601306,0.025228800754280564,0.1653857482776272,4.472559909522661,0.5096774193548387,,,6.385659055038299,7.845120049744044,3.6804682774863626,4.731598209353656,0.12894099419229493,0.0663501658598373,0.5981102375117321,0.5908064305996885,0.2448475791159386,0.007303806912043576,0.07570756738696549,0.4744020412605769,0.27225375952661063,0.41208169184606697,0.20214828173396626,0.4502172354499693,0.5290322580645161,19.328691242876456,5.427810196782555,-2.2479679827703647,-4.212881093894614,3.8534419306039567,0.0,0.63856590550383,-0.0,82.06020100756942,0.047692307692307694,0.06333333333333334,4.472072891037677,0.5431260648631964,41.296943336171836,4.721103545489252,731.1960556607954,250.35332696990767,1794.6478436912253,268.61107658891723,2834.671580141629,362.57578395667895,1051.737762240417,0.13662438905373467,0.04768301063697896,-2.077135912064367,9.45750421518705,1,FRIENDS
2_71,163.6492861062797,82.68980623174217,482.89838577812503,0.028852621529276097,0.15322941693409653,3.827321543217511,0.3627450980392157,0.025311734279890148,0.2168705473957247,5.682111013760759,9.107306414928075,12.950075941432928,19.58326750400224,0.13714758272199143,0.06334944707765258,0.3700521833502227,0.3311175272688183,0.4380573856559814,0.038934656081404395,0.09913676377413627,0.43249484884299844,0.31241141852462323,0.6350915593698411,0.1200834303183752,0.2719411875711313,0.7124183006535948,11.357233694480653,3.084574550327269,-1.7387469784437393,7.503420675585534,5.467855252318681,6.295541710252121,0.6493841158583724,0.9182958340544896,91.81535318089938,0.24933333333333335,0.31333333333333335,5.3674222563748595,0.5187303598146976,41.46890395488298,4.7130935152529,734.8157208033281,196.37091874609715,1729.8935975661184,234.4652890664759,2803.8926494857774,284.31578234557514,1034.5384643412244,0.11812524646802244,0.051730099244043565,7.835200102952254,12.712138521601231,1,FRIENDS
2_20,229.3911068416767,141.0637673982588,521.3020113257572,0.03661360135095291,0.19926875048101167,0.5534997551538589,0.262015503875969,,,6.476133200934253,8.841867926299038,40.20639446668347,33.581592873366205,0.15909368658171313,0.05557400874378872,0.46657183416760095,0.5453773812539469,0.26079827296075836,-0.0788055470863459,0.049013159013481467,0.29940004346876725,0.4450075132037159,0.17407765595569785,-0.14560746973494865,0.12747014613166952,0.804953560371517,6.16344977816707,1.5419364764129173,0.4880067136884371,6.493801996831738,,,,,55.32581453634084,0.193,0.19500000000000003,2.751244646201121,0.752655634192908,35.463914842479824,5.961422619455512,877.6813478556453,215.0537965760104,1714.274409660942,280.0238055224007,2880.720899396577,287.865400740121,1001.5197757704656,0.12956566472923797,0.03701146583164907,-3.5313087360155393,10.077114984669233,0,FRIENDS
2_463,204.7808476539682,111.37996492966957,298.2040055326056,0.038989256084474476,0.2598427728385309,3.8362110252444026,0.2719298245614035,,,6.818181818181818,6.969858185883911,30.775706465518375,51.35445153965649,0.20319554933115427,0.05695533386565333,0.6043781300547733,0.5923423944648343,0.04627448133827478,0.012035735589938978,0.3359957078152809,0.24567834910981529,0.28535343518975687,0.19245008972987526,-0.03967508607994158,0.5578858913022597,0.7543859649122807,13.948655896211658,3.409090909090909,-59.315436208138294,-11.654981557089275,,,,,89.99999999999999,0.165,0.34,6.599025512691893,0.2453491288061673,40.063558007106394,11.257555698822898,788.7320390350973,253.27886044202157,1826.7285324173415,319.67643811321136,2796.074271898411,280.75825247236475,1003.6711164316569,0.07694544070483011,0.012106207815150642,1.0941225831319206,8.055225127628486,0,FRIENDS
2_602,277.64039365534865,81.23068685905484,271.3000224822259,0.024520473558275815,0.1983200296182421,6.856584600350353,0.5656565656565656,,,5.859167404782993,5.927590322188224,3.212455575839935,3.221769614740552,0.13317367231346638,0.0646416144045929,0.601908566876545,0.6456961044415566,0.19477234678290495,-0.043787537565011525,0.1558413756092384,0.6844726949095993,0.6841911750312885,0.30151134457776363,0.0002815198783108208,1.0,0.46,37.32480426256413,5.859167404782993,27.37892250161685,18.68571557597481,,,,,131.0344827586207,0.22,0.22,5.149358192960163,0.334322748787333,49.321005215742055,5.086507982193767,633.650885225182,236.44601899345068,1695.890230051795,404.9595586939543,2836.2841816663426,371.34563176550876,1101.3166482205802,0.17880833171166746,0.09822745490922809,1.3627223699422215,12.561898378402852,0,FRIENDS
2_88,168.78590154682405,47.41652732183257,153.83755456718973,0.01083193169580283,0.13039075713997325,5.737796250708219,0.6106870229007634,,,5.952220272641382,7.045659984474762,5.124686301345882,5.262465874059992,0.13713612630839453,0.07125078983153434,0.3595577421695923,0.41501683196404676,0.261226450872064,-0.055459089794454464,0.18892807283346114,0.2740356592373347,0.33847583033906936,0.19611613513818404,-0.06444017110173467,0.37237837228495785,0.5,25.402254892969047,2.976110136320691,1.516862029516397,-2.7524483109868427,,,,,104.01960784313727,0.05499999999999999,0.06,4.488326605041843,0.5847348358846123,55.77699365805313,6.379741709098314,732.8912833370871,153.82776696504342,1573.882073297874,123.35939356439047,2853.146888236869,241.33897349734366,1060.1278024498909,0.11958013699227105,0.05526168033379112,-0.726420696524834,10.257824210351716,0,FRIENDS
2_172,312.1349584843544,105.40402590616696,515.4235005241908,0.01898868077541125,0.12464118584160905,9.403404193998243,0.5652173913043478,,,6.25,7.267883064582112,13.545209724255923,15.228145465179962,0.1246370917278021,0.1723617338294722,0.5429311299347919,0.4995960460571575,0.21643734493608727,0.04333508387763435,0.12086897505683214,0.3906051096723243,0.6667313114817283,1.0121417002982204e-17,-0.27612620180940395,0.3944286463197434,0.48031496062992124,21.619353255484885,3.515625,2.923616503903335,29.652823132972657,,,,,84.40378736728482,0.046,0.07333333333333333,3.8706828630722847,0.41530258076474746,37.99897358255851,7.837189242982951,723.8791550733206,228.5130748912776,1867.4155785953883,394.2636652984795,3009.308182292974,363.9869785384888,1142.7145136098268,0.18800449469121383,0.1138406857466118,-5.305874808722567,13.055617814899664,1,FRIENDS
2_86,130.26953356833573,97.73189264117848,518.6826691764493,0.038281260864459425,0.23265941338705756,3.483151248452155,0.5285714285714286,0.03938715850974286,0.17853738257586696,4.581708330669394,5.891613007323889,2.606693277011279,5.545197688128649,0.2644605698994047,0.29886828708742,0.7138689490778861,0.684920722946071,0.26680787221887986,0.028948226131815136,0.16870485802739932,0.7506207735423006,0.7280737416381073,0.2459501847605383,0.02254703190419327,0.6073630137616111,0.6642857142857143,15.06500795597113,4.581708330669394,-4.5622316763259745,-27.073515230137247,7.28026071954705,7.28026071954705,1.0573173070775526,1.0,61.85185185185185,0.13777777777777778,0.1,6.610712179187188,0.34456037096479664,48.48749057484002,9.657209142562357,615.9576886932751,302.8015799488331,1874.2253954259365,390.953117724483,2978.053512091147,448.35862986827675,1181.0479116989359,0.08456082092194377,0.026335516714722125,5.705546542219594,9.029303289925013,0,FRIENDS
2_154,389.58723364272555,106.80596226871718,515.2256308446342,0.026875086762584873,0.10720146682719281,9.839234647657582,0.5902439024390244,0.0026070036589652375,0.08949591500775647,6.0405663065155935,10.015833705281795,4.632849507468583,7.137766548007626,0.10139104533662321,0.1047260468827278,0.28169005309950074,0.322346501706633,0.03618136134933165,-0.040656448607132245,0.10922008171079656,0.6358248854073659,0.844763902732704,0.057831493196624034,-0.20893901732533804,0.35401713879577457,0.48292682926829267,19.457669108209213,7.248679567818712,0.3059700638179575,12.07860252511803,8.775432041917103,0.0,0.4832453045212475,-0.0,68.83133960057036,0.11666666666666665,0.12000000000000002,4.966632440890071,0.7136702880795546,38.19323910783556,4.598893905159233,672.9681835364381,266.9243864305403,1855.3179581063614,411.09159517692376,2862.4433234410462,317.0769346558303,1094.737569952304,0.12234271051112035,0.057514058202189064,8.9614262706147,17.538450050672907,0,FRIENDS
2_557,198.4689626771199,72.04322083379394,290.36348581280123,0.04349001137992311,0.1859679690934444,5.06254017303757,0.32894736842105265,0.02748416919589659,0.19915921932119698,3.5807080220850924,8.899522831739496,0.9401553093264065,1.2253388151750686,0.1450846408347201,0.05822726638933748,0.2879631737266421,0.3521493271470099,0.038954469356580965,-0.06418615342036782,0.061703702618973844,0.5121764818262262,0.5265710924447506,0.31234752377721214,-0.014394610618524428,0.3386400571895173,0.743421052631579,12.434383355528029,1.9531134665918686,3.305284825259623,12.700784029179966,,,,,98.81261595547308,0.355,0.6599999999999999,7.096941592197385,1.28507655880834,52.366740916579225,3.0322364009207474,730.3592218103299,252.2633183495152,1805.06896465139,324.2017044058843,2959.4292798647393,304.64719737918443,1114.5350290272047,0.08480648220381531,0.0213173246184574,3.7765519863995065,12.462482277672683,0,FRIENDS
2_163,226.7207809894571,55.28181392255073,220.36219173148368,0.03622470860759483,0.19486523730682376,1.6469381812326789,0.17549668874172186,,,5.572486174704168,9.719111554838706,9.925741986131078,25.751738895597082,0.13766324107018357,0.05642056865845232,0.4016082399144085,0.3847869411920043,0.13545709229571926,0.016821298722404232,0.25997015424837944,0.479113591121135,0.4111588912880146,0.24743582965269667,0.06795469983312041,0.3871177946820461,0.8741721854304636,4.8424344355942415,0.9833799131830885,4.660236847268558,10.890536763890262,,,,,97.96825396825396,0.5366666666666666,0.6039999999999999,5.006365749714307,0.4793038206206413,38.329197624705444,2.362108289455693,1058.3252152384382,458.4837054662937,2149.2810441498123,592.6275164715589,3190.6105268339543,461.60889335326556,1066.142655797758,0.11381024385938117,0.025044157893579534,7.505025917508506,14.127893534000483,1,FRIENDS
2_87,214.4730042264915,67.09245102993688,267.8890669528157,0.030298093564211568,0.1347366498051937,9.028795398493292,0.35353535353535354,,,3.6568818128364016,13.67467252685582,2.8817074077508193,4.29524541732774,0.11070859018903338,0.07431874284536091,0.6654670750720574,0.44356720501318087,0.16457700466915837,0.2218998700588765,0.07340026735754013,0.41299425131518996,0.4929974050590792,0.588348405414552,-0.08000315374388922,0.37237837228495785,0.697986577181208,13.94444921476369,3.6568818128364016,7.673674243845726,15.256324860339948,,,,,118.29004329004329,0.515,0.51,5.4423640652331065,1.1727413852487951,72.3918691732071,4.865530643909602,733.1612224720609,296.399778148319,1798.9204804480462,346.8912607911727,2967.080706759048,359.43878579902315,1116.9597421434935,0.15993323448619404,0.09830481570609352,-1.3931158605455658,11.56873186257839,0,FRIENDS
2_240,206.3644844127173,50.14548669314448,164.33611395369232,0.02195142746110968,0.13661204842320165,7.795463825196624,0.7372881355932204,,,6.57889829560288,8.644431719323237,2.8863946896235233,4.601376840242138,0.13212974413576586,0.06804291080925154,0.7353035403933443,0.6259615257363412,0.048507125007266616,0.1093420146570031,0.15982256409087725,0.507175974512302,0.47078590371279294,0.447213595499958,0.03639007079950907,0.7210570543488701,0.2542372881355932,46.3523312918097,4.111811434751799,-0.042370075071223284,-1.6699597445465155,,,,,23.67816091954023,0.09999999999999999,,6.354305168759063,0.4653003685887923,49.89629321437102,3.364938814245351,670.8757006626954,199.25080762510564,1597.8624928998056,425.688483007766,2831.601879927923,242.03862943745128,1080.363089632614,0.14356054761245196,0.05617489180538739,-4.518289316432476,7.303864103793031,0,FRIENDS
2_267,352.11263913420674,106.57178227552588,390.7148750271272,0.02342502862189857,0.10447397157745991,12.134884105752207,0.8727272727272727,,,5.3064334991176,8.904252265878643,4.485615382096016,8.194286760053178,0.09665363416589913,0.07621854132737699,0.2979748993561842,0.5110731981185478,0.1585106562370604,-0.21309829876236358,0.08463632873666915,0.5080031783315968,0.8380780442909532,0.140028008402801,-0.3300748659593564,0.7438478550696795,0.2,47.171827310916626,5.3064334991176,-5.24122656830999,-8.901661247114344,,,,,4.255319148936162,0.03,,5.686718223249724,0.31218486817915014,40.105507913093476,5.93441673037329,579.805633752903,261.6634709030245,1735.1730077323245,377.0540795181769,2756.496917654863,436.85714009132283,1088.3456419509798,0.1412388788834868,0.05944421268002308,12.143384860613365,9.297423693529867,0,FRIENDS
2_278,200.33469700819484,40.008547077080706,140.02898126149907,0.012153330012568672,0.15257596810697624,3.230532642314423,0.19594594594594594,,,7.262193478846672,5.558004232521704,4.785079879169658,3.9289897994836522,0.1191026379396279,0.0724179291495055,0.6028551757056164,0.43677686980464064,0.10976425998969037,0.16607830590097578,0.3514958783670167,0.6844726949095994,0.6841911750312885,0.30151134457776363,0.00028151987831093184,1.0,0.8513513513513513,3.3845185231641817,1.3203988143357586,-9.498080251534276,-8.692041928915296,,,,,68.88888888888887,0.25,0.25333333333333335,5.463737899211878,0.28884681176407345,32.92942938835571,2.689007279373026,933.0374286482083,347.9001245864578,1957.9087175989935,400.3015415688453,3036.210929273018,407.8609077230287,1051.586750312405,0.14520961883638583,0.07764903919358335,-2.3716629036429593,6.838734405954772,0,FRIENDS
2_284,337.03378266283374,134.42155004810033,476.79656656889534,0.026927721218477613,0.13412720358461142,4.145621976673888,0.38768115942028986,,,5.0094932087045425,8.733106757586834,8.542905081294242,19.215173707094365,0.12311222715626749,0.06910628779488705,0.6513803510160817,0.5570124446679424,0.25157730271331386,0.0943679063481393,0.029504681187641935,0.3563143832308434,0.4539292370080607,0.2182178902359924,-0.09761485377721729,0.46490490941854967,0.644927536231884,31.575776129966524,2.5047466043522713,-0.5881121045050137,-1.9213141584204827,,,,,78.982683982684,0.15000000000000002,0.18000000000000002,3.263600088211864,0.35297067305256324,33.93250523118339,3.7686345281598506,743.5989835750585,170.6548560581571,1675.8919900867052,334.73175784930663,2859.2201341341893,241.87972006036637,1057.8105752795655,0.1051221313951798,0.02744629211138002,-4.909255038755309,15.814403598463716,0,FRIENDS
2_340,336.33728754256254,158.30496933920904,469.0376888089904,0.045123617087736004,0.20200259256291855,6.567269143858114,0.7018633540372671,0.07156753127467774,0.2605460067828414,6.0876287236685895,9.1067465350013,8.642164464840723,17.358711855221507,0.2056705632148001,0.15603134045894376,0.7146387878623888,0.5024687937847171,0.050898659855928736,0.21216999407767168,0.10265349018405368,0.8369472463795748,0.7016356900463634,0.07018624063435965,0.13531155633321146,0.6153980709118108,0.4444444444444444,63.47470034500567,10.348968830236602,17.710540734608784,14.749938844066538,18.836917993854513,0.0,1.217525744733718,-0.0,85.1948051948052,0.08,0.05333333333333332,6.921869974880451,0.47221939524675666,31.94798574243991,7.065791953505204,613.2335686353185,178.54722479637908,1651.766271331299,452.47264756566904,2965.305774771404,286.40927392200115,1176.0361030680426,0.09453705127171252,0.03863506263348074,2.5951079772655823,20.194046795734774,0,FRIENDS
2_536,128.1184824474332,17.56615683130814,55.16453536103272,0.026288032219972418,0.14273114430659534,8.060942361006036,0.7014925373134329,,,4.261144035042515,11.524254315389161,2.2962843561440134,2.532730415293921,0.13210425145395902,0.05349382298038623,0.43275499353578434,0.38993115577089854,0.1353881047219573,0.0428238377648858,0.20225637592062573,0.6844726949095995,0.6841911750312887,0.30151134457776363,0.0002815198783108208,1.0,0.35294117647058826,17.1344137637974,8.52228807008503,-4.951071227187855,-2.9559648302108137,,,,,13.333333333333325,0.04666666666666667,,8.085368729472588,0.3023255813953489,60.465116279069775,4.689640715077704,628.6884944492691,415.9245874494044,1913.9974431766088,394.447887204159,2778.856898783941,397.60368660264896,1075.0842021673357,0.09909548140113654,0.037064090460236454,1.7367000137415323,9.11441110272327,0,FRIENDS
2_588,201.04909324004942,42.17545446716652,158.13434431371095,0.021859831030512977,0.12778137054219998,8.823645678288333,0.475,0.01911891051919106,0.10777093186860692,4.5229925782269795,17.272093828044163,3.209661796515468,3.798673741761224,0.11144625030249576,0.06814983658889855,0.5263977374729323,0.4792846803945206,0.15109947130387488,0.04711305707841168,0.21841316238785335,0.6015696349769882,0.4529062585066746,0.22564684120326212,0.14866337647031364,0.5046366739157226,0.6583333333333333,12.080529122748485,3.7006302912766196,-3.4632346154468596,-8.573518543982605,0.8340001146607179,0.0,0.82236228695036,-0.0,98.17894817894818,0.1742857142857143,0.2866666666666667,9.882791914186289,0.30505840128697204,33.23302231839123,3.995551969715727,813.7696853499504,333.417300915198,1909.1748418556358,398.53889417797654,2965.3596918137673,352.45058540152485,1075.7950032319086,0.19970439473012672,0.1228871212267241,4.300325067072128,7.315455560125569,0,FRIENDS
2_448,373.1038843906084,98.17692355154001,449.0272787492301,0.03162027732573137,0.18609886754746105,3.6297788925024776,0.4462809917355372,0.014041827982849642,0.14107841390457232,6.521739130434783,9.382873112568227,47.63556097986027,50.4651509648313,0.13484636740829709,0.09054417419540033,0.7267656058619849,0.42241484853974715,0.3747162805875646,0.30435075732223776,0.16575857195544286,0.5979725832443276,0.5101348486187928,0.3580574370197165,0.08783773462553479,0.42570838888355256,0.6033057851239669,18.605287285160433,5.298913043478262,-1.9293853304536894,-1.0065806619565039,3.6405015695942784,0.0,0.8152173913043479,-0.0,70.60041407867494,0.06857142857142857,0.06857142857142857,6.662617593390388,0.6002273435248543,42.36942255899869,6.355454897858706,848.5761939940851,178.0465171364579,1616.099342503633,318.67277899245823,2904.4676332096037,261.7545595299405,1027.9457196077597,0.15411663696934502,0.05040946273156253,0.32348287731253617,8.42718512626009,0,FRIENDS
2_79,198.27465783267817,26.64157638578835,175.52394537625776,0.02224915219664514,0.14286460511613125,8.147279003196493,0.4820936639118457,0.014481179245638817,0.20433753200041593,5.178039525887108,12.118349823553197,0.9630268145753081,1.3269245758762909,0.12479297027565535,0.07641371331374008,0.3495788916030807,0.47457950368006396,0.12732140281584603,-0.12500061207698326,0.28716880286132984,0.4918329341136524,0.5267894100334375,0.4418360821684622,-0.03495647591978507,0.4091770251645216,0.532967032967033,18.74922374573807,6.268153110284394,0.37502992075342745,-11.184195708324495,1.0663333717007326,1.1605622659219896,1.3626419804966072,1.0,93.96637922800714,0.17555555555555558,0.54,5.107917906271135,0.4108340821977457,47.568152570167186,3.085221240628393,729.6670918363413,324.7687660102478,1926.0351505283074,388.02175659238986,2965.4587467636297,376.5800593608666,1117.8958274636443,0.14421544997573585,0.0790180839796154,1.127724870709313,6.824571145637111,0,FRIENDS
2_191,209.45066048416714,121.76380546211571,485.5419408763359,0.01961858189504188,0.1719440710350722,3.5627687238777503,0.25386996904024767,0.00931674408962376,0.21235956168125208,4.59553715333741,10.102709648892212,11.208076193067532,22.93050672147195,0.13145606499502327,0.05933803250396385,0.6164403669317344,0.6917904669964942,0.047298376984040234,-0.07535010006475973,0.1923890054422408,0.7066377093169348,0.6634307977920925,0.21536524612697402,0.04320691152484235,0.5840640314214637,0.808641975308642,4.515803246063336,0.9191074306674819,4.016674408386883,20.830688185136307,11.943313711098362,0.0,0.6127382871116546,-0.0,70.59523809523809,0.235,0.25,5.443053936688983,0.7168091815150608,67.35650004269687,7.421329770205284,846.6774391894437,245.8239289204478,1860.907476761536,334.46240474854915,3027.328005276532,294.6697832685818,1090.3252830435442,0.12483945135308258,0.04202899957608728,3.4744041738497047,7.0672043649740495,0,FRIENDS
2_99,400.67950803669584,108.83434436521415,469.9928362717801,0.023148980879624578,0.1287512185536709,6.623267553529447,0.5460122699386503,,,6.009484356262946,8.282249261006779,9.844553501569477,21.819785259774157,0.1265053082948559,0.0733775669556961,0.3243603269010114,0.4879142959909496,0.159111456835146,-0.1635539690899382,0.07235827065088807,0.5071759745123021,0.47078590371279283,0.44721359549995787,0.03639007079950929,0.7210570543488701,0.4878048780487805,33.96616143860023,4.807587485010357,-7.626986911831327,-22.802298178178457,,,,,106.15384615384613,0.045,0.02666666666666666,6.1844701120155925,0.5033763553267483,55.82096504436321,3.8013677537998865,841.545642133103,205.41625429246423,1985.661815187882,320.435342400696,2851.6419461830137,248.19799092079472,1005.0481520249555,0.12073549159057949,0.05115932017823849,1.6319086377279932,13.695484271471445,0,FRIENDS
2_208,108.99469607931833,17.068709315601687,61.71110600302394,0.024789088236267937,0.12736694081509276,5.024689114634043,0.44805194805194803,,,7.601264004596381,5.592791798673973,22.758908590888165,21.968693556308896,0.16178256009093678,0.06473049683040291,0.5797554062605836,0.4820593125270143,0.0412744171706498,0.09769609373356936,0.1186262968378925,0.6844726949095995,0.6841911750312885,0.30151134457776363,0.00028151987831104286,1.0,0.5584415584415584,12.416289403677785,3.167193335248492,-3.533627186738328,-5.157216938342714,,,,,60.95238095238095,0.14,0.14,5.58899255554909,0.3708567026191531,36.97487359600221,2.030082747707843,685.9381750684212,180.44218782136355,1750.3868933071776,327.3485956028287,3023.377887989789,366.9387451343961,1168.7198564606838,0.09640275610170061,0.036645158801690225,5.7756156215143,5.070635886760318,0,FRIENDS
2_119,153.4087819046794,23.467712716095644,100.62998613573035,0.021779538363319695,0.13747066360228502,8.270917853621656,0.732484076433121,,,6.875,6.305168735169491,5.111873120861846,4.139394537654926,0.11244196126396423,0.06272861202811374,0.4274911054689053,0.3789299644863595,0.22774375933713845,0.04856114098254577,0.10586194268618176,0.6844726949095995,0.6841911750312885,0.3015113445777636,0.00028151987831104286,1.0,0.31645569620253167,21.832554384599202,5.625,1.3840804849370072,-3.7952777339708064,,,,,123.2305854241338,0.060000000000000005,0.020000000000000004,3.149436673085438,0.3809576785134039,41.095374562511964,3.313520411379924,571.3448192650603,268.4252700220076,1616.3821531910978,410.5453494799659,2791.354991339055,447.1967779555175,1110.0050860369975,0.11457701511347751,0.046375790377728335,-4.102402281369157,10.67087710673904,0,FRIENDS
2_406,161.32864241533358,34.785219506569526,167.55759524229106,0.01591285214329131,0.11207381837348128,11.719646839604152,0.5210727969348659,0.007057070117794025,0.09301062121743535,4.536259214812275,14.53907338746655,5.159001085779474,4.5063659606605055,0.09637280629108166,0.05179407006218572,0.211186512579335,0.2805889155791854,0.1605672629122938,-0.06940240299985043,0.2513144459998772,0.610072996999838,0.6547457487562758,0.30323921743156146,-0.04467275175643781,0.6043763822441146,0.5648854961832062,12.723722765045634,5.292302417280988,-0.2682669016810123,6.070554454033655,2.245448998019693,0.0,0.7560432024687125,-0.0,80.6837606837607,0.22000000000000003,0.28,5.4848220221439785,0.9840906174912671,53.94339405772776,3.5442592361022953,678.2155470588342,263.75131904655024,1750.9578859961682,491.2320050352678,2816.284514098822,389.70459139629565,1069.034483519994,0.19845350283756702,0.09027259435456012,-4.842946925678138,6.383726430890239,1,FRIENDS
2_423,292.92492003908325,70.78000334740574,400.03129182115754,0.024341710987871818,0.13118425445991536,5.956357660725726,0.5,,,6.57889829560288,8.846261859739021,7.77664078118368,10.452963176472469,0.11774013133670301,0.07858584080742988,0.21650435336028873,0.3221173778492391,0.10383482633023304,-0.10561302448895038,0.10610465956672177,0.3212896674576902,0.49280359195680234,0.0,-0.17151392449911212,0.27894294565112987,0.5333333333333333,20.11073673027322,6.167717152127699,0.18092089192265487,7.6177691546244475,,,,,102.85171618504954,0.09333333333333334,0.053333333333333344,5.206932222020113,0.4051797520704721,34.8510402533545,1.681160822251448,784.5335044183082,224.26475580437548,1864.5436191495369,318.1635006481087,2947.213478651737,293.85472149448196,1081.3399871167144,0.16957670843968325,0.10061471779782409,-0.7987706081257685,12.432377581487671,1,FRIENDS
2_55,177.4202909124549,9.853445265449793,43.38032524430864,0.02740889544520801,0.16189095410734022,5.681238626600913,0.44660194174757284,0.029620157079015854,0.20409656584743388,7.174620390455532,7.325512830606441,4.029019301574188,3.899392162650655,0.10752476187283042,0.06861883043881938,0.3010624116451859,0.30775715143792043,0.037823473723611695,-0.00669473979273455,0.3923222474011817,0.3219338255552153,0.35299945683143197,0.06311944030978033,-0.031065631276216643,0.4091770251645216,0.6116504854368932,7.713056233560905,4.783080260303688,-1.0315634967988754,-3.8838120652723553,,,,,62.82772782772783,0.03230769230769231,0.009999999999999995,2.0493259409311997,0.422709846799256,43.71336098108163,0.8635650644740518,638.6241472271141,335.544294546357,2075.96094773207,637.5993562659761,3252.003777889002,551.3002533472026,1306.689815330944,0.12646299800494182,0.04718776209691098,-2.456284798092211,12.041574344907607,0,FRIENDS
2_77,283.18293509529843,69.15979744515323,464.8389597357561,0.021563410030714242,0.13342678840633146,7.903881505154078,0.5823223570190641,0.011551284342005416,0.11839096040195268,5.687031551633853,10.67091202004168,9.414913035800822,16.310668372516446,0.10318444051484792,0.0677695077148607,0.6116665182533368,0.42177689185494704,0.19657028349268782,0.1898896263983898,0.017965868598097456,0.769263617566273,0.6854490261370783,0.39652579285907213,0.08381459142919478,0.37001854488300856,0.4740484429065744,22.949813112078978,5.687031551633853,-0.19030759266449015,15.4683351065604,4.662540773069689,5.008366145567875,0.6893371577738004,0.9182958340544896,79.73016437423219,0.14,0.25142857142857145,3.7599293689498254,0.6945945127499603,49.080012520590074,3.5937114397586254,760.0405784019574,353.591128333021,2038.432337152625,423.38402301581436,2982.327708485726,402.17020755421447,1111.143565041884,0.19559778338144332,0.09407697801794934,5.295390629847157,13.092277986994135,0,FRIENDS
2_147,247.47032403432075,48.44631774702931,305.21861167814126,0.015397192099870739,0.12497071365026495,9.042594853332353,0.7370753323485968,0.003947690305281588,0.10227369160618445,6.906329552573005,6.704231459697702,4.6271248876960165,8.220842093228777,0.09565625209416231,0.0616449064087439,0.2662448073284976,0.34390558448915554,0.04303314829119348,-0.07766077716065795,0.029725989710122858,0.40882198409387505,0.4768647351499944,0.32338083338177726,-0.06804275105611934,0.33902488425510524,0.30973451327433627,22.250249831553905,7.053272734542643,-0.3983047826060269,-19.769702637631788,3.3522333982637647,3.727235931438023,1.1755454557571072,0.9852281360342515,82.30018029625744,0.10428571428571429,0.23500000000000001,3.683635910152292,0.42484266490056033,37.02562106014076,2.224568173384152,730.6863024425408,211.09681570121964,1772.287814329541,489.99041805586404,2933.9227502537224,423.62336615080477,1101.6182239055906,0.18850659009976936,0.08952284574855886,1.1780976755660082,10.975473092806968,0,FRIENDS
2_559,348.8943852035278,112.44184163559682,417.27857538862673,0.06903715317567358,0.20505296180295765,-0.04539868006456693,0.30927835051546393,,,6.981319824505857,2.6502261201948265,42.99759240395587,27.51198335415696,0.18305834111022978,0.05447562064960933,0.27176482037496696,0.4275486629990805,0.23735633163877068,-0.15578384262411354,0.3266876392374769,0.0,0.0,0.0,0.0,1.0,0.7142857142857143,15.0165081104799,1.9946628070016736,-57.12558001657143,-24.152755096361883,,,,,133.33333333333331,0.20000000000000004,0.28,2.241982817264978,0.33554819712314443,42.52131287297527,2.901733374224496,936.6628153766501,88.88947774097863,1592.2223306085075,76.68792848965796,2794.9400840443805,131.07327141271008,929.1386343338654,0.07963134941521428,0.014728071358371675,-15.830924543235827,7.533675860318124,0,FRIENDS
2_444,346.92805255880097,57.88958108604546,248.46159653306623,0.025850032416571057,0.11162982021421912,9.799259719595947,0.7792207792207793,,,8.522727272727273,4.195959460894111,2.7083658915402626,7.280983832794292,0.07584831014357862,0.06011441699731516,0.28548632783666855,0.33397087194965075,0.2060948610887074,-0.0484845441129822,0.05605909657347585,0.5356504387358668,0.6840268243557949,0.0,-0.14837638561992805,0.32896395380826315,0.3017241379310345,29.814023713942635,8.096590909090908,-1.0861152066395896,-1.0769317110754582,,,,,82.19766712004862,0.057499999999999996,0.04000000000000001,3.834822418178736,0.3050139126000011,31.384889170484275,3.234884279180823,677.2852530857919,382.18818733433505,1897.1184504189666,485.14542906435287,2990.541107879765,446.9615706378863,1156.6279273969867,0.14906349658581608,0.07388183758794437,17.06279479246627,18.301154553148777,0,FRIENDS
2_299,166.48475006914092,68.78563031754368,421.8925227339491,0.028807189895385034,0.14208065767906583,6.304659136732067,0.4882154882154882,,,5.98398842100502,7.822248044166235,4.404340908531767,4.5403804938288905,0.12791772595248854,0.06835175997340193,0.38928230303086825,0.4580342680553809,0.37741470621203455,-0.06875196502451264,0.049031531406422246,0.2743027275558277,0.3433627885813254,0.35355339059327373,-0.06906006102549772,0.44211410869774026,0.5167785234899329,21.61740199467349,3.6568818128364016,-2.467192531957205,-2.7607298471544084,,,,,80.41900860082679,0.08166666666666668,0.10000000000000002,5.419382028756566,0.5050817319403845,50.008785933018665,2.4196838125405358,682.290736204512,317.50815410337026,1862.4362875526415,405.2259021703802,2928.6339187744543,325.02478122291024,1123.1715912849713,0.10074565621577626,0.03507323461933785,4.094748541122495,7.716527696041383,0,FRIENDS
2_313,132.40516625148965,72.3540411239135,390.3415055350566,0.024108434150996515,0.09144672854314502,5.572078534346391,0.36594202898550726,,,5.0094932087045425,9.565122794184857,6.768110037634637,7.320219008595936,0.13121505286138496,0.0637661515756988,0.2515547412400998,0.3487452221360327,0.20073126386549833,-0.09719048089593291,0.25244059156932563,0.24567834910981529,0.28535343518975687,0.1924500897298752,-0.03967508607994158,0.5578858913022597,0.6521739130434783,10.435971914183167,2.5047466043522713,-2.731952765244535,-2.681540965750024,,,,,98.81997950963469,0.18571428571428572,0.265,3.1404664269532248,0.8817600116723538,40.48643596087734,1.1693928497716877,722.7233815258151,331.8720166816742,1788.4443421009275,444.74832602642823,2960.5619276609204,372.04392177921017,1118.9192730675527,0.11691197399687198,0.0432226311375252,0.16897512206178858,5.723823061254509,1,FRIENDS
2_125,124.02096076487297,46.27517385392421,335.34906914745125,0.019962125713567477,0.1434935376678967,8.303695967264712,0.5766233766233766,0.019070794983892664,0.173425794165857,5.923749897795895,9.628775963561084,38.09032395980547,71.11404132189445,0.14866557409730077,0.06359894920150062,0.3133248424612409,0.35737990606243364,0.030659848674397933,-0.04405506360119271,0.35741668711801466,0.3579342005240408,0.4984897307170893,7.049923256296526e-18,-0.1405555301930485,0.6079068994593929,0.5492227979274611,10.771119200243405,6.953967271325617,0.07371685582507186,-0.7602641977031972,0.9513975172288822,1.0387756401190529,2.0604347470594417,0.863120568566631,61.488328664799255,0.1272727272727273,0.096,5.702969906943196,0.4496795526711351,37.44960357448932,3.730488348965202,694.2742669907935,372.49122558880504,1766.2847092047248,424.54531580722056,2813.065088096646,446.99113042935716,1059.3954105529263,0.11732201118564642,0.04319512113040573,-2.7231548967507235,6.19943666520923,0,FRIENDS
2_552,363.0804087876047,96.78258578197482,343.94185449308975,0.03783118369418709,0.19631083389276874,2.2798357038622843,0.5873015873015873,0.02681495901005227,0.12529921921452775,7.560172803949804,4.809500325522158,22.937004260387678,28.063713345936677,0.15217663848401455,0.052107900412153726,0.3204605359996441,0.3174896470867545,0.32392136936792326,0.002970888912889602,0.31884266010875206,0.5807053927096835,0.5527904645898216,0.2900209467136991,0.027914928119861848,0.6175830028406473,0.625,16.707141287395963,4.536103682369883,7.0643222762647575,-1.5744420947250983,,,,,76.98412698412697,0.04,,3.4742348564010044,0.28986836432948876,42.676962676962674,13.083132005179882,846.5066075547583,199.67651991477575,1799.4249067994358,208.3239932513465,2692.812388896546,454.21460682343866,923.1528906708938,0.09859347714484502,0.0202155123100231,0.5848460537077964,13.63745652162477,0,FRIENDS
2_181,182.57766500961014,38.63012537763465,111.312529862855,0.02649458982041982,0.14415993865066226,5.1808826577711535,0.40425531914893614,0.011344002700265721,0.2571847092365609,4.166666666666667,8.378178773660418,3.2405196466196777,5.470887634939424,0.1346505066372396,0.06627892136200035,0.6813396481947183,0.6998684635855202,0.40848475054187844,-0.018528815390801978,0.2956269620087998,0.6844726949095993,0.6841911750312885,0.30151134457776363,0.0002815198783108208,1.0,0.7340425531914894,14.706677388285485,2.604166666666667,-2.73545437172336,-0.12683945242057248,0.11674243539123452,0.0,1.0416666666666667,-0.0,98.1911421911422,0.235,0.5800000000000001,9.296464308936043,0.6553656477352203,65.27326251217012,3.0718174728177576,684.3041687674191,169.25365239876658,1590.7014987043797,280.6448987589777,2957.0039460248076,208.47899119289997,1136.3498886286943,0.1266061668823038,0.031823808090955114,-3.3841220348570835,6.835958305827283,0,FRIENDS
2_107,159.26494682492785,27.370643024114262,93.86432311202756,0.02153144969490566,0.1511412388684514,6.498682099374613,0.5694444444444444,,,4.755376178445991,7.304555202006289,2.3276578380276898,1.9205853921015545,0.13620054399141202,0.07429852463192939,0.35385279754552934,0.5825389118583799,0.19918863762856528,-0.22868611431285057,0.14529427212219215,0.0,0.0,0.0,0.0,1.0,0.4305555555555556,14.777368518861866,8.152073448764558,3.7933069980344434,3.8419540611017595,,,,,44.13793103448276,0.22999999999999998,0.13999999999999999,3.9683139269427463,0.4450109767897202,58.86455301868836,2.1258588154365308,722.5197363616516,246.6418314730037,1775.7431818500672,330.7086460661522,2721.4272337015987,407.6544636467413,999.4537486699735,0.13349263980050508,0.053232311093075545,-2.774076222412599,5.43157828321531,0,FRIENDS
2_347,364.9490914615052,56.076061338741,222.28701446108207,0.018572814068075327,0.1016365635854505,13.34634346046594,0.7391304347826086,,,6.25,8.981056371910157,2.072633530305,4.337819548479652,0.08228414692950757,0.09987438066657843,0.3612364734302907,0.5083380024291503,0.20429446161135928,-0.1471015289988596,0.058513727833614415,0.539040433643965,0.8308935586432088,6.206335383118183e-18,-0.29185312499924376,0.7210570543488701,0.2755905511811024,28.885240182455668,9.375,-1.6134210020070667,7.5672297911949755,,,,,88.35674755214986,0.125,,4.0591745889442095,0.34609741919510323,35.55560356684794,1.5231578798230956,671.3424950973462,214.38716771271436,1780.5885160939824,404.91601433601113,2882.2449583028356,373.34837836175586,1105.4512316027449,0.17786649337554106,0.0989647357770776,7.662094935219988,10.610006700896294,0,FRIENDS
2_495,316.43557481186474,136.32285797533075,507.9492945408915,0.025273438605382937,0.08706180141343471,3.1023442381920394,0.17735849056603772,0.0024256999007904365,0.030538918128244354,5.020077464007126,11.13304290974945,13.862792140538614,25.65859270155946,0.1253419356073623,0.12441291283862377,0.3740820788756936,0.24230791118641853,0.0,0.13177416768927508,0.07710951969662516,0.2975079965171264,0.332020539106507,0.09939443428838574,-0.03451254258938058,0.29710707600403463,0.8817610062893082,5.217895890151934,1.2550193660017814,-0.31711120684649635,1.7796752906537403,,,,,90.60783435591317,0.4715789473684211,0.5173333333333333,3.0318886363298567,1.6016921946740375,45.79206807661663,3.734881460326145,1048.0299940852028,359.12670531903865,1979.4316084688755,469.5563443077405,3108.9053729698553,416.6514378514016,1030.4376894423262,0.16177697917584238,0.09662046677563611,5.911824933160913,11.567597744393854,0,FRIENDS
2_525,247.29280126666268,32.733337266255646,106.47188455244438,0.023370609696011988,0.15063946514078497,6.035276717638218,0.7090909090909091,0.003551356263759209,0.12049722050095528,6.526828480706097,5.230663013769122,9.649409808799543,9.568260699072102,0.12395271882968885,0.09055406218633319,0.6208195418722788,0.652424176397559,0.28979576321691247,-0.03160463452528017,0.31999654803369526,0.6535090363883663,0.6601216539331185,0.32308117137798226,-0.006612617544752175,0.7635722327209635,0.6024096385542169,8.017189801168309,2.373392174802217,-3.9102183881018733,-1.0064429391781875,,,,,104.82982982982982,0.095,0.01999999999999999,3.7250038340296263,0.5815406506873799,44.49906701272822,1.059612972788586,706.1060410025332,252.42604471144887,1842.0910386661956,271.14102513697566,2827.4308996499794,248.53145872899964,1060.6624293237232,0.15135775161223664,0.057700350461221316,-3.6575394508873,12.343022580096694,0,FRIENDS
2_186,154.4785620277632,26.587623237407236,124.5570391742131,0.013860490073584185,0.10724414097815692,6.7315947094797455,0.5436893203883495,,,6.2180043383947945,5.611049019882108,6.91627770848088,5.969395551358921,0.10477080242753353,0.04136821895452527,0.45807792837945616,0.5245807800852734,0.27006573887713,-0.06650285170581727,0.14237642379009374,0.564185546417112,0.6354054082398244,0.10976425998969035,-0.07121986182271234,0.3763041174965568,0.5145631067961165,12.484149647368259,3.348156182212582,-4.786638266856269,-2.492645536572198,,,,,86.03795066413662,0.06399999999999999,0.06,3.5104279027831384,0.5087498343601982,45.895117686196066,2.2088883100012255,676.4624246852524,146.2127155951298,1485.2869479600186,298.11046947544384,2794.9348986174273,231.30000498297494,1059.2362369660873,0.10931223270044735,0.03738863973511484,-10.359297270748208,5.5955950955275675,1,FRIENDS
2_506,359.95854728535255,121.22513546206424,515.43496266115,0.026972433973307255,0.1460117729009011,7.0078983339095124,0.6013179571663921,0.006870887698851144,0.12864775433420955,6.3920169472627935,6.613457062636692,7.968883119191769,11.736368493214348,0.1070656790831255,0.07111652776035468,0.34872384601326695,0.4986101045918244,0.02746175181905446,-0.14988625857855747,0.03244667154599401,0.41335284484685003,0.25846436523231475,0.447213595499958,0.15488847961453528,0.1274701461316694,0.46710526315789475,27.017666176415585,6.064221206377522,-1.763562162292175,-6.305637729523073,3.0459485678929106,3.534170029841393,0.6555914817705429,0.9182958340544896,94.1213744832166,0.0824,0.09666666666666666,4.554599927929165,0.4649850204386107,36.15266848368949,6.5095210563799775,726.5483525652348,226.08300152567352,1761.7033802920555,406.45893862328023,2885.2900561449324,358.4371030979761,1079.3708517898485,0.1365773984009779,0.06520483821000483,1.5768100354615335,14.565716905320537,0,FRIENDS
2_486,298.5661551845495,121.18292803166077,517.2491837198288,0.022276408477230954,0.13951157305333944,8.05865029625117,0.5519125683060109,0.01953388629579863,0.1897332809624455,5.960924059965594,9.011796580203685,4.643851875697476,6.638289122491575,0.09914236648751212,0.07609496140504261,0.16074905273318807,0.37874828272352085,0.3380617018914066,-0.21799922999033278,0.045913135619918166,0.5622564914778037,0.5215886023647319,0.09950371902099887,0.04066788911307173,0.5617944137104212,0.5081967213114754,26.757160585250798,4.877119685426395,7.186942618480728,10.318862223886612,0.5886659958410707,0.0,0.5419021872695994,-0.0,107.28291316526612,0.12000000000000001,0.12,4.4322418141446,0.48618412150130924,50.59539587303018,3.60536731044393,647.8165881353317,209.9059487268266,1790.0860604804182,285.7855683618896,2802.570702034842,294.5556085130085,1077.3770569497551,0.12568080433609677,0.05139993627866951,5.240352453393993,16.033127738373363,0,FRIENDS
2_149,178.21639903409823,40.83521732431873,154.4970207283828,0.04144797330696311,0.16925582074012577,6.675848408687887,0.4125,,,7.211381227515535,7.517929713391122,0.1287904113894841,0.20502729615058624,0.1295530738634894,0.05688360229098846,0.7164591003050785,0.7028347013132905,0.2482817665807104,0.013624398991788023,0.2128430647964381,0.6844726949095994,0.6841911750312885,0.3015113445777636,0.00028151987831093184,1.0,0.55,23.55009374594566,1.2018968712525893,-4.740266916710653,-5.017530952587936,,,,,77.97619047619048,0.055,0.020000000000000018,5.874035250486739,0.3374408042453786,49.04043513957307,2.9938739849846008,639.709767175823,251.56785661272485,2006.8593117710209,423.0447652645485,2909.6520390738524,311.40422863272033,1134.9711359490145,0.10448316351179246,0.05797353219377455,5.30093936991007,7.839067532354048,0,FRIENDS
2_150,215.07394064937463,59.191665997623716,260.9463500421525,0.028213139694216908,0.16509077149203283,4.531587618216372,0.36412315930388217,0.017572423943921278,0.17373100072986333,5.060363205923385,14.774225776340101,14.365778501791624,15.178504184664535,0.1359522857385635,0.07041904917112927,0.3925050540684431,0.44204724457409295,0.09874620280149501,-0.04954219050564984,0.04685268812896459,0.34470221804332385,0.4012463696394638,0.12734290799340264,-0.05654415159613996,0.27787830833070426,0.6978609625668449,14.536271109095699,3.462353772473895,-0.1016462474164955,2.3346832757301144,1.4580719461591496,1.5596810501896912,0.53266981114983,0.9182958340544896,104.03922101290523,0.463076923076923,0.8433333333333333,6.780075753572365,0.852560160654776,39.41080103839189,4.216490009956842,854.9620459653947,344.52735382671835,1944.0793206153485,322.71460210639094,3028.819335808437,371.9504259712572,1086.928644921521,0.14775019302528228,0.07668698671929136,-5.184631714419775,8.57103986766312,0,FRIENDS
2_12,208.00526134379777,43.4055112548318,178.55904100948453,0.017515264370339293,0.15039641795098743,4.6220431664656845,0.39845758354755784,0.04417710374532119,0.1297714482012685,6.368856436444301,5.272199283645873,35.48666299650451,65.1586922070283,0.16234650345189244,0.14427370944070872,0.3096401047833458,0.2696166488164541,0.2942319461964391,0.04002345596689172,0.0792028351928119,0.7080037525996824,0.6295070128465277,0.030613838746131324,0.07849673975315474,0.3542114553180712,0.7076923076923077,8.420591437627444,1.5285255447466322,1.3413328160941302,9.783031767896162,0.6113285837444575,0.0,0.509508514915544,-0.0,63.46018477743045,0.13272727272727272,0.2,4.503363916397341,0.5722751905778565,43.38451536560202,2.658512982704586,780.2793280298881,277.0650110851339,1911.4253521841151,542.58057675863,3071.3291353309014,505.9521086481509,1145.524903650507,0.1637416997273045,0.06289082563715842,-2.4250447972814744,7.21398005272428,0,FRIENDS
2_611,245.20928396367898,26.823370635279232,108.12833664481349,0.01018703724999811,0.10953087477312831,6.11395007313053,0.7425742574257426,,,7.652928416485901,2.54552891736177,59.861265130031384,80.91507143873613,0.09539617670965682,0.04784718484341523,0.33245715781925156,0.43683664066525213,0.10140402531267872,-0.10437948284600057,0.22592341053454013,0.6844726949095996,0.6841911750312887,0.3015113445777637,0.00028151987831093184,1.0,0.29411764705882354,14.430533045056842,2.8698481561822127,-3.552265102312389,-6.374119845242461,,,,,136.8421052631579,0.22,,2.454100001339092,0.31137581476057347,30.760192400549297,2.83462907524165,965.1902789612391,227.81303607697532,1809.1747317077388,359.14299068519034,2959.343006559249,151.67810802159983,997.0763637990046,0.2296822372470937,0.09002799224233214,3.520782641197921,12.951082759055005,1,FRIENDS
2_429,387.4474875269155,123.54175238470916,405.45028225839053,0.020457293884610383,0.17636949633455393,0.4447111962616449,0.22272727272727272,,,7.211479497976371,3.6511541767620237,5.995960260311668,7.590807450103293,0.14775990247241477,0.07002508914690797,0.5148608967370112,0.4908037096265703,0.05044332723053182,0.024057187110440914,0.09970511770313917,0.8098883362631001,0.7089216110054872,0.0,0.10096672525761285,0.7210570543488701,0.7636363636363637,8.236016010571904,1.5775111401823312,-3.9269924101208575,-22.10035570831931,,,,,100.45140480434598,0.25272727272727274,0.32333333333333336,3.310821102342966,0.32641090343298135,29.924215493661883,8.768331780889431,820.1039673632606,158.14856591842758,1804.68030418514,214.60847074908608,2737.0033668545957,261.435373851125,958.4496997456675,0.10124846459346097,0.0370995939848129,2.1798243201720884,15.208345269925442,1,FRIENDS
2_127,221.56774957503558,169.7908460921967,501.67510769208155,0.03090095901105968,0.15284145923616055,3.136423384649077,0.3539156626506024,0.003788698844990911,0.09368774138238462,5.541104077807058,11.113648182882809,6.608096347641577,9.155990204253127,0.14938037666151968,0.08147613292160331,0.3706123083733606,0.3300428200793902,0.19215378456610466,0.040569488293970446,0.06319826669330586,0.6146574985174857,0.6743269232869643,6.639692800033766e-17,-0.05966942476947856,0.42424986620348437,0.6987951807228916,9.439642922947899,2.6956722540682985,-1.6687398662301767,-8.507559004275514,,,,,112.46567034498065,0.21125,0.30000000000000004,4.043026502090346,0.8670831131502792,52.35538025087803,5.344004154717998,754.932169231532,176.17746615599492,1649.2104387350646,364.7947692345181,2872.477713218911,318.8277039349564,1058.7727719936897,0.11401101881993342,0.04983180039651519,8.580376509613053,13.294561555727247,0,FRIENDS
2_36,218.79396402962496,61.459341298231806,331.7505964475116,0.026054562916348337,0.150303535959849,8.759080409127268,0.7001338688085676,,,6.791540092160332,10.635351894905932,2.308127222286528,3.0038384687276207,0.10959520792045827,0.07010204654562605,0.24480926537344133,0.33422825493716024,0.20270021865004664,-0.08941898956371891,0.03794204846461702,0.5320848591815611,0.49694581745812993,0.08737040566610378,0.035139041723431186,0.25702632753663257,0.32085561497326204,30.956006853590065,7.5905448088850775,0.2912028718392994,16.83122278303075,8.14166115297721,0.0,0.266334905574915,-0.0,75.74306235137165,0.16142857142857142,0.168,4.533787021791718,0.5761352905831167,46.539248351117664,3.1334446563597727,620.4979640380415,337.2659097478595,1692.2126884697018,480.25447810275125,2803.260611244305,450.6223137300573,1091.381323603132,0.179274100872089,0.11307761503826351,2.142629593647442,12.721684812902899,0,FRIENDS
2_173,166.11637149161078,26.561411832967813,118.16428563821427,0.014255998802769173,0.10929336889765699,11.0761826729468,0.6007905138339921,0.0013722171405218015,0.06034492401172671,5.46875,8.655320901101195,1.3934756424783674,2.0664514455846072,0.10942685465663103,0.05476020774042338,0.449976404290015,0.3483290350053111,0.10265788662437324,0.10164736928470391,0.13119122136672268,0.7318987700728729,0.6281191939112609,2.284927663528051e-17,0.10377957616161193,0.5298485557691937,0.48031496062992124,18.09172367776382,5.859375,-2.7284237609419137,-9.910729021447505,6.743016056196172,0.0,0.78125,-0.0,109.30060483251974,0.1166666666666667,0.05,6.072135010955734,0.5612255303088314,61.1902490307907,1.7320327552979742,704.5943485728899,341.483503879575,1934.8705576326565,439.01496121759925,2959.0769345724575,486.66307058857836,1127.2412929997838,0.15835907129785307,0.0812582649445839,-4.3466852669311695,6.543141427725942,0,FRIENDS
2_295,180.90850317026633,42.35629512250212,190.00915768931907,0.02022575623872999,0.10557098445163336,8.229231562548438,0.7512953367875648,,,7.6426277237331615,6.674670764757464,7.581403438266576,6.295466931177149,0.11956779289968951,0.08060326484794157,0.29045298787094304,0.35454643512425926,0.05963142423439873,-0.06409344725331623,0.08936378429995062,0.7031118731190732,0.6137822928351465,0.140028008402801,0.08932958028392668,0.7438478550696795,0.30927835051546393,28.874944462081167,6.623610693902073,-2.606041410535173,-10.905153059260492,,,,,79.3272864701436,0.07333333333333332,0.01999999999999999,4.574242791631548,0.2566203832686793,30.95585339198903,3.8643973273695154,695.6874081471,349.6748981984548,2006.54777536675,511.88827574938125,2951.6183299232653,395.7658400704165,1127.9654608880824,0.2015129791106023,0.10138171379097685,-8.068711554440782,11.139099448058134,0,FRIENDS
2_356,212.16395730760854,52.76221297222135,152.30028553861433,0.01708858775090491,0.10205910788702006,10.4528260447662,0.7708333333333334,,,3.9061116031886622,8.058283213288519,0.7253887119226654,0.7016626151026035,0.09668034093381192,0.04700756794767714,0.4846234656747124,0.5475289885230923,0.25819888974716115,-0.06290552284837991,0.28873592652644875,0.0,0.0,0.0,0.0,1.0,0.25,19.687476914429404,1.9530558015943311,26.96006781346322,5.357410694192808,,,,,88.8888888888889,0.08,,2.591789186127251,,,1.5625604693736275,809.0339293852915,376.88510495906854,1742.8141564327946,451.7184136230505,2801.652091384715,529.6748573769529,996.3090809997116,0.17907559095192124,0.08798809203870311,2.8462481211280117,5.357344154141448,0,FRIENDS
2_38,269.3611427133702,48.15641891059342,165.70502510055,0.020288794462870352,0.12276058025827358,6.939205472590062,0.8058252427184466,,,7.174620390455532,3.390520503923648,5.542880554008865,5.712261628499261,0.09925593149658707,0.06815736634422191,0.22233399017081856,0.26720353995904106,0.09343119897964496,-0.044869549788222496,0.12337326920062774,0.5689746454526832,0.570135552011314,0.140028008402801,-0.0011609065586308809,0.7438478550696795,0.23300970873786409,23.01479844459496,3.8264642082429505,-0.9555721226564955,3.908894733569598,,,,,49.3879142300195,0.025,0.020000000000000018,2.3100112152809227,0.3876134449501447,39.87035012309737,3.6373033470886007,672.1829825810619,225.67182582843267,1848.373189438603,376.4596617961769,2774.2698396805026,291.31848574935395,1051.0434285497201,0.19525695819301642,0.09757416774587709,-2.1284763910253663,11.171788208316075,0,FRIENDS
2_431,160.0326581482108,110.51146514026992,447.1606782356197,0.016444394132060704,0.1520741359172154,8.256700690032082,0.7475728155339806,,,6.214634146341464,7.192016068495673,11.502359427009008,10.113118957858909,0.133800681042821,0.06040236213557618,0.23169850748287205,0.3648609462250522,0.10179731971185751,-0.13316243874218017,0.17099734429878743,0.5164164266634055,0.5268424453056054,0.09667364890456633,-0.010426018642199941,0.6175830028406473,0.27184466019417475,26.762806622369002,9.560975609756097,9.622867464945164,10.683266244365402,,,,,89.28488236664339,0.05333333333333334,0.039999999999999994,3.6437561653644175,0.3276364138870674,23.51641480332627,3.6723165612440756,580.7488973024377,267.8956578390728,1775.613823458481,383.3273273579432,2726.769914858482,416.13941583972763,1073.010508778022,0.09405691119319026,0.027276173778486366,0.2663879529828578,6.242713841669914,0,FRIENDS
2_13,411.3339483483365,134.12784352950038,462.8448308968175,0.026000980794851306,0.13645258256176584,5.335303453684176,0.45041322314049587,0.022477761081457222,0.2016774467164501,6.521739130434783,11.256791451355761,20.817685806524526,27.85991570689901,0.12281648374134366,0.08418151927975984,0.3680193063080314,0.5368681386025828,0.24235968331928107,-0.16884883229455133,0.08614701128319191,0.6844726949095995,0.6841911750312887,0.30151134457776363,0.0002815198783108208,1.0,0.5702479338842975,20.912559925829292,4.891304347826087,-10.983079047653419,-21.783932833370887,,,,,72.78195488721803,0.10666666666666666,0.12800000000000003,4.477625483321699,0.40830867775662194,52.24447610992572,3.5182434437078762,915.881779912077,341.04852425132395,1819.221757022774,412.76272508335876,2915.873612306394,355.064864567586,999.9959161971585,0.11578747115204495,0.053921755829893565,0.9202850995682327,14.696465925157348,0,FRIENDS
2_482,411.6349099662965,110.5155506838202,505.8338784604892,0.021252462972353496,0.12667646065336566,6.16847136897927,0.5246690734055355,0.03850316904258631,0.13254143212250086,6.233995008889396,8.756199577724246,6.927569288623968,13.001555992642205,0.11270840395430032,0.08673990881469155,0.2853567509151665,0.25789957129062996,0.1566422842268706,0.027457179624536532,0.0321634097076825,0.3485312267496022,0.42088013135873864,0.07018624063435965,-0.07234890460913646,0.13086006017177754,0.5216346153846154,29.820730069025142,6.353879528291115,-0.19098532249419853,-11.66474668841402,,,,,78.95100905453752,0.12720000000000004,0.19833333333333336,5.211587211023902,0.5980066791532785,44.151813916913206,4.661653233519637,824.1857210328081,238.12705485578348,1830.041070407535,357.2555959345711,2929.794104912161,316.3557236384014,1052.8041919396765,0.11820460000389646,0.06279350258812734,-2.995959374940256,17.348296588276572,0,FRIENDS
2_193,125.70017175958115,49.076965337544415,422.7936480148235,0.029160137982822208,0.15252322254828451,6.648299003870707,0.6631578947368421,0.007047762993620995,0.07825952696147603,6.597222222222222,7.626453839961741,5.82443786706809,5.3712786307863345,0.14296653786247793,0.07225736611613166,0.5451562742169005,0.4144080298630991,0.29400463354953743,0.1307482443538014,0.058683937047184664,0.6392147728491858,0.4960977580027172,0.37371754637596794,0.1431170148464686,0.5357000864400594,0.38461538461538464,20.80760412805918,7.291666666666667,-2.8632584437813104,-3.3266955315401887,,,,,61.9544533897475,0.062,0.055,3.6903301588885444,0.3697110873217662,55.4106180654277,4.845622522558722,581.3237170300847,169.55384181182595,1854.5015347829017,283.98767023790083,2808.1711693440993,397.8217439130933,1113.4237261570072,0.11368281047138608,0.046538403872744764,-0.957728632997064,9.889500492010654,0,FRIENDS
2_203,307.7907235581178,56.273532663724495,190.92152913746463,0.02551146547425023,0.11230087669704887,1.0346441043864074,0.22727272727272727,,,6.114130434782609,7.4802791507179975,11.453875596368947,13.917384996434551,0.12161852505828484,0.06994476885882903,0.7325385110552155,0.6168384756971315,0.24078203063740672,0.11570003535808404,0.41672363433723236,0.6844726949095994,0.6841911750312885,0.3015113445777636,0.00028151987831093184,1.0,0.8016528925619835,8.37758344636803,2.0380434782608696,-4.566044628499247,-6.294572900349074,,,,,72.52747252747253,0.5333333333333333,0.8800000000000001,2.5391874798012366,0.5854093714926376,57.35290998231301,2.0779458384436307,944.5908258015091,293.6783344919756,1752.9706241039605,344.3843920971968,2860.5882089749553,376.98796769921125,957.9986915867228,0.17853658153214147,0.09571345460091754,-4.2794232579349165,7.3956387868362805,0,FRIENDS
2_426,229.3344390660147,58.59835200627151,270.3913166875071,0.014159587221612542,0.1313255652473565,8.662730800533147,0.6504297994269341,0.003533804096060358,0.0801114231895026,5.984027086752562,11.07341799368019,11.391138860535394,9.02119346741326,0.09974390149995041,0.05688291966455253,0.4330520985079734,0.7356106724676634,0.30236443883550246,-0.30255857395969005,0.07793845863973048,0.20380609150447326,0.3934981329253727,0.4298263988377516,-0.18969204142089946,0.21286045160200517,0.4871060171919771,13.272128288761625,4.5592587327638565,0.8765254476470532,9.694840443019544,1.6428854017358974,3.151829224230323,1.852198860185317,0.6500224216483541,79.07403676844253,0.23000000000000004,0.17000000000000004,2.5027225389959264,1.1530362658587487,53.779808290109166,2.0048113814436026,743.7132534015713,214.24487956807,1684.2694658611872,354.2432637896703,2757.3300325720575,388.5939211296008,1006.808389585243,0.19172998404819575,0.10164078178136027,-10.907619812221899,13.854510056548929,0,FRIENDS
2_357,243.2263989752068,84.76893645601139,371.12227670953956,0.025793793191972628,0.15956903831287256,4.460346099316594,0.35389133627019087,0.009139758829487548,0.1767945965215011,4.964933542606243,12.022744418578664,27.674989094793784,33.201856878535985,0.12059068485642081,0.06894637467045733,0.26248291837846816,0.31230681088111606,0.2961862219926332,-0.049823892502647904,0.06381035131506663,0.42455204668024565,0.4307489159440111,0.27050089040022973,-0.006196869263765448,0.32513047342623946,0.6598240469208211,11.396774117439865,2.7745216855740766,1.4380376674113804,-3.0585615977848235,2.05476302415836,0.0,0.2920549142709554,-0.0,80.18798630563336,0.3125,0.365,4.528388645777015,0.9360550041228047,46.883375084930876,4.123786436924603,681.386127027862,147.74190387097096,1814.9706571159516,296.21904534817116,2895.0047022412673,289.4846539038966,1106.8092876067026,0.15405788291014494,0.07919185818174825,-6.214978031992767,10.018439053735557,1,FRIENDS
2_590,185.0655943618479,20.89343587980217,76.66798110539304,0.012764604962176422,0.0771802215704562,13.828563915612056,0.703030303030303,0.004572542389593063,0.06578492701843952,4.15343630590388,8.160693690304653,1.3405361191069936,1.9333187143075812,0.09643879280324277,0.05399351506321168,0.26198627881826203,0.36091627872183524,0.15043942341471273,-0.09892999990357321,0.24258552226407593,0.6224561894536091,0.6260513434048811,0.2719641466102106,-0.0035951539512719677,0.4925356390001603,0.5542168674698795,10.391194497411023,2.9667402185027716,-2.469421488983903,4.382525383045895,1.9628490652393946,1.1065276554023509,1.780044131101663,-0.0,99.67303284950344,0.05600000000000001,0.026666666666666672,3.391618524858925,0.3912435995111649,32.43488227209389,1.327838320858404,744.1118019230596,226.61320414921713,1800.2545081864134,381.9020959379606,2973.7748829475627,317.5639658469683,1114.8315405122516,0.18050489987569232,0.09952833892721416,0.8074166177009257,9.65130988237924,0,FRIENDS
2_316,325.26770802987016,90.23224730842178,382.3496276854313,0.025746395118365864,0.13487049762034306,10.810317308711133,0.3691588785046729,,,2.757341447656364,13.170316233444318,1.3400924882299334,2.1142593420547184,0.08863479211051005,0.06542433105995092,0.42450580136296034,0.4585110087265458,0.290910072223184,-0.03400520736358548,0.09096696684036287,0.507175974512302,0.4707859037127928,0.44721359549995787,0.03639007079950923,0.7210570543488701,0.6542056074766355,30.404825974737193,2.757341447656364,-2.516235233425359,-1.6013612976921436,,,,,89.60190136660725,0.36,0.48,8.834969334715831,0.769295878329361,76.87033177001909,7.778968178824153,755.4593180733814,194.97468277555043,1701.286408446534,332.88579156655004,2890.5495139352756,288.1425219084024,1067.5450979309467,0.11441216287121882,0.04851156619217814,5.8425714965654265,15.051303644571869,0,FRIENDS
2_8,160.60913022199102,50.30976577851823,172.83616133879318,0.029097188536955042,0.13420279875251304,4.6857887292741305,0.49640287769784175,,,7.695846685915537,5.739850414856669,24.370649463613496,32.14315654081334,0.1220159305437777,0.06023547131211814,0.5328420377812746,0.5833961091781983,0.03719040016528004,-0.050554071396923694,0.14972524278197163,0.5236730561580394,0.5719529309160417,0.2672612419124244,-0.04827987475800233,0.5815855815233053,0.5857142857142857,14.511862915650383,2.7984897039692864,-10.985067705556599,-4.631277894005766,,,,,54.47748330101272,0.088,0.15999999999999998,4.490262238186271,0.3152407513344984,35.4179271654323,3.855679445156537,725.1316127946674,246.5767940381551,1690.3410142412242,514.4508008715973,2994.7916297171932,420.40795582424846,1134.830008461263,0.12806106535875397,0.05483510274756693,-0.28607256242635976,6.298490087927031,0,FRIENDS
2_343,253.23260211480098,78.95858286968638,411.0752611394431,0.027978189607471015,0.1432765005616775,3.007658280330329,0.4054726368159204,,,6.414473684210526,6.341610459372857,44.94756495240285,62.57592176133913,0.13857411324065544,0.10389276191826217,0.3815859619577242,0.597141664424205,0.2656844656620286,-0.21555570246648081,0.0562947617382058,0.5744743654112636,0.6630009212407969,0.2891574659831201,-0.08852655582953328,0.34564113603242264,0.6467661691542289,18.608080620937326,2.220394736842105,-1.516735583407345,-16.682808255683458,,,,,86.38997366270094,0.1781818181818182,0.2,4.077963899321867,0.4692644017375106,31.43925928851697,3.748956576090788,855.7355962502088,247.31473599810724,1731.5103843580725,367.2068892980671,2902.8084974466274,422.6057605753287,1023.5364505982094,0.15820671061735225,0.07023306873469377,-4.233058371665786,10.786664331066932,0,FRIENDS
2_334,139.443704445372,89.34537574600188,366.4111381874159,0.025926745933871235,0.13871566455967907,9.212241491122867,0.5533980582524272,,,4.30477223427332,13.10317384262811,2.437189018155152,2.548547324819524,0.1377087917576408,0.05927025180009666,0.7733579086014969,0.6849102387551759,0.23479814405844965,0.08844766984632102,0.1484893221894753,0.6815329618162651,0.7225184685378181,0.24743582965269673,-0.04098550672155299,0.3871177946820461,0.5242718446601942,17.665911583681623,4.30477223427332,-0.6023449607078498,1.3774465965812723,3.44127577535645,4.1273149549022525,1.9132321041214753,0.9182958340544896,137.37373737373736,0.13333333333333333,0.13333333333333333,3.0917908695346696,0.4103074107624567,53.62624052345447,3.755278948892389,717.0427322785993,284.8576389712552,1677.2547461903484,442.0646451219526,2855.698688612633,394.11890415116983,1069.3279781670167,0.12460058453980702,0.047164760742595985,3.4054667203886217,6.057905918061065,0,FRIENDS
2_367,219.16100469709124,25.9889730675797,109.13891846221435,0.019090919840546342,0.11152064315899522,12.397730016430014,0.6526315789473685,,,5.094967419936227,12.872090174921404,3.3154149370819197,4.060011870686567,0.07060708323050295,0.042183946084915463,0.43219363792847953,0.37190278551968153,0.07941623027690582,0.060290852408798,0.28369325719592464,0.473950563957175,0.4655072067536496,0.2672612419124244,0.008443357203525403,0.5815855815233053,0.4375,16.70594682003118,6.113960903923472,7.533445718669385,3.897216818609744,,,,,83.87096774193549,0.11,0.1,4.2515135208232415,0.1906100205414077,27.104123946229215,2.219841828863608,659.4173682584418,247.67135284622745,1617.7610800778616,421.03988542085494,2855.419241532974,402.77322403969686,1098.0009366372658,0.17533825887643714,0.08815405663019724,6.730130471191556,8.60366305016383,0,FRIENDS
2_51,149.62793939078222,20.509283967269194,105.47074738128852,0.02740821123351777,0.14994616839014102,8.038934620883088,0.7536764705882353,,,6.17728486206783,7.2264827221673205,1.5948423969856609,2.9552216227561035,0.13079722630448762,0.06683677512478194,0.23871693817057182,0.3074792124359132,0.11918282365569902,-0.06876227426534137,0.1185161716046188,0.27246947158116236,0.3153077154979835,0.33333333333333337,-0.04283824391682112,0.27894294565112987,0.27941176470588236,27.08614810187948,7.267393955373917,-0.7389537504547813,-3.5367027213464297,,,,,85.81735515946043,0.037142857142857144,0.03,3.8871075755667333,0.3975015573981579,37.94566789162687,1.3737859811943263,598.8585471751071,288.4737315201685,1776.3919751996243,389.61707961562104,2738.3124487566115,348.7844283747005,1069.7269507907522,0.13392484923190281,0.06072495680391102,0.8857836738511117,7.100481329235296,0,FRIENDS
2_282,379.31523117338475,79.50819558876117,327.0693674105494,0.02086367780704511,0.12116206817636016,9.24983222139565,0.5725806451612904,0.0020270366779053077,0.037576753605240786,6.3558405995532175,7.172882611888811,4.361537379312001,5.8161663772175825,0.08405748619397738,0.06939644347152873,0.4787600116081452,0.28557485355939616,0.17269479902200693,0.19318515804874903,0.068384626432624,0.3538364150085432,0.3492988693817485,0.17407765595569794,0.004537545626794703,0.59298098188371,0.47580645161290325,23.68439108943873,5.958600562081141,0.9814563707074238,-5.721576157601321,,,,,124.84607984607985,0.13714285714285715,0.04,4.02620218080797,0.48753472830032873,41.412124207347,3.662046099356289,668.4062499367498,182.74644908191485,1791.5303875751183,460.6503645154145,2819.815364879903,497.13895762897204,1075.7045574715767,0.1646995600059443,0.09710005316522953,2.836310576686819,12.884914301894092,1,FRIENDS
2_225,218.7797677283914,73.00439858406111,364.2415209194476,0.016805358864944334,0.1398692087902338,5.9653891495428,0.5367965367965368,,,6.818181818181818,9.580235679392496,8.951173683734938,14.096046017791037,0.11181727546800042,0.05458363317729756,0.38825438143215607,0.6585246500011398,0.0,-0.27027026856898373,0.09759704830048932,0.6354889732211411,0.6125698833678179,0.42008402520840304,0.022919089853323138,0.7438478550696795,0.5086206896551724,23.96591747035347,3.409090909090909,4.1289672987285755,22.870866922363874,,,,,105.85888594164454,0.11333333333333334,0.12000000000000002,4.119137247889856,0.49569149596457446,43.367351536303325,4.73162553576794,774.9254244465571,274.088145033933,1595.6131948140967,345.8798702842847,2725.7565970002574,428.0636407508055,975.41558627685,0.15431173576649823,0.07639101307753117,-7.345531319770085,7.466187280290134,0,FRIENDS
2_514,315.2417112775515,62.482654412799825,203.45934349514513,0.01827060682208361,0.10594307137799677,10.652103384072484,0.7028985507246377,,,6.440776982620125,7.33518532795036,7.173160168296148,11.269743748470807,0.08527449581490683,0.0640093515586475,0.44216363687788907,0.5089196671494297,0.1325259123845143,-0.06675603027154065,0.07128015843035385,0.5514771256089833,0.619359953381563,0.08032193289024989,-0.0678828277725797,0.5657815926527311,0.34057971014492755,24.844880140726453,6.08295603914123,-3.1831847943938785,-4.726516151875577,,,,,71.38383838383838,0.13199999999999998,0.18,2.3848769521041144,0.3203951211350338,46.057074308746785,1.0585934661966925,708.7857469389564,174.7190797253814,1472.0699297590372,365.9473839154607,2717.5590609565206,342.06774473875237,1004.3866570087821,0.2302097732657715,0.12758236007945942,-1.0267484551651713,11.936581691367369,0,FRIENDS
2_272,267.7334222276703,74.86610567067301,215.89951750375525,0.025717215185250563,0.11245015413091655,4.690812970973494,0.45021645021645024,,,5.965909090909091,7.711522413735123,8.55763318271924,13.706491654933268,0.11247883516486809,0.07385441772956083,0.2375774775347794,0.31739215018331446,0.1530809058942434,-0.07981467264853506,0.17102527779038512,0.4898262992068351,0.4306065283248718,0.3535533905932738,0.05921977088196334,0.44211410869774026,0.5948275862068966,14.740176219186727,5.5397727272727275,6.956001584732052,8.569102963632389,,,,,104.47487497023103,0.19000000000000003,0.25333333333333335,3.0208672209253304,0.5658681965059155,31.147414348442588,2.751116278107621,744.3983764009561,277.8687169927793,1736.4249134107113,295.34647417511906,2857.8190808307827,264.13748161419966,1056.7103522149134,0.13581469804679983,0.054489418295301795,6.42276847746534,16.446553991292138,0,FRIENDS
2_43,221.18789495687128,83.94653530683047,266.70698336453506,0.025479825259216184,0.11730456788113185,8.77091340923788,0.609271523178808,0.009732215659935541,0.08991020439154462,6.228072783492894,10.66990096828703,3.8947832763791435,6.6827064818322315,0.11105977432067002,0.07375339695620804,0.5796885962506156,0.5352901189142278,0.051231551957856,0.0443984773363878,0.03650829310099635,0.4623381664524511,0.560188329628713,0.324442842261525,-0.09785016317626188,0.468435426633828,0.45695364238410596,20.495782087120627,6.5558660878872566,-6.719970179798343,-9.310798101873853,2.0810482574536566,1.433786764383533,1.6389665219718141,-0.0,87.07602339181287,0.13000000000000003,0.1466666666666667,3.330560919899716,0.6876491995046385,53.88626745637319,3.9256838124941438,751.8138982780812,374.85476120902405,1858.8151490756247,524.4326868411865,2854.860143637826,478.4869489733291,1051.5231226798724,0.2041543460098691,0.13951888268066573,7.431932037148316,8.305889168521912,1,FRIENDS
2_575,217.4652706863287,55.91916579029895,220.9053954090001,0.025147640654236105,0.13528388561226767,7.643714475395797,0.6548463356973995,,,6.5625,5.806356689326703,2.6399800733108734,5.250991171630214,0.11428554401256534,0.06830724821552667,0.2229838604788724,0.3708398948221879,0.050258942175436624,-0.14785603434331548,0.17361541810095693,0.2488162396297504,0.49587618021056395,0.1856953381770518,-0.24705994058081354,0.29652594849177705,0.3584905660377358,31.28998628670056,7.96875,0.3150295106629281,1.5110717044041033,6.731341679065956,6.731341679065956,0.703125,1.0,89.79851421510303,0.068,0.19,3.443682347039273,0.5021213502134081,45.51407957635727,2.4970268984715673,640.3164230143683,219.98788391537488,1851.1137501543892,384.8518955123163,2847.0403239173856,373.45008281381905,1103.3619504515084,0.15568419439107536,0.08252172299328162,6.063069930835066,9.19862250127633,1,FRIENDS
2_339,292.92055212448645,134.81435135771693,345.02640402919826,0.05733420299411482,0.2067099173198211,0.8470728144871362,0.24299065420560748,,,5.974239803255455,10.784257984455719,19.87971503890415,15.445948245680052,0.13879578028766634,0.06124117039748626,0.34944736829424544,0.4297724980382595,0.33113308926626095,-0.08032512974401407,0.31403803623258,0.49691745703685386,0.5107274881122085,0.140028008402801,-0.013810031075354612,0.7438478550696795,0.8037383177570093,5.257478001425042,2.757341447656364,25.44595971686459,4.0241239942048415,,,,,117.03703703703702,0.3333333333333333,0.3333333333333333,1.1099053934883116,0.500836588416832,32.761347950876335,10.180225516055177,714.5798936012981,305.9683919901094,1740.5887795110618,234.04346377501867,2737.757886522522,351.6454969375493,1011.5889964606122,0.08524574539943693,0.01826722236963664,12.77056426825794,22.62857324701412,0,FRIENDS
2_69,400.9924383451587,106.74291998296894,432.6428990858332,0.0323252990354589,0.20103443241106392,2.375427646028203,0.41904761904761906,,,6.433662623483806,4.168641464158523,20.6226637758401,21.04012942236173,0.12849412359840784,0.06725002512919277,0.5177367032608249,0.6754152040201009,0.12403473458920845,-0.15767850075927603,0.12528462333504753,0.5080031783315969,0.8380780442909532,0.14002800840280102,-0.3300748659593563,0.7438478550696795,0.6415094339622641,32.16860279815393,3.676378641990746,-8.41324364648675,-18.179085324727712,,,,,54.666666666666664,0.06,0.009999999999999995,1.5779693672807322,0.2912411862553587,33.64250943564445,5.249347843640016,946.6714499085537,123.86142589106075,1688.2320195483849,170.75504170587132,2864.7763606646945,234.6845615601021,959.0524553780706,0.08415704162445467,0.02145923893585279,-12.314693105235426,15.936107432436511,0,FRIENDS
2_217,334.0188302598704,100.61866342068294,287.60567020848055,0.02269030202844021,0.16308462042325214,8.888859133495298,0.6621621621621622,0.009450102165581068,0.120929859966396,5.281595257343034,6.5278351724554105,2.426931865254127,5.595777350646498,0.13027858975547096,0.06609273759916122,0.49603769257824964,0.4881417831005189,0.22709318232146378,0.007895909477730723,0.2940710602600347,0.3570476423990397,0.3367890067024031,0.09950371902099896,0.020258635696636607,0.6203686796807756,0.4594594594594595,12.611153094279691,6.601994071678793,-16.95826282666892,-14.155933002381797,0.599006923863981,0.6635965140428332,2.640797628671517,0.9182958340544896,104.0,0.21000000000000002,0.01999999999999999,6.7017036299932595,0.2909758667266084,38.155504530687175,3.535304597498326,642.4371348279933,138.72168485658133,1826.600590612893,368.76857617224556,3079.7812479437157,409.00105240736787,1218.6720565578612,0.10190198481652563,0.039462316125873996,-2.489899062976656,9.698761312690156,0,FRIENDS
2_213,297.14301063491547,39.62136876267088,275.541642454399,0.021745392293153795,0.152596116155522,6.359491237783643,0.6590038314176245,0.0032544636150451953,0.10333090093828458,6.0483456197497,6.94161889699555,3.4784540858220576,5.6592924210389715,0.0946906158161841,0.05508391764379457,0.2817313844893857,0.3025094975229292,0.08247860988423225,-0.020778113033543488,0.19487727846556568,0.24348041366205453,0.4792431020819455,0.06311944030978037,-0.23576268841989095,0.4091770251645216,0.4198473282442748,21.11329542537355,6.804388822218413,0.9323769409590652,5.0326260338878495,1.5706167607166641,1.5706167607166641,1.1340648037030687,1.0,86.70138358373651,0.07555555555555556,0.1,4.215897932814516,0.24719101123595497,24.156084204582733,1.8973402324404167,743.0229419814202,225.97831322165894,1996.3143626515798,259.07416150334865,2849.5413782066557,331.07681687956364,1053.2592181126179,0.16077527669846914,0.08951951801393528,5.364945614183975,10.475719297419444,0,FRIENDS
2_96,263.28546824555303,105.6202886389639,505.91572396341746,0.036520126366415225,0.18543248806313448,2.7977308798478013,0.35086342229199374,0.003423842584544829,0.1439365711530853,6.729957057174292,7.163125050757555,7.2208947372202195,17.40496646267739,0.17539775606780553,0.16411990624393982,0.46136286190699066,0.489267554400908,0.09455868430902926,-0.02790469249391736,0.041445023755218635,0.7022694068556892,0.788297481365586,0.05314940034527339,-0.0860280745098968,0.1780620670270714,0.6985871271585558,12.992419449633616,3.051957270113923,0.7372809129829,26.368007829031054,5.689500650058368,4.30266706214409,0.3130212584732229,-0.0,86.63698296488711,0.28153846153846157,0.51,3.9907490513327795,0.6457123751728286,30.789165812510035,5.35118985212393,747.3900748374948,197.68444519244687,1644.2745190020973,334.8480032912462,2746.950099432059,323.2477153940327,999.7800122972822,0.12152428891926476,0.07353422727206957,-1.5301300685054624,12.389269260879765,0,FRIENDS
2_188,383.13535794346427,75.36027977957502,447.86477373941216,0.030462196634293184,0.1606352175717936,3.6851692317117113,0.5333333333333333,0.005204187838682871,0.11999365369515443,6.540600667408231,5.042574090220804,7.862011036631867,6.405538681726918,0.1089216262028854,0.05828038185153762,0.3460525658507228,0.41069289063310255,0.4294625016760152,-0.06464032478237974,0.10849630798680365,0.6312181517460446,0.5452571686685975,0.2900209467136991,0.08596098307744704,0.6175830028406473,0.5,21.81548005914906,4.9054505005561735,-1.572514895332093,-3.3359980762322166,,,,,58.050816601541236,0.09666666666666668,0.04666666666666666,2.525332576137273,0.3861392128029026,45.271174563437484,3.534763179952971,755.2146344869462,231.15326938914012,1907.4842345952043,364.13450300538,2886.0092041648722,322.6721390618527,1065.3972848389628,0.11048849223259664,0.05228770968838943,1.783022436175948,15.262823113043071,0,FRIENDS
2_29,272.9748437846485,65.54422316901797,381.4552037539039,0.01995255431525526,0.12030788944731644,12.511219595478765,0.6153846153846154,0.0084223628300612,0.08667130032654505,5.2082513187937955,9.577575189223783,0.3481465605384171,0.6298925752878961,0.08152366002820906,0.050838156203254936,0.5186337535943649,0.7292249911303093,0.18940548952415137,-0.21059123753594433,0.14707997799145367,0.691690073317893,0.6298346083987423,0.24077170617153845,0.06185546491915073,0.8186808309661273,0.4588235294117647,16.2041340844165,6.365640500747973,-4.962712156193417,-3.4437068881717927,,,,,136.39639639639637,0.12000000000000001,0.24000000000000002,6.219560614290254,0.41183638076657586,65.11880734916345,3.831695944717357,680.3457786986708,254.05749354796592,1707.2755613821287,395.8356043161878,2916.5237071586744,344.9913793742268,1118.0889642300017,0.17067182393616362,0.0794356745464016,5.339015325268641,12.962976859715637,0,FRIENDS
2_177,224.4245967816756,46.40100625833552,191.11859169794556,0.02475795929102198,0.13186200279420204,6.191906964740515,0.5501730103806228,0.0077327407774798185,0.11742649761868919,6.843044456513305,7.281197888726492,4.62470064468817,6.433218011639025,0.10920580306483228,0.07297250464631298,0.23154351724868172,0.27378738868598546,0.16146257815815387,-0.04224387143730374,0.13917639769104695,0.5570024773837725,0.5943798643346867,0.3535533905932738,-0.03737738695091419,0.39869969022104557,0.5103448275862069,24.3763545214458,4.105826673907983,1.1340427928404915,2.6016583339676824,0.3691604489911562,0.0,0.6843044456513305,-0.0,65.84433040078201,0.13333333333333333,0.136,4.609062816341898,0.5766110461940133,48.23655149552544,3.8008312002337,705.463685343793,255.41984649048416,1941.4522510331258,450.8682147821892,2957.293788956382,298.4001449087483,1125.9150518062943,0.13219429514332776,0.06361213063048891,0.43392903659939797,10.412330165642167,1,FRIENDS
2_358,211.29089061336472,53.8751735265369,177.99512506001167,0.023144091031316334,0.14855979580295964,6.815119383580672,0.5095238095238095,0.004277836102679582,0.10332429401147748,6.09375,9.788318580464031,1.2481342324035722,1.0333103113521631,0.11420591444376618,0.072777635774315,0.30480694179806134,0.2136398196205567,0.5041841733655164,0.09116712217750464,0.11432658780812044,0.6751633888585186,0.640420343738349,0.4221158824088692,0.03474304512016957,0.6795406216801946,0.5333333333333333,15.71771107265831,5.15625,-7.129298717587068,-8.951821277650623,11.512799209142255,0.0,0.9375,-0.0,93.95382583837592,0.1,0.10500000000000001,2.308814835710327,0.5194988356616568,56.12352430192659,1.9245051390713694,739.5057093552623,338.68852436334566,1779.559551042488,379.85571516984754,2910.155315228448,421.80450727424676,1085.3248029365927,0.14618708125801255,0.07786610816207261,0.3303130566376352,8.17076555576503,0,FRIENDS
2_263,257.0998752347142,99.64088269549862,382.55565767443915,0.02451944455218353,0.12943609402198636,8.716753472925,0.6714285714285714,0.008854815234399235,0.10861812094663335,5.15625,6.9330113114489915,2.193947443373921,2.370929431350822,0.09705528436492127,0.06597949591971837,0.5549358496276721,0.6096490611945593,0.3038137236284155,-0.05471321156688724,0.0997532536692719,0.6613387725268,0.6615679970790532,0.2515773027133138,-0.00022922455225327099,0.8349570522806569,0.3904761904761905,24.826867583964866,4.6875,-5.6939378980235,-5.120288384391376,,,,,64.04833261976118,0.055,0.01999999999999999,3.3226469932643554,0.38473663818478293,39.69263110798725,6.279309313407376,653.4202252561976,258.4758530065073,1721.6827438183811,351.59517086161514,2937.190728192793,364.82621727785465,1141.8852514682976,0.13172360438014377,0.06516122793929377,9.715359130943572,9.723498051785297,0,FRIENDS
2_446,103.28837688886497,14.377429233176922,104.87024200275071,0.031947593024483655,0.18324981194104725,4.704758591930165,0.5756302521008403,,,6.2222514861915865,5.582966112477686,17.373635244136185,16.365163108619328,0.16390294925341528,0.06368016035093667,0.29313442013498636,0.4488708528047268,0.31139173611801146,-0.15573643266974047,0.22986954131970494,0.49882877976017637,0.5224173357390475,0.5680749627880228,-0.023588555978871106,0.4091770251645215,0.5630252100840336,12.757650024325184,3.318534125968846,0.15782879684059517,-1.1726069891890951,,,,,57.58424581953994,0.10181818181818182,0.095,3.6221078203467103,0.34675532845581475,47.7263480375264,5.42082705890975,712.0610686681371,310.60417999067886,1770.7398244420528,447.1127993100882,2858.6176090380163,460.23703911785026,1073.2782701849396,0.09528877450358415,0.03253481522268512,2.5875379246036068,8.949246501494317,0,FRIENDS
2_594,247.6643302528868,74.81277374480285,468.22745413586,0.03000424631303572,0.14657121655420471,7.961922409411899,0.35561877667140823,,,4.248473054469085,10.916645816434468,4.594151566014657,9.829814604809908,0.10888611130801161,0.06173992077999765,0.23950132458306123,0.32576420209929086,0.08904292346963805,-0.08626287751622963,0.12222046734533809,0.2947344754587696,0.4535710395906532,0.5070925528371101,-0.15883656413188363,0.3175830028406472,0.6761363636363636,19.651471506524782,2.690699601163754,-0.15071822542561317,-1.8709436781804243,,,,,96.441672362725,0.6836363636363637,0.7150000000000001,5.601962319066854,1.7408749165719455,52.95878929676302,6.966328025389478,632.2995136911072,255.39443502483815,1822.3243927694973,379.7297360487664,2967.9687547423655,369.9726025604426,1167.8346205256294,0.1712539665584042,0.10394267320843265,2.955038249328984,12.029575051834156,0,FRIENDS
2_535,134.25680577725737,23.791441556047225,95.32643878666768,0.017031146439076092,0.11834140455092017,11.302438196716066,0.7251655629139073,0.005200855545569577,0.07567103796104119,5.572486174704168,8.173680604162278,5.16697302021794,4.688640307136507,0.10999944592613316,0.04757455076864846,0.6892945701700398,0.5932104965633084,0.18563388308389833,0.09608407360673143,0.24093916925772862,0.6545358821025598,0.6295562350286368,0.248035602268544,0.024979647073922973,0.6205522435929418,0.4304635761589404,15.333826139043287,6.883659392281619,-2.5251604706111594,-6.0944146956218255,1.2808010061991517,2.040082843135843,1.6389665219718141,1.0,92.88632935691759,0.052000000000000005,0.06666666666666667,3.5820156518578052,0.24083436168453048,22.469840772523913,1.9809245009514729,563.85521435139,300.582080005146,1589.8939282711417,552.2251970313425,2735.411614254465,471.05069383949797,1085.7781999515373,0.14444291812116808,0.060410421199973745,7.870487741774504,5.382401379979103,0,FRIENDS
2_617,164.69909752668173,66.48139685855888,353.89320788708255,0.026999251031257002,0.12683634844876857,3.499675376264612,0.45263157894736844,0.010192887855793366,0.09142401405646598,5.555555555555555,8.925668761139223,6.562837262855065,6.194802798351123,0.12581525010006933,0.05840002001416739,0.5741249022298041,0.5667025100941799,0.07337288382470528,0.007422392135624123,0.13374439644950542,0.6297938666902128,0.6560608778265427,0.3638034375544995,-0.0262670111363299,0.5679745770328586,0.6223776223776224,9.48680258186992,2.430555555555556,7.2001904061597095,21.930720582929744,4.975609280029058,0.0,0.6944444444444444,-0.0,95.27929060187124,0.0977777777777778,0.12000000000000001,3.5255912350344456,0.5759626442187344,39.084171497964604,1.6619858988616047,698.1430511356829,226.13691777452135,1702.9277062301373,310.0042466350532,2733.9332667565113,367.16282483284726,1017.8951078104142,0.14443186540198524,0.07237064697989905,0.02386932519607118,6.342815317442475,1,FRIENDS
2_210,240.713311709047,82.20178828971447,260.0968349661216,0.0258487406739429,0.0978856250974632,13.149556951439171,0.48917748917748916,0.0011051446169999548,0.05823910424221831,3.835227272727273,10.220441928091669,0.42639473972851316,0.7966182990970994,0.10912812957436088,0.07414380431054926,0.3817193672369776,0.4834289654788552,0.24936467495768375,-0.10170959824187764,0.17445427343785713,0.6077126792910131,0.552113115375498,0.12126781251816651,0.05559956391551513,0.5679745770328586,0.5862068965517241,16.243440807589604,2.9829545454545454,-2.157131047798013,5.7302554798713485,0.30518023078278844,0.0,0.8522727272727273,-0.0,108.88805939197877,0.275,0.3133333333333333,7.274605795318665,0.6919774963510243,44.51231980422944,4.220662702190287,667.3610351798787,221.68733205018185,1786.6919704465029,415.38135017957785,2843.8666428329852,386.3781439305164,1088.2528038265536,0.13945102451506133,0.0670014848439269,3.5797737723333802,10.174344768324103,0,FRIENDS
2_234,378.1450499802954,65.49165952196094,349.20645322919324,0.02467789130201544,0.16199283760533412,5.049659652287028,0.6273148148148148,0.011080661585392821,0.16364364297779935,6.433796711198182,5.82174935435719,3.5560993386330813,3.7460936863408114,0.1113055235696284,0.06734975529838659,0.38329982466931733,0.47334531230727633,0.11178607799406629,-0.090045487637959,0.11444291680883523,0.3322810609313176,0.35912306261960636,0.15617376188860607,-0.026842001688288764,0.20714066252984986,0.4212962962962963,22.831085037184035,7.352910527083637,0.19703429736635755,-2.8285718650097618,0.2919902731994781,0.0,0.4595569079427273,-0.0,74.14715293977363,0.07833333333333332,0.07000000000000002,3.4522869351262493,0.4815819937583971,41.66929166723825,2.661302869766021,880.5309399228256,258.9316323404876,1805.6091258993101,286.0633883380203,2770.498742235515,270.68486326240543,944.9839011563444,0.15139357096352427,0.08506011193173792,-0.4566217727902352,13.93125448178908,0,FRIENDS
2_162,415.3933099247412,100.93568104955715,447.99349011562276,0.024262179991123928,0.1605115455360001,5.623503803049323,0.7192982456140351,,,6.597222222222222,5.852467726263867,6.599012329846166,6.287757107419161,0.1248062602874156,0.06810914960241077,0.4553451172828494,0.4364437706119364,0.034867224658645564,0.018901346670912977,0.13204121391953905,0.6785647218373559,0.6661914995768634,0.37371754637596794,0.012373222260492533,0.7986232506638108,0.2727272727272727,60.108574201362295,10.76388888888889,-1.8932780648257415,-13.282922485873375,,,,,110.8845540424488,0.07714285714285715,0.22,1.7641569774068084,0.3957385456836273,31.84819631467138,3.8879517624411255,928.825379218623,157.80438473442675,1793.354192166622,217.62557733650695,2826.352122909365,337.45994401552133,948.7633718453711,0.11273529336962415,0.04440496446993836,-13.55989405149781,9.909369067675398,0,FRIENDS
2_437,163.10705240850046,38.0933434186823,153.61752270188714,0.029221078404120717,0.14325802681025757,6.908059239209557,0.5319767441860465,,,6.32662110699567,8.254182086126589,8.264767528083004,8.565478555855892,0.12652433124352647,0.06596353548323462,0.2767782036304692,0.3767035435941608,0.17527408004264708,-0.09992533996369163,0.04097534281236537,0.5325111624234307,0.4596877749060538,0.1767766952966369,0.07282338751737688,0.39869969022104557,0.5174418604651163,36.41689283440692,4.026031613542699,-1.9421727992020628,-2.201866804610656,,,,,57.0908829732359,0.13384615384615386,0.09666666666666668,4.357430288152797,0.5315347247189024,43.362555604700425,2.5743711999295993,659.5906635702916,334.20851758604584,1805.950303740999,463.64860240345865,2837.826123872863,429.1985827800651,1089.1177301512857,0.11692489987470857,0.04257320887304574,-0.14410359877547627,10.377637926092808,0,FRIENDS
2_341,186.08380154817021,127.6503192245356,464.86664640652157,0.04227993120925882,0.1828135856484262,2.3803666014508926,0.43389830508474575,0.05429757733565047,0.20040226498575972,6.238720827088368,8.03348316965166,7.415159785400429,9.974246900154858,0.18036797643966518,0.06825094221423109,0.3538462918606693,0.4651391212539051,0.030787453590353966,-0.11129282939323581,0.05138935865949579,0.5222615259593298,0.6045298689088546,0.0675737378399486,-0.08226834294952479,0.22177760718471462,0.6101694915254238,18.40039537926717,4.215351910194843,0.8199906183696077,15.862182984761969,,,,,92.44511380875016,0.15363636363636365,0.1975,3.5377716284413827,0.6539583798055325,43.501348263672796,6.367646611457791,747.6522444844579,269.5087988391484,1708.9901919694782,303.28901670763304,2849.0932390260477,335.9098235532838,1050.720497270795,0.09589712248021837,0.0324437920334244,3.4933687660277974,10.987506271074825,1,FRIENDS
2_318,314.36524421617037,61.726007619630145,317.19906046572567,0.01873694367370368,0.1175580083286925,4.477718147393135,0.39864864864864863,,,5.281595257343034,7.091459995469142,5.366855500403776,7.121849251181698,0.080512082155986,0.04819931242809337,0.4947416620575491,0.5571954452600459,0.11827902287547988,-0.06245378320249684,0.315473125983858,0.6844726949095993,0.6841911750312885,0.30151134457776363,0.0002815198783108208,1.0,0.6216216216216216,9.742953642610441,4.621395850175155,-0.6949061308138752,-10.037653511239984,,,,,65.995115995116,0.14500000000000002,0.14666666666666667,5.649327123789516,0.23941433538092632,34.022010125575484,0.9641576270606235,796.9792186141062,211.24720987617377,1863.688518044252,281.6664599644901,2826.9432110667735,286.9102287253781,1014.9819962263339,0.2024131860046614,0.10216471494547388,3.4702598093666337,10.671218333952979,1,FRIENDS
2_579,163.56943476445022,47.566603952196786,177.84419270986575,0.02610782277873389,0.15307980744570213,5.826390741773536,0.8947368421052632,0.004751605218690595,0.12251724720145774,5.965909090909091,7.466551198410187,16.602664888492246,11.077523026486311,0.15765159108360827,0.06687455695233915,0.4626066179238028,0.5877197671578342,0.023094010767585025,-0.12511314923403144,0.1232761789745197,0.544271389901977,0.778352091021428,6.798699777552592e-18,-0.234080701119451,0.6303974698319338,0.3157894736842105,46.55231837254721,5.965909090909091,-1.7492358614884236,-8.883501494653132,2.8113224028402666,0.0,1.7045454545454546,-0.0,19.607843137254907,0.08,,2.0591780917992204,0.32064100001025125,27.650019357336426,3.7106598671842876,699.1678469372052,192.40474359446026,1421.548053760621,273.216610287194,2720.181188523848,374.7787719718976,1010.5066707933213,0.14982061276218311,0.04993040831279061,-7.2723455926378495,9.933174155294921,0,FRIENDS
2_250,261.4873870887573,49.819147989409075,357.8630529474833,0.027183766480619983,0.1795297962060504,6.113376097263424,0.41284403669724773,,,5.859327092105802,6.466519816224204,1.3331804759282435,0.7234564066865813,0.2116111292544782,0.3715725636215461,0.3544475318058353,0.41215977144862675,0.03404039587848992,-0.05771223964279143,0.3143732524228957,0.5623371166964611,0.5561385961103656,0.290020946713699,0.006198520586095491,0.6175830028406473,0.6238532110091743,10.465136568213987,4.507174686235232,-1.4351358372085676,-2.799617458507935,,,,,91.23249299719888,0.06857142857142857,0.07500000000000001,4.09172585379202,0.555093275426248,40.90566501217636,2.0952754674244676,653.6326343605566,238.6390301473447,1834.9076428448027,357.2630254345823,2992.546104846314,333.85876880115336,1169.456735242879,0.10825340914986026,0.03428254043225161,12.960673868041567,9.418028082328208,1,FRIENDS
2_194,209.00822763690687,130.5167112091933,457.98301274650714,0.02652842419231034,0.14039284589920503,8.411797237712506,0.5205882352941177,0.0031748851209393875,0.03687004088643284,4.949494949494949,11.359234224442792,12.196004086245818,12.283382167764678,0.1553275828735651,0.12574929346040586,0.23969526237340266,0.383470556085455,0.025400025400038113,-0.14377529371205233,0.1641921931928667,0.4541224954754217,0.48266957803324056,0.13219579477176951,-0.028547082557818848,0.5151555050176346,0.5588235294117647,14.212753273545232,3.4937611408199643,-0.523620737219743,15.644453844933174,0.3549225334181756,0.0,0.5822935234699941,-0.0,103.50466546916974,0.132,0.07500000000000001,7.509619721064513,0.5607771213073297,44.14627462802486,4.998708432460687,728.909266667851,322.74779654588394,1777.9396004467794,471.89041894485246,2867.4973006113178,397.57723999046976,1069.2940169717335,0.11866390098196446,0.042547388356948775,7.107873561526943,11.945432448749662,0,FRIENDS
2_78,143.39357006760045,37.03197068708197,140.0229141528514,0.02152190453023866,0.12813653706147035,11.422319116064317,0.7663934426229508,0.003204224189252587,0.07841501147417056,6.465446148771235,7.287999577942174,15.851255356439212,28.428482593758286,0.10976662607406262,0.050243065383761124,0.44127062987005505,0.3974449251622765,0.2596950227040371,0.04382570470777858,0.1245295440639076,0.6301094337401385,0.6165091912262352,0.3558299974427443,0.013600242513903349,0.5964764855037661,0.29508196721311475,25.053950621759867,7.677717301665842,1.9878373339629627,-9.353079585784098,2.896218626950592,2.896218626950592,1.2122711528946066,1.0,87.73888135082166,0.043333333333333335,0.006666666666666664,3.274227609312145,0.2823838687750512,28.983274520504693,2.073350830671463,598.7331558346259,322.00033275118903,1701.5879561257902,508.90246052737035,2828.951899247038,473.63970209945415,1115.1093717062058,0.12398322336070332,0.036257354306110816,-2.4208001621128576,8.816427309384734,0,FRIENDS
2_337,238.3997315123276,30.97707312064831,190.05613178267132,0.02237321704253683,0.11905388852090457,9.946488610382024,0.7392857142857143,0.0029901291680827723,0.08298717054734671,7.048782047183684,6.97031404454388,4.131890382910661,5.976956359536915,0.09397850085798445,0.06099840554094519,0.23450707425703526,0.346488627009359,2.2337337031660983e-17,-0.11198155275232374,0.29563870999939657,0.31111004174597295,0.3286600819338303,0.08032193289024989,-0.01755004018785733,0.5657815926527311,0.34285714285714286,19.392702272630604,8.810977558979605,0.5529407527153037,10.740068758984572,0.7513462503613715,0.18152239863584807,1.0573173070775526,-0.0,103.90298650108593,0.07714285714285715,0.13999999999999999,3.6755676796404297,0.30367607762370624,31.45738800095695,1.2708767766885032,721.9176142340789,338.1874481554206,1908.925729308054,387.9400444323108,2866.7838254136177,332.9100553058865,1072.4331055897696,0.16833666168511913,0.07716308164095743,4.550984844697656,10.219887497589578,0,FRIENDS
2_435,162.2672485595949,57.13418578862186,244.11495171031822,0.02292177067301205,0.15349781475932178,7.580592124397938,0.4380165289256198,,,5.450567921986429,8.969250683391971,2.605688133944639,2.751580160932115,0.12147925750299654,0.06578399500987916,0.2651802714300609,0.31949339318981806,0.2192860213868235,-0.054313121759757166,0.02996885409549266,0.41047504199862467,0.42501155082230496,7.417989609027188e-18,-0.014536508823680294,0.5815855815233053,0.5659340659340659,16.813090846311738,2.997812357092536,-4.019952142871296,-17.7543569428963,,,,,70.43621515360645,0.2288888888888889,0.365,4.927824191159573,0.8867248154065817,67.02171320412027,5.989764768123179,621.1786456139685,261.9873286948564,1776.8649688653354,435.08669956623334,2934.918074464012,373.06025506190775,1156.8697144250218,0.1301523933445746,0.0618806281141226,-0.09521197127519199,8.605184170487044,0,FRIENDS
2_419,203.20276057617272,42.6729055753143,159.10716920595473,0.028604473240052948,0.13769963720560885,1.5091440180922169,0.41964285714285715,,,8.680418864656327,2.6764749819021656,3.2858953115753704,2.4457720280624793,0.13980819062803282,0.07381358372412197,0.2590052512188405,0.4598766423304657,0.0,-0.20087139111162522,0.3348796524758788,0.6664982701706168,0.5598447861149388,0.447213595499958,0.10665348405567798,0.7210570543488701,0.6071428571428571,14.881659492389337,5.208251318793796,-6.596125295020782,0.1306484211274892,,,,,71.42857142857143,0.12,0.2,1.7843704626862578,0.20372507516258276,23.591727270936055,7.093086648634316,803.865172745972,276.0821452026923,1708.5129419563089,308.51142090529504,2843.3475988832856,291.59788095312933,1019.7412130686566,0.1068131072757726,0.042931496055303574,7.949491897547712,16.414852335030766,0,FRIENDS
2_564,147.31205311505258,61.38609921518392,402.18796159218,0.027891769178615307,0.15705609406108642,4.6325625974893105,0.4266304347826087,0.0038261586048379394,0.11768069801110435,5.9266951740989615,8.077652184527379,7.252282345726316,7.773843003278713,0.14322966010485275,0.060196381440342624,0.16311621059649853,0.4402945987578778,0.07327979531190472,-0.2771783881613793,0.23271487825524362,0.6874700550424636,0.631417932036466,0.3487429162314578,0.0560521230059976,0.637710313445641,0.6086956521739131,16.00536861756307,3.2327428222357972,2.0309962714450767,9.927701743299815,7.76157364296699,7.76157364296699,0.8081857055589493,1.0,79.9507080298869,0.16545454545454544,0.21428571428571427,4.296996661310712,0.6793593280909828,45.514935411598955,1.9712833233878804,727.943404286978,281.9214393748735,1845.1048422359888,387.72737270434675,2883.7708269041605,323.10903519178487,1077.9137113085912,0.1242341956511179,0.049617079678270476,-7.490402355620196,6.717541834028011,0,FRIENDS
2_261,175.80424539924044,42.659529805771875,168.0238194289226,0.030193200529120404,0.14185823291164842,6.5628469593599625,0.7429906542056075,,,6.433796711198182,6.508608195985501,3.912958532485881,4.448065184206327,0.12939531597808268,0.06268861265317419,0.5475418578304596,0.5599863410444851,0.30656966974248284,-0.01244448321402547,0.03192035521201497,0.0,0.0,0.0,0.0,1.0,0.2523364485981308,31.371671686285655,8.731581250911818,-3.2668484406394267,-9.630505677840523,,,,,75.66609135236587,0.049999999999999996,0.04000000000000001,5.300811692832407,0.47432239931849296,28.133914270136923,3.089017859549645,682.7254695305494,208.85396105725547,1585.936152384218,359.4635145267419,2719.2821348961006,333.70668520781317,1018.2783326827755,0.14247551795398636,0.07102312244346445,-0.2667793616695694,8.052802705086565,0,FRIENDS
2_422,230.32169924403803,155.37468085125838,466.1691463636454,0.03121375556623976,0.17648840543554042,1.6827223176484711,0.27979274611398963,,,5.604593664070985,6.969934976030096,23.794287183747162,20.86346116078848,0.1719866597374967,0.07540372897778345,0.3457578602006676,0.339225694832304,0.19127301391900145,0.006532165368363596,0.30691129906350434,0.40096111074009216,0.40302371058072534,0.0,-0.0020625998406331725,0.7210570543488701,0.7731958762886598,5.828192433386519,2.038034059662176,6.219585418106344,0.8223307480649389,,,,,65.9047619047619,0.36000000000000004,0.8600000000000001,3.5378197064939827,0.504834450509642,37.81832051470643,9.177608639819784,755.0923207630609,114.16910156360305,1770.498992691813,244.1096821778585,2906.4418233522906,234.49569590474582,1075.674751294615,0.0737332681588907,0.014615340582479808,7.053902686944404,9.105072415101022,0,FRIENDS
2_627,310.42803054896405,56.20118387526635,371.792035212858,0.02151604167198816,0.15050567780647175,11.903401160256124,0.9772727272727273,,,6.1383307182264515,4.716410549206582,4.991327040915668,10.049612173064915,0.08752603766727825,0.06434348031847544,0.1839695405724743,0.3212238375164824,0.06454972243679026,-0.13725429694400812,0.12415918014648697,0.3081489804588945,0.5605698286716517,0.2581988897471611,-0.25242084821275723,0.3719239275348398,0.11363636363636363,64.30238640585486,8.370450979399706,-0.5340477309401754,-10.386576631245822,,,,,101.58730158730158,0.01,,2.804456610104083,0.3296143623636523,39.06932956028563,1.399519008363411,602.6259985359789,156.935072067067,1502.8036116606206,673.2339616878257,3101.0424060383048,265.87662535389114,1249.2082037511634,0.1632607551249026,0.06396853531120367,0.9048950625758371,13.962340803272337,0,FRIENDS
2_445,330.58283574272923,80.63221578405864,221.5047631929429,0.021543915599998048,0.13529363694325097,4.208723818531294,0.4782608695652174,,,6.1136783733826245,6.1971258372353555,3.2744329026002754,1.4869940992714237,0.13189866526836813,0.11554903949752646,0.6865027564014324,0.4980840739784223,0.32075014954979203,0.18841868242301013,0.5110924371936594,0.6844726949095995,0.6841911750312885,0.3015113445777636,0.00028151987831104286,1.0,0.6521739130434783,4.811701038502664,2.0378927911275415,46.01184569294103,11.639014824585365,,,,,47.61904761904763,0.04,,9.163735475654377,0.0,0.0,3.7844487212484648,755.7403001801725,167.5885590961117,1886.9124132083964,335.4042088406789,2790.048005193979,250.2244586366371,1017.1538525069029,0.14023830700163392,0.049017861243640534,-6.6685178004733485,12.323653861633229,0,FRIENDS
2_585,135.25351514279944,41.00196977880801,286.46986332682906,0.017901880308243908,0.12608746778784374,5.776398472799965,0.46774193548387094,,,6.3558405995532175,7.183149997682691,7.744209555328001,7.425985479587332,0.1256886953283169,0.055004174803461224,0.4347935434245802,0.3466419376018633,0.3969283100678677,0.08815160582271692,0.15795014186857947,0.618546487257863,0.673710510107197,0.43685202833051895,-0.05516402284933397,0.48608360818097973,0.5725806451612904,12.878059379661751,5.561360524609066,2.4170657523795347,12.9257948373584,1.7599906324034542,0.0,0.7944800749441522,-0.0,79.04304029304029,0.1075,0.19,1.9880116935662717,0.4934770708965054,36.572426251342485,4.8062371056377025,684.7077136852051,406.94854667635366,1787.1548899354004,462.36210491889494,2793.116061202291,483.66412471051746,1054.204173758543,0.11831689854260043,0.051671357700607115,-2.89120069571905,10.274475083821196,0,FRIENDS
2_91,242.38304112552495,27.027245414480966,174.12031424041362,0.023439541189108324,0.12426921601386108,7.349635805748644,0.515695067264574,0.00538243413898038,0.09914148949513964,7.075386559172132,7.163542643164797,1.9578323906477602,2.0266250715724197,0.11199240921729933,0.075626106378553,0.4635209954748418,0.5933454472324665,0.07779752313917485,-0.1298244517576247,0.26131690438520483,0.6105928341691694,0.5867623695258462,0.24253562503633297,0.02383046464332328,0.5679745770328586,0.5178571428571429,18.10734039421016,3.979904939534324,-3.577449380813604,-16.113251923277577,,,,,67.011803011803,0.048,0.045,5.840572142802596,0.4109492869350856,42.586156765658245,1.5050407811652045,660.0326333870486,255.46396522377194,1842.3378422844557,322.5938862574834,2891.66004601578,300.45466298472155,1115.8137063143658,0.12698721381655662,0.04968592000383574,-2.93535244525884,8.21617612405573,0,FRIENDS
2_560,395.29470987197254,70.9042446927014,334.83398097082244,0.019923669230804263,0.1106094303836314,9.403930515701788,0.7532808398950132,,,5.729166666666667,7.873367641122364,3.814768374873823,4.755487947078129,0.09269482256049832,0.07393316941629548,0.28187361677614897,0.40857090135182117,0.20539846638523873,-0.1266972845756722,0.05641214303008324,0.6562842648622644,0.5054639038226474,0.13018891098082389,0.15082036103961705,0.4638917158824549,0.28272251308900526,31.84480207060123,8.854166666666668,-0.6601245757849884,1.2372708905089078,,,,,65.02375893680241,0.054000000000000006,0.045000000000000005,4.48118648475826,0.344876742547286,48.48395094308863,2.603939514999544,778.4826031469178,196.29926589142167,1818.9338016704526,381.1053744767671,2913.4150273820087,239.10371924012864,1067.4662121175454,0.13634502443453345,0.06294991633426142,-0.6189095591696272,10.301811068148286,1,FRIENDS
2_425,203.81365654134592,75.51678598821617,288.599819090841,0.024941838050182977,0.14264903110815602,8.708248609320211,0.6102941176470589,,,5.450545466530437,8.305676744692859,2.6180440433271177,3.698116308956934,0.12599807768384041,0.07370813739785498,0.18005296061523707,0.23813183696577217,0.21969264529448823,-0.0580788763505351,0.0790384975024192,0.3529453707253144,0.4601569057207677,0.16903085094570333,-0.10721153499545327,0.35231453762200304,0.4117647058823529,32.54315362202471,6.17728486206783,-3.6914149963098724,-1.242779213021425,,,,,60.15407688794785,0.0825,0.085,2.929462324389417,0.4431914836870352,45.125909346688836,7.146090488667161,609.6231417105296,202.8979417585009,1828.8050638859497,377.886270603142,2801.277595636897,223.46675230698233,1095.8272269631839,0.1173341634885722,0.04395609896005094,3.491190035483116,17.101957711067136,0,FRIENDS
2_53,213.51022748106152,60.37511432947812,227.93014983917132,0.026699125532244527,0.14193667860668366,7.304995097926059,0.5168539325842697,,,5.514705882352941,7.005031516386522,10.004795817028434,29.909667990424,0.09901834567984176,0.061169951266905144,0.2961354251363591,0.313233870192825,0.22882177628141473,-0.017098445056465905,0.14625256852714152,0.5215572054260879,0.7570759294593323,0.26726124191242445,-0.23551872403324448,0.5815855815233053,0.5168539325842697,17.358784223746355,4.963235294117648,-3.4332678242002848,8.234132153270721,,,,,112.45252525252528,0.176,0.33999999999999997,2.949038647424471,0.36335701662785425,20.843195325047642,4.208035382840575,675.2876097712613,297.94234339681526,1972.8309972956754,327.1416118918057,2988.5803678339266,271.03134908330173,1156.6463790313326,0.12469167161200743,0.044748326259957526,5.184842658079806,10.275074101565751,0,FRIENDS
2_481,182.44130735435888,34.941701020874284,147.24923755416825,0.027650601893884633,0.12962682687517973,8.697761771397325,0.6,,,5.0675093363975865,10.901207082335299,5.345905201471036,4.659050201977221,0.09361216292359555,0.04747239735460245,0.5033890643444386,0.33837835875816735,3.132428170442762e-17,0.1650107055862713,0.20135997214899193,0.0,0.0,0.0,0.0,1.0,0.42105263157894735,24.691955385554348,2.5337546681987932,9.014306666665185,5.655713420620753,,,,,66.91176470588236,0.13,,5.315765114445057,0.5698153687110273,86.66666666666667,2.7565922699750267,670.9287372942251,220.94604233853514,1610.9641546074272,344.37887086586215,2717.852754089909,296.0952845090953,1023.4620083978423,0.12852963383157706,0.04577856595873042,-3.9163338914012766,8.202756433389698,0,FRIENDS
2_293,437.7224809952082,84.23749514318446,275.0343479679891,0.02311858317602757,0.12018982382402064,6.746643576276992,0.32524271844660196,0.026778391938546576,0.1141886098101094,3.8264642082429505,14.022308886013876,7.684449210273747,8.258527059475403,0.1191385773071589,0.07308445952906087,0.6737282344457696,0.7075907439349062,0.2649064714130088,-0.033862509489136605,0.11999728352115391,0.6844726949095994,0.6841911750312885,0.3015113445777636,0.00028151987831093184,1.0,0.6990291262135923,18.868248525659123,5.261388286334057,-1.0008655458885494,-2.2683389418965767,,,,,44.44444444444444,1.22,,5.051799925793119,0.7474390246238681,60.981620718462814,4.97597995483291,972.2317371697873,394.0693613421758,2182.9063448042107,376.6444919369581,3138.8212142989664,383.06995029513274,1083.2947385645894,0.09907465840638324,0.0310332410132083,0.15637394096388743,20.939115886314347,0,FRIENDS
2_248,213.29076973437245,83.61386403083603,457.2554252481689,0.023212532886565954,0.11903490658070319,9.051232154663786,0.7257617728531855,,,6.304777533286092,8.411795591969152,6.137449421954622,15.436317577858413,0.10882722297265718,0.05867554446968679,0.24410560345833757,0.24864108880926428,0.026297584151910875,-0.00453548535092671,0.07202893817384681,0.511679914955554,0.513210186467923,0.0873704056661038,-0.0015302715123690636,0.7291601811010991,0.2983425414364641,37.45850923495807,4.385932197068586,2.95169419100477,16.91498929505996,,,,,106.8237713099373,0.1,0.10999999999999999,3.7096995856466917,0.5761742888649897,60.32167025377958,4.647218807321618,699.9636756716484,431.7226341371668,1744.0781024401017,616.9388528395594,2851.022629604521,445.4206093432129,1075.5294769664363,0.13959195381448836,0.07228643108842597,-1.1602249949089793,11.22376835342761,1,FRIENDS
2_56,345.08492966063204,92.92528037367038,468.6879553236133,0.02689125743180928,0.1444938891128021,6.824302530300152,0.44029850746268656,,,5.187712163479313,12.30107930872528,4.101763765166486,7.91033578353795,0.11246000113845897,0.07192255733033759,0.4105155725375093,0.5640630382641273,0.0440652649239232,-0.15354746572661798,0.034965421818356046,0.6815233646184216,0.7539887764578748,0.07474350927519359,-0.07246541183945321,0.2576697090319764,0.6082089552238806,16.057978560118357,3.7055086881995094,-0.3029007583271249,1.4698226154698393,0.5912029624802138,0.0,0.3705508688199509,-0.0,73.18622897570266,0.3230769230769231,0.45142857142857146,7.063574816534339,1.3332984299975466,47.519508915533464,5.569851543534074,795.0108044873173,229.27170283072536,1754.6317787821217,267.791203470141,2881.6034630941695,328.6175314288956,1043.296329303426,0.1560585650091169,0.09859351923194488,4.13273057231191,14.466286890706348,0,FRIENDS
2_260,161.52496469309858,55.3019479720047,307.0797927269342,0.019363908981703568,0.11533542427150961,8.80787060196476,0.6040955631399317,,,5.732878597864986,9.304696574966403,7.50945573129448,8.517498428429734,0.12473879124355164,0.06560554367925343,0.3418786600738955,0.36114342959870327,0.24656448378672136,-0.019264769524807768,0.07827875101543769,0.3904615356534486,0.3984640978930389,0.0,-0.008002562239590283,0.39869969022104557,0.4557823129251701,17.336914087680306,5.395650445049399,4.789014575727628,14.95745441272384,1.0625639958801874,0.865702100152028,1.3489126112623497,0.9182958340544896,140.32702542737846,0.12285714285714286,0.25,3.506433809369928,0.6573147597034124,61.65550116207365,1.6094313654364891,611.598026696288,300.9112932252816,1754.8948135362143,479.26054848365516,2899.1170217052186,391.7415323690909,1143.7594975044656,0.16838786188977445,0.08063454785671878,-11.14381236524608,13.531331970654447,1,FRIENDS
2_134,246.96630945300228,102.89336406374595,287.7550995386401,0.04634422212411833,0.14854144566738609,1.8985026023961133,0.3829787234042553,,,6.25,8.55929553766637,23.356929902454688,49.28436086018475,0.19346119478641935,0.09313085889226404,0.5557481287844539,0.5713424005549297,0.19069251784911848,-0.015594271770475787,0.24891849991419301,0.649428814313543,0.6252781112698176,0.19245008972987526,0.024150703043725463,0.5,0.6382978723404256,22.003736000839012,6.770833333333334,-15.90894238772426,-5.26978353028886,,,,,107.14285714285717,0.11555555555555556,0.06,5.279258364392238,0.441356269198065,28.702531780528894,6.937054741244334,852.9078384458755,296.53362020177207,1728.0916227376913,245.00439531086613,2753.887970315585,315.9843995769048,950.4900659348548,0.12258114942332517,0.0844084371244667,1.7800417492725547,11.536368683216343,0,FRIENDS
2_488,222.4767997784692,95.38926444584233,399.7160310300398,0.02274423199372387,0.14971743056138054,5.435229422958098,0.40425531914893614,0.023906513875186757,0.19214865117463215,5.186969628325986,13.321107722137654,12.256428161855077,18.848721693806755,0.12326411791578923,0.062244904951450075,0.46719570762101054,0.38995396651939823,0.034836650714580836,0.0772417411016123,0.06355690082237253,0.5924218727508689,0.6251277273954702,0.42839304295347336,-0.032705854644601295,0.47559703948118437,0.6332046332046332,18.30274389938885,5.186969628325986,2.637232754334004,-12.87077913308191,9.02062588056933,0.0,0.3842199724685916,-0.0,64.48458028099321,0.40444444444444444,0.14,3.6669291576628664,1.3694072904623265,52.45129336133393,5.448651588235772,873.1262871101579,276.90334790622455,1768.3334646887038,378.9001621809311,2831.7365635426318,388.8947616537839,979.3051382162367,0.13575686101426954,0.07974753682444703,-2.3124565152548495,16.508353394914053,0,FRIENDS
2_542,219.75627698350033,89.72953489266317,473.97983599031704,0.024629371384438107,0.1575374019092727,4.5798020432340785,0.5794701986754967,,,6.5558660878872566,8.004253050819948,4.81872006492694,5.898020694715177,0.12778687363744642,0.07541018981997705,0.6566944896111425,0.5826237823284965,0.3140543535541283,0.07407070728264598,0.04370323192770398,0.3608615006924637,0.5436295371133326,0.11547005383792515,-0.18276803642086892,0.23974642511613264,0.4900662251655629,17.8202381146037,4.916899565915442,-1.7339370781808428,-0.19620798941458162,,,,,92.13945213945215,0.08461538461538462,0.08500000000000002,3.348711827281672,0.49989064265534633,39.27868545979059,4.474599890050903,785.8421065199585,303.2978232570572,1748.6122988739746,556.3673318437288,2862.4554533871687,474.04124036270554,1038.306673433605,0.1325885354040089,0.05976687844487729,0.20446516479898616,9.405416093104924,1,FRIENDS
2_504,352.58650692159796,85.93863213963552,351.2373255449014,0.019857416226917498,0.14315235399795764,2.639741769270005,0.4329004329004329,,,6.392045454545454,5.32141404971621,6.332256223483223,10.396648559335969,0.11019533926796979,0.08105823161812839,0.30660370687458083,0.506726019760441,0.15482028055565816,-0.20012231288586013,0.0936780536933356,0.42905908901570916,0.7046244443611763,0.10976425998969036,-0.27556535534546717,0.5754688941429069,0.6206896551724138,16.95131680308898,2.5568181818181817,5.783592838766066,5.313981740766847,,,,,85.37475596299127,0.25,0.69,3.2741076915556877,0.3150391465623933,33.92931212622902,4.838117071153557,789.8032263940393,127.57520943882426,1707.5417485548542,257.1448872796631,2832.293931942075,229.0344047127788,1021.2453527740176,0.15027179495252138,0.08025741856580523,-0.09871490002848718,8.209941997371835,1,FRIENDS
2_54,279.95854792560624,75.90684915592868,427.81693141623236,0.02088153460698117,0.15966694551666516,3.436664707403445,0.45758354755784064,,,6.8783649513598455,9.278042597580484,4.6891547056688845,7.33460101713082,0.12785403347086474,0.07217093206890779,0.5804255842155139,0.5203682858248764,0.2022783485156837,0.06005729839063756,0.015253180883896822,0.37417900213143157,0.6152562334089772,0.39223227027636814,-0.2410772312775456,0.32896395380826315,0.5743589743589743,22.097594168545434,6.368856436444301,0.6395792782754481,9.9432097464236,,,,,61.28073303724052,0.2625,0.465,4.649123909971312,0.3896653851320023,41.158386775711556,3.7827109116260953,766.8600062756778,251.26673322773493,1904.6562783740671,449.33307736140154,3001.0201904180394,359.88719935112545,1117.0800920711808,0.16734185447514013,0.07994579234901404,2.0482716881230845,12.952627697950978,1,FRIENDS
2_300,310.76591375975437,110.99074157485839,380.5747681544167,0.02244476994135025,0.12305800479752928,10.570090920364756,0.8195718654434251,,,6.048387096774194,7.166415265348449,4.364762552462231,12.581715299982335,0.09700826767677981,0.06562276131656189,0.3258653775149198,0.4220260484516993,0.0753065568508208,-0.09616067093677949,0.0172198564666588,0.600627648760871,0.8549018748726841,0.13018891098082389,-0.25427422611181305,0.4638917158824549,0.17073170731707318,34.667251785750395,6.653225806451613,-2.755933625103208,-4.993098877286596,,,,,56.73700269608197,0.06,,3.4497608005739564,0.37210297424621547,38.78866892800168,3.8281256163126764,666.8103399524271,214.03880266022497,1744.9361717798467,335.30456161714943,2712.3227399986763,300.2748911691522,1022.7562000231248,0.1455897670146113,0.07804888986431818,1.7108721538048723,11.345322410170045,0,FRIENDS
2_387,162.81809281294895,57.54044753111177,363.93702946988094,0.027339624579676182,0.13614245701855004,4.401730877581015,0.46064814814814814,,,6.433796711198182,7.162278014412932,2.942829828361899,3.4619497164000173,0.13095235776193107,0.06095101628224549,0.21994020328906655,0.3127276249055198,0.08642554923286962,-0.09278742161645326,0.06596461991295943,0.6115831221525341,0.571420985454806,0.35355339059327373,0.04016213669772806,0.44211410869774026,0.5416666666666666,14.115794008932715,2.757341447656364,0.24336588681505616,15.526294223079287,,,,,57.55856462378202,0.1507692307692308,0.10750000000000001,2.6631452385549768,0.4280592066984541,44.337632324057715,2.012703612908671,801.008127210308,356.954732045262,1806.315294555395,487.4991571458247,2873.872717581751,458.8872874144265,1036.4322951857216,0.13764310036095256,0.0672237603718241,-1.1223579525621292,7.821944310245627,0,FRIENDS
2_569,281.69414003121096,81.32605634849686,248.08022429263008,0.022423222361634736,0.16248810908311503,6.830576530095899,0.36942675159235666,,,4.375,10.889583597862202,5.635794701237854,9.046503922162522,0.11523440751338215,0.06943476322432734,0.28406166976361014,0.27370879168591894,0.07808688094430302,0.010352878077691197,0.18268697873747486,0.7031118731190732,0.6137822928351465,0.140028008402801,0.08932958028392668,0.7438478550696795,0.6329113924050633,9.113904040067974,2.5,10.499067339051292,8.90292137067771,,,,,90.02849002849004,0.195,0.31,4.150013626872306,1.0279142475480016,56.76975945017182,3.5512517047504844,645.7565340431737,177.9806055966035,1696.318924601033,296.60903695055987,2890.10932471419,335.5171129304901,1122.1763953355085,0.1466616605187943,0.06224967824560965,0.7960359065893451,8.299293784028162,0,FRIENDS
2_530,224.8310792040427,48.98850792368147,162.8239292097558,0.017360161686416405,0.1337876781189117,7.391724042854852,0.3476190476190476,,,3.28125,10.552612307616542,3.853247617404925,3.8445066797832066,0.13002272984260857,0.08128792510173492,0.3094364048815972,0.31532479405514274,0.3366700865083859,-0.005888389173545561,0.1949910338786327,0.6844726949095995,0.6841911750312886,0.3015113445777636,0.00028151987831093184,1.0,0.638095238095238,11.576606875393976,1.40625,-11.426290961053962,-10.721791371504501,,,,,12.000000000000005,0.32,0.44,5.6381299424179145,0.3415115571355832,58.43306836248012,3.1731889728213014,652.6669293141335,199.91555619834892,1813.568318005722,439.46620563838354,2901.772656985816,445.85280065875986,1124.552863835841,0.17514467716697688,0.10611348017541061,-14.52246743680053,12.113985962971036,0,FRIENDS
2_48,286.72804419534117,116.61406407595881,402.80169856577237,0.02429319554841391,0.1364056598585641,6.442587997106095,0.5686274509803921,,,6.578928966028447,7.224868714821771,8.500085266077845,9.960608652348068,0.11144186406263275,0.07724699832565421,0.3800944616901873,0.49617241042345406,0.16089424678768363,-0.11607794873326677,0.049322111484787934,0.503830817970277,0.7287257125701269,0.46852128566581824,-0.2248948945998499,0.2791601811010991,0.4742268041237113,21.599648778617777,5.550971315086502,2.665689081577503,17.813914546018296,,,,,67.98250255177174,0.1272,0.1353846153846154,3.6325813730889123,0.5422076401728305,45.613549244006784,3.7107960973074605,807.5626651350218,300.462094006921,1801.9697521713817,445.58189626465327,2922.150768536301,407.0865417069675,1057.2940517006396,0.14337898326181475,0.06769340176376852,1.6984413396937483,10.700724445357892,0,FRIENDS
2_253,499.72432950653456,52.33657240660917,228.4343759733669,0.010122672860380072,0.0851193254743592,12.809386609638384,0.5677966101694916,,,4.111811434751799,12.955237797664305,7.163592967819363,9.310860297211534,0.09730178089187379,0.11239279513752719,0.5144880596229812,0.5640184032283083,0.09770639374920632,-0.049530343605327154,0.2773746415411912,0.6844726949095995,0.6841911750312887,0.30151134457776363,0.0002815198783108208,1.0,0.4576271186440678,18.29941093188915,4.93417372170216,1.511085477311434,2.3814950495909155,,,,,35.29411764705882,0.09999999999999998,0.09999999999999998,1.5507567871467458,0.550013447925965,74.5636615720575,2.510651842691498,739.8429480229049,318.9375357892153,2235.3165175331037,308.7682809846302,3074.1206893218714,342.86184241761623,1167.1388706494834,0.1477994679457291,0.06566927386213059,16.86430106253974,11.194394436420687,0,FRIENDS
2_555,197.3214438703818,82.05000976703846,235.92679089147924,0.030637887389741693,0.14493548195190595,4.468976989647506,0.6210526315789474,0.056587098921158166,0.07547869663316435,5.555555555555555,5.196097298675818,0.7157020495131848,0.6886658513794462,0.18880564099399896,0.0957540609011304,0.5302599434322076,0.39098648068006,0.28356190989120184,0.13927346275214764,0.12704402123557157,0.49646828257924236,0.5073579071803221,0.3274182036280232,-0.010889624601079784,0.40633064344819525,0.5594405594405595,20.21864428187957,3.8194444444444446,2.760600497130557,24.038879580442227,15.224511641136962,16.621073280492926,2.430555555555556,1.0,58.91649637199172,0.0925,0.04500000000000001,3.528397631058638,0.601292697214226,70.5228173097268,6.456100624659859,761.2811537087972,237.3331574774665,1751.2549617348388,450.20025577713204,2903.6234378373124,445.65822160758023,1071.1711420642578,0.13407037180641068,0.09542319193277125,-4.79100552488543,10.223112919319254,0,FRIENDS
2_42,144.77783077448208,34.713681991784064,154.91312906564684,0.03289578420809442,0.16249061512297716,7.339428518448397,0.5154185022026432,,,6.076293205259429,8.971120356050852,0.8899831458192531,1.354628898543436,0.12870416420429134,0.05647402228299265,0.43447304245873497,0.5108690922670982,0.2945137539309162,-0.07639604980836323,0.06712462532792007,0.37366749110921416,0.305097990448191,0.7071067811865474,0.06856950066102313,0.44211410869774026,0.5350877192982456,14.836041393246477,4.340209432328163,1.5186787030378326,9.081877246811818,,,,,67.63438386626792,0.14888888888888893,0.52,5.336181195705951,0.7927762143401474,54.906806866259714,4.067309161342087,822.9407269980371,532.4765960126126,2035.3221718327584,568.9093633071504,3115.7517411098547,394.7860481894922,1146.4055070559086,0.09949255570656676,0.03020277845114881,2.923912545597224,9.826839628802203,0,FRIENDS
2_441,195.79891920879092,47.06453613303881,224.32608063813825,0.023382859299366447,0.11988915803857099,7.156663586191518,0.5538057742782152,0.03452237430110333,0.3070825516880609,5.729166666666667,6.442171573782203,3.726391393436821,3.9655933688819722,0.10388903340736261,0.05720678789086337,0.24110387426991575,0.38265312675772517,0.08819477274048472,-0.14154925248780942,0.14841823761370965,0.37083542952203535,0.33911445882543556,0.5570860145311555,0.03172097069659979,0.2617944137104211,0.4973821989528796,15.48965480689553,3.125,1.3771838117226765,12.651509333295252,,,,,84.85200237995268,0.07066666666666667,0.03666666666666666,3.6831156432288474,0.4347721208521815,41.94967720865665,2.58402534493317,644.3238767246202,268.3979055021638,1739.9652013190407,300.1796686488858,2887.8075075854786,412.0998677279922,1121.7418154304294,0.13954432834186117,0.08180579168354132,3.665656923245504,7.856265575835659,0,FRIENDS
2_218,305.6397698529041,65.55740659809928,359.3236848891487,0.011920150303506656,0.13554378333541706,9.747735738590366,0.762114537444934,0.0016671792017805957,0.09934895409330063,6.076293205259429,6.517720350824911,4.609798100145802,6.4946881528030005,0.07534559677173523,0.04949141003780803,0.5047658307149286,0.4709049198555465,0.10443109474656777,0.03386091085938214,0.39818768460720855,0.6271896767127623,0.6280929952958825,0.2724771788895027,-0.0009033185831202051,0.7234938272475584,0.35964912280701755,20.45830466931456,7.812376978190694,2.4335724099135483,11.69241493926046,0.5532407137803059,0.7561089142822369,2.1701047161640816,1.0,88.98559576525679,0.105,0.12,3.566627091476953,0.5316191490580983,51.55195254080872,0.9690431168565259,799.450854479502,205.31686161069234,1661.9064668017343,326.4457530684988,2832.5557474473662,320.8615594569861,1016.5524464839323,0.23981362127816425,0.10924109977605104,-13.063275822157971,16.267187549656526,0,FRIENDS
2_415,172.67156281302488,56.5268324355573,314.91849567264774,0.020099272465468006,0.12381151264226763,9.722344488277486,0.5970588235294118,0.0025301377471393677,0.0979396341124364,6.114081996434938,8.690464227475786,3.455291169036002,4.205067113540806,0.10378678855297757,0.05273614361247733,0.6575692904845404,0.5823674253672783,0.11923929502757463,0.07520186511726212,0.058976612532706696,0.67355226978169,0.40893716137899466,0.06415002990995841,0.26461510840269536,0.2589699999381987,0.48823529411764705,17.78653263822285,3.7849079025549615,-3.8088611677154534,2.4267160023704655,6.080714838234589,0.4227895470700913,0.8734402852049911,-0.0,82.83264587801791,0.07272727272727274,0.06000000000000001,6.398616225786452,0.4799052344474632,41.08964196706354,3.3718171871289284,645.9605915413257,251.54800836761152,1753.595295186652,364.94628193078745,2850.177590124963,412.32506884861175,1102.1084992918186,0.16759724595293893,0.08333570365927144,-7.669165526524252,14.56515208386853,0,FRIENDS
2_473,201.50806751520622,42.415470626435756,168.651567030356,0.028422256515843076,0.14841384762233606,7.39124555637701,0.554140127388535,,,5.0,9.684969243146977,3.9543603942752976,6.591103978970326,0.11187039334751926,0.045805221215739426,0.5950391092815606,0.692932593825655,0.33061219937805847,-0.09789348454409441,0.09817963343751146,0.5290660487916087,0.4937537555696068,0.42008402520840304,0.035312293222001856,0.7438478550696795,0.46835443037974683,19.03229066425414,5.625,-7.155522248935929,3.209908293295449,,,,,122.33524988942948,0.16,0.2,4.298248659328192,0.34868531751994286,47.54223890126528,3.846727848681214,616.3502673489132,224.46028023138317,1684.093646026105,330.5114575398899,2812.6276591979226,383.4308246318146,1098.1386959245046,0.16719054768003447,0.07784419573312594,-0.22566859828090832,10.2071680491482,0,FRIENDS
2_537,195.58436327717672,65.74315263532652,260.48607625892976,0.018122946423060074,0.1374880976899282,8.795738033809274,0.7005545286506469,0.0037205667776468825,0.10051104485152472,5.698529411764706,7.7861639010420065,7.555576278314168,7.007752993895978,0.11055211849846475,0.062546803114772,0.2780650524524388,0.24451264479657148,0.21030516389210013,0.03355240765586731,0.05273555641047911,0.3546403659225514,0.41845036447033,0.21631865576479772,-0.06380999854777863,0.3169987502035051,0.41697416974169743,19.09829747506804,5.514705882352941,1.8013195458568958,-0.24530496236763355,4.626098402945709,6.768151905903302,1.2867647058823528,1.0,97.97200676508666,0.09999999999999999,0.10333333333333333,4.180718558856367,0.5838790065416626,49.949929635272674,2.8115081749625066,671.3377968976245,232.06160563837435,1718.6398084041148,371.7628236150847,2895.331326623779,379.70975562486217,1111.9967648630773,0.1669504708224125,0.09325330182745536,0.17767210610732692,7.825221902643121,0,FRIENDS
2_397,215.69753007693254,21.674581024238165,90.02436708084554,0.016932609682749948,0.10216627291921217,12.027231597209102,0.6060606060606061,,,6.835695305580159,9.950729694170644,0.43953646222736403,0.61649248364297,0.06731469356042595,0.05561982183421188,0.3825472175027769,0.41254747248115214,0.06415002990995841,-0.030000254978375218,0.215122144868519,0.0,0.0,0.0,0.0,1.0,0.4,13.319416140196896,6.835695305580159,6.8224736891565865,4.648364333428606,,,,,160.0,0.039999999999999994,0.039999999999999994,5.298561388681754,0.24881572048390427,32.42640692640692,1.5869830520451602,510.92497326838605,168.5983689547134,1591.1885660877601,495.9742064480941,2772.62383121595,431.3256209853194,1130.849428973782,0.20656731972692974,0.09867069941125979,4.244006764672522,10.377287035799446,0,FRIENDS
2_572,290.4065579837514,83.29970119624947,362.08076736719045,0.033627129433251454,0.16138031110057977,5.451537742425028,0.4968152866242038,,,6.25,6.239637919797638,2.881073006845825,4.407953121791357,0.12680094348005985,0.09152849815325373,0.4401790323959212,0.595993123026253,0.2617119612951069,-0.15581409063033175,0.14437450696807863,0.6738984581266083,0.8311251288766488,0.2672612419124244,-0.1572266707500405,0.5815855815233053,0.569620253164557,12.656855175608719,4.375,-6.956158123239253,-10.261044289524252,,,,,74.10695187165774,0.12400000000000003,0.15333333333333335,5.104585189983393,0.24473912999824632,29.26604918697039,3.163339530453239,844.9353646011325,402.1646722526312,1915.4857469929789,527.5915580004194,3095.8608525901745,467.06369891070455,1125.4627439945207,0.1600311741041075,0.07465609955323228,4.6407856141301265,11.483705906098956,0,FRIENDS
2_243,220.72054242368543,52.73266575583615,232.85715360970806,0.014942193408976552,0.15030898706924575,6.4438173493855535,0.3662420382165605,,,6.291910400913112,9.370172200276139,6.319026619226722,11.307037868296911,0.1186715972991121,0.06134447261839833,0.5129702996630191,0.6288581702021669,0.21320071635561047,-0.11588787053914784,0.15550865236249845,0.5732494812562358,0.42198982459448714,0.5773502691896258,0.15125965666174862,0.5578858913022597,0.6369426751592356,8.611695141666315,2.8313596804109005,0.5383326802381305,8.249772547711986,,,,,76.04199721846781,0.17,0.21142857142857144,7.434637907883354,0.7441630262066192,48.513067237723256,4.038412633685296,979.8950937918968,304.1945131245863,1827.569552344016,334.0574119091364,2827.926708250146,358.37891526306095,924.0158072291248,0.19239602184950835,0.09181296423628343,-11.844537791011863,9.24810823254666,0,FRIENDS
2_474,141.2436383158863,34.88578844351608,116.26357841191539,0.015521623459058328,0.13378862321856072,9.040153752343578,0.6597938144329897,,,4.986657017504184,11.843982500139546,6.903416765263902,6.710094670049508,0.12880097546748742,0.05591255445987923,0.5244358898752862,0.5337079401925698,0.447213595499958,-0.00927205031728362,0.05747186165369522,0.0,0.0,0.0,0.0,1.0,0.3469387755102041,38.24258580285971,2.9919942105025106,-15.940069074154012,-10.666050191094364,,,,,,,,4.975458518251459,0.4215529466692909,47.68956533662417,3.253392998693659,650.1940470448135,269.49159797194295,1686.6498035829738,447.0456340661131,2976.329462975061,340.0287484481445,1163.0677079651236,0.14755715900673833,0.061560826287933725,-2.0140095778576277,6.887186653341878,1,FRIENDS
2_245,126.05717805154768,32.410886672043134,140.27955963067637,0.020971117164585655,0.11142604506830799,9.53633232575483,0.3093645484949833,,,4.155578841036388,13.881279022109075,8.723266343945896,10.425656106189674,0.12135431509923918,0.046076564894873114,0.1817611292696857,0.3305371981204782,0.22470642800546103,-0.1487760688507925,0.08630224541028497,0.4590372175424054,0.7336637295392957,0.35355339059327373,-0.2746265119968903,0.44211410869774026,0.7090301003344481,7.447691665531496,2.6595704582632886,1.1324284952394792,11.633198626368678,0.472688125441902,0.0,0.3324463072829111,-0.0,77.68768721047998,0.7575000000000001,0.5000000000000001,5.752980856623214,1.2290490489671677,64.24038276910537,3.2797357460537184,967.5886817318619,404.4310916803393,2104.3415570127627,436.94848811551077,3115.2406234210616,402.0828399635341,1073.8259708446,0.13966019066173221,0.06917798961826653,-3.4924198938299864,8.475277184497331,0,FRIENDS
2_176,161.10789736978484,29.05814380625757,147.9751866392587,0.02273573570794971,0.10631194551323989,5.765005354976609,0.49808429118773945,,,5.670324018515344,8.934524347813175,10.512364398944776,12.481551175502304,0.12625830829509122,0.06863702448371443,0.34488278885518325,0.5502166515418503,0.033058980245364265,-0.20533386268666703,0.16083080994467103,0.35302330108887453,0.5451197089511044,0.10976425998969035,-0.19209640786222987,0.3763041174965567,0.549618320610687,16.69049051478807,6.0483456197497,-0.09096629250701141,-11.335741665241564,3.1285870289853186,0.0,0.7560432024687125,-0.0,78.33198380566799,0.21200000000000002,0.225,4.351316885720381,0.5752079602464347,48.72649464621501,1.5424396399657259,741.9808665095233,297.8414774791942,1736.0763673163858,432.9793845187171,2852.2309637923563,479.3731043717747,1055.1250486414165,0.14859507931758875,0.07330348648262966,-0.8823919258852029,8.553177484319615,0,FRIENDS
2_58,204.80514118929258,29.15936435356873,81.20645984850353,0.023924293585481107,0.15588657156070665,7.41400058000586,0.5689655172413793,,,4.8489957484239845,11.420695867947604,65.48002303363926,86.99712897878156,0.09402198182101679,0.037805817162975916,0.3797419387826306,0.2605054842087647,0.41034726723238446,0.11923645457386589,0.3102004289242626,0.6844726949095994,0.6841911750312885,0.3015113445777636,0.00028151987831093184,1.0,0.5172413793103449,17.080944461522346,3.232663832282656,19.405485572828596,2.6814166786682136,,,,,13.333333333333325,0.11,,5.582097193930849,0.040000000000000036,8.000000000000007,2.415876493773335,805.6301086592764,270.6667335774556,1786.3884464390933,447.05397461885167,2903.4822748093993,259.98235851820164,1048.9260830750616,0.16322898820007423,0.09138726603221455,-2.3769782030142097,5.2124461769211745,0,FRIENDS
2_427,398.3320102835166,87.70508850028463,388.6476991761683,0.02234753063559984,0.13324664917335927,7.23538554622149,0.6563573883161512,,,5.7743853595415615,11.488619898149794,10.481040070023015,24.35193409370777,0.07853118903485945,0.060620965338416766,0.1448362432841728,0.3293947758764667,0.29448406953292416,-0.1845585325922939,0.0683338897467296,0.6624683333179748,0.5516798935421684,0.13018891098082389,0.11078843977580644,0.4638917158824549,0.3767123287671233,51.82659716964395,9.85042208392384,0.8295109325545251,2.4133826172824087,7.011196775489946,0.0,0.6793394540637131,-0.0,96.20907578997388,0.11000000000000001,0.09333333333333334,5.08211615375103,0.527964852061631,37.741411940951,4.615467832930156,748.6777956879704,285.4654277703299,1785.2017569460656,398.3434282855553,3013.488745422439,277.7817060100771,1132.4054748672343,0.14067678420665233,0.05843951325996532,-2.3943250955987554,27.65968912486698,0,FRIENDS
2_534,473.3194376152978,95.52015448924233,297.4648570100343,0.012273095908378327,0.1306377482383924,12.047988331460928,0.7425742574257426,,,7.652928416485901,7.542735163235161,5.632329563168897,13.872045102964622,0.055095192769217045,0.044219654758806765,0.4834320172311738,0.6606500685626876,0.23368249513479444,-0.1772180513315138,0.15701846936471175,0.6554432715516786,0.7228991448947283,0.140028008402801,-0.0674558733430497,0.7438478550696795,0.3137254901960784,39.138423011904116,8.60954446854664,-0.9152869702651385,0.5074345344323046,,,,,168.421052631579,0.14,,3.4176100459617493,0.3019292013097612,20.208590627477108,5.618658499693777,811.4365415037544,209.80109622108563,1625.3506877864615,308.88676381238383,2847.9101288418087,389.66805696363144,1018.236793669027,0.12659387228937788,0.04555401577667456,-1.758691063524853,14.885995989249956,0,FRIENDS
2_626,245.97690832745562,53.23979152046283,258.78002409380235,0.019700129300810595,0.13251791546823277,10.017846021704564,0.6802325581395349,,,4.888752673587564,9.047320349548457,3.1110587918819146,5.071197031536203,0.10036265278740755,0.06453799372718184,0.26577031295656023,0.31523902723000274,0.033131478096128576,-0.049468714273442516,0.05017456514836416,0.5380181316072677,0.4988180457580749,0.13736056394868904,0.03920008584919282,0.40810312675222904,0.37209302325581395,23.07373663733104,7.189342167040534,1.0221159189630717,-6.5018103557070575,0.6660341575651056,0.0,0.5751473733632427,-0.0,73.80803104941037,0.09714285714285713,0.03,5.427201322243953,0.6329597000082732,42.165929870203286,2.6977913010747634,671.7819271934072,208.38790470418368,1746.3538724567923,301.69332147524,2742.4898220104474,309.3456245976233,1035.35394740852,0.1474462083393039,0.06646545753318585,1.3726649933270576,10.485922649829611,0,FRIENDS
2_607,300.01461451224355,86.81550922948338,297.9294876219333,0.03309457285260493,0.13223875395907878,9.019948906838525,0.25773195876288657,,,3.9893256140033473,13.136087485689004,9.56940450254694,17.349826994716697,0.10573012133117374,0.06478571201589238,0.581364038152797,0.5055372764430968,0.2409657986707497,0.07582676170970026,0.23788355085584145,0.0,0.0,0.0,0.0,1.0,0.7755102040816326,13.419593036611914,0.9973314035008368,-60.93971073342819,-10.013190054087051,,,,,,0.39999999999999997,0.39999999999999997,11.273464007637793,0.21757131728816853,21.428571428571434,4.968906250110839,996.2380756873472,436.69555009488033,2211.345868736885,438.61404450463266,3296.010394922659,487.8249590504998,1149.8861596176557,0.1404434298201351,0.06468840047923559,13.388869144543712,7.89892208420737,0,FRIENDS
2_33,306.7821201865781,68.38325130151156,411.55735551520684,0.02537688485874339,0.12183027575487489,6.451547272255631,0.5360824742268041,0.0024096837989464478,0.030732744285681922,5.936113328753644,8.570011478336973,4.287350185583064,9.697738736560417,0.11291423032701708,0.08338710871651203,0.48006952179304235,0.5065723609983358,0.20795204272240886,-0.02650283920529345,0.06267329729840632,0.6273548509302922,0.8061246647020552,0.05783149319662404,-0.17876981377176304,0.43085223533633843,0.5061728395061729,23.810378550631345,5.117339076511762,-2.048375011927923,-1.6875575994967145,,,,,71.02088387802672,0.11,0.1425,5.626891074534589,0.4743075820222614,35.18878940968705,1.8621186763555233,758.3239223377569,201.56236771435152,1608.6167509645832,413.50581968291823,2912.3664401385736,301.81189374616844,1077.0212589004086,0.17880049580463123,0.10378856284800506,-0.01992797041612449,11.68226938072859,0,FRIENDS
2_44,129.62434448487946,25.868900179656382,126.63860596314451,0.02468115918254555,0.1828450576153053,2.66587113757313,0.45357142857142857,,,6.343903842465315,6.88148326073577,15.074734897072297,9.382055266747976,0.13969399971171126,0.04885407740049463,0.30343488838550725,0.3764475127877049,0.3241270827295289,-0.07301262440219763,0.04042266167130193,0.6844726949095996,0.6841911750312887,0.3015113445777637,0.00028151987831093184,1.0,0.5642857142857143,15.60966970014919,2.4670737165142893,3.7516132064153,15.772718410049382,,,,,174.60317460317458,1.1800000000000002,1.1800000000000002,2.7428136951354842,0.5768246135496642,42.39450307375142,2.328376029088852,751.0175910275929,199.0548381246563,1644.4144625159133,422.6786896970268,2809.668833293991,328.6805477685236,1029.3256211331993,0.10649150898004574,0.03137623769843935,8.630727908289415,8.719809486783102,0,FRIENDS
2_189,167.2721281380827,57.82334020624475,469.2604797000125,0.02792174244817534,0.13181458567437718,8.10836927971311,0.5988909426987061,0.002646821235459711,0.022628966838125892,6.4338235294117645,8.013592911737845,3.47679495355482,5.498972777061357,0.12476600385290555,0.05960126955163388,0.32910091219100057,0.3742799366904834,0.5100613704506707,-0.0451790244994828,0.03517618972528336,0.4287957601198314,0.5972226253111317,0.3634218921558156,-0.1684268651913003,0.23149611205581744,0.4944649446494465,17.43379440546479,4.044117647058823,-0.905157795831373,-16.392261451664233,5.291346902409586,5.505593763861931,0.9191176470588235,1.0,89.76302158910855,0.11700000000000002,0.1742857142857143,4.77326714358413,0.6284498426875192,48.96085009192615,4.20800045150846,755.8064354010098,376.9375037644332,1872.0722141944696,512.9959689600574,2988.050334282477,440.79818735610576,1116.1219494407337,0.1275008481177933,0.06269828736912689,1.6692382322000567,10.25804266767917,1,FRIENDS
2_232,283.8268648221546,77.61629157288448,370.40452375830614,0.023627413522788646,0.1179607012242985,10.449229868813783,0.5203488372093024,,,4.026031613542699,14.937196133275789,3.0834390791132096,6.004461358197738,0.08924379889221071,0.06408793984527182,0.3390396091855024,0.49174897033332104,0.06079554722698314,-0.15270936114781863,0.05920882212214451,0.6844726949095996,0.6841911750312887,0.3015113445777637,0.00028151987831093184,1.0,0.48255813953488375,22.01135732978135,5.176326360269185,-0.5500886442588885,-3.208858660836567,,,,,62.177328843995504,0.3066666666666667,0.5333333333333333,5.924985742917871,0.8428521859514856,69.2146628224012,4.408897901621913,708.1969885568623,295.695261978074,1834.7484581269794,392.2174433325714,2858.601549283222,446.48578319970557,1075.2022803631799,0.16525111958914393,0.09323632322913954,11.999296081087623,11.465994855748505,0,FRIENDS
2_400,130.3473611650654,72.38630296424344,485.9348242315924,0.01790088876197015,0.15391371624182246,5.386387736626095,0.45688073394495415,0.04509425214837715,0.1380858472237639,4.924602747884493,9.117436612729596,3.412530313438237,4.959304039707916,0.14322350954090593,0.08954299909278092,0.4249344367909252,0.5253373042062249,0.07388176557069268,-0.10040286741529975,0.1956321261528733,0.570582759296951,0.5917835216376941,0.20359463942371506,-0.021200762340743085,0.5165343517546304,0.6190476190476191,9.353575522572017,4.559817359152309,-0.503241106820065,16.136272654489307,6.4328819516961255,10.287560009714861,0.9119634718304617,1.0,68.64652014652015,0.156,0.194,4.32110018091106,0.4948176674709911,44.50923629722069,1.3976433500571035,819.9360908980822,414.8625193950476,1859.1800134024504,464.00903971476276,2916.6079939649953,454.2486498023078,1048.3359515334569,0.12102840531668042,0.04880816612979418,-11.563554958463985,9.037886766766801,0,FRIENDS
2_230,200.0710555689095,64.85528569670666,471.80741992949885,0.02674280786119946,0.12300326736164835,8.527389593251009,0.5951219512195122,0.01724147560341168,0.19097805806766308,6.765434263297465,8.499716945843893,3.7095213875873263,3.744266820565626,0.09998401468532168,0.06040598252753167,0.3022221809125413,0.22872573634664237,0.03872015463311828,0.07349644456589896,0.08354004691520611,0.44517578936578994,0.48143563444967924,0.3015113445777636,-0.0362598450838893,0.44211410869774026,0.4682926829268293,19.629609298421038,3.86596243616998,-0.01629404610041218,4.9831998285665655,,,,,94.2089522146911,0.14545454545454548,0.225,3.971922933209493,0.41932367265570025,43.80772891882825,3.1429784783497534,641.0086063277893,335.74522428051876,1940.078019895971,426.3778367533376,2897.3006927136407,361.4948430183843,1128.1460431929258,0.18211142885362727,0.11202801563947254,-6.185392504703472,11.744668352828834,0,FRIENDS
2_180,365.3765913168221,93.12878668698717,403.2328480432424,0.031496447626359746,0.18843344669176443,4.4784871971748075,0.6369426751592356,,,6.875,5.208518085853676,2.5920291021756827,3.3444061911434324,0.183236377466747,0.19174736226180178,0.4662669809695029,0.472059637928269,0.288823744712556,-0.005792656958766074,0.10593864865956337,0.4974689727663908,0.7411538606056467,0.16903085094570333,-0.2436848878392559,0.35231453762200304,0.46835443037974683,26.63124440038244,5.625,-5.78872664967434,-23.24494429834028,,,,,74.36928811928811,0.05,0.009999999999999995,3.0509460405076583,0.2843560051371884,37.283415552805494,5.57886687962415,736.1929507486659,161.81955920631984,1767.859044445647,166.7806399289282,2823.0004816973383,203.1245442016847,1043.403765474336,0.14751150323108067,0.1092373440671311,-1.2081524825193257,13.898227140333244,0,FRIENDS
2_270,266.1341610835802,145.79180802376607,360.64081394408447,0.010236562862389177,0.11054988199220205,7.963862453663445,0.30526315789473685,,,5.094967419936227,8.920951649460704,3.0789103539666516,3.10958077603457,0.13193696226068294,0.06508957768079893,0.42297686924521866,0.5065018895993502,0.16903085094570325,-0.08352502035413151,0.31931674921258635,0.6844726949095995,0.6841911750312885,0.30151134457776363,0.00028151987831104286,1.0,0.7083333333333334,10.376140358584522,5.094967419936227,-21.9012431741281,-8.199556755260588,,,,,156.04395604395606,0.15333333333333332,0.36,9.215724110473452,0.6153864637833418,55.25350199679701,3.938104262755438,790.6356366321105,216.4692987553948,1839.8595330899313,209.14196206583526,2877.1125428325013,309.79898507684044,1043.238453100195,0.14398967540605054,0.0726339233493868,-15.5361161687296,14.257439616963051,0,FRIENDS
2_550,178.37877273607035,75.70608801328187,314.25627634915224,0.023436916047313648,0.1134627816267766,2.4068878436828087,0.4,,,4.9054505005561735,8.110333253295218,8.085515302915454,12.218875696864115,0.13231026342798563,0.06542300180148913,0.5316088789131042,0.3004815619699514,0.4708709557974188,0.23112731694315275,0.15767455883995707,0.6862772973167722,0.5981823567786855,0.10976425998969036,0.08809494053808675,0.5754688941429069,0.6777777777777778,9.121641134691089,2.725250278086763,-16.474624200117443,-18.967569455697642,,,,,89.73063973063974,0.10333333333333335,0.11,5.056663911795548,0.733429527120503,83.80678888668794,3.575403252005149,770.8950819189179,201.88325811277875,1664.6231729015988,358.0122517187857,2888.84806121001,287.62496790998404,1058.9764896455463,0.13017656409268322,0.07617324816600181,-6.378231426309496,12.63806588798741,1,FRIENDS
2_454,194.2134819025179,36.54989629677864,156.80341635955244,0.015151027284034701,0.08776375717009388,8.658927411669127,0.2095730918499353,,,4.1208694941188835,11.313800810474659,0.5513092521753821,0.7863379440834536,0.11067123215026903,0.06283800999272936,0.4926718568853651,0.4565286899720466,0.02476127591208911,0.03614316691331848,0.18919221258554486,0.6708287792946942,0.7341739268477375,3.925231146709438e-17,-0.06334514755304332,0.3628499245412087,0.8191214470284238,4.951169031960948,0.2575543433824302,0.1254737627443472,-8.236141926558794,,,,,100.3784503345907,0.6415384615384615,0.718,6.320214690076351,2.0208243075144052,47.110920654836505,4.812284334914637,889.7260343167218,280.59443471336806,2054.9895170346813,393.82771158426505,3093.161411609508,321.902953986532,1101.717688646393,0.13023225743158368,0.04372167725451999,-2.645595689292333,12.320161863262932,0,FRIENDS
2_151,196.5450205386683,48.753801910647766,171.66038023449858,0.016285169004072148,0.15695699787437759,2.08842631079442,0.5714285714285714,,,6.343903842465315,3.489925226770125,20.58810306307741,14.867904924286346,0.15654289634955337,0.12804267690853077,0.5289905215716248,0.5799326443403883,0.08320630954070128,-0.05094212276876342,0.08846957689424562,0.4803096739651024,0.8128463518094615,0.14142135623730953,-0.33253667784435914,0.5118498451105228,0.4642857142857143,14.235701118906348,3.524391023591842,-1.1093174059951794,13.338284596281111,,,,,86.90396056706217,0.07454545454545455,0.045,2.9044159901615387,0.39736774770875516,35.55411986137016,3.073190329836794,807.4394286683129,229.34539165887472,1787.7749272515132,239.42446441660866,2657.8161141527635,301.0219883890467,925.1883427422251,0.09758088396429226,0.030239031163536663,-8.728365731497533,8.801202187340342,1,FRIENDS
2_439,241.12105584164547,90.45294916374385,505.7568317423669,0.015067531009689576,0.12484810905482537,10.289253386039364,0.7471698113207547,0.004344347058191029,0.07871655979170242,5.2082806094042615,7.945302182033417,25.992480001350287,40.55232876620563,0.08138912474535943,0.05308102720526763,0.3057137099703161,0.4049860446668011,0.02963044254729796,-0.099272334696485,0.0797601069469952,0.26124069291031204,0.4290759363995462,0.0,-0.16783524348923418,0.3719239275348397,0.3533834586466165,23.852982693120797,4.464240522346509,-3.41169057540239,-20.273684326887924,1.0953904009780646,1.0994850471698239,1.860100217644379,0.8112781244591328,64.7165306235771,0.17000000000000004,0.30000000000000004,3.7981960635243492,0.4416980692257874,47.70805697703593,3.8596874488316324,760.1959998625588,300.6806046062404,1714.0801379743511,367.03480054507617,2795.2235690119373,434.6881102513277,1017.5137845746897,0.1756973909944445,0.07471947794047694,-1.6912042024290972,8.529550795308632,0,FRIENDS
2_385,325.495763737855,56.45760446840793,215.59624164720924,0.02793187092506291,0.14262268770949152,6.294331238022361,0.6494845360824743,,,6.981319824505857,6.058745302018954,2.478239411243721,3.5601478963274014,0.11403357333003254,0.07588104358014912,0.3365223032528403,0.4548782788627189,0.11282661216669025,-0.1183559756098786,0.14296991798060155,0.5503956813390437,0.4153246348674272,0.19245008972987526,0.1350710464716165,0.5578858913022597,0.3469387755102041,29.470741901105164,5.983988421005021,-2.8783391270411207,-6.148286141220918,,,,,50.378787878787875,0.053333333333333344,0.0,4.1127620688769015,0.2483155683957317,19.103030303030305,3.494223929568453,750.1240928070252,178.37581612979625,1936.8681429635963,380.1351151427237,3061.6108599278377,263.7597685289169,1155.7433835604065,0.1409314434063117,0.06000212257851345,0.10285945925775047,14.479564055626547,0,FRIENDS
2_547,214.48047969866965,68.89427571616933,415.0383636762725,0.019632032347956418,0.1226611641732037,7.146351375217989,0.49361702127659574,0.007357074295943642,0.06938495921091718,4.6037771661763305,9.595798755366765,7.553136358077561,10.355432561550654,0.1274012105206715,0.06524565744141,0.23695729267513096,0.3573576904951297,0.280056016805602,-0.12040039781999876,0.04838306638519596,0.472332502806591,0.4122394252209672,0.0,0.06009307758562382,0.39869969022104557,0.559322033898305,13.368748722497575,5.022302363101452,0.6189027488193314,2.121426596828293,1.4693254676315481,1.4693254676315481,1.255575590775363,1.0,79.20841063698207,0.07428571428571427,0.13333333333333333,2.5482666038550716,0.3104817095526869,37.32055784123604,2.8621500746243815,831.2830932728531,360.00518447282457,1832.4073749004401,557.6404696982147,2938.6365295874134,437.4863006903699,1053.67671815728,0.18181523439991593,0.1038100263364024,-3.8578628560154944,13.849099004058717,0,FRIENDS
2_65,218.40309589023053,29.925931600118208,102.36762697950132,0.02333387077032387,0.11537846855721332,9.035604505752438,0.36787564766839376,,,5.095085149155441,8.814795133643809,2.2858788404863377,2.787908086954213,0.10622576265505311,0.05661443221039509,0.4468537039893283,0.40633952169064125,0.14973818705886996,0.04051418229868703,0.1854893123770065,0.520499280060112,0.5707959121751462,0.2672612419124244,-0.05029663211503421,0.5815855815233053,0.6597938144329897,15.769354032984657,3.5665596044088086,2.417635719518829,-2.5354368561062195,,,,,104.41245029480324,0.23333333333333336,0.30666666666666664,13.001286591454502,0.5651809159014883,45.796547278641164,3.6510743809189705,574.3381830773445,226.42279041681286,1885.0201685611653,346.27207169080003,2809.7723541956034,361.29561793341736,1117.7170855591296,0.16544578925245423,0.09005104861317587,8.595314763593851,7.316651045387941,0,FRIENDS
2_251,397.4805391620385,91.24452604453877,476.5364681059631,0.018185542361465273,0.12940797651571323,6.349594060376621,0.4470588235294118,0.0028479111954052517,0.07297194341108044,6.405228758169934,8.22374650572914,30.244974081494444,41.142006351094864,0.09393399556699716,0.06493958360972452,0.34539751612641967,0.4978505335774998,0.07071067811865474,-0.15245301745108014,0.029145105490963497,0.4881468947524118,0.8299889813731058,0.1414213562373095,-0.34184208662069404,0.5118498451105228,0.6,22.028734339547473,4.949494949494949,-2.5248512353221604,-13.09193031427123,,,,,59.92262920156658,0.3466666666666667,0.16000000000000003,3.962630066774069,0.665143211467657,52.843112714648456,4.044924345029117,802.8094056880764,158.1038487640651,1796.8304217439654,355.1649077909132,2946.9245721757325,271.3578251349833,1072.057583243828,0.16139060743054925,0.07995507740263624,-6.782843580838684,12.925496752303406,0,FRIENDS
2_205,377.6135743252175,76.95880996585551,430.76434220586066,0.02472640208876958,0.1649514704367472,4.341832638792375,0.6134453781512605,0.0047518814912219905,0.11469575341684538,7.488867644469043,4.621439844022204,11.749652521748857,11.80469282430914,0.10706084848359605,0.06787098970870323,0.42125748471413665,0.5204343385712193,0.13345201011101865,-0.09917685385708269,0.2852939513838548,0.4754002625327356,0.5800482449553703,0.1952833664712358,-0.10464798242263473,0.5210780625060034,0.4748603351955307,17.7169016048433,7.488867644469043,0.8477064578978151,-3.5956648472698953,8.050629979363501,9.773571918247388,1.109461873254673,0.9182958340544896,89.98182931619462,0.07846153846153846,0.125,3.179500833629166,0.3739488603207773,31.96049756472363,2.9550359304614253,877.8139236432298,202.19625145883052,1714.5285535807877,271.8163741002295,2834.4490432296225,256.89313938495343,978.3175597931963,0.10762159365133823,0.04440796058177866,2.614979684704546,11.451261146805567,0,FRIENDS
2_405,219.18333812692848,45.43400419264522,274.0584145743336,0.02632262157613798,0.1507655682195737,5.799982585761734,0.6639344262295082,0.003284059736490166,0.10166922309952285,7.27362691736764,4.9361249264316385,29.61760218000956,39.81433629048779,0.11822852214675675,0.069567874625078,0.47923118457848585,0.4074068840269425,0.13959076140742263,0.07182430055154337,0.1396968107439288,0.6561926068355547,0.46062833643718815,0.2480694691784169,0.19556427039836655,0.4849487702313251,0.4098360655737705,16.669960948608544,5.657265380174831,1.8763670037771802,15.05526817863132,0.1683066503313757,0.0,0.8081807685964044,-0.0,90.97572718262373,0.05555555555555555,0.009999999999999995,3.580471999308775,0.24909749611317644,21.659431785201463,3.8278229156446044,765.2886331233149,383.5197194834799,1788.4930223399583,432.682952232307,2828.677560280442,519.6819868146715,1031.6944635785635,0.14557397645219267,0.06264017631124774,-3.244943952103325,11.337408017838246,0,FRIENDS
2_375,217.57211431399983,35.22677871110057,182.61517781357827,0.022392354195613678,0.14897030412663123,7.704684721905339,0.7909836065573771,0.004781216641904882,0.139801359993985,6.869536533069438,5.786791902041249,4.787372326294625,5.367832543083679,0.10390197655496719,0.05716720037161012,0.4313568523943453,0.6891423212508831,0.07957114669254917,-0.25778546885653786,0.13662592273731355,0.6067346046393691,0.7216718599037014,0.2975308222082788,-0.1149372552643323,0.5663525738545832,0.3442622950819672,22.77125830653303,7.677717301665842,-2.5944364157679383,-6.8062100875111256,1.987560330655075,1.987560330655075,1.2122711528946066,1.0,100.58922558922558,0.08,,2.0410873985548768,0.3752168529478383,50.50533121431495,1.4363967529260802,763.6943465754571,324.31017859658573,1805.1585100442103,420.09343210663167,2909.8999300817823,525.9110769773055,1073.1027917531624,0.17051353696602073,0.09228164299506249,5.603577087649139,11.162427639084651,0,FRIENDS
2_72,149.04211914183642,54.43300003121042,458.9270492834348,0.01746784934527792,0.13505537170904305,9.039441504577887,0.4327666151468315,0.04176835196185792,0.09187915717894964,4.764344262295082,9.260195916073528,1.1849253815131215,2.0686843351616555,0.12558963032767123,0.07065584008960447,0.3585563955660297,0.347784253128353,0.19419586501006814,0.010772142437676713,0.3114144582999284,0.46186998798269935,0.4029293725762996,0.28306925853614906,0.05894061540639972,0.39727065323217214,0.6512345679012346,7.363441926783956,3.8422131147540983,-0.3822736375881915,-22.025654109199102,0.8672698823862236,1.1589317576492284,1.0758196721311475,0.9182958340544896,102.36795142927808,0.37999999999999995,0.30000000000000004,5.492673106286885,1.410680575166591,36.309794176447376,1.2763024770328024,925.7789115375315,438.6258836897788,1967.1574157027062,544.82737469741,3109.0654300704746,480.1900549262384,1091.6432592664717,0.12086311402900107,0.05895522485236257,7.340584145617984,11.960442131516098,0,FRIENDS
2_353,125.31174208575297,30.749627119750123,106.49298722542102,0.022681030641729296,0.13636571983453344,6.600610811361395,0.4740484429065744,,,6.158740010861975,10.89723491871554,5.445542845623503,6.525578784117948,0.14230530564561056,0.0716434804257602,0.5306840267308494,0.5364530461288064,0.23008949665421113,-0.0057690193979570425,0.031497101947951744,0.3831497453646438,0.586107383135417,0.2705008904002297,-0.2029576377707732,0.32513047342623946,0.593103448275862,11.4789384563981,3.763674451082318,-5.132925008411375,-6.749369221491495,,,,,74.64347682392797,0.21750000000000003,0.43333333333333335,4.0644915094737435,0.5321643831745381,38.167408974623704,2.087116461915363,762.398559325473,393.51302584218377,2011.1695626271583,607.5383961687256,3083.984546237231,394.3553272500676,1160.7929934558788,0.12516542355136798,0.06816260178069389,0.23440989328051628,8.842540658197162,0,FRIENDS
2_517,237.1572234397227,48.31375551702609,127.89238652977741,0.012746527797479892,0.08385421818987722,9.15491421970115,0.27835051546391754,,,0.9973314035008368,10.878521216038328,3.9441252953743593,2.9138479441923155,0.09005605307781615,0.04287493305477621,0.494667111741149,0.5042535503256841,5.331497881565454e-17,-0.009586438584535062,0.34371816151533297,0.0,0.0,0.0,0.0,1.0,0.7142857142857143,5.926964633801187,1.9946628070016736,30.474577012609647,6.578283735851989,,,,,85.71428571428571,0.66,,,,,,822.5638042997764,174.51658489443017,1917.9379147575066,219.75942114761773,3004.090383838571,294.28793281165906,1090.763289769397,0.2011502746417159,0.07742188244446116,5.999017229159601,3.8838030577872567,0,FRIENDS
2_521,195.1249391276257,9.431065875881353,36.69978016273396,0.006523461598488774,0.09479430092066708,9.034552990808038,0.8918918918918919,0.0028063294590799583,0.07901237682509628,7.400984560304319,1.5367234056972783,8.748641702533144,3.226331089158288,0.08178365783568485,0.031138358918474218,0.30165308307779076,0.3578082798188099,0.034773407121036014,-0.05615519674101915,0.5024050200471739,0.6844726949095995,0.6841911750312885,0.30151134457776363,0.00028151987831104286,1.0,0.2631578947368421,12.804465784640046,7.400984560304319,7.624037843370943,2.416791897556635,,,,,,,,0.6520059408753625,0.07692307692307691,15.384615384615383,0.49598218027275465,915.9627270734293,73.85068791505797,1474.620481650781,31.667187711422628,2849.3704959268107,200.85418072884826,966.7038844266907,0.20960210264947612,0.06392302664363805,-7.04101371503294,6.747785600816564,0,FRIENDS
2_499,250.7078183017523,54.60494437997906,209.97411984675713,0.03522291497501905,0.16512672009382778,2.312890731899733,0.47297297297297297,,,5.941794664510914,7.233075434648089,4.989087224982373,7.106387268994715,0.15459956053243656,0.07531171254241714,0.27442920751418176,0.3880123692064937,0.5242224339966226,-0.11358316169231192,0.11649314515592568,0.6541250212791393,0.5145492879638713,0.5488212999484517,0.13957573331526796,0.5754688941429069,0.6081081081081081,14.441124071173478,3.3009970358393965,-1.794940301826364,4.807185457669688,,,,,59.10364145658264,0.2,0.23,2.3667207228274307,0.6518135112379015,48.28743325287105,4.945295395393956,674.6632274677683,206.4558865611212,1876.1973494993251,274.8838859564538,2825.7052998732343,265.4168947202467,1075.521036202733,0.11537125396665383,0.07361952410896623,-0.21479457123761053,15.4567236331553,0,FRIENDS
2_317,343.86912674081157,101.3685128504493,470.39616002228274,0.02265591718306397,0.1180643378346298,9.891685687662303,0.524822695035461,,,5.625,9.734746666572393,0.9334563970884929,1.218558720488777,0.0915630125200921,0.06917334045092033,0.1999300089447854,0.2731875097179639,0.2350464053838808,-0.0732575007731785,0.05237851349197853,0.7149768899648309,0.6523300910798955,0.19611613513818407,0.0626467988849354,0.7736996902210456,0.5047169811320755,14.621951794978044,4.6875,0.17046876413148881,-1.8051181428568501,,,,,99.88467563333873,0.19636363636363638,0.15000000000000002,6.336378351640983,0.6708549882748551,52.65687796968166,2.987219524676892,851.2427614763133,347.96831158055824,1947.4375434894318,356.5733631456661,2990.417258322165,391.0313556184863,1069.5872484229258,0.1580478735443379,0.09037520605968703,7.652342403159569,10.688059110713661,0,FRIENDS
2_393,306.2012244204258,36.11694796501107,122.00662768749024,0.017979670555134334,0.0805041299051226,8.232440662201338,0.358974358974359,,,3.7004922801521594,11.733160283790037,7.865340953668157,10.295859093954839,0.06250978346818768,0.02827521580341669,0.49397622290571264,0.5156666584699511,2.6687650634982887e-17,-0.02169043556423844,0.23194890165938964,0.0,0.0,0.0,0.0,1.0,0.6410256410256411,11.199616736810482,4.9339897068695455,25.19327568551707,6.906877914303394,,,,,,0.020000000000000018,0.020000000000000018,2.886691004049787,0.028571428571428595,5.714285714285719,5.361928973086525,1002.0533196154722,598.1776185038985,2384.5576403371133,397.78554282578534,3330.842370761133,483.25440628969346,1164.3945255728306,0.21282741501358862,0.09221586111610483,18.97201026050779,7.513404688527163,0,FRIENDS
2_254,167.6781860056512,25.683889957481856,149.17129458706984,0.02740106598804338,0.11330959176651449,7.035856436158283,0.6733870967741935,0.009079954456930434,0.12970601120990022,5.561360524609066,7.76544030165536,37.072701833347764,40.0200567637952,0.12259094763123903,0.0661315173469243,0.30384112126420076,0.346654403876389,0.0300798174147256,-0.04281328261218825,0.23201224065320702,0.3113213827334202,0.4185074145266037,0.04127441717064981,-0.10718603179318353,0.549693801585226,0.41935483870967744,34.02354212024662,6.753080637025294,1.8903408798928392,11.157911151593865,0.6583706618540415,0.40180327647354197,1.1917201124162284,-0.0,113.3715775749674,0.12,0.12,3.6364730648019465,0.7217843833435013,50.7510362444573,1.7699116956788983,648.1453296171192,204.6574571317856,1925.796656791264,310.56435930424095,2800.4112136328927,238.40306950999016,1076.1329420078869,0.16195993369838443,0.0643164730575131,-6.415932253358902,9.227087970159262,1,FRIENDS
2_407,225.81843057661163,27.59234830719871,118.86004171115522,0.01595798720224949,0.16333337113335972,5.666692089040584,0.9407407407407408,0.015065939248002463,0.24970364904430392,7.9326923076923075,3.2806110246926075,13.567670200561476,14.95110732351106,0.14009557778223936,0.06734494389466444,0.33305304146689935,0.35781545795574343,0.0318464877649241,-0.024762416488844086,0.18160402985636814,0.6378368977615049,0.6689740153748402,0.35220822379863936,-0.031137117613335374,0.8349570522806569,0.16176470588235295,33.207061094765315,10.096153846153845,-1.0907481037471427,-4.186232290832034,,,,,87.50000000000001,,,2.612461747889198,0.2960017999214054,33.076799204077034,3.0207444055657735,669.4860555812012,138.6546408617042,1870.5592717406544,309.41822147973187,2740.2497020764763,149.26587297728844,1035.3818232476378,0.1540509419610619,0.04319190398790294,-11.8708957120692,10.948628934434227,0,FRIENDS
2_94,175.70348019280482,52.94795887146464,218.73829067844406,0.019623492934402034,0.13178287707723468,3.784533082595368,0.41743119266055045,,,7.211479497976371,9.303006358450832,3.0109347396171957,6.27249395871252,0.11209475917179178,0.05743762666774368,0.3617971114483664,0.3349477073306068,0.05862103817605493,0.0268494041177596,0.25502595968509867,0.507175974512302,0.47078590371279283,0.44721359549995804,0.03639007079950918,0.7210570543488701,0.6055045871559633,11.568217202716635,4.957892154858755,6.851761824637216,8.574765314447445,,,,,52.34262125902994,0.1733333333333333,0.1,4.8364713092822775,0.36503974505111614,42.73062717910155,3.602321293279574,676.0362236473674,239.0507630992412,1703.1802665019463,245.58950548755908,2764.790425767457,319.6824224670779,1044.3771010600444,0.14580331857138534,0.09011391813495061,2.0127474338678795,9.775218348757837,0,FRIENDS
2_198,425.3718735365562,159.56245153891905,466.86864302131085,0.10109188562662642,0.26035351847816046,1.0473633507160542,0.15827338129496402,,,5.596979407938573,7.345957164991619,13.70066399271221,16.157873869730615,0.4875657625539883,0.5509132007075699,0.26405405178337293,0.3142873610169567,0.24096579867074958,-0.05023330923358377,0.27616910421742347,0.49691745703685375,0.5107274881122085,0.140028008402801,-0.013810031075354723,0.7438478550696795,0.8857142857142857,7.629586174699301,0.0,-40.33322458307915,-24.983745013281517,,,,,111.1111111111111,0.2666666666666667,0.31000000000000005,5.904511082535885,0.3374628782749359,43.47830464109534,8.454233074185527,759.3838581113735,275.81216203509575,1929.7972041315743,400.7764940690555,3036.5156767581316,380.99848032899166,1138.565909323379,0.06663686347681386,0.014282004402740637,25.761066230171362,21.008251844550323,0,FRIENDS
2_365,149.18633648041273,119.1466685626404,475.2419930644474,0.01102557291553369,0.10820374021206496,10.440692547580012,0.42962962962962964,0.0034302890519704596,0.0746848158631169,3.662060718793596,11.079693931586334,19.99904391583174,12.074606488840114,0.12594440165152748,0.06094553750787856,0.30038207908191117,0.7175925595777148,0.09370425713316365,-0.41721048049580367,0.2450457973979614,0.40646668637303757,0.7364661139801859,0.19728096107143953,-0.32999942760714834,0.4093645858221452,0.7555555555555555,4.5324129277473295,1.4648242875174384,-0.24895810300220675,-1.4389225062671294,1.7976922639005215,1.9907721926810997,1.831030359396798,0.8112781244591328,94.78036175710596,0.25999999999999995,0.25999999999999995,5.4713787070449875,0.8794243563752581,61.09475682690935,1.5966269698423998,710.8748541475964,235.81800798683844,1741.5526230290016,406.94428212811437,2768.0652475967368,457.0205021996382,1028.5951967245703,0.1300211597858127,0.04191362005261765,5.405045052168566,5.681991835001475,0,FRIENDS
2_301,194.50557177023646,61.569246939883456,254.38203362696567,0.030276024856631625,0.16029028745034637,7.269339459985262,0.4899598393574297,,,5.931458699472759,13.82623273920156,7.302496448429645,8.001684914884674,0.1108183790841828,0.05413565630717772,0.5014087946121039,0.6667178685643805,0.1991886376285653,-0.16530907395227668,0.0666375851381994,0.8250548073612459,0.7616962478492463,0.140028008402801,0.06335855951199965,0.7438478550696795,0.536,20.72096083695024,4.745166959578207,-7.148649064565247,-4.986222509810757,,,,,103.6985236985237,0.22,0.26666666666666666,6.369654260940069,0.1778081615959726,19.451724687106996,3.667760201011514,855.2571653028713,370.001078068915,2046.298824194002,487.57327055926606,3115.8585108741527,385.96413912979625,1130.300672785641,0.12122114801342437,0.04893287909437818,3.633006364213618,9.140194264571788,0,FRIENDS
2_540,120.66461924396708,13.694376841359595,40.14630662406556,0.03404811537411078,0.1570762092819723,4.087374730692788,0.5757575757575758,,,5.51456796298612,6.684965458007077,22.260843921086508,22.846524573242117,0.196618311362273,0.08816910146099821,0.5463899915589726,0.6091599578921689,0.0803219328902499,-0.06276996633319631,0.3077432267459289,0.6844726949095995,0.6841911750312885,0.30151134457776363,0.00028151987831104286,1.0,0.4117647058823529,31.49116551585423,5.51456796298612,18.817231238519707,-0.43395853825284547,,,,,163.63636363636365,0.04,,4.977137356492193,,,3.0158367895360527,514.6502756599862,85.90039480828733,1854.4279195058568,172.26647269928594,2675.6018146096767,255.93376874551166,1080.4757694748455,0.09582541477856964,0.030656404384488377,11.082264204304481,8.953993771262116,0,FRIENDS
2_302,398.74440156923544,85.2421106532712,355.4630668098082,0.017451352747995832,0.11054139218637983,6.757154872885482,0.5056179775280899,0.025960218644132404,0.15349404822474128,6.0267857142857135,8.564571375241785,2.084241875410388,3.3471630551332026,0.09193289288683434,0.08086878951336048,0.518538643286692,0.6158611039406128,0.15328483487124145,-0.0973224606539208,0.08159872145193892,0.5443511768325755,0.8018526187294654,0.2981423969999721,-0.25750144189688995,0.6508668731859697,0.5246636771300448,16.693663358916517,3.7946428571428568,-2.1548631818072455,-2.34034865761954,,,,,80.44529176692919,0.152,0.2,3.3711161222675696,0.43383423653005176,41.65155810515534,2.340210045598636,752.4725157938958,221.38412063445875,1860.6541397433832,312.54483602966775,2917.9626082967543,274.59037761057226,1082.7450462514294,0.1546843308197071,0.08633655221668593,4.662646907338058,11.792875979565544,0,FRIENDS
2_305,261.9659614831277,143.51911512711055,380.5577008173163,0.05088974267637666,0.20832286347019524,3.6846369995207526,0.42105263157894735,0.05729026272710954,0.256199989142081,6.25,8.047151102996636,89.20283121653068,119.88898223063848,0.15326539639775277,0.06699507536736679,0.20068519729224282,0.26920743978923184,0.014637978318623162,-0.06852224249698902,0.23308715191111173,0.2846408215447633,0.48461692718123217,0.09016696346674327,-0.1999761056364689,0.32513047342623946,0.6363636363636364,11.463204511950801,6.25,11.776833505020203,20.62418160757667,0.2756956726720907,0.0,0.6944444444444444,-0.0,93.22943722943722,0.4266666666666666,0.9199999999999999,3.6614290781666616,0.4725585115527586,45.018695184705656,3.145501150230324,1051.1181036025334,343.3297382081755,2003.7645036369438,481.64305681200847,3097.440933606993,477.408842033543,1023.1614150022299,0.09427655335420464,0.02173385512197139,0.6724311277262859,19.247617603067663,0,FRIENDS
2_27,266.73527897103946,48.602294441271596,195.79590900636424,0.019582954472326393,0.1595346013416153,8.197194650659956,0.4299363057324841,,,3.4605507205022117,10.401056774282115,1.2305122609485943,1.959138100257845,0.10963159800284861,0.06387715828711898,0.23033136303427135,0.24448080382962567,0.18376564945993984,-0.014149440795354323,0.07245619269391579,0.6072491600701304,0.5233581437984278,0.0,0.08389101627170259,0.5815855815233053,0.5987261146496815,16.589219022257364,2.8313596804109005,-5.406256343780964,-10.934771794640481,0.7516186943226462,0.0,0.6291910400913112,-0.0,107.52198676297347,0.21142857142857147,0.6200000000000001,6.810634236030114,0.3482511263136885,37.76419205777432,2.7452787871401783,668.1788716422184,188.87377914605446,1805.401795692468,260.78619387102833,2846.2739019639666,263.48723820586923,1089.0475151608741,0.1899227634590188,0.10685045334435546,1.2312864362901352,8.382294791534564,0,FRIENDS
2_196,370.9380987504589,15.907314710576927,63.99268915467752,0.026526473295370903,0.06976104516582424,13.61809162821894,0.43902439024390244,,,3.5156249999999996,13.885938696488024,1.5569759065372755,1.8502336698163009,0.0831496680079687,0.06445669354800417,0.33097905432939384,0.3707799569404705,0.03209152719028398,-0.03980090261107666,0.5409404226469525,0.5071759745123019,0.47078590371279294,0.447213595499958,0.036390070799508956,0.7210570543488701,0.6341463414634146,8.401992988811704,7.031249999999999,-2.3303430506367144,0.5041143195101756,,,,,,0.08000000000000002,0.08000000000000002,6.547088312954308,0.3684210526315789,73.68421052631578,0.2125398446784419,896.3674117291479,352.8999111598053,1867.366022897555,572.4389634286532,3212.8159197635555,344.7820863240065,1158.224254017204,0.21076043422884191,0.10495779450483995,-0.5903546465591659,10.152747782006891,0,FRIENDS
2_264,176.50908911296887,39.30743923828672,138.73243047246416,0.06691806959294115,0.22044941102623455,2.0506431873230375,0.4098360655737705,0.055507577765835564,0.16280700373284412,4.6875,10.108334493707238,35.0162703787941,25.343081562997636,0.16934575531571883,0.04582625005525419,0.29753929545198954,0.4050972148863116,0.06637233115999723,-0.10755791943432208,0.35846012595522525,0.548009441820319,0.44458027592327853,0.21055872190307895,0.10342916589704043,0.6153980709118108,0.8709677419354839,9.4562763042254,1.5625,1.2381470215318502,0.7516389484647181,,,,,84.44444444444444,0.06499999999999999,,5.289330047952241,0.31250000000000006,62.500000000000014,2.3042391060361744,715.0049941304434,225.05097958581885,1787.7196976913076,192.75795538255616,2702.2886711687415,290.2728947721753,993.6418385191491,0.10895013820411324,0.022888708386401273,4.959130035214401,11.669226080105807,0,FRIENDS
2_615,255.02399171663376,111.63983452841245,452.44842213857,0.025777538004535756,0.14297436087491966,6.160925995340504,0.5341055341055341,0.010264921370173437,0.11132260218336786,5.635226262872676,7.172749563036646,2.2570190846809344,2.678863889494543,0.12807149739743684,0.0752848453269333,0.4572647904332928,0.44979482666192805,0.06960997164655912,0.007469963771364774,0.057964045105519335,0.315084652816297,0.48493581571553657,0.3355780276070122,-0.16985116289923957,0.2618498451105228,0.5269922879177378,22.570712454491325,3.9702730488421127,1.3444708741925482,-1.6262397916832647,8.375485635650481,8.471844358950095,0.5122932966247887,0.9182958340544896,79.00653609063747,0.1980952380952381,0.2888888888888889,3.7554967639021526,0.8545028113519719,46.671557912260894,5.519472383482794,760.2513964995546,250.81555295941496,1786.3820740714164,299.8803531609336,2923.371799366939,358.83115046896756,1081.5602014336919,0.12379227373588364,0.06652775423727461,-1.112425052531904,10.929750368431655,0,FRIENDS
2_111,407.32147498868915,82.95597700535504,282.18041406441637,0.02395864307783106,0.17194918421658306,0.4476710753064723,0.2565789473684211,,,8.989516598718696,3.7208023055191797,26.82023389596225,24.034893762360948,0.1320545997611013,0.07614340844619906,0.4370398266178077,0.7025801263399749,0.4803844614152615,-0.2655402997221672,0.11577178260451937,0.6844726949095994,0.6841911750312885,0.3015113445777636,0.00028151987831093184,1.0,0.7763157894736842,12.1666471479196,0.0,-6.896712577960769,-7.507267745537889,,,,,46.2962962962963,0.26,0.22666666666666668,3.712834558334534,0.23465645237207444,24.563296464830994,2.668319998866355,894.7915354447425,152.7324537204884,1757.3020546348355,265.00324188490237,2968.2970907750914,260.16590136500605,1036.7527776651746,0.1148803854587232,0.04739484699509076,-8.763275741452311,12.260787116981366,0,FRIENDS
2_202,262.30967569302794,96.25690740509941,347.39936903545305,0.015177820351184205,0.11821628995357122,11.559434792611079,0.6739130434782609,,,4.075785582255083,10.733421133310033,0.498875248303273,0.36160779640663027,0.058182649582016424,0.04615915067937571,0.387417052496135,0.37734187858775686,0.24096579867074963,0.010075173908378143,0.5657815926527311,0.5071759745123021,0.47078590371279283,0.447213595499958,0.03639007079950929,0.7210570543488701,0.4782608695652174,8.858743932467762,6.1136783733826245,-7.8820020078073965,-1.1217030187104733,,,,,,0.06,,2.43123457076927,,,2.146823354650861,672.4351269356048,251.13184122558178,1956.3809123957865,285.6454835207626,2848.075410633238,460.26176305671345,1087.8201418488165,0.1863366284644475,0.0680071770595272,6.386346244690764,10.11956460256963,0,FRIENDS
2_577,163.48382309841716,78.33159622891006,483.09267050590796,0.017272465321098624,0.16407746213982902,9.751641775497362,0.4903758020164986,0.006404495921934669,0.12491856726288214,4.6600722703840605,9.623634152188787,49.95152486621097,51.383916083383085,0.12122635790960704,0.07159629090019948,0.3034997427093673,0.31115059464189915,0.0821019721141927,-0.007650851932531844,0.13710088126777686,0.5598607490113489,0.49738139085156646,0.1456085736852353,0.062479358159782394,0.40414383363452355,0.6117216117216118,12.927265580233893,4.6600722703840605,0.1552106651573079,20.04913494065205,1.7239878391027526,2.676206227769948,1.2792355252034675,0.9957274520849255,107.65063997885412,0.36631578947368415,0.41818181818181804,6.201615510681039,1.207068464309222,59.48033520612849,4.533864671596911,639.8129640133617,210.56652439832757,1658.7063012842336,427.87107197718393,2882.698190797239,414.97025177796127,1121.4426133919387,0.14193298618548172,0.053053904474661885,-2.2242408427099987,9.93944248732536,0,FRIENDS
2_467,229.0841639144571,41.85750639753724,144.77412314041942,0.017264184418674392,0.1483876023265162,6.693417512259884,0.49044585987261147,,,4.375,6.185511216635502,6.807401048219697,5.176183448512663,0.09926880151752307,0.050748391299282915,0.49642991364688244,0.5912902609515485,0.2090199042874853,-0.09486034730466603,0.08695846283550734,0.0,0.0,0.0,0.0,1.0,0.4936708860759494,16.036340693510525,1.25,-5.78129552812189,-6.773623289138172,,,,,62.56493506493507,0.039999999999999994,0.04,3.1577855342668193,0.40906879385564104,54.181755568349274,1.9811039349041586,669.2429271773736,106.09843474195522,1790.4797533608184,270.5727981477069,2844.5882238855693,298.6496319346993,1087.6726483540979,0.15512597865496264,0.06919143173959699,-5.946082383185683,9.084259146706508,0,FRIENDS
2_526,256.56836771435,125.92955023402948,432.8320386301126,0.03703830562297042,0.18680336372256057,2.2759737003667753,0.48623853211009177,,,5.859327092105802,7.140119098195115,2.838288564528387,4.023059327957582,0.1388526673074807,0.07528419845854577,0.21652416603616817,0.2760565948501795,0.13333333333333333,-0.05953242881401136,0.08011010420661402,0.5071759745123019,0.47078590371279294,0.447213595499958,0.036390070799508956,0.7210570543488701,0.5229357798165137,14.745632425334607,4.507174686235232,7.109983954539688,-2.9564412378690683,,,,,65.54621848739497,0.13714285714285715,0.18666666666666665,3.1366119140074002,0.32673428526595716,43.84167051044216,6.252912019118428,745.9879537146061,210.4124256715096,1652.739407443434,141.26359874942054,2929.936614672459,195.17199686370972,1091.9743304789267,0.08209671897730185,0.015544543016697134,-0.16213490894885793,17.16727591174561,0,FRIENDS
2_257,416.8348827553874,100.94038932897607,395.06537669134894,0.02115627702973846,0.15514910482866884,5.640637235134741,0.6090425531914894,,,6.3201643338269715,8.064849664058638,9.452074044240307,15.70654000194904,0.13757099560966973,0.12155847189080123,0.7225139568167146,0.5124312297462214,0.03734568434866355,0.21008272707049325,0.04201939213546835,0.5915443975604789,0.5889366245280964,0.588348405414552,0.0026077730323825765,0.32896395380826315,0.43617021276595747,29.647802180808203,8.690225959012086,-0.33822968035220013,2.8038786183366886,,,,,87.09179709179709,0.10461538461538462,0.156,4.9744423915221185,0.7986859168221337,40.91277804377684,4.150357689332578,776.3717494470359,186.49951206893638,1762.1076549659465,278.12508487598166,2841.455788489497,212.8402332674967,1032.5420195212307,0.12210545039617735,0.0672453488160408,-3.2402512580868494,15.509721539983378,0,FRIENDS
2_259,213.39577381224734,57.11574944766174,327.9659495179171,0.022907321421843534,0.1313217079231832,9.702722249526486,0.3962882096069869,0.004000260415382722,0.0884323081973502,4.78536866870866,9.006917601562394,1.1901481803058325,1.9033996213933093,0.10269339498233239,0.06676348044103043,0.43262739473881473,0.420428385869787,0.20776743064366648,0.01219900886902775,0.023908382516391602,0.6374577762616804,0.740728719042107,0.24743582965269678,-0.10327094278042659,0.23974642511613276,0.6397379912663755,10.415552407395811,3.589026501531495,0.4328164389422378,7.238219466865333,0.11061613061757214,0.0,0.21751675766857548,-0.0,87.66100838159663,0.2819047619047619,0.33411764705882363,5.6570955326103185,0.8996771123244647,52.85846901782708,2.743222947876758,662.1809830647109,310.39520433793643,1819.4882198629518,357.73709744296553,2948.529643972381,401.4037302156216,1143.174330453835,0.13522558935372633,0.06754138204052693,0.44304291464623224,10.266715776656417,0,FRIENDS
2_609,104.12759061731678,12.291544897111386,50.69649553412786,0.026238686277365534,0.1625052601738821,4.978888607340557,0.6041666666666666,,,6.793394540637131,6.052657287687815,59.25147317325784,38.199256316755864,0.13745192699256076,0.06193826731240977,0.1564741998303804,0.3405411762353145,0.06274558051381589,-0.18406697640493408,0.1263293726705602,0.4274018478542381,0.5754239871387283,0.2672612419124244,-0.1480221392844902,0.5815855815233053,0.4444444444444444,15.416548686450595,8.152073448764558,-1.9459403830000581,-3.1199476703714772,,,,,54.67836257309941,0.06666666666666667,0.1,2.238046407095025,0.24204887671980382,30.452727341156,1.4724482333024607,794.1416853294803,394.208100663744,1821.27045378646,437.1816374817641,2936.891474905086,453.4943171156424,1071.374894787803,0.09475698402103562,0.022013586645917144,3.972943929332541,6.397860123114583,0,FRIENDS
2_31,407.0544916480952,84.05027287867586,370.5261450793679,0.026057295133545155,0.10981287861335504,8.378740717953571,0.45977011494252873,,,6.212222108390534,10.02714148818695,7.550055562882653,25.49875718716555,0.1053428654434719,0.0792931825832564,0.5626004922318506,0.4275453444742208,0.08838834764831843,0.13505514775762978,0.0789085224081616,0.5137846812770388,0.6487106691876358,0.329292779969071,-0.13492598791059696,0.3763041174965567,0.6206896551724138,19.92841640572548,3.388484786394837,-2.2812288461911048,-13.002398952073666,,,,,74.69459572685379,0.22400000000000003,0.2733333333333333,3.461946042583184,0.299739470207045,32.08365096808471,2.069912263921197,807.2935142686373,311.36999378814994,1996.8668531379005,392.69615079186207,2919.5137211096635,349.9569332538826,1056.110103420513,0.16366588907740803,0.10410104784944907,1.830578663744222,21.596327241872157,1,FRIENDS
2_371,165.7961042911292,21.002715941024483,72.58828466142705,0.013174664667450164,0.09836133356355,9.072269902556876,0.616,,,7.03125,7.4940730858800215,21.909840877535892,22.286836682378915,0.08071137672071835,0.04589917697885346,0.2664473484766469,0.43385399695207616,0.032091527190284,-0.16740664847542924,0.1503025301658697,0.2848083370630859,0.2978636096709436,0.10976425998969037,-0.013055272607857715,0.5754688941429069,0.42857142857142855,14.366642373263389,3.125,-2.679401688757213,-1.2839535970609823,4.203017413829659,0.0,1.5625,-0.0,79.6078431372549,0.07999999999999999,0.06,2.592666699448717,0.3801181341614306,37.45596016184252,3.1090299121291194,775.3871727306322,492.8292177762045,1937.942179795245,619.2402257450713,2913.4305896820247,584.799991632486,1069.0217084756964,0.14790778846663383,0.05301502547059048,-0.7688912489519352,5.257440798376501,0,FRIENDS
2_531,128.10545562105497,71.36657166447246,392.5468929302372,0.019955325778533158,0.12322938576284484,6.289961099282103,0.351409978308026,0.004405336661140108,0.03794645635424887,5.292328340370505,10.03970006022567,79.0257617467579,71.4154670590277,0.143920439136023,0.06229582106889982,0.3161448590472507,0.3839939370599496,0.261697958140315,-0.0678490780126989,0.0985315932926003,0.19198029928632665,0.3478947065405948,0.19131968294834525,-0.15591440725426814,0.22490442511124398,0.6898047722342733,7.7240730337883985,3.348207725540523,0.2666500354889224,8.085776640047449,1.4355274609594797,1.3374091279073221,0.4320268032955514,0.9182958340544896,95.5843524930337,0.44625000000000004,0.45999999999999996,3.895367174360258,1.2952521285796608,45.75667418495246,5.119244167913698,734.01449615917,273.22129233085633,1786.2783412175793,350.42932266937794,2895.4890485931583,390.08710803765973,1080.7372762169944,0.13766326804603082,0.040564144724877384,2.1359373768102126,7.715325229784513,0,FRIENDS
2_315,197.33012021521006,42.563225206764656,234.96707302069137,0.027472318037223747,0.13096606541678557,5.694820469985151,0.5294117647058824,0.004574163063980386,0.07330080749254052,7.659228588895682,6.414973650784841,3.6624621081133046,6.565276855230458,0.12156848440042091,0.05741483486178766,0.23646047591856573,0.36741658549654493,0.15617376188860607,-0.1309561095779792,0.12246624108816084,0.4921729053595304,0.4311544604691947,0.24743582965269673,0.0610184448903357,0.3871177946820461,0.5246913580246914,15.8210055746738,6.127382871116546,0.7733363263485926,6.339384724169305,,,,,52.55839839173172,0.10400000000000001,0.09714285714285713,3.925785790285328,0.27688746209726917,30.96344668187594,3.7212218893403146,693.3035874312419,223.58063330988378,1739.4883822502868,307.97497244967946,2942.5191484017882,260.34371961180625,1124.6077804852732,0.1451783532618608,0.0640761513841218,-1.5990279739721158,7.5747134628230635,1,FRIENDS
2_413,323.7007741353418,66.09868718322666,293.5916827617027,0.02123113890141836,0.11354924803855967,8.043317969060308,0.6797900262467191,0.0054903137293242435,0.14460720137530722,6.770833333333334,9.179487656270428,9.774070415302226,15.799606130767122,0.1053809200926442,0.06881368212993702,0.2266972056623678,0.2962621344724428,0.16761205442751595,-0.069564928810075,0.05957586244980584,0.31044311180954337,0.4052268951266673,0.5507910552258941,-0.09478378331712395,0.573079758449466,0.38219895287958117,20.745925279228,4.166666666666667,0.38092046006424585,-11.402998049489241,,,,,73.58737466283695,0.07200000000000001,0.1,5.0155990264689505,0.4742245225905321,38.07431298477559,2.6460626685484945,778.3858769997659,250.92777026987827,1821.053974648182,372.8421015704571,2817.439482251584,317.4318218536245,1019.5268026259089,0.2046947087932671,0.10191133017444656,-1.3785691321689943,14.704184264339203,0,FRIENDS
2_548,171.63489944949944,45.311868752490724,198.717269848361,0.02905705437039113,0.17232098661068018,4.2905874458029,0.39669421487603307,,,6.114130434782609,8.748361599788572,9.89412841624429,9.004428804298058,0.12911758839662624,0.060677990217448,0.8455643792901617,0.6639611112620775,0.03639372626234191,0.18160326802808424,0.05716813881247784,0.7659379649665061,0.5383993874300702,0.2672612419124244,0.22753857753643592,0.5815855815233053,0.628099173553719,11.477638090890508,2.8532608695652177,-0.6385084468332785,-5.089960252726865,,,,,72.2623408337694,0.09428571428571429,0.044,7.800953102903356,0.5567176688055282,39.9826978435743,6.374034383851926,770.0940681919577,303.83930666984617,1738.4599862769087,383.36345527508763,2981.6658364968066,409.45062516470193,1105.7858841524246,0.09968673360333108,0.030075014737126367,-0.29768559740805967,9.406601244311748,1,FRIENDS
2_128,203.2334785257504,38.34164453467716,145.8379349781897,0.021439942442826345,0.1389520180399572,2.7736428062684726,0.36475409836065575,,,6.869536533069438,5.561311597688372,4.074057493288566,3.239004260517252,0.10540947087122361,0.0665654110983795,0.6151935852361874,0.47572896391472136,0.02071232553337331,0.13946462132146603,0.26406228206279647,0.8570609648917868,0.5956998551327926,0.21483446221182992,0.2613611097589943,0.4725018429921529,0.7049180327868853,5.959174680327973,5.253174995876629,8.357710154850764,10.647803791658122,,,,,74.17582417582418,0.292,0.53,3.4094581300093156,0.3601110394426135,29.43394254856571,2.0862119665414482,794.8440415389545,198.25304166342715,1632.2551892438369,267.16865965100254,2862.661774050297,255.25635847517324,1033.9088662556712,0.16721256060579978,0.08208489107530272,-4.594230608551505,6.09774964443213,1,FRIENDS
2_326,165.13464222818453,90.25233259090778,296.88195769387295,0.03241053474543888,0.19704511819052786,1.3276676307738884,0.29906542056074764,0.0044432232068944595,0.20156579060676988,5.514682895312728,6.567843247788359,9.77367957401548,13.40497562821498,0.19659770492490108,0.2243963404149247,0.44519479225837816,0.5950940586317718,0.06375767130633384,-0.14989926637339362,0.1995534114295403,0.5950289244211087,0.7705402418864292,0.08737040566610378,-0.17551131746532056,0.48608360818097973,0.7289719626168224,4.901417444789353,1.378670723828182,-0.8717093339141906,-5.131668875868351,,,,,80.75224292615597,0.10000000000000002,0.05600000000000001,4.004171189234801,0.5691876750027182,51.730622856318064,3.8114929356073253,876.301155647227,284.0274586410072,1833.6307626715484,481.5943334167983,3072.3019554108705,489.7742866816726,1098.000399881822,0.11173752026440985,0.044734212582971264,-2.0513360560052494,8.291610492508584,0,FRIENDS
2_247,226.38355290722254,42.422988437080356,130.68187988698836,0.017982787180949665,0.11652844248539958,6.65111572543424,0.6732673267326733,,,6.696312364425164,7.202342869031879,25.66436351569141,27.24021469640897,0.09617335663045701,0.04972801673587884,0.7995939174196384,0.7354890825187943,0.2246623825206922,0.06410483490084407,0.16571837085906627,0.6844726949095994,0.6841911750312885,0.30151134457776363,0.00028151987831093184,1.0,0.37254901960784315,32.79417164408729,9.566160520607376,6.916072399771979,-0.25302264227399895,,,,,105.88235294117645,0.1,0.1,4.680660610701675,0.27074488084533865,46.11793435322847,2.921355615701547,730.0449985266414,171.705298053601,1763.3514456131993,320.5365233088455,2832.293461904247,402.7122300033107,1051.1242316888024,0.16294984017181435,0.07534854484129745,-7.460494971364193,8.446503416978718,1,FRIENDS
2_576,221.8208520166894,57.23002067841578,433.15434863854284,0.028131037543202307,0.13887658784623794,9.74805693739557,0.6024590163934426,,,5.657265380174831,9.72307273353369,3.2794839414948163,5.343360291226798,0.0991762350775595,0.0646992391838544,0.3916467248115448,0.502723929916322,0.053037152278382,-0.1110772051047772,0.17678482546858854,0.4249841414957894,0.7018825847927427,0.05634361698190114,-0.2768984432969533,0.5995716819927976,0.48360655737704916,19.883694454640672,6.061355764473033,-1.782942239397981,-5.927703908067318,,,,,82.0021164021164,0.09000000000000001,0.12666666666666668,4.252115727899448,0.32604570779482533,36.167805446773386,1.6682763106892915,706.8949907253145,364.9727578847773,1934.3296023005714,395.82109542489536,2830.124900553796,465.93629992872127,1061.6149549142408,0.1605654311691822,0.08788437580124511,6.361273482163764,10.210585230667451,0,FRIENDS
2_146,314.0970409052602,59.45240317809767,357.20023179360624,0.02138299000908874,0.14714500342277137,6.525979168555899,0.5483870967741935,0.005889948105446623,0.12707619456494743,6.377532574585316,5.972545091525007,3.639046239723913,4.640660999229414,0.17456699853970678,0.22984588492420793,0.4156070121323086,0.35350393329930885,0.1165211062024152,0.06210307883299976,0.29615137871827135,0.5560508219759586,0.5095970411146372,0.13018891098082389,0.04645378086132135,0.5210780625060034,0.5225806451612903,16.387583531116015,7.6530390895023785,0.26517079565866697,11.735669757688214,1.0562724013470461,1.0562724013470461,0.9566298861877973,1.0,101.4790607601065,0.15600000000000003,0.18,3.701697809083296,0.6914572794328601,42.08659386533131,2.140063093348276,786.787128939359,247.05891577234829,1736.5929043155124,332.8847446594089,2901.0891272330614,296.8693909164009,1057.150999146851,0.1334895543765138,0.059594627894921114,5.476727413384409,13.295277833919876,0,FRIENDS
2_458,385.906121647629,112.75969923128913,344.97946611741975,0.019056450775637824,0.15312724281017953,5.4996688719994,0.4636363636363636,0.003886928678293118,0.08010041242361969,5.3064334991176,6.659659069703731,8.559414266676182,16.910343892739377,0.2749949259405158,0.25892629284683105,0.48166629751317125,0.8080594972819815,1.6971661977153667e-17,-0.3263931997688102,0.15038396070461868,0.8003704381690995,0.7559104873207813,0.19611613513818407,0.04445995084831822,0.7736996902210456,0.6,25.699073739898694,3.5376223327450664,-5.84657632097342,-3.263694097224959,,,,,77.14285714285714,0.124,0.17000000000000004,6.223759976657857,0.4665312070885505,54.35251023486318,7.992215406017151,626.9441775263244,98.85672408802041,1893.7230490759218,313.6983322083518,2913.363287663893,275.71633330066703,1143.209555068784,0.15068577126420898,0.09433761787567896,7.789367843638751,16.042775633174987,0,FRIENDS
2_522,430.8324607162116,207.92597553972092,503.81289484747475,0.08008700944949793,0.1394198786923008,4.492598336467305,0.7386363636363636,0.09662847625705324,0.13005540612898647,4.360292663634566,7.410887959010861,0.6948871159095592,1.5439479082399488,0.2767130568923753,0.14043478956979388,0.6764099744874259,0.7245798601364449,0.2673405989415141,-0.04816988564901903,0.5728340614313536,0.6844726949095993,0.6841911750312885,0.30151134457776363,0.0002815198783108208,1.0,0.7954545454545454,40.76175573424584,4.360292663634566,-42.23534707925881,-28.573779229387334,,,,,88.43304843304843,0.08000000000000002,0.04000000000000001,8.663248779384555,0.134009000064543,25.219941348973617,9.906035392726576,888.8486372668385,393.0985723232224,2152.0091281452605,507.4703947214538,3036.737090247259,402.006644158913,1073.9442264902104,0.08256798917055369,0.02265811565434538,2.4267920494104143,9.086602162037556,0,FRIENDS
2_30,180.16430338162272,54.16299164911609,283.9479483444222,0.021909107600428194,0.12633984393949504,7.758911887997512,0.46195652173913043,0.004545355777843438,0.0699162541825748,4.793941443617741,11.848430080621771,4.176885030104223,4.87151826117961,0.13624387012290934,0.07514233822846138,0.5545889851223884,0.5307448488885419,0.12271332882303788,0.023844136233846513,0.3736074242000825,0.6430610084645709,0.6435410964503128,0.22423052782558078,-0.0004800879857418394,0.7986232506638108,0.6195652173913043,31.84605406936495,5.326601604019712,-11.158474042352237,-16.577539920236713,,,,,84.95098039215686,0.21000000000000002,,9.719797375487383,0.2020510044324847,20.240125501209242,6.857545026844007,707.9166297437067,240.24665963924735,1703.5284224287282,447.79044686985947,2812.3828536549777,498.6592105412247,1052.2331119556356,0.1607946358681972,0.08785732456895738,-7.142530163926277,7.741996308346934,0,FRIENDS
2_171,356.9962613337715,88.33799494572884,405.47432398478065,0.029721042694941354,0.16836877799778655,7.0177484892791355,0.49808429118773945,,,6.426367220984056,7.373955359084101,5.363987209066988,8.433971711606253,0.11093877069386043,0.06994861528644838,0.42928330308776946,0.389584221657396,0.0,0.039699081430373484,0.03529783396639885,0.3148883352043941,0.47040191838333145,0.0,-0.15551358317893738,0.44211410869774026,0.5419847328244275,25.541456786803625,6.0483456197497,-0.37162973640196706,-5.4609277216148815,,,,,102.32231219073324,0.23750000000000002,0.24000000000000002,3.476797047201745,0.7021399475799102,46.73083687321767,3.3902217243255097,745.6427999746614,178.9860643165695,1744.8684291189697,343.07372809803326,2912.974804494512,340.77137483054,1083.666002259925,0.12559425013859965,0.073541104355728,-6.561898926963625,22.50370756865787,0,FRIENDS
2_97,232.39977355003268,52.12778717839007,263.69615553716017,0.02271544934504685,0.1448721853768364,9.831905305471913,0.7575757575757576,0.010497093946917224,0.1432553248075467,6.526828480706097,5.580385392015905,2.1749027518534403,2.236371920166236,0.11373767206154373,0.07899159721518374,0.1817581988577285,0.4382292196305387,0.0,-0.25647102077281014,0.16822177780814196,0.5866786871272249,0.4847645899611406,0.49170515840695217,0.10191409716608435,0.5242384651568428,0.43373493975903615,14.735424156269554,6.526828480706097,-6.206653458857394,-13.731064254875559,2.054971779790118,0.18308832728285385,1.780044131101663,-0.0,61.176422119954154,0.055999999999999994,,4.043733576465116,0.32363039800890203,38.0370419726835,1.8342408360881064,541.1543902564035,229.16999714979798,1920.1380981525206,409.50787194035786,2951.409826217222,308.631818631039,1205.1277179804092,0.16752560017685894,0.09747408220475551,1.8605574802710738,9.579592042366272,1,FRIENDS
2_228,143.42414236239537,30.264042387722117,119.38358266277265,0.021028244500598706,0.11340352916066988,11.49541723773492,0.6968838526912181,0.004251364733477913,0.05362624982715771,5.613758162862634,9.405495425009963,2.496082412262599,2.918337411269263,0.11255839817997734,0.05505662989460795,0.25585759338681197,0.347987594441465,0.31301071627345967,-0.09213000105465302,0.015527179382894163,0.7451043281686556,0.6900141990631171,0.0,0.055090129105538455,0.20350950905814502,0.3615819209039548,18.661891717288757,6.175133979148898,-2.8467693037291353,-7.834017462158663,2.4346580287821373,0.03450491805285427,0.8420637244293951,-0.0,65.86696766406912,0.057999999999999996,0.060000000000000005,4.548127638316612,0.40367078625779335,50.92158896549094,2.8477995510144476,643.7959979575752,374.5779393147507,1716.2428757016687,629.6885504020534,3063.221490850473,476.4520751351674,1209.7127464464488,0.1279037288899414,0.050654076597825455,-7.146352229341047,12.269492873622255,0,FRIENDS
2_7,238.1610563392827,15.01552667038247,79.22659379551772,0.02404179295115124,0.1478276129077637,9.798541442089077,0.4217252396166134,,,5.996908146175978,6.162252487983262,0.8582505646510432,0.8369834217528176,0.09351931979777972,0.06013739244994866,0.4582652418280141,0.4560602900930086,0.035218036253024956,0.0022049517350055114,0.46218417864273964,0.6661882675861506,0.5203013730686223,0.1924500897298752,0.14588689451752823,0.5578858913022597,0.6178343949044586,9.429233557654047,4.734401168033667,0.8683738714840414,5.526923212303991,,,,,88.22425558312655,0.1725,0.38000000000000006,3.141907416939884,0.4702892967996507,42.1291939681139,0.4209673451509959,829.1752826060429,232.85969932339603,1888.4139773377667,257.8457659301804,3004.0018082010865,270.9782186114791,1087.4132627975218,0.09642034415743184,0.02267172667352354,17.706632384878844,6.887253813273223,0,FRIENDS
2_553,127.76619416717881,51.4011451264056,439.96050118096684,0.028921313424668766,0.15414835714225336,5.98700529275353,0.4318181818181818,,,5.136941423142446,8.48818684921817,102.16567526534136,94.73938417421441,0.1209323157864954,0.05369431401842726,0.2442966614766503,0.3707289453532,0.24724901510764025,-0.1264322838765497,0.2820664522516816,0.41937123165715046,0.695772909586757,0.0,-0.2764016779296065,0.4649049094185498,0.6363636363636364,8.728698868180928,1.9263530336784171,-0.42694685307701147,2.1608256767440572,,,,,59.973322662398296,0.29250000000000004,0.47500000000000003,5.528481234997531,0.9150281559711022,53.11270253684045,1.9167616203000195,918.8327505310662,384.6111003831499,1841.041140996888,507.3505559664465,2988.8232310446315,514.0534510158072,1034.9952402567828,0.12162915307386547,0.03800087009984785,7.163343138684795,6.793392434488492,0,FRIENDS
2_291,215.42895566362108,29.24531178382842,113.04729596458455,0.018817275475785742,0.11266214006584704,13.389367804504065,0.6934865900383141,0.00202523419069208,0.05676820969671282,6.804388822218413,8.969502291682257,1.1529544399358262,2.0131817754986927,0.08996508186739435,0.06683866704057616,0.25693743200483365,0.33882822588515293,0.24053660398753837,-0.08189079388031928,0.135373983732054,0.5124254641091766,0.46813780016861745,0.6015682573975718,0.04428766394055911,0.3704511583860777,0.4198473282442748,15.688369099818791,5.670324018515344,1.6694436031070046,7.620082644431367,2.5366672757965367,3.0593562414677633,2.2681296074061374,0.9709505944546686,79.93219852043381,0.09000000000000001,0.06666666666666667,5.787255941103048,0.24017011566668034,28.356456041360378,1.622448126203136,703.5517580724946,509.7389475196914,1868.974911216441,540.8604336621187,2945.5255590365573,617.2285746326613,1120.9869004820314,0.21573785630988251,0.13150702272088516,6.717178235546959,11.532801270470708,0,FRIENDS
2_319,338.7768762511907,17.457874378612825,55.050375579311435,0.01419622555685277,0.06016592028533413,15.85343787992727,0.2805755395683453,,,4.19773455595393,13.060332973369654,0.09260793766638582,0.11808616675274243,0.04132450804383177,0.01922726605183025,0.29948700722675886,0.29846956925004225,0.10005560189476051,0.0010174379767166064,0.478092415052469,0.5689746454526831,0.570135552011314,0.140028008402801,-0.001160906558630992,0.7438478550696795,0.7714285714285715,2.8221804603837697,4.19773455595393,-7.384504170200195,-2.1225313573867406,1.0647379310685636,0.0,1.3992448519846432,-0.0,,0.8600000000000001,,13.389380875292783,0.3574247194492823,38.20551378446115,1.1175411487394256,888.2578808659362,351.7937063489406,1685.9071891382105,409.45651287614237,2952.3152495537706,244.7827174369729,1032.0286843439171,0.12285790277695344,0.029634096921037908,15.978576417700912,6.912846505527403,0,FRIENDS
2_314,406.2048223107492,59.86944327737594,195.59338495198233,0.023429159088698574,0.11670658691139309,8.0272490527536,0.549618320610687,0.008453765787687143,0.07368972608001076,5.208192738561209,6.726050457576974,2.4608646620983614,2.2139592460163833,0.08956114215802496,0.07744273303081947,0.6096538396051396,0.4903526413661971,0.1995018672215266,0.11930119823894253,0.24298739952215975,0.6812012927686113,0.6509518867198585,0.30425553170226605,0.030249406048752814,0.7584754046149585,0.6212121212121212,13.289864473006146,3.7201376704008635,-5.593549493222531,2.0646047509830554,,,,,44.44444444444444,0.21,,4.555926715431994,0.30973428457212004,43.12001895458191,2.485256999254979,867.381154025678,244.56741706793463,1778.5730878966228,368.73307515998556,2902.5328456278776,314.71179881892067,1017.5758458010997,0.15778105730692044,0.10614701219357045,1.2025455323322043,10.22728319599222,0,FRIENDS
2_410,153.7277852765181,55.556156733162325,296.8107292131323,0.02535934520114787,0.168174091778089,3.1328757920201036,0.441747572815534,,,8.13123644251627,9.06650450881741,3.4967297140338407,3.6470912967274964,0.1289476142193331,0.06548731515385124,0.5162766034953902,0.6663385251707996,0.0,-0.15006192167540944,0.19439275843083337,0.6844726949095996,0.6841911750312887,0.3015113445777637,0.00028151987831093184,1.0,0.5631067961165048,21.512735882658962,5.739696312364425,-4.533400973021444,-14.787228378813975,,,,,84.24908424908423,0.188,0.4600000000000001,4.02844075450491,0.2580249745032152,30.78571615835242,5.310076803709676,682.0723136213893,192.51943040109805,1566.4065096062761,398.5166724691622,2786.6301583833806,345.86313942121586,1052.2789223809955,0.1112396836637067,0.04064159280955502,0.246983306001505,7.911115592595496,1,FRIENDS
2_166,183.84715004563628,39.026705651469115,127.14589878593912,0.02552722137946241,0.15384941081502335,9.190763327156102,0.32061068702290074,,,3.7201376704008635,11.865878062814378,6.7271567397875405,6.271127988758433,0.12075788828770379,0.06397878405858627,0.32390984208909185,0.5486289372792128,0.11867816581938538,-0.22471909519012095,0.13485601167544314,0.6844726949095994,0.6841911750312885,0.3015113445777636,0.00028151987831093184,1.0,0.6818181818181818,22.29515098608297,2.976110136320691,25.872215288928004,16.976360902958838,,,,,,0.07999999999999996,0.07999999999999996,6.515995329369625,0.1915369168921344,37.573435504469984,5.103674164412829,698.0757546337964,248.76734695396053,1870.0991967566843,543.6394578260166,2998.490627070065,361.2680345929965,1150.2074362181343,0.12249582607380005,0.03144027089857519,1.9302043857413458,10.690823261477211,0,FRIENDS
2_558,235.0452283000288,84.62336126685881,514.9167851904192,0.02570492103933242,0.15060875200874888,4.8641460120149524,0.41202672605790647,0.0879601397296557,0.26210999362934245,5.306593131110554,8.038522383370815,27.022326012943683,40.61741639683122,0.16584448093710935,0.250507648021062,0.5639749197252092,0.550427858474954,0.20887799657217845,0.013547061250255177,0.1633382458380075,0.6543618660386972,0.675313622302887,0.31234752377721214,-0.02095175626418988,0.3733715919708732,0.6177777777777778,20.580985432801135,4.422160942592128,-1.1452573065311848,-19.460865013806306,17.184193575549905,0.0,0.4422160942592128,-0.0,108.36897195285837,0.155,0.17,4.450076925888821,1.1063969013129884,57.51559565115485,3.540411991645087,765.6278829249615,253.70118576516566,1771.3956394380305,365.3706452745483,2902.623185752644,322.47298979216555,1068.4976514138414,0.15412271932153265,0.06318139050445158,-1.4629687065766694,11.697659520277302,1,FRIENDS
2_289,278.7661738884753,82.90988421846328,344.3843778214863,0.01960987294072777,0.12025986549188059,5.376455100196259,0.41420118343195267,0.005743827024952981,0.09544652568787759,6.191032217522874,9.393798027239434,4.754394860435529,8.079005449601611,0.10159362814085957,0.06710792350820392,0.3066953504738303,0.321090419058154,0.01855283666986998,-0.014395068584323711,0.10792301945392002,0.3819878579340971,0.4569579081153388,0.18953562637585877,-0.0749700501812417,0.3222694837926683,0.6863905325443787,13.44968810165917,2.751569874454611,0.7650059600156117,10.842712770223807,3.7630160192884414,5.150511823522142,0.8844331739318392,0.954434002924965,90.19583618219391,0.23999999999999996,0.2376470588235294,3.247038524945354,0.7620137550353647,42.77511730380418,4.454821440392887,829.6089183662202,223.01823795596522,1667.1457119541722,288.5315324904444,2735.638268193168,331.24629499282184,953.0146749134738,0.1308422577977764,0.05575083837238194,-9.441209918274224,13.280294371918085,1,FRIENDS
2_118,341.96366549441086,84.61891993682647,283.29978148178907,0.024264478581852145,0.1388424554035031,6.789985522538889,0.27586206896551724,,,4.517979715193116,9.992396308265459,1.1648586722925998,1.431199523169154,0.10577028899452383,0.07075778994652113,0.6562663686936778,0.5997213806975353,0.17817416127494962,0.05654498799614249,0.21228328170350774,0.0,0.0,0.0,0.0,1.0,0.7241379310344828,18.192694436790344,0.5647474643991395,3.4713163838426238,1.7087842320719604,,,,,25.396825396825403,0.26666666666666666,0.26,9.402025552062671,0.5526004135157272,58.75756867411847,3.3741109499770308,690.7788412283958,315.6395667634274,1966.3720692588774,382.2468413073315,2997.6675883384974,400.1807293551941,1153.4443735550508,0.12624296299672386,0.05132289655256311,9.22858928367485,7.239748571193897,0,FRIENDS
2_28,219.42070469590595,58.50955480412295,415.96912280054994,0.019936876828380454,0.12706120750512837,6.195026538364052,0.43765903307888043,,,4.7882736156351795,8.288015280970857,1.7587632916231033,2.327927324201206,0.14517850232555252,0.17055064965300065,0.6129795988122806,0.5652844885140935,0.19117977822546817,0.04769511029818707,0.07027011524895888,0.5705841630012494,0.580163421567803,0.19611613513818404,-0.009579258566553617,0.7736996902210456,0.5939086294416244,16.773395263402495,3.7802160123435624,0.5479986333831318,-0.6731460728035792,,,,,80.88837088837089,0.172,0.16666666666666666,5.633955980552528,0.9368207598546666,47.53545208205747,2.8520697851906927,705.0672346000143,263.39633573390427,1939.5247230495756,412.9128028800962,3000.658820952039,327.7689823116384,1147.7957931760127,0.1453369647007919,0.06163818469758112,-0.05173864861998427,7.633297954185572,0,FRIENDS
2_562,151.14500882142303,57.752946408319126,402.25013910380426,0.01444067870386163,0.12378902744112705,8.056520424447175,0.46421267893660534,0.0037179798268599145,0.07146591707061015,4.6671820214792525,8.034312649036597,7.195058554804339,8.292337964478046,0.12330177948898055,0.08361468669587516,0.41026258966267437,0.3457685767588532,0.022721405353294147,0.06449401290382117,0.13837840986671435,0.4848265969268994,0.4643323615097387,0.05590169943749474,0.020494235417160667,0.47405996663896777,0.6326530612244898,7.622543941593224,3.043814361834295,1.4333797830347212,6.89707237462461,0.4428655128799714,0.41849071098855795,0.8116838298224787,0.9182958340544896,65.01790665670264,0.23000000000000004,0.3657142857142857,3.42182737359514,1.1943330207530392,59.65119781128988,1.7282281875009031,690.2948682357023,218.43901475123175,1715.0191589021597,358.1514909831002,2865.651342865071,390.8582544630452,1087.6782373146843,0.15514957855064732,0.08901919218220612,-4.642234802044564,4.5602719306406785,0,FRIENDS
2_231,198.96903552693797,56.64069696701778,401.6233368060136,0.03215876591562121,0.16379732961439739,4.58822623443932,0.49264705882352944,,,5.813915164299134,8.277756072261615,5.5536641650507335,4.388850162686755,0.12949855805145288,0.06939258296997006,0.1823746448309783,0.2833673199229191,0.284108234286227,-0.10099267509194079,0.09022413797003759,0.473950563957175,0.4655072067536496,0.2672612419124244,0.008443357203525403,0.5815855815233053,0.5588235294117647,17.896299845742035,2.906957582149567,-0.7050183850197144,1.969054589555359,,,,,58.85595885595885,0.11000000000000001,0.18,5.484984539316559,0.7820079970663252,61.861730929541345,2.4067128415345187,732.2073632859993,219.11620322197084,1718.884890345646,264.36591535133516,2897.333946215025,286.2135575554509,1082.563291464513,0.09687244518873071,0.02581071261011317,-1.8146226848523164,9.676075973149198,0,FRIENDS
2_388,183.92996242530828,77.37681262829393,409.8964385189079,0.029110986891624162,0.15266981001522634,2.6278410905692398,0.4828150572831424,0.0027282867735809652,0.11657201540237243,6.835897133071541,4.287107053822718,8.967474029688185,7.686514951612934,0.1328638423464931,0.06479530386373646,0.49097943741314937,0.4401467938472387,0.05253271837258798,0.05083264356591066,0.06700435128929938,0.5159348473273129,0.5098019588115793,9.522398809843983e-18,0.00613288851573357,0.38561534153400445,0.5849673202614379,15.973981309240685,4.557264755381027,0.08368292920870658,0.10889459074706664,5.846399528170156,5.273131342454928,0.48827836664796714,-0.0,74.13785188853537,0.22705882352941179,0.3644444444444444,2.3465099021034734,0.4406104753201815,42.9332771147868,4.278056270521757,800.9801067691973,257.437390441522,1761.9804868985946,298.0400634283909,2947.3532515161346,257.01914714536537,1073.1865723734686,0.09472235418362616,0.028500734609588223,2.57608946727048,10.159954337920084,0,FRIENDS
2_102,213.47047311074675,114.38370524055514,460.66225394863426,0.032722196372611194,0.1655111328961285,0.9693157649502472,0.3178733031674208,0.037287115771353775,0.1431563485375335,7.779010553010471,5.663592843965916,676.7838366708849,561.5946775793875,0.1491021625166187,0.07011445981128055,0.6324357368388983,0.3995959761131626,0.25065359588661407,0.2328397607257357,0.02447913390554346,0.3586745021379141,0.33791559136130184,0.6666666666666667,0.02075891077661224,0.2321494915425295,0.7285067873303167,9.678915648447626,1.8038285340314135,2.1643854740837214,-7.226764486661441,3.2813009581806263,0.0,0.2254785667539267,-0.0,73.82553272130153,0.24370370370370373,0.3141176470588235,2.6259336457013043,0.3793279113404935,31.17847926948035,2.4523336261880386,859.2878039564655,299.82155186070895,1785.644645839666,361.4498207862498,2854.1284722235537,319.26750653126044,997.4203341335444,0.11831819986952655,0.03924327667060214,-5.4212410273496,9.207964028744392,1,GOLDENGIRLS
2_351,144.75233072991665,45.68304216926936,247.52187573952313,0.0271895943932337,0.15422789970563658,2.8450961574591873,0.461118690313779,0.020782838936592964,0.1768875289554317,5.8418153588328074,6.036962470243875,1041.2413214908493,1002.5144503667858,0.13187935413510835,0.06902182306096968,0.3471574524426914,0.44444904368243754,0.09968516653695028,-0.09729159123974612,0.11621180093184924,0.44450536887297837,0.5217869850252058,0.13376338862031295,-0.07728161615222745,0.21487090999957958,0.6403269754768393,12.093717863127665,4.347397476340694,0.6701783954338029,3.171234820807138,2.9964825392042473,4.727987309897221,1.358561711356467,0.9910760598382222,108.67338576764476,0.32333333333333336,0.28285714285714286,3.074206104763374,0.8260334326706957,41.968367136807935,3.116719934515023,779.732511608983,267.41077928703623,1639.6158291206582,325.4345831329727,2694.9648067137773,332.79902200601504,957.616147552397,0.10579120452561089,0.029551317865442364,0.32665878485715477,11.365839031806042,1,GOLDENGIRLS
2_350,190.7458903459077,76.37888289667606,458.3050644511524,0.02316805181836735,0.15842574493146608,5.7875694299848925,0.6213592233009708,0.006462140239532802,0.09989314124214592,6.855139571629214,8.312701551471552,214.45377982599925,296.32740331677604,0.12265083376988832,0.06461691376278739,0.33960881326414466,0.5610782158847959,0.11771496477944263,-0.22146940262065123,0.014380753474940944,0.2639675413171887,0.35997796290885614,0.19918863762856528,-0.09601042159166745,0.11697713504732099,0.45792880258899676,14.436164824165418,5.806706460674158,0.34369931595630904,6.055162375579821,2.914290242524789,3.7608422607962253,0.8871357092696629,0.9709505944546686,98.7270454886535,0.11222222222222222,0.14625,3.5505261373047765,0.5671350273170311,40.7674782640222,3.255678909499021,739.1289842589556,249.79448076242304,1618.8883082716616,312.49593693975754,2667.6492126688318,323.4218691210762,964.2601142049381,0.12939580328351247,0.04722022850437085,-8.223198891359194,9.397482187740087,1,GOLDENGIRLS
2_587,144.08977487679678,28.669737763085937,140.62567664836865,0.021652319331838917,0.12855937051904792,4.13467104645073,0.47115384615384615,0.006043745692572668,0.0960416467451938,6.2890625,8.344794577314921,573.5098079522386,694.2549981977623,0.12247886639767182,0.057025132551322584,0.25386418908720815,0.2930494705572001,0.021611836153683894,-0.03918528146999195,0.05899539337180015,0.5453879486692239,0.43832540944159776,0.48891531938899097,0.10706253922762615,0.22759984990453053,0.6016483516483516,11.566259130312005,3.828125,-0.491102751157065,-0.5855763483858265,3.2465652375977228,3.9301912192333655,0.95703125,0.9182958340544896,73.57487728316113,0.24266666666666667,0.385,2.698582486900786,0.6985845942885918,43.57882399951157,2.593941523073113,808.4807845921175,349.468587419456,1708.6982881373424,327.69547329876735,2684.025851202977,282.49929452976335,937.7725333054296,0.11536958165855417,0.04592142290700192,-1.4831775898356196,6.533799388300533,1,GOLDENGIRLS
2_612,157.2879843860517,68.13312108804813,371.48193406909667,0.019803328969166662,0.13665228426818257,7.9945052555447536,0.7056367432150313,0.022270269145986957,0.35447452389917034,6.625600961538461,7.1007180932700384,130.5125485998613,152.9733601095302,0.12134888673999804,0.06427162226502908,0.2163656442476098,0.24854766619262086,0.04868616104628563,-0.032182021945011074,0.07162264593214118,0.7279163166309615,0.47224732153813936,0.23735633163877068,0.2556689950928221,0.2888284161731214,0.3541666666666667,20.591069946461612,8.489051231971153,-1.3490942080155492,-17.692412864076104,3.6277214816131957,4.922433555616164,1.2423001802884615,0.7219280948873623,74.84972431387752,0.11000000000000003,0.18000000000000002,4.001889465748182,0.5442658553636768,35.89795482556345,3.272901861575105,609.2987431593821,290.5767904286587,1736.9505012477864,408.56086973222193,2717.2318416463427,408.1780267416095,1053.9665492434806,0.1265063137127663,0.05609174546293199,-4.940592427947901,9.290853804424447,1,GOLDENGIRLS
2_89,236.05341706448115,139.0886100506571,426.74982730383573,0.026707733597117568,0.14893435372258185,2.518945060531857,0.40691489361702127,0.004158273379940298,0.1385465963749517,7.114433211443321,4.69152738489714,1141.4047393938586,1584.0243665128883,0.1438013566561636,0.07211637505668113,0.7346022234672935,0.6350608897401798,0.3538598424065448,0.09954133372711371,0.09813313091384912,0.5896722220597089,0.4298378431259231,0.4120816918460672,0.15983437893378583,0.40810312675222893,0.6542553191489362,11.888059938632217,4.479457947945795,2.1116425454975705,-9.570486234535977,2.4209781315413004,0.0,0.5269950526995052,-0.0,102.58577755145262,0.33714285714285713,0.37000000000000005,2.229042131879458,0.36171695419662975,27.080783651313155,6.210470523467233,896.7849159833382,251.334960291045,1591.7094751635861,306.6440264019915,2762.775483257371,221.05789083595374,932.9952836370164,0.12818288329156513,0.05019608483383809,3.8313887220568996,14.03464500078979,1,GOLDENGIRLS
2_599,151.76792675646013,41.88558370086783,310.63267599575545,0.02329191133553814,0.18114538580261078,5.030534552132922,0.6858513189448441,0.00798951780758614,0.25207678114192283,6.662206491712707,7.678322393043067,472.009734749043,606.3598439377014,0.14220691492038737,0.06659207576407378,0.5672857371313902,0.2807624103105625,0.2939346094228447,0.2865233268208277,0.1027530578346394,0.624260417531133,0.5172617698268529,0.30096463271442303,0.10699864770428014,0.3339069788900788,0.430622009569378,15.1660019846461,5.948398653314917,-0.913066747531223,6.150874699320118,1.4447421378275795,0.8376695733509961,0.9517437845303868,-0.0,89.5052406850975,0.046250000000000006,0.025,5.369300350015546,0.4003978117392474,46.11373115187505,2.7382101855211607,757.1119247227696,323.85138929449187,1716.0130715438368,399.0913280103159,2708.716385126861,458.0422464862387,975.8022302020458,0.11592098109003864,0.03828513102641525,-4.071415160290561,10.363602513296012,1,GOLDENGIRLS
2_182,258.70007919463563,111.34879500479565,513.6162894544321,0.02117405279558786,0.14036995349989162,1.996043758832087,0.3567073170731707,0.01484059962067899,0.10455358064731125,6.975544674295775,6.325757864581907,990.8815650364759,1156.6816225916637,0.12652255865126333,0.06954270421345875,0.8012415053633624,0.5448101508565891,0.09474176972666142,0.25643135450677323,0.060662599431583586,0.6296554018524112,0.5274736917912698,0.20739033894608505,0.1021817100611414,0.36052852717443507,0.7042682926829268,8.571691067818373,3.4877723371478875,-1.8738263711513812,-0.5728349958254595,4.41678597886717,5.080738822134314,0.606569102112676,-0.0,68.35842488977987,0.14315789473684212,0.18000000000000002,3.121983443202522,0.3273304412877625,33.164534563509456,6.245460971081918,822.3356314404018,223.00022865352767,1742.6042021862074,285.5130714896482,2814.3334180586153,275.8345581989475,995.998893309107,0.1578837133831006,0.05988697942301781,-4.063638474227819,11.333077932591857,1,GOLDENGIRLS
2_292,151.4226335025161,28.219214601021662,178.2289144933482,0.020632293712974134,0.14549158437461882,4.6926600347961624,0.7094017094017094,0.0045613775711405985,0.11519308017681644,6.788793103448276,5.300257517625188,882.6752436685151,806.9993520450514,0.12703559066740053,0.05016429530864001,0.4177577399134508,0.44172277837529084,0.2374957479983037,-0.02396503846184006,0.0759653788402116,0.7735004510799808,0.6160562556283238,0.25197631533948495,0.157444195451657,0.28741648794822394,0.41025641025641024,17.398085499584315,5.940193965517242,-1.2464568588969365,8.032343511222477,3.0580778447590102,3.7690655082372193,1.9093480603448276,0.954434002924965,59.55954617400878,0.060000000000000005,0.11333333333333333,3.4515992167204117,0.34249463957314896,39.136988557020416,1.5267302560395137,746.174647653518,399.2562572983631,1789.6215672244155,401.3734040438613,2732.0091635655654,441.06073896552675,992.9172579560236,0.1199517874924353,0.04161138080125668,-7.513275907767475,9.621977203825391,1,GOLDENGIRLS
2_489,181.32650568069354,56.58359369316913,453.6364017081205,0.025541680319049513,0.11762100123564567,1.045386319937751,0.30602957906712175,0.0034076404947047142,0.1403969918565347,7.706620065789474,4.267396450669124,609.9383118643852,702.8644480975681,0.12859474525574324,0.06472720726296909,0.4079283505646349,0.5209475337229453,0.20448187639439966,-0.11301918315831044,0.11844611008668215,0.6469967705501201,0.7053369245425894,0.060302268915552744,-0.05834015399246939,0.3801353361270421,0.7227272727272728,9.665749446148093,2.6066509046052633,0.07603573561567091,11.99966270891197,2.2969550670329886,2.0663387814898675,0.3399979440789474,-0.0,77.8575555244307,0.17400000000000002,0.30444444444444446,2.7786514221296943,0.4605749417286128,30.206363483254012,4.564740862797201,945.5640040556048,309.8752919376861,1826.4678134555058,323.83687370583954,2931.913649918214,322.0948082882235,993.1748229313048,0.13362532121533485,0.049882197412255545,1.834732346702172,8.399203347136382,1,GOLDENGIRLS
2_390,158.31190771087446,55.144717177901335,309.5947363582394,0.024911515125723375,0.13154344622000003,3.9029498267338383,0.5431372549019607,0.005912432956100488,0.4154298446197632,7.599954044117647,6.9314057357568055,1510.5866589408317,1365.6653171825662,0.13328280343612378,0.06604820981121083,0.2656354002390791,0.3189863876518047,0.01963049807622349,-0.05335098741272559,0.10976439717946418,0.29861427956168796,0.6498026969088196,0.3110855084191275,-0.3511884173471317,0.24539545331419532,0.5294117647058824,12.134918654608908,5.846118495475113,0.6417862084128643,-1.5588053449298975,1.1521421706465016,0.9290515531326178,0.7794824660633484,0.9182958340544896,100.1901050875509,0.11,0.14285714285714285,2.6529995729308524,0.32338942559501277,32.15232661375019,2.9407499825371293,776.1017606046985,278.91811380155394,1669.096629093385,348.45966222320675,2743.1418033664095,344.379055402494,983.5200213808553,0.11305601094284391,0.04053092860441354,-9.558346853676856,7.553609768891146,1,GOLDENGIRLS
2_378,221.00653036149038,93.6286023513455,440.91859876746946,0.030016170269113972,0.16769586803750708,2.9182525896594815,0.484472049689441,,,7.0751953125,4.848987171289969,888.271607562459,983.3407783498586,0.1315448556903483,0.07491297919213709,0.4086444755689326,0.38617004146473916,0.10997646755364592,0.02247443410419342,0.07592128712707147,0.3879823500644236,0.41622112858109406,0.2105587219030789,-0.02823877851667045,0.33931734927443424,0.5652173913043478,25.123785010181557,6.15234375,4.43700434320031,6.139377719430326,,,,,76.87218045112782,0.08888888888888889,0.06999999999999999,3.225918050240237,0.3940595924291037,34.51587798217566,6.914099899215407,824.6590507335031,296.1569457548653,1700.710195865528,326.12251518553916,2743.2041819710385,293.9285072163441,959.2725656187679,0.12196932493635469,0.04667044251167311,-6.605263033919498,12.911886231831286,1,GOLDENGIRLS
2_9,163.34338745372156,40.994131138041745,183.5653666463491,0.02092159000298043,0.12030638413093366,5.787806174283924,0.6421319796954315,,,7.051809210526316,7.989427784317716,1035.5094507611375,888.330968970031,0.12673129786367138,0.06147646572341083,0.8066094631922383,0.6785689530957032,0.1063990353197863,0.12804051009653505,0.009372183034368042,0.45624983949538517,0.7135306624131275,0.16692446522239718,-0.2572808229177423,0.36183887014693816,0.41116751269035534,22.33508750402968,6.548108552631579,-1.3571339720388793,-8.768569475091965,,,,,110.02742680761257,0.13999999999999999,0.18666666666666668,3.2399461361567137,0.6379701423656564,46.384107103733825,2.656764819230858,721.1990458691243,231.6241175887457,1696.8957313733242,348.11539946250906,2758.04619682965,382.4496605346018,1018.4235754802628,0.11891635067946758,0.039935027721744724,-4.835438221588505,7.898376078362418,1,GOLDENGIRLS
2_144,153.68121254788497,31.093014038031193,104.88989295574703,0.01736205650748595,0.1275322268501589,1.8707003396852895,0.35964912280701755,,,6.936870805369128,5.785632265516392,188.69200746706292,269.3949428164283,0.12387139923030795,0.05364724810164946,0.49995702669786896,0.742221907535842,0.14512580604003553,-0.2422648808379731,0.07022807897964511,0.814065217033199,0.5616876149700997,0.2581988897471611,0.25237760206309934,0.3719239275348397,0.6549707602339181,6.021964448871635,4.046507969798658,-7.295924757042715,-4.819299794051036,0.5016479525475326,0.0,0.5780725671140939,-0.0,104.3028971028971,0.24333333333333332,0.63,1.8908423717992142,0.35296840031967813,36.59356144269932,2.321238694982992,886.078211964184,237.16752078336273,1639.5633857675148,234.59982267284906,2764.9764979556394,288.7979974592733,939.4491429957275,0.13100605271651897,0.06212789417372577,-3.8594324052189553,8.681255776582566,1,GOLDENGIRLS
2_479,185.52524687492857,81.44989825943313,421.59620452714694,0.025036645144940767,0.16269532806628492,2.8534812781548826,0.4298642533936652,0.0035206391836251783,0.12505324547081137,6.7291259765625,5.978284446441892,280.25563177263143,358.39351537355714,0.14035255200489602,0.062020457432241785,0.43054134904083896,0.465962752102054,0.16666666666666669,-0.03542140306121505,0.07701159637664612,0.5316988986782134,0.46785927542336964,0.04885319687460314,0.06383962325484377,0.42932690635574855,0.6244343891402715,10.325847353971094,5.15899658203125,2.56429972035761,18.784381984812878,3.8618097321039695,0.0,0.4486083984375,-0.0,77.56613756613756,0.21200000000000002,0.2685714285714286,2.4225050447323273,0.37241686560830617,37.101886032481744,4.3519845492290266,925.91653858901,322.59957790289246,1761.248605184351,420.68907402681214,2803.46504357411,424.4771259617085,938.7742524925501,0.11992768260111915,0.04184122698502688,2.0537327972179287,10.319323084413963,1,GOLDENGIRLS
2_45,197.35508028939378,125.32891940725912,456.9432596509101,0.024050080352214193,0.15603252121295666,3.284769112020663,0.5881057268722467,0.005403425674493549,0.07423623406195436,8.525836770304569,2.3300610550248644,884.6601658061057,795.8961361120279,0.13986108260691837,0.06839844843912539,0.16997683350875795,0.34898524094701844,0.0562543950463012,-0.1790084074382605,0.17330117222989339,0.5073837094121711,0.8032360897813582,0.19284730395996755,-0.29585238036918704,0.5559459307123946,0.4889867841409692,14.218452046237507,6.558335977157361,4.373686243757157,18.13224602773611,2.9702195820497836,3.578096139195219,1.3116671954314723,0.9709505944546686,37.2475917681643,0.16444444444444448,0.32,2.066970347323354,0.24953802989168888,24.78968192390946,2.9121209744964673,762.5000324795935,240.95168948523948,1543.1017887186747,316.19905288658714,2661.502531777373,338.97266098288884,949.5012496488898,0.11769532916902244,0.03561090819010964,-8.292221815227535,8.708600258514855,1,GOLDENGIRLS
2_507,148.2906588277865,33.60204330572995,222.52186560159453,0.028365717323072647,0.14760762991779885,3.413691113965268,0.497787610619469,,,7.91015625,6.809157498567274,287.04271990617,338.566869041319,0.13414386048118856,0.06292461186498761,0.28930371384063314,0.4414855045461377,0.03849001794597509,-0.15218179070550458,0.09955974537280521,0.507724844069269,0.4560252175292314,0.07018624063435967,0.05169962654003757,0.19234193671541389,0.584070796460177,13.495062347598427,5.0537109375,-2.1581206883751554,0.45982885614100155,1.5461683956277845,1.2572010333430406,0.6591796875,-0.0,102.39426038614681,0.16833333333333333,0.2342857142857143,2.545036869117098,0.41362699741596365,32.17152832309261,4.399159673442151,792.8405428205577,336.0755595659297,1677.1357938286349,315.61445073858687,2634.567061786803,363.14992782943744,920.8632594831229,0.11126852382089147,0.03040771326032142,1.9073934931970453,8.946849761488135,1,GOLDENGIRLS
2_398,156.30780042610414,50.73182597087132,363.23551656806984,0.028129247383348457,0.1447127681878736,1.8001390833749593,0.4335511982570806,0.006236957251744728,0.13323600922657308,7.57449356155779,4.10536026487023,745.3460026299364,790.5303273978046,0.14466231871173285,0.059416888545713836,0.6210271774883981,0.6659740571465828,0.09132938483219742,-0.04494687965818467,0.09066633790136136,0.6688392084214224,0.7705500858353143,0.21483446221182986,-0.10171087741389184,0.4725018429921529,0.6130434782608696,12.12768586508291,5.41035254396985,1.3511771641970134,13.845242526932843,0.6613004581685722,0.6613004581685722,0.6492423052763819,1.0,45.83335283335283,0.21799999999999997,0.34800000000000003,2.3647838757314723,0.3702066519426662,26.86828852413153,3.118054816997611,789.3853937306251,304.2121751500912,1765.4825225043924,318.81432358100926,2758.757373719992,314.2375611226608,984.6859899946837,0.10726123187463235,0.04318060817531657,-2.169150674832339,8.09143962197132,1,GOLDENGIRLS
2_281,134.57554041852956,43.84804328128207,286.39015609944073,0.020779834778909302,0.10879625693988498,5.7987705258725235,0.7097560975609756,0.008120863256130892,0.04318842950146336,7.016436973314606,5.949692501579923,1044.9101626192,969.9735038199749,0.14390848331426784,0.06971327026362839,0.3621833880852133,0.48206758191605015,0.20326146993670285,-0.11988419383083687,0.05458680959486151,0.49270326616234444,0.5215003243814051,0.3123475237772122,-0.0287970582190607,0.29674927622533487,0.36097560975609755,14.877103020186697,7.016436973314606,1.248363925503986,-2.164655503330742,2.9514412277057573,3.514013122722453,1.4516766151685392,0.9709505944546686,82.75621239380206,0.055714285714285716,0.039999999999999994,3.6517484019805573,0.4660754995907157,33.44274454719077,2.8276219450547813,725.5276036705548,298.5735139086449,1649.3643141738146,435.2357683343352,2624.671059751406,401.7316476400109,949.5717280404259,0.11174689478666656,0.039242335425146484,-2.1109256268876933,8.426851130488956,1,GOLDENGIRLS
2_591,166.6617766578666,59.82892838448486,460.55328410132273,0.020316681753289673,0.14399845681445794,6.463375388544918,0.7029795158286778,0.009027972544936435,0.1351203638548006,6.682718211206896,7.695166881518066,542.370167049505,709.8770518996117,0.12428421603705468,0.06478691336902079,0.1855741922137894,0.36343540840202104,0.16162440712835374,-0.17786121618823164,0.053202396304053656,0.2915406469463239,0.3001851943576846,0.02199529351072912,-0.00864454741136067,0.256026602028801,0.3649906890130354,15.861024179876468,7.425242456896552,0.16717610690286,-19.017512155706825,1.1577681080483742,1.3498439155163482,1.0209708378232758,0.8812908992306927,81.47878201027312,0.09714285714285717,0.13599999999999998,3.2548614427165266,0.46734974550577785,37.0637331538936,2.881378790214545,672.7336334124644,293.1998730062812,1717.5927759719036,395.08022644872193,2710.381097804602,333.5232107027175,1018.8237321960688,0.1319015911665476,0.05346837751984983,-0.5502467201304269,6.539061473870211,0,GOLDENGIRLS
2_462,194.05320729877693,30.182967888413486,122.2996237764898,0.02252773978537248,0.13091828574071532,0.21194998784369523,0.2730627306273063,0.033697800322635516,0.1608640248634218,7.696974734042553,2.8886626406724347,660.2770894562287,479.3499348475812,0.1226441255848401,0.06528329257204393,0.30431873087444367,0.4385722155669645,0.07738232325341368,-0.13425348469252085,0.0995479490511284,0.6437717075289832,0.5515232904255761,0.0,0.09224841710340703,0.39869969022104557,0.7490774907749077,8.247553653711538,3.6652260638297873,-0.6479275829334374,-5.121602452604053,3.3493235959889747,3.3493235959889747,0.5497839095744681,1.0,89.07717569786534,0.9599999999999996,1.0866666666666667,1.558062394274374,0.267090393137808,33.50291026405789,2.6619766679595354,904.3973433998619,231.5126636748954,1726.025862890691,251.58004992181685,2865.6899758378736,295.1757979729925,980.6463162190059,0.1457610116443208,0.04560559145555789,0.07644218703320153,5.9667853945075535,1,GOLDENGIRLS
2_505,282.2998957600908,83.71416551178416,297.72554649835195,0.02783611018838788,0.1713224963627221,1.4201188711265902,0.3856812933025404,0.019326026639644004,0.18557162391211682,8.704911901595745,1.82850633383549,1550.829615504569,1160.6284886684837,0.13774777472556957,0.07226495672254944,0.46895710363135296,0.3638392984970279,0.15037641213512568,0.10511780513432506,0.15757492464479683,0.43574312808158483,0.4961552541607166,0.1726306012945308,-0.06041212607913177,0.5202256387128226,0.6866359447004609,12.441888119534747,2.290766289893617,-0.9905815993596808,6.106639045109822,1.148520369512104,1.148520369512104,0.6872298869680852,1.0,93.3058608058608,0.3355555555555555,0.69,1.456540365408506,0.3259111895680563,32.941717438678644,8.990923544378527,959.3846528081011,161.26334418015145,1712.91439870985,205.0552301558777,2701.6129092920305,194.1658791602932,871.1141282419647,0.1293761181716947,0.0531959977378147,-10.451606553690546,10.938169024746296,1,GOLDENGIRLS
2_74,177.76938726346364,78.82931333621674,301.680877831685,0.02315434013172573,0.1284014902103816,3.8260369083032106,0.5068027210884354,0.011679807864188936,0.13123378709692582,6.7291259765625,6.515729298098341,722.3445081723974,687.7431890951257,0.12415610092812204,0.059597947060715833,0.42598995229430425,0.5553420903088355,0.33988743092966983,-0.12935213801453127,0.0755435519328801,0.5167050548306801,0.5203916354171169,0.22237479499833035,-0.003686580586436783,0.3858765617168525,0.6190476190476191,11.871366235254076,4.373931884765625,-4.555907740187943,7.992757969516706,14.76436192009488,14.76436192009488,1.009368896484375,1.0,105.76151192184192,0.22000000000000003,0.31333333333333335,2.5342803604744972,0.30884921996155257,29.06289306349807,4.108546995986482,769.7429025520627,285.9588911680817,1622.7319415854433,377.62287503093006,2742.070845424086,327.7023240727972,986.1639714360115,0.12917312265185613,0.05981941995130051,-5.0374085105092465,9.705427557068957,1,GOLDENGIRLS
2_126,173.67252022094905,36.803825183277695,167.734056437824,0.02203832323053634,0.12708103749030983,7.936068816471582,0.8423326133909287,0.025924958775572746,0.14449230985788997,6.427821828358209,5.283394132693692,638.8716122640895,1140.8765946790675,0.1120935109602209,0.059928476121562456,0.534374100468617,0.48575787769238843,0.44076186836569126,0.04861622277622857,0.013437421069714905,0.5703452256799487,0.5854972723330147,0.3234231136765755,-0.01515204665306602,0.14774600643485258,0.28879310344827586,19.666190604126488,8.998950559701493,-2.3360622422466886,-12.39011291498505,2.099120813438851,2.1977062382803005,2.1426072761194033,0.9182958340544896,80.01650012236851,0.05333333333333334,0.020000000000000018,3.6311608107617133,0.3983012707909563,43.39803016055322,1.2690152012486104,672.2847416058336,330.17582399771493,1742.1098796743568,423.10048876939237,2721.188570343747,435.8449641639227,1024.4519143689567,0.131085125672336,0.04914899161265602,2.8982067979667607,10.915777132483253,1,GOLDENGIRLS
2_158,220.10222491851727,69.5590379818862,389.09824460300433,0.023728225705761385,0.1525105556531165,0.8714321858512829,0.2835570469798658,0.003174593017728199,0.07019639076287944,7.358919902912621,5.809895787462709,838.7663598102407,952.8545369428826,0.13477893944278865,0.06033692047702582,0.1579402647455039,0.3274673883480793,0.0913858655950681,-0.1695271236025754,0.06353738867870828,0.41699251797838804,0.5735781519932016,0.046274481338274755,-0.15658563401481357,0.12082778009522721,0.7550335570469798,6.2030640508944686,2.006978155339806,-0.20779021138782883,1.7912700382761884,1.3988439584211374,1.4220965598121778,0.33449635922330095,0.9182958340544896,75.47671802636691,0.2605128205128205,0.41600000000000004,2.3875259992628806,0.3382561366944364,34.442506907809644,3.4830661021767684,902.9742012465833,227.72918889790168,1747.3306100460838,244.26616685137682,2839.1157869954764,254.7133119142433,968.0707928744466,0.13941012929549346,0.04633144408369312,-5.167171513401445,10.090980598433703,1,GOLDENGIRLS
2_255,234.92812222929768,106.28829649199044,387.6655535561091,0.018685875151152047,0.1486680700017023,4.316348529634348,0.6498054474708171,0.006885247736726107,0.14648470993329374,7.305908203125,4.153522023381281,662.3831671139831,556.8371637095526,0.10460169043379333,0.050412608395742915,0.5882379058395859,0.7041743890087988,0.19518001458970663,-0.1159364831692129,0.1349971224696156,0.7083076835548631,0.6784567335537097,0.2556757130278644,0.029850950001153342,0.8419761695027645,0.46511627906976744,10.8790407626912,5.38330078125,-9.797781625018102,4.907749486150285,10.972174448155318,10.46913259259368,1.153564453125,-0.0,116.44430141641094,0.09999999999999999,0.05999999999999999,3.550231275578039,0.39737452247577604,31.112793193902498,1.8422170131024358,790.9626408249907,238.33968896168443,1702.937215884084,224.112098616455,2722.9405957575377,320.6118455889886,965.9889774662735,0.13873822276551562,0.05962572438159304,-2.328515319597302,7.014141279817203,1,GOLDENGIRLS
2_502,179.3468710148558,72.85223685789609,446.4747691664867,0.0221586379149849,0.13734740345683893,4.174567159502308,0.5931972789115646,0.006330361965875623,0.15935035356744734,7.7148539404467416,4.610580153337912,865.1439015089065,963.8687400012452,0.13390542731865146,0.06660658030017866,0.2873951891405005,0.3397014996054114,0.21718895928434978,-0.05230631046491091,0.11493549732605612,0.45677926913031386,0.5279910911926669,0.4355163866123253,-0.07121182206235299,0.22791462587864098,0.4701086956521739,13.638085551478449,5.007887645553148,0.7903696678564573,-5.8291268930934415,0.336541414631629,0.0,0.27069662948935935,-0.0,97.62176778341538,0.09040000000000001,0.134,2.859099644524363,0.3261278748267134,32.23695549131689,3.38638796517037,784.4227182346095,306.83911977722033,1694.5770695548185,352.72046338166024,2675.104678724721,318.4740366649584,945.3409802450557,0.13704313830884232,0.05745986704894715,-4.647499706749708,9.836448144909113,1,GOLDENGIRLS
2_11,247.9782529691144,124.69892787740535,483.81668905455444,0.03188324453136457,0.1720681477534715,-0.13101838109573144,0.19941348973607037,0.040889097586460456,0.3070263647151932,8.379436510180994,2.676550802507685,526.6274023395415,380.8150344546525,0.15629268815587857,0.07054941126667148,0.4063512419113962,0.3181318569508563,0.5917813771642474,0.08821938496053994,0.04960603552439358,0.4326346990855926,0.6424336806886948,0.46577333653501213,-0.20979898160310217,0.2762352647166283,0.837890625,5.628815470008942,1.6564002403846152,-1.2506194540533202,1.8682692385653574,13.878346324214354,13.878346324214354,0.2923059247737556,1.0,89.91474134331278,0.3427272727272727,0.30374999999999996,1.7248968378877478,0.35276862701721223,33.55968297393645,5.828834811882777,892.1931878462906,207.88488318504352,1682.3699318416652,183.79015845941177,2713.2884289170706,193.97571463482973,910.54762053539,0.12895364176018093,0.03518521976406398,-2.1405895003534843,13.169258664078658,1,GOLDENGIRLS
2_135,173.2105693177894,83.11467561698203,490.6881051996757,0.027226925364271702,0.1544514054983004,3.2092175453870975,0.5113484646194927,0.08311443998905486,0.26641964526095285,6.911892361111112,4.823574232337371,974.3153624194659,983.2065151736838,0.14544718654558947,0.06549715521962338,0.22001252767164736,0.26040150096106446,0.02357968892464781,-0.040388973289417096,0.08043958057264033,0.34023264647170104,0.2947784895645629,0.16903085094570328,0.045454156907138166,0.13465845156303968,0.56,14.053105607225612,5.848524305555556,1.7783304347220994,2.6789328125286076,6.319163787094134,10.12835936316345,0.9304470486111112,0.9182958340544896,87.67985289371654,0.0991304347826087,0.08666666666666667,2.7111156561325607,0.34778865691690636,34.76379828867647,5.537872969046966,820.8370180182881,289.778611983405,1679.305387901181,306.77114751774553,2748.803291218969,323.5093570014442,963.9831366003405,0.12003761195805379,0.037882779176421306,-5.493573572041843,10.054620540115131,1,GOLDENGIRLS
2_442,145.45778435873711,71.45605092451862,443.8990458538238,0.025593351193153858,0.16357262397547323,1.829709712356824,0.42120343839541546,,,7.649953741776316,3.5770361195418747,394.70181625878405,389.5649545802045,0.14887107232323102,0.0640412193950409,0.2434915248500089,0.3788052742789861,0.13922150488638038,-0.13531374942897717,0.158549715922904,0.4086550839097023,0.4137700171462927,0.5303300858899107,-0.005114933236590402,0.39869969022104557,0.6171428571428571,8.943874078839087,4.816637541118421,-2.677653602468267,-7.271820404295568,,,,,103.6063372217483,0.13000000000000003,0.195,2.9934212226394092,0.2377139804637845,21.437017441984988,3.610513756619414,827.2680917383199,297.3392858170788,1849.835811598494,343.70362437625283,2777.5664589774237,320.2138317838918,975.149183619552,0.09721714130410768,0.02563896915364913,0.02358920226681808,12.702762775458538,1,GOLDENGIRLS
2_342,189.67696807394822,94.33176455033227,454.16237110647853,0.025339634093176303,0.12736381943814218,1.9391383423068602,0.3206997084548105,0.002869785985373041,0.05179886144288984,7.540246212121212,5.826987402182033,126.04638312925405,121.80258011956855,0.12624478789306293,0.06289612653398073,0.28788218348222416,0.41216623208171216,0.11815923825347825,-0.124284048599488,0.07629713541730687,0.34858640808903835,0.44294534130618596,0.13363062095621225,-0.09435893321714761,0.15021723544996923,0.7434402332361516,6.19597607828612,2.3200757575757573,-0.9196395497590465,8.553135102898608,1.244952575494592,0.267597608654329,0.43501420454545453,-0.0,89.04533136240454,0.2988888888888889,0.41600000000000004,1.837656890186136,0.9600490183563855,33.56348497289943,4.286542174620245,838.1303765648241,265.08091803703644,1702.583440388877,261.31322714881327,2802.2231352141653,225.08747228210362,982.0463793246704,0.15585119781727222,0.08494027868910269,-2.6193652180345826,9.557352240964086,1,GOLDENGIRLS
2_492,242.5479697212244,45.09745669171798,233.96994822584003,0.019421841007662474,0.11861955963640279,5.5141679050813535,0.6356435643564357,0.004448765158071284,0.18067142856968404,7.472709760273972,5.435120283197647,376.2372545386155,426.6013497086934,0.09014215874764357,0.05911842340486997,0.11022217431922979,0.3278108452714837,0.0,-0.2175886709522539,0.083584329236433,0.30425695650727824,0.33196559405098425,0.18257418583505544,-0.027708637543706005,0.20350950905814502,0.4150197628458498,18.23563252358049,5.702857448630136,-0.21395661638889193,4.902451380466235,3.5309780656953147,3.8365215545858966,0.7866010273972602,0.9182958340544896,68.44677083137893,0.09000000000000001,0.09499999999999999,3.102924751325368,0.3386698965733283,28.58645701152201,2.4697920432984377,772.0069834179136,304.3918488581188,1814.1123259298727,400.413343578003,2916.5282789554544,423.4037390249899,1072.2606477687707,0.14379161640072607,0.05760010615946544,3.06957779198014,10.099967306226054,1,GOLDENGIRLS
2_512,243.595317114777,80.16872180626932,395.74215150754384,0.026527675923194997,0.1782824334626692,2.0224184330321298,0.4551282051282051,0.006452251725139045,0.1490906858559843,7.916618795955882,2.2497828875123513,323.4384839588231,236.7058976531581,0.13402149714998757,0.06612564949050789,0.577727928746747,0.6180130312399785,0.04356068418690322,-0.04028510249323147,0.08610039767265021,0.34662613329927555,0.704569339816045,0.13736056394868904,-0.3579432065167694,0.40810312675222893,0.5897435897435898,19.75314938030588,5.0666360294117645,-4.21494260544819,-13.815665230634583,,,,,95.67926550382691,0.14444444444444446,1.06,1.421942660508811,0.2428890898219415,23.659412723861927,5.188790451621693,826.1586309613011,198.5769802046367,1717.0839518008763,275.5220753339594,2858.3184441633784,286.89102760818804,1016.0799066010387,0.13125513551429804,0.06013867025847086,0.7270993008613809,10.183734021451054,1,GOLDENGIRLS
2_121,162.6912204380515,18.617288580495234,80.803357392765,0.024316739142119667,0.14962454557726929,8.180559291984924,0.8916666666666667,0.004016664377736166,0.09673810271402646,6.562499999999999,5.078817941875912,95.32670212180085,106.27847528643431,0.11698382421055717,0.06321265490276642,0.27637733592806263,0.3209773223801568,0.030487112180199904,-0.044599986452094176,0.18087727837941858,0.6225193588656175,0.6103268697457105,0.09950371902099892,0.012192489119907002,0.5617944137104212,0.19166666666666668,28.66375452107124,12.304687499999998,0.5039596329601955,1.6431006214360586,4.283147974124798,4.283147974124798,1.23046875,1.0,92.80625477808576,0.04666666666666667,,4.066572999006655,0.3200618508846713,38.785864885987856,1.2422758050312932,605.7076075639268,164.77476835424838,1592.2149394931585,268.6064346474352,2622.534994328983,310.9611151753148,1008.4136933825281,0.14833425265022435,0.06443034747968755,-5.637559920929454,6.87557850179642,1,GOLDENGIRLS
2_129,181.78007323026142,25.276016293350363,105.40815090776165,0.022579501519240496,0.1440052432724915,2.6338525127287347,0.43243243243243246,,,6.676962209302325,5.022040279616291,486.0501720008364,400.81784055679293,0.1281267233326499,0.05976730185990177,0.34481230482729464,0.4317611727044677,0.24096579867074963,-0.08694886787717304,0.11066234591274138,0.25071244197525844,0.4357641794895486,0.13018891098082386,-0.18505173751429016,0.2966061330248053,0.6148648648648649,10.681754270874453,4.006177325581395,0.05580270928312884,1.2524687864114146,,,,,63.82480264833206,0.09142857142857143,0.088,2.2527205787138813,0.8029749914672881,36.74604553507651,3.073233908775454,732.7503487091973,230.1902763478825,1763.9341413792488,341.461480550663,2855.829521822797,355.3069656429566,1061.5395865567998,0.1334690558425588,0.04803520995744398,-11.571974758985919,8.886745805897768,1,GOLDENGIRLS
2_222,212.15303294850438,71.930976966532,345.1215975884829,0.012592974839757942,0.11259466893996123,8.666745568773136,0.7067209775967414,0.004060015441642069,0.08573210368284612,7.076639524647887,5.146203023653932,24.189196000520724,24.528781324506497,0.09452859570039257,0.0539761444697982,0.23252220637361676,0.344299098215707,0.19848585977273833,-0.11177689184209022,0.1278196087314476,0.42361616560280496,0.3544979640259828,0.25131234497501737,0.06911820157682214,0.34146022435418255,0.4186991869918699,14.814161484358825,7.076639524647887,-2.735068968457409,-2.274577855572285,1.529257088948227,1.9148606202313714,1.213138204225352,0.7219280948873623,88.42872038714307,0.08545454545454546,0.14,2.0282790267864486,0.5011318382645935,41.47703358179123,1.6301448131451621,754.2161915100008,308.1329507963524,1654.8093502267857,396.76651935257996,2910.2268555650853,372.4420735860642,1078.0053320275422,0.18892130344108754,0.08054592525593889,0.7113011625433993,7.260789874327007,1,GOLDENGIRLS
2_604,155.7939973082339,36.521628441876395,302.54505246510354,0.021391792154032228,0.15976078083083364,3.835203251442694,0.5437158469945356,,,7.581413625423646,3.7334247737770094,574.0805028573425,569.6669404123786,0.1369639775869291,0.05901910315672038,0.1544070612529912,0.3571542624480815,0.039223227027636795,-0.20274720119509032,0.23795969765865865,0.5499812837390327,0.43123957813176306,0.2721655269759087,0.1187417056072696,0.32543343659298474,0.4972677595628415,12.209659867119221,6.769119308413969,0.5950840089673678,-0.42063658244324387,2.5054990771340018,2.476658574071015,1.3538238616827938,0.8112781244591328,110.41167434715821,0.1311111111111111,0.36,1.365637161037857,0.2799354263917352,25.655586331901524,1.572445052201199,789.6438277305116,372.7186728729508,1749.2326041825968,404.3899145324657,2785.6350568091316,397.9856529876667,997.99561453931,0.1159128341822623,0.03558306041617817,-1.7503994228384059,5.262588676868759,1,GOLDENGIRLS
2_352,143.70293219361545,65.23144397921504,246.99487951171605,0.022805759006249673,0.13505551364918142,5.726185924783884,0.5777777777777777,,,6.287066605839416,7.299364320988119,437.6126911795818,555.7628383420274,0.13376249205698854,0.06773169523011155,0.47866967577258823,0.4110293045576911,0.027007306464731748,0.06764037121489713,0.0319178727778322,0.5236730561580395,0.5719529309160417,0.26726124191242445,-0.04827987475800222,0.5815855815233053,0.43670886075949367,20.68895011357149,4.715299954379562,-5.985122119743486,-6.078009816641222,,,,,137.5088171335636,0.15142857142857144,0.29000000000000004,4.132800895134481,0.5766056333820208,40.83846736514183,2.9742260021671436,649.0308790496725,341.0745575102215,1701.126256128753,400.47922560648425,2718.04910362042,433.6998787017565,1034.5091122853737,0.12142542852944861,0.05139710024336732,-4.410704299142777,8.988747756816228,1,GOLDENGIRLS
2_344,175.39913068202333,80.32896634583048,354.35301857236107,0.034938452366971386,0.1404413298686903,0.8145940355778625,0.26465364120781526,0.0042306200141869876,0.1047140590334456,7.5895715932377055,3.507868722531695,920.7632808528684,764.7105916500796,0.15417195987423046,0.06522831426399742,0.5759345692372458,0.41945786086600617,0.26726124191242445,0.15647670837123967,0.03247083798802519,0.41174929517474473,0.5869532703392225,0.38490017945975047,-0.17520397516447778,0.0964764855037662,0.7375886524822695,19.37045743355422,2.8240266393442623,1.405392058504622,15.323802120226134,5.622240353948335,3.012057770658693,0.5295049948770492,-0.0,86.40093405059818,0.3171428571428571,0.41,1.966076607486652,0.3432653893511817,36.363568404021535,5.023210897068884,830.2837579494077,140.03287826538823,1579.933593563333,135.90141287874735,2797.1444828883677,227.74213903403958,983.4303624694803,0.11501924543821591,0.0504082081038227,-4.471853640650036,8.043571367817378,1,GOLDENGIRLS
2_465,196.4222692021247,115.98117332486153,425.24053442550405,0.021543545962315034,0.12282505572602824,1.9028790929286716,0.408,,,6.321674311926606,5.507719364546812,1327.8401541933617,2068.1871712883153,0.1526102093295286,0.06762556632416056,0.274702219006165,0.35361087755100434,0.03895446935658096,-0.07890865854483936,0.0498665952210976,0.6210439869401355,0.6217653839924211,0.19611613513818407,-0.0007213970522855773,0.7736996902210456,0.608,10.724821915899373,3.5559418004587156,1.1538283923548855,9.624955789275596,22.587153017409598,0.0,0.7902092889908258,-0.0,56.00727315013029,0.1175,0.175,4.374218764704329,0.27251515614343985,38.47699626809909,8.011780543922278,872.6977909417375,412.7294599970018,1828.2281748121047,322.7952178966499,2829.784602349168,369.00220176361574,978.543405703715,0.11856797836280897,0.04608970297038157,2.011438637479137,5.11260582880352,1,GOLDENGIRLS
2_471,188.89570738986652,23.63030928693318,124.62579868754513,0.010276339606847176,0.11774604710807675,14.62817971602268,0.6270270270270271,0.00582760397403,0.10311668825776349,3.7217881944444446,10.199234937749699,3.223746254071805,3.195507171076184,0.08674863596534103,0.03875014413590195,0.3143515977922487,0.4043909100728961,0.0199007438041998,-0.09003931228064743,0.4974367351253426,0.5341535321947335,0.6156337410192252,0.1709798658334237,-0.0814802088244917,0.6294931508938774,0.6881720430107527,12.073187690380072,4.253472222222222,-4.384360501203158,-13.553294140151273,1.848866386307649,1.848866386307649,1.5950520833333335,1.0,,,,1.1318396177233485,0.46829983314945844,48.84859750351754,0.6943529345800922,754.7048613270924,415.31589494953965,2005.3589871715985,460.37788945997056,3070.6850202444207,305.48516593474045,1157.990079458664,0.19370210755909223,0.08715347912281139,8.384506272212745,7.932865928180814,1,SARCASMOHOLICS
2_361,155.0064605086662,59.223758213294396,307.26836671297167,0.02424776119517507,0.18922792261635665,4.486963267337298,0.6986301369863014,,,5.38330078125,8.49234856427451,48.038087174631634,39.59991252426643,0.15894299061446504,0.0694887857260821,0.215507005077682,0.27968167891870166,0.09148552676223443,-0.06417467384101966,0.12783226984944873,0.5313903405009541,0.6018725784436609,0.15430334996209197,-0.0704822379427068,0.2675475452907251,0.4090909090909091,19.672456466690782,8.5235595703125,-6.289365938111541,-2.2293846028176283,6.425059299945839,7.947380558841739,1.79443359375,0.9182958340544896,135.24156844439258,0.06799999999999999,0.06,2.0307748682404214,0.6686664674410095,50.78752695940174,2.7108977041410904,673.7579817269074,228.53601012756292,1528.5075969796433,491.1992640262935,2895.95347921965,308.4456304424772,1111.0977487463715,0.10103554391684215,0.03207813545033401,2.761675841295093,9.799060175387423,1,SARCASMOHOLICS
2_190,117.22949910160182,39.77493932237616,251.0583038460421,0.0139383462153929,0.11091088510326662,6.849543683135887,0.6081871345029239,0.004002427834241756,0.08863146911873479,6.838246938344595,7.557126822917874,43.47703321854101,43.44955591621021,0.13882386556097673,0.063918946645684,0.33780722750106545,0.3751775843845801,0.1967825528493875,-0.037370356883514644,0.23619283549901837,0.44800565221572686,0.4756797380574934,0.23253892627756367,-0.02767408584176656,0.31698678242032796,0.6140350877192983,8.983748348154311,5.237806165540541,-1.6773719975810115,-4.625739330920549,1.2591037496877275,1.5949103507088818,2.0369246199324325,0.9957274520849255,121.03453151547525,0.14,0.13333333333333333,2.0066119418701502,0.31232259799062717,27.938083389504133,1.4483650730875903,817.4976865675898,392.43466031366546,1883.993576970542,549.4211437162062,3018.528113848543,336.54046715441973,1100.5152136404763,0.141109733818986,0.06370068202869757,-5.055739359743707,6.097789252297509,1,SARCASMOHOLICS
2_271,144.41977439066372,95.32604151430921,489.55745934802746,0.03095733003063594,0.1574391213862177,3.8208688944829636,0.4418052256532066,,,5.177382172131147,9.798976715667266,28.73795403874535,24.22007615138907,0.16398837577108968,0.0678951368659533,0.5567938101787268,0.6854491177250698,0.2602112616551129,-0.12865530754634302,0.06814852222312906,0.6364468216114877,0.5016718162166361,0.3086066999241838,0.13477500539485154,0.2675475452907251,0.6255924170616114,10.44579091721759,3.7653688524590163,0.7886946246393572,2.3857141848058916,,,,,60.71386053842194,0.15333333333333338,0.16285714285714287,4.218683800134106,0.9824013608818106,59.58542104522317,5.498762462997498,761.5518848569695,253.15802135194403,1725.249997441728,407.9718158411672,2961.114632581702,322.7409992553728,1099.7813738623663,0.10119593025130928,0.040434250782701575,0.302045504972391,6.930988324936473,1,SARCASMOHOLICS
2_306,115.21022271984178,58.560760000462224,505.06956151974117,0.028073665800346263,0.14459999125687586,6.270260644455029,0.5997865528281751,0.006695659456856016,0.1253189757995171,6.061197916666666,8.126879334622156,31.65854248419223,31.722941462375776,0.16167235354698276,0.06595978091858284,0.17666176357474572,0.35285496038637276,0.12200376033434059,-0.17619319681162704,0.19553946438153846,0.34424659871103414,0.3999339686562963,0.19757566798144266,-0.05568736994526219,0.31235223822369507,0.4605543710021322,16.903187270098133,9.5703125,0.12482568861900355,-9.605849616916522,1.065039857217444,1.430569312420224,1.0633680555555554,0.9910760598382222,87.49986576686229,0.13846153846153847,0.15000000000000002,4.441920562330238,0.8138623554361418,47.2931373627911,2.325492744577146,870.5496774235295,439.9541745864863,1985.9316341708227,464.0505671441986,2975.1149825697266,367.8924035504649,1052.2826525730984,0.10907577044061596,0.048515419642130894,-4.306462536975485,6.687548449617076,1,SARCASMOHOLICS
2_209,268.8401057798258,73.91054267308726,244.56795870117605,0.026737367444222365,0.13887193094423164,9.973542392450188,0.5729166666666666,,,4.006177325581395,8.533891704380467,4.7330101309886015,6.562116583362603,0.11571556453340444,0.059779735101763924,0.7335929311938421,0.5424881605287288,0.11686340806974298,0.19110477066511322,0.18370293720309505,0.8098883362631003,0.7089216110054872,6.206335383118183e-18,0.10096672525761308,0.7210570543488701,0.4375,16.077673374007443,5.007721656976744,21.19000683245401,15.677738298083801,,,,,119.04761904761905,0.33999999999999997,,3.685539614334317,0.6915965479410427,67.77777777777777,4.700171278555751,680.1833996424195,300.58108459067984,1781.2448158686095,395.1558484639307,3007.5717280005183,276.7858553861715,1163.6941641790497,0.16781109367191602,0.09333813867536561,6.6739272870110105,9.15900958923664,1,SARCASMOHOLICS
2_312,302.9445660095596,83.87509470678116,378.20719694697135,0.01936355585942699,0.10877168484060515,9.502428512484665,0.5030487804878049,0.003667258151242079,0.10298128635718956,4.82118698498162,9.307329248380233,17.453461878292625,32.875845422166286,0.10003383523276904,0.06552288435726522,0.5732726955551127,0.40839115878711646,0.01688620732191947,0.16488153676799627,0.10243306445902667,0.6163644839948337,0.658111380825838,0.24618298195866548,-0.0417468968310043,0.3163594335993538,0.5426829268292683,16.732692384536996,5.122511171542971,-1.1608115885443666,-5.62981881515392,3.3745127995310416,3.367627364350991,0.9039725596840538,-0.0,97.90664160401002,0.09454545454545454,0.11499999999999999,5.81133470357699,0.4732423621500228,37.74120036398676,2.9671242199998824,805.9157073074543,218.2915499342669,1760.4420387311902,313.0926077748585,2893.375583865165,311.121288231838,1043.7299382788553,0.2174961465947307,0.1322617268263156,3.5814078591329,10.76373756674166,1,SARCASMOHOLICS
2_485,157.0871513411775,41.04552416222424,268.91143684175313,0.01681054510218438,0.11951716186775484,6.155084518342178,0.5917874396135265,,,6.459960937499999,9.114818730458957,30.61182836824878,27.244930163394084,0.12251945821380884,0.060707143124568964,0.46487249041525514,0.6251743263593074,0.06827887419989191,-0.16030183594405223,0.04671959791360347,0.6704234641036438,0.6974136215323216,0.26211121699831136,-0.02699015742867772,0.25702632753663246,0.47342995169082125,12.608077934336126,4.0673828125,0.48356033774777357,-6.112356675394608,,,,,114.2415855749189,0.15333333333333335,0.14400000000000004,3.3908954806596894,0.42269545931810787,33.530862322222546,3.4886467629867326,738.2625276898194,366.1366300682312,1814.6835403956436,431.0137182746686,2883.2451496175604,390.3142849617437,1072.4913109638705,0.15088918924744446,0.06468855801104027,-1.7679691879329928,6.149636692591048,1,SARCASMOHOLICS
2_527,305.0826419930192,112.91825783672381,406.5103995608749,0.02316058731441647,0.1026840118008745,8.341404669191412,0.6621621621621622,0.015366147037055721,0.14979346214850567,5.584201142671907,8.546343314743481,12.199466880164834,17.92035117586814,0.09463193609118585,0.06371743417664147,0.2683313067720497,0.4893784037160734,0.14372504678206124,-0.2210470969440237,0.1569427804781225,0.49642395956349866,0.6384026035202355,0.30304576336566325,-0.14197864395673682,0.5270628789290654,0.43243243243243246,16.582506554975737,8.264617691154424,1.556099719683884,-7.623081437665027,6.5738387588956995,8.091177989154655,1.5635763199481343,0.6500224216483541,78.33609162480019,0.1109090909090909,0.11000000000000003,3.7511750198852467,0.6019761355982588,48.8626389310137,2.5296412067592895,768.4723165095883,304.09807822850956,1887.9350589962849,433.7738310292223,2945.1726723547836,320.02218559254624,1088.3501779225976,0.16104999914356394,0.07633771778027486,3.9935925317575447,9.715844125941354,1,SARCASMOHOLICS
2_596,270.15696906202913,149.69608512639522,428.9527070451734,0.03331140085162892,0.19877410564734332,6.3572070757439025,0.7734375,0.025555869226075785,0.2112521974655505,6.5470264605711295,8.62086856300011,27.114430244925813,30.96802055698413,0.1508338699815042,0.08268480693263032,0.39680763722641205,0.5969876269032098,0.06505587446264333,-0.2001799896767978,0.11572079612392727,0.5235989434393793,0.7057480322974169,0.4054424270396916,-0.1821490888580376,0.4146159516898932,0.3671875,43.21630748766267,9.242860885512183,10.336946124742443,13.681843187700714,15.52759470839941,19.17014611082059,1.5404768142520304,0.9182958340544896,121.84404184404187,0.04571428571428571,,3.281149490810898,0.65005988545001,39.276068789649464,4.4624302107972635,648.7201930577185,169.74846446170213,1504.2759769083896,353.53944775748994,2835.6555917775695,210.15969145156916,1093.4676993599255,0.11496069969887386,0.03904853554169835,7.689059290263821,12.162657470046668,1,SARCASMOHOLICS
2_123,209.52533690404528,95.49633244341167,357.62372455716223,0.033365686142906636,0.2147120395420215,3.3047405907493212,0.5482625482625483,,,6.097898230088496,8.086721411451505,60.04792701261901,89.97539388460739,0.18101818881913656,0.07821524948716906,0.4368171930943533,0.37682556538306433,0.02766063884089554,0.059991627711288964,0.06235403351478763,0.45732352775498075,0.4777192154010726,0.5070925528371099,-0.020395687646091842,0.35231453762200304,0.4461538461538462,19.40018300037238,5.716779590707964,7.792711348969575,23.94696348828515,,,,,63.91571391571391,0.04444444444444444,0.09,3.2561130951512287,0.6726261672969445,36.321113585553796,5.043704684557389,681.8404207950442,165.39481664516626,1437.1345593393867,292.8116373974977,2764.4174211797817,179.73149018539868,1041.288500192369,0.08903385320885947,0.01941144023983178,0.1526673268030127,14.485556720158089,1,SARCASMOHOLICS
2_140,198.72192652423354,76.21207328975959,296.32380260844786,0.030924066718409953,0.193038195863872,4.306534845952252,0.39753086419753086,0.01967921625782065,0.24704609390770949,5.3823451091780585,12.490629414970506,98.60901822874146,101.60456824131244,0.1569957465710976,0.07339731184366528,0.44778017493420624,0.6220760974013843,0.020892357824136787,-0.174295922467178,0.07841426780357663,0.5520222503272353,0.7089216110054876,0.29814239699997214,-0.15689936067825228,0.6508668731859697,0.6206896551724138,18.224414206704374,4.159084857092136,-2.592857667019484,-7.5749613756093614,,,,,86.53647498885594,0.30800000000000005,0.22,5.588655164472106,0.9380990146601159,49.443277467075895,4.664796342288871,731.5039788944534,209.93895800866184,1669.7696944724496,411.44207373503093,2803.4997046339076,304.82325387488333,1035.997862869727,0.10626157950647408,0.031245563837626833,0.8361203789491918,11.96349460215248,1,SARCASMOHOLICS
2_338,131.04058722526693,52.19117149606321,263.4366431358176,0.02037796598237272,0.12453298453855366,7.848966401608586,0.6537949400798935,0.009779798400997118,0.11630392866014544,5.963040865384615,8.990484067260295,27.012517748875265,30.182094457561035,0.13672449439406692,0.06205963757347666,0.37143364377070937,0.5509275547176947,0.18262830594468782,-0.17949391094698536,0.08645829309064501,0.4363238673656835,0.5363423741090604,0.21055872190307892,-0.10001850674337687,0.11989494090056019,0.4521276595744681,12.631471209461571,7.685697115384615,0.3277780635473833,13.382308397818797,2.979296422213064,4.020037125181337,0.9275841346153846,0.9182958340544896,80.38404177490217,0.12000000000000001,0.18222222222222223,3.150461203341405,0.8716837614905877,39.38453724955828,1.895791240260851,812.0659342939964,470.20928445996685,1925.0791307690038,473.3843566575238,2954.739746368976,361.8403753147786,1071.3369060374898,0.13248838842961635,0.061614754324284586,-2.0717003838657786,8.74765899918229,1,SARCASMOHOLICS
2_381,152.31589858765756,30.26174611038986,98.66003167624392,0.036517725546131086,0.20098885887396584,1.027470633386377,0.5298013245033113,0.008890153745409017,0.2556619328645259,8.41553637484587,2.949598391081284,72.52622701254609,53.77470985000776,0.17804312562918914,0.045860538990593634,0.3429470057062381,0.4723739287135084,0.2970442628930023,-0.12942692300727032,0.2818809568904116,0.40794032852187945,0.54946157812451,0.5773502691896257,-0.14152124960263057,0.5,0.6052631578947368,14.09314185178817,3.2367447595561036,3.9857317224804225,5.2783690877495,,,,,65.03703703703702,0.152,0.20000000000000004,1.6544222532464825,0.32468982055192774,32.5419332103824,2.9741240410201626,761.0482461768898,114.11365341656213,1819.3150487336175,256.5780570510585,2839.7578901729253,130.76939330643958,1039.3548219980175,0.09151097518315844,0.023420296165155497,-7.939588693403847,16.414522219478254,1,SARCASMOHOLICS
2_511,173.0354377866897,52.97107922130918,398.37278855983527,0.030686056745242038,0.14513629914601664,5.03428889907731,0.4457978075517661,0.006097541335330607,0.11269704009122229,6.309985031258254,10.334999581315316,30.822588034365964,56.9264445407985,0.12664050912567845,0.0679025318670155,0.29284977275880464,0.31454728424793527,0.2820228922314554,-0.021697511489130628,0.037149197656971555,0.8102851732702168,0.655918722333199,0.12382325151194941,0.15436645093701773,0.3711377515054658,0.5815085158150851,17.836250325478233,3.154992515629127,0.9561158474908893,12.8055316507601,8.783803824767464,8.783803824767464,0.36403759795720697,1.0,62.543915981571466,0.16916666666666666,0.2822222222222222,3.9345473592390934,0.7109023735493586,46.54991331654902,4.274079856109166,761.1583126257422,381.70482431131865,1806.02449842947,453.5005740241899,2891.2090116485456,438.86385046347067,1065.025349511402,0.14545027732762175,0.0928425187257736,-2.881877257243035,8.925298503781182,1,FRIENDS
2_287,239.6781432356968,53.72837295140299,198.41236669202908,0.03085561141783099,0.13588548968950176,4.946489620979732,0.36454849498327757,,,3.9735099337748343,9.912999647571231,47.56478489131894,76.80774482847828,0.13460367504876028,0.07380484426864765,0.32559863805625033,0.6345887942621995,0.024914503091731197,-0.30899015620594916,0.12493027969692416,0.404727636879122,0.4537252379167336,0.5488212999484517,-0.04899760103761158,0.5754688941429069,0.6533333333333333,18.861792101275288,2.980132450331126,1.801843040200026,0.3019595859466726,,,,,58.738847359537026,0.38000000000000006,0.11333333333333336,4.544518026403733,0.8240359521670289,59.840327517753565,4.161502647162379,783.893944858393,276.99711114557516,1799.7601528592832,378.4799101398688,2799.836907386711,366.9332187331882,1007.9714812641591,0.1405360679123984,0.06936083073813627,1.5884958060557677,9.764313017695203,1,FRIENDS
2_161,234.5891016175449,35.90430410684145,197.01865506656245,0.02155337692409142,0.16442412090112304,5.836370298803519,0.39953271028037385,,,5.325415826612904,9.192212541008214,26.356377888915095,34.3181343964461,0.11465480175389407,0.06137291907217913,0.37550391471807393,0.4264357737503446,0.04627448133827472,-0.050931859032270654,0.16468307799492288,0.47126108146423407,0.5410720042679176,0.29002094671369905,-0.0698109228036835,0.6175830028406473,0.6121495327102804,22.48424497927256,4.630796370967742,-0.5784337009088827,-7.625875426071387,,,,,83.59870469420618,0.3222222222222222,0.46799999999999997,4.9766108797936015,1.1410723991955307,61.788361026334194,2.8018362443732654,787.6111414963452,244.845418402163,1779.1359211218005,340.68537650981455,2897.892672266753,325.6607071324248,1055.1407653852038,0.14215469224602797,0.057638981367157144,0.19456108657547266,12.15264581062676,1,FRIENDS
2_589,179.62129940426763,71.25324864243495,313.20149455920557,0.019890064287604595,0.16381351780752543,3.4909761065679112,0.4832347140039448,0.0061270063578255365,0.10641402102869418,6.860670821146957,6.740342249273467,52.44079783027664,50.46395664630238,0.1289630267257749,0.06809095691386251,0.43035695075011987,0.5592940582087328,0.00941095715666328,-0.12893710745861292,0.12881254305719347,0.49162568022407566,0.604043007434269,0.10976425998969036,-0.11241732721019332,0.34371816151533297,0.5866141732283464,12.751775954057948,4.508440825325144,3.5751841769870274,19.888452370552113,0.6803429923709494,0.6803429923709494,0.5880574989554535,1.0,95.89711445681294,0.15125,0.18,2.961983478696004,0.4645804386208956,34.45950490982755,3.70946949887263,853.8185369882152,356.71415513196433,1765.8944560608431,456.35942391110916,2939.738802426823,316.49284116282166,1042.9601327193038,0.13725664127936488,0.0526909376571932,-1.164198026594988,7.75372314979684,1,FRIENDS
2_523,164.79340092114276,44.82797574970386,255.50422956400288,0.018441451061518482,0.12313391539932982,7.3386261207273815,0.5497737556561086,0.0021004825839446967,0.07236922055064304,5.636964168848167,8.110778593471304,16.434420328276946,18.14976021697567,0.1262899172697437,0.06634553231424513,0.4812865900112663,0.39882209427777066,0.056011203361120414,0.08246449573349562,0.01833233020157421,0.4431079892772826,0.3698808848834076,0.3721042037676253,0.07322710439387503,0.13023407951339172,0.49321266968325794,14.706510968607898,4.509571335078534,-0.05204796976612512,4.8458418942731605,4.791005374971817,6.077125701837183,0.5636964168848168,0.8112781244591328,51.07411886272385,0.16416666666666668,0.19375,3.8919576923335373,0.6103844116196931,47.964004269083645,2.452109607063291,758.5044185064737,344.53176819529074,1760.0808118752925,449.3287169653871,2849.808492660342,438.27075629533334,1045.652037076934,0.14823510774821871,0.07578570794581911,-6.6571475109166,9.746056159296971,1,FRIENDS
2_491,167.1542882031398,51.956555668031264,290.93825931202275,0.026447245388035882,0.15491572362528291,6.346954009920813,0.28,,,4.492018981880932,9.745826833650234,16.070180708481722,27.01837411722138,0.13255363712219945,0.053864674098462836,0.5968387172414942,0.5175752839678363,0.14322297480788662,0.07926343327365792,0.05684681286265536,0.45903721754240534,0.7336637295392954,0.3535533905932737,-0.27462651199689003,0.44211410869774026,0.7340425531914894,11.54705366670152,2.1138912855910266,3.5584183640538303,1.334607358891759,,,,,52.554945054945044,0.2644444444444445,0.3171428571428571,8.085026677869061,0.8239095321430355,70.00949720291327,2.618550250629724,776.8836495927161,272.11777439078463,1741.4012733508466,365.41494894759404,2845.188703717743,361.71832749146154,1034.1525270625136,0.1107081758269211,0.04252493388044401,-3.6827793734167256,8.647806633051697,1,FRIENDS
2_170,198.06294077040621,48.528766231325314,174.46517535822642,0.05814754118533176,0.13800338286209768,7.138100101072495,0.9047619047619048,,,5.300480769230769,6.6824189160255525,13.90076342481262,19.657686020696804,0.15002335463840796,0.06259070447746187,0.8141684075985095,0.6605323582087357,0.05089865985592872,0.15363604938977382,0.06440428173134705,0.801507377285293,0.5155425014237692,0.09667364890456644,0.28596487586152375,0.23788355085584145,0.22972972972972974,52.19325123387439,9.938401442307692,0.5431199750101093,-2.4863241276771273,,,,,155.0,0.03,,3.701836638742953,0.517931568635351,41.61530345938142,1.6322895073144987,656.8093047821502,288.7760082489057,1792.2096920299443,215.58061975726687,2696.981962667229,283.6861311810091,1020.0863289425394,0.12432636114965089,0.05511620796876325,0.4732122027937886,7.733964016867055,1,FRIENDS
2_500,360.24163952506416,109.1905871213799,467.62049082643307,0.02772634906446506,0.15781454487759644,1.2716912392463358,0.2654600301659125,,,7.202743902439025,8.0866835852196,25.19997907737981,46.64088700032511,0.111540343220655,0.07132866298525774,0.3731383749143298,0.5814284779866469,0.15512630699850571,-0.2082901030723171,0.03819100318171098,0.3872772870388626,0.44121240591989863,0.39056673294247163,-0.053935118881036026,0.4638917158824549,0.75,17.475118201315187,2.4009146341463414,-3.3207089446814857,-8.27059061032059,0.7830754161949469,0.05815113129987021,0.45017149390243905,-0.0,75.62097162097162,0.4109090909090909,1.1066666666666667,2.6431975820759956,0.46618766188461386,39.028908930016286,7.230675783751457,913.7265369719931,193.68105059420287,1732.545399166325,227.99944560069045,2957.920735900732,230.28999163238987,1022.0970994643696,0.12138911969178597,0.05575679884367056,-8.815213988671557,19.124443703513897,1,FRIENDS
2_303,203.8398578403573,38.48888772504091,146.84607740559628,0.016059976083667937,0.1310298421630046,-0.3769546134149734,0.1444043321299639,,,6.818847656250001,7.194272504280698,23.017828589461722,25.647362767968414,0.12949174057229906,0.0608706562579273,0.49505925697621994,0.479918552797013,0.26784755612768335,0.015140704179206932,0.0832759613834757,0.6844726949095994,0.6841911750312885,0.3015113445777636,0.00028151987831093184,1.0,0.8483754512635379,5.516654243328511,1.07666015625,-5.918956439414782,-8.241934994945945,,,,,77.05353126405757,0.6085714285714285,1.005,2.01305976417634,0.765109201402881,40.28518235881926,1.98498707177192,846.739142422438,187.15990326495665,1760.1245176212528,228.32239401775948,2941.9292646296544,231.38594418880828,1047.5950611036083,0.15080518870195636,0.07941840805466492,-3.3303272744144023,9.566804457236072,1,FRIENDS
2_570,367.76314244907456,60.023142142300024,285.7729034755436,0.014443386443741163,0.12365302115568286,2.9240194984878554,0.2857142857142857,,,6.591796875,6.8506511817463105,13.580826602238886,20.504520435905476,0.07077306844045671,0.05482303878785929,0.4519189589738544,0.4383313448559884,0.08553989227683015,0.01358761411786602,0.1331244231575911,0.4772158539425576,0.6031402904818361,0.07161148740394328,-0.12592443653927854,0.42570838888355256,0.7441176470588236,9.240385568629666,2.34375,2.2843068479403996,2.6293146463424772,,,,,103.30496127597577,1.0450000000000002,1.2733333333333334,2.0023656485609354,0.6196628186606823,45.72841085326211,1.4362346119921423,894.033538790941,166.14047106672027,1689.7374456287575,232.4143803003354,2917.806117671545,254.09334789542456,1011.886289440302,0.21085775887301894,0.10456485235623435,-5.992800299502793,9.9188539423266,0,FRIENDS
2_178,191.44233866890642,45.3578356883328,378.691142786723,0.019148446865484503,0.1474955403678495,3.8394359733792918,0.5177664974619289,0.003233242789717165,0.22204429390331917,6.7800693909020815,7.189398512639483,13.092030869448529,14.681658432311266,0.11493988948507472,0.06002848789379987,0.33350849952450856,0.3378680361779124,0.19252438044475584,-0.004359536653403828,0.04684410175639042,0.554626761649167,0.6266936302382811,0.21952851997938078,-0.07206686858911404,0.16643013420394837,0.5212981744421906,15.311325382394894,4.452582883577486,-0.10806265493631614,12.123308457575016,2.8641112558329316,4.697275193736173,0.6071703932151118,0.7219280948873623,89.78848815074687,0.38117647058823534,0.7050000000000001,2.7923433068350865,0.5875305358821998,39.8763687629926,2.254322849157222,816.7683744821911,312.8650299942056,1746.207692828437,332.84862318734673,2869.398369521695,326.7515743480378,1026.3149975197518,0.16350283983073796,0.08656071584572801,-3.190351675434475,13.198096037199079,1,FRIENDS
2_438,190.88673910254894,87.67214033998573,500.2299907767215,0.024058536709788254,0.12060468977760475,3.524254251969741,0.37579617834394907,,,5.541633157169118,9.040515757849604,22.168303132788242,31.43897633596387,0.1333202313560282,0.07469187778041414,0.5467301923536437,0.3306527086915804,0.07987230638308718,0.2160774836620633,0.04290830961084913,0.4433401571490098,0.5072341510184949,0.16666666666666663,-0.06389399386948508,0.25,0.6751592356687898,9.400939583623424,2.374985638786765,-0.7523679377720534,-3.715540835499395,4.3355200630743616,4.324261223351232,0.6333295036764706,0.9182958340544896,77.83705955861501,0.25428571428571434,0.2981818181818182,3.210150748211877,1.148267984046331,39.91051241903371,3.6454895454754035,783.497118707426,200.5432737787559,1706.6202789657946,238.95828210920027,2796.353703047671,270.82177096379127,1006.4282921701226,0.15087597243081385,0.08931312965027424,-0.1894611851763668,11.623270302786047,1,FRIENDS
2_167,283.775862910042,88.953611698289,443.24960009617143,0.021268483429550854,0.13831206580819627,5.045324997761456,0.43106312292358806,,,5.7145808293269225,9.972667283041396,9.352785532041551,13.558702632651544,0.11646338276846388,0.07529297292714757,0.49859534739279593,0.37252373421578183,0.10034174388482477,0.1260716131770141,0.028409474073666008,0.5072378297063291,0.47012309355886,0.30151134457776363,0.03711473614746913,0.18949248098269822,0.5913621262458472,15.597172050542165,5.217660757211538,-0.4169802150652125,13.540544746096355,2.4282170379362085,2.4282170379362085,0.2484600360576923,1.0,60.273752916434674,0.3416,0.36250000000000004,3.3446428661450995,0.6841006291353907,39.3987403205275,3.9618482783361233,856.0433221364561,273.1009145375208,1793.5497930167485,314.55584409492093,2906.7104213579228,389.5850014054907,1025.3335496107334,0.18560184491031176,0.1001071432255774,-4.799796960301606,11.028680230448918,1,FRIENDS
2_373,184.89966871736402,105.66040460604731,441.3831314610937,0.02319209988964287,0.17390520283986188,2.6678560074720203,0.3438914027149321,0.008402627812287764,0.09834057691322229,5.60760498046875,7.445640993830645,9.042441057894859,9.926646766990798,0.2442792170443301,0.30076718683876796,0.3576094241112681,0.46052214015884585,0.35713746626659143,-0.10291271604757773,0.1915316045954777,0.3571629054180676,0.4077414703924411,0.3155972015489016,-0.05057856497437346,0.32730057357934705,0.7239819004524887,6.226851315359133,2.01873779296875,5.581881707697721,18.00803634998396,1.0053137993163936,0.0,0.4486083984375,-0.0,80.04661378721528,0.1885714285714286,0.32,4.612381221110247,0.5188465210589821,39.86076587817146,3.4807134787669396,787.8015221112884,282.99960656729496,1793.9663185496902,409.64750452649747,2966.094188753278,407.7193789851094,1089.1463333209947,0.10794422419110604,0.039587304787331294,-6.3698349822518825,8.25619342244989,1,FRIENDS
2_623,214.32403361570127,43.53948212691535,195.36987330416417,0.01644710377596757,0.12968508597267164,2.3866428359596434,0.3609671848013817,0.00198953712787991,0.04430077233032706,7.20633092629482,7.336808340332311,15.532229350583497,17.813713882278048,0.11587253389740017,0.06542096390813605,0.23957807995005082,0.37102297230381187,0.27600074008053904,-0.13144489235376106,0.08740093188079989,0.7143457964742117,0.5813633340937304,0.39056673294247163,0.13298246238048128,0.3640661146723856,0.6827586206896552,11.386394288803357,2.916848232071713,-1.249915891043479,1.6098780120816478,,,,,88.00586758920092,0.22923076923076927,0.2575,2.0886888928141962,0.43742792379138934,38.87320579679013,3.289759594460396,845.1047882840625,252.14014572179488,1792.44216392138,334.4545540675892,2903.2718264544505,319.1217225580757,1029.0835190851942,0.1605071689770852,0.06812261237037144,-6.341346601226129,9.049990010346173,1,FRIENDS
2_131,144.4271540792936,66.86419346784551,394.20212536364846,0.02147604587914037,0.14825912913284994,1.8197619047547915,0.30515463917525776,,,7.782184287027835,4.394611199071648,17.789782890128848,16.586852998331874,0.14045115061307367,0.06540440479147908,0.4341420699477166,0.5959471772286739,0.03895446935658103,-0.16180510728095726,0.08021750080534151,0.5554108171373145,0.7374066108641079,0.26726124191242445,-0.1819957937267933,0.5815855815233053,0.6790123456790124,11.110642744436095,2.867120526799729,0.8958243035264103,3.550592567036343,,,,,70.14232008592911,0.5377777777777778,0.4733333333333334,2.6021268369889228,0.41162946069254175,38.773244626251454,5.445018842572468,853.7350744418691,199.51955718221132,1702.7653960505227,268.42353588470843,2866.688958908647,305.2629399905664,1006.4769422333889,0.10935276950855317,0.03087368441775376,-6.1218682426674835,9.861608547066702,0,FRIENDS
2_236,174.34898162540048,46.67595589855228,304.03191995786716,0.019102868453382726,0.10889367836874855,6.95008182585506,0.6552287581699346,0.0034052832100654614,0.08620432817399659,6.663104363207547,6.6027729931690535,49.991311354202715,44.17029210819643,0.11191316122500443,0.057770384541107105,0.14645914433574486,0.22794052632040906,0.20532539058829544,-0.0814813819846642,0.054769146520334266,0.3293003567639769,0.4000951296856803,0.09166984970282112,-0.07079477292170339,0.19018167282316611,0.4444444444444444,17.852722563410424,4.387897995283019,-0.14614668005370401,-2.4336722462830744,1.4631074956653918,1.6039601749488257,0.9750884433962265,0.9709505944546686,119.5710217647934,0.1223529411764706,0.19999999999999998,1.90932420174253,0.4066417932241319,34.538952399590585,2.2520603565958046,670.9116624642495,292.5365669380776,1677.632117115944,453.6994731717902,2785.3745059526723,344.47259214720634,1057.2314217442115,0.14465814247509567,0.05493344486090354,-7.430731258071873,7.98205447145872,1,FRIENDS
2_546,156.55658892912317,69.51039064353172,484.360901307796,0.023361941322029796,0.14312335437202084,4.011022229942605,0.478,,,6.350806451612903,8.935128170186006,47.13688077385046,42.9201895914157,0.13046088234445222,0.06029731929880216,0.2568909410943459,0.44668063640084366,0.026602896148920738,-0.18978969530649775,0.08294234065123995,0.39535979864551685,0.6311140705424956,0.3535533905932738,-0.23575427189697873,0.39869969022104557,0.576,12.623180795596433,3.572328629032258,-1.9375399104183113,-3.065726857925144,1.5441918796398717,0.0,0.39692540322580644,-0.0,99.4313321506304,0.10736842105263159,0.10222222222222224,2.996601131013695,0.584983333399572,39.154891783515495,5.342215065007005,815.9709501256957,416.20849563710783,1766.4571514434713,494.8394124623042,2892.9211663859005,448.937291933477,1038.4751081301024,0.125020140506518,0.04297729427963598,-10.360350141038873,8.266571058280055,1,FRIENDS
2_242,181.229749149248,40.49268437461391,278.1435153719417,0.013082875510135083,0.09981972725153894,2.1790622974006553,0.24396135265700483,,,6.9407359166395315,8.599478677686887,37.43333657447611,40.42235459333797,0.10120168907089543,0.05292824842353255,0.5322590268393451,0.6479613591182233,3.5456091556334844e-17,-0.11570233227887816,0.12471840633742914,0.5673643973165544,0.5753332874022685,0.14907119849998604,-0.007968890085714109,0.6508668731859697,0.7874396135265701,5.244227093098175,1.4360143275805928,-0.4036441584607858,-2.247769748458012,,,,,86.14772224679345,0.4833333333333334,0.8733333333333334,1.4957106136891822,0.7509103005134592,39.67741845618307,3.3195177298326657,873.8492526319109,285.3303679848637,1701.855473166414,356.7174308815404,2908.889044145232,306.2314701020728,1017.5198957566606,0.17183158856521585,0.06466157761611585,-12.787117120683666,6.144217200812816,1,FRIENDS
2_169,243.02230712390192,97.90067730097279,464.9917433696368,0.02092272247884878,0.11093209308012644,5.857457347198258,0.47415730337078654,0.001607953215005787,0.04998244548058109,7.047230113636363,7.772505628362972,6.277359170841548,7.654179987924233,0.0957558168009697,0.053474107024978186,0.12528074145179682,0.24082673654624878,0.13102143781311965,-0.11554599509445196,0.0910478905967006,0.4144050563024315,0.3758958310213289,0.09534625892455924,0.03850922528110262,0.21653435175463032,0.5617977528089888,15.72386895783712,4.138849431818182,-1.1728632273866642,-8.689478731409885,2.2504277269051616,2.5637676155545446,0.4474431818181818,0.9182958340544896,69.14687343594004,0.16999999999999998,0.3033333333333333,3.1361407915455537,0.5206743311429766,44.25357811502512,3.4153723013136976,766.1223751666656,308.6087018225564,1776.302833819906,453.5916863999849,2931.639698076635,365.48566286493764,1082.7586614549846,0.15129617794788588,0.05907161905355624,-5.523790901678576,9.709957616479672,1,FRIENDS
2_235,181.42883656377097,38.90207134031157,151.22598811363304,0.020008001305983136,0.1460658532852443,2.697257380938402,0.34814814814814815,0.022322818033918904,0.2429264242504416,6.942465117820568,8.238562246643536,99.40405999424956,93.72795013732316,0.13089551550450956,0.06982989811209452,0.34660120106971215,0.3511828978034405,0.3046358979224713,-0.004581696733728324,0.19824204304550175,0.41307887739874233,0.3714561571924815,0.42163702135578396,0.041622720206260844,0.47337845171564374,0.7333333333333333,8.336467255117286,3.653929009379246,5.125988951232556,8.968031421104055,1.7080777924725936,0.0,0.7307858018758492,-0.0,121.9838132881611,0.23600000000000004,0.5,3.1398541012419,0.4775016361228514,30.660280922900174,2.0898648021520856,809.3743909980931,231.35907997770016,1690.9062457377086,321.3015540789105,2814.2412693812557,313.461889261035,1002.4334391915816,0.19000550282292802,0.09254131079584718,-6.566899302783541,8.410949176167986,0,FRIENDS
2_34,240.83302674742163,105.99384707404046,403.03417554827365,0.03077331114337155,0.13852059833421354,4.885968255588511,0.6018099547511312,0.009645287206039148,0.09360775172425591,7.40203857421875,5.540899393789895,9.354033270615929,11.028905029094929,0.1327088718264345,0.06813455028983212,0.3396845755779184,0.3485771973216289,0.013172726966270856,-0.008892621743710472,0.06582631572013087,0.6316978906413673,0.6132865582451175,0.28942984211696854,0.018411332396249813,0.3128957081365984,0.48868778280542985,22.67287316386297,4.9346923828125,-5.2936704951671025,17.204747621207794,4.832819073478303,4.450238619035908,1.12152099609375,-0.0,109.8959650039047,0.115,0.19499999999999998,2.0358305873997438,0.42828163712432027,33.991990120680995,3.8084768360122983,766.375609698035,213.6002374038413,1674.354875433988,297.45482118486285,2717.8785656262485,347.04617243892505,975.7514779641069,0.15366040540650136,0.08285941124645516,-5.961656928357901,9.4655928580348,1,FRIENDS
2_608,120.87960642530807,23.44351185422737,109.81589058108855,0.025929119416658295,0.16827330455050632,2.0886620104923748,0.3689095127610209,,,7.139350768716577,5.259024813987672,160.2599720120049,116.68697086012274,0.14652645892116084,0.05638727116573238,0.3069745937237039,0.5988377729022092,0.13741348653356483,-0.2918631791785053,0.0973902837564814,0.1816581386766309,0.37088183151255094,0.16903085094570333,-0.18922369283592005,0.35231453762200304,0.6759259259259259,12.400003691699704,1.842413101604278,-1.0534355131483466,-8.338202072989095,,,,,85.47619047619047,0.26666666666666666,0.34,3.4066271693696755,0.5656015733803076,39.06019115311058,3.1192120634743086,702.1555354954702,227.0353230795081,1724.6463973353711,329.5427784075329,2806.3727867750595,354.16226384381844,1052.1086256397946,0.11314929567693763,0.033541651083135914,-9.216901726126354,6.593021594020308,1,FRIENDS
2_524,203.97269602276646,59.388770177027084,261.00781297483593,0.022214380104834446,0.16487623641260454,3.221551578338085,0.43148148148148147,0.0026106767615893802,0.09214183539648117,6.625600961538461,7.095192270633021,15.916330501632341,19.44816195226563,0.12841333111680395,0.06234190278546287,0.30105068246721906,0.36491980007281166,0.06379009321094971,-0.0638691176055926,0.06260598675522278,0.315781546104876,0.425228883816438,0.05031546054266276,-0.10944733771156195,0.4314697346943088,0.6111111111111112,13.33589615507785,3.864933894230769,1.5976924896415847,5.991487294577016,,,,,91.48005042884905,0.18933333333333335,0.196,3.0440362024107928,0.47261873456987236,45.62131625800281,4.211664006159742,745.0089468740392,270.54088773762004,1752.0164287441469,307.67066385529046,2761.8685673456907,323.2425247769604,1008.4298102358259,0.15000462382727867,0.08099718223367558,-2.0459422814997783,7.817340486825055,1,FRIENDS
