id,mfcc1_mean,mfcc1_std,mfcc2_mean,mfcc2_std,mfcc3_mean,mfcc3_std,mfcc4_mean,mfcc4_std,mfcc5_mean,mfcc5_std,mfcc6_mean,mfcc6_std,mfcc7_mean,mfcc7_std,mfcc8_mean,mfcc8_std,mfcc9_mean,mfcc9_std,mfcc10_mean,mfcc10_std,mfcc11_mean,mfcc11_std,mfcc12_mean,mfcc12_std,mfcc13_mean,mfcc13_std,spectral_centroid_mean,spectral_centroid_std
1_10004,-244.2266845703125,150.31805419921875,70.95361328125,64.51031494140625,-37.044517517089844,38.88008499145508,19.708877563476562,20.701852798461914,-22.682476043701172,23.934017181396484,-1.5322482585906982,17.002962112426758,-1.9316773414611816,10.816906929016113,-1.7636569738388062,14.109601974487305,-15.373952865600586,14.741357803344727,-12.56139087677002,9.441953659057617,-11.473212242126465,10.906477928161621,-8.690567970275879,8.086376190185547,-6.478873252868652,7.671876430511475,2736.4116047888465,1329.8361379595742
1_10009,-199.5012969970703,64.5146713256836,106.00394439697266,32.00885772705078,-67.64879608154297,22.326072692871094,5.401297092437744,13.853446006774902,-34.46597671508789,12.57439136505127,-4.401904582977295,9.561894416809082,-13.428747177124023,9.056933403015137,-7.992976665496826,7.943295955657959,-12.24382495880127,9.520613670349121,-3.9169583320617676,9.45829963684082,-2.9064645767211914,9.777312278747559,-7.525287628173828,8.254193305969238,-16.712203979492188,6.68441104888916,2091.9181306493765,562.065509193868
1_1001,-78.78043365478516,109.13636779785156,84.73112487792969,46.389041900634766,-20.50640869140625,35.93832778930664,31.591638565063477,24.685657501220703,-13.259864807128906,17.777462005615234,4.382521629333496,15.048669815063477,-20.94733238220215,14.964603424072266,-6.273219585418701,12.19933032989502,-21.339588165283203,13.691225051879883,-2.6627306938171387,12.071487426757812,-3.7122268676757812,12.967445373535156,-8.257476806640625,14.23218822479248,-9.524367332458496,9.129659652709961,2454.722385804621,1223.811219374141
1_1003,-98.8131332397461,82.31591033935547,110.6584701538086,49.638511657714844,-17.922996520996094,21.646377563476562,36.1038703918457,23.812589645385742,-12.306427955627441,16.743932723999023,2.548701524734497,17.293222427368164,-21.08830451965332,13.288779258728027,-9.79681396484375,11.024714469909668,-20.760517120361328,13.754369735717773,2.1360671520233154,11.16427993774414,-2.1987953186035156,12.392178535461426,-9.931139945983887,8.682572364807129,-13.474226951599121,7.8653788566589355,1885.5832233242354,914.7699070055862
1_10190,-298.80322265625,110.4543685913086,64.23301696777344,53.87513732910156,-43.656410217285156,37.881317138671875,22.328628540039062,27.209781646728516,-17.134199142456055,25.634084701538086,-3.4459004402160645,18.165475845336914,-10.617966651916504,15.746440887451172,-12.30160903930664,15.233596801757812,-25.717134475708008,14.43835163116455,-11.103738784790039,12.249439239501953,-11.204122543334961,12.650003433227539,-12.356719017028809,8.790069580078125,-10.733417510986328,10.532968521118164,2600.083519770009,1142.974042583452
1_10462,-242.24179077148438,79.11660766601562,95.01622009277344,51.91533279418945,-32.36481475830078,30.426921844482422,26.705385208129883,23.042556762695312,-17.805870056152344,18.756330490112305,1.7197394371032715,18.914859771728516,-6.317646026611328,10.871941566467285,-13.49223804473877,11.652798652648926,-19.220382690429688,13.276165008544922,-0.9509159326553345,13.094929695129395,-1.0723981857299805,11.341578483581543,-5.040048599243164,9.708257675170898,-10.362180709838867,8.283159255981445,2311.061040087858,967.4631799333436
1_10495,-331.7168884277344,169.33970642089844,73.48464965820312,53.65727615356445,-41.551666259765625,36.650611877441406,6.7428412437438965,23.15000343322754,-23.549175262451172,23.739749908447266,-7.649374485015869,21.590709686279297,-6.4456095695495605,13.871432304382324,-9.819560050964355,14.858183860778809,-14.988258361816406,15.018169403076172,-4.934967994689941,9.315199851989746,-8.709644317626953,13.354656219482422,-8.365076065063477,9.320019721984863,-14.900797843933105,11.725300788879395,2627.723073501993,1159.8195533130936
1_10496,-227.8971405029297,107.5741195678711,83.22039794921875,47.51898193359375,-60.706424713134766,33.6085319519043,10.98670768737793,28.134838104248047,-22.150985717773438,23.389087677001953,-13.76237678527832,20.858671188354492,-10.384613990783691,14.11731243133545,-9.391257286071777,15.04221248626709,-25.615673065185547,14.21221923828125,-5.003406524658203,12.24069595336914,-7.277253150939941,11.013568878173828,-13.326800346374512,9.42391300201416,-10.303576469421387,12.005192756652832,2330.4454965766304,906.4740503780232
1_105,2.3830208778381348,50.176761627197266,81.63508605957031,47.26260757446289,-45.85767364501953,31.61735725402832,13.044099807739258,18.44626808166504,-20.373188018798828,18.780445098876953,-1.3505338430404663,17.82769012451172,-13.738910675048828,12.627602577209473,-7.149064540863037,12.881589889526367,-21.239919662475586,11.88146686553955,-6.316731929779053,8.528159141540527,-8.185653686523438,8.709625244140625,-5.438045501708984,8.520476341247559,-11.131122589111328,7.779123306274414,2488.0321606138095,1125.7814639609896
1_10748,-225.04942321777344,79.0296630859375,104.73983764648438,34.9021110534668,-57.046905517578125,33.442501068115234,15.700050354003906,20.27009391784668,-24.716886520385742,16.19671058654785,-0.6577368974685669,14.771378517150879,-12.026504516601562,13.0978364944458,-11.141900062561035,9.154032707214355,-16.593713760375977,8.187201499938965,-0.6553359627723694,9.928961753845215,-6.205264091491699,8.073309898376465,-3.0809104442596436,8.846534729003906,-12.280139923095703,8.382707595825195,2163.8842405218556,853.9418388056197
1_10797,-291.731201171875,76.41473388671875,76.99853515625,43.973724365234375,-42.314945220947266,43.00843048095703,15.892475128173828,26.195131301879883,-26.917648315429688,19.374006271362305,-2.447300434112549,14.543105125427246,-12.167195320129395,10.48183822631836,-16.61436653137207,12.945053100585938,-16.93501091003418,10.149259567260742,-4.436280250549316,11.937064170837402,-12.650850296020508,11.228151321411133,-7.424839973449707,9.22762680053711,-19.610916137695312,9.337642669677734,2682.404702968607,1268.653682173671
1_10810,-297.96881103515625,59.336036682128906,109.08226013183594,54.01493835449219,-37.23625946044922,31.834819793701172,28.90111541748047,19.324359893798828,-19.088626861572266,20.2878360748291,7.191403865814209,16.292652130126953,-6.487231254577637,14.543136596679688,-3.548570394515991,11.28067684173584,-12.782938003540039,13.91357135772705,-0.23844881355762482,10.882087707519531,-8.341198921203613,10.234559059143066,-2.25571870803833,9.760607719421387,-10.302897453308105,8.476805686950684,2164.339208995448,1048.2206986222182
1_10829,-298.8770446777344,77.62714385986328,109.28506469726562,42.9091911315918,-71.4181137084961,37.73640823364258,8.748686790466309,16.153200149536133,-30.65633201599121,23.18817710876465,-9.206771850585938,21.643478393554688,-7.572021961212158,14.848355293273926,-10.559845924377441,11.875107765197754,-22.159046173095703,12.009737968444824,1.3841712474822998,9.979279518127441,-9.477421760559082,9.73458194732666,-9.828667640686035,8.325163841247559,-14.244690895080566,8.705567359924316,2079.609398104586,807.1585922540762
1_10849,-324.5641784667969,133.11988830566406,105.53538513183594,51.61737823486328,-40.74848175048828,34.100528717041016,11.67070484161377,16.00661849975586,-24.473527908325195,18.27128028869629,2.3629462718963623,13.059946060180664,-3.7093546390533447,12.622714042663574,-6.344989776611328,12.045814514160156,-16.543397903442383,11.477468490600586,-1.408121943473816,11.18349552154541,-4.895377159118652,10.993821144104004,4.20835018157959,13.038052558898926,-13.670825004577637,9.936484336853027,2194.7252783571307,949.2735569203885
1_10853,-319.81732177734375,63.68696212768555,75.22090148925781,38.84275817871094,-38.35585021972656,35.94558334350586,4.995413303375244,20.158735275268555,-29.06828498840332,22.53700065612793,0.08732036501169205,16.078086853027344,-13.095597267150879,14.091968536376953,-6.76881217956543,12.159992218017578,-19.310270309448242,11.851715087890625,-8.30319595336914,8.278887748718262,-7.875830173492432,10.376729965209961,-12.184722900390625,11.64830493927002,-18.092729568481445,10.51494026184082,2541.747429270746,914.8777012117437
1_10857,-283.6361999511719,76.6146240234375,84.96208190917969,58.41749572753906,-51.028663635253906,30.569534301757812,13.185696601867676,17.1394100189209,-16.194929122924805,22.146411895751953,4.385916709899902,13.563942909240723,-13.351025581359863,11.50822925567627,-10.621362686157227,11.159645080566406,-26.091886520385742,13.818666458129883,-6.361176013946533,12.938612937927246,-11.390070915222168,10.227967262268066,-10.820821762084961,9.884517669677734,-17.922100067138672,9.625880241394043,2548.5145636093757,1284.1038536837261
1_10859,-284.7676086425781,63.909549713134766,93.8067398071289,56.6658821105957,-30.268510818481445,25.395828247070312,20.34654426574707,18.53379249572754,-21.75279426574707,12.97403621673584,-0.20699673891067505,17.275354385375977,-13.384532928466797,12.227877616882324,-9.057280540466309,10.392131805419922,-18.58775520324707,15.517122268676758,-4.22104549407959,10.936081886291504,-10.671836853027344,12.140527725219727,-8.92101001739502,7.548521995544434,-14.234503746032715,6.568581581115723,2294.66667033045,1057.2554468991298
1_10890,-237.95089721679688,61.74427032470703,108.77525329589844,35.66067886352539,-60.99484634399414,26.787696838378906,14.957904815673828,22.421844482421875,-28.458091735839844,18.855531692504883,3.169105291366577,9.806541442871094,-15.883935928344727,11.335234642028809,-12.004744529724121,10.331239700317383,-23.778606414794922,11.019231796264648,0.24739913642406464,10.23121452331543,-12.444571495056152,10.0847806930542,-10.305900573730469,7.816643238067627,-11.980724334716797,8.740426063537598,2101.5182843676916,704.7398321622426
1_10977,-288.9009094238281,75.49382019042969,116.68147277832031,57.53038787841797,-47.523616790771484,37.301090240478516,21.089345932006836,18.175525665283203,-31.665681838989258,16.043991088867188,4.274529457092285,15.70535945892334,-11.435687065124512,13.101149559020996,-14.208642959594727,10.16247272491455,-23.220218658447266,11.73898983001709,0.16312703490257263,10.994104385375977,0.11467782407999039,9.77910327911377,-3.712778091430664,6.793971061706543,-13.78575325012207,8.484981536865234,2182.412336278385,1008.5270348691944
1_11006,-334.38006591796875,119.17851257324219,65.43629455566406,37.79488754272461,17.45848274230957,25.084238052368164,39.32876968383789,26.49908447265625,-29.617429733276367,16.11621856689453,-9.310710906982422,16.218589782714844,-9.537368774414062,17.38897132873535,12.95942497253418,10.268319129943848,-12.279471397399902,13.690128326416016,-19.344446182250977,13.69707202911377,-13.0707426071167,9.762702941894531,-3.820836067199707,8.258956909179688,-6.243907928466797,7.415492057800293,2831.831362873206,1135.0091045376582
1_11021,-235.0065460205078,96.84840393066406,99.73263549804688,35.955101013183594,-61.43817901611328,33.45820999145508,4.143703937530518,23.868019104003906,-31.64796257019043,16.223413467407227,1.1671258211135864,11.823864936828613,-11.886438369750977,11.8663911819458,-9.99833869934082,11.712876319885254,-8.211841583251953,9.92436408996582,-4.71449613571167,10.348379135131836,-3.0889058113098145,10.393587112426758,-10.68614387512207,9.288740158081055,-11.963417053222656,9.467074394226074,2201.0398482656396,816.2065799199332
1_11042,-215.7706298828125,60.20170974731445,95.3541259765625,40.70846939086914,-38.74502182006836,43.5136833190918,21.43201446533203,22.516735076904297,-24.659337997436523,19.258485794067383,12.158881187438965,13.485292434692383,-3.751134157180786,10.650123596191406,-3.883019208908081,8.804801940917969,-6.825464248657227,9.200007438659668,-0.38684141635894775,11.543303489685059,-0.21972820162773132,10.452993392944336,-2.702521800994873,9.196966171264648,-3.659149169921875,11.870267868041992,2468.5262107847675,1059.8197951254342
1_11046,-211.51609802246094,77.69564819335938,104.56788635253906,34.439266204833984,-62.889400482177734,31.63127326965332,9.293468475341797,18.521991729736328,-35.60538864135742,17.8356990814209,0.6498900651931763,13.332901954650879,-5.330587387084961,9.512361526489258,-11.355122566223145,9.909100532531738,-14.926990509033203,8.981283187866211,-2.9641430377960205,7.978013038635254,-7.027712821960449,7.342795372009277,-6.310749530792236,7.600584983825684,-11.688945770263672,7.722242832183838,2111.1620541099815,627.5908755013336
1_11051,-205.2113494873047,67.30900573730469,102.20101928710938,32.9356689453125,-63.87079620361328,35.17782974243164,17.57442855834961,19.150259017944336,-35.10638427734375,23.51984405517578,5.993938446044922,11.539779663085938,-21.859806060791016,11.502893447875977,-12.560490608215332,8.155241966247559,-19.883419036865234,12.590017318725586,-6.494907855987549,8.711136817932129,-10.288912773132324,9.463274955749512,-11.530113220214844,8.533480644226074,-10.544702529907227,8.871476173400879,2105.4345679225717,616.5883659672381
1_11055,-235.22438049316406,71.51460266113281,97.85235595703125,46.219581604003906,-46.25299072265625,36.609249114990234,11.105097770690918,24.787935256958008,-33.56159591674805,22.292417526245117,-7.706445693969727,16.02522087097168,-17.467931747436523,14.647906303405762,-16.129955291748047,13.050642967224121,-14.836520195007324,12.200591087341309,-14.53689956665039,13.584959983825684,-6.985579490661621,9.405305862426758,-11.946703910827637,10.878425598144531,-17.36453628540039,9.650229454040527,2216.28388454444,981.695067435804
1_11098,-278.6716003417969,105.30671691894531,79.76837158203125,50.17461395263672,-62.642845153808594,38.75448226928711,-2.9756579399108887,20.576807022094727,-34.739898681640625,23.51263427734375,3.116621255874634,13.5816650390625,-17.77991485595703,16.220151901245117,-16.17973518371582,16.16647720336914,-19.482027053833008,10.283988952636719,-5.920339584350586,10.092151641845703,-4.749337196350098,12.086352348327637,-9.030219078063965,11.82241153717041,-12.206669807434082,11.607124328613281,2532.4653941845895,1292.169477059568
1_11120,-250.84317016601562,106.7356948852539,98.50065612792969,45.963462829589844,-59.755802154541016,35.99582290649414,3.4997706413269043,20.15346908569336,-18.507925033569336,23.622983932495117,-9.388171195983887,12.835450172424316,-12.994028091430664,12.277740478515625,-15.718823432922363,11.880277633666992,-24.093557357788086,12.672404289245605,1.0065511465072632,10.578879356384277,-9.141447067260742,11.133711814880371,-13.523114204406738,9.720437049865723,-12.366496086120605,9.689067840576172,2163.0557322064747,948.5464352556069
1_11177,-294.37847900390625,91.99076843261719,106.38690185546875,44.06161117553711,-53.46317672729492,28.040008544921875,4.820385932922363,19.977760314941406,-19.18311882019043,19.871906280517578,-3.948101758956909,16.345130920410156,-6.282954692840576,12.069683074951172,-9.217225074768066,14.489569664001465,-22.936298370361328,12.897285461425781,-1.1837146282196045,10.678884506225586,-7.77791690826416,11.632678031921387,-6.475370407104492,8.216115951538086,-10.736434936523438,11.031510353088379,2041.9912107817595,747.6778031435259
1_11201,-248.5830535888672,65.40206909179688,104.12850952148438,45.69640350341797,-37.98369216918945,39.88481521606445,14.503401756286621,20.11959457397461,-15.690357208251953,13.10737419128418,5.846360683441162,14.315320014953613,-1.1469786167144775,11.802815437316895,-5.2850661277771,11.915583610534668,-4.132397651672363,10.31590461730957,9.267884254455566,10.89523983001709,-7.658035755157471,11.258017539978027,2.0277700424194336,8.684674263000488,-6.470611095428467,8.445710182189941,2264.8401425678517,1069.9613663072412
1_11224,-262.9320983886719,122.01795959472656,104.993408203125,43.55511474609375,-50.22358703613281,32.24676513671875,16.853803634643555,25.710803985595703,-25.88719367980957,22.627450942993164,-5.276978969573975,15.45829963684082,-7.423081874847412,11.455002784729004,-9.100003242492676,10.369588851928711,-18.244462966918945,11.081140518188477,0.6585721969604492,9.047006607055664,-7.014322280883789,10.828080177307129,-3.255309820175171,10.377654075622559,-9.80976390838623,10.67180061340332,2209.246792096762,885.5577997433284
1_11232,-341.89410400390625,105.42620086669922,83.40623474121094,42.98120880126953,-52.900291442871094,35.46849822998047,-0.9545128345489502,20.1755428314209,-37.157569885253906,20.9243106842041,-8.914469718933105,16.456174850463867,-13.051375389099121,12.467449188232422,-12.052740097045898,12.878352165222168,-13.015946388244629,10.711098670959473,-7.3283915519714355,15.717259407043457,-7.354497909545898,15.489089012145996,-0.3876244127750397,16.75543212890625,-1.0335804224014282,18.464479446411133,2156.555834967696,736.29124354922
1_11236,-261.9025573730469,91.61763763427734,82.80210876464844,46.52070617675781,-50.3868408203125,31.67491340637207,13.242691040039062,22.991304397583008,-11.592117309570312,24.930002212524414,-11.857771873474121,19.029592514038086,-11.397730827331543,14.348703384399414,-11.824126243591309,13.88087272644043,-33.047508239746094,16.192317962646484,-6.070432662963867,12.548927307128906,-6.8946614265441895,12.096150398254395,-13.676309585571289,11.148655891418457,-10.482012748718262,12.282661437988281,2381.621647474149,1041.4145402286879
1_11242,-319.71649169921875,109.90206146240234,88.91619873046875,70.78043365478516,-33.85266876220703,46.076202392578125,19.47381019592285,28.315750122070312,-25.247739791870117,25.273286819458008,-8.033355712890625,21.099445343017578,-6.119483947753906,14.959548950195312,-6.0461015701293945,12.562788009643555,-10.457262992858887,13.712327003479004,-9.442343711853027,16.475187301635742,-10.313846588134766,14.833610534667969,-3.681995153427124,14.563985824584961,-1.8281742334365845,14.142149925231934,2277.661760896123,1415.615471857861
1_11243,-225.53311157226562,83.66018676757812,99.49927520751953,40.5684700012207,-51.207366943359375,27.78453826904297,16.906681060791016,28.522029876708984,-22.85201072692871,19.99089241027832,-11.351396560668945,13.365522384643555,-14.260552406311035,13.164274215698242,-8.078848838806152,11.280503273010254,-25.568117141723633,16.674354553222656,-0.4993811845779419,12.616205215454102,-12.308574676513672,8.29514217376709,-9.439024925231934,9.712742805480957,-6.957736492156982,11.30288028717041,2111.335137643276,692.1755892074167
1_11253,-247.46844482421875,84.4493408203125,87.0967025756836,43.620548248291016,-56.448665618896484,34.356319427490234,9.647661209106445,22.174142837524414,-24.86956214904785,21.630496978759766,-11.803539276123047,19.28676986694336,-13.857515335083008,13.969926834106445,-12.96216869354248,14.02744197845459,-22.66523551940918,11.192523956298828,-3.463763952255249,12.339468002319336,-10.721819877624512,12.828337669372559,-11.068299293518066,8.797033309936523,-13.833890914916992,11.051677703857422,2315.949511520109,960.6052705146684
1_11257,-252.64329528808594,54.64360809326172,93.3967514038086,49.02755355834961,-44.608001708984375,23.000587463378906,11.570954322814941,19.671791076660156,-27.710630416870117,13.270283699035645,-0.13007785379886627,15.991521835327148,-12.984074592590332,12.893333435058594,-19.871688842773438,11.880584716796875,-21.359052658081055,14.313315391540527,-3.4807732105255127,11.24263858795166,-4.115909576416016,8.42803955078125,-9.28950309753418,8.855624198913574,-10.946803092956543,8.998696327209473,2216.4329621410575,1048.9688041507916
1_11306,-315.2626037597656,138.0433349609375,58.43632125854492,63.659976959228516,-20.041776657104492,26.914216995239258,28.10799789428711,17.07752227783203,-13.554847717285156,14.956450462341309,9.345076560974121,18.568946838378906,0.34687936305999756,12.456625938415527,-3.018124580383301,12.230467796325684,-10.84885311126709,13.5790433883667,-3.1477551460266113,9.350407600402832,-1.3867210149765015,9.483102798461914,-1.7895643711090088,7.230508804321289,-9.724629402160645,7.509078502655029,3181.7465358363975,1315.0699299456828
1_11322,-261.76385498046875,76.18283081054688,99.29100036621094,43.84480285644531,-61.23099899291992,29.259714126586914,-5.94367790222168,17.896526336669922,-39.54673767089844,15.454219818115234,-8.951650619506836,13.883753776550293,-11.332793235778809,13.008626937866211,-11.33592700958252,8.750239372253418,-21.00278091430664,10.39997386932373,-2.7711801528930664,9.953596115112305,-8.12057876586914,9.931556701660156,-9.952468872070312,10.316244125366211,-11.202644348144531,8.888080596923828,2099.950533173141,878.1004741660166
1_11378,-243.8488006591797,79.2701187133789,95.04623413085938,35.577476501464844,-27.121442794799805,29.162744522094727,13.738804817199707,19.85003089904785,-7.841442108154297,15.297174453735352,0.4805535674095154,14.649426460266113,-7.644275188446045,10.428633689880371,-3.711228847503662,8.809486389160156,-17.255220413208008,10.569208145141602,-2.801201105117798,8.9376802444458,-5.6269211769104,8.094852447509766,-2.570876359939575,6.941715717315674,-9.619040489196777,5.622603893280029,2327.933876543897,777.8930014569999
1_11439,-232.9083709716797,68.7490463256836,91.92089080810547,44.281314849853516,-33.82825469970703,36.848838806152344,14.806843757629395,26.776004791259766,-20.545093536376953,20.024709701538086,3.8247103691101074,15.345040321350098,-2.934093713760376,13.743633270263672,-2.290635585784912,9.894211769104004,-14.46074390411377,12.976594924926758,-2.277588367462158,10.839693069458008,-3.305269956588745,9.340071678161621,-3.4905736446380615,8.672478675842285,-8.654081344604492,14.319485664367676,2351.203341347585,1031.0944131804738
1_1144,-126.74922943115234,71.49569702148438,116.18329620361328,40.74683380126953,-55.665855407714844,32.28038024902344,17.64620018005371,22.634695053100586,-13.998231887817383,25.140029907226562,-11.016365051269531,15.816704750061035,-8.680051803588867,10.355789184570312,-6.567824363708496,13.33912467956543,-28.459863662719727,10.577415466308594,-2.451861619949341,12.056610107421875,-14.98509693145752,10.551620483398438,-12.535981178283691,10.489649772644043,-13.727996826171875,8.888854026794434,1869.3111365495438,728.9388239556205
1_11485,-289.91070556640625,74.6095199584961,76.2621841430664,47.00372314453125,-36.30533218383789,37.5583381652832,0.6675187349319458,19.34611701965332,-37.26596450805664,18.32027816772461,-10.481062889099121,15.05070972442627,-7.813705921173096,9.835585594177246,-10.538005828857422,10.19899845123291,-25.486238479614258,12.516386032104492,-5.7369608879089355,11.54664421081543,-10.862954139709473,8.289199829101562,-11.673890113830566,10.382878303527832,-16.046781539916992,11.131330490112305,2540.8196678258523,998.5204026475795
1_11526,-264.5147705078125,74.6655044555664,90.44672393798828,54.663570404052734,-44.588104248046875,41.596309661865234,10.607367515563965,23.09855079650879,-26.464672088623047,25.0732479095459,-19.261287689208984,21.665630340576172,0.646876871585846,16.413393020629883,-5.7125067710876465,14.797855377197266,-29.372730255126953,14.630997657775879,-4.999416828155518,11.164726257324219,-13.001615524291992,11.801631927490234,-10.838134765625,9.919578552246094,-8.973854064941406,10.392253875732422,2357.959584683428,1090.2865395004035
1_11529,-305.8399963378906,159.0330352783203,82.74484252929688,41.91667938232422,-31.340160369873047,33.81558609008789,18.96792221069336,24.232852935791016,-5.61787223815918,18.946975708007812,-9.06256103515625,17.518381118774414,1.0055763721466064,13.768208503723145,-3.5188615322113037,10.815102577209473,-21.337461471557617,17.561187744140625,-6.790320873260498,10.599645614624023,-13.848088264465332,12.707184791564941,-8.17186164855957,9.259353637695312,-9.254931449890137,10.923125267028809,2459.214488041651,784.468826755716
1_11609,-314.236572265625,99.1722183227539,67.54745483398438,59.01911163330078,-20.492658615112305,40.35700225830078,20.06887435913086,19.22570037841797,-18.802467346191406,28.322681427001953,-2.071918249130249,17.047988891601562,-3.360870361328125,13.537687301635742,-10.431617736816406,13.245491981506348,-31.355541229248047,13.099879264831543,-15.19186019897461,11.161290168762207,-16.995031356811523,14.539464950561523,-6.613206386566162,12.127330780029297,-16.73645782470703,8.795576095581055,2686.3122771578464,1433.699896145191
1_11697,-235.36453247070312,106.58235931396484,57.31703186035156,56.855873107910156,-46.020606994628906,37.18467712402344,-0.04407190531492233,23.097795486450195,-29.17916488647461,19.47188377380371,-4.95482063293457,15.832423210144043,-8.53512191772461,12.584976196289062,-9.489729881286621,10.983979225158691,-18.47525978088379,11.24256420135498,-7.756402015686035,12.271346092224121,-8.610177040100098,9.180119514465332,-8.54085922241211,11.859376907348633,-7.769103527069092,16.523422241210938,2992.5423397703653,1367.6797271073701
1_11699,-275.6648864746094,103.5299301147461,112.8398666381836,50.25584411621094,-30.69301986694336,32.27898025512695,14.271873474121094,17.693939208984375,-17.605066299438477,25.35794448852539,-10.560193061828613,16.9802188873291,-6.526939392089844,12.479515075683594,-4.290226936340332,12.685345649719238,-25.15943717956543,17.197586059570312,-10.035350799560547,13.09681510925293,-10.99770736694336,12.896183013916016,-9.400912284851074,9.202858924865723,-9.660886764526367,11.687978744506836,1870.2158045793828,982.6948849422411
1_11723,-354.5203857421875,163.60723876953125,67.20932006835938,58.808441162109375,-16.428712844848633,33.738136291503906,26.705167770385742,30.06179428100586,-4.297732353210449,19.8242244720459,-1.8654979467391968,14.84091567993164,-7.471506595611572,16.897342681884766,-3.2865800857543945,16.348228454589844,-22.534404754638672,20.789339065551758,-9.057958602905273,11.98345947265625,-8.273091316223145,11.397759437561035,-10.093206405639648,9.79275894165039,-9.117157936096191,8.356376647949219,2555.1861446215444,1260.7213202181613
1_11736,-306.1573486328125,116.2743911743164,90.56685638427734,51.984710693359375,-43.733795166015625,42.54841232299805,-4.009749412536621,22.305438995361328,-17.795108795166016,16.788211822509766,-20.05438804626465,26.526649475097656,-10.786063194274902,18.584829330444336,-14.295845031738281,11.949274063110352,-12.964362144470215,11.157811164855957,-4.11288595199585,11.477274894714355,-15.000725746154785,10.40868091583252,-9.994476318359375,8.450550079345703,-17.991540908813477,9.627569198608398,2341.4317718108455,1236.6239668746882
1_11773,-245.48272705078125,69.58619689941406,87.77272033691406,52.99962615966797,-49.363426208496094,35.041046142578125,9.266688346862793,24.096622467041016,-24.538183212280273,17.900197982788086,-8.851380348205566,12.970264434814453,-16.87567901611328,11.364500045776367,-11.080647468566895,8.950133323669434,-18.954456329345703,9.6333589553833,-0.9554552435874939,9.611627578735352,-6.823238372802734,8.207274436950684,-6.429814338684082,8.356334686279297,-10.555846214294434,11.370382308959961,2366.1120073478955,1023.9454038775258
1_1180,-161.8981170654297,87.56962585449219,94.70213317871094,57.84986877441406,-29.715171813964844,36.64420700073242,27.458784103393555,28.90787124633789,-9.162697792053223,25.160755157470703,-2.2262628078460693,22.736366271972656,-6.200847625732422,13.721482276916504,-1.3353108167648315,11.565695762634277,-21.241573333740234,12.8984956741333,-4.837278842926025,9.6903076171875,-13.079753875732422,12.32616138458252,-11.90503215789795,12.180541038513184,-12.997289657592773,8.738574028015137,2288.1974334767697,1252.096952863788
1_1185,-141.85781860351562,99.02828979492188,120.2932357788086,46.61555099487305,-56.487178802490234,32.15806198120117,5.857972145080566,14.243395805358887,-33.93416213989258,20.020177841186523,-4.62858247756958,11.369256019592285,-8.479779243469238,10.737744331359863,-14.820684432983398,12.350342750549316,-14.870280265808105,11.320589065551758,3.487701654434204,6.224673748016357,-7.869163990020752,8.33297061920166,-6.094994068145752,7.048482418060303,-12.993114471435547,6.439447402954102,1961.6469377446808,1013.5901012764896
1_11885,-238.4055633544922,62.902854919433594,84.80538177490234,40.28932189941406,-50.29918670654297,30.911991119384766,15.026731491088867,18.83209800720215,-22.7789306640625,15.942633628845215,-2.1869990825653076,14.336971282958984,-15.274300575256348,10.70557689666748,-16.548864364624023,11.643771171569824,-18.94873809814453,13.708911895751953,-11.345991134643555,13.78771686553955,-1.7949267625808716,10.786026954650879,-9.981694221496582,8.348715782165527,-14.213584899902344,7.835675239562988,2150.4644866250896,857.4407282060587
1_11889,-275.30023193359375,78.05909729003906,60.59849166870117,52.84168243408203,-54.20485305786133,45.731510162353516,15.146614074707031,26.761272430419922,-27.0308895111084,20.422285079956055,-5.702415943145752,20.26578712463379,-4.3697028160095215,15.178439140319824,-10.111113548278809,12.200541496276855,-14.93310260772705,10.08330249786377,-12.81721019744873,11.215670585632324,-9.483259201049805,10.43320369720459,-7.58660364151001,9.711026191711426,-14.703536033630371,8.45744514465332,2701.949761961738,1262.8688539933412
1_1189,-132.25527954101562,51.88307189941406,144.76036071777344,46.025794982910156,-16.134387969970703,31.26947593688965,16.90860939025879,16.771812438964844,-16.239179611206055,19.211227416992188,4.22709846496582,16.90220832824707,-2.2293570041656494,14.934412956237793,-1.9620273113250732,13.628216743469238,-14.589869499206543,13.963180541992188,-0.47728750109672546,10.97587776184082,-3.3158762454986572,9.35053825378418,-1.079406499862671,7.614218711853027,-3.9752118587493896,10.707601547241211,1528.8225405649976,865.3397663206639
1_11901,-255.47091674804688,84.27385711669922,95.29558563232422,46.064422607421875,-49.50678253173828,37.04058074951172,7.381892681121826,23.950809478759766,-23.30362319946289,23.118282318115234,-15.906481742858887,18.76848793029785,-6.759856700897217,15.915950775146484,-6.66090202331543,13.563521385192871,-29.16795539855957,14.034062385559082,-4.7251296043396,11.126873970031738,-7.051462173461914,11.866410255432129,-13.018444061279297,10.041627883911133,-9.032211303710938,10.613146781921387,2112.066545556071,844.3148304168834
1_11913,-251.3878173828125,122.33211517333984,71.90848541259766,58.263694763183594,-28.65219497680664,31.129037857055664,12.196449279785156,25.423635482788086,-11.30105972290039,20.00722312927246,-4.493877410888672,17.49827766418457,-8.091254234313965,12.52447509765625,-17.421627044677734,14.645708084106445,-23.233850479125977,15.269871711730957,0.6106577515602112,8.377861022949219,-8.328932762145996,9.303617477416992,-4.786221981048584,8.964129447937012,-11.416664123535156,7.815776824951172,2727.2827748416385,1223.8084120837539
1_11924,-228.1070556640625,75.06063079833984,111.4679183959961,41.981040954589844,-48.35980987548828,28.565326690673828,23.173049926757812,23.345630645751953,-12.231060028076172,15.394281387329102,-6.338511943817139,16.591659545898438,-14.356914520263672,12.076745986938477,-5.612161636352539,9.485843658447266,-21.83626365661621,12.021928787231445,2.6469671726226807,12.580095291137695,-5.453408241271973,8.59450626373291,-5.3610310554504395,7.8998589515686035,-7.467129230499268,8.73873519897461,2025.8863203811413,822.1978610232759
1_11928,-258.542724609375,115.02641296386719,105.15081787109375,29.07107162475586,-56.63044738769531,42.06716537475586,15.667274475097656,21.239051818847656,-21.405927658081055,15.347973823547363,-13.222662925720215,13.034184455871582,-4.3126983642578125,10.743873596191406,-7.872176170349121,11.196200370788574,-12.910489082336426,10.360286712646484,6.932224273681641,9.611236572265625,-6.979196548461914,10.975414276123047,-2.7289700508117676,8.43243408203125,-9.764225006103516,7.553532123565674,2181.5282267129787,820.6732126190656
1_12002,-207.92466735839844,69.7393798828125,130.6468048095703,29.09115982055664,-54.75933837890625,25.605228424072266,5.772034645080566,20.66295623779297,-29.797462463378906,17.15500831604004,-12.281899452209473,14.42595100402832,-0.1891161948442459,13.301609992980957,-8.683747291564941,12.20745849609375,-24.004533767700195,11.75121784210205,-2.866424798965454,10.553881645202637,-10.483122825622559,8.28381061553955,-2.431962490081787,10.125617027282715,-8.568058967590332,8.96518325805664,1717.8304789348606,479.91119439707126
1_12083,-251.32275390625,115.88263702392578,104.32259368896484,48.95478057861328,-46.32284164428711,33.22941207885742,19.138439178466797,20.759065628051758,-23.35747528076172,24.03330421447754,-9.280338287353516,16.96689224243164,-7.419342041015625,13.404422760009766,-15.993903160095215,11.761994361877441,-28.620698928833008,14.187371253967285,-0.29276949167251587,10.892989158630371,-2.409538745880127,8.792716026306152,-8.235636711120605,9.619808197021484,-11.521120071411133,9.020713806152344,2159.08396786129,906.9467062960664
1_12202,-226.29534912109375,81.4610366821289,86.16519165039062,50.21465301513672,-45.359249114990234,37.27244567871094,1.1212388277053833,23.52910804748535,-23.94307518005371,17.602130889892578,0.4933236837387085,14.65164852142334,-18.292179107666016,14.549629211425781,-19.649181365966797,12.30333137512207,-16.932586669921875,13.646278381347656,-7.177226543426514,12.31563949584961,-6.801377296447754,7.977328777313232,-4.34446907043457,7.7201433181762695,-17.757051467895508,8.311100006103516,2472.2643587774132,1154.479821449229
1_12275,-305.2361145019531,66.80780792236328,93.45589447021484,50.956783294677734,-65.10822296142578,33.879539489746094,8.70245361328125,21.79646873474121,-34.215576171875,22.550552368164062,-9.3544282913208,18.352619171142578,-9.054605484008789,14.320416450500488,-13.933890342712402,15.722905158996582,-15.07304573059082,13.259471893310547,-9.797815322875977,13.855111122131348,-0.8040952086448669,13.722028732299805,-11.470376014709473,8.64511489868164,-16.452470779418945,9.13790512084961,2291.3552023340894,938.9178508311138
1_12320,-321.8994445800781,89.08734130859375,91.023193359375,46.2191047668457,-31.657629013061523,38.304664611816406,30.380489349365234,26.37431526184082,-13.08796215057373,21.56818962097168,-0.10602616518735886,14.023917198181152,-9.156200408935547,16.672643661499023,0.994113028049469,13.543878555297852,-18.631229400634766,13.379955291748047,0.9531638026237488,10.844511985778809,0.9588893055915833,11.049689292907715,-4.39139986038208,9.434082984924316,-11.029292106628418,8.962306022644043,2414.8370118826765,1003.2628730957396
1_12331,-352.6715087890625,99.72493743896484,111.86520385742188,53.94227981567383,15.524399757385254,39.93584442138672,18.131471633911133,21.72200584411621,1.6963075399398804,14.862199783325195,4.316736698150635,17.44260025024414,-8.753365516662598,11.615060806274414,6.7442946434021,12.072854042053223,-3.9790618419647217,12.633870124816895,0.011989262886345387,11.752551078796387,-0.7929542064666748,9.682483673095703,-1.2501848936080933,9.107088088989258,0.9686803221702576,12.630512237548828,2082.971678497674,1205.4870721742293
1_1262,-233.49594116210938,70.16874694824219,109.67156219482422,47.36579895019531,-23.562044143676758,29.190683364868164,27.790891647338867,27.337636947631836,-5.528228759765625,26.645835876464844,2.9190375804901123,18.778806686401367,-8.883831024169922,11.521857261657715,-11.082565307617188,14.16113567352295,-27.15914535522461,12.340476989746094,-4.913936614990234,9.85505199432373,-13.06200885772705,12.37175464630127,-11.673651695251465,9.622126579284668,-8.89578914642334,8.616893768310547,2042.6781443339871,990.2488291110973
1_1296,-99.6672134399414,61.09122848510742,120.82217407226562,39.37091064453125,-34.065189361572266,27.6057071685791,-0.10433443635702133,19.046855926513672,-15.925884246826172,16.42426109313965,3.11240816116333,16.668716430664062,-23.55215072631836,12.635943412780762,-0.9131481647491455,12.238502502441406,-23.56793212890625,13.215836524963379,-10.767559051513672,9.086443901062012,2.5289714336395264,11.043912887573242,-15.142687797546387,8.84257698059082,-2.4506733417510986,10.28973388671875,1930.995702887988,877.3553882984751
1_1466,-168.45436096191406,61.44071578979492,128.0446319580078,28.084123611450195,-40.759002685546875,26.749181747436523,15.525728225708008,14.71133041381836,-18.438587188720703,19.13480567932129,-4.643824577331543,15.230300903320312,-4.087357997894287,12.644336700439453,-6.6908488273620605,12.002958297729492,-24.36345100402832,13.578642845153809,-4.645306587219238,11.998982429504395,-16.108413696289062,9.725824356079102,-7.364013195037842,7.820722579956055,-10.513049125671387,9.49089241027832,1675.3380665417474,530.9325752481913
1_1470,-220.60916137695312,73.427734375,86.72950744628906,48.011959075927734,-32.141685485839844,39.85157775878906,24.991518020629883,26.239700317382812,-12.207770347595215,22.374956130981445,0.5372724533081055,15.567883491516113,-11.632253646850586,13.059059143066406,2.9574241638183594,9.729476928710938,-18.88653564453125,11.936267852783203,-0.8962288498878479,7.718018531799316,-8.495787620544434,6.774180889129639,-3.95307993888855,7.402169704437256,-10.121182441711426,5.758169174194336,2548.5518931394695,1558.0210568277494
1_1478,-141.05979919433594,63.07023620605469,109.85809326171875,39.90125274658203,-44.692481994628906,31.037803649902344,14.063922882080078,24.3410587310791,-24.232072830200195,18.197479248046875,-4.6916093826293945,18.835981369018555,-8.83335018157959,12.25290584564209,-9.475654602050781,10.264758110046387,-24.746437072753906,13.835015296936035,3.6961591243743896,10.455223083496094,-6.523077487945557,9.096549987792969,-5.193310260772705,7.084718227386475,-9.312192916870117,8.351905822753906,2048.5220589151013,802.63256538748
1_1484,-178.02102661132812,85.34821319580078,98.03934478759766,50.572357177734375,-34.845035552978516,31.232656478881836,24.12472915649414,32.97552490234375,-9.616827964782715,22.526920318603516,-3.059443235397339,16.26976776123047,-9.821908950805664,12.153619766235352,-4.30066442489624,14.165862083435059,-28.28081512451172,18.067909240722656,-12.740967750549316,10.500805854797363,-13.482803344726562,9.708953857421875,-13.098409652709961,10.18642520904541,-11.642472267150879,10.044637680053711,1990.8250211551815,995.9429457560191
1_1549,-128.17538452148438,60.80763626098633,107.10364532470703,48.09498977661133,-51.729915618896484,28.158233642578125,11.77131462097168,29.5144100189209,-29.73244285583496,22.527494430541992,-1.2162535190582275,18.533750534057617,-13.257136344909668,11.794836044311523,-6.659291744232178,13.105788230895996,-25.21104621887207,12.923842430114746,2.8892934322357178,9.586204528808594,-8.342936515808105,11.184296607971191,-5.9607977867126465,7.390218257904053,-7.013237953186035,8.416226387023926,2129.8074154717565,924.2240091194269
1_1560,-144.37167358398438,60.50743103027344,132.19387817382812,41.46806716918945,-31.295120239257812,27.29043197631836,13.42817497253418,18.900772094726562,-17.522289276123047,20.768404006958008,-8.076582908630371,17.426830291748047,-12.570182800292969,13.093046188354492,-7.998579025268555,11.496307373046875,-25.139253616333008,11.545848846435547,-4.367429256439209,8.210860252380371,-11.409648895263672,9.334099769592285,-10.276811599731445,8.203069686889648,-15.7453031539917,7.8496198654174805,1662.9394648656373,823.2923962398241
1_162,-91.01952362060547,101.25230407714844,112.30890655517578,32.41664123535156,-31.31825065612793,22.81771469116211,21.546611785888672,22.837425231933594,-10.362081527709961,22.379186630249023,-0.9798377752304077,11.639226913452148,-3.1108415126800537,12.239133834838867,0.8137830495834351,10.592992782592773,-12.224852561950684,12.391409873962402,11.676519393920898,8.003483772277832,-3.166233777999878,12.817646980285645,3.3993756771087646,9.5748872756958,-6.9449567794799805,9.580267906188965,1874.5409041349449,576.6326395941974
1_1627,-179.80099487304688,86.35270690917969,109.52478790283203,35.265357971191406,-45.89004898071289,29.651390075683594,19.15754508972168,22.7123966217041,-21.9406795501709,15.970102310180664,-6.656485080718994,15.78233528137207,-11.566547393798828,13.781473159790039,-8.84392261505127,13.454360008239746,-21.136144638061523,11.648571968078613,-0.74643874168396,11.689555168151855,-7.369446277618408,10.203514099121094,1.7878559827804565,11.372786521911621,-12.793951034545898,10.418852806091309,1994.2810864620988,780.8268312189618
1_1638,-204.3951873779297,140.32763671875,125.24652099609375,51.42584228515625,-33.92250442504883,38.656890869140625,2.9339759349823,22.30392074584961,-22.70272445678711,22.86091423034668,-7.275365829467773,15.782167434692383,-14.887109756469727,16.2003116607666,-11.272421836853027,13.081769943237305,-17.42319679260254,13.94266414642334,-8.921819686889648,12.854531288146973,-5.2045111656188965,10.449195861816406,-8.044516563415527,10.787293434143066,-15.12475299835205,10.899806022644043,1863.6948364403017,954.1612989623777
1_1666,-165.14230346679688,89.95487976074219,114.81744384765625,55.82920837402344,-38.711631774902344,34.28550338745117,2.6632275581359863,22.976459503173828,-28.067909240722656,15.441500663757324,-5.624892711639404,13.005731582641602,-13.012755393981934,14.762561798095703,-15.108383178710938,10.692732810974121,-22.39940643310547,10.278684616088867,-3.666177988052368,10.855278015136719,-7.4120707511901855,7.87030553817749,-5.792357444763184,8.555578231811523,-14.209249496459961,7.931177139282227,2105.2292137753057,1133.7427227553828
1_1678,-149.82833862304688,42.12678146362305,116.90064239501953,36.202125549316406,-46.033329010009766,33.933048248291016,16.677709579467773,17.910987854003906,-29.062101364135742,20.271102905273438,-6.735352516174316,15.196887016296387,-10.586627006530762,10.343213081359863,-12.734617233276367,9.07656192779541,-28.291833877563477,10.449956893920898,-0.008056640625,8.8064603805542,-5.475523948669434,8.99500560760498,-3.497100353240967,8.381640434265137,-10.612732887268066,8.807828903198242,1953.1398416644167,830.7673947222688
1_1722,-179.59507751464844,50.96590042114258,129.49960327148438,41.37372589111328,-25.58975601196289,23.993545532226562,29.399580001831055,23.713665008544922,-6.222353935241699,16.44266128540039,-2.2718393802642822,16.952152252197266,-14.827615737915039,11.920031547546387,-7.1529765129089355,12.203413963317871,-21.779586791992188,9.754636764526367,-13.190997123718262,10.372868537902832,-17.37151527404785,11.49140453338623,-6.514608860015869,7.752795696258545,-11.33139419555664,6.793374538421631,1613.93808611388,845.1598561685362
1_1732,-186.1120147705078,72.52975463867188,108.67152404785156,43.88286590576172,-39.0924186706543,38.36935043334961,14.8485689163208,25.11809539794922,-27.83433723449707,19.087379455566406,-5.8007025718688965,14.703434944152832,-8.150956153869629,12.073530197143555,-7.341253280639648,16.038461685180664,-16.635351181030273,11.116085052490234,-1.8672492504119873,11.029646873474121,-11.726880073547363,12.434455871582031,-6.0695576667785645,9.29733943939209,-18.919294357299805,10.695552825927734,2075.353927256175,1033.7361876705093
1_175,-32.49674987792969,53.04187774658203,105.11719512939453,45.06479263305664,-35.16716384887695,32.102298736572266,12.40687084197998,20.507104873657227,-23.59762954711914,22.190690994262695,-4.001762866973877,14.606181144714355,-10.916543960571289,12.004840850830078,-10.043561935424805,11.281429290771484,-20.22173500061035,9.809375762939453,-0.01819109544157982,10.997308731079102,-8.258606910705566,11.637157440185547,-5.444721698760986,8.59593391418457,-13.475521087646484,8.6583251953125,2038.470269901102,975.672242671378
1_1772,-143.41598510742188,74.89227294921875,99.16802215576172,40.918609619140625,-44.477447509765625,36.14755630493164,21.56222915649414,28.67930793762207,-24.44528579711914,21.325931549072266,-12.44898509979248,18.351160049438477,-19.51118278503418,14.10712718963623,-4.758115768432617,13.349248886108398,-33.64161682128906,21.115198135375977,2.7432336807250977,14.507573127746582,-7.675837993621826,11.525773048400879,-8.934021949768066,12.741242408752441,-10.307013511657715,10.556488990783691,2096.816503138701,845.6448318374528
1_1798,-155.8176727294922,65.03520202636719,105.11628723144531,47.31298065185547,-28.51024627685547,28.6317081451416,15.026529312133789,17.829971313476562,-14.273122787475586,19.380958557128906,-3.162290096282959,13.129549980163574,-15.406821250915527,13.547035217285156,-14.089882850646973,11.00597858428955,-27.295543670654297,12.714923858642578,6.842300891876221,9.715629577636719,-10.515421867370605,9.23469352722168,-7.57174015045166,10.571186065673828,-7.305744647979736,8.73893928527832,2100.4763100679543,1109.1738202338722
1_1803,-160.57073974609375,95.8427505493164,132.75430297851562,32.05991744995117,-42.38297653198242,29.481739044189453,7.441498279571533,20.169858932495117,-17.604616165161133,18.0172119140625,-2.6906943321228027,11.879242897033691,-16.39412498474121,11.323659896850586,-14.932417869567871,12.57986831665039,-15.255701065063477,9.431963920593262,-2.2633581161499023,11.155313491821289,-2.8000733852386475,10.015868186950684,-3.3863985538482666,9.175711631774902,-12.632946014404297,8.545755386352539,1724.8305680348033,642.9288012730817
1_182,-68.17679595947266,102.93164825439453,107.90563201904297,39.38026809692383,-28.9036865234375,27.452295303344727,19.583242416381836,22.840579986572266,-19.05500030517578,18.138675689697266,2.349466562271118,12.808733940124512,-12.294183731079102,11.750282287597656,-8.77133846282959,10.429977416992188,-15.121788024902344,10.476932525634766,3.355417251586914,7.865976333618164,-7.498197078704834,9.077784538269043,-10.65786075592041,7.623744964599609,-17.552303314208984,8.972861289978027,2004.3481061936193,824.6356639828551
1_1931,-112.65760803222656,76.53460693359375,117.33848571777344,40.041297912597656,-43.88544464111328,34.228641510009766,7.055576324462891,15.659406661987305,-28.027315139770508,16.63901710510254,-7.455595970153809,13.592497825622559,-12.514101028442383,12.387273788452148,-4.628718852996826,9.992807388305664,-11.05401611328125,8.304628372192383,-1.6286994218826294,10.043987274169922,-7.124345779418945,9.097963333129883,-2.2245378494262695,9.437360763549805,-11.717151641845703,10.091489791870117,2010.9385717406758,920.4904283252864
1_1973,-177.09475708007812,47.65693283081055,85.24627685546875,38.95962142944336,-33.59254455566406,30.51851463317871,16.057373046875,25.284074783325195,-26.82493782043457,19.354461669921875,-4.6231303215026855,11.762475967407227,-14.66275691986084,10.627789497375488,0.16713234782218933,11.145771026611328,-14.197188377380371,9.811358451843262,1.6356855630874634,9.028064727783203,-5.3860249519348145,10.803475379943848,-4.672387599945068,8.292695999145508,-14.607891082763672,6.812369346618652,2487.2593426605417,990.8743485997821
1_1987,-209.25474548339844,73.84986877441406,93.17068481445312,33.485374450683594,-48.80531692504883,29.879545211791992,12.14389419555664,26.898847579956055,-12.479782104492188,18.217798233032227,9.44913387298584,16.273269653320312,-9.75936508178711,12.512706756591797,0.6274794936180115,12.973099708557129,-17.068845748901367,11.965331077575684,-0.9719626903533936,11.586750984191895,-5.593748092651367,10.0537109375,-15.331579208374023,10.241432189941406,-11.188436508178711,9.9996337890625,2084.5972407556587,755.8772329840114
1_2075,-150.36817932128906,48.73966598510742,85.06981658935547,33.97710418701172,-27.678993225097656,24.084758758544922,14.785736083984375,20.908740997314453,-18.583215713500977,20.44926643371582,6.43234920501709,12.251601219177246,-0.8391727209091187,12.313719749450684,-3.210700035095215,12.848772048950195,-17.60190773010254,9.903998374938965,-8.924769401550293,9.701444625854492,-7.601937294006348,9.8145112991333,-6.541863918304443,9.730018615722656,-8.302849769592285,8.466047286987305,2405.626670153266,826.1819034928315
1_2119,-72.7799301147461,45.4023323059082,80.75473022460938,23.982322692871094,-40.76525115966797,18.963232040405273,16.718162536621094,16.97359275817871,-23.08198356628418,10.471678733825684,6.217888355255127,11.07231616973877,-1.1572105884552002,8.62950611114502,-1.4942951202392578,9.580057144165039,-16.273395538330078,7.354429244995117,9.048486709594727,10.202865600585938,-0.4027217924594879,7.630778789520264,-0.8742003440856934,7.204533100128174,-14.373820304870605,7.377694129943848,2543.359321737537,422.15701729179045
1_213,-51.25229263305664,71.53073120117188,82.49777221679688,50.357181549072266,-20.848087310791016,28.493024826049805,32.30358123779297,23.601465225219727,-7.5430731773376465,18.810344696044922,4.504788398742676,16.387739181518555,-12.009174346923828,12.08084487915039,-2.241666555404663,13.942265510559082,-18.27861785888672,10.897727012634277,-3.444199323654175,9.735353469848633,-9.027365684509277,10.649259567260742,-5.207869529724121,9.947790145874023,-8.053755760192871,8.806118965148926,2417.3054697193334,1146.7474381760721
1_2198,-128.51797485351562,60.134151458740234,80.02948760986328,49.73643112182617,-36.20623779296875,27.120349884033203,30.2664852142334,23.290937423706055,-10.139260292053223,20.151884078979492,4.206719875335693,18.013980865478516,-1.0156458616256714,12.207510948181152,-3.903444528579712,12.354950904846191,-19.374574661254883,13.174129486083984,0.0659857988357544,10.451150894165039,-13.486974716186523,13.318485260009766,-7.202585220336914,9.612470626831055,-13.52800178527832,9.208569526672363,2514.543894484436,1057.755453103129
1_2216,-147.56117248535156,68.4484634399414,87.90043640136719,36.06270980834961,-19.58670997619629,23.011308670043945,28.665332794189453,23.34278678894043,-8.8338041305542,18.217506408691406,5.482234001159668,13.125808715820312,1.972988247871399,14.522358894348145,2.5131380558013916,10.043011665344238,-11.296977043151855,9.370074272155762,4.28309440612793,9.838037490844727,1.8155009746551514,9.44029426574707,5.221158027648926,9.157967567443848,-2.2598509788513184,8.203425407409668,2302.7377480648656,733.3250083197753
1_2354,-150.61990356445312,80.12110900878906,81.02500915527344,42.96027374267578,-37.116607666015625,24.88081169128418,17.724369049072266,18.50569725036621,-17.82093048095703,19.36942481994629,3.5657711029052734,15.093348503112793,-5.69626522064209,12.175870895385742,-2.851271390914917,14.883076667785645,-28.6201229095459,15.725677490234375,-9.138259887695312,10.457942962646484,-8.078396797180176,11.008009910583496,-7.613450050354004,8.759893417358398,-13.137359619140625,8.73688793182373,2386.166247310946,982.6587693451444
1_2361,-134.15513610839844,66.85113525390625,78.95636749267578,32.074703216552734,-34.901275634765625,25.43923568725586,23.616178512573242,23.253583908081055,-11.760664939880371,18.529560089111328,11.454971313476562,11.575623512268066,-12.88574504852295,13.335257530212402,-9.488266944885254,12.634991645812988,-13.839316368103027,10.273355484008789,-1.4857070446014404,13.093026161193848,2.2200660705566406,11.415185928344727,0.14138422906398773,8.805787086486816,-6.988070487976074,6.9606122970581055,2520.099739053555,854.8435210935182
1_2420,-110.35480499267578,48.82352066040039,97.17932891845703,39.66755294799805,-43.73931121826172,24.804201126098633,18.63631248474121,13.107040405273438,-26.63125991821289,13.498467445373535,-2.047929286956787,13.782674789428711,-2.361006259918213,10.233579635620117,-8.476506233215332,11.142662048339844,-17.37739372253418,9.72737979888916,1.0195183753967285,12.256447792053223,-6.796012878417969,6.8520660400390625,-4.983684539794922,8.396973609924316,-18.060453414916992,8.617318153381348,2310.20332068129,890.9341576389779
1_2423,-127.02217102050781,48.77822494506836,74.51568603515625,45.13369369506836,-22.060531616210938,27.955602645874023,25.396913528442383,23.62057876586914,-6.309830188751221,22.387298583984375,3.4448885917663574,19.099220275878906,-4.334625244140625,10.964186668395996,-1.200541615486145,12.166025161743164,-15.381845474243164,12.893099784851074,-5.020758628845215,10.629335403442383,-12.540797233581543,11.548133850097656,-4.647171497344971,9.436358451843262,-14.361087799072266,8.483100891113281,2671.2791631175915,1003.1810171236058
1_2464,-151.83444213867188,70.55419158935547,56.36809158325195,38.566471099853516,-18.675098419189453,24.682388305664062,24.19782257080078,21.213529586791992,-21.80348014831543,17.852262496948242,7.4741435050964355,17.281946182250977,-5.9679951667785645,11.411331176757812,4.645544052124023,11.790656089782715,-11.915238380432129,12.44311237335205,3.2526957988739014,10.548074722290039,-2.514566659927368,8.792938232421875,-7.920567989349365,8.289399147033691,-13.96733283996582,8.611444473266602,3038.91507167715,1066.6459950725516
1_2575,-148.7392120361328,110.45570373535156,76.2362060546875,43.009586334228516,-14.178292274475098,20.84505844116211,35.79117202758789,19.704008102416992,-1.7266449928283691,17.909109115600586,4.7530975341796875,19.427270889282227,7.2568793296813965,11.958942413330078,-12.827909469604492,9.873115539550781,-31.609289169311523,15.522857666015625,-6.988043785095215,8.903189659118652,-14.488965034484863,12.120233535766602,-11.383888244628906,10.593607902526855,-12.613574981689453,8.268346786499023,2411.6035401386694,943.9315509984726
1_2580,-105.30506134033203,59.99153518676758,88.39767456054688,45.13422393798828,-23.091514587402344,27.594873428344727,31.581445693969727,23.710107803344727,-11.999488830566406,18.625261306762695,2.5991501808166504,18.394309997558594,-0.46260881423950195,14.874589920043945,-11.60076904296875,11.576373100280762,-35.43655776977539,14.74653434753418,0.7361294031143188,9.800325393676758,-9.982219696044922,9.810754776000977,-6.496006488800049,8.62990951538086,-7.7958221435546875,10.509529113769531,2375.19025284522,920.7754387464503
1_2614,-117.81023406982422,69.296630859375,96.78809356689453,29.17926788330078,-24.39998435974121,28.43522071838379,7.332814693450928,22.415904998779297,-9.518716812133789,18.315715789794922,0.07339217513799667,15.546722412109375,-8.629830360412598,17.160545349121094,-6.530935287475586,13.192328453063965,-13.264842987060547,11.260700225830078,-0.18984024226665497,9.013640403747559,-7.898819923400879,9.3759126663208,-2.1840386390686035,8.572990417480469,-6.134902000427246,9.041409492492676,2167.139353335103,778.1676405273257
1_2616,-103.21934509277344,73.20443725585938,99.2913589477539,33.31997299194336,-51.87771224975586,29.15995216369629,7.125417232513428,20.960683822631836,-19.57794189453125,22.848588943481445,3.2688159942626953,14.025506973266602,-5.357666492462158,10.730087280273438,-5.0297722816467285,14.158541679382324,-19.94574737548828,11.41252326965332,-5.169842720031738,11.786274909973145,-7.941039085388184,11.766213417053223,-9.782139778137207,10.89765453338623,-19.02842140197754,9.13080883026123,2157.764569895623,731.9214385693081
1_2664,-167.27940368652344,116.26203155517578,58.816043853759766,53.60808563232422,-17.05404281616211,27.26607322692871,28.710453033447266,21.4108943939209,-17.09372901916504,20.250377655029297,2.049858570098877,12.219074249267578,-1.512703537940979,15.87948989868164,0.14545129239559174,16.0628719329834,-18.0316219329834,10.506256103515625,-13.905248641967773,13.450213432312012,-9.666221618652344,9.151287078857422,0.6511795520782471,8.244900703430176,-4.839473247528076,9.298959732055664,3003.8007888012053,1249.186123276383
1_2669,-236.31317138671875,112.8111343383789,57.24528121948242,57.40810012817383,-12.642058372497559,20.42214584350586,35.350067138671875,24.023588180541992,-4.293478012084961,14.22348690032959,11.763274192810059,14.237306594848633,-6.231342792510986,17.388044357299805,2.398171901702881,14.59891414642334,-11.592674255371094,13.2003173828125,-5.937183856964111,14.999666213989258,-4.429214954376221,9.538212776184082,-3.892883062362671,8.507827758789062,-12.308902740478516,12.472145080566406,3039.351656049663,1324.6103994066095
1_276,-113.05351257324219,66.38127899169922,115.07620239257812,43.48018264770508,-30.792985916137695,31.76359748840332,20.511993408203125,21.93985939025879,-11.599945068359375,20.08794403076172,-4.965616226196289,14.873165130615234,-16.911039352416992,13.886673927307129,-11.550003051757812,12.809211730957031,-26.259876251220703,10.851587295532227,1.3774464130401611,10.40542984008789,-1.2099320888519287,10.697261810302734,-3.184462308883667,8.159134864807129,-6.781424045562744,10.806868553161621,1921.160222590125,999.5854287666544
1_2778,-116.36559295654297,62.446468353271484,91.14385223388672,38.65522003173828,-44.39985656738281,25.2997989654541,26.244760513305664,24.149662017822266,-15.262937545776367,21.89899253845215,-5.592700958251953,12.705117225646973,-4.557535171508789,13.851781845092773,-0.26541611552238464,12.780684471130371,-22.13438606262207,9.88476276397705,-3.7358834743499756,10.689617156982422,-18.735092163085938,12.33371353149414,-7.5393900871276855,7.731767654418945,-4.155276298522949,9.404232025146484,2309.0458561135583,735.9950286856092
1_2792,-131.19427490234375,52.583309173583984,82.99567413330078,41.64289474487305,-25.37432861328125,29.955703735351562,6.397728443145752,18.140487670898438,-11.454961776733398,12.31015682220459,-1.1863129138946533,11.69741439819336,-3.1679680347442627,11.691344261169434,-0.3448554277420044,10.92298412322998,-17.66230010986328,9.469583511352539,0.7261788249015808,8.913313865661621,-15.12173080444336,7.786273002624512,-8.834498405456543,6.928124904632568,-13.6179838180542,8.665846824645996,2577.413090002185,1215.5327524976574
1_2797,-182.80615234375,71.40324401855469,101.44104766845703,34.750308990478516,-36.18510055541992,32.02883529663086,17.04233741760254,20.454286575317383,-11.034013748168945,20.939420700073242,-6.009882926940918,13.455533027648926,-3.0940072536468506,17.1411075592041,-0.3193013668060303,11.436914443969727,-25.118518829345703,14.083080291748047,-0.14116594195365906,10.904236793518066,-3.785519599914551,13.054686546325684,-7.5589919090271,9.374663352966309,-9.663649559020996,8.915909767150879,2102.5662420733956,774.2472178482174
1_2819,-198.5158233642578,92.36271667480469,104.00526428222656,37.04990005493164,-22.411014556884766,33.58427429199219,13.611552238464355,18.00117301940918,-17.053123474121094,23.52890396118164,-7.227909564971924,16.303070068359375,-1.267507791519165,16.110260009765625,0.9157145023345947,11.06028938293457,-24.529748916625977,13.966628074645996,0.0520654134452343,9.741740226745605,-5.883639812469482,11.255647659301758,-6.064189434051514,8.43529224395752,-8.984490394592285,8.127179145812988,2127.4074184883652,840.6200343105959
1_2830,-106.79794311523438,35.19769287109375,107.82704162597656,21.977251052856445,-26.336824417114258,17.00838851928711,34.55869674682617,19.616724014282227,-7.284902095794678,13.400073051452637,8.820579528808594,8.268260955810547,-4.349165916442871,9.367437362670898,2.1719412803649902,7.868156909942627,-8.747383117675781,7.560888290405273,13.906787872314453,7.211848258972168,0.16959235072135925,7.1686930656433105,3.0702641010284424,6.567758083343506,-4.7913055419921875,7.707088470458984,2039.6033816656009,422.093331396756
1_2837,-71.46846008300781,27.730093002319336,83.15702819824219,13.657824516296387,-62.16083908081055,12.39794921875,-1.3407115936279297,9.689271926879883,-36.19090270996094,8.130847930908203,5.799285888671875,7.429940223693848,-8.197239875793457,6.53336238861084,-3.1993703842163086,6.3354811668396,-14.391839981079102,5.836853981018066,3.7609195709228516,7.0163798332214355,-6.388362884521484,4.726336479187012,-4.2206034660339355,5.422789096832275,-11.839226722717285,4.825366973876953,2461.1963927564866,255.24008829698437
1_2842,-109.08941650390625,33.04359817504883,94.65603637695312,23.212263107299805,-10.366279602050781,21.507312774658203,32.65766525268555,13.437376022338867,-3.7094650268554688,10.106396675109863,8.847880363464355,11.122719764709473,3.135978937149048,10.541031837463379,5.13435173034668,8.852365493774414,-6.004412651062012,8.960945129394531,8.934370994567871,6.540407180786133,4.767553806304932,9.455709457397461,5.931110382080078,7.369153022766113,-3.0297505855560303,5.748224258422852,2320.2436820369808,597.2108412857168
1_2853,-166.89671325683594,68.32699584960938,98.34851837158203,38.2503776550293,-23.542020797729492,26.121488571166992,24.908340454101562,18.286441802978516,-7.78037166595459,22.442306518554688,2.367785692214966,17.045766830444336,0.26450109481811523,12.039092063903809,-4.693052768707275,12.263847351074219,-13.264059066772461,11.016429901123047,2.3688466548919678,9.656450271606445,-10.618061065673828,11.0024995803833,-3.7570362091064453,8.38304328918457,-10.391201972961426,8.86666202545166,2219.9646958074704,836.8569484876436
1_3064,-166.6585235595703,60.97441864013672,105.17357635498047,43.29912185668945,-33.009159088134766,26.96696662902832,23.54762077331543,17.89421844482422,-13.943599700927734,17.134475708007812,2.2736997604370117,15.63383960723877,-1.0068614482879639,12.96008586883545,-7.182351112365723,11.920380592346191,-19.79026985168457,12.693100929260254,4.66045618057251,8.67071533203125,-8.349761962890625,10.177035331726074,-3.0842692852020264,8.960814476013184,-11.36231803894043,9.358147621154785,2127.8970809749953,893.0782971563405
1_3069,-233.5626983642578,77.97954559326172,100.66598510742188,57.18378829956055,-14.557002067565918,28.982315063476562,17.054275512695312,22.700584411621094,-10.000310897827148,22.45458221435547,4.339025020599365,18.189922332763672,3.6651899814605713,10.694062232971191,-0.7656883001327515,14.734350204467773,-15.865878105163574,12.651355743408203,3.3579158782958984,9.423460006713867,-14.738024711608887,10.918171882629395,-4.03568696975708,9.927362442016602,-10.075203895568848,9.078912734985352,2194.0543670623315,1122.1777196057135
1_3125,-189.3033447265625,66.98542785644531,95.1244888305664,47.91425323486328,-29.017230987548828,26.733301162719727,24.922348022460938,27.916351318359375,-16.031078338623047,19.84942626953125,-6.057210445404053,17.21547508239746,-6.949848651885986,12.996288299560547,3.0548765659332275,15.44372844696045,-27.84029197692871,13.220952033996582,4.394282341003418,11.677961349487305,-5.489821434020996,10.823615074157715,-7.184185981750488,8.930391311645508,-0.4440280497074127,12.374817848205566,2175.4564969982875,933.1585910385942
1_3177,-129.0214385986328,49.33274841308594,108.18714141845703,24.443544387817383,-15.9742431640625,21.229110717773438,27.882457733154297,14.104066848754883,-8.33212947845459,12.710419654846191,4.840798854827881,8.683420181274414,-3.7367517948150635,7.918496131896973,2.55615234375,9.550312042236328,-6.2345967292785645,7.86481237411499,0.4027846157550812,8.365111351013184,-6.659543991088867,8.429965019226074,-1.4976812601089478,7.620229244232178,-4.2080230712890625,8.209506034851074,2023.434804789895,598.8219610228914
1_3204,-126.43972778320312,57.33147048950195,93.93415832519531,37.953556060791016,-26.85028839111328,25.718645095825195,29.255027770996094,24.51348304748535,-16.349639892578125,19.41075897216797,2.2016916275024414,13.573236465454102,-2.582075357437134,10.461292266845703,6.546868801116943,16.43138885498047,-11.823482513427734,9.652527809143066,3.2118148803710938,10.064387321472168,0.7305908203125,11.473448753356934,-4.958881855010986,7.138442516326904,-2.3609719276428223,8.975948333740234,2247.859045100251,834.9247651568274
1_3256,-213.10169982910156,100.21155548095703,80.48452758789062,54.908016204833984,-24.074308395385742,33.46489715576172,19.248315811157227,28.303150177001953,0.17465238273143768,14.860746383666992,4.261425018310547,13.089290618896484,-5.272827625274658,12.82922649383545,-2.996023178100586,11.455403327941895,-14.247815132141113,10.916433334350586,-6.684253215789795,13.13840103149414,-12.419636726379395,11.429380416870117,-2.9175760746002197,7.454787254333496,-15.08460807800293,9.443093299865723,2585.0160545511953,1359.144167366548
1_3259,-194.07083129882812,99.84609985351562,93.49855041503906,54.33662414550781,-24.575918197631836,33.26656723022461,23.6525936126709,22.15446662902832,-11.218682289123535,18.025436401367188,3.8561410903930664,15.946249961853027,2.0342447757720947,12.338508605957031,-1.9853415489196777,11.318181037902832,-15.69228744506836,10.78205680847168,-1.7267037630081177,14.225761413574219,-6.1900434494018555,11.819687843322754,1.3315060138702393,8.574742317199707,-8.983996391296387,10.353409767150879,2227.9178151988813,1125.61360643807
1_3287,-181.1029052734375,68.92996978759766,128.2681884765625,40.86457061767578,-46.791160583496094,31.28978729248047,16.41219711303711,24.50875473022461,-24.17096710205078,18.893699645996094,-11.658702850341797,18.69927978515625,-2.4307165145874023,17.005788803100586,-2.255218029022217,15.250935554504395,-21.499732971191406,12.045866966247559,0.32499510049819946,10.879175186157227,-10.957989692687988,7.980291366577148,-5.40887451171875,9.051735877990723,-6.450167179107666,8.529231071472168,1786.3363573785389,755.6168078234634
1_3293,-160.90272521972656,57.606964111328125,106.97815704345703,37.98588562011719,-34.30447006225586,32.16464614868164,33.239990234375,23.910600662231445,-3.2092361450195312,23.540889739990234,-9.905969619750977,19.567399978637695,-6.060473442077637,12.874373435974121,0.553684651851654,15.29423713684082,-17.638212203979492,12.273176193237305,2.0972843170166016,9.887470245361328,-13.853057861328125,10.06229305267334,-12.44679069519043,10.216570854187012,-5.185415267944336,10.68095874786377,2080.788631455037,773.9198176972745
1_3333,-173.9977264404297,44.935386657714844,121.8915023803711,47.04576873779297,-20.506107330322266,22.430641174316406,33.90852355957031,18.4796085357666,-8.071207046508789,17.65227508544922,6.48073673248291,17.99285888671875,0.24953165650367737,13.392050743103027,5.786680698394775,11.449562072753906,-18.842548370361328,14.964889526367188,7.274263858795166,12.100056648254395,-2.1349995136260986,10.05842399597168,2.572692632675171,8.778531074523926,-3.602165460586548,9.734465599060059,1869.2151319102472,894.2737227554727
1_3348,-223.39431762695312,64.96268463134766,77.8204345703125,55.1187744140625,-5.7810797691345215,33.22654724121094,32.90802764892578,24.379785537719727,-17.49956703186035,15.661721229553223,-8.21004867553711,16.94816017150879,-5.426647663116455,13.918240547180176,-2.1153500080108643,13.165019035339355,-6.942955017089844,11.647185325622559,-4.079807281494141,10.611568450927734,-9.755905151367188,8.545164108276367,-2.2370102405548096,9.210912704467773,-4.1311445236206055,7.909153938293457,2583.451318634559,1511.4619607363013
1_3371,-168.90757751464844,42.03410339355469,117.29083251953125,33.64681625366211,-8.561932563781738,17.130260467529297,11.472673416137695,18.1342830657959,14.0640287399292,15.180024147033691,3.4574027061462402,11.920930862426758,2.420064926147461,8.990111351013184,-4.447516918182373,12.102635383605957,-5.638084888458252,7.712220191955566,1.0784320831298828,9.301180839538574,-3.2516112327575684,8.531184196472168,3.9188613891601562,7.145951271057129,-7.585346221923828,7.078958511352539,1967.412350056855,940.9580285971268
1_340,-9.11652946472168,91.02633666992188,95.15618896484375,37.402984619140625,-40.07765579223633,25.941043853759766,12.919991493225098,21.438589096069336,-22.623260498046875,13.817097663879395,1.7397111654281616,9.356143951416016,-8.908428192138672,9.946386337280273,-5.130197525024414,11.089583396911621,-15.58405590057373,10.062528610229492,0.5899410247802734,9.646117210388184,-6.254769325256348,9.044095039367676,0.13236400485038757,7.5830607414245605,-5.758532524108887,7.880702018737793,2240.171548132324,869.5005243287928
1_3419,-191.6998291015625,64.18408203125,99.41730499267578,29.637107849121094,-11.802483558654785,24.605554580688477,17.914579391479492,23.62403106689453,-6.9854583740234375,18.379602432250977,9.648026466369629,12.802373886108398,-6.320450305938721,10.042268753051758,-0.6898009777069092,11.543819427490234,-8.99075698852539,10.050787925720215,1.0420575141906738,8.746224403381348,-5.465888023376465,7.061725616455078,-0.9834269881248474,8.089075088500977,-4.3760199546813965,6.318239212036133,2139.5437164325363,666.949565340501
1_3476,-159.5158233642578,59.7271842956543,98.676025390625,37.877227783203125,-34.45177459716797,26.985857009887695,19.7408504486084,26.63291358947754,-15.243501663208008,17.614530563354492,2.83923077583313,13.422654151916504,-7.199527740478516,14.128194808959961,-7.601682186126709,14.586516380310059,-20.01681137084961,13.125605583190918,-3.032424211502075,11.042436599731445,-2.341954231262207,8.713427543640137,-4.592154026031494,9.06170654296875,-8.44679069519043,10.112100601196289,2133.33556423408,835.3936414622153
1_3545,-114.98588562011719,46.412925720214844,97.93218994140625,42.16434860229492,-36.5980110168457,26.347196578979492,24.833568572998047,22.504526138305664,-13.492881774902344,18.56033706665039,1.799141764640808,13.453015327453613,-4.318169116973877,9.704710960388184,-4.10260009765625,11.28152084350586,-21.59494972229004,10.824437141418457,3.0391087532043457,8.176733016967773,-5.781535625457764,7.630246162414551,-0.4516006410121918,6.973525524139404,-6.968846797943115,8.259718894958496,2306.0000776674847,787.3948226636301
1_3573,-213.03895568847656,122.28587341308594,84.47148132324219,56.774208068847656,-23.39505958557129,37.841800689697266,14.194032669067383,28.014223098754883,-14.048391342163086,15.960918426513672,-2.3510491847991943,17.28835678100586,-12.3480863571167,13.714146614074707,-3.3140909671783447,13.935982704162598,-12.367751121520996,13.375661849975586,-5.423770904541016,11.815611839294434,-6.437929630279541,9.977645874023438,0.11503772437572479,8.243496894836426,-8.883440971374512,7.794825553894043,2618.7172220161324,1435.898123167868
1_3599,-204.82994079589844,84.4614486694336,91.70986938476562,44.374427795410156,-16.725873947143555,20.22088623046875,23.076936721801758,21.270862579345703,-5.2985992431640625,14.85473346710205,11.447479248046875,14.630868911743164,-1.1232695579528809,14.305692672729492,4.078525066375732,14.17391300201416,-9.42331314086914,8.397687911987305,7.331179141998291,8.544997215270996,-0.7805388569831848,8.399904251098633,6.508874893188477,8.964906692504883,-3.9039385318756104,7.1323957443237305,2359.828081977431,990.3712078016454
1_3649,-134.84486389160156,53.97563934326172,81.13150024414062,37.63252258300781,-12.61656665802002,36.86544418334961,26.287921905517578,19.922630310058594,-6.406728267669678,14.336365699768066,0.12139389663934708,11.043502807617188,-8.978082656860352,9.864784240722656,-0.2495085448026657,10.62415599822998,-18.008758544921875,9.809678077697754,2.832550287246704,7.932394504547119,-3.289461851119995,8.517915725708008,-3.2713327407836914,7.146789073944092,-12.170937538146973,8.60407829284668,2598.6085751308306,998.0235415286131
1_3660,-211.62400817871094,73.9037094116211,101.67877197265625,41.67160415649414,-41.194252014160156,30.030363082885742,17.692113876342773,29.73755645751953,-14.705801010131836,20.974952697753906,-4.856359958648682,16.95891761779785,-15.431910514831543,12.003561973571777,-12.719468116760254,12.669665336608887,-16.598411560058594,11.207521438598633,-7.911647319793701,14.892946243286133,-3.2476680278778076,9.107999801635742,-0.3903580904006958,14.332523345947266,-9.217562675476074,14.874237060546875,1989.2447421132608,646.9107142165286
1_3707,-98.01406860351562,68.8935546875,98.43270111083984,30.30463981628418,-39.394168853759766,28.6535587310791,14.468315124511719,16.07647132873535,-13.527875900268555,16.978540420532227,3.1891603469848633,13.369815826416016,-5.715859889984131,10.592522621154785,-3.1390812397003174,9.497554779052734,-14.76038646697998,11.573600769042969,5.009842395782471,7.85072660446167,-1.5703147649765015,7.315737724304199,-1.1170141696929932,7.637712478637695,-11.556215286254883,6.551421165466309,2293.028847136476,803.730188536164
1_3766,-208.37213134765625,92.33702087402344,99.413818359375,48.40138244628906,-28.482372283935547,31.94538116455078,23.183643341064453,22.063379287719727,-8.136259078979492,18.215744018554688,7.894001483917236,15.614262580871582,-8.09949779510498,13.304191589355469,0.2325669527053833,11.76818561553955,-13.538386344909668,12.049018859863281,-4.8973388671875,10.596447944641113,4.589915752410889,10.694433212280273,1.5833379030227661,9.222845077514648,-6.315707683563232,8.782944679260254,2261.2797964108563,1134.822931633934
1_3837,-183.94332885742188,64.7686996459961,98.11768341064453,47.607177734375,-40.375152587890625,27.986438751220703,22.100448608398438,23.72319793701172,-5.534540176391602,20.442672729492188,0.465494841337204,18.64015007019043,-1.7694059610366821,14.54680061340332,-8.369314193725586,14.875992774963379,-25.628582000732422,13.088118553161621,3.5764293670654297,10.509117126464844,-8.683822631835938,11.577873229980469,-6.002699851989746,10.028183937072754,-7.510141849517822,8.995721817016602,2263.0888067720657,975.2399769357376
1_3840,-180.6582794189453,57.46622848510742,109.72362518310547,44.4848747253418,-48.158348083496094,27.696441650390625,20.331449508666992,21.99073028564453,-6.407275676727295,21.299097061157227,-7.018527984619141,19.473512649536133,-0.12846775352954865,13.871861457824707,-4.526951789855957,15.679122924804688,-26.03936767578125,13.907261848449707,2.8440661430358887,12.087179183959961,-8.027456283569336,11.669083595275879,-5.719733238220215,9.832691192626953,-6.899633407592773,10.397096633911133,2044.8806462882187,874.3882231713167
1_3842,-189.95069885253906,74.38150787353516,108.58531951904297,43.41212463378906,-39.21939468383789,29.41888999938965,21.759973526000977,17.78995704650879,-14.953547477722168,22.03407859802246,7.07654333114624,19.38180160522461,-5.969461441040039,11.326761245727539,-3.1367690563201904,13.56611156463623,-14.828690528869629,12.2110013961792,3.7920260429382324,8.763028144836426,-6.881286144256592,8.214632034301758,-2.2047359943389893,9.63992977142334,-8.393428802490234,8.712038040161133,2173.159225414242,901.9321017208234
1_3911,-151.2578887939453,61.406524658203125,92.52259826660156,41.776302337646484,-28.258575439453125,27.359325408935547,16.455860137939453,21.04429054260254,-6.627744197845459,16.541305541992188,2.634690284729004,18.02689552307129,2.737830638885498,12.9508056640625,-1.5230613946914673,10.079293251037598,-11.076170921325684,10.107481956481934,7.176114082336426,11.00932788848877,-4.648738384246826,7.905496120452881,1.861574411392212,9.931368827819824,-10.823808670043945,10.438196182250977,2347.812414417613,1009.7246416875399
1_4031,-194.9293212890625,51.89910888671875,107.3288803100586,50.56571578979492,-24.654991149902344,31.00425910949707,40.345951080322266,19.775802612304688,6.813723087310791,21.12628936767578,2.3201234340667725,18.809385299682617,1.4670659303665161,14.523283958435059,6.507546424865723,14.973099708557129,-20.9837703704834,12.796307563781738,0.34445521235466003,11.112048149108887,-4.213513374328613,11.835883140563965,-9.475272178649902,8.037079811096191,-10.005023956298828,9.12445068359375,2130.10193738516,1020.6644646856081
1_410,-119.77812194824219,78.87271881103516,105.96067810058594,43.308204650878906,-47.84978103637695,30.528858184814453,19.411523818969727,19.8710994720459,-12.896557807922363,16.243112564086914,-10.198784828186035,15.444745063781738,-20.244911193847656,14.186583518981934,-5.715631484985352,12.790596961975098,-29.16669464111328,12.079108238220215,-0.0366346575319767,11.159326553344727,-11.147151947021484,11.08681583404541,-12.308935165405273,9.214890480041504,-6.868951797485352,8.765616416931152,2123.5387606768104,901.336642040011
1_4145,-183.501953125,101.58074951171875,116.11568450927734,42.75706100463867,-39.23407745361328,28.66360855102539,8.414806365966797,16.338071823120117,-21.201169967651367,16.23087501525879,7.460843086242676,12.085053443908691,-6.377470016479492,10.566823959350586,-8.761616706848145,11.349540710449219,-15.998251914978027,11.191370964050293,3.182891607284546,11.803910255432129,3.479033946990967,10.259054183959961,5.013822555541992,9.966503143310547,-9.385124206542969,9.382072448730469,2049.1253145067235,854.1614151852627
1_427,-157.5697479248047,80.49708557128906,123.60143280029297,51.00482940673828,-42.708351135253906,33.32916259765625,16.233522415161133,24.46253776550293,-17.415966033935547,24.797948837280273,-13.67036247253418,17.87218475341797,-10.790030479431152,12.649417877197266,-3.832137107849121,13.061114311218262,-25.941713333129883,10.175638198852539,-3.640491008758545,9.235724449157715,-16.14471435546875,12.550165176391602,-14.666955947875977,9.269803047180176,-9.3130521774292,8.831174850463867,1834.3548774084632,934.5674748362223
1_4281,-277.3451843261719,77.35423278808594,99.98076629638672,37.54872131347656,-22.97110366821289,27.37656021118164,22.644168853759766,19.87335777282715,-10.121315002441406,13.560663223266602,-1.5958786010742188,17.65789794921875,-9.178731918334961,13.338350296020508,1.7000336647033691,9.688186645507812,-9.756860733032227,9.234594345092773,9.17401123046875,11.02982234954834,-2.3103530406951904,9.642834663391113,5.782224178314209,9.635796546936035,-1.7034242153167725,9.65335750579834,2294.80746147951,839.7044120444601
1_4286,-256.34942626953125,58.23972702026367,101.8624267578125,29.88266944885254,-36.57823944091797,32.04262161254883,26.807788848876953,22.171497344970703,-17.30242347717285,20.19175910949707,-6.346782684326172,16.694997787475586,-8.184247016906738,15.9828519821167,8.852204322814941,13.011412620544434,-18.27098274230957,12.478748321533203,3.811279296875,10.229265213012695,-2.0560295581817627,13.927876472473145,-0.14038187265396118,7.199636936187744,0.9611592292785645,9.287620544433594,2139.51503567668,695.5519846946721
1_4290,-284.2187805175781,79.90447235107422,99.34058380126953,57.115203857421875,-32.27589797973633,34.819095611572266,20.90549087524414,26.495235443115234,-19.355802536010742,15.763836860656738,-4.276302337646484,17.813507080078125,-4.747286796569824,11.349905967712402,2.2728748321533203,13.234240531921387,-15.234638214111328,13.61929988861084,5.670246601104736,12.97260856628418,-2.501380681991577,10.871358871459961,4.181177616119385,9.581501007080078,1.6296499967575073,9.420655250549316,2256.8553551096843,1145.1038477165798
1_430,-194.63204956054688,126.61483764648438,93.25727844238281,45.705509185791016,-44.27726745605469,35.568607330322266,10.07577133178711,16.58488655090332,-21.753440856933594,18.91270637512207,0.8296189308166504,15.286972045898438,-16.870206832885742,13.00324535369873,-8.942363739013672,11.600883483886719,-25.825925827026367,13.851454734802246,-1.9612233638763428,8.374794006347656,-10.659041404724121,9.570378303527832,-11.760602951049805,8.922249794006348,-12.178108215332031,10.608163833618164,2326.430805160095,1045.2706099704155
1_4352,-259.5762023925781,65.12606048583984,115.01725006103516,37.75259780883789,-32.416481018066406,25.613752365112305,14.237604141235352,19.84136962890625,-15.453141212463379,21.86681365966797,-2.1350958347320557,16.646875381469727,-4.026337623596191,12.376084327697754,-2.7138047218322754,14.21694278717041,-20.536083221435547,13.098315238952637,5.048098087310791,9.58413314819336,-4.101370811462402,10.618751525878906,0.2730936110019684,8.01793098449707,-3.6821489334106445,8.478739738464355,2014.4433315776064,703.7656063451574
1_4477,-287.7812805175781,133.06182861328125,87.59295654296875,52.00163269042969,-39.16887283325195,44.69441604614258,9.421002388000488,24.060909271240234,-35.927066802978516,23.021108627319336,5.426087856292725,14.520682334899902,-0.34877529740333557,14.182121276855469,4.107178688049316,12.1884183883667,-10.09092903137207,10.821908950805664,2.987321615219116,9.922690391540527,-3.5913636684417725,9.0508451461792,-13.365835189819336,10.580179214477539,-4.81468391418457,9.844416618347168,2644.2155862223553,1339.2209237034574
1_4544,-210.10340881347656,86.47830963134766,105.68946075439453,34.32362747192383,-42.11110305786133,37.72718048095703,15.213622093200684,20.045923233032227,-29.918859481811523,15.786404609680176,2.9866745471954346,14.637454986572266,-1.085273265838623,9.910727500915527,-5.259799480438232,10.656990051269531,-11.818192481994629,7.487527370452881,4.0373992919921875,8.224662780761719,-1.0780473947525024,8.857474327087402,-6.949235916137695,7.5576066970825195,-1.7409937381744385,8.112569808959961,2268.793667105605,886.773653599723
1_4552,-268.1091613769531,86.27230072021484,104.64271545410156,61.47201919555664,-27.413843154907227,40.64540481567383,21.00255012512207,30.642467498779297,-28.49075698852539,19.75959014892578,4.453362464904785,19.83509063720703,2.4503588676452637,13.889019012451172,-4.710525989532471,15.762523651123047,-11.824416160583496,13.707972526550293,2.515392541885376,9.880888938903809,-7.568089485168457,11.924095153808594,-0.7078112363815308,10.461153984069824,-1.1440069675445557,9.851030349731445,2279.94209545217,1313.5097509644097
1_4576,-266.41778564453125,90.48843383789062,95.92809295654297,53.72066116333008,-38.8720588684082,36.41281509399414,16.647972106933594,24.27971649169922,-32.3739013671875,20.01044464111328,4.001675605773926,14.763867378234863,-8.169733047485352,12.86751937866211,-16.212942123413086,14.335858345031738,-12.406109809875488,11.598861694335938,5.312200546264648,9.923774719238281,-14.908408164978027,12.818408966064453,-8.395954132080078,8.851869583129883,-6.953070640563965,9.583063125610352,2360.743951069228,1185.287856375974
1_4603,-163.07228088378906,40.557830810546875,89.53012084960938,37.70726776123047,-36.733402252197266,24.439226150512695,36.4784049987793,26.024967193603516,-13.054699897766113,23.552152633666992,-7.23803186416626,18.936279296875,-5.487708568572998,14.794161796569824,4.88603401184082,13.674115180969238,-17.367849349975586,15.610025405883789,3.165748119354248,14.190705299377441,-2.765690326690674,11.587406158447266,-7.276617050170898,10.299927711486816,-0.7488924860954285,9.560807228088379,2434.036522883713,745.2117013790206
1_4639,-158.62362670898438,36.18029022216797,105.25407409667969,30.12474822998047,-32.41730880737305,22.190275192260742,25.7261962890625,24.53888511657715,12.173130989074707,16.86476707458496,15.596047401428223,12.731746673583984,8.740137100219727,9.60325813293457,2.6317243576049805,13.653807640075684,-6.519078731536865,11.377337455749512,5.623798847198486,10.112310409545898,0.13526347279548645,11.876208305358887,4.149078845977783,11.914764404296875,1.5241448879241943,9.196663856506348,2128.6141320084266,580.0110440376059
1_467,-195.569091796875,75.41246032714844,108.77145385742188,51.484195709228516,-7.9094696044921875,33.453697204589844,30.296688079833984,19.63800811767578,-2.5400092601776123,19.639497756958008,1.9146980047225952,17.8818416595459,-8.011672973632812,14.439401626586914,6.400974750518799,12.213322639465332,-15.113313674926758,11.835021018981934,2.5381627082824707,9.459630966186523,-2.924943208694458,10.353422164916992,-8.528121948242188,9.570661544799805,-5.751204490661621,10.65886402130127,2043.410177611288,1130.4948300349588
1_4743,-158.33544921875,51.362693786621094,88.29549407958984,38.19268798828125,-37.05274963378906,22.56037712097168,22.223079681396484,22.16948127746582,-15.643413543701172,17.235422134399414,16.683013916015625,14.818744659423828,-8.640925407409668,10.489656448364258,0.9571580290794373,12.138236999511719,-19.806123733520508,14.847469329833984,2.4460110664367676,8.766368865966797,3.1886608600616455,11.05571460723877,-11.06975269317627,8.607871055603027,0.0540861040353775,8.95570182800293,2490.599471219554,831.414329646831
1_4760,-143.6849822998047,46.66612243652344,105.57191467285156,29.3531551361084,-40.88944625854492,24.01378059387207,32.28582000732422,18.0587100982666,-14.004376411437988,18.373245239257812,10.492682456970215,14.015351295471191,-2.1422231197357178,11.463749885559082,0.1903269737958908,9.29538345336914,-12.585771560668945,7.820001125335693,6.404148578643799,8.152365684509277,-3.019958019256592,9.083852767944336,-7.471167087554932,7.732370376586914,1.4695733785629272,7.400436878204346,2176.5905673961383,607.1430924148067
1_4789,-227.98077392578125,118.83737182617188,81.50052642822266,47.42051696777344,-31.113727569580078,24.890655517578125,31.03036117553711,24.343006134033203,-0.5616253018379211,21.989608764648438,12.727790832519531,15.932510375976562,-3.8703689575195312,14.871145248413086,-1.6727335453033447,14.824905395507812,-10.693267822265625,12.300956726074219,7.305309295654297,10.901302337646484,-0.012342057190835476,13.45857048034668,-9.382091522216797,11.233620643615723,0.08085232973098755,9.504530906677246,2577.3104318852224,961.4000522788685
1_4792,-170.12318420410156,52.56270980834961,93.6483154296875,43.681671142578125,-50.89478302001953,20.374208450317383,33.18281173706055,24.35895347595215,-15.322318077087402,25.601417541503906,9.439896583557129,17.998504638671875,1.2049347162246704,12.988615989685059,-1.3560209274291992,14.645121574401855,-20.874616622924805,12.441752433776855,2.944851875305176,8.199827194213867,1.2349038124084473,10.75068473815918,-11.050358772277832,8.865041732788086,-4.93238639831543,9.714427947998047,2322.184767638927,785.709443686465
1_4850,-173.46229553222656,37.498146057128906,80.17357635498047,32.25559997558594,-23.25472640991211,18.154075622558594,27.296072006225586,24.558622360229492,-6.772274971008301,19.305927276611328,5.161970615386963,15.517861366271973,2.8609676361083984,12.062355041503906,5.253870010375977,12.185782432556152,-17.3906192779541,12.716472625732422,7.710219383239746,9.745186805725098,-3.3973875045776367,11.190421104431152,-5.547569751739502,9.554864883422852,-6.19631814956665,9.399746894836426,2416.014629468043,728.5529637791597
1_4949,-158.02752685546875,53.346309661865234,76.239990234375,33.74203872680664,-35.37830352783203,21.828237533569336,18.321813583374023,21.173452377319336,-11.975899696350098,19.62246322631836,5.199533939361572,13.51555347442627,-5.930502891540527,12.988078117370605,3.2188966274261475,11.83515739440918,-17.052804946899414,14.392594337463379,7.850073337554932,10.339945793151855,1.3045680522918701,11.627205848693848,2.7913379669189453,10.666419982910156,-5.826722621917725,10.373411178588867,2592.847859049669,742.3355501508321
1_4967,-145.85887145996094,61.39236831665039,101.37872314453125,36.12474822998047,-20.815921783447266,28.328628540039062,21.768478393554688,16.74276351928711,-13.870756149291992,15.775818824768066,8.96804141998291,11.8583345413208,-4.690816879272461,10.060921669006348,-6.644541263580322,7.611941814422607,-13.790613174438477,10.642460823059082,4.180607795715332,9.592689514160156,-2.6288411617279053,7.614957332611084,-7.487142562866211,7.51030158996582,-8.566864967346191,5.855032444000244,2191.0404337258187,808.8859750078241
1_4995,-143.43499755859375,101.55555725097656,104.288818359375,31.82649803161621,-49.261600494384766,27.53702735900879,11.679485321044922,18.439653396606445,-27.57634925842285,19.617351531982422,-0.2801419794559479,14.903809547424316,-2.6437158584594727,12.171030044555664,-7.8466010093688965,12.02120590209961,-15.344053268432617,10.252875328063965,5.114223957061768,9.453093528747559,-3.8986613750457764,8.945746421813965,-11.496623039245605,7.050228118896484,-9.477782249450684,7.696408748626709,2096.551681634147,584.0434735847999
1_5058,-157.72618103027344,115.90132141113281,100.43903350830078,52.806705474853516,-49.25885009765625,25.092594146728516,13.920890808105469,18.229480743408203,-15.365301132202148,25.025789260864258,6.330564022064209,14.412168502807617,1.2990862131118774,12.872102737426758,-13.807190895080566,13.517492294311523,-18.082691192626953,12.079695701599121,8.857003211975098,10.109112739562988,-1.0836609601974487,10.284655570983887,-8.709745407104492,9.676798820495605,-6.3037261962890625,10.232547760009766,2189.2869558116095,924.3171616708267
1_506,-115.56209564208984,40.874412536621094,117.50814819335938,41.25802230834961,-59.182029724121094,27.19221305847168,19.35081672668457,21.98903465270996,-21.25180435180664,22.36227798461914,-0.2032250165939331,15.042943000793457,-11.52511215209961,9.175620079040527,-8.3080472946167,11.034464836120605,-21.88648796081543,10.629465103149414,1.8655508756637573,8.870108604431152,-7.503889083862305,9.426084518432617,-8.304179191589355,8.172615051269531,-14.998433113098145,7.102272033691406,1995.8940866426083,796.3318243601432
1_507,-189.30441284179688,82.46160125732422,110.70008087158203,52.18622589111328,-39.26227951049805,34.903934478759766,21.52273941040039,22.756080627441406,-14.662677764892578,21.938304901123047,-2.8654394149780273,22.207149505615234,-2.228828191757202,12.866324424743652,-5.496798992156982,14.358763694763184,-24.433216094970703,16.03346824645996,-2.3138864040374756,11.847707748413086,-7.420249938964844,13.672690391540527,-7.827205181121826,10.137772560119629,-10.316326141357422,9.372241020202637,2025.389972869747,984.6686652920164
1_5109,-125.82597351074219,61.033905029296875,94.1639175415039,44.82380294799805,-31.012962341308594,36.271209716796875,26.518844604492188,23.937314987182617,-19.682815551757812,22.54909324645996,9.499712944030762,14.659407615661621,-3.91981840133667,11.20083999633789,-4.397830486297607,12.242711067199707,-18.743318557739258,11.642427444458008,5.291636943817139,8.033268928527832,-3.9337785243988037,10.249918937683105,-12.82918930053711,11.205161094665527,-3.54610276222229,9.513777732849121,2382.136329287563,1037.793073573763
1_5134,-191.8260040283203,89.33016967773438,72.93923950195312,51.19904327392578,-32.92621994018555,33.820587158203125,14.924951553344727,29.410978317260742,-18.37660789489746,17.18109703063965,10.209267616271973,14.104777336120605,-5.700244903564453,15.044445991516113,-5.085252285003662,14.194662094116211,-13.914217948913574,11.887080192565918,3.762099504470825,11.807931900024414,-1.052613377571106,9.278016090393066,-5.609264850616455,10.713810920715332,-9.860615730285645,9.8610258102417,2663.2010981358194,1229.9543303865596
1_5156,-136.38528442382812,101.7422866821289,97.84879302978516,42.45703125,-39.67399597167969,27.140661239624023,17.17504119873047,18.384138107299805,-22.781164169311523,20.57504653930664,5.480914115905762,16.074752807617188,0.9833856225013733,10.384787559509277,-5.85676383972168,11.01908016204834,-14.463942527770996,11.161406517028809,6.709807872772217,7.4278154373168945,-2.775235176086426,7.58735466003418,-5.414660453796387,9.228571891784668,-7.920624256134033,7.309732913970947,2357.549012076182,865.6711913129154
1_5166,-114.08627319335938,45.40742874145508,100.93180847167969,23.607784271240234,-42.3560791015625,22.362987518310547,11.94568920135498,13.424466133117676,-18.228748321533203,17.15106773376465,3.812361240386963,12.270894050598145,-7.153112888336182,11.973697662353516,-8.183378219604492,9.145683288574219,-12.197668075561523,13.886807441711426,2.5975558757781982,10.479516983032227,1.42814040184021,12.051265716552734,-8.734972953796387,9.331594467163086,-3.6473071575164795,12.065720558166504,2165.016028409811,476.0688064045027
1_5169,-170.70635986328125,81.06877899169922,123.05162811279297,29.648698806762695,-57.885746002197266,32.6395149230957,19.74736785888672,23.430885314941406,-25.385896682739258,16.652183532714844,3.202439785003662,16.552562713623047,1.985019564628601,14.250592231750488,-3.994753122329712,9.661490440368652,-11.495162010192871,7.4410400390625,7.135039329528809,8.53276252746582,-2.2549586296081543,10.246530532836914,5.31339168548584,9.998311996459961,-6.10717248916626,6.8091230392456055,1965.9935545036092,594.7814237638879
1_5211,-169.34228515625,94.35150146484375,85.42695617675781,43.171142578125,-39.39976501464844,33.71880340576172,27.848243713378906,24.284894943237305,-32.349735260009766,23.281761169433594,-1.5200085639953613,15.845100402832031,-3.3453688621520996,15.482427597045898,-14.047399520874023,14.591958999633789,-17.103506088256836,12.860273361206055,7.864278316497803,8.761391639709473,-7.989316940307617,10.710670471191406,-5.972085952758789,9.96873664855957,-11.523439407348633,10.044464111328125,2512.7715572392344,993.7129783971257
1_5212,-159.08987426757812,62.70037841796875,102.80876922607422,47.28211975097656,-19.992172241210938,32.749427795410156,34.42314910888672,25.767763137817383,-21.17591667175293,16.83902359008789,7.838810443878174,16.465984344482422,2.6038479804992676,16.82720375061035,-14.419085502624512,12.983253479003906,-8.107389450073242,12.560379028320312,0.04347977787256241,12.620532989501953,-0.7089475989341736,8.534866333007812,-6.78266716003418,10.602279663085938,-8.836605072021484,11.075190544128418,2116.8212965711095,910.415191534908
1_533,-281.8791809082031,130.74392700195312,89.52547454833984,67.70474243164062,-22.839275360107422,32.52970504760742,22.672523498535156,24.32023048400879,-15.819104194641113,20.313398361206055,14.127978324890137,17.642778396606445,-6.753078937530518,18.582040786743164,1.287498116493225,13.637309074401855,-10.750676155090332,14.808039665222168,-1.0923048257827759,14.341028213500977,1.4571985006332397,10.169665336608887,-1.5676239728927612,8.638717651367188,-8.04344367980957,9.048824310302734,2535.3218141206894,1301.926475237966
1_536,-254.61776733398438,93.27897644042969,82.44831848144531,53.83686447143555,-20.552001953125,31.24173927307129,21.974340438842773,22.180992126464844,-10.060541152954102,20.698402404785156,7.567850112915039,18.39582061767578,-4.394210338592529,14.633004188537598,-2.831538438796997,12.684121131896973,-15.629631996154785,12.605023384094238,-3.016974449157715,9.98360824584961,-7.475708484649658,10.887069702148438,-5.593379497528076,9.293347358703613,-10.423394203186035,10.080560684204102,2478.8112298101423,1252.0289889322623
1_537,-251.90530395507812,79.46018981933594,84.06204986572266,52.91853332519531,-29.055938720703125,32.510215759277344,21.010807037353516,22.5949764251709,-14.35853099822998,18.959434509277344,3.6104400157928467,18.039125442504883,-6.476306438446045,15.613922119140625,-2.496277332305908,12.655406951904297,-15.192673683166504,11.012529373168945,-5.474876403808594,10.275795936584473,-7.97139310836792,9.830413818359375,-7.330704689025879,8.238526344299316,-13.477585792541504,9.657610893249512,2383.8586149365597,1284.876576179384
1_5496,-120.7044906616211,65.6493911743164,96.31694030761719,36.58663558959961,-12.98622989654541,31.233062744140625,18.870058059692383,22.322185516357422,-5.761531829833984,16.56451416015625,19.486555099487305,14.366868019104004,5.067740440368652,11.165425300598145,4.37779426574707,10.353217124938965,-6.475873947143555,10.90217113494873,9.977070808410645,9.978432655334473,4.6615447998046875,9.218338966369629,-0.940192699432373,8.74987506866455,0.2204408496618271,9.433362007141113,2226.2670749254557,868.6090844228858
1_5571,-139.17994689941406,57.99277877807617,103.82191467285156,37.180274963378906,-42.103919982910156,27.21642303466797,24.94598388671875,17.38909912109375,-11.74873161315918,18.219974517822266,2.583075761795044,16.953243255615234,-1.7171624898910522,12.6819486618042,-9.118221282958984,10.895233154296875,-20.30270767211914,12.924079895019531,8.392964363098145,10.598665237426758,0.13812486827373505,9.991087913513184,-7.856261730194092,7.552915096282959,-5.377293586730957,7.696863651275635,2168.0848100421013,827.5598109676188
1_5572,-119.02307891845703,55.726131439208984,98.95938873291016,39.50157928466797,-35.0374755859375,32.37327575683594,18.774551391601562,22.295164108276367,-14.652236938476562,21.492128372192383,11.190069198608398,18.11360740661621,1.460416555404663,12.417088508605957,-3.864534378051758,11.150285720825195,-20.313724517822266,12.997038841247559,5.571046352386475,10.787938117980957,1.5366886854171753,9.390358924865723,-9.055652618408203,8.831892967224121,-3.27058744430542,7.905793190002441,2229.9659034168103,888.2507905592382
1_5580,-115.09444427490234,56.82216262817383,110.12315368652344,39.02841567993164,-38.90641784667969,25.309677124023438,25.19106101989746,23.83124351501465,-17.216169357299805,17.937366485595703,7.446545124053955,13.593013763427734,0.5303490161895752,12.245665550231934,-7.07650899887085,10.689312934875488,-19.605859756469727,12.944999694824219,10.431319236755371,10.41936206817627,0.0424385666847229,10.254796981811523,-4.981462001800537,7.934985637664795,0.513383150100708,10.94118881225586,2108.4056849393146,748.0913473818213
1_5581,-134.39712524414062,41.18238067626953,91.4870376586914,37.184486389160156,-15.354613304138184,19.038448333740234,33.87628173828125,20.160913467407227,-15.171483039855957,16.64762306213379,14.646721839904785,14.424062728881836,0.8533678650856018,10.17924976348877,-3.9981484413146973,12.708694458007812,-15.842903137207031,10.572552680969238,4.011153697967529,8.446702003479004,-0.8145783543586731,9.205845832824707,-6.036372661590576,8.069979667663574,-7.759047508239746,7.491637229919434,2278.246451768888,813.2767699029898
1_5617,-106.88577270507812,53.62983703613281,113.40570831298828,26.159759521484375,-51.381568908691406,23.574068069458008,8.220877647399902,13.904857635498047,-26.86111831665039,16.5028018951416,8.368799209594727,9.686110496520996,-5.738463878631592,11.95831298828125,-11.904254913330078,9.408357620239258,-14.864439964294434,9.948307037353516,6.450716018676758,9.690900802612305,-1.014245867729187,10.196219444274902,-7.74612283706665,6.347160339355469,-9.61707878112793,6.539431571960449,2000.1417037139806,518.6142035801828
1_5627,-168.490478515625,123.21261596679688,103.31431579589844,35.06496047973633,-34.63078689575195,31.287696838378906,14.996438980102539,16.58321189880371,-17.346160888671875,20.424421310424805,14.824563980102539,9.688114166259766,-3.735765218734741,10.350359916687012,-10.264141082763672,11.289897918701172,-18.078147888183594,10.5144681930542,2.6843068599700928,7.732296466827393,-2.274479627609253,8.861573219299316,-1.886962890625,8.367749214172363,-7.785581588745117,7.537479400634766,2187.2152239234615,825.3395791385728
1_5679,-145.621826171875,77.28292846679688,100.71587371826172,46.975914001464844,-38.89763641357422,33.71387481689453,14.333059310913086,19.753902435302734,-13.526266098022461,21.48060417175293,-0.8558189272880554,19.544174194335938,2.630236864089966,12.868311882019043,-7.25571346282959,12.937054634094238,-23.567493438720703,14.980545043945312,2.136091470718384,10.176774978637695,-1.7758285999298096,10.26347541809082,-10.27730941772461,8.758392333984375,-6.632200717926025,9.181746482849121,2212.0513724051416,982.1198071016485
1_5699,-129.97390747070312,62.40647506713867,100.18570709228516,35.75062561035156,-39.87432861328125,28.421749114990234,21.329727172851562,24.957529067993164,-13.777765274047852,19.964920043945312,0.21149402856826782,17.897066116333008,1.8447632789611816,11.757287979125977,-6.956620693206787,13.615510940551758,-22.671804428100586,12.510766983032227,7.156421661376953,9.89376163482666,-4.082204341888428,10.014527320861816,-11.247026443481445,9.460725784301758,-4.8792290687561035,11.76692008972168,2159.8426841596033,627.7650755357632
1_5751,-168.67730712890625,82.540283203125,64.22029876708984,38.094482421875,-42.529319763183594,33.689517974853516,6.874495983123779,22.676387786865234,-42.51776885986328,21.342134475708008,8.826194763183594,17.64270782470703,-3.5595223903656006,14.502279281616211,-9.00475788116455,16.236942291259766,-13.130378723144531,14.523453712463379,2.4923081398010254,12.617633819580078,-2.338789701461792,12.359070777893066,-7.7806196212768555,15.55487060546875,2.4568698406219482,13.721254348754883,2758.733878449918,784.8504637198386
1_5758,-150.32310485839844,46.783424377441406,94.75926971435547,47.342132568359375,-32.89167022705078,28.450462341308594,17.843358993530273,19.66746711730957,-23.96442413330078,17.099349975585938,6.3292388916015625,13.356943130493164,-3.740095376968384,9.908231735229492,-8.038946151733398,8.779454231262207,-15.149784088134766,9.92696762084961,2.4286177158355713,8.015424728393555,-4.916346549987793,8.619940757751465,-11.292583465576172,6.893139839172363,-9.39932918548584,7.637689113616943,2405.551537751649,1110.457635509459
1_5786,-199.74526977539062,64.677734375,127.48806762695312,48.93515396118164,-59.016300201416016,29.904048919677734,21.238466262817383,22.604787826538086,-17.68047332763672,21.357563018798828,-3.6032826900482178,22.2288818359375,-10.691367149353027,12.847013473510742,-5.986011505126953,11.782687187194824,-22.638660430908203,14.5012845993042,2.2774698734283447,10.6165771484375,-8.03936767578125,11.607526779174805,-15.714608192443848,10.483266830444336,-4.220891952514648,9.654219627380371,1924.0841231290074,823.1017160055793
1_5880,-159.3634796142578,67.94808959960938,91.83324432373047,41.619590759277344,-39.10563659667969,29.10725212097168,16.36211395263672,17.575326919555664,-26.72052764892578,15.60383415222168,9.253397941589355,13.477469444274902,-4.43577241897583,10.848077774047852,-10.040214538574219,10.77574634552002,-11.770807266235352,10.164344787597656,7.162774085998535,8.592813491821289,-2.256779193878174,9.6607084274292,-6.479672908782959,9.715968132019043,-8.249550819396973,7.688533782958984,2496.002168738641,948.1624960016816
1_5919,-176.7673797607422,77.47488403320312,95.53447723388672,43.324100494384766,-36.226844787597656,29.110877990722656,21.786720275878906,20.300315856933594,-17.408008575439453,21.273056030273438,9.158700942993164,18.763532638549805,3.1941144466400146,11.86333179473877,-2.985685110092163,12.734448432922363,-18.483840942382812,14.352103233337402,4.188953399658203,10.615852355957031,-2.5416860580444336,12.016992568969727,-13.427640914916992,9.691472053527832,-4.92072057723999,10.806199073791504,2306.7623280210905,876.8907210449175
1_5953,-196.2002410888672,75.0599365234375,102.31771087646484,52.4041633605957,-29.533634185791016,25.819175720214844,32.64057922363281,30.60002326965332,-14.657343864440918,19.828136444091797,8.470898628234863,21.111370086669922,3.569324254989624,13.40457820892334,-3.0347063541412354,14.944008827209473,-18.050397872924805,14.943496704101562,10.014067649841309,11.10275936126709,-4.759459018707275,11.139669418334961,-10.803874015808105,9.3390531539917,-2.059828042984009,8.358525276184082,2255.801788806213,974.5538338579246
1_5964,-115.1033706665039,45.948265075683594,80.58866882324219,33.785888671875,-7.099850177764893,20.42734146118164,38.0425910949707,18.904542922973633,-14.093050003051758,13.216086387634277,20.203407287597656,12.377314567565918,5.922791004180908,10.188799858093262,0.04056703299283981,9.96124267578125,-5.748854637145996,8.20549201965332,7.64436674118042,7.6367106437683105,0.522584080696106,7.034661769866943,-5.050151348114014,8.801569938659668,-0.4435648024082184,5.6070685386657715,2681.8379448435976,765.59531557383
1_60,-145.9838104248047,87.79220581054688,99.27546691894531,52.02027893066406,-50.071102142333984,24.508384704589844,8.706925392150879,21.813039779663086,-22.59253692626953,15.915258407592773,-8.266875267028809,13.035737991333008,-7.889204502105713,10.015937805175781,-11.918509483337402,10.147076606750488,-19.073299407958984,11.816977500915527,1.7401214838027954,10.711487770080566,-6.36619758605957,11.332329750061035,-5.210203170776367,6.992008686065674,-11.42868423461914,7.7099785804748535,2234.6365926937306,945.6360776982897
1_6020,-162.20098876953125,64.13080596923828,125.64257049560547,29.207380294799805,-68.95872497558594,26.60945701599121,5.577521800994873,17.77411651611328,-32.0877685546875,19.179046630859375,-4.128143787384033,15.613269805908203,-7.172972679138184,11.871042251586914,-4.227410793304443,10.689316749572754,-24.543066024780273,10.903157234191895,4.040500164031982,7.722578525543213,-2.904390335083008,7.610104560852051,-15.637593269348145,10.040207862854004,-4.415888786315918,7.753643035888672,1846.7981962368133,526.5653055292918
1_6032,-200.41116333007812,58.62316131591797,106.55924224853516,57.452205657958984,-38.723819732666016,29.743793487548828,31.042680740356445,27.413734436035156,-19.600984573364258,19.794221878051758,-1.288616418838501,19.140174865722656,-8.451202392578125,12.711119651794434,-6.507378578186035,14.690241813659668,-21.917190551757812,12.833963394165039,3.369941234588623,10.404169082641602,-11.386384963989258,11.365255355834961,-13.055741310119629,10.114665031433105,-7.64078426361084,8.294405937194824,2104.363293746196,1046.8627431663422
1_6039,-224.08746337890625,101.41746520996094,102.28052520751953,37.58228302001953,-59.88710021972656,30.576807022094727,9.455611228942871,21.119281768798828,-38.626773834228516,17.466461181640625,1.6232610940933228,13.82087516784668,-3.5210306644439697,10.416794776916504,-12.245525360107422,12.612081527709961,-20.189584732055664,11.226369857788086,-0.6260823607444763,10.026617050170898,-7.7445149421691895,8.03392219543457,-9.89261531829834,9.115693092346191,-4.4490742683410645,9.176003456115723,2132.154803019231,740.6516244029762
1_6065,-214.9650421142578,78.28955078125,116.2937240600586,41.59769058227539,-65.91558837890625,33.61664962768555,15.559898376464844,21.123714447021484,-25.2666072845459,23.993419647216797,-1.1966482400894165,18.872732162475586,-1.2626196146011353,16.13463592529297,-15.38012409210205,16.53481674194336,-28.022727966308594,13.615485191345215,4.12139892578125,10.452710151672363,-7.296072006225586,11.018936157226562,-15.607887268066406,8.865281105041504,-6.235620021820068,10.70644760131836,1938.9679998503416,786.2071886122148
1_6092,-177.84979248046875,77.93553924560547,121.62995147705078,35.62446212768555,-59.69176483154297,35.51642608642578,11.478310585021973,19.78710174560547,-37.02367401123047,20.054168701171875,4.244010925292969,12.726949691772461,-11.513652801513672,11.702996253967285,-10.073472023010254,10.871975898742676,-18.65644645690918,10.565933227539062,-0.4784364104270935,9.627654075622559,-4.262665748596191,8.463318824768066,-17.842151641845703,6.865787982940674,-9.531064987182617,8.002821922302246,1881.4771591001406,729.1078254695854
1_6113,-227.858154296875,74.92768859863281,120.43736267089844,50.5499382019043,-31.55179214477539,38.54175567626953,29.26980972290039,27.37697982788086,-18.005081176757812,21.870121002197266,5.32499885559082,18.174903869628906,-7.482367992401123,14.623876571655273,-9.034072875976562,13.644213676452637,-23.02452278137207,15.905706405639648,1.357001543045044,10.615217208862305,-9.014076232910156,11.243331909179688,-14.040444374084473,10.226936340332031,-4.741864204406738,10.023209571838379,1862.471047838761,947.302075399361
1_6134,-210.2342071533203,59.93895721435547,130.19566345214844,39.932281494140625,-39.86376190185547,33.82994842529297,20.994844436645508,22.832210540771484,-22.208126068115234,22.832469940185547,5.423661231994629,17.299564361572266,-3.767869472503662,10.265539169311523,-9.845137596130371,10.595154762268066,-25.579421997070312,12.544744491577148,0.22563262283802032,8.65573501586914,-7.898194313049316,9.63968563079834,-17.3872127532959,8.670321464538574,-9.936209678649902,8.842792510986328,1732.2522996965831,764.7119754133421
1_6165,-186.33123779296875,36.98674011230469,114.0679931640625,37.89864730834961,-52.48658752441406,35.97853469848633,19.297073364257812,22.518125534057617,-18.291484832763672,21.39097785949707,0.17770053446292877,22.903514862060547,-9.81611156463623,16.608230590820312,-9.400314331054688,12.357697486877441,-24.490127563476562,11.919540405273438,7.880449295043945,10.860393524169922,-6.116878032684326,11.66958999633789,-15.846660614013672,7.801092624664307,-4.969634532928467,10.875537872314453,2011.8908344654565,753.866881379158
1_6183,-273.05657958984375,140.1338348388672,85.51136016845703,57.82401657104492,-42.95682144165039,32.43684768676758,19.797941207885742,17.389419555664062,-16.441740036010742,18.85765838623047,7.1160569190979,16.414573669433594,-7.0648932456970215,17.032358169555664,-5.768637657165527,12.579047203063965,-17.417808532714844,17.14853286743164,6.1483330726623535,10.634852409362793,-4.245344161987305,13.798277854919434,-10.52267837524414,9.880742073059082,-1.0171056985855103,7.71986198425293,2497.79351636047,1079.2100997718403
1_6188,-188.06781005859375,57.872398376464844,125.61007690429688,29.44611167907715,-59.08820724487305,28.105873107910156,8.716960906982422,19.63084602355957,-29.376707077026367,16.99969482421875,3.435030460357666,12.609672546386719,-11.773395538330078,9.235671997070312,-3.23799467086792,10.755830764770508,-15.966626167297363,9.352882385253906,1.2223201990127563,8.0609712600708,-8.44012451171875,7.431649684906006,-19.495365142822266,9.396551132202148,-9.25102710723877,7.6173996925354,1779.9371672482,530.7360011077823
1_6211,-144.5568084716797,68.59041595458984,69.92662811279297,47.80369186401367,-43.19239044189453,24.453506469726562,5.614810466766357,19.134593963623047,-25.604022979736328,15.248766899108887,2.8131589889526367,12.520208358764648,-12.663972854614258,10.157286643981934,-5.5978546142578125,10.833459854125977,-26.79863929748535,11.647960662841797,-1.5301792621612549,9.999345779418945,-3.270259141921997,9.330696105957031,-13.371134757995605,9.530298233032227,-4.584549903869629,8.091740608215332,2708.4705529418816,1020.0653692984029
1_6221,-206.96798706054688,53.065399169921875,54.3658561706543,37.9237060546875,-35.065555572509766,36.73200988769531,23.230770111083984,26.35677719116211,-20.007064819335938,21.584571838378906,15.065897941589355,17.403343200683594,-2.212385654449463,15.277104377746582,-11.338228225708008,15.03100299835205,-17.413299560546875,12.574761390686035,-4.693758964538574,11.576484680175781,-11.317522048950195,11.714634895324707,-10.602885246276855,9.006924629211426,-5.062187194824219,8.573318481445312,2968.2816659495975,1224.1434517720013
1_6355,-150.1119384765625,52.268836975097656,75.15919494628906,42.20502471923828,-25.63321876525879,22.693756103515625,34.127098083496094,19.183021545410156,-19.282569885253906,18.486276626586914,19.286588668823242,12.042141914367676,0.033098913729190826,11.316261291503906,-0.6197425127029419,10.796141624450684,-14.249297142028809,10.576138496398926,6.995380878448486,10.487894058227539,8.722330093383789,9.128052711486816,-6.605147361755371,9.974084854125977,-0.666541576385498,9.544257164001465,2694.9359231026406,828.124239007705
1_6370,-207.49703979492188,66.64022064208984,77.84062194824219,53.31425476074219,-38.63592529296875,27.386133193969727,35.306419372558594,32.544803619384766,-19.776853561401367,21.23624610900879,1.3879127502441406,18.58867835998535,-4.961557388305664,13.803901672363281,-11.606704711914062,15.410955429077148,-23.947412490844727,15.433538436889648,3.5291333198547363,12.213417053222656,-6.50476598739624,11.695734977722168,-17.037303924560547,8.746244430541992,-6.294209003448486,11.393327713012695,2437.7526708223604,1036.2475409956853
1_6426,-209.7141571044922,84.94762420654297,110.58348846435547,49.74068069458008,-56.39765930175781,29.991683959960938,21.186569213867188,24.9871883392334,-41.067527770996094,23.085466384887695,1.9642587900161743,19.569835662841797,-9.788727760314941,14.280904769897461,-9.052841186523438,16.019901275634766,-27.144872665405273,10.657135009765625,-1.769472360610962,10.582316398620605,-10.329543113708496,10.62193489074707,-19.969970703125,10.947784423828125,-8.194624900817871,8.167566299438477,2095.6877357854496,928.4716834278586
1_6427,-223.12521362304688,111.23536682128906,93.742919921875,37.88278579711914,-54.66672134399414,33.70075988769531,9.1028413772583,21.171283721923828,-41.5023078918457,18.584413528442383,8.683396339416504,17.185096740722656,-10.154003143310547,12.325631141662598,-7.708046913146973,9.585921287536621,-14.308623313903809,9.728825569152832,-9.192023277282715,12.716675758361816,-3.2676963806152344,11.657580375671387,-19.063209533691406,10.61668872833252,-8.257390022277832,8.356328010559082,2251.2436696294812,771.0687178289279
1_6428,-164.6844024658203,69.43661499023438,138.0138397216797,38.5588264465332,-58.27424240112305,30.363235473632812,15.223326683044434,16.421527862548828,-28.515901565551758,14.499688148498535,5.727930545806885,10.290763854980469,-10.102234840393066,9.447132110595703,-14.967301368713379,10.439977645874023,-20.67861557006836,10.680752754211426,-2.5844454765319824,11.360271453857422,-0.8064664602279663,9.7269926071167,-13.262323379516602,8.486837387084961,-11.048165321350098,7.718173503875732,1812.5379016649927,734.5216976636254
1_6472,-158.0032501220703,84.6712875366211,126.85612487792969,33.42210006713867,-56.33670425415039,39.566017150878906,17.334436416625977,21.55982208251953,-34.79441452026367,23.003864288330078,4.06319522857666,12.433221817016602,-5.698529243469238,8.952651023864746,-12.694197654724121,8.873664855957031,-22.61927032470703,9.37318229675293,-0.6509913802146912,8.196966171264648,-5.580955505371094,10.236970901489258,-13.291706085205078,7.664892673492432,-11.324564933776855,6.255690574645996,1828.0304239485756,578.9482289796157
1_6504,-195.5331573486328,65.6789321899414,116.13472747802734,49.0648307800293,-40.40110778808594,32.783302307128906,26.638484954833984,27.959487915039062,-22.195100784301758,19.782060623168945,-0.48785918951034546,17.94182777404785,-8.933014869689941,13.14503002166748,-6.773954391479492,13.291046142578125,-23.3940486907959,10.390953063964844,-3.250354528427124,10.149476051330566,-8.65288257598877,10.898887634277344,-19.513168334960938,9.817214965820312,-10.260116577148438,8.317792892456055,1964.8946723035594,900.9397956860291
1_6534,-207.79383850097656,59.74298858642578,140.32452392578125,45.63530349731445,-45.913814544677734,29.925004959106445,14.15925407409668,26.152240753173828,-32.55401611328125,20.04183006286621,-6.14682674407959,20.03804588317871,-12.372013092041016,12.437506675720215,-9.600658416748047,13.866388320922852,-26.120506286621094,11.269674301147461,-2.725389003753662,11.170438766479492,-4.376703262329102,9.302398681640625,-20.541566848754883,7.687180519104004,-9.31541919708252,8.230209350585938,1601.1759944481207,768.6369408795116
1_6627,-173.552001953125,62.08389663696289,131.27952575683594,35.25799560546875,-48.083900451660156,31.640277862548828,31.477800369262695,21.593494415283203,-24.21047592163086,19.452125549316406,2.184570789337158,11.935940742492676,-15.224336624145508,11.93917465209961,-4.770822048187256,9.891499519348145,-16.070518493652344,9.761487007141113,-2.549936532974243,11.569873809814453,-7.921451091766357,9.131792068481445,-18.402456283569336,9.252095222473145,-5.613231658935547,7.991958141326904,1813.3116407479047,633.4036994057532
1_6645,-231.0353546142578,100.48757934570312,120.95155334472656,49.41037368774414,-52.15451431274414,29.687225341796875,25.81434440612793,31.58823013305664,-27.208017349243164,21.448366165161133,0.9970215559005737,16.5721378326416,-13.885885238647461,12.941400527954102,-7.872404098510742,10.791409492492676,-17.851613998413086,12.437777519226074,-8.867146492004395,12.553718566894531,-2.5983529090881348,11.18220329284668,-16.56378173828125,9.407212257385254,-12.614617347717285,8.858495712280273,1946.198565943659,844.4092839259786
1_6648,-197.56671142578125,78.63209533691406,109.76805114746094,49.083595275878906,-32.64037322998047,34.13504409790039,26.219390869140625,28.204822540283203,-23.961654663085938,17.684917449951172,3.582963228225708,14.046356201171875,-17.25713539123535,10.84792423248291,-11.064906120300293,12.172473907470703,-21.302034378051758,15.213177680969238,-5.210557460784912,10.773895263671875,-1.910563588142395,10.012048721313477,-15.056099891662598,12.986140251159668,-8.928593635559082,12.85186767578125,2120.3268116327818,1041.3438499935069
1_6683,-163.75254821777344,59.355201721191406,94.1626968383789,48.629398345947266,-55.8616828918457,32.613685607910156,18.11129379272461,24.04033088684082,-27.968311309814453,20.72288703918457,-8.324104309082031,21.276813507080078,-15.103779792785645,13.757401466369629,-12.512353897094727,11.909884452819824,-26.10335350036621,16.740243911743164,3.3171775341033936,12.1570405960083,-8.915962219238281,10.791363716125488,-9.170737266540527,7.670254707336426,-11.545042037963867,8.7289400100708,2309.478614443634,873.3989814498119
1_672,-223.15155029296875,123.37614440917969,76.83948516845703,50.015533447265625,-19.424766540527344,25.651670455932617,21.892614364624023,23.491321563720703,-5.373846530914307,24.49601173400879,-9.846965789794922,16.545957565307617,-18.861461639404297,16.74437141418457,-6.499436378479004,9.761540412902832,-21.978879928588867,12.990931510925293,1.8771528005599976,11.741689682006836,-7.3238420486450195,10.930472373962402,-5.084301948547363,11.11771011352539,-11.900440216064453,11.104551315307617,2468.470096556738,1277.651056728242
1_6766,-209.64048767089844,74.21246337890625,75.76705169677734,51.758140563964844,-59.339141845703125,40.078269958496094,22.912118911743164,28.233217239379883,-34.97972869873047,19.259946823120117,0.4750005304813385,17.920557022094727,-8.043004035949707,18.377731323242188,-11.882286071777344,12.269392013549805,-34.11220169067383,11.745094299316406,-3.4980523586273193,12.439313888549805,-7.302367210388184,12.0399169921875,-24.32332420349121,9.533194541931152,-14.005626678466797,10.306363105773926,2488.7188435024314,987.79258690225
1_6769,-297.57769775390625,132.39845275878906,62.436424255371094,67.64755249023438,-22.992326736450195,37.22480010986328,25.01511573791504,25.976972579956055,-37.645870208740234,22.180522918701172,11.929073333740234,18.254159927368164,-9.234150886535645,17.776426315307617,-15.81153678894043,15.721156120300293,-20.07019805908203,13.01175308227539,-3.229905366897583,12.199877738952637,-1.8039804697036743,10.62900161743164,-12.080721855163574,10.321977615356445,-11.883042335510254,10.083881378173828,3005.3031903235456,1462.277017980609
1_6835,-167.29473876953125,72.9485855102539,110.40137481689453,42.967262268066406,-64.88101959228516,36.71333694458008,4.408871650695801,24.895788192749023,-46.66254806518555,15.412540435791016,-0.49178892374038696,15.007837295532227,-10.780187606811523,10.678243637084961,-15.06402587890625,14.022783279418945,-20.314228057861328,10.459920883178711,1.5587966442108154,10.815600395202637,-4.6375908851623535,12.059012413024902,-11.639541625976562,7.542145252227783,-9.716835975646973,10.747466087341309,2059.820970934866,921.5612369170175
1_6860,-312.2690734863281,91.86835479736328,112.17521667480469,56.40898513793945,-41.661041259765625,38.21796798706055,14.525472640991211,27.97745132446289,-9.252176284790039,22.5917911529541,-1.0845565795898438,18.69455909729004,-8.828845024108887,13.595170021057129,-10.065605163574219,13.619736671447754,-18.16073989868164,11.062692642211914,-5.363167762756348,10.601398468017578,-8.227019309997559,11.557182312011719,-7.862057685852051,7.718320846557617,-9.524235725402832,10.172246932983398,2121.936632705091,1104.992961210842
1_70,-147.36337280273438,94.37939453125,103.75720977783203,35.941741943359375,-38.73387908935547,36.968284606933594,3.3193745613098145,21.168838500976562,-24.014738082885742,17.463794708251953,-9.526080131530762,13.29787540435791,-13.119837760925293,11.246623992919922,-9.06580638885498,12.79039192199707,-19.229698181152344,9.04001522064209,-0.4012400507926941,10.97498893737793,-5.00705623626709,10.218585968017578,-5.132922172546387,8.55233097076416,-13.471295356750488,7.902405261993408,2109.7612546161545,1117.4664380107422
1_7047,-261.80804443359375,59.90598678588867,116.47846984863281,43.664493560791016,-36.65530776977539,35.20637512207031,6.859360694885254,20.78529167175293,-22.350210189819336,18.572223663330078,6.720827102661133,11.971651077270508,-13.02580738067627,11.765447616577148,-11.42750358581543,9.959436416625977,-15.759596824645996,10.163125991821289,-1.7370989322662354,9.179402351379395,1.3524682521820068,10.756854057312012,-9.817596435546875,7.417705535888672,-13.095312118530273,7.0128374099731445,2118.500101223529,1009.706768501552
1_7082,-294.8127136230469,75.28278350830078,89.7145004272461,44.05583953857422,-33.046531677246094,31.88650894165039,30.218788146972656,25.688701629638672,-18.97723388671875,28.26120948791504,6.614799976348877,15.381752967834473,-15.510946273803711,14.427063941955566,-9.42266845703125,12.289719581604004,-27.092300415039062,12.230228424072266,-6.6705641746521,11.561797142028809,-3.6914472579956055,12.169059753417969,-15.785072326660156,9.71539306640625,-7.707752704620361,10.303251266479492,2297.7704722186495,1002.02001815161
1_7089,-281.9755554199219,70.71710205078125,130.9264678955078,32.5383415222168,-39.768798828125,37.976924896240234,-0.5413227677345276,20.517803192138672,-14.107954025268555,20.94944953918457,16.014936447143555,16.857078552246094,-6.945014476776123,11.081615447998047,2.9507975578308105,13.306648254394531,-6.553945541381836,9.510235786437988,1.5828971862792969,9.678926467895508,-1.7202068567276,8.706725120544434,-0.8105279803276062,8.568046569824219,-5.832732677459717,6.879201889038086,1923.4181426640914,939.734229516833
1_7186,-305.5085754394531,67.26166534423828,102.62760162353516,41.63041305541992,-15.591615676879883,21.129087448120117,55.11277770996094,17.20326042175293,-3.9900076389312744,12.516580581665039,5.6532721519470215,18.62961769104004,-9.414152145385742,10.867618560791016,7.507472038269043,10.362870216369629,-23.48476219177246,20.6201229095459,-4.782820701599121,8.750285148620605,0.8684335350990295,9.8773193359375,-5.503901481628418,7.568005561828613,-0.042120665311813354,7.390526294708252,2236.811354487602,883.5014191247661
1_7281,-191.66116333007812,79.71029663085938,118.32413482666016,39.89316177368164,-47.881324768066406,32.454322814941406,11.916236877441406,20.448253631591797,-23.356319427490234,18.887001037597656,-0.7260770201683044,17.013700485229492,-7.700575828552246,14.40573501586914,-9.269576072692871,9.4299898147583,-18.962984085083008,12.552756309509277,4.380584716796875,9.90188217163086,-6.544758319854736,12.888675689697266,-10.442769050598145,6.5405683517456055,-8.383030891418457,10.069137573242188,1966.991554321077,822.2790665626538
1_7341,-165.14508056640625,81.35958099365234,100.84993743896484,48.67129898071289,-51.827781677246094,31.296470642089844,26.320011138916016,23.72701072692871,-16.237018585205078,25.41852378845215,-4.429423809051514,20.998838424682617,-14.84882926940918,13.595146179199219,-4.242343425750732,13.581562995910645,-19.335012435913086,14.572046279907227,-1.1537837982177734,10.287786483764648,-6.831052303314209,10.591049194335938,-3.7363572120666504,14.180427551269531,-8.024164199829102,8.392152786254883,2166.6934676942537,908.7170340097954
1_7357,-96.70683288574219,41.9793586730957,129.7499542236328,26.744850158691406,-68.45287322998047,29.31770133972168,7.516149520874023,12.040888786315918,-36.377235412597656,13.174607276916504,-0.8434546589851379,10.505025863647461,-13.327200889587402,9.304749488830566,-11.445267677307129,8.273697853088379,-22.37685203552246,7.195877552032471,2.700961112976074,7.300867080688477,-1.7157853841781616,8.325661659240723,-9.49189567565918,5.796435832977295,-16.338300704956055,5.333969593048096,1851.5457636527253,581.1705355549058
1_7395,-162.87979125976562,87.70858764648438,119.44143676757812,37.225250244140625,-51.4808464050293,36.46452331542969,12.508255958557129,21.408802032470703,-35.78647232055664,23.206846237182617,-7.930221080780029,15.560086250305176,-13.741766929626465,15.392199516296387,-10.733683586120605,10.542428016662598,-19.872276306152344,10.463689804077148,-3.3085296154022217,8.66818618774414,-7.942140102386475,10.000905990600586,-2.69637131690979,8.921427726745605,-13.444705963134766,9.10843563079834,1956.943559960987,868.0758381098768
1_7400,-228.4765167236328,99.62400817871094,57.21432876586914,54.547855377197266,-37.12659454345703,42.359615325927734,16.181306838989258,27.56719398498535,-22.888591766357422,21.99333953857422,-1.280749797821045,15.488768577575684,-11.974042892456055,12.173099517822266,-14.971254348754883,12.908774375915527,-19.020404815673828,12.882569313049316,-5.863444805145264,11.108366012573242,-9.194052696228027,11.293208122253418,-10.557250022888184,10.489601135253906,-14.772254943847656,10.43211841583252,3040.787542144562,1507.0273072239459
1_7402,-152.8349609375,94.30082702636719,117.20557403564453,33.063697814941406,-47.11994934082031,35.841461181640625,14.490091323852539,20.578927993774414,-36.26400375366211,15.599003791809082,5.081255912780762,12.742974281311035,-14.922338485717773,11.636894226074219,-15.421712875366211,12.944195747375488,-16.854652404785156,12.802054405212402,-8.268649101257324,14.27787971496582,-7.739654064178467,8.08266830444336,-11.095759391784668,8.001134872436523,-18.617595672607422,11.039206504821777,1921.7351225797759,656.5629869805298
1_7442,-197.147216796875,67.27032470703125,103.79578399658203,51.58073425292969,-46.67131423950195,34.21627426147461,23.62459373474121,26.2879638671875,-21.643033981323242,21.886205673217773,-9.906048774719238,19.915250778198242,-10.999140739440918,14.426952362060547,-16.845470428466797,13.416176795959473,-29.311485290527344,13.565858840942383,0.9447463750839233,13.081121444702148,-9.263517379760742,11.799419403076172,-20.02239990234375,8.346136093139648,-10.271626472473145,10.570981979370117,2065.8579352004804,890.8253812815732
1_7443,-266.487548828125,144.5120086669922,78.1008071899414,47.3187255859375,-36.29777145385742,34.61497116088867,15.315194129943848,16.812889099121094,-28.113208770751953,22.783987045288086,-1.886918306350708,15.153970718383789,-10.611433982849121,14.11007022857666,-11.46249771118164,10.055252075195312,-9.904437065124512,12.05904769897461,0.359258770942688,10.600822448730469,-8.48227596282959,9.767292022705078,-14.156641960144043,9.362441062927246,-15.529479026794434,11.692303657531738,2608.527461249746,1153.8757775264746
1_7445,-143.45806884765625,76.62789154052734,89.61540222167969,37.4845085144043,-37.71451950073242,33.57625961303711,16.28470230102539,16.820764541625977,-30.088008880615234,13.880584716796875,5.372913360595703,12.156821250915527,-11.804698944091797,10.093746185302734,-10.84069538116455,10.430403709411621,-17.9432373046875,7.923238754272461,1.24819016456604,7.979773044586182,-5.6469502449035645,7.074582099914551,-13.656431198120117,6.5201029777526855,-13.352131843566895,7.200514793395996,2539.227995153121,900.6973282086095
1_7449,-237.19541931152344,125.58493041992188,71.65848541259766,49.84809494018555,-34.56349182128906,39.46076965332031,17.47559928894043,22.388046264648438,-21.54217529296875,19.57304573059082,6.262628555297852,13.689900398254395,-18.343204498291016,18.659271240234375,-0.9072996973991394,11.771294593811035,-11.181034088134766,12.209898948669434,-2.6575276851654053,11.50728702545166,-2.875619649887085,10.858016967773438,-7.09343147277832,8.288065910339355,-13.05906867980957,8.077439308166504,2723.4135775978134,1219.8773326140579
1_7487,-216.2743682861328,80.88140869140625,105.68115997314453,52.94596481323242,-42.17394256591797,34.00372314453125,19.48272132873535,22.669618606567383,-29.158052444458008,18.6508846282959,-1.6280348300933838,18.831979751586914,-11.040043830871582,13.7168550491333,-10.667501449584961,12.690583229064941,-27.945463180541992,15.862346649169922,4.191760063171387,12.317609786987305,-3.889099597930908,11.382543563842773,-13.655564308166504,9.082015991210938,-11.429047584533691,8.423619270324707,2059.9448402413905,970.4663231565884
1_7490,-242.59799194335938,87.02806854248047,91.12124633789062,64.16990661621094,-36.980106353759766,35.637001037597656,28.757095336914062,29.942405700683594,-19.750333786010742,19.859819412231445,-2.8968520164489746,22.423986434936523,-10.120123863220215,11.473052024841309,-7.544938087463379,13.722488403320312,-24.138490676879883,16.58277130126953,2.9634392261505127,11.953272819519043,-6.815426349639893,11.791604042053223,-16.221025466918945,10.211336135864258,-8.543396949768066,8.244333267211914,2374.076001873977,1159.2671424305047
1_7494,-229.38673400878906,62.32512664794922,119.6380386352539,37.80748748779297,-58.61876678466797,33.39297103881836,16.690885543823242,20.372119903564453,-36.88271713256836,17.064550399780273,-2.5095772743225098,15.455540657043457,-13.488387107849121,10.741151809692383,-21.035419464111328,12.652621269226074,-18.956592559814453,9.392064094543457,0.2534267008304596,12.303020477294922,-3.211441993713379,7.624006748199463,-12.750584602355957,8.86143684387207,-11.373186111450195,9.30282974243164,1942.30156681839,767.280516740929
1_7504,-169.59307861328125,70.20091247558594,106.61034393310547,57.31416320800781,-47.304500579833984,33.68084716796875,20.08333396911621,21.155712127685547,-27.762535095214844,18.911531448364258,4.24339485168457,16.80411148071289,-7.788341999053955,11.305399894714355,-15.025369644165039,10.216939926147461,-16.209012985229492,10.42373275756836,-2.9794347286224365,10.024984359741211,-7.044267654418945,8.902219772338867,-12.323429107666016,9.986401557922363,-14.476127624511719,8.088043212890625,2124.9262922069915,1034.4788996183138
1_7575,-106.99592590332031,53.28116226196289,89.19073486328125,23.414323806762695,-20.686620712280273,33.598602294921875,18.91521453857422,17.658231735229492,-10.643054008483887,15.818257331848145,3.314455032348633,15.059782028198242,-3.93015193939209,11.265292167663574,2.8326001167297363,9.512701988220215,-12.999425888061523,11.098917961120605,12.36367130279541,10.525522232055664,1.5723819732666016,9.479643821716309,-5.614578723907471,8.837597846984863,-2.5472984313964844,8.384623527526855,2484.1547605504024,631.4637618894556
1_7593,-202.53045654296875,124.0321273803711,89.39358520507812,45.0545539855957,-29.18050765991211,44.41450500488281,25.300949096679688,25.973474502563477,-23.936717987060547,21.479082107543945,-0.663333535194397,15.531241416931152,-6.260116100311279,12.01920223236084,-9.647958755493164,12.64295768737793,-18.48624038696289,11.608576774597168,-1.2198567390441895,11.90849494934082,-9.006675720214844,9.750015258789062,-21.418371200561523,10.675177574157715,-19.38973617553711,7.845632076263428,2233.9296775123585,946.8571467836119
1_7641,-211.07504272460938,97.27739715576172,95.44029235839844,61.45083999633789,-26.04283332824707,35.77051544189453,32.778846740722656,30.191747665405273,-23.37016487121582,20.622573852539062,2.4832265377044678,23.36506462097168,-8.347173690795898,12.284255981445312,-8.826985359191895,14.650924682617188,-15.725449562072754,15.281790733337402,4.166503429412842,10.68036937713623,-2.449643135070801,9.810861587524414,-18.000638961791992,11.489423751831055,-10.346559524536133,10.464218139648438,2289.567752091717,1138.7350274230448
1_7661,-335.85491943359375,61.57872772216797,105.6386489868164,43.92491149902344,-73.57911682128906,31.537126541137695,7.209618091583252,18.08558464050293,-32.85900115966797,17.967849731445312,-11.939865112304688,15.946016311645508,-16.322315216064453,16.005983352661133,-14.33425235748291,10.201997756958008,-23.24643325805664,13.72996997833252,0.7421813011169434,10.999284744262695,-7.1172776222229,12.400331497192383,-14.43207836151123,9.1073579788208,-9.159914016723633,7.714902400970459,2050.0914512196937,720.9348537352926
1_7675,-343.5601501464844,67.62074279785156,72.81122589111328,43.34251403808594,-69.14287567138672,32.473243713378906,8.588397979736328,20.552186965942383,-36.009063720703125,18.07134246826172,0.42764270305633545,14.433442115783691,-15.597216606140137,9.87548828125,-6.181367874145508,9.110079765319824,-14.93388557434082,11.075628280639648,-3.822138786315918,12.084674835205078,-7.081625938415527,9.51113224029541,-16.552143096923828,10.638383865356445,-13.471497535705566,9.320046424865723,2592.6345786412558,900.3961422636836
1_7722,-423.18377685546875,122.434814453125,124.29320526123047,41.502925872802734,-44.603084564208984,32.73145294189453,14.704765319824219,17.28186798095703,-19.405624389648438,17.791757583618164,0.7177673578262329,14.080458641052246,-10.987272262573242,11.798868179321289,-8.622469902038574,11.759528160095215,-16.919763565063477,12.767951011657715,-2.340947151184082,9.458353042602539,-6.389341354370117,8.84817886352539,-8.73890495300293,8.499765396118164,-10.723057746887207,6.270380973815918,1843.4895803610016,777.9660240310446
1_7894,-161.5934600830078,79.74552154541016,85.5827407836914,46.34738540649414,-38.30595016479492,31.27452850341797,16.795093536376953,24.1707820892334,-30.486488342285156,22.036354064941406,-1.4509093761444092,12.925216674804688,-16.52347183227539,13.978861808776855,-5.837839603424072,10.040196418762207,-16.96047592163086,10.287223815917969,-5.267710208892822,12.476032257080078,-9.62269115447998,10.04956340789795,-10.95439624786377,8.055753707885742,-9.118364334106445,9.774353981018066,2454.4932561430974,988.8946615874878
1_7938,-206.70849609375,58.29419708251953,110.07657623291016,47.610836029052734,-24.739208221435547,31.56236457824707,24.45445442199707,19.745162963867188,-15.995551109313965,17.182756423950195,9.264657020568848,14.895899772644043,0.6195964217185974,11.862160682678223,5.487674713134766,9.436805725097656,-1.5812822580337524,9.32994556427002,-2.0965585708618164,9.830906867980957,-3.6420090198516846,8.586139678955078,-0.5266107320785522,6.863370895385742,-4.459685802459717,7.383713245391846,2230.812388749886,1018.1355009487012
1_7953,-216.15130615234375,147.41033935546875,104.15367889404297,34.79467010498047,-37.51316833496094,33.024356842041016,21.90398406982422,20.77372932434082,-16.389793395996094,22.71017074584961,-2.662651538848877,18.004499435424805,-5.768773078918457,15.325828552246094,-7.83528470993042,11.804708480834961,-10.601103782653809,12.344170570373535,-2.9814469814300537,12.587600708007812,-5.137513637542725,13.123211860656738,0.15276557207107544,10.316414833068848,-13.7830171585083,11.118584632873535,2098.665742329771,687.9442273881814
1_80,-20.360212326049805,54.25428009033203,84.98123931884766,47.331748962402344,-34.23183059692383,32.60469055175781,21.485475540161133,21.855934143066406,-19.291288375854492,19.438947677612305,-1.7031357288360596,15.203750610351562,-13.879005432128906,11.121967315673828,-11.39453125,11.36646556854248,-22.0147705078125,11.710125923156738,-0.031164444983005524,10.259622573852539,-3.0568559169769287,7.114965438842773,-8.054238319396973,8.450345993041992,-20.819276809692383,8.026527404785156,2431.856427369077,1051.3951678123892
1_8042,-304.6082458496094,83.04832458496094,79.23965454101562,52.627742767333984,-20.874040603637695,28.977279663085938,28.628339767456055,23.52359962463379,-15.738414764404297,16.604206085205078,3.551952838897705,18.13107681274414,-3.5814545154571533,15.248888969421387,-10.088849067687988,14.2267427444458,-20.981611251831055,16.415573120117188,1.3180862665176392,12.27552318572998,-0.5737116932868958,10.325177192687988,-2.107158899307251,7.983558177947998,-5.450321674346924,9.122496604919434,2625.4244593767908,1185.515056924644
1_8045,-287.3073425292969,76.28250885009766,96.95682525634766,46.18183517456055,-23.087491989135742,30.548187255859375,31.432966232299805,24.735692977905273,-22.586959838867188,27.170488357543945,-5.229548454284668,18.901464462280273,-1.1884256601333618,12.238394737243652,-10.601479530334473,11.274880409240723,-25.126779556274414,13.965067863464355,-5.8987345695495605,10.774679183959961,-7.4666972160339355,11.182441711425781,-5.232695579528809,10.919416427612305,-9.633026123046875,9.50320053100586,2312.1214404014536,1018.653525459112
1_8052,-243.93736267089844,79.50682067871094,109.03565216064453,32.16667938232422,-59.80923843383789,31.83939552307129,3.0358800888061523,22.96998405456543,-29.733726501464844,15.948906898498535,-1.5852506160736084,11.463424682617188,-11.081663131713867,10.351214408874512,-9.46971321105957,13.098344802856445,-12.588908195495605,9.498865127563477,-1.1731528043746948,8.946340560913086,-7.534885883331299,9.64169692993164,-7.664665222167969,8.702428817749023,-17.055238723754883,8.08475112915039,2129.062104000159,773.3101666004753
1_8078,-280.8931579589844,86.60027313232422,114.98689270019531,34.491172790527344,-100.66595458984375,30.427413940429688,14.45797061920166,27.03972816467285,-25.504499435424805,16.705305099487305,-13.907831192016602,13.19608211517334,-12.211080551147461,11.987174034118652,-11.774587631225586,9.225598335266113,-16.115806579589844,11.080028533935547,4.398229122161865,6.939483642578125,1.582411527633667,12.82409954071045,-4.071423530578613,9.832759857177734,-4.251215934753418,12.056940078735352,1988.979764519177,504.7323707177974
1_8136,-290.47723388671875,109.63109588623047,101.79356384277344,40.253910064697266,-36.074317932128906,31.746477127075195,31.9036808013916,20.07096290588379,-14.950340270996094,17.967098236083984,5.115007400512695,16.13237762451172,-8.619904518127441,12.728256225585938,-11.389037132263184,13.959061622619629,-9.605877876281738,13.949628829956055,-8.397186279296875,11.050577163696289,1.1297659873962402,10.502763748168945,-8.176285743713379,11.709007263183594,-8.047524452209473,8.880568504333496,2124.036119638,831.2035838216672
1_8159,-157.78175354003906,86.8951416015625,122.1033935546875,35.57030487060547,-55.708946228027344,32.297142028808594,17.723474502563477,18.9862117767334,-32.31191635131836,14.988591194152832,-8.246684074401855,11.785135269165039,-7.678073406219482,11.500162124633789,-10.527717590332031,11.050207138061523,-10.702825546264648,9.936442375183105,-0.5249559283256531,10.20358943939209,-10.914305686950684,9.0112943649292,-9.642619132995605,7.418392658233643,-14.208191871643066,8.28100872039795,1905.6650003899408,613.4941953829924
1_8185,-322.1890869140625,115.46744537353516,90.99423217773438,59.38800048828125,-49.63059997558594,43.707374572753906,16.837560653686523,23.693267822265625,-38.06346893310547,21.240524291992188,4.289721965789795,12.923661231994629,-11.826980590820312,13.845681190490723,-10.190896034240723,14.28049373626709,-16.525257110595703,12.382076263427734,-5.774400234222412,12.728979110717773,-8.367648124694824,11.092928886413574,-9.008112907409668,9.830068588256836,-15.348809242248535,8.520381927490234,2495.1934021535462,1164.412837838101
1_8217,-421.17303466796875,159.4936065673828,109.42585754394531,61.41277313232422,-39.33662414550781,40.15633773803711,22.2916202545166,28.58077049255371,-13.375261306762695,21.872175216674805,-1.5979132652282715,19.08742904663086,-5.997511863708496,14.676429748535156,-5.385767459869385,13.990506172180176,-17.10268211364746,16.53522300720215,-1.0079174041748047,12.769882202148438,-4.5476837158203125,12.115755081176758,-5.674623489379883,9.057707786560059,-7.051902770996094,11.431638717651367,2175.8088643669,1067.0955131072858
1_8407,-289.0018310546875,87.86900329589844,96.59783935546875,42.359073638916016,-49.19478225708008,37.2692985534668,13.466353416442871,26.45037841796875,-22.84320640563965,24.23491096496582,-10.831486701965332,18.3582820892334,-3.754081964492798,14.694735527038574,-0.45173707604408264,12.537065505981445,-20.830615997314453,12.385639190673828,-2.9885902404785156,10.509538650512695,-5.908239841461182,12.103677749633789,-8.769872665405273,9.430801391601562,-8.191496849060059,8.70280933380127,2161.1509004778604,814.94017231503
1_8417,-266.80511474609375,92.24463653564453,119.84945678710938,38.5186767578125,-42.661720275878906,30.464778900146484,22.245574951171875,23.537750244140625,-12.099952697753906,24.24117088317871,1.706266164779663,18.03063201904297,-1.1879761219024658,13.629682540893555,-4.273263454437256,11.039642333984375,-18.731847763061523,10.72601318359375,-2.2033653259277344,8.648401260375977,-4.458184719085693,9.471962928771973,-3.876699209213257,8.287786483764648,-7.071962356567383,10.242582321166992,1891.257752160793,684.9460912591431
1_8452,-296.90740966796875,92.54144287109375,94.59107208251953,44.570533752441406,-46.04658126831055,28.766538619995117,16.69325065612793,24.24099349975586,-18.751358032226562,15.513321876525879,-0.5354883074760437,15.689632415771484,-5.265626430511475,12.091434478759766,-10.877321243286133,11.68883991241455,-11.388197898864746,10.299839973449707,-6.098729610443115,9.970952033996582,-4.877502918243408,9.720986366271973,-4.017542362213135,7.571981430053711,-12.342686653137207,7.875254154205322,2258.824664588575,920.1100237580443
1_8505,-282.16851806640625,79.55137634277344,101.52510833740234,30.274707794189453,-93.02288055419922,26.582395553588867,24.918991088867188,27.684856414794922,-37.03919219970703,18.740570068359375,-11.99425220489502,14.586679458618164,-19.97657585144043,14.8587064743042,-15.854068756103516,12.681859016418457,-22.1278018951416,10.389175415039062,-4.4673614501953125,13.3921537399292,1.2604291439056396,11.210355758666992,-6.776333808898926,12.110527038574219,-1.6441682577133179,10.74573802947998,2123.5693996844197,492.9317271686829
1_8717,-255.775634765625,55.88035583496094,130.1387939453125,28.891809463500977,-27.936864852905273,28.9923038482666,14.998303413391113,16.17578125,-13.933923721313477,13.23623275756836,11.887808799743652,11.281999588012695,-3.899945020675659,11.047272682189941,-5.408454418182373,10.384116172790527,-4.359830856323242,9.594478607177734,-1.0966540575027466,10.415912628173828,-8.51377010345459,9.00602912902832,-0.6748585104942322,7.258577823638916,-10.646235466003418,7.982662200927734,1775.1703839324261,661.234885058004
1_8746,-317.2264099121094,122.55900573730469,92.09727478027344,36.58955001831055,-52.319766998291016,33.16255187988281,21.195886611938477,25.5623836517334,-22.837810516357422,16.872636795043945,-6.325657367706299,17.931610107421875,-6.543055534362793,12.910276412963867,-8.801168441772461,9.795113563537598,-15.756966590881348,9.917569160461426,-3.278630256652832,10.063997268676758,-8.06588077545166,11.368631362915039,-5.2578911781311035,8.806292533874512,-8.199246406555176,9.23064136505127,2248.3879458247334,703.1366217992089
1_8749,-333.78131103515625,116.744873046875,85.0201187133789,50.30500411987305,-45.44287109375,36.488834381103516,27.576940536499023,24.84202003479004,-20.729856491088867,19.298166275024414,-2.269752264022827,20.340789794921875,-4.66867208480835,13.257638931274414,-13.125347137451172,11.228660583496094,-13.977344512939453,13.493887901306152,-3.7184360027313232,12.19970989227295,-9.027015686035156,10.488470077514648,-6.164310455322266,9.166115760803223,-6.298069953918457,10.753564834594727,2539.4746527418756,1043.7843131368813
1_8827,-314.9815673828125,77.61194610595703,111.05806732177734,42.678646087646484,-38.80070877075195,40.245731353759766,15.792794227600098,18.066375732421875,-26.01285171508789,15.155435562133789,3.5372371673583984,11.713156700134277,-13.511903762817383,8.973625183105469,-9.300836563110352,10.283252716064453,-15.00594425201416,11.565192222595215,-1.3743215799331665,11.86644458770752,-7.497933864593506,8.386051177978516,-5.304194927215576,8.025192260742188,-13.421832084655762,8.348479270935059,2175.333334558998,924.4540876042008
1_8837,-288.200439453125,88.671142578125,124.25387573242188,31.864704132080078,-53.49081802368164,36.83671569824219,21.304183959960938,20.940494537353516,-29.480480194091797,26.496583938598633,3.720839738845825,15.318431854248047,-14.965554237365723,12.668173789978027,-9.93700885772705,10.825529098510742,-22.77014923095703,11.647064208984375,0.214211106300354,12.492719650268555,-6.2450642585754395,10.691485404968262,-5.657295227050781,8.327797889709473,-12.497330665588379,9.520227432250977,1852.5374082691671,519.9113725853409
1_90,-23.18532371520996,59.0173454284668,69.85816192626953,57.430519104003906,-33.32561492919922,28.895517349243164,22.434972763061523,21.759843826293945,-15.5901517868042,19.694787979125977,0.5653984546661377,18.056550979614258,-11.363945007324219,12.694172859191895,-4.394791126251221,11.981062889099121,-19.383996963500977,10.8180513381958,-2.0409939289093018,9.486838340759277,-10.907684326171875,9.670798301696777,-11.340445518493652,9.152424812316895,-20.6347713470459,8.777212142944336,2638.5288627695595,1290.7116782260834
1_9003,-242.36415100097656,96.1118392944336,112.90605163574219,36.942012786865234,-27.588991165161133,31.222747802734375,16.742876052856445,18.626344680786133,-10.683100700378418,26.183956146240234,4.2582173347473145,19.10479736328125,-3.115128755569458,14.007445335388184,-6.985633373260498,13.289522171020508,-14.379548072814941,12.56806468963623,-9.9048433303833,10.565386772155762,-9.320326805114746,9.947075843811035,-4.338315963745117,8.87108039855957,-10.36308765411377,8.698310852050781,1879.5485326363794,812.4599705275833
1_9009,-174.86196899414062,72.95751190185547,92.50399780273438,43.12009048461914,-47.87961196899414,29.244892120361328,26.972885131835938,24.948524475097656,-11.566590309143066,26.890514373779297,-1.9940491914749146,16.58567237854004,-13.091075897216797,13.864907264709473,-3.5601582527160645,13.187564849853516,-15.297643661499023,10.020096778869629,-5.471746444702148,11.050821304321289,-10.53717041015625,9.365606307983398,-10.531885147094727,8.557188987731934,-9.973872184753418,8.576781272888184,2184.0995678150075,740.99818083202
1_9087,-137.189697265625,71.79379272460938,119.82392120361328,44.248416900634766,-59.81003189086914,30.18690299987793,18.58196258544922,25.764629364013672,-18.136550903320312,18.63504981994629,5.114645957946777,12.480936050415039,-11.942955017089844,11.765393257141113,-16.952070236206055,15.601310729980469,-13.782845497131348,10.134361267089844,-7.153706073760986,15.130538940429688,-8.55036735534668,9.588190078735352,-5.786492347717285,9.79329776763916,-14.206886291503906,9.555670738220215,1964.4760469953712,708.2272666977643
1_9245,-338.34149169921875,127.6117935180664,104.53272247314453,59.353816986083984,-44.315120697021484,47.240509033203125,22.543611526489258,19.793981552124023,-14.702430725097656,29.505979537963867,0.1931004524230957,19.161296844482422,-14.640741348266602,14.61728286743164,-5.282761573791504,11.605782508850098,-16.194726943969727,15.403738975524902,-4.677116870880127,12.814271926879883,-8.567286491394043,11.411514282226562,-4.906970024108887,8.570990562438965,-11.486379623413086,9.331096649169922,2203.726992009312,1105.8460890702124
1_9594,-252.6175537109375,110.93065643310547,95.6985092163086,47.45969772338867,-49.04112243652344,34.630123138427734,7.604794025421143,23.686763763427734,-28.266931533813477,21.47372817993164,2.0796921253204346,17.000558853149414,-9.31987190246582,13.851340293884277,-6.2051100730896,11.611637115478516,-14.424506187438965,12.4614839553833,-3.857217788696289,10.213083267211914,-7.490473747253418,10.419485092163086,-10.478704452514648,10.624418258666992,-4.10097074508667,10.50505542755127,2173.9707382739452,928.1321312461176
1_9668,-261.62493896484375,113.57565307617188,100.98667907714844,42.397159576416016,-37.3563117980957,28.202945709228516,28.975662231445312,24.080219268798828,-8.965713500976562,21.49468231201172,-4.134745121002197,17.86199188232422,-9.455738067626953,13.884539604187012,-12.240497589111328,13.386887550354004,-18.10162353515625,16.007261276245117,-1.3874622583389282,10.462040901184082,-17.838979721069336,14.319592475891113,-11.818717956542969,8.467123031616211,-4.3331828117370605,10.857156753540039,2079.5396495303453,733.5464306626691
1_971,10.370220184326172,57.79661178588867,82.99146270751953,38.574668884277344,-57.114871978759766,25.173294067382812,2.143702983856201,15.584294319152832,-29.40744400024414,13.015082359313965,-4.9484477043151855,13.027917861938477,-17.383943557739258,12.292525291442871,-3.367391347885132,10.029718399047852,-20.355812072753906,9.51911735534668,1.1941980123519897,8.958556175231934,-4.81805419921875,8.107789993286133,-2.060898542404175,7.887638092041016,-9.77093505859375,8.419124603271484,2325.6082304016895,844.1039080926785
1_9963,-251.33984375,135.47080993652344,104.77757263183594,35.59861373901367,-57.21678924560547,34.0089225769043,21.107036590576172,19.618242263793945,-26.22200584411621,27.396240234375,-9.650221824645996,19.18417739868164,-7.690287113189697,14.710508346557617,-13.540742874145508,14.61058521270752,-20.613182067871094,12.67286205291748,-9.115765571594238,10.925186157226562,2.4981040954589844,9.921320915222168,-7.755002021789551,10.934953689575195,-12.118809700012207,9.489721298217773,2121.9289368702634,594.7026367655411
1_9971,-238.0880584716797,102.54429626464844,113.55878448486328,45.9113883972168,0.8908326625823975,28.917484283447266,10.58203125,16.97635269165039,-5.033913612365723,21.39090919494629,8.174521446228027,19.12941551208496,-2.0565502643585205,12.592437744140625,-2.2973785400390625,14.743987083435059,-7.262668609619141,15.443216323852539,4.874370574951172,9.606741905212402,-4.1760573387146,11.864794731140137,4.48714017868042,7.311220645904541,-1.5846257209777832,7.1346964836120605,2129.500275650392,1046.268484735077
1_9972,-264.8463134765625,106.33599090576172,72.33736419677734,42.89524459838867,-30.26535987854004,35.32911682128906,16.499391555786133,24.834444046020508,-21.270652770996094,19.571659088134766,-0.10654933005571365,14.930118560791016,-14.645081520080566,12.711007118225098,-7.994551658630371,10.581384658813477,-15.709488868713379,9.516887664794922,-9.472381591796875,9.992436408996582,-8.422938346862793,9.373780250549316,-9.807920455932617,7.982264995574951,-19.16341209411621,10.135082244873047,2680.802789361056,1070.7906694674978
1_9993,-234.24026489257812,80.34988403320312,64.84609985351562,41.567508697509766,-75.00077056884766,36.46482467651367,-0.5500524044036865,26.267724990844727,-27.551048278808594,16.758840560913086,2.785121202468872,16.210824966430664,-16.164094924926758,14.188511848449707,-10.708873748779297,11.544830322265625,-18.642860412597656,11.962462425231934,-8.871858596801758,10.941633224487305,-3.91615891456604,9.12887191772461,-7.6909918785095215,10.600652694702148,-15.191906929016113,10.080137252807617,2550.7332999599776,968.4173611013368
2_1,-233.6399688720703,70.8121337890625,87.43933868408203,43.268367767333984,-31.608352661132812,31.14682960510254,23.412195205688477,22.95690155029297,-15.112256050109863,19.38067626953125,-4.520946025848389,15.918122291564941,-9.745257377624512,11.095606803894043,-3.70912504196167,10.734537124633789,-1.8671187162399292,10.110405921936035,9.358807563781738,10.573667526245117,-6.939596652984619,10.015074729919434,-1.0452133417129517,8.032502174377441,-9.823468208312988,7.1810221672058105,2496.5400957910038,1061.0915791815294
2_102,-27.505229949951172,58.803367614746094,102.93605041503906,45.02557373046875,-48.679054260253906,28.307466506958008,11.612199783325195,24.002775192260742,-18.05408477783203,14.700020790100098,-3.492697238922119,10.999728202819824,-14.002448081970215,9.609668731689453,-8.921916007995605,10.454110145568848,-12.805699348449707,7.219759464263916,1.2600035667419434,10.148709297180176,-8.576486587524414,8.586594581604004,-4.827874183654785,7.609637260437012,-8.628605842590332,7.563529968261719,2192.496178105671,864.473668316611
2_103,-247.40298461914062,66.38733673095703,106.89190673828125,38.192508697509766,-30.393959045410156,28.421306610107422,8.808090209960938,22.00306510925293,-17.63560676574707,19.43580436706543,-8.674461364746094,12.858885765075684,-10.094186782836914,11.758844375610352,-12.671555519104004,10.907732009887695,-10.037943840026855,9.561056137084961,3.9114887714385986,9.165510177612305,-9.753242492675781,9.060254096984863,-0.7991355061531067,8.364472389221191,-8.0150728225708,7.97722053527832,2096.9250355759664,859.9377455239965
2_104,-292.656005859375,130.6277618408203,105.05595397949219,44.33454513549805,-47.81502151489258,42.64780044555664,12.038609504699707,21.51132583618164,-25.927518844604492,17.905445098876953,1.1844581365585327,14.028977394104004,-9.052929878234863,10.20650577545166,-8.256620407104492,9.254434585571289,-15.171317100524902,12.349774360656738,4.8002142906188965,7.358188629150391,-6.602904796600342,7.172478199005127,-1.379646897315979,8.661016464233398,-8.242484092712402,8.52287769317627,2089.251418585384,853.0329784908246
2_105,-270.7567138671875,67.91590881347656,121.3400650024414,30.852237701416016,-50.45487976074219,23.31882095336914,25.21107292175293,23.752552032470703,-14.159581184387207,19.935091018676758,-6.220198154449463,14.810583114624023,-13.640680313110352,11.90376091003418,-4.2724928855896,9.940239906311035,-16.893123626708984,9.591256141662598,10.947388648986816,9.270406723022461,-13.84273624420166,9.082813262939453,2.179579257965088,8.529674530029297,-9.18803882598877,10.273347854614258,1910.7234698266122,495.2001536309825
2_107,-343.3914794921875,55.061241149902344,113.5554428100586,37.5191764831543,-27.050949096679688,22.478954315185547,21.787353515625,20.717863082885742,-0.6465152502059937,14.188681602478027,5.259878158569336,9.591398239135742,-10.1576566696167,13.422276496887207,-5.864750862121582,8.167644500732422,-8.944984436035156,14.356213569641113,4.030319690704346,8.360989570617676,-5.183534622192383,12.535432815551758,7.993188858032227,6.306933403015137,-11.239986419677734,6.871150016784668,2064.3350916402233,880.6960891191108
2_109,-196.1492462158203,72.51370239257812,111.6541748046875,34.086421966552734,-16.09612464904785,24.837507247924805,23.36689567565918,19.624303817749023,-7.726467609405518,15.652313232421875,2.0247883796691895,12.950948715209961,0.7673643231391907,11.328344345092773,3.0627541542053223,10.388254165649414,-6.553696632385254,9.402470588684082,8.31498908996582,8.432942390441895,-2.0753250122070312,9.650769233703613,5.022953033447266,7.049357891082764,2.9028737545013428,7.4848952293396,1993.510016441307,750.9259749340952
2_11,-23.648181915283203,32.706298828125,118.34722137451172,24.197731018066406,-76.6697769165039,30.07616424560547,1.359933853149414,15.081582069396973,-30.2734375,14.669522285461426,1.173464298248291,9.163675308227539,-20.896657943725586,9.474831581115723,-3.055182933807373,9.446292877197266,-16.780590057373047,6.946864128112793,4.626657009124756,8.280905723571777,-7.180234909057617,7.884426116943359,-2.542278289794922,6.968822479248047,-9.818338394165039,6.778796672821045,1904.68689045442,352.6241325804404
2_111,-149.18019104003906,32.41563415527344,90.64334869384766,28.100805282592773,-31.809167861938477,29.58362579345703,13.015454292297363,12.291872024536133,-19.413530349731445,8.538010597229004,10.609028816223145,10.136364936828613,-4.736018180847168,11.566640853881836,4.479847431182861,8.309061050415039,-5.8852033615112305,6.708242893218994,9.447369575500488,5.146098613739014,-2.877971649169922,8.20416259765625,1.511877417564392,7.323131561279297,-4.416999816894531,7.138807773590088,2598.743934471355,891.0252298770266
2_112,-142.04208374023438,70.24742126464844,120.43305969238281,35.50029754638672,-33.029747009277344,30.768678665161133,30.35972023010254,16.23639678955078,-19.89244842529297,18.436115264892578,3.299372673034668,13.991368293762207,-2.097156047821045,12.360501289367676,3.2843830585479736,12.136496543884277,-7.164768695831299,10.645115852355957,15.175684928894043,10.980841636657715,-5.453668117523193,11.490396499633789,2.974501132965088,9.470664978027344,-4.266603946685791,10.536707878112793,1930.542585728515,666.8761793806668
2_113,-174.6143798828125,77.66424560546875,122.0931396484375,34.55424499511719,-25.831560134887695,32.78710174560547,26.056808471679688,15.531878471374512,-7.471522331237793,17.857240676879883,8.004600524902344,13.314391136169434,-7.393815040588379,12.565958023071289,2.4557905197143555,11.365056037902832,-8.348751068115234,10.786811828613281,6.326517581939697,9.321260452270508,-5.707610130310059,8.745027542114258,-0.3257908523082733,8.772869110107422,-4.3623528480529785,8.541873931884766,1802.6158241827861,648.3627997949234
2_114,-241.515869140625,67.69866180419922,70.81282806396484,26.78499412536621,-49.22918701171875,14.967162132263184,18.469697952270508,14.34295654296875,-12.421357154846191,13.156759262084961,-1.4849443435668945,13.06024169921875,-9.552719116210938,10.559894561767578,0.1149648055434227,10.657835006713867,-6.7432661056518555,9.214395523071289,5.976075172424316,10.36870002746582,-7.557170867919922,8.896455764770508,3.705679178237915,6.79449987411499,-4.362651348114014,6.372880458831787,2699.2237775928697,582.9181278739023
2_115,-316.1701965332031,72.30828857421875,128.793212890625,38.7652587890625,-55.06956100463867,23.154619216918945,23.88786506652832,28.324262619018555,-20.70572280883789,19.24601173400879,2.51226806640625,11.463415145874023,-14.66984748840332,11.218605041503906,-7.564829349517822,11.625373840332031,-16.118942260742188,7.6938395500183105,3.308558702468872,10.64041519165039,-12.22508716583252,9.959145545959473,-5.629201889038086,7.656247615814209,-7.236409664154053,8.034806251525879,1840.6729317929583,600.8437683295007
2_118,-453.3775329589844,110.48077392578125,82.198974609375,43.137115478515625,21.149213790893555,24.70163345336914,24.63755226135254,14.826510429382324,3.5511209964752197,13.233590126037598,9.352684020996094,14.612552642822266,-11.577226638793945,15.108745574951172,6.084166526794434,10.471620559692383,-4.401576995849609,8.66334342956543,-1.2971903085708618,6.369271278381348,-1.5559828281402588,8.867036819458008,4.610722541809082,6.647500514984131,-7.3322625160217285,10.124286651611328,2565.892121656185,1364.4957375818021
2_119,-293.6019592285156,61.703983306884766,134.5617218017578,36.97578048706055,-4.817946434020996,25.52861785888672,25.260940551757812,17.169023513793945,-13.266680717468262,12.709809303283691,12.097428321838379,8.453889846801758,-9.298718452453613,10.128357887268066,-8.957913398742676,10.948569297790527,-10.868145942687988,8.667825698852539,-5.148975372314453,13.039802551269531,-6.806692123413086,6.90595817565918,3.765367031097412,6.527566909790039,-9.857622146606445,7.425208568572998,1481.0364329287563,702.7145877469809
2_12,-209.8871307373047,75.30964660644531,106.73306274414062,43.70612716674805,3.0045993328094482,42.055633544921875,22.28468894958496,23.613353729248047,-7.607361793518066,17.62650489807129,10.009841918945312,14.71028995513916,6.154417514801025,15.06152629852295,3.012369394302368,12.986473083496094,1.7547862529754639,13.198648452758789,8.434502601623535,13.071066856384277,-4.413259506225586,8.012807846069336,6.805477142333984,7.995532512664795,-2.7596797943115234,8.514971733093262,2213.072177885126,1353.5044998423566
2_120,-228.74024963378906,93.39293670654297,105.85313415527344,33.280426025390625,-29.64666175842285,27.96480941772461,18.369853973388672,21.932981491088867,-15.383074760437012,20.477935791015625,-1.8812668323516846,12.517643928527832,-15.968710899353027,12.681400299072266,-6.517805099487305,9.199267387390137,-12.339949607849121,10.130034446716309,5.261410236358643,9.339643478393555,-10.56771183013916,9.418709754943848,-1.272887945175171,7.829983711242676,-9.806238174438477,6.515037536621094,2098.9840176411994,709.2263191657097
2_121,-161.7452850341797,47.58026123046875,138.82618713378906,36.97456741333008,-45.03970718383789,25.17410659790039,9.179932594299316,21.304805755615234,-16.062883377075195,13.28724193572998,-3.0558218955993652,11.166049003601074,-26.870906829833984,13.710552215576172,-11.153986930847168,11.391581535339355,-25.073917388916016,9.244424819946289,-1.2414770126342773,13.541898727416992,-12.302167892456055,9.65207290649414,-6.251308917999268,8.362908363342285,-13.184526443481445,9.574987411499023,1546.9085803378548,666.5759854106233
2_123,-227.19766235351562,61.939659118652344,120.35426330566406,15.433695793151855,-9.251812934875488,16.21497344970703,1.0391385555267334,17.81011199951172,-17.387781143188477,19.22946548461914,-10.34516429901123,18.080602645874023,-5.071056842803955,9.450946807861328,0.4911792576313019,12.050350189208984,-15.146653175354004,8.61662483215332,0.9002811908721924,6.838217735290527,-2.3680858612060547,6.704746723175049,-2.3299474716186523,6.524003982543945,-9.610121726989746,7.038449287414551,1815.4626211467983,355.3414629204472
2_124,-229.0313720703125,132.41075134277344,98.771484375,53.0968017578125,-24.306468963623047,36.93877029418945,18.55403709411621,24.106952667236328,-10.815435409545898,20.586257934570312,-1.2096134424209595,11.729001998901367,-0.8680624961853027,10.785595893859863,-6.6404643058776855,12.198946952819824,-10.524426460266113,11.178247451782227,3.733603000640869,7.449271202087402,-7.688558101654053,11.245795249938965,-0.5826389193534851,9.471386909484863,-3.020517349243164,8.308530807495117,2179.2284748485954,1052.9594719510847
2_125,-257.49713134765625,80.23066711425781,108.28043365478516,47.819637298583984,0.2729240655899048,25.235837936401367,22.263578414916992,17.111671447753906,0.856630802154541,15.44264030456543,9.867101669311523,9.698673248291016,-13.325331687927246,13.356321334838867,2.0850014686584473,9.81015682220459,-7.314594745635986,10.7791109085083,3.5266189575195312,8.628499031066895,-3.9474825859069824,10.959482192993164,1.0248346328735352,9.845582962036133,-10.493043899536133,7.806939601898193,2081.2855164849516,1015.111266142374
2_126,-39.54351806640625,75.48088073730469,111.22627258300781,44.27592086791992,-20.99809455871582,16.845796585083008,21.931941986083984,22.362003326416016,-4.013040542602539,13.647502899169922,3.746685266494751,11.147820472717285,-13.340728759765625,11.730048179626465,-3.7363197803497314,9.530991554260254,-10.560765266418457,9.676876068115234,-5.149331092834473,11.498886108398438,-11.173295021057129,8.82168197631836,3.3932158946990967,8.197308540344238,-2.8298697471618652,8.544577598571777,1938.7709846225773,907.0075412695603
2_127,-357.0803527832031,122.42323303222656,120.44029235839844,37.27777099609375,-31.78409194946289,35.535640716552734,10.861663818359375,13.605493545532227,-21.111698150634766,18.505918502807617,-6.402754306793213,16.495153427124023,-8.863365173339844,11.66320514678955,-2.4558613300323486,15.597684860229492,-12.68895435333252,11.268146514892578,6.166470050811768,10.525179862976074,-3.6091177463531494,9.502251625061035,-0.2659851610660553,10.094602584838867,-3.157301187515259,7.049090385437012,1916.9384290900973,788.7138353438501
2_128,-220.00814819335938,57.961917877197266,108.87560272216797,33.1487922668457,-55.56326675415039,22.287057876586914,11.804402351379395,13.604564666748047,-32.13962936401367,14.040562629699707,-2.3503305912017822,12.787137985229492,-14.196619987487793,9.335352897644043,-11.71029281616211,9.109053611755371,-17.163414001464844,6.030900955200195,-1.3031872510910034,7.133831024169922,-11.737133979797363,7.86060905456543,-7.096345901489258,6.603053092956543,-10.756206512451172,6.422123432159424,2070.458812160434,749.2993050765891
2_129,-38.947166442871094,40.767086029052734,102.96177673339844,41.119972229003906,-37.678680419921875,23.292213439941406,18.92605209350586,16.56894874572754,-24.13099479675293,13.314127922058105,-3.165454387664795,14.851234436035156,-21.519771575927734,10.489532470703125,-8.961553573608398,8.918679237365723,-16.052448272705078,6.716597080230713,-0.30240753293037415,8.506697654724121,-9.22455883026123,8.395268440246582,-1.3987468481063843,9.09417724609375,-11.049120903015137,8.106404304504395,2250.526488553179,945.0971696237016
2_13,-267.6429138183594,113.24683380126953,81.93238830566406,48.66454315185547,-38.24150466918945,36.43790054321289,11.564202308654785,24.619136810302734,-9.287047386169434,14.124509811401367,3.135592222213745,14.575629234313965,-10.790362358093262,13.62221908569336,-6.45867919921875,11.581521034240723,-17.503440856933594,13.477707862854004,6.1067681312561035,8.459105491638184,-0.7050914168357849,11.646373748779297,-1.9906004667282104,11.05739974975586,-2.422981023788452,12.924836158752441,2417.528812925782,946.134918115618
2_131,-233.51910400390625,42.72051239013672,161.2373809814453,36.65949249267578,-92.8615493774414,38.80049133300781,37.3878059387207,17.568368911743164,-51.03660202026367,16.077720642089844,4.868426322937012,15.885271072387695,-7.9300336837768555,18.214237213134766,-13.510497093200684,17.819538116455078,2.9185750484466553,13.071763038635254,-6.278425693511963,11.116998672485352,-4.080997943878174,13.053619384765625,-7.463045120239258,9.373420715332031,-5.269362449645996,10.191302299499512,1780.008353862054,572.7022494942688
2_134,-256.7733459472656,86.75650024414062,101.1712875366211,25.986623764038086,-43.13584518432617,36.049495697021484,11.993391990661621,23.79109001159668,-6.686877727508545,16.525348663330078,13.566300392150879,18.86351776123047,-8.993688583374023,11.059210777282715,-1.2304474115371704,15.709176063537598,-14.686610221862793,9.809137344360352,4.044858932495117,8.498169898986816,-9.264476776123047,8.83492660522461,3.9451444149017334,8.488639831542969,-6.063906192779541,7.471404552459717,2077.056184455639,490.28395015286304
2_135,-22.6677188873291,60.20256042480469,101.15886688232422,42.7197151184082,-49.094112396240234,29.69801139831543,-2.447479009628296,25.606306076049805,-18.9872989654541,18.095800399780273,-1.3127145767211914,10.760384559631348,-18.155380249023438,11.37265396118164,-9.549660682678223,9.988670349121094,-15.140016555786133,9.631355285644531,4.362837314605713,9.840948104858398,-5.190347194671631,9.280195236206055,-1.5936279296875,8.372323989868164,-7.915623664855957,6.114498138427734,2089.334551150841,803.7066151765906
2_137,-119.25335693359375,72.12353515625,129.9756622314453,33.08744430541992,-43.09993362426758,30.73293685913086,24.2469539642334,21.766841888427734,-14.827713012695312,15.754127502441406,8.941178321838379,11.93069076538086,-6.404489517211914,12.97143840789795,3.273820161819458,10.08594036102295,-5.1249680519104,10.109265327453613,6.1474223136901855,9.110527038574219,-4.9662766456604,9.353353500366211,2.944108724594116,8.924895286560059,-6.345235347747803,10.047046661376953,1769.1897374568375,547.544563242639
2_140,-256.6611633300781,101.01529693603516,103.48741912841797,50.1739616394043,-10.985591888427734,32.54081344604492,3.6833133697509766,25.288909912109375,-18.723697662353516,19.432680130004883,-4.040040969848633,17.822729110717773,-17.9232177734375,16.75187110900879,6.12946081161499,13.086575508117676,-12.378037452697754,10.608161926269531,-0.27725160121917725,10.465428352355957,-3.8882062435150146,8.72691535949707,-2.146862030029297,8.139918327331543,-10.711466789245605,8.024550437927246,2346.9056443705417,1312.8329589638881
2_141,-113.92442321777344,70.39907836914062,120.33041381835938,31.91378402709961,-45.251529693603516,26.650554656982422,18.925094604492188,15.49209976196289,-12.18710994720459,17.942413330078125,10.85776138305664,14.301945686340332,-1.1942750215530396,11.611839294433594,1.395113468170166,9.174278259277344,-9.08815860748291,9.706595420837402,12.870165824890137,12.214893341064453,-8.202012062072754,13.974711418151855,3.0018115043640137,9.582710266113281,-5.66322135925293,7.85127067565918,1894.552627798072,595.8806662861945
2_144,-129.97671508789062,62.38341522216797,171.06964111328125,18.600448608398438,-118.8520278930664,40.28361511230469,33.57411575317383,16.247066497802734,-37.253379821777344,19.94586181640625,-1.4404288530349731,11.518630027770996,8.838006019592285,12.310763359069824,-30.39846420288086,10.423246383666992,11.024231910705566,6.932912349700928,-17.48172950744629,9.383291244506836,0.5641599297523499,6.641811847686768,-4.455709457397461,7.263972282409668,-16.925865173339844,7.450056552886963,1684.6074047101783,336.64022157050766
2_146,-260.1454162597656,45.335479736328125,94.58712768554688,24.480758666992188,-13.205367088317871,21.547765731811523,15.677895545959473,16.816072463989258,-7.92382287979126,11.037683486938477,8.941343307495117,9.961895942687988,1.427668809890747,7.798850059509277,5.524775505065918,7.403156757354736,-0.6787705421447754,6.684005260467529,6.148169994354248,7.010622978210449,-0.16409814357757568,6.207168102264404,1.0232709646224976,6.229347229003906,-3.41146183013916,6.439725399017334,2317.998933394203,620.3435463715772
2_147,-288.2565002441406,55.47889709472656,94.9222640991211,38.67681884765625,-17.43988609313965,34.64698028564453,23.742389678955078,23.053003311157227,-21.045175552368164,19.809974670410156,-0.0949205681681633,15.638030052185059,-4.853196144104004,14.345699310302734,4.187116622924805,13.074983596801758,-0.129139706492424,11.042460441589355,-2.5228569507598877,10.273126602172852,-12.306584358215332,8.227563858032227,0.22522948682308197,8.815117835998535,-9.8295259475708,8.98655891418457,2374.573958044964,1125.2431242906855
2_148,-203.04856872558594,79.38754272460938,122.27131652832031,34.994266510009766,-46.090721130371094,28.39225196838379,-1.5157779455184937,23.774311065673828,-24.047819137573242,14.4171724319458,-3.509542465209961,11.511950492858887,-5.811671733856201,9.858904838562012,-1.881888508796692,7.631653785705566,-3.8721861839294434,11.409051895141602,2.8305373191833496,9.596324920654297,-10.401033401489258,7.215152740478516,-4.133136749267578,8.556572914123535,-4.414043426513672,7.6577935218811035,1881.4449533140034,676.5362239753825
2_149,-498.6793212890625,56.94399642944336,108.53707885742188,22.802711486816406,-6.81974983215332,18.098329544067383,29.21962547302246,16.53228759765625,5.267999649047852,9.930926322937012,-8.176310539245605,14.438499450683594,-9.488738059997559,8.38281536102295,0.10263003408908844,6.7883501052856445,-6.719494342803955,7.603424549102783,-7.70196533203125,9.72862720489502,-5.468812942504883,5.193127155303955,5.827936172485352,8.036904335021973,-13.811420440673828,5.0769548416137695,2002.7186661642036,482.0521906616071
2_15,-237.97833251953125,110.29956817626953,107.7951889038086,42.31342315673828,-39.32964324951172,30.52617835998535,15.799466133117676,22.500160217285156,-16.91019058227539,15.55988597869873,3.725512742996216,13.9955472946167,-12.681227684020996,11.19102954864502,-10.920297622680664,10.934795379638672,-15.994979858398438,10.112676620483398,5.443367004394531,6.616145133972168,-6.710544109344482,7.678177356719971,0.396413654088974,8.828405380249023,-9.896405220031738,7.192140579223633,2106.4950415017556,791.8082250238966
2_150,-329.7682189941406,121.04667663574219,72.45529174804688,47.021724700927734,-28.39910316467285,24.008621215820312,18.655656814575195,17.802326202392578,-10.930938720703125,15.76008129119873,-3.821885585784912,12.02625560760498,-13.73594856262207,9.301962852478027,-11.820832252502441,12.7108793258667,-15.477785110473633,10.734272956848145,0.6641762852668762,9.486246109008789,-18.15634536743164,13.738813400268555,-6.507749080657959,8.761387825012207,-7.410529136657715,8.816242218017578,2863.703631211304,1176.029743749077
2_151,-145.43341064453125,19.058950424194336,100.35758209228516,12.985156059265137,-35.81175231933594,9.867512702941895,7.9128804206848145,14.91254997253418,4.48746919631958,11.058819770812988,4.446145057678223,8.94255256652832,-7.596971035003662,7.375426292419434,0.5704810619354248,6.368692398071289,-2.384025812149048,7.784342288970947,0.7242283225059509,6.696610927581787,-5.730839729309082,6.981510162353516,3.716695547103882,5.399110317230225,1.102658748626709,5.385900020599365,2177.1791135732597,294.8206441128284
2_152,-200.31845092773438,78.44851684570312,121.76216125488281,13.245165824890137,-34.431922912597656,27.96615219116211,18.656583786010742,15.718326568603516,-19.48563575744629,16.97248077392578,5.837119102478027,8.849800109863281,-10.770474433898926,11.366488456726074,-6.236616611480713,7.617414951324463,-9.496358871459961,6.48783016204834,7.967031002044678,10.131691932678223,-5.63815450668335,11.197586059570312,2.1173906326293945,9.087820053100586,-9.79804515838623,6.628671646118164,1833.7068105135957,256.87792542023845
2_154,-318.0384826660156,85.82723236083984,85.1943359375,54.74089431762695,-14.619575500488281,40.140445709228516,28.591066360473633,27.619203567504883,-13.66268253326416,20.455036163330078,-0.5923158526420593,19.86260414123535,-17.699251174926758,16.091630935668945,-0.33552226424217224,13.1904296875,-13.491036415100098,13.313471794128418,-1.156151294708252,11.175674438476562,-4.153897762298584,11.033267974853516,2.7345376014709473,10.82879638671875,-9.79539680480957,12.090160369873047,2474.507917184393,1305.3059422210326
2_155,-149.75950622558594,85.41622161865234,111.84895324707031,21.546674728393555,-60.53712463378906,22.90503692626953,7.385647296905518,18.665874481201172,-25.635425567626953,18.576093673706055,0.7866261005401611,9.849522590637207,-7.289378643035889,10.303409576416016,-0.6601512432098389,7.404012680053711,-10.726760864257812,6.82342529296875,9.31058120727539,6.844330310821533,-8.554581642150879,8.499603271484375,0.06660362333059311,8.217733383178711,-6.358798027038574,9.647607803344727,1989.1015616290401,360.52675833782075
2_158,-9.452184677124023,51.41956329345703,99.58797454833984,23.660764694213867,-60.88340377807617,27.70233917236328,9.566831588745117,16.443500518798828,-26.47211265563965,16.46164321899414,4.94420862197876,9.578319549560547,-20.10540008544922,10.878718376159668,0.14508843421936035,8.670550346374512,-21.928903579711914,9.650073051452637,3.6192665100097656,9.973735809326172,-14.09172248840332,8.125555992126465,-2.551535129547119,7.815383434295654,-10.822599411010742,6.8351149559021,2232.5508564611787,485.66218393649416
2_160,-148.0491943359375,56.293418884277344,105.29801940917969,28.559419631958008,-37.609596252441406,26.212514877319336,35.441673278808594,18.17474365234375,-34.9311637878418,15.551485061645508,-4.910632133483887,11.814508438110352,-0.06757689267396927,10.328261375427246,-29.267276763916016,8.902606964111328,-17.330472946166992,8.252795219421387,17.27749252319336,9.070866584777832,-35.97926712036133,8.5225248336792,-4.54603385925293,8.325920104980469,-0.1974167674779892,7.295994281768799,2330.00297856716,558.4937653818749
2_161,-226.640869140625,79.74694061279297,101.5373306274414,38.454200744628906,-27.93573570251465,27.506553649902344,16.892820358276367,21.675315856933594,-12.38245964050293,16.766063690185547,0.9791538715362549,14.572193145751953,-6.744197845458984,10.381932258605957,-6.848825931549072,13.130868911743164,-8.27768611907959,9.445539474487305,6.259889125823975,8.717879295349121,-4.746220588684082,7.842329025268555,3.4775779247283936,8.269576072692871,-2.9370031356811523,7.778648376464844,2197.645001519297,972.0255634069819
2_162,-248.654052734375,61.575096130371094,103.7196044921875,21.04460334777832,-69.20277404785156,17.214622497558594,1.1975209712982178,12.25925350189209,-31.283344268798828,13.753201484680176,-9.712690353393555,13.75845718383789,-15.574614524841309,8.506570816040039,-9.203453063964844,10.271112442016602,-4.3511857986450195,10.956572532653809,3.721848487854004,10.068394660949707,-11.797804832458496,7.757235527038574,-7.266064643859863,9.746946334838867,-11.313699722290039,9.529322624206543,2019.6937451738513,272.6788811904803
2_163,-309.3659973144531,96.47317504882812,32.761322021484375,80.58714294433594,-1.325337290763855,46.14531707763672,36.632205963134766,38.81483840942383,-16.522790908813477,24.48701286315918,1.9567573070526123,17.798892974853516,-1.1884719133377075,21.84807777404785,20.510631561279297,20.357099533081055,3.07139253616333,19.417943954467773,11.506390571594238,12.847376823425293,-11.215424537658691,12.805973052978516,4.0292887687683105,13.136713027954102,-3.087991714477539,17.940143585205078,3483.335545359274,1561.740367839935
2_166,-377.5719909667969,82.52041625976562,96.54241180419922,47.49401092529297,-4.583012104034424,27.208084106445312,30.225366592407227,23.359560012817383,-25.77854347229004,20.648788452148438,4.750021457672119,9.71119213104248,-13.053749084472656,12.862869262695312,2.42447829246521,11.101243019104004,-17.49176788330078,17.866138458251953,-8.202502250671387,19.782360076904297,-1.5453214645385742,11.710857391357422,2.813433885574341,8.268941879272461,-6.725345134735107,7.030127048492432,2425.1369756248023,977.2930070822696
2_167,-288.6387023925781,92.45368957519531,105.0382308959961,27.386674880981445,-46.529300689697266,34.75156021118164,15.002419471740723,21.30394744873047,-12.81084156036377,20.396467208862305,4.406398296356201,15.732291221618652,-9.052227973937988,14.461875915527344,0.14803339540958405,11.424764633178711,-12.620274543762207,13.451033592224121,14.121232986450195,9.60925579071045,-13.38918685913086,11.59030532836914,1.4504677057266235,7.98747444152832,0.5015118718147278,9.469232559204102,2138.8208225990124,554.9885157343688
2_168,-280.7662658691406,137.4622039794922,93.96318817138672,23.41952896118164,-20.957250595092773,33.139156341552734,13.9757719039917,15.20715618133545,-11.808255195617676,13.210336685180664,6.626011848449707,9.830925941467285,-4.730678081512451,9.117157936096191,-0.8641297221183777,8.066397666931152,-6.9074602127075195,8.817825317382812,6.800936222076416,7.185220718383789,-7.640826225280762,9.15372085571289,0.8157093524932861,9.34518051147461,-5.01646614074707,7.894796371459961,2387.8536414784567,602.0712871039142
2_169,-273.75189208984375,56.603939056396484,118.09880065917969,47.949737548828125,-53.7912483215332,39.36329650878906,41.35338592529297,25.702411651611328,-42.6955451965332,20.954326629638672,7.66434383392334,21.39969253540039,-15.76660442352295,19.426069259643555,-10.767203330993652,18.05596351623535,-12.544734954833984,13.549542427062988,1.4427940845489502,12.463142395019531,-7.723158359527588,9.642961502075195,-8.119275093078613,9.85625171661377,-9.03968334197998,9.701069831848145,2173.114422082043,944.0657095709073
2_170,-217.93856811523438,54.73175048828125,105.78140258789062,25.743059158325195,-25.870328903198242,21.632253646850586,34.932491302490234,11.545137405395508,0.5728408694267273,16.479597091674805,2.203974723815918,7.507421493530273,-14.587721824645996,10.166877746582031,-9.195693016052246,8.921853065490723,-9.47824764251709,10.074602127075195,17.831567764282227,7.918668746948242,-14.854580879211426,9.176126480102539,1.3523375988006592,7.555792808532715,-4.455532550811768,5.613717555999756,2096.507209864542,498.3516007521018
2_171,-308.4729309082031,44.75965881347656,87.18498229980469,49.95170974731445,-22.345134735107422,39.171024322509766,2.213393211364746,16.79693603515625,-16.120908737182617,16.50366973876953,-6.3628950119018555,13.653600692749023,-10.174650192260742,12.461526870727539,-5.329854488372803,11.543252944946289,-9.736721992492676,11.4384126663208,10.851739883422852,11.122490882873535,-7.273467063903809,12.437112808227539,0.9560996890068054,12.640897750854492,-5.522237777709961,12.27784252166748,2605.444233896035,1538.0601052298234
2_172,-215.94834899902344,53.22065353393555,93.10883331298828,22.60894775390625,-15.114755630493164,29.900224685668945,28.082508087158203,15.110701560974121,-19.7898006439209,22.9975643157959,4.1902971267700195,13.684649467468262,-9.299897193908691,11.805757522583008,-4.639239311218262,13.480415344238281,-3.565225124359131,13.286441802978516,7.596207141876221,8.964187622070312,-8.197983741760254,13.325823783874512,4.5334954261779785,10.39150333404541,-1.5101344585418701,10.001688003540039,2196.891303673244,465.50113317304067
2_173,-382.59979248046875,61.0754280090332,114.74645233154297,43.02757263183594,-33.339073181152344,27.236799240112305,35.49197769165039,24.27944564819336,-9.08944320678711,15.462410926818848,5.087953090667725,10.767266273498535,-1.413491129875183,13.45987319946289,-13.007805824279785,10.05994987487793,-2.3457043170928955,11.409932136535645,-4.145113468170166,10.505511283874512,-16.679380416870117,10.911048889160156,5.713510990142822,7.453563690185547,-13.075738906860352,7.4995198249816895,1964.9716150338836,812.5260584947886
2_174,-143.59271240234375,74.39042663574219,112.56126403808594,40.50123977661133,-30.863794326782227,31.793811798095703,35.61589431762695,27.976076126098633,-2.458259105682373,21.9913330078125,8.313352584838867,20.49150276184082,-2.5362281799316406,13.121888160705566,8.530020713806152,10.86874008178711,-4.276158809661865,9.939676284790039,10.452553749084473,13.137046813964844,-6.849721431732178,10.010819435119629,1.544165849685669,12.738693237304688,-5.407829761505127,8.150715827941895,1944.1038645165634,768.6501744046294
2_176,-274.8450622558594,94.5623779296875,111.84896087646484,44.72294235229492,-14.20244312286377,31.395408630371094,15.316959381103516,20.234683990478516,-10.00045394897461,16.998638153076172,6.003804683685303,15.634698867797852,-6.193197250366211,12.608743667602539,2.7502739429473877,10.696529388427734,-8.620321273803711,12.613234519958496,7.760316371917725,10.07716178894043,-7.510499000549316,7.7203874588012695,0.5149226784706116,8.152560234069824,-4.383316516876221,10.599287033081055,2064.116840761909,992.5731074189857
2_177,-280.1402587890625,58.00276565551758,99.6847915649414,35.86943435668945,-16.859437942504883,24.017881393432617,30.96845054626465,20.63246726989746,-16.314014434814453,13.399389266967773,-2.0130128860473633,14.236247062683105,-8.986716270446777,11.841853141784668,-5.069334506988525,6.995296478271484,-11.400080680847168,12.81273078918457,0.22819432616233826,10.779001235961914,-7.256528377532959,8.937614440917969,-1.4943805932998657,8.443122863769531,-11.728262901306152,9.531908988952637,2215.467475766743,815.5618434980054
2_178,-192.86036682128906,86.07927703857422,93.07445526123047,34.851661682128906,-46.86856460571289,29.002134323120117,19.51128387451172,21.635982513427734,-16.296113967895508,17.39661407470703,1.5426087379455566,13.412556648254395,-10.26437759399414,11.698087692260742,-6.989633083343506,11.22698974609375,-12.793072700500488,11.847561836242676,11.754197120666504,9.459318161010742,-8.1248197555542,8.620626449584961,-2.4388482570648193,10.668234825134277,-10.485931396484375,8.290780067443848,2256.352387916824,708.413896190217
2_180,-281.0150451660156,53.359195709228516,118.90262603759766,18.718509674072266,-50.069156646728516,23.217670440673828,23.198204040527344,16.560497283935547,-12.130180358886719,15.915533065795898,-12.173163414001465,11.750800132751465,-9.959342956542969,8.315552711486816,-13.595420837402344,12.535051345825195,0.7921702861785889,12.026152610778809,7.54965877532959,10.685943603515625,-11.871783256530762,10.345809936523438,4.118259429931641,11.114306449890137,-15.377832412719727,7.79140567779541,1920.2799469718223,304.8395540817042
2_181,-360.5919494628906,79.03063201904297,94.86317443847656,15.205379486083984,3.5178799629211426,14.368742942810059,24.44563865661621,10.596372604370117,-21.28313636779785,14.717511177062988,16.120407104492188,6.00715970993042,-9.18747615814209,12.816668510437012,0.44550883769989014,9.630714416503906,-12.631692886352539,10.223686218261719,10.665935516357422,9.626192092895508,-1.5450421571731567,7.0109663009643555,9.247584342956543,6.7044854164123535,-2.1046395301818848,5.045107841491699,2401.2879273482044,400.471269517588
2_182,-20.981199264526367,60.9689826965332,102.36492919921875,33.34633255004883,-58.81967544555664,24.83877182006836,9.1909761428833,22.950963973999023,-26.673362731933594,18.233152389526367,-2.694364547729492,10.215696334838867,-18.16616439819336,11.502432823181152,-3.191901445388794,10.19754409790039,-17.361331939697266,8.749327659606934,4.765297889709473,11.084212303161621,-8.92717456817627,7.540348529815674,-2.3797624111175537,7.423094749450684,-11.282456398010254,9.268327713012695,2169.414890736713,689.4303475815615
2_183,-276.3339538574219,78.41748046875,145.0094757080078,38.13679504394531,-73.1827621459961,33.56390380859375,48.02775192260742,20.801559448242188,-23.598840713500977,22.045185089111328,7.056467533111572,12.44520378112793,-4.122990608215332,9.530640602111816,-17.191545486450195,8.176584243774414,8.22409439086914,9.857316970825195,-10.403597831726074,6.1672797203063965,8.503341674804688,8.648553848266602,-12.212323188781738,7.791131973266602,-0.34376680850982666,7.099381923675537,1838.571383679139,508.2296764409949
2_186,-277.2436828613281,48.24810028076172,133.56924438476562,27.529708862304688,-24.204917907714844,15.552837371826172,9.955595016479492,9.866156578063965,-21.689645767211914,12.702925682067871,-12.976760864257812,14.646031379699707,-5.2978363037109375,7.165358543395996,-9.59381103515625,8.114840507507324,-17.122371673583984,9.616037368774414,5.570582866668701,10.942961692810059,-7.510608196258545,6.031965732574463,-4.824141979217529,6.8237810134887695,-4.659027576446533,6.839409351348877,1655.5851129472123,556.9446068152596
2_187,-185.88795471191406,80.61663055419922,117.04486846923828,33.48772048950195,-26.995853424072266,30.127140045166016,43.470741271972656,22.526962280273438,-3.7162513732910156,17.415929794311523,5.0019707679748535,16.416202545166016,-9.828550338745117,11.688924789428711,1.4134302139282227,10.535112380981445,-7.0267558097839355,10.192632675170898,8.90656852722168,9.841124534606934,-9.300716400146484,9.973151206970215,5.600513458251953,9.696431159973145,-8.149984359741211,9.538887977600098,1885.9346035671385,644.7887555337951
2_188,-231.2622528076172,44.992984771728516,86.27662658691406,45.49570083618164,-50.38265609741211,29.399166107177734,25.421356201171875,19.488405227661133,-28.03977394104004,14.940451622009277,-7.618402004241943,13.310345649719238,-21.07749366760254,10.255819320678711,-6.5869035720825195,9.790518760681152,-18.436452865600586,9.463438987731934,4.933516502380371,6.145969390869141,-8.678337097167969,10.318143844604492,-3.281625270843506,8.886190414428711,-9.821939468383789,7.716963291168213,2451.2841443733314,891.8966980487234
2_189,-341.4002380371094,65.30460357666016,101.98701477050781,46.538543701171875,-16.73736572265625,26.941247940063477,32.098690032958984,23.376083374023438,-12.631566047668457,17.283727645874023,11.33723258972168,15.778350830078125,-4.447901248931885,13.200708389282227,4.65309476852417,11.324182510375977,-5.786135196685791,9.376151084899902,3.3123414516448975,9.552977561950684,-13.327439308166504,10.886354446411133,1.3431073427200317,7.953716278076172,-11.262787818908691,7.550809383392334,2185.1629215391795,1016.7749100141983
2_190,-216.28919982910156,70.01937103271484,98.88811492919922,36.373992919921875,-16.745811462402344,25.45528221130371,31.224201202392578,22.063873291015625,-4.888316631317139,26.097518920898438,-3.3345389366149902,16.5772705078125,-1.448530912399292,10.885321617126465,8.419397354125977,11.992854118347168,-24.051355361938477,15.819247245788574,4.759160041809082,8.550315856933594,-10.863069534301758,12.428607940673828,-6.299254894256592,10.404702186584473,-2.2895009517669678,8.767267227172852,2184.2651631236567,775.4426834730104
2_191,-349.19036865234375,100.8334732055664,95.01982116699219,28.749080657958984,-24.49289321899414,26.104591369628906,21.608491897583008,18.60706901550293,-11.425270080566406,13.405722618103027,3.712571620941162,15.099721908569336,-0.839994490146637,9.076990127563477,1.186416506767273,12.123963356018066,-5.440591812133789,9.648499488830566,6.989906311035156,8.965167045593262,-6.9188232421875,7.656792163848877,-2.877122163772583,6.867391109466553,-2.2940807342529297,7.562464237213135,2354.0364532362264,667.0811920134724
2_193,-302.8612060546875,60.80229568481445,102.43833923339844,38.4999885559082,-12.808499336242676,19.555133819580078,32.988582611083984,18.706871032714844,-6.120434761047363,19.291818618774414,2.7951772212982178,12.079425811767578,-27.56533432006836,13.383657455444336,-12.29773235321045,9.588678359985352,-11.785561561584473,9.009269714355469,-5.715656280517578,10.77493953704834,-8.149445533752441,11.762979507446289,2.94142746925354,10.580583572387695,-5.121269226074219,7.740029335021973,2142.4443660336647,904.2584472099596
2_194,-344.6728210449219,96.31139373779297,120.07951354980469,50.46751022338867,-19.195295333862305,33.225643157958984,29.46949577331543,19.47113800048828,-8.53864860534668,26.348031997680664,-4.638638019561768,23.18990135192871,-8.592595100402832,20.247957229614258,3.35839581489563,11.21382999420166,-11.545273780822754,13.533087730407715,6.7152862548828125,12.800917625427246,-0.24743342399597168,13.743605613708496,2.9250617027282715,8.39891529083252,2.1498806476593018,10.312467575073242,1907.578679500652,960.2862756276779
2_196,-421.4197082519531,82.4324722290039,52.64974594116211,50.84084701538086,-2.7604010105133057,31.563535690307617,15.540102005004883,18.2998046875,-19.9675235748291,16.64893341064453,10.37414264678955,16.91374969482422,-4.1473069190979,12.470796585083008,3.385173797607422,5.555501937866211,-6.433099269866943,14.92654800415039,11.166672706604004,8.392163276672363,0.42127352952957153,6.8746724128723145,-3.5263729095458984,9.36736011505127,-7.112945556640625,7.69631290435791,3203.105116135319,1520.5905732170568
2_197,-149.33221435546875,60.175010681152344,109.28954315185547,33.363441467285156,-19.588233947753906,25.4537353515625,39.903533935546875,23.2928524017334,-5.0942816734313965,16.741762161254883,17.56072425842285,12.996607780456543,-0.40935245156288147,11.903058052062988,4.35807991027832,12.632587432861328,-0.5604461431503296,10.614221572875977,13.294154167175293,9.598057746887207,-2.392812728881836,10.128304481506348,3.2786409854888916,8.07142448425293,-2.4088616371154785,8.443703651428223,1929.5844165647843,660.1213110833453
2_198,-287.2052917480469,64.8850326538086,81.86182403564453,32.833030700683594,8.640246391296387,16.657194137573242,27.802431106567383,13.555319786071777,-8.153253555297852,12.217459678649902,13.397486686706543,9.596736907958984,-7.772144317626953,9.741665840148926,4.913758277893066,12.474359512329102,-5.413593769073486,8.42043685913086,5.393038749694824,7.509696006774902,-6.0293192863464355,6.413019180297852,5.358709335327148,7.897735595703125,-7.816396713256836,6.300646781921387,2743.2574434401668,933.0130726334089
2_2,-203.68385314941406,64.78477478027344,92.27068328857422,35.27212142944336,-37.95366287231445,28.52078628540039,18.136844635009766,21.462610244750977,-20.215105056762695,23.835556030273438,1.2992912530899048,10.403153419494629,-10.595416069030762,14.060070991516113,-10.553306579589844,8.679193496704102,-18.653366088867188,11.025108337402344,6.446218013763428,9.602205276489258,-14.041291236877441,9.473001480102539,1.3501935005187988,9.599299430847168,-5.613499641418457,8.90069580078125,2332.055215738212,788.7173683939302
2_20,-215.82318115234375,82.3094253540039,113.9770278930664,27.172420501708984,-52.587249755859375,29.480648040771484,9.4635591506958,19.625572204589844,-20.102954864501953,16.212833404541016,-0.7882894277572632,12.522287368774414,-7.488548278808594,8.105565071105957,-7.876171112060547,10.2047758102417,-15.320087432861328,10.363998413085938,10.132012367248535,7.674118518829346,-10.848773956298828,9.167999267578125,-3.9954981803894043,7.761784076690674,-10.42151927947998,7.950170516967773,2033.202650132991,521.1463573232345
2_202,-405.1245422363281,75.72247314453125,76.52449798583984,18.747276306152344,3.2170515060424805,19.52215576171875,20.552156448364258,16.68478775024414,10.492213249206543,7.010440826416016,-4.706723213195801,14.715987205505371,-12.688053131103516,8.285914421081543,-2.287153482437134,9.729974746704102,1.2506781816482544,11.975367546081543,6.477760314941406,9.804874420166016,2.6492059230804443,3.7123219966888428,-6.5096435546875,10.086503982543945,1.1570649147033691,7.8590240478515625,2639.1924335418885,599.7153680101035
2_203,-221.20431518554688,68.09935760498047,87.42570495605469,33.65658950805664,-42.98637008666992,29.63778305053711,11.440089225769043,19.457969665527344,-17.95667839050293,18.364416122436523,4.663308143615723,13.114951133728027,-11.317033767700195,8.275113105773926,-1.7893421649932861,8.423945426940918,-9.851479530334473,7.98567008972168,5.265793323516846,9.665057182312012,-6.745156764984131,8.852746963500977,2.3203811645507812,9.878987312316895,-9.094366073608398,6.1015944480896,2522.687312553441,835.6142463664715
2_204,-188.5089111328125,121.39139556884766,72.67375183105469,45.953792572021484,-27.778776168823242,36.11145782470703,12.569279670715332,17.712810516357422,-24.485944747924805,20.052011489868164,-1.0867905616760254,13.263501167297363,-7.162065029144287,12.057040214538574,-5.384313583374023,11.365928649902344,-7.844539165496826,13.77967643737793,3.88254714012146,11.694413185119629,-4.5145182609558105,10.046883583068848,-2.544888496398926,10.588590621948242,-4.245545864105225,10.686636924743652,2702.569704263806,1023.2171598002175
2_205,-206.37765502929688,37.29806137084961,103.62010955810547,27.24345588684082,-63.59749221801758,26.578353881835938,5.029792308807373,13.6704683303833,-27.775484085083008,11.000612258911133,-5.068143367767334,14.036175727844238,-14.996374130249023,11.246335983276367,-5.636129856109619,8.891340255737305,-17.456790924072266,8.487146377563477,1.5008569955825806,8.295709609985352,-14.06026554107666,9.192464828491211,-4.066359519958496,9.378487586975098,-10.943950653076172,7.844244003295898,2142.9939634382504,664.3451209807143
2_206,-185.25852966308594,94.40300750732422,96.53474426269531,36.9263916015625,-23.57489013671875,31.349021911621094,12.121604919433594,24.72237777709961,-17.027856826782227,22.99292755126953,2.610164165496826,14.376211166381836,-6.203663349151611,15.377569198608398,-4.189608573913574,11.360904693603516,-15.975550651550293,11.776369094848633,3.7246599197387695,9.738627433776855,-5.671523094177246,9.861790657043457,1.3144723176956177,9.985709190368652,-5.970239162445068,8.23431396484375,2245.939129351568,795.519243498799
2_208,-237.19029235839844,43.49622344970703,107.79595947265625,49.6562614440918,-1.4855207204818726,23.72799301147461,26.315534591674805,11.287367820739746,-15.661375045776367,17.09284782409668,6.859981536865234,17.9257755279541,-9.730785369873047,9.171854019165039,-7.138918876647949,10.56580638885498,-6.376192569732666,7.76500940322876,3.5760252475738525,7.674182415008545,1.7659931182861328,7.2268548011779785,-0.059420395642519,6.925479888916016,-6.186389923095703,7.62720251083374,2300.5183367692903,1223.5703738371333
2_209,-285.2965393066406,75.05501556396484,98.65479278564453,27.944381713867188,-12.412936210632324,19.854604721069336,28.173786163330078,13.460280418395996,-4.542392253875732,13.90644645690918,-2.02466082572937,12.992828369140625,0.8285545110702515,9.679306030273438,-10.635137557983398,14.494243621826172,-15.618697166442871,9.063262939453125,-0.018987027928233147,9.914444923400879,-8.88671875,14.62808609008789,0.7376936078071594,6.522627830505371,-8.332871437072754,5.5920257568359375,2140.2566448118646,580.5119541105757
2_210,-470.2291564941406,57.8720588684082,121.9241943359375,29.05695343017578,-9.809304237365723,23.78063201904297,26.221420288085938,15.49519157409668,-8.548361778259277,12.885095596313477,7.517407417297363,10.624217987060547,-8.553472518920898,8.305689811706543,0.5544002056121826,11.901765823364258,-4.525031566619873,5.998137950897217,-2.1383371353149414,6.516062259674072,-6.722161293029785,6.245716094970703,-0.19882933795452118,6.512843608856201,-6.328245162963867,6.824665069580078,1752.85193639795,570.9994149937
2_213,-286.4783020019531,59.27045440673828,103.03120422363281,21.207439422607422,-49.5167121887207,26.77501106262207,33.11830520629883,14.956915855407715,-10.24666690826416,10.436589241027832,-6.207046985626221,10.544368743896484,-11.189955711364746,11.377423286437988,-3.2383387088775635,7.219992160797119,-3.541877269744873,8.073598861694336,-0.26343223452568054,8.756388664245605,-17.929086685180664,7.371138095855713,4.25088357925415,7.844205856323242,-14.779626846313477,6.663376808166504,2208.073521704239,529.7823597375618
2_217,-403.78289794921875,76.1515884399414,109.72914123535156,34.02730178833008,3.8800113201141357,21.62811279296875,35.4338264465332,20.057268142700195,-16.328968048095703,16.476633071899414,-1.2954087257385254,8.161471366882324,-3.238307476043701,18.746788024902344,-7.3380560874938965,14.837477684020996,5.327787399291992,5.935864448547363,9.084124565124512,6.099074840545654,-5.549309253692627,5.442224502563477,-2.125959873199463,8.342166900634766,-12.021337509155273,7.26770544052124,1966.8499799950018,810.0746156150801
2_218,-259.8216857910156,37.22798538208008,83.37975311279297,26.112581253051758,-55.39414978027344,22.958086013793945,8.945053100585938,9.425089836120605,-47.3491096496582,19.72223663330078,6.343418121337891,11.200735092163086,-23.419090270996094,16.0687255859375,-8.491847038269043,9.489325523376465,-15.835179328918457,11.407209396362305,-0.1416986882686615,10.085984230041504,-4.759415149688721,10.465556144714355,4.589395523071289,7.804042339324951,-4.920266628265381,8.037566184997559,2324.550682673359,564.7527406828941
2_221,-274.652099609375,88.85260009765625,97.07640075683594,35.31334686279297,-46.74990463256836,31.767032623291016,14.438092231750488,20.14181137084961,-18.001306533813477,18.624589920043945,-4.534759521484375,14.395393371582031,-7.977508068084717,13.096019744873047,-7.955851078033447,9.564980506896973,-9.450684547424316,9.045352935791016,5.380408763885498,9.114419937133789,-9.774449348449707,10.176576614379883,1.5181597471237183,8.58535099029541,-7.802638053894043,7.789671897888184,2194.0719892822026,734.9663426496141
2_222,-169.08465576171875,51.20606994628906,89.79256439208984,36.81235885620117,-25.657852172851562,27.063282012939453,5.697007179260254,18.71869468688965,-16.323774337768555,20.31488800048828,6.925248622894287,12.631656646728516,-13.397582054138184,11.861096382141113,-4.316794395446777,10.989179611206055,-20.349119186401367,11.783340454101562,2.734755754470825,11.487262725830078,-10.155380249023438,11.196005821228027,-5.63784122467041,9.624399185180664,-7.865272045135498,8.84344482421875,2337.4039934853595,872.7631835693594
2_223,-266.41046142578125,92.80598449707031,95.62080383300781,29.882429122924805,-50.213401794433594,27.139694213867188,10.082950592041016,20.269025802612305,-22.948415756225586,17.09228515625,-5.0809006690979,11.52640151977539,-8.867077827453613,11.39991283416748,-6.915010452270508,6.731978893280029,-11.852067947387695,11.63521957397461,14.042104721069336,8.10269546508789,-12.548328399658203,7.879923343658447,1.9050238132476807,8.43729305267334,-14.601473808288574,6.480327606201172,2221.2471381145056,644.9557368242195
2_225,-277.7632141113281,101.12273406982422,121.63280487060547,37.38991165161133,-45.43030548095703,30.685131072998047,7.051255226135254,16.497089385986328,-26.10961151123047,21.76125717163086,10.24621295928955,13.050342559814453,-8.745243072509766,9.299826622009277,-7.047414779663086,12.361698150634766,-9.623730659484863,9.366132736206055,-11.49511432647705,14.297449111938477,-13.531038284301758,7.611401081085205,2.3973493576049805,13.495118141174316,-6.013565540313721,8.347039222717285,1909.5090846964574,821.0837678077047
2_226,-97.88477325439453,37.17035675048828,101.14320373535156,23.77166748046875,-28.812686920166016,20.64468002319336,15.698365211486816,18.250019073486328,-12.84518051147461,12.391026496887207,1.2375653982162476,10.309855461120605,-2.049396514892578,10.458930969238281,-4.956997871398926,9.34119987487793,-8.285776138305664,7.816939353942871,5.209969520568848,7.856607437133789,-1.933242678642273,7.521461009979248,-0.410289466381073,8.156746864318848,-2.618910312652588,7.423929691314697,2166.7616420382883,493.1117965218626
2_227,-154.14761352539062,55.65715026855469,87.48920440673828,21.05925178527832,-42.80378723144531,23.606239318847656,2.9705917835235596,17.589311599731445,-20.36138916015625,15.214054107666016,0.9744895696640015,8.400500297546387,-9.861979484558105,9.480223655700684,-11.773298263549805,8.178411483764648,-13.085753440856934,8.319849967956543,2.8575356006622314,7.480982780456543,-10.652871131896973,6.987489223480225,-5.940921783447266,6.111847877502441,-7.999033451080322,4.269179821014404,2353.8978152951213,441.4307447515562
2_228,-374.03912353515625,53.77169418334961,103.55429077148438,49.92411422729492,8.904816627502441,22.190120697021484,24.490095138549805,20.050701141357422,-24.891679763793945,22.230112075805664,10.4598388671875,20.48394012451172,-12.11730670928955,12.176060676574707,-4.977077484130859,11.311087608337402,-15.970444679260254,10.807229995727539,0.16786852478981018,12.507601737976074,-8.27695369720459,7.788393497467041,-4.627802848815918,9.095322608947754,-9.89429759979248,10.252470970153809,2067.9372930589025,1198.4075175081111
2_230,-325.1885986328125,68.96578979492188,97.74057006835938,42.68171691894531,-20.11855697631836,31.64017105102539,36.18058395385742,25.25180435180664,-4.737565040588379,18.721973419189453,-10.397534370422363,19.12133026123047,-11.520913124084473,15.796058654785156,-0.9684947729110718,10.439027786254883,-12.990089416503906,11.490278244018555,-2.0660572052001953,10.407289505004883,-14.903929710388184,9.484403610229492,-3.960981845855713,7.401117324829102,-7.047163486480713,8.608532905578613,2143.627710772123,947.4473266951456
2_231,-277.8256530761719,61.86627960205078,111.73320770263672,31.945344924926758,-36.35778045654297,16.270416259765625,19.280025482177734,13.394301414489746,-19.49223518371582,12.334657669067383,0.9875064492225647,8.482560157775879,-16.91733741760254,10.786795616149902,-7.342512607574463,7.197914123535156,-14.353547096252441,9.564065933227539,4.7528839111328125,12.685200691223145,-10.620182037353516,7.935335636138916,-6.374270439147949,7.308840751647949,-7.650331020355225,7.157905101776123,2018.9460182727967,679.6919717964557
2_232,-408.20318603515625,117.51612854003906,95.54630279541016,48.06121063232422,-23.023588180541992,38.54323196411133,14.624592781066895,26.154582977294922,-4.588485240936279,12.999846458435059,-4.133812427520752,18.812856674194336,5.125997066497803,14.593728065490723,-10.5474853515625,10.276683807373047,-7.802267074584961,11.406155586242676,-2.1897826194763184,11.027083396911621,-20.159229278564453,10.3130521774292,-3.3605692386627197,8.523360252380371,-8.732796669006348,10.160054206848145,2415.961012745214,1045.9686861785692
2_234,-298.3816833496094,51.064781188964844,98.34539031982422,26.502439498901367,-71.25447082519531,23.096155166625977,7.808918476104736,16.040233612060547,-11.186222076416016,20.167129516601562,-15.681635856628418,16.39558982849121,-9.419921875,8.783614158630371,-12.048908233642578,7.770021438598633,-10.54096508026123,10.659122467041016,0.8635614514350891,11.560529708862305,-17.17588233947754,10.380165100097656,1.3757938146591187,9.695014953613281,-19.59290885925293,8.596714973449707,2203.187058750878,556.6231172437581
2_235,-100.21713256835938,87.5740737915039,113.0157470703125,34.262210845947266,-51.034271240234375,22.87801170349121,8.695674896240234,20.54827117919922,-22.475461959838867,20.103700637817383,1.049232840538025,13.900259017944336,-4.801233291625977,12.128003120422363,-5.142136573791504,10.865869522094727,-14.810307502746582,11.09298324584961,8.106082916259766,10.433050155639648,-3.3006370067596436,13.069459915161133,-2.251091241836548,8.647215843200684,-8.121699333190918,7.19118070602417,1991.1757355194668,652.4914045458127
2_236,-170.07078552246094,64.11235809326172,111.31324005126953,36.448577880859375,-27.416839599609375,29.84917640686035,17.40850257873535,28.82316017150879,-19.054794311523438,22.906265258789062,-9.482876777648926,13.464664459228516,-13.395322799682617,13.691167831420898,-10.528322219848633,11.684369087219238,-14.590559959411621,9.409069061279297,-0.11096765100955963,11.749225616455078,-10.715421676635742,9.162054061889648,1.7027643918991089,10.09820556640625,-10.351064682006836,9.516746520996094,1909.848132617141,786.0864616877943
2_24,-149.07591247558594,57.228126525878906,108.80029296875,31.684885025024414,-20.624874114990234,25.884239196777344,37.47468185424805,20.140138626098633,9.010161399841309,17.928497314453125,12.730979919433594,13.00283432006836,3.933616876602173,10.85207748413086,12.049065589904785,11.170500755310059,-1.2279666662216187,8.417932510375977,8.441705703735352,9.200039863586426,-5.317850112915039,9.179069519042969,5.183691024780273,7.9430437088012695,0.8770974278450012,9.289902687072754,1907.625661952166,650.4741435903936
2_240,-327.3465881347656,66.236572265625,106.03659057617188,32.694305419921875,-11.57767105102539,33.77370834350586,11.205894470214844,18.99026107788086,-17.863008499145508,28.212852478027344,-4.549839973449707,12.430098533630371,-8.296452522277832,11.641378402709961,3.1017239093780518,11.460474967956543,-3.0776593685150146,11.461076736450195,-3.8562443256378174,11.150135040283203,-4.834743976593018,8.79124641418457,3.4559686183929443,6.45271635055542,-8.478349685668945,7.710735321044922,2142.6754281181306,1044.2217840242415
2_241,-184.37701416015625,70.73340606689453,118.83358001708984,28.054031372070312,-23.80620574951172,24.211240768432617,18.713125228881836,13.356483459472656,-5.601914405822754,19.697233200073242,-0.03841168433427811,13.982117652893066,-1.5402772426605225,14.679120063781738,3.724043846130371,11.624930381774902,-5.345881938934326,10.780029296875,9.816057205200195,9.878995895385742,-2.9880878925323486,8.649398803710938,3.4897851943969727,7.700339317321777,2.489132881164551,8.81433391571045,1869.3912798857384,589.9621406273274
2_242,-148.95645141601562,84.45909881591797,99.78795623779297,40.1000862121582,-57.98328399658203,34.54298400878906,4.448177337646484,23.54462432861328,-28.6863956451416,20.555667877197266,-3.2533376216888428,13.987171173095703,-9.652832984924316,10.146110534667969,-9.430808067321777,10.463790893554688,-14.810491561889648,9.50686264038086,7.348355293273926,7.724285125732422,-10.931662559509277,10.233604431152344,-4.0363688468933105,7.132501125335693,-7.491065979003906,7.717622756958008,2163.6347786458496,819.6505656279924
2_243,-345.8881530761719,80.80866241455078,87.14450073242188,38.46319580078125,-56.15515899658203,32.66890335083008,7.686211585998535,27.34656524658203,-7.131589889526367,18.697086334228516,3.5187525749206543,17.6249942779541,-5.67803955078125,14.188776016235352,2.383012533187866,10.162908554077148,-7.126101493835449,11.56350326538086,12.6488618850708,11.06344985961914,-7.398622035980225,10.77536392211914,3.0305700302124023,8.94841194152832,1.1942288875579834,10.048680305480957,2388.2085800888017,699.6487491617403
2_245,-409.8624572753906,116.8481216430664,37.04600524902344,52.29403305053711,-4.957273483276367,20.756038665771484,21.115310668945312,13.58614444732666,-8.348031997680664,13.71739673614502,0.0868869498372078,8.752265930175781,-10.428291320800781,8.774496078491211,-2.989215612411499,8.63586139678955,-9.615097045898438,8.670750617980957,-4.777956962585449,8.399152755737305,-7.976248741149902,6.8067121505737305,-2.5594162940979004,7.067192554473877,-9.940651893615723,5.8359904289245605,3825.9800850653437,1391.811347359571
2_246,-199.8763885498047,100.12487030029297,108.96044158935547,51.91577911376953,-55.97623062133789,29.89837646484375,12.988001823425293,28.124351501464844,-15.942571640014648,23.691543579101562,-10.501801490783691,15.150146484375,-9.326668739318848,12.624588966369629,-10.997718811035156,10.623189926147461,-15.200155258178711,11.416548728942871,11.193007469177246,9.811666488647461,-13.470961570739746,12.040192604064941,3.494405508041382,10.220603942871094,-8.697979927062988,11.51389217376709,2145.7430737626514,849.5435353280875
2_247,-191.68467712402344,67.83885192871094,77.67160034179688,38.79670715332031,-30.619495391845703,31.195362091064453,8.845603942871094,22.283052444458008,-22.146610260009766,15.070576667785645,-1.9741318225860596,11.77276611328125,-20.862388610839844,15.994553565979004,-6.41657829284668,8.358633041381836,-11.823163032531738,10.924210548400879,5.14620304107666,10.020615577697754,-7.779162406921387,9.168301582336426,-0.34679755568504333,8.726268768310547,-10.420249938964844,8.217205047607422,2606.429955522725,1136.7392501262634
2_248,-331.7797546386719,67.66413879394531,113.54708862304688,70.95267486572266,-7.278797626495361,41.753684997558594,18.97674560546875,33.9946174621582,-8.074646949768066,27.606189727783203,-9.532690048217773,18.998754501342773,-8.05119800567627,16.33592414855957,5.260175704956055,13.950697898864746,-21.93035888671875,20.79403305053711,9.32381820678711,16.677248001098633,-7.2267069816589355,12.866449356079102,-9.999553680419922,10.861135482788086,-2.910490036010742,9.200390815734863,2035.0538673778808,1349.3077788056062
2_250,-322.6990661621094,44.524078369140625,90.27761840820312,32.35942459106445,10.926483154296875,25.39176368713379,24.90675163269043,14.802362442016602,-10.28248119354248,12.172451972961426,7.103440761566162,11.695727348327637,-5.221582889556885,12.96536636352539,2.5739223957061768,9.438583374023438,-4.66835355758667,7.350297451019287,3.192246198654175,7.724438190460205,-8.790454864501953,6.937229633331299,1.53482186794281,6.330009937286377,-3.928699254989624,3.61122465133667,2538.2813876541572,1135.3530245342629
2_251,-217.66683959960938,60.240089416503906,103.7350082397461,31.639677047729492,-40.131351470947266,31.833242416381836,10.512057304382324,22.25634765625,-23.04691505432129,16.496261596679688,-6.378166198730469,15.351316452026367,-6.449216365814209,13.41528034210205,-3.8539040088653564,10.657957077026367,-11.095327377319336,13.654937744140625,5.398487567901611,8.927547454833984,-15.150644302368164,9.621766090393066,0.584352970123291,11.290285110473633,-10.91298770904541,11.696065902709961,2143.1157306929395,827.8682983640613
2_253,-359.8743591308594,105.0264892578125,53.43330764770508,24.7142276763916,-24.972524642944336,39.45933532714844,50.631988525390625,18.248676300048828,-4.58887243270874,12.012069702148438,-4.330399990081787,23.316537857055664,-0.8161062598228455,10.571625709533691,0.8395610451698303,11.01176929473877,-2.5915846824645996,10.623029708862305,-5.248571872711182,11.969049453735352,-3.841109037399292,11.686492919921875,8.028894424438477,8.254059791564941,-2.083308696746826,15.412075996398926,2752.4995702596143,457.42051581451676
2_254,-221.2552490234375,67.17101287841797,117.52883911132812,24.259178161621094,-38.71480178833008,37.28179931640625,42.09861373901367,19.108827590942383,-11.79237174987793,13.744780540466309,-0.6007130742073059,16.342449188232422,-9.495342254638672,9.392678260803223,2.1042795181274414,8.892142295837402,2.7226526737213135,9.099485397338867,-3.6038355827331543,14.21189022064209,-7.260540008544922,7.892359733581543,5.469411849975586,8.706962585449219,-9.843106269836426,10.103235244750977,1961.480356520713,593.2618794402489
2_255,-24.503524780273438,40.22967529296875,97.29100036621094,47.22430419921875,-43.457054138183594,34.302066802978516,5.60075044631958,16.648588180541992,-13.369257926940918,12.855978965759277,-7.728901386260986,11.267948150634766,-13.922918319702148,13.429723739624023,-1.7841912508010864,9.397711753845215,-18.580726623535156,6.955482006072998,6.852825164794922,8.120720863342285,-10.994495391845703,7.041832447052002,1.9610490798950195,8.52098274230957,-6.392763614654541,6.636046886444092,2372.4295070200455,1156.6910953317522
2_257,-251.5167694091797,63.319190979003906,99.22628784179688,31.800453186035156,-39.29863357543945,24.345008850097656,16.501394271850586,17.511512756347656,-11.591361999511719,13.392633438110352,-3.9671831130981445,17.959753036499023,-6.124912261962891,8.457529067993164,-6.285994529724121,11.290607452392578,-9.562545776367188,9.854259490966797,2.9871833324432373,11.303629875183105,-3.0365748405456543,11.103562355041504,1.1590360403060913,9.151540756225586,-7.6820068359375,13.621318817138672,2287.2231286633596,704.6441406120996
2_258,-270.6361999511719,84.23899841308594,102.27172088623047,40.57862091064453,-31.487228393554688,28.06047248840332,19.043720245361328,22.085813522338867,-13.342741966247559,14.519665718078613,-4.785062313079834,12.972851753234863,-8.780973434448242,11.602286338806152,-7.616993427276611,9.173689842224121,-10.330886840820312,10.78243350982666,4.072748184204102,9.34608268737793,-12.398272514343262,8.651975631713867,-3.851891279220581,8.050271987915039,-9.645027160644531,7.4509968757629395,2150.9505615405155,835.7649588947296
2_259,-418.17230224609375,74.09556579589844,111.37539672851562,37.850223541259766,3.6768405437469482,25.309314727783203,22.600460052490234,19.30122184753418,1.72076416015625,13.746037483215332,7.098779678344727,13.251690864562988,-3.301175117492676,11.989092826843262,-3.321519136428833,10.5708589553833,-4.123354911804199,11.717395782470703,-0.5043987035751343,8.866738319396973,-8.553742408752441,7.721848964691162,-0.3985680341720581,6.7849626541137695,-6.403587818145752,7.004631996154785,1979.1840277861913,945.9434062389815
2_260,-319.3269958496094,79.99141693115234,111.44061279296875,26.942075729370117,-20.112531661987305,30.837820053100586,30.645801544189453,28.3869686126709,-6.309840202331543,25.307275772094727,-5.056652545928955,13.57007884979248,-5.904933929443359,16.628915786743164,0.5520864129066467,13.947141647338867,-18.168779373168945,13.889510154724121,7.991927146911621,11.614986419677734,-15.067072868347168,12.516955375671387,-4.021332263946533,7.469069957733154,-7.786705493927002,9.19923210144043,1867.3282469415217,531.9928405051835
2_261,-303.96453857421875,52.876792907714844,131.9285125732422,26.82735252380371,-37.083038330078125,27.89865493774414,14.352226257324219,18.56049156188965,-12.048035621643066,20.778919219970703,-5.367218494415283,12.994911193847656,-14.549079895019531,11.83288860321045,-9.530241012573242,13.720020294189453,-11.534954071044922,11.175787925720215,12.386165618896484,11.30492877960205,-9.776118278503418,7.241499900817871,1.6796990633010864,7.540301322937012,-2.09733247756958,7.045072555541992,1655.0431410282472,439.6963831156623
2_263,-297.8024597167969,51.09579086303711,104.54872131347656,31.28844451904297,-13.999680519104004,30.472484588623047,14.066328048706055,20.800790786743164,-14.778421401977539,14.920193672180176,10.563685417175293,8.962821960449219,-10.049180030822754,11.109186172485352,-5.087745666503906,9.013981819152832,-13.011543273925781,9.862046241760254,7.50141716003418,9.682101249694824,-11.090909957885742,11.395862579345703,-4.048127174377441,7.325059413909912,-8.781932830810547,7.611006736755371,2117.134686109684,888.346603524326
2_264,-240.56736755371094,89.07559967041016,110.7086410522461,31.412620544433594,-26.950942993164062,15.796371459960938,18.091339111328125,9.306280136108398,-1.372680902481079,5.694498538970947,0.7714614272117615,17.63282012939453,-17.788619995117188,6.753769874572754,0.44046059250831604,7.325892448425293,-3.6231319904327393,9.767690658569336,4.782617092132568,7.409982681274414,-10.270814895629883,7.828059196472168,-5.8789496421813965,9.89684772491455,-6.757348537445068,7.572207927703857,2068.3674360037094,607.3353245694666
2_267,-316.8914794921875,84.66349792480469,94.36760711669922,38.30236053466797,-12.0247163772583,17.32769775390625,8.469464302062988,24.35612678527832,-3.9037532806396484,21.387907028198242,4.800470352172852,12.888641357421875,-13.845165252685547,12.81758975982666,-5.10221004486084,13.420196533203125,-15.187897682189941,9.845054626464844,-0.2849425971508026,11.251636505126953,-11.82023811340332,12.724722862243652,-6.370168209075928,10.240080833435059,-11.572792053222656,9.854278564453125,2082.522393713954,588.6660995957595
2_268,-222.5679473876953,78.73664855957031,80.9619369506836,31.58363151550293,-49.68553924560547,21.51881980895996,11.75540828704834,19.456037521362305,-16.96494483947754,16.191892623901367,-1.4710354804992676,11.500588417053223,-12.35614013671875,11.820652961730957,-2.3820061683654785,10.077982902526855,-6.44137716293335,9.965470314025879,4.428168296813965,9.453476905822754,-9.736030578613281,9.02779769897461,4.179677486419678,7.445369243621826,-2.739616870880127,8.098508834838867,2475.0200908893753,581.2473261796154
2_27,-416.20721435546875,90.72120666503906,103.03433990478516,22.750593185424805,-19.501510620117188,40.658870697021484,26.19805145263672,20.35626792907715,-1.952591896057129,9.385613441467285,0.36506375670433044,11.049581527709961,-7.764036178588867,8.429417610168457,-4.130668640136719,10.920090675354004,-2.082411766052246,8.973692893981934,4.991767406463623,8.770401000976562,-1.5108901262283325,9.539084434509277,2.3997623920440674,7.96678352355957,-4.811405658721924,9.756914138793945,2096.6407323107055,414.51758417986713
2_270,-379.2737731933594,51.757164001464844,91.63597869873047,18.54119873046875,-42.313819885253906,24.465429306030273,23.192779541015625,10.19036865234375,-12.002267837524414,11.482721328735352,-5.664739608764648,14.615818977355957,-15.726181983947754,17.269140243530273,-11.921316146850586,6.426668643951416,-9.641130447387695,6.129800796508789,3.7830569744110107,5.178653717041016,-7.511826038360596,7.795880317687988,1.71385657787323,3.130664825439453,-1.4391789436340332,5.527164936065674,2378.6514923370883,449.0608684532325
2_271,-242.32850646972656,103.11798095703125,107.33296203613281,35.267005920410156,-14.08395004272461,24.19122314453125,20.541540145874023,12.461813926696777,-12.138997077941895,18.931421279907227,2.259622097015381,18.193626403808594,-0.34259265661239624,9.287801742553711,1.400686502456665,12.147470474243164,-13.71306324005127,11.721338272094727,3.373296022415161,8.711772918701172,-0.6494825482368469,5.942490577697754,0.4879803955554962,8.07249927520752,-7.487539768218994,7.9649553298950195,2168.9251755626656,854.1897020718924
2_272,-246.4051055908203,80.35682678222656,107.2310791015625,26.674999237060547,-46.40716552734375,31.4501895904541,12.70106029510498,26.592927932739258,-18.980512619018555,17.28118324279785,-2.2463436126708984,10.134930610656738,-13.60820198059082,10.434614181518555,-7.521021366119385,7.644965648651123,-15.04231071472168,10.318709373474121,-1.8446017503738403,14.633864402770996,-13.786908149719238,9.247142791748047,-9.918659210205078,9.032779693603516,-12.552029609680176,6.939084529876709,1905.417066667827,449.5580096301781
2_278,-273.76025390625,62.342079162597656,87.28541564941406,26.543668746948242,-11.38852310180664,23.83269500732422,26.071474075317383,14.726014137268066,4.071282863616943,11.850140571594238,12.792254447937012,15.337976455688477,-0.441104531288147,8.809378623962402,5.366714954376221,6.598302364349365,4.270239353179932,9.147271156311035,7.653250694274902,7.454598426818848,5.951524257659912,8.257753372192383,7.304131984710693,6.733112335205078,-0.36993423104286194,7.533845901489258,2489.6587869701543,676.5104468555459
2_279,-368.4495849609375,96.08306121826172,75.80757141113281,42.92938995361328,-25.348453521728516,32.98070526123047,11.351036071777344,16.220367431640625,-17.53226661682129,15.299012184143066,-3.3518729209899902,11.775860786437988,-7.49393892288208,9.262214660644531,-7.298567295074463,10.662637710571289,-5.9488115310668945,8.746735572814941,3.710207462310791,9.785880088806152,-9.475522994995117,8.543941497802734,-2.7620177268981934,7.74395227432251,-8.735629081726074,7.345805644989014,2873.604058538822,1228.3510714429974
2_28,-388.5105895996094,79.11204528808594,95.25881958007812,30.985183715820312,-15.538887023925781,41.63572311401367,35.236061096191406,23.00429916381836,-8.402295112609863,18.634807586669922,-1.9406225681304932,13.890371322631836,2.6937737464904785,11.449615478515625,-1.5813993215560913,8.326118469238281,-0.6244164109230042,9.22187328338623,3.161104679107666,9.570390701293945,-6.703005790710449,6.873936653137207,8.498574256896973,8.527388572692871,-10.947896957397461,7.236113548278809,2417.3553183969484,787.7514649787746
2_280,-321.37860107421875,89.84373474121094,127.79537200927734,35.40079879760742,-28.378211975097656,29.853330612182617,17.034164428710938,18.440488815307617,-17.383861541748047,16.981605529785156,-4.621955394744873,12.265740394592285,-1.8756353855133057,12.335789680480957,-1.9793192148208618,9.366917610168457,-6.236571788787842,10.935153007507324,8.457745552062988,8.708982467651367,-9.820368766784668,9.461548805236816,4.307735919952393,9.541499137878418,-2.990915060043335,6.952836036682129,1761.4142563292671,660.8254818126343
2_281,-49.392948150634766,74.78854370117188,133.3638153076172,53.30091094970703,-33.25763702392578,24.76104164123535,6.46527624130249,21.344852447509766,-6.620156288146973,15.382184982299805,-2.1852474212646484,11.324237823486328,-9.25999641418457,12.651066780090332,-5.151584625244141,10.115586280822754,-7.919353008270264,9.519923210144043,-3.1946544647216797,11.341219902038574,-6.352539539337158,11.461586952209473,3.8957955837249756,8.811433792114258,-4.64001989364624,7.788281440734863,1750.3218361534193,962.2928299518612
2_282,-287.4303283691406,54.68630599975586,83.10201263427734,46.25940704345703,-8.926410675048828,36.33803939819336,16.201642990112305,28.197010040283203,-13.023341178894043,15.925418853759766,3.4666588306427,19.18350601196289,-12.657817840576172,10.798197746276855,0.7530085444450378,11.378647804260254,-13.293429374694824,11.159005165100098,2.691282033920288,11.385278701782227,-13.741214752197266,9.117904663085938,3.334385395050049,10.011381149291992,-8.325361251831055,8.812862396240234,2628.2186444877975,1235.8291881699406
2_283,-133.04409790039062,69.65624237060547,112.21387481689453,32.08528518676758,-24.426677703857422,31.68523597717285,35.32790756225586,22.942028045654297,-0.1805100291967392,14.751745223999023,16.307830810546875,15.224431037902832,-2.790675640106201,10.450358390808105,4.655998706817627,11.055228233337402,-0.20758897066116333,9.616959571838379,11.216232299804688,11.053488731384277,-0.32500943541526794,9.571061134338379,1.9121514558792114,9.807795524597168,-7.7660346031188965,10.082343101501465,1910.8928957349378,638.6388015275306
2_284,-310.028076171875,81.66949462890625,119.94925689697266,27.289512634277344,-35.383853912353516,34.52888488769531,12.261516571044922,22.774944305419922,-21.38894271850586,17.43311882019043,-5.8239521980285645,13.876373291015625,-7.962268829345703,13.800908088684082,-4.701171398162842,8.327262878417969,-15.533280372619629,12.10307788848877,6.48524808883667,8.270142555236816,-3.3129165172576904,9.050077438354492,1.7433571815490723,8.937899589538574,-4.987815856933594,9.228959083557129,1925.0451685825994,632.0815960526251
2_286,-233.95513916015625,123.60326385498047,112.6590347290039,35.79689407348633,-44.22554016113281,25.901803970336914,15.037068367004395,17.460865020751953,-15.869427680969238,21.20220375061035,4.690909385681152,12.9268159866333,-1.3892018795013428,12.801772117614746,-8.432250022888184,12.611411094665527,-6.965488433837891,9.41689682006836,7.408514022827148,7.862152099609375,-3.440704822540283,9.865117073059082,0.1626640409231186,10.70089054107666,-5.0074920654296875,8.946915626525879,2002.92140254224,605.8041392434
2_287,-241.7650146484375,83.73623657226562,110.47748565673828,41.26767349243164,-26.3686466217041,21.354541778564453,18.62381362915039,21.088411331176758,-11.253753662109375,12.820698738098145,1.486798882484436,14.112495422363281,-9.452146530151367,11.642294883728027,-0.314422607421875,11.992134094238281,-8.106526374816895,9.076070785522461,1.7156388759613037,10.374862670898438,-4.9363017082214355,7.990174293518066,6.3091535568237305,7.935870170593262,-5.276548862457275,6.458627700805664,2041.715461649991,805.7987970431577
2_288,-202.28746032714844,87.6175308227539,103.34507751464844,35.75936508178711,-58.88335418701172,25.424882888793945,0.6615356206893921,20.726669311523438,-13.467594146728516,25.639076232910156,-3.5660815238952637,20.371877670288086,-8.079408645629883,13.049866676330566,-2.9517664909362793,12.573524475097656,-16.59423828125,15.335576057434082,10.490317344665527,10.664999961853027,-11.354887008666992,13.70242977142334,-0.15301068127155304,7.629674911499023,-11.140249252319336,8.235252380371094,2117.232559806722,654.6717648907505
2_289,-310.7259826660156,90.66199493408203,109.55142974853516,34.46283721923828,-43.56029510498047,35.79199981689453,-4.613053798675537,20.614530563354492,-19.32867431640625,17.501283645629883,-1.2004019021987915,13.22989273071289,-20.770793914794922,14.047751426696777,3.214858293533325,13.137613296508789,-9.500700950622559,11.611003875732422,9.150830268859863,8.40804386138916,-1.0591539144515991,8.20384407043457,-4.730860233306885,7.030218124389648,-2.113250494003296,9.506186485290527,2039.1101782640335,814.5144002214317
2_29,-440.5946350097656,61.0323486328125,111.97490692138672,42.39346694946289,-28.875051498413086,29.123899459838867,24.840471267700195,20.779884338378906,-13.073278427124023,19.249032974243164,-0.3467215597629547,11.52506160736084,0.8654240965843201,11.766763687133789,-5.111656665802002,11.306822776794434,-5.467079162597656,9.552766799926758,0.2411043494939804,8.994242668151855,-11.771930694580078,10.936139106750488,1.2604002952575684,6.900941848754883,-12.270899772644043,7.201854228973389,2096.2336146356834,1116.7419464130132
2_291,-386.0837097167969,59.29084396362305,96.11732482910156,52.32074737548828,-4.10068416595459,26.527143478393555,35.9120979309082,21.05942153930664,-1.8810758590698242,20.462053298950195,14.548733711242676,13.356853485107422,-10.151615142822266,9.73682975769043,1.007493257522583,11.640907287597656,-1.2509205341339111,8.552477836608887,0.7977218627929688,9.886420249938965,-17.071300506591797,12.191705703735352,-1.3325361013412476,9.234369277954102,-7.907073020935059,9.182806968688965,2011.120024588689,1128.421349880921
2_292,-31.464418411254883,70.11497497558594,116.1816635131836,50.65447998046875,-43.37070083618164,17.301267623901367,22.74605941772461,29.431961059570312,-12.03958797454834,18.74837875366211,1.8534841537475586,15.22220516204834,-24.96370506286621,12.269556999206543,-8.953442573547363,11.320428848266602,-13.41016960144043,8.466521263122559,-3.4776504039764404,9.56944751739502,-8.943804740905762,12.182793617248535,-0.004281810484826565,7.577022075653076,-7.949371814727783,6.406062126159668,1994.1368790160363,918.53796020976
2_293,-392.0604248046875,117.15348815917969,44.43572235107422,31.04684829711914,-24.20771026611328,41.040531158447266,32.14646530151367,18.604387283325195,-10.981742858886719,17.040374755859375,-0.1351398378610611,24.269250869750977,-9.579970359802246,12.452105522155762,2.251537561416626,8.048077583312988,-7.393704414367676,10.43011474609375,2.2551465034484863,12.64439582824707,-3.157914161682129,11.208915710449219,6.104482650756836,12.977252006530762,-2.3778226375579834,10.739644050598145,3371.103598352122,929.6802190473255
2_294,-147.42092895507812,80.05358123779297,112.44713592529297,33.42228317260742,-30.212970733642578,35.34708786010742,28.7897891998291,14.610082626342773,-8.045042037963867,14.795103073120117,8.008058547973633,11.605355262756348,-3.8103132247924805,11.452510833740234,9.252907752990723,9.567126274108887,-5.567291259765625,9.804099082946777,8.617831230163574,9.509424209594727,-4.86001443862915,8.253862380981445,-0.02481500804424286,9.340295791625977,-7.629589080810547,8.532476425170898,2008.5882068830228,646.0986489531774
2_295,-274.4111328125,64.85456085205078,81.11284637451172,56.330142974853516,-23.60516929626465,37.80961990356445,48.0930061340332,25.390756607055664,-19.047094345092773,20.813846588134766,-13.8343505859375,20.87185287475586,-19.066688537597656,16.529804229736328,4.848997592926025,12.945555686950684,-10.24500846862793,11.850828170776367,-2.466094493865967,9.021499633789062,-8.508974075317383,9.503824234008789,2.3477671146392822,9.515811920166016,-3.8522799015045166,10.74514389038086,2613.5673206374645,1457.0184492295652
2_297,-226.78176879882812,72.574951171875,97.94506072998047,38.73513412475586,-61.054718017578125,23.927589416503906,29.321855545043945,20.633262634277344,-24.425642013549805,16.165184020996094,-0.5342589616775513,11.939419746398926,-11.138643264770508,11.588229179382324,-7.99610710144043,9.288958549499512,-15.40174388885498,9.483963966369629,7.323758125305176,7.883401393890381,-13.736048698425293,8.774876594543457,0.11059566587209702,8.047032356262207,-9.052306175231934,8.590967178344727,2311.3776600564183,665.801765966619
2_299,-283.51556396484375,54.31437301635742,80.58641815185547,35.304931640625,5.054728031158447,13.85490608215332,25.43474006652832,16.95363426208496,2.7961626052856445,14.677970886230469,2.014758825302124,12.488332748413086,-8.645719528198242,9.101235389709473,-1.8102116584777832,8.242112159729004,-10.861981391906738,9.66999340057373,-1.8865373134613037,7.737461566925049,-8.827167510986328,9.01645278930664,1.2032740116119385,7.621655464172363,-7.598140716552734,6.207035064697266,2616.3412493264154,938.5483258872488
2_3,-287.05230712890625,70.09771728515625,104.95474243164062,31.91410255432129,-38.81705093383789,30.68988037109375,20.83224105834961,20.443605422973633,-14.901761054992676,19.243450164794922,1.2741998434066772,12.397133827209473,-18.436412811279297,10.329983711242676,-8.205326080322266,8.24962329864502,-11.856013298034668,10.871009826660156,1.3701951503753662,9.485252380371094,-17.051061630249023,7.907785415649414,2.975926399230957,10.305743217468262,-9.96926498413086,6.298601150512695,2134.248868446211,712.2895801750755
2_30,-416.6590881347656,113.48092651367188,129.29937744140625,23.253881454467773,-17.373538970947266,33.25952911376953,21.130712509155273,11.094738006591797,-7.166259765625,14.97603988647461,4.140407562255859,9.154336929321289,-1.9767628908157349,16.96906089782715,-6.4445271492004395,12.508984565734863,-8.418118476867676,11.870375633239746,7.824591159820557,7.017415523529053,-9.224814414978027,9.476239204406738,9.494388580322266,7.883129119873047,1.92718505859375,7.687396049499512,1627.3210380802846,302.34583757753614
2_300,-295.0079650878906,51.62852478027344,101.22132110595703,33.6451301574707,-28.442516326904297,30.176441192626953,6.840379238128662,24.690412521362305,-1.2057995796203613,13.737154006958008,-11.366229057312012,16.70890235900879,-14.148850440979004,11.787802696228027,-6.517055511474609,9.95740795135498,-6.820515155792236,11.025933265686035,0.030305342748761177,12.703442573547363,-11.020668029785156,8.15310001373291,-3.8628082275390625,7.197561264038086,-11.592245101928711,10.474956512451172,2075.546395333527,712.590269835102
2_301,-333.39959716796875,108.08358001708984,74.62104034423828,52.85820770263672,-9.087661743164062,28.360820770263672,26.21811294555664,23.347806930541992,-8.357455253601074,18.651290893554688,1.8775442838668823,18.539785385131836,-0.06051497533917427,12.662219047546387,3.0731217861175537,11.810192108154297,-9.345817565917969,12.547914505004883,4.799188613891602,10.020101547241211,-11.69614028930664,14.553604125976562,1.1764668226242065,7.934075832366943,-0.9733729362487793,8.09496021270752,2816.82336723275,1207.437055235208
2_302,-286.12823486328125,90.2824478149414,84.74701690673828,43.66682434082031,-29.006967544555664,34.96281433105469,17.12822914123535,19.32439613342285,-8.301568984985352,16.70949935913086,-13.430689811706543,16.87462615966797,-4.2943115234375,13.85509967803955,-1.686625599861145,10.528435707092285,-4.688858985900879,9.523435592651367,4.372035980224609,9.433062553405762,-11.307323455810547,9.772024154663086,-5.703793525695801,9.628822326660156,-7.194258689880371,12.112597465515137,2536.5953751935003,1246.1198751720497
2_303,-145.47474670410156,83.79412841796875,96.88723754882812,23.089344024658203,-40.017189025878906,25.658472061157227,13.726031303405762,19.210405349731445,-15.608484268188477,14.301777839660645,0.7075039744377136,11.965425491333008,-5.688606262207031,9.639422416687012,-4.419285774230957,10.608176231384277,-7.070565700531006,8.087693214416504,9.760025978088379,6.98698616027832,-7.784736633300781,8.25784683227539,-1.8874009847640991,7.9333953857421875,-6.961466312408447,6.120899677276611,2307.962363385235,545.2742220731212
2_305,-201.02777099609375,71.27690124511719,66.87129974365234,58.57985305786133,-24.572317123413086,18.209814071655273,15.9400634765625,30.90053939819336,-20.398216247558594,19.55443000793457,13.518868446350098,16.39167022705078,-7.189284324645996,9.226980209350586,-0.1461791694164276,8.881799697875977,-3.4603888988494873,7.61796760559082,0.5572249293327332,14.350971221923828,4.005730152130127,9.090838432312012,6.249841213226318,8.13548469543457,4.700700759887695,10.287836074829102,2838.643831000063,1267.9377823256812
2_306,-224.6870574951172,69.67365264892578,93.46967315673828,42.37010955810547,-19.73662567138672,20.678211212158203,31.292598724365234,22.227991104125977,5.04469108581543,21.1010799407959,-2.471979856491089,18.207700729370117,-6.063729763031006,11.96550464630127,6.974119663238525,13.429664611816406,-21.383808135986328,16.084129333496094,4.282644271850586,9.690385818481445,-8.366559982299805,10.99526596069336,-3.1210732460021973,9.096686363220215,-3.892428398132324,7.128953456878662,2376.9573721958654,878.2232236389368
2_31,-326.20343017578125,85.6204605102539,74.68819427490234,30.159231185913086,-39.22073745727539,37.85575866699219,34.51652908325195,22.298778533935547,-12.688591957092285,19.452836990356445,1.734213948249817,17.60244369506836,-15.567577362060547,14.941582679748535,7.3301215171813965,9.112214088439941,-17.64657211303711,14.387505531311035,7.838100910186768,16.43490219116211,-4.802927017211914,14.797475814819336,9.339373588562012,14.111249923706055,-3.8270437717437744,15.467973709106445,2535.3495202164454,698.8008469501995
2_310,-228.4153289794922,52.741729736328125,137.4644775390625,28.676115036010742,-34.99350357055664,27.573257446289062,19.23007583618164,16.554487228393555,-13.886412620544434,16.884265899658203,1.05342698097229,12.88125228881836,-12.87302017211914,12.937986373901367,-11.627839088439941,12.22977352142334,-16.147974014282227,9.52889347076416,1.6949360370635986,9.685773849487305,-10.83293628692627,10.18881607055664,-1.03701651096344,7.3019561767578125,-3.658430576324463,7.673755168914795,1550.3207926398163,520.3603712716958
2_312,-267.78582763671875,84.07536315917969,92.82986450195312,31.673974990844727,-28.501968383789062,34.27090835571289,11.698612213134766,17.141254425048828,-5.668096542358398,17.10324478149414,-3.150012493133545,17.05527114868164,1.2315961122512817,14.525060653686523,-4.083847999572754,10.385808944702148,-5.720480918884277,10.830102920532227,9.579371452331543,13.010148048400879,-14.824812889099121,12.713930130004883,-1.0694319009780884,8.653695106506348,-10.87143325805664,7.550890922546387,2419.3529156586565,986.3253395713529
2_313,-292.1089172363281,86.88897705078125,94.4496078491211,48.59006881713867,-20.008573532104492,28.722766876220703,27.269929885864258,18.739686965942383,-19.040462493896484,17.089252471923828,-6.200361251831055,15.302608489990234,-8.502237319946289,11.984232902526855,-13.374567985534668,11.186002731323242,-15.785541534423828,11.946159362792969,-5.154529571533203,9.230596542358398,-15.35243034362793,9.011813163757324,-5.62564754486084,7.461986541748047,-9.874468803405762,8.676220893859863,2335.7506906318213,983.8166461211956
2_314,-309.0306091308594,33.54355239868164,105.98590087890625,19.80411148071289,-57.132911682128906,19.34808921813965,19.41505241394043,18.11349105834961,-18.217958450317383,11.568188667297363,-6.002448558807373,8.576142311096191,-4.025674819946289,10.916343688964844,-5.408980846405029,8.735703468322754,-13.063509941101074,9.74052906036377,2.441412925720215,9.17098331451416,-22.7425537109375,10.048212051391602,-1.06996488571167,7.426584720611572,-14.315762519836426,7.057344913482666,2043.2866721099742,426.34250228066594
2_315,-264.14373779296875,66.45198059082031,90.28958892822266,39.98360061645508,-16.498390197753906,28.64228630065918,18.890520095825195,19.92125129699707,-12.43288516998291,14.365312576293945,-0.26785632967948914,14.667524337768555,-10.284727096557617,11.769330024719238,-4.318525791168213,10.628039360046387,-11.766350746154785,11.340320587158203,6.12139892578125,11.796222686767578,-15.168121337890625,10.074225425720215,-1.8459196090698242,8.010930061340332,-10.637713432312012,9.430522918701172,2476.1655794673934,1114.5219502549621
2_316,-468.19818115234375,107.45354461669922,98.92874145507812,19.2623233795166,-10.016200065612793,33.149169921875,4.286840438842773,17.87771987915039,-18.07086944580078,14.964345932006836,-4.040807723999023,15.201900482177734,-4.812379360198975,13.059891700744629,0.7822884917259216,11.357477188110352,-9.405394554138184,8.457389831542969,1.755526065826416,7.2864789962768555,-5.864368915557861,9.077518463134766,-2.8826797008514404,8.508641242980957,-7.14506196975708,10.958025932312012,2280.8488362196194,528.0590008882546
2_317,-350.93011474609375,70.5301284790039,67.60601806640625,22.710033416748047,-14.614752769470215,29.18355941772461,14.573511123657227,18.401025772094727,-5.446460723876953,15.611613273620605,-2.698291063308716,15.755170822143555,-5.137692451477051,11.225077629089355,-3.099256753921509,9.366326332092285,-3.390815496444702,9.794536590576172,-1.6179025173187256,8.248793601989746,-10.609297752380371,7.546924114227295,-0.3333408534526825,7.886956214904785,-7.531370639801025,9.307210922241211,2882.8927286918642,857.8493173118412
2_318,-265.912353515625,64.72987365722656,80.84611511230469,23.59952735900879,-41.10948181152344,20.953523635864258,13.352590560913086,15.356145858764648,-10.933292388916016,13.730524063110352,-12.212495803833008,13.681207656860352,-10.985075950622559,8.239680290222168,-13.332732200622559,13.676250457763672,-8.615433692932129,10.044684410095215,-2.9606637954711914,13.010972023010254,-8.364697456359863,7.5281901359558105,-4.559528350830078,9.36816692352295,-14.771162986755371,9.260465621948242,2605.1663321334036,641.6621213511168
2_319,-448.32952880859375,76.72904968261719,63.51806640625,28.303335189819336,-21.678573608398438,24.877599716186523,6.340211391448975,11.069995880126953,-15.188053131103516,9.535959243774414,6.083605766296387,11.240975379943848,-6.69615364074707,7.750083923339844,-0.28762751817703247,4.260368347167969,-18.786840438842773,11.924565315246582,0.6292195320129395,8.809758186340332,-9.359699249267578,8.851539611816406,-5.877484321594238,8.38388442993164,-7.504122257232666,7.022846221923828,2912.832728305761,897.0306106545369
2_322,-139.0887451171875,66.6728744506836,101.90448760986328,23.02743148803711,-39.66534423828125,24.316251754760742,2.145745277404785,14.860895156860352,-20.790679931640625,14.347724914550781,-3.5806844234466553,8.383519172668457,-9.2068452835083,7.774165630340576,-10.255763053894043,8.895874977111816,-9.474437713623047,8.876606941223145,3.9842891693115234,7.210691928863525,-8.159008026123047,7.280942916870117,-5.61759614944458,6.799523830413818,-8.327990531921387,6.712771415710449,2165.252483299125,553.1739608675986
2_323,-104.12171936035156,59.13358688354492,115.95146179199219,36.76409149169922,-50.77256393432617,24.948104858398438,26.005067825317383,20.4551944732666,-20.991771697998047,16.17522430419922,15.500205039978027,10.938037872314453,-4.537359237670898,15.430724143981934,-2.1181163787841797,9.274971008300781,-1.343424677848816,10.211841583251953,9.852307319641113,8.071124076843262,-8.287628173828125,9.588297843933105,6.232568740844727,9.13762092590332,-7.1595354080200195,10.741972923278809,2037.4318232469996,679.2809384148068
2_326,-252.21151733398438,64.11931610107422,89.8825454711914,47.67185974121094,-24.981992721557617,35.12519836425781,11.734408378601074,16.403486251831055,-21.439462661743164,11.795379638671875,11.3910551071167,11.313460350036621,-4.284772872924805,8.501728057861328,-5.8375959396362305,7.66051721572876,-12.436897277832031,9.041770935058594,2.5451512336730957,14.018187522888184,-6.438570022583008,7.754777431488037,3.620370388031006,8.932977676391602,-7.22417688369751,6.9421491622924805,2537.44677032812,1096.75620311931
2_33,-305.2917175292969,76.27796173095703,87.64198303222656,50.49295425415039,-25.856714248657227,35.7619743347168,-2.3601016998291016,17.77573013305664,-24.03880500793457,22.385190963745117,-9.470297813415527,13.684874534606934,-3.7041852474212646,16.669166564941406,2.4575955867767334,10.889447212219238,-19.604206085205078,12.989286422729492,4.963376998901367,10.031320571899414,-8.253569602966309,10.671592712402344,-0.9225185513496399,7.712612152099609,-8.027329444885254,7.589736461639404,2597.320732046849,1410.6931333825112
2_334,-439.9373779296875,99.62496185302734,129.6848907470703,40.496273040771484,-26.02182960510254,27.009931564331055,28.943405151367188,11.359293937683105,-13.960224151611328,13.344759941101074,2.6101813316345215,18.244871139526367,-3.8528335094451904,14.865113258361816,-0.3821311295032501,10.984079360961914,-18.68499755859375,18.226024627685547,0.25580888986587524,9.771958351135254,-0.5596804022789001,11.425092697143555,-1.638364315032959,10.894323348999023,-2.3893940448760986,6.923260688781738,1842.1722810889933,717.5643502366203
2_337,-284.925048828125,74.2989501953125,114.0327377319336,34.640892028808594,-37.733856201171875,31.723308563232422,33.7640495300293,19.621604919433594,-10.575861930847168,17.956331253051758,2.0034608840942383,20.037113189697266,-17.460886001586914,13.995691299438477,-2.506023406982422,11.053115844726562,-7.087249279022217,11.07800579071045,3.1443028450012207,10.620610237121582,-12.038541793823242,10.2022123336792,5.104930877685547,9.132041931152344,-12.026815414428711,10.159400939941406,1774.6355092115793,585.1842132773659
2_338,-251.86996459960938,96.54714965820312,99.4787368774414,39.32293701171875,-17.174957275390625,22.370691299438477,33.223541259765625,23.268657684326172,10.274046897888184,20.555770874023438,3.3614554405212402,15.369770050048828,-1.3657456636428833,13.904726028442383,6.317746639251709,11.265660285949707,-20.899534225463867,17.67094612121582,2.3595376014709473,9.978499412536621,-9.837027549743652,14.035419464111328,-5.399975776672363,11.472026824951172,-6.248424053192139,11.382257461547852,2102.3910917901844,734.4269686456307
2_339,-260.2364196777344,114.9817886352539,121.44720458984375,28.007015228271484,-48.066593170166016,33.85662078857422,16.941932678222656,20.294466018676758,-11.142556190490723,21.52227783203125,-0.8484429717063904,12.435619354248047,-19.94109535217285,15.373429298400879,-14.701093673706055,8.836465835571289,-8.512258529663086,12.475600242614746,-5.00234317779541,16.280323028564453,-18.342960357666016,10.967711448669434,-3.6234939098358154,12.596020698547363,-15.924650192260742,9.838004112243652,1832.613340598656,443.9023539572379
2_34,-284.1115417480469,47.668880462646484,168.41537475585938,29.5716495513916,-96.17633819580078,36.5489616394043,25.66336441040039,22.294069290161133,-34.899391174316406,23.05204963684082,-10.492231369018555,20.194135665893555,0.9119269251823425,21.745492935180664,-21.854129791259766,15.845179557800293,-8.824615478515625,13.084161758422852,1.1258032321929932,13.942475318908691,-10.710250854492188,12.857776641845703,-10.33753490447998,9.214227676391602,-4.970355033874512,11.502147674560547,1598.7219617097703,356.53566081294366
2_340,-341.75946044921875,72.99559783935547,113.24970245361328,26.372331619262695,-9.354276657104492,28.589397430419922,25.9364070892334,24.307655334472656,-30.793807983398438,20.676769256591797,7.580359935760498,12.779674530029297,-6.060827732086182,13.366888999938965,6.219305992126465,12.045547485351562,-15.11452579498291,13.222816467285156,1.9535722732543945,8.862025260925293,-5.121807098388672,12.365312576293945,5.724288463592529,12.414953231811523,1.7501704692840576,14.58633804321289,1937.7369487500769,533.0372128948032
2_341,-305.8996887207031,86.68138122558594,117.05708312988281,30.26854133605957,-35.46828842163086,29.781591415405273,17.172508239746094,24.752286911010742,-18.865516662597656,19.72724723815918,3.003708839416504,12.674966812133789,-9.839401245117188,10.263319969177246,-9.190608978271484,10.274422645568848,-10.394094467163086,9.93550968170166,4.591946125030518,11.443593978881836,-7.65150260925293,8.30201244354248,1.0704303979873657,9.108491897583008,-9.029078483581543,7.592614650726318,1954.0206136001098,625.6599836509043
2_342,-94.17801666259766,77.05751037597656,110.1738510131836,33.07006072998047,-59.933467864990234,22.48015022277832,9.780062675476074,20.320825576782227,-29.363733291625977,14.257655143737793,6.632534027099609,10.100275039672852,-23.297292709350586,9.761951446533203,-1.8281760215759277,9.003390312194824,-20.23934555053711,7.658365726470947,5.637185573577881,10.138113021850586,-12.758809089660645,11.652602195739746,-0.17976225912570953,7.495791435241699,-13.836651802062988,7.784825325012207,2025.6211509461837,553.8432903470939
2_343,-166.45750427246094,59.82009506225586,112.00328063964844,44.17292022705078,-34.49569320678711,26.260190963745117,14.727413177490234,17.650129318237305,-21.28750991821289,16.939895629882812,11.189323425292969,12.319073677062988,-8.090018272399902,10.156678199768066,-5.539530277252197,9.559917449951172,-8.720852851867676,9.081844329833984,1.2076717615127563,12.442673683166504,-7.358238220214844,9.026629447937012,7.132174015045166,10.139627456665039,1.809403657913208,10.046791076660156,2088.691830657319,942.5129290136935
2_344,-17.550867080688477,37.949954986572266,137.9030303955078,14.883896827697754,-61.41253662109375,18.588014602661133,-3.2201385498046875,10.589350700378418,-29.493839263916016,11.811766624450684,-2.1999378204345703,7.058551788330078,-11.42850112915039,8.878192901611328,-11.848753929138184,6.89070463180542,-15.710740089416504,7.005812644958496,5.928065299987793,7.034033298492432,-8.181734085083008,7.526780128479004,-5.652326583862305,8.052783966064453,-13.888069152832031,6.885246276855469,1643.8311614648007,216.82038189069718
2_345,-160.96388244628906,86.08275604248047,117.29782104492188,34.491119384765625,-42.19509506225586,37.80783462524414,-1.5767477750778198,15.024412155151367,-34.431556701660156,15.553031921386719,-3.4360878467559814,14.828924179077148,-4.163803577423096,11.192384719848633,-4.94423246383667,10.21696662902832,-20.98379135131836,11.304869651794434,7.777470588684082,10.004273414611816,-4.395363807678223,9.607730865478516,-7.424983978271484,8.966389656066895,-8.709505081176758,7.547771453857422,1887.9141084101882,690.6781908455641
2_347,-343.0635070800781,67.75730895996094,103.0887680053711,39.204498291015625,-22.762985229492188,41.16914749145508,19.570877075195312,20.49692726135254,-13.699419021606445,13.28279972076416,-5.9537034034729,18.48031997680664,-8.797135353088379,11.855792045593262,3.1075687408447266,13.965423583984375,-5.0527215003967285,9.02735710144043,0.17381636798381805,12.765987396240234,-13.011783599853516,10.450026512145996,-2.486497402191162,9.487547874450684,-11.581957817077637,10.377762794494629,2072.3792883459164,1127.1681754956453
2_35,-262.8112487792969,95.35025024414062,70.75505828857422,41.8893928527832,-35.2222900390625,31.19554328918457,3.9143788814544678,17.916650772094727,-19.147546768188477,19.893373489379883,0.35492992401123047,12.33421802520752,-6.754758834838867,14.74026870727539,-2.0757546424865723,10.723267555236816,-11.388493537902832,11.731447219848633,4.862016201019287,8.44893741607666,-12.361387252807617,10.352031707763672,-2.5414581298828125,8.134706497192383,-12.463401794433594,8.609536170959473,2738.589922237505,1080.4564759744933
2_350,-166.03048706054688,65.91827392578125,177.55682373046875,33.21552658081055,-85.53422546386719,32.081077575683594,25.734111785888672,25.101520538330078,-24.441980361938477,20.194194793701172,-5.624638080596924,11.742569923400879,-4.427038192749023,12.141319274902344,-27.76791000366211,11.918164253234863,4.843507766723633,11.791157722473145,-18.01525115966797,10.40247917175293,-1.4967622756958008,9.339029312133789,-4.250443458557129,7.689724922180176,-13.287117004394531,9.26160717010498,1464.446751648636,489.1352539430618
2_351,-42.62995147705078,60.58712387084961,128.84194946289062,43.734859466552734,-42.95240783691406,27.295448303222656,5.039132595062256,19.020116806030273,-12.726131439208984,20.01780891418457,-4.8126373291015625,9.314460754394531,-11.933340072631836,9.840607643127441,-6.818741798400879,10.911870002746582,-16.85456657409668,10.050309181213379,0.8220809698104858,8.223759651184082,-8.683941841125488,10.025288581848145,3.38628888130188,9.113978385925293,-5.251059055328369,6.7962541580200195,1818.0347835734085,778.6781916646586
2_352,-99.27906799316406,87.0088119506836,130.7513427734375,54.57393264770508,-17.617481231689453,32.58865737915039,19.83765411376953,20.433368682861328,-5.220728874206543,13.012063980102539,4.443986415863037,12.747075080871582,-16.178955078125,10.71104907989502,-8.463455200195312,9.36113166809082,-12.81960678100586,10.712908744812012,-5.167820453643799,10.147451400756836,-11.874276161193848,7.778408527374268,-3.61350154876709,8.74563217163086,-9.035319328308105,8.252137184143066,1721.4746337862482,1103.573818741498
2_353,-342.417236328125,93.58440399169922,90.2098617553711,54.04010009765625,-7.9996418952941895,23.425159454345703,42.923274993896484,22.440732955932617,-21.611169815063477,17.1375732421875,-0.8931634426116943,19.359729766845703,-7.102685451507568,14.467665672302246,0.015373464673757553,10.87078857421875,-12.40131664276123,14.636027336120605,4.2216572761535645,10.920797348022461,-4.625659465789795,9.310962677001953,-3.509356737136841,12.51048469543457,-7.718341827392578,10.384432792663574,2402.7363836333197,1119.3946910633751
2_356,-359.58575439453125,53.47228240966797,92.92710876464844,29.95134162902832,-28.09232521057129,40.284881591796875,33.330780029296875,21.537858963012695,-18.864360809326172,14.278700828552246,11.19869327545166,23.519447326660156,-1.8432302474975586,4.457534313201904,-1.6171363592147827,11.290433883666992,-3.8456335067749023,14.196601867675781,-7.7212138175964355,8.231738090515137,-7.237369537353516,9.259830474853516,0.3809641897678375,8.713017463684082,-8.778796195983887,5.903861999511719,2212.5020705423976,594.4516079151267
2_357,-275.7757873535156,114.65056610107422,98.3193130493164,33.000823974609375,-24.77103614807129,35.3990592956543,18.76921272277832,21.886545181274414,-16.72104835510254,17.023317337036133,-6.326096534729004,20.651296615600586,-13.776677131652832,11.39030647277832,-7.979037761688232,11.293593406677246,-7.434457778930664,8.806084632873535,-2.9629547595977783,12.225358009338379,-11.769524574279785,8.128101348876953,-0.44289013743400574,8.901620864868164,-9.27229118347168,9.119257926940918,2364.2492384862376,915.6230013425823
2_358,-345.20440673828125,85.79339599609375,99.69669342041016,35.514671325683594,-13.245061874389648,24.73974609375,20.689001083374023,11.860062599182129,-12.022847175598145,16.466106414794922,6.035797119140625,10.801506996154785,-17.13362693786621,12.207054138183594,-5.685195446014404,11.043802261352539,-7.83709716796875,11.165045738220215,-2.5082693099975586,12.393148422241211,-8.144996643066406,10.73728084564209,-3.509171485900879,8.165943145751953,-4.022862434387207,8.088600158691406,2180.7676100616036,824.2255335162504
2_359,-146.613037109375,85.3247299194336,117.80766296386719,34.032257080078125,-38.9451789855957,39.216941833496094,26.31998062133789,17.88886070251465,-12.335592269897461,18.524118423461914,10.091593742370605,12.859943389892578,-3.9843146800994873,13.146589279174805,8.707862854003906,14.527859687805176,-3.499448299407959,11.472244262695312,6.212282657623291,8.744474411010742,-4.347330093383789,10.665904998779297,0.08082118630409241,9.004557609558105,-9.49167251586914,9.360928535461426,1895.5352488510382,650.4633150541816
2_36,-352.45977783203125,104.73809814453125,106.75067138671875,48.32633590698242,-11.59660816192627,36.33902359008789,18.988956451416016,26.17584228515625,-16.03154182434082,28.398035049438477,7.968382358551025,14.322380065917969,-20.64154052734375,15.617256164550781,-3.7314565181732178,14.30884838104248,-9.98803424835205,11.689295768737793,-5.484517574310303,12.501931190490723,-16.011171340942383,13.310364723205566,-2.0418384075164795,9.596452713012695,-11.824780464172363,9.617546081542969,1896.9011802326854,988.7237587712532
2_361,-215.16029357910156,70.75589752197266,121.5906982421875,24.728778839111328,-8.90334415435791,19.539260864257812,18.17170524597168,10.495914459228516,-16.042137145996094,16.779863357543945,-7.883460998535156,16.603900909423828,4.218045234680176,8.437854766845703,3.195702314376831,8.595403671264648,-15.53954029083252,10.412269592285156,1.7470053434371948,8.271904945373535,-5.33697509765625,6.456723213195801,-2.1940698623657227,6.127560615539551,-7.425143718719482,6.25095796585083,1765.9033456856284,540.5441155352864
2_365,-355.7852478027344,72.4799575805664,126.59181213378906,38.9610481262207,-22.43334197998047,34.3216438293457,22.671018600463867,14.838154792785645,3.9755215644836426,21.372121810913086,2.2597904205322266,23.16725730895996,-6.382067680358887,12.784683227539062,0.8724671602249146,12.249378204345703,-11.215524673461914,15.464703559875488,4.71066951751709,9.829042434692383,-5.05912971496582,7.911788463592529,3.0831892490386963,9.757158279418945,5.355636119842529,11.799043655395508,1911.6419209380913,751.8143284183972
2_367,-356.8172912597656,95.25977325439453,105.17664337158203,34.932865142822266,-16.402629852294922,29.146093368530273,16.823566436767578,17.34942626953125,-17.93694496154785,16.319643020629883,2.839625120162964,11.407153129577637,2.7688844203948975,12.200549125671387,-10.43304443359375,10.32119083404541,-4.394753932952881,11.803553581237793,-0.48500150442123413,10.316020965576172,-10.985136032104492,8.720585823059082,-2.6449759006500244,5.27196741104126,-14.712324142456055,7.479986190795898,2067.2325554829317,851.2515151099059
2_369,-221.27825927734375,93.46775817871094,107.27789306640625,33.93800354003906,-18.739158630371094,22.965641021728516,10.277021408081055,18.04667854309082,-11.097261428833008,16.31270980834961,-5.009884357452393,13.885290145874023,-14.118355751037598,11.985010147094727,-9.853397369384766,12.495416641235352,-12.063580513000488,9.783685684204102,-0.9577298760414124,10.601919174194336,-8.247581481933594,11.300456047058105,1.1567573547363281,9.098177909851074,-5.039762496948242,8.168827056884766,1995.7836812035857,703.4323641760465
2_370,-304.71807861328125,71.34895324707031,77.00943756103516,45.02468490600586,-24.650100708007812,26.079776763916016,25.38144874572754,21.44309425354004,-20.90448570251465,16.410907745361328,3.1502909660339355,13.073890686035156,-10.16794490814209,12.70896053314209,-13.675911903381348,9.825003623962402,-8.980847358703613,9.57309341430664,5.360615253448486,7.997971057891846,-15.696416854858398,11.008221626281738,-3.831061601638794,6.727250576019287,-8.008432388305664,6.338306903839111,2645.3019907635485,1037.8073784848182
2_371,-229.3034210205078,49.13832092285156,85.56459045410156,73.8009033203125,-18.404850006103516,32.73197555541992,25.236116409301758,18.957853317260742,-9.677641868591309,19.671377182006836,23.094789505004883,9.656481742858887,-14.229857444763184,10.265983581542969,-11.751686096191406,10.803924560546875,-15.037490844726562,11.371658325195312,-8.948163032531738,12.773483276367188,-12.365422248840332,11.639283180236816,-4.2393574714660645,7.474212646484375,-13.509834289550781,9.616189956665039,2433.4552696159667,1538.0899212582065
2_372,-270.96160888671875,110.41924285888672,98.0859375,47.642513275146484,-29.140474319458008,29.26972198486328,24.4816951751709,21.25106430053711,-5.749378681182861,17.492835998535156,-6.5236029624938965,19.02668571472168,-8.42740249633789,14.20263957977295,-4.500809669494629,11.224607467651367,-6.18100643157959,10.074026107788086,5.975220680236816,9.322836875915527,-14.981614112854004,12.738794326782227,3.5776851177215576,7.73366641998291,-1.6922792196273804,9.761739730834961,2258.2173176704214,957.1872737236014
2_373,-286.05206298828125,99.38014221191406,119.9141616821289,32.27313995361328,-20.106842041015625,27.369644165039062,26.587186813354492,17.964115142822266,-14.259017944335938,15.538578987121582,10.59646224975586,15.910566329956055,-5.243435382843018,11.285504341125488,4.990725994110107,11.502692222595215,-5.513866901397705,9.64808177947998,10.111377716064453,8.638898849487305,-5.928898334503174,10.777935028076172,4.112603664398193,6.974499702453613,-3.7862720489501953,8.23750114440918,1884.105711711274,613.1956348223484
2_374,-269.4181823730469,81.41357421875,98.96050262451172,26.31325340270996,-31.356000900268555,30.507246017456055,15.301562309265137,16.15155792236328,-9.75246524810791,14.102599143981934,0.23362378776073456,10.552807807922363,-5.480290412902832,8.331923484802246,-5.9420857429504395,7.683908939361572,-7.455427646636963,8.134559631347656,5.000753879547119,6.398144245147705,-7.303251266479492,6.94354248046875,-1.5576063394546509,6.491498947143555,-6.958615779876709,6.453887939453125,2325.5134622423134,734.0805611183528
2_375,-263.5098876953125,42.81733322143555,108.61048889160156,34.62063980102539,-29.816604614257812,22.050094604492188,19.226356506347656,16.688364028930664,-21.01604652404785,19.977296829223633,14.276652336120605,12.224637985229492,-16.67670249938965,11.040421485900879,1.5998475551605225,9.545241355895996,-8.016822814941406,10.001978874206543,-9.417037010192871,10.508047103881836,-17.014623641967773,11.6630220413208,1.827151894569397,10.388178825378418,-16.909273147583008,7.093223571777344,2047.2535814942817,834.8521802093826
2_376,-221.9193878173828,90.81925201416016,95.51385498046875,22.110992431640625,-51.30258560180664,23.589040756225586,0.8791689872741699,12.384273529052734,-24.70843505859375,16.87774658203125,-4.058185577392578,10.773530006408691,-14.596627235412598,10.039216995239258,-10.016417503356934,7.445994853973389,-15.586581230163574,11.527542114257812,2.3272664546966553,8.736038208007812,-15.126930236816406,8.929059982299805,-6.147301197052002,7.243748188018799,-9.893952369689941,9.52297306060791,2241.1301158915467,478.10918547258007
2_377,-365.263916015625,73.91800689697266,97.0667953491211,46.802032470703125,-19.29412078857422,28.654512405395508,18.76287841796875,24.3903751373291,-10.911585807800293,22.074565887451172,-9.663612365722656,18.946720123291016,-15.920345306396484,14.201201438903809,-11.470507621765137,11.544902801513672,-10.404947280883789,8.422599792480469,-1.9460468292236328,11.556098937988281,-10.600157737731934,8.095070838928223,2.8404529094696045,10.936436653137207,-7.4185357093811035,7.774949073791504,2199.764672630351,1038.338486846386
2_378,-20.529376983642578,72.57982635498047,103.38665771484375,51.74728012084961,-45.39577865600586,27.08578109741211,-2.42325758934021,21.1457462310791,-16.411075592041016,15.005706787109375,-5.425802707672119,8.702615737915039,-17.14238929748535,11.829803466796875,-7.968172550201416,11.318138122558594,-14.48642349243164,8.688401222229004,1.0063163042068481,9.91959285736084,-10.184850692749023,11.237844467163086,-3.6992239952087402,8.744361877441406,-12.81110954284668,7.623749732971191,2160.312173635155,1076.6359993342192
2_38,-249.3269500732422,34.39692687988281,101.68602752685547,27.371416091918945,-52.00368118286133,26.600717544555664,31.83163070678711,19.164400100708008,-12.575691223144531,17.565940856933594,-3.931262254714966,17.744701385498047,-23.91252326965332,12.989543914794922,1.0447883605957031,10.477287292480469,-21.70212745666504,8.1229248046875,5.394369125366211,8.828718185424805,-2.2966315746307373,11.93019962310791,4.314208984375,8.492527961730957,-4.689986228942871,7.264368057250977,2116.2029093781985,560.7437840243833
2_380,-245.72035217285156,119.41312408447266,79.11096954345703,36.70310974121094,-24.266162872314453,34.970455169677734,8.719701766967773,20.44747543334961,-13.130157470703125,16.894742965698242,6.236512660980225,13.487013816833496,-6.765137672424316,15.548174858093262,1.9473302364349365,11.543164253234863,-5.993300437927246,12.322051048278809,6.447921276092529,9.60793685913086,-1.5630316734313965,10.864927291870117,2.3005471229553223,10.790555953979492,-3.489137649536133,8.76109504699707,2618.849319956143,861.2354230297568
2_381,-129.8885040283203,29.0588321685791,113.76422882080078,8.224759101867676,-33.654083251953125,10.350549697875977,6.574018478393555,8.125778198242188,-19.51338768005371,11.181474685668945,-11.57207202911377,12.520626068115234,-20.447439193725586,7.087631702423096,-0.1350497007369995,10.568286895751953,-13.345723152160645,7.246674060821533,1.2115966081619263,9.452681541442871,-1.8547039031982422,8.033926010131836,-8.806260108947754,4.995509624481201,-10.475948333740234,6.179651737213135,1934.2351702711344,180.0973425642917
2_385,-285.36932373046875,33.60308837890625,85.00396728515625,34.810604095458984,-29.0924015045166,29.726539611816406,27.251314163208008,23.2744140625,-19.833086013793945,11.281929969787598,-2.9855782985687256,10.583260536193848,-2.371204376220703,13.36976146697998,-4.684228420257568,7.840963840484619,-6.472158432006836,9.227973937988281,8.764416694641113,11.645600318908691,-7.360926628112793,8.69648551940918,-1.2637028694152832,5.796901226043701,-11.131569862365723,8.60881233215332,2522.3187026683167,863.2701273690792
2_387,-291.2794189453125,69.4062271118164,102.14224243164062,56.16200256347656,-28.91815757751465,34.26983642578125,15.81348705291748,20.337635040283203,-7.4835405349731445,20.76197052001953,-8.891739845275879,15.834501266479492,-4.2026848793029785,10.653509140014648,-12.091333389282227,10.127334594726562,-11.691632270812988,11.706653594970703,5.5093865394592285,8.532198905944824,-12.020258903503418,9.824636459350586,5.902831554412842,9.524324417114258,-13.128927230834961,7.1274285316467285,2369.6440730592144,1232.4273331372121
2_388,-192.219482421875,40.249786376953125,84.46326446533203,26.282432556152344,-21.289859771728516,23.677427291870117,10.654709815979004,15.387685775756836,-9.467976570129395,12.12977123260498,-1.8654173612594604,9.04192066192627,-2.9039483070373535,8.12300968170166,-5.535716533660889,8.609330177307129,-8.64996337890625,7.338441371917725,1.3465601205825806,7.923472881317139,-2.3130414485931396,7.816400527954102,-9.465494155883789,7.448123455047607,-3.9516289234161377,7.437169551849365,2560.8021606433604,590.3787463358528
2_389,-169.2616424560547,82.67802429199219,109.50343322753906,32.603858947753906,-28.135835647583008,31.604341506958008,13.771465301513672,12.58384895324707,-14.455134391784668,14.199172973632812,7.189283847808838,9.211844444274902,-1.992910385131836,8.55646800994873,-1.2269307374954224,7.9287004470825195,-2.5970089435577393,7.760044097900391,11.553213119506836,6.605327606201172,-1.9563944339752197,7.832769870758057,-0.23558171093463898,5.952352046966553,-7.687655448913574,6.774794101715088,2174.872223116427,856.5720161413589
2_39,-192.81773376464844,70.69309997558594,98.88214111328125,33.26388931274414,-22.460723876953125,22.427227020263672,13.036652565002441,15.578267097473145,-12.128832817077637,14.522571563720703,0.3902066946029663,11.504255294799805,-3.7127065658569336,10.017740249633789,-2.4847137928009033,8.826313018798828,-7.391064643859863,7.160011291503906,13.523597717285156,10.203227043151855,-5.422538757324219,8.35628890991211,-1.7268167734146118,8.510764122009277,-7.575622081756592,7.388087272644043,2350.2430859581655,879.0561859136398
2_390,-3.866041660308838,84.90989685058594,110.05538940429688,45.5235710144043,-40.45311737060547,24.957813262939453,4.002319812774658,20.044567108154297,-15.657109260559082,16.0524845123291,0.8510771989822388,11.07472038269043,-13.634917259216309,9.703181266784668,-7.777227401733398,9.6807222366333,-11.780941009521484,8.934043884277344,-0.540764331817627,11.341275215148926,-4.636626720428467,8.9425687789917,-1.3285417556762695,8.227609634399414,-7.504361629486084,7.405365943908691,2034.129554405244,884.6128461118601
2_392,-166.3756866455078,64.97224426269531,114.48001098632812,41.60688018798828,-11.180292129516602,26.02129554748535,42.37067413330078,20.54591941833496,5.181063652038574,14.202585220336914,8.769399642944336,14.132442474365234,-7.728025913238525,13.339805603027344,9.260292053222656,11.535103797912598,0.6520695686340332,10.169236183166504,8.915555000305176,9.748756408691406,-1.0925462245941162,8.910557746887207,3.7329835891723633,10.462423324584961,-1.3562684059143066,8.050790786743164,1852.5366533227239,773.5371173798833
2_393,-318.13287353515625,94.51929473876953,51.57051467895508,41.550537109375,-20.142602920532227,31.93332862854004,58.465755462646484,21.405338287353516,-10.961703300476074,15.088869094848633,12.398676872253418,17.13719940185547,-13.865757942199707,10.327107429504395,0.7980307340621948,6.674689769744873,-4.79978609085083,10.061532974243164,0.13386596739292145,14.663187026977539,-15.482853889465332,12.109186172485352,1.2101131677627563,5.111845016479492,-7.136975288391113,6.047365188598633,3105.5293151599144,942.3681143597901
2_397,-419.89312744140625,76.99051666259766,104.73206329345703,46.60959243774414,-2.6671488285064697,20.824302673339844,21.405406951904297,10.014351844787598,-22.887632369995117,25.991676330566406,-0.5839480757713318,8.169200897216797,-12.6045503616333,7.342945098876953,-9.972436904907227,8.903542518615723,-5.669379234313965,10.248331069946289,-13.803751945495605,15.357114791870117,-21.2054500579834,9.823212623596191,0.11527480185031891,10.391010284423828,-14.298114776611328,8.387409210205078,1943.0637479427005,1220.8479985681759
2_398,-0.17613892257213593,54.03889083862305,105.86726379394531,37.06968688964844,-42.060890197753906,26.30286407470703,16.602890014648438,22.49782371520996,-12.423908233642578,15.705056190490723,-0.08295425772666931,9.556886672973633,-16.26146697998047,9.999900817871094,-6.617954730987549,10.437692642211914,-11.297004699707031,8.340803146362305,1.2163833379745483,9.95376968383789,-8.560548782348633,10.254838943481445,-3.349184989929199,6.9998459815979,-9.844547271728516,6.644228458404541,2114.9413086005466,679.3171817997362
2_400,-355.0755615234375,81.61982727050781,99.7186050415039,50.71958541870117,-30.101701736450195,27.79768180847168,28.613447189331055,19.603723526000977,-6.3827972412109375,18.52349853515625,3.1605827808380127,15.482565879821777,-11.453289985656738,11.6265230178833,-7.956638336181641,12.00927734375,-12.164779663085938,11.121068000793457,1.6447792053222656,10.339520454406738,-10.769230842590332,9.69555950164795,3.1085410118103027,10.254114151000977,-2.994438409805298,8.095511436462402,2257.559758389241,1003.9077568654982
2_405,-168.0932159423828,39.873104095458984,107.46559143066406,50.211753845214844,-30.368520736694336,27.942235946655273,22.998201370239258,20.761032104492188,-17.894269943237305,14.883049011230469,14.848650932312012,11.873871803283691,-18.431352615356445,11.115190505981445,-4.904637336730957,9.9185791015625,-12.233322143554688,9.260120391845703,-1.5928748846054077,6.888076305389404,-14.658843994140625,8.713312149047852,-1.4094114303588867,8.589603424072266,-4.550053596496582,6.164028644561768,2138.0241049119995,1056.3750731649377
2_406,-381.02716064453125,97.05924224853516,107.04359436035156,45.68825149536133,-12.627862930297852,22.34487533569336,21.094079971313477,14.934196472167969,-21.643375396728516,24.522357940673828,-3.4955525398254395,11.424301147460938,-11.898637771606445,10.283040046691895,-5.750443935394287,11.275362014770508,-11.028983116149902,10.593917846679688,-7.529919624328613,10.63189697265625,-14.326476097106934,13.691863059997559,-2.320749044418335,7.400447368621826,-5.15696382522583,8.453696250915527,2114.6685347399152,1051.305270215556
2_407,-214.4999237060547,49.626007080078125,94.1213150024414,22.5604190826416,-37.87747573852539,21.287328720092773,36.11641311645508,18.72666358947754,-19.333559036254883,16.65810203552246,-4.024204254150391,11.28396987915039,-18.68977165222168,13.47552490234375,-6.747586727142334,8.019039154052734,-1.0899041891098022,8.102692604064941,5.885284900665283,6.8278326988220215,-1.2415680885314941,9.759586334228516,5.5400614738464355,8.920300483703613,-6.545865058898926,7.388022422790527,2198.416524344026,349.9385286470604
2_408,-331.2796325683594,103.54196166992188,100.06669616699219,44.06574630737305,-17.144807815551758,32.8740234375,23.871788024902344,20.735244750976562,-4.9268269538879395,17.5308895111084,2.308340549468994,14.564530372619629,-13.22878646850586,14.063143730163574,-4.248575210571289,11.246023178100586,-6.553805828094482,11.80837631225586,4.0032639503479,10.946277618408203,-8.232616424560547,10.775811195373535,2.816999912261963,9.452609062194824,-5.610346794128418,8.781599998474121,2107.9065881959114,941.7424067275763
2_409,-236.37359619140625,52.29631423950195,109.56389617919922,18.844743728637695,-30.778926849365234,25.98135757446289,10.06322193145752,12.205085754394531,-15.91295051574707,14.039018630981445,5.815453052520752,7.561252593994141,-10.600031852722168,8.916356086730957,0.11103455722332001,6.96409273147583,-5.576833248138428,8.55123519897461,10.09682846069336,9.081356048583984,-6.661129474639893,6.174159049987793,0.05366581678390503,8.22619342803955,-8.151885032653809,6.817396640777588,2109.6359841777394,450.0503612116288
2_410,-311.51593017578125,102.9832992553711,128.1429901123047,24.436235427856445,-27.442363739013672,39.33340835571289,9.720643997192383,15.482815742492676,-25.15808868408203,19.810733795166016,-14.138256072998047,9.9787015914917,-11.033465385437012,10.918025016784668,-15.675150871276855,9.43659782409668,-15.70712661743164,11.132362365722656,-7.001114845275879,11.255861282348633,-17.85227394104004,8.695393562316895,3.361473560333252,10.563190460205078,-15.165401458740234,7.0098700523376465,1724.893342352084,500.06644528631523
2_413,-294.0660400390625,79.78386688232422,88.52265167236328,47.105613708496094,-52.18265151977539,41.82650375366211,22.594907760620117,25.549039840698242,-13.390815734863281,18.865617752075195,-2.7680230140686035,16.30714225769043,-11.911153793334961,15.344531059265137,1.274121880531311,11.34981632232666,-7.637792587280273,14.167058944702148,5.3227858543396,14.718409538269043,-6.3826117515563965,10.80827522277832,7.11876106262207,6.955581188201904,-8.69730281829834,9.778369903564453,2396.1988158246027,1122.1868584750778
2_415,-320.76495361328125,52.81743621826172,92.60657501220703,41.6059684753418,-20.15486717224121,25.388612747192383,18.70572280883789,18.29865074157715,-12.761417388916016,18.507183074951172,2.373232364654541,13.056098937988281,-23.16000747680664,10.53543758392334,-5.6563029289245605,11.352347373962402,-24.094491958618164,13.0328369140625,-2.8077282905578613,8.889447212219238,-18.263505935668945,11.367279052734375,-5.99763298034668,10.629058837890625,-2.448108673095703,10.130840301513672,2333.0696730810923,1139.223707846847
2_416,-216.48297119140625,98.62307739257812,96.81621551513672,41.8291130065918,-14.08193302154541,29.870922088623047,25.305522918701172,22.641530990600586,-0.16515520215034485,24.64679527282715,-3.102585554122925,14.737911224365234,-9.162053108215332,13.766166687011719,-3.8784115314483643,13.903546333312988,-13.019150733947754,13.415264129638672,2.314399480819702,12.463372230529785,-14.03041934967041,10.573775291442871,-5.517549991607666,6.110316753387451,-6.204065322875977,9.545138359069824,2105.2115172483673,884.4670217752405
2_419,-226.82485961914062,31.645584106445312,111.83650207519531,18.570106506347656,-37.54161071777344,11.417341232299805,19.926164627075195,9.140612602233887,-13.148848533630371,8.463611602783203,2.5715761184692383,10.76085090637207,-5.268308639526367,7.074085235595703,-3.3706142902374268,7.728597640991211,-11.57673454284668,7.511107921600342,9.322339057922363,6.062709331512451,-3.2228012084960938,6.765854358673096,-8.283799171447754,5.444336414337158,-14.76990032196045,3.9909064769744873,2012.7601466658746,389.7941133817997
2_42,-415.475830078125,73.31004333496094,102.42932891845703,51.67080307006836,-4.355261325836182,19.330833435058594,37.712703704833984,22.59819793701172,-4.801578998565674,18.29694175720215,3.242739200592041,12.052995681762695,-0.4196065664291382,11.145584106445312,2.6552579402923584,9.92151927947998,-7.3879828453063965,12.225260734558105,1.8646035194396973,9.108467102050781,-14.321523666381836,7.608036518096924,3.1813461780548096,7.801026344299316,-11.35359001159668,8.260616302490234,2087.7729188768712,1017.4070826060446
2_420,-189.6604766845703,90.52962493896484,101.7188491821289,33.66099548339844,-55.27323913574219,21.424081802368164,10.429411888122559,17.618526458740234,-20.82732391357422,15.017672538757324,-4.017414569854736,9.569323539733887,-7.259491443634033,8.627218246459961,-12.060969352722168,9.244637489318848,-10.253802299499512,7.695051670074463,4.209698677062988,6.894951343536377,-12.112833023071289,11.215788841247559,-7.975090026855469,6.52943754196167,-10.944329261779785,7.320842742919922,2179.2318403653,622.5032165547701
2_421,-216.8355255126953,66.4787368774414,114.7674560546875,37.072444915771484,-43.49309539794922,30.40723991394043,23.622156143188477,23.096364974975586,-12.63312816619873,19.465635299682617,10.762659072875977,14.490071296691895,-11.054664611816406,11.296073913574219,-15.542024612426758,11.649709701538086,-21.88812828063965,12.597018241882324,6.301971435546875,9.903936386108398,-9.679544448852539,9.15131664276123,5.302615165710449,10.374870300292969,-7.288290500640869,8.549964904785156,1916.866081217875,744.6951467460212
2_422,-256.2940368652344,59.1503791809082,106.89852142333984,24.775611877441406,-28.189760208129883,17.98812484741211,17.52422523498535,17.350807189941406,-13.8878173828125,15.115460395812988,0.3418167233467102,7.593100547790527,-9.317939758300781,8.210923194885254,-0.17586016654968262,7.3449273109436035,-3.4679055213928223,7.414122104644775,12.514533996582031,6.1121978759765625,-3.650484800338745,7.697686195373535,4.070498943328857,5.479571342468262,1.1694531440734863,7.0576910972595215,2172.0007647865505,475.2924533668206
2_423,-265.9838562011719,80.33960723876953,104.1101303100586,32.77234649658203,-44.13824462890625,33.65966033935547,16.967458724975586,18.12067222595215,-22.52664566040039,12.285639762878418,-4.699678897857666,13.607012748718262,-14.439027786254883,10.896903038024902,0.8870269060134888,13.46314525604248,-4.535499572753906,10.402382850646973,9.749910354614258,9.305724143981934,-12.708048820495605,9.645027160644531,0.3510180413722992,8.636821746826172,-10.358867645263672,7.4606709480285645,2116.410312807796,689.8259129408578
2_425,-357.1443786621094,58.86456298828125,107.9347152709961,37.91910171508789,-13.961377143859863,38.4793815612793,18.99587059020996,19.97474479675293,-3.879265308380127,12.085443496704102,-7.912482738494873,20.591588973999023,-12.02811336517334,11.109238624572754,1.1611158847808838,9.27287769317627,-9.171358108520508,11.014630317687988,-3.908489465713501,10.167808532714844,-6.566194534301758,10.64179801940918,-0.39858126640319824,5.833718776702881,-17.383159637451172,8.27498722076416,2202.2079155005863,1113.8411645655585
2_426,-279.50396728515625,100.91291809082031,101.67618560791016,25.599538803100586,-41.168827056884766,28.370756149291992,11.11316967010498,18.935771942138672,-11.574556350708008,23.088199615478516,-6.329636573791504,18.25078582763672,-13.61829948425293,14.544777870178223,-1.8089569807052612,16.49846649169922,-10.076778411865234,12.062650680541992,1.8024938106536865,8.100371360778809,-9.644747734069824,10.028908729553223,0.6618029475212097,7.7083635330200195,-4.192998886108398,8.727029800415039,2077.9224792403884,432.05948829980315
2_427,-300.0343322753906,112.46075439453125,70.3665542602539,31.303424835205078,-47.93046951293945,39.153717041015625,15.449932098388672,28.473037719726562,-29.25574493408203,26.35349464416504,-8.673738479614258,16.062055587768555,-8.218881607055664,13.834456443786621,-17.588361740112305,13.594058990478516,-16.75102424621582,11.700631141662598,3.5166263580322266,12.266602516174316,-6.695335865020752,21.034046173095703,0.10384899377822876,18.031099319458008,4.888200283050537,16.993820190429688,2503.0396658660748,876.1631956636019
2_428,-257.7239990234375,74.27921295166016,96.00190734863281,30.08466339111328,-39.74559020996094,31.701759338378906,12.239973068237305,18.494064331054688,-18.605714797973633,17.435121536254883,-1.56321382522583,13.113429069519043,-12.05227279663086,10.899755477905273,-11.99738883972168,8.711075782775879,-11.957332611083984,8.163019180297852,4.697964191436768,7.68008279800415,-7.309437274932861,10.098529815673828,-0.5641062259674072,9.33635425567627,-6.712936878204346,8.648277282714844,2137.04923863061,724.1579114515005
2_429,-208.57025146484375,33.16633605957031,108.10889434814453,14.141057014465332,-42.002559661865234,18.72416877746582,7.829472064971924,13.381260871887207,-6.553844451904297,11.387317657470703,-7.202083587646484,13.356432914733887,-5.259079933166504,8.437355995178223,-0.7937600612640381,8.357175827026367,-1.0080448389053345,9.091752052307129,6.711287021636963,7.331783294677734,-10.13902759552002,7.123866081237793,1.0087686777114868,7.213347434997559,-1.5895277261734009,7.932804107666016,2158.5002927967307,423.86768488202205
2_43,-313.6300964355469,90.72836303710938,100.10887908935547,45.835758209228516,-19.563032150268555,27.36677360534668,23.52820587158203,22.855257034301758,-7.082600116729736,19.78093910217285,3.5360147953033447,16.75751495361328,-8.888442993164062,12.39726448059082,-1.1238877773284912,12.817831993103027,-4.296645641326904,11.667311668395996,1.2137147188186646,10.3056001663208,-10.217484474182129,11.348295211791992,-3.354041337966919,9.552779197692871,-6.721683502197266,8.779072761535645,2129.4192618471093,902.1295239629211
2_430,-139.8717803955078,76.58487701416016,118.4245834350586,27.315330505371094,-25.502397537231445,31.870506286621094,31.533761978149414,18.709915161132812,-8.112316131591797,15.326386451721191,13.815557479858398,10.165817260742188,-6.194787502288818,12.338489532470703,9.470598220825195,12.208542823791504,-2.0300991535186768,11.050935745239258,9.303804397583008,8.999832153320312,-3.179382085800171,9.445591926574707,1.101124882698059,7.812928199768066,-2.764089345932007,9.41317367553711,1810.52152475937,584.6880312841547
2_431,-300.60101318359375,61.89763259887695,130.2674102783203,36.208858489990234,-6.391629219055176,27.143430709838867,27.514583587646484,24.788734436035156,10.863605499267578,26.568347930908203,-3.8854658603668213,16.5001163482666,-11.231104850769043,15.806424140930176,-3.7389931678771973,11.888439178466797,-4.324665546417236,13.704625129699707,5.725112438201904,11.194897651672363,-5.981682300567627,11.764809608459473,-1.4883476495742798,8.871612548828125,-6.155935287475586,8.20334529876709,1636.0087511636675,719.7595538808223
2_433,-205.57330322265625,85.81758880615234,83.1925048828125,41.300498962402344,-23.424312591552734,33.809410095214844,22.4034366607666,22.26004981994629,-8.784268379211426,16.76773452758789,-0.19708135724067688,13.016266822814941,-13.690888404846191,10.241063117980957,-17.4580078125,11.379218101501465,-7.004819869995117,9.371524810791016,5.753024101257324,8.048282623291016,-7.643568515777588,6.4180707931518555,1.4387736320495605,11.34881591796875,-9.554586410522461,5.662447452545166,2471.8139894133205,964.9734647193317
2_434,-135.19346618652344,58.45401382446289,122.52873229980469,24.355300903320312,-34.55417251586914,20.908843994140625,30.706411361694336,16.48114776611328,-0.05830267444252968,15.722016334533691,7.236271858215332,11.835665702819824,-6.942671775817871,14.066206932067871,9.890082359313965,11.359665870666504,-2.7633230686187744,9.621282577514648,13.814071655273438,11.009709358215332,-3.3192851543426514,11.998810768127441,4.81383752822876,10.629783630371094,-3.3087310791015625,8.278149604797363,1811.1511245612012,406.9226276209192
2_435,-356.9355773925781,73.68658447265625,95.03800964355469,42.88799285888672,10.346028327941895,19.09778594970703,30.804889678955078,16.518251419067383,-11.493539810180664,14.44316291809082,4.702649116516113,11.48180866241455,-11.632771492004395,11.475309371948242,-2.00527024269104,9.459967613220215,-6.053991317749023,7.502091884613037,1.0478980541229248,10.858092308044434,-6.025448799133301,8.921553611755371,3.8435025215148926,7.419112205505371,-9.733121871948242,10.382634162902832,2323.5742370711964,938.2837254562622
2_437,-299.9962463378906,62.664119720458984,116.16728973388672,50.92163848876953,-15.412833213806152,28.25324058532715,38.47452163696289,30.23662567138672,-14.166600227355957,20.225265502929688,1.3748292922973633,11.904836654663086,-13.125527381896973,14.211254119873047,-5.7708516120910645,11.056626319885254,-16.396167755126953,13.984593391418457,3.884333610534668,8.619468688964844,-8.026098251342773,14.752030372619629,0.8452091217041016,7.031774520874023,-7.111076831817627,10.451626777648926,1915.8109785028275,872.473082712907
2_438,-235.58975219726562,87.07879638671875,101.7276840209961,31.686641693115234,-41.709991455078125,23.264291763305664,11.198771476745605,17.15480613708496,-10.515724182128906,13.824285507202148,-2.3565995693206787,9.953314781188965,-8.55099868774414,10.055364608764648,-8.786980628967285,9.249292373657227,-9.36155891418457,11.678518295288086,9.882339477539062,9.879141807556152,-4.499001979827881,8.308577537536621,-1.5336400270462036,10.073659896850586,-3.1864304542541504,8.134757041931152,2182.4067274308736,565.7068306552395
2_439,-191.7733917236328,50.486785888671875,83.72433471679688,45.58576583862305,-37.42932891845703,33.754676818847656,11.461963653564453,24.381980895996094,-13.68323040008545,17.812400817871094,3.111605167388916,15.424312591552734,-9.847023963928223,15.414525985717773,-7.497503757476807,11.237465858459473,-12.993610382080078,10.376055717468262,2.593993663787842,10.201817512512207,-13.41752815246582,10.809842109680176,1.8133209943771362,12.973756790161133,-2.792196273803711,11.371834754943848,2497.696383858484,1222.8688870368753
2_44,-257.4088134765625,78.05269622802734,131.98892211914062,45.37470626831055,-38.01116943359375,28.492069244384766,15.052749633789062,15.821429252624512,-15.765054702758789,22.251970291137695,-11.878586769104004,22.125442504882812,-9.19039249420166,12.929201126098633,-0.6109984517097473,15.150045394897461,-17.757047653198242,8.968622207641602,4.05426549911499,12.47021198272705,-4.929383277893066,12.620054244995117,-0.29476842284202576,9.087815284729004,1.2009329795837402,12.025575637817383,1804.5078980562894,856.9622395164988
2_440,-306.8008728027344,87.5832748413086,95.74842071533203,32.07634735107422,-50.251129150390625,35.84541702270508,6.098931312561035,18.25857162475586,-22.33304214477539,18.79875373840332,-4.083713531494141,14.594636917114258,-9.787790298461914,14.816572189331055,-3.7291953563690186,8.500643730163574,-11.444063186645508,10.313664436340332,5.118344783782959,8.763650894165039,-10.695915222167969,10.132774353027344,-0.3573557436466217,8.133218765258789,-7.769488334655762,8.718401908874512,2318.76841844074,909.8238105583708
2_441,-272.7472229003906,47.59804153442383,110.09744262695312,36.558563232421875,-25.59868621826172,27.64982032775879,21.14728355407715,13.282365798950195,-19.271263122558594,13.268267631530762,4.9132490158081055,12.880742073059082,-16.7028751373291,8.96500301361084,-16.445568084716797,9.308558464050293,-15.21959400177002,8.020952224731445,-3.71463942527771,9.982571601867676,-13.094429016113281,6.4223432540893555,-3.648442029953003,7.383321762084961,-14.946389198303223,6.317785739898682,1978.3074825706917,861.5703874538792
2_442,-8.841547966003418,52.178226470947266,87.10198211669922,40.44728088378906,-34.71712112426758,33.89885330200195,10.575661659240723,17.492002487182617,-4.44810676574707,17.82813262939453,-3.2891950607299805,10.456826210021973,-20.40333366394043,11.620880126953125,0.20729658007621765,9.859652519226074,-15.146858215332031,9.265575408935547,0.8480711579322815,8.433084487915039,-10.141491889953613,8.918050765991211,-3.8543121814727783,7.530553817749023,-7.005982398986816,7.65760612487793,2531.1845994412865,1005.3384519292207
2_443,-195.65554809570312,79.55765533447266,103.52587890625,40.514556884765625,-39.199459075927734,29.311702728271484,7.687155723571777,21.32497787475586,-23.914352416992188,16.696651458740234,-2.679969072341919,9.798823356628418,-15.039745330810547,12.900422096252441,-8.294524192810059,9.071008682250977,-8.009176254272461,10.220940589904785,4.484704494476318,7.988879680633545,-11.000568389892578,9.073525428771973,-4.37432336807251,7.574444770812988,-6.577554702758789,7.175868988037109,2148.870820303402,856.4835783928971
2_444,-286.3907165527344,39.80620193481445,70.04203033447266,48.95811462402344,-18.37386703491211,32.90346145629883,30.479978561401367,21.52981185913086,-14.55342960357666,17.29523277282715,9.136406898498535,20.877426147460938,-7.460129261016846,12.483152389526367,7.563816547393799,9.684407234191895,-17.36393165588379,10.372603416442871,2.394904851913452,11.28282356262207,-21.559307098388672,7.3384480476379395,-6.820969104766846,10.327852249145508,-18.261734008789062,8.683212280273438,2663.738365822777,1328.0243465397123
2_445,-281.1002197265625,79.87824249267578,112.73424530029297,22.880203247070312,-21.01502227783203,26.212007522583008,8.56182861328125,9.68200397491455,-3.062605381011963,10.37336540222168,-7.129552841186523,14.31530475616455,-4.212448596954346,13.934931755065918,14.315886497497559,7.442074775695801,3.158190965652466,14.638185501098633,5.0902419090271,7.175440788269043,-5.601975917816162,10.157106399536133,6.550531387329102,4.102550983428955,-4.912574768066406,6.296196937561035,1999.5749084426488,470.7168777523651
2_446,-263.5139465332031,47.49875259399414,124.76454162597656,36.45289993286133,-16.510040283203125,21.70942497253418,28.843585968017578,20.082256317138672,-11.220269203186035,15.933320999145508,10.420797348022461,13.775213241577148,-9.64893913269043,9.943366050720215,1.2167669534683228,9.44642162322998,-9.507938385009766,10.891807556152344,0.9646691679954529,10.649439811706543,-6.325221061706543,8.822286605834961,2.603093385696411,8.214159965515137,-3.5527455806732178,6.994080543518066,1781.7710835013177,663.3282089157523
2_447,-323.7901611328125,91.16541290283203,134.1587371826172,35.47983932495117,-17.456100463867188,34.84177017211914,20.13878631591797,21.405054092407227,-17.959774017333984,17.026657104492188,-1.2207952737808228,11.373422622680664,-8.397290229797363,10.954583168029785,-7.659792423248291,10.600640296936035,-5.630852222442627,9.742748260498047,0.8831681609153748,9.234046936035156,-10.449649810791016,8.595451354980469,1.1445378065109253,11.459609985351562,-11.330395698547363,8.202004432678223,1638.1666688273415,716.1045899017969
2_448,-192.69448852539062,91.4150619506836,104.0357437133789,32.37053680419922,-26.7642822265625,27.176862716674805,-5.02916955947876,14.85940933227539,-25.538986206054688,19.457664489746094,4.624547004699707,11.920989036560059,-3.696293592453003,13.503070831298828,-0.2111758589744568,9.357117652893066,-11.979016304016113,9.932182312011719,6.488622665405273,6.162765979766846,-6.447901725769043,8.811427116394043,-0.5195384621620178,7.95469856262207,-5.00421142578125,9.94235897064209,2240.985988909907,875.9617901439228
2_449,-127.13430786132812,46.51830291748047,102.94143676757812,31.711931228637695,-44.8782958984375,22.11039924621582,9.6801118850708,15.056628227233887,-15.661946296691895,15.695549964904785,1.2320860624313354,9.927241325378418,-2.532179832458496,10.260674476623535,-4.793447971343994,6.539979934692383,-7.211827754974365,7.285162925720215,12.09600830078125,7.177577495574951,-7.08303165435791,6.878622055053711,-2.0385217666625977,6.061700344085693,-4.401703834533691,5.732119560241699,2219.3082089083077,715.5839570834703
2_45,-27.267276763916016,65.66776275634766,136.3610382080078,45.998756408691406,-45.60856246948242,31.903413772583008,0.9107281565666199,15.49671745300293,-25.661479949951172,15.547941207885742,1.900622010231018,10.280106544494629,-18.904775619506836,9.615190505981445,-7.110351085662842,10.216745376586914,-14.545831680297852,8.72113037109375,-7.361949443817139,9.790517807006836,-7.86588191986084,9.191940307617188,-3.4614150524139404,8.271038055419922,-8.64913272857666,7.063552379608154,1745.4451133010964,898.2255869234032
2_450,-208.09690856933594,95.8596420288086,96.73680114746094,48.234989166259766,-16.088979721069336,36.287193298339844,21.18175506591797,21.824975967407227,-9.630399703979492,20.151592254638672,1.8837348222732544,15.894515037536621,-9.479276657104492,12.108610153198242,-0.3981989920139313,10.983927726745605,-6.886778831481934,11.630167007446289,2.4148173332214355,11.047392845153809,-8.932519912719727,11.075736045837402,0.0718463733792305,9.688928604125977,-4.065250396728516,9.198745727539062,2236.794086456668,1003.0523317503435
2_454,-449.1040954589844,81.00464630126953,60.31865692138672,48.69020080566406,4.998566150665283,27.021028518676758,16.919164657592773,16.92555809020996,-5.569768905639648,15.062291145324707,2.917436122894287,15.185367584228516,-3.243889808654785,12.674139976501465,11.192808151245117,10.3685941696167,-4.6635026931762695,8.795539855957031,2.5029892921447754,8.608136177062988,2.1642298698425293,7.4123101234436035,1.099104881286621,7.2693281173706055,-2.7119338512420654,7.138862609863281,3353.0127186523696,1398.0648597826334
2_456,-219.0737762451172,83.51264953613281,114.11157989501953,32.62673568725586,-32.905582427978516,28.45707130432129,27.600528717041016,21.24598503112793,-11.206029891967773,24.011962890625,10.439852714538574,15.898364067077637,-15.405444145202637,11.224034309387207,-8.397844314575195,13.239952087402344,-11.035751342773438,8.49210262298584,8.043672561645508,8.582490921020508,-11.447702407836914,10.099989891052246,0.7681590914726257,7.007938385009766,-7.222408771514893,7.444975852966309,2003.123938050629,591.8559075436062
2_457,-169.25436401367188,62.20096969604492,118.91673278808594,36.754150390625,-21.550518035888672,28.812763214111328,33.857479095458984,19.39126205444336,-8.842156410217285,18.870756149291992,7.300069332122803,14.388741493225098,-6.598715782165527,15.004368782043457,4.671322345733643,10.438709259033203,-8.240859031677246,13.116349220275879,9.995573043823242,11.33357048034668,-5.152679443359375,11.0283842086792,1.167419672012329,10.117193222045898,-1.1310490369796753,9.684266090393066,1854.6748552776253,671.3732366075528
2_458,-275.0036315917969,50.690765380859375,107.4113540649414,25.357440948486328,-12.665314674377441,28.867143630981445,39.6867790222168,14.915663719177246,-12.337081909179688,8.060876846313477,-0.023299159482121468,13.592595100402832,-17.562124252319336,13.395065307617188,3.763381242752075,8.67796802520752,-5.067878723144531,9.770417213439941,6.876462936401367,9.599325180053711,-4.0574188232421875,8.91666316986084,5.696704864501953,7.647750377655029,-4.769636154174805,10.637796401977539,2077.9468076948956,665.2321839691002
2_461,-183.1420135498047,64.0833740234375,110.41520690917969,35.63166046142578,-41.091392517089844,28.189495086669922,18.864704132080078,19.288249969482422,-24.6564884185791,17.089357376098633,3.516874313354492,8.380784034729004,-7.5041279792785645,9.016303062438965,-5.813954830169678,6.6223273277282715,-10.168819427490234,7.0588154792785645,8.599756240844727,8.59272289276123,-8.1948881149292,8.064740180969238,-1.134678602218628,7.04978084564209,-12.273375511169434,7.05184268951416,2067.412302789035,666.3928412023831
2_462,26.34480857849121,41.77067947387695,90.03317260742188,22.17664909362793,-53.625694274902344,19.46380615234375,6.88408899307251,16.355430603027344,-17.794570922851562,12.888561248779297,0.41259071230888367,10.19839096069336,-14.819846153259277,8.267646789550781,-8.264174461364746,6.7999114990234375,-17.286468505859375,6.2181010246276855,6.8265485763549805,7.797917366027832,-8.81962776184082,9.152506828308105,-3.755711555480957,7.128361701965332,-9.673781394958496,7.3106560707092285,2338.5507790498636,459.3585599793553
2_463,-339.8258361816406,46.864479064941406,107.9769515991211,22.898014068603516,-36.48640823364258,30.880451202392578,25.289459228515625,19.77651023864746,-4.249298572540283,16.21826934814453,-3.653088331222534,15.097433090209961,-7.752832889556885,11.111287117004395,2.260449171066284,7.033018112182617,-10.588543891906738,9.112488746643066,1.56852388381958,9.474711418151855,-5.62681245803833,7.219484806060791,-1.1611831188201904,5.706672668457031,-9.904415130615234,7.05283784866333,2168.6340530902735,543.5004468390032
2_464,-378.4643249511719,65.4017105102539,110.08476257324219,36.10871124267578,-21.81422233581543,19.16796875,9.758064270019531,14.496808052062988,-11.740913391113281,15.516992568969727,-12.58204460144043,13.082275390625,-14.494959831237793,10.701752662658691,-12.618880271911621,10.533440589904785,-7.407325744628906,10.041814804077148,-0.2903320789337158,6.896092414855957,-3.9129562377929688,9.408968925476074,0.7616678476333618,7.4633402824401855,-7.063288688659668,6.2362542152404785,2010.4863033707793,868.1919162933758
2_465,-22.499082565307617,55.3642578125,99.02032470703125,39.185386657714844,-53.66254806518555,22.63433265686035,28.300939559936523,25.74032974243164,-7.824883460998535,19.5983829498291,5.6081671714782715,9.233388900756836,-14.657011985778809,9.020270347595215,-6.506801128387451,9.792336463928223,-11.222396850585938,8.021662712097168,2.5387301445007324,8.69754695892334,-10.179179191589355,7.838536739349365,0.2601134479045868,6.6130900382995605,-7.480600833892822,7.527475833892822,2181.0620929929833,616.8982625025899
2_467,-249.42935180664062,45.755863189697266,101.29755401611328,23.8081111907959,-10.994925498962402,34.26735305786133,27.856266021728516,20.617942810058594,-13.389266967773438,12.068921089172363,0.4205532968044281,12.109329223632812,-7.263920307159424,11.174712181091309,-5.771170139312744,8.309739112854004,3.615203857421875,10.29854965209961,10.7406587600708,8.427826881408691,-6.878137588500977,7.973505020141602,13.125852584838867,9.162461280822754,-9.070347785949707,8.470688819885254,2367.7034827476864,705.3811583390315
2_471,-345.84423828125,94.22573852539062,103.15359497070312,24.12816047668457,-9.214740753173828,21.155786514282227,27.368694305419922,17.359834671020508,2.4153902530670166,12.944062232971191,8.683401107788086,13.720891952514648,7.626838684082031,11.65875244140625,3.2118589878082275,10.271023750305176,-2.851376533508301,6.894669055938721,1.2658342123031616,8.580702781677246,0.23409681022167206,4.791215419769287,-2.8148226737976074,7.355064868927002,-10.950138092041016,10.218755722045898,1888.997239104124,547.4343269168165
2_472,-175.0719757080078,47.07355880737305,112.4489974975586,22.329166412353516,-49.620174407958984,19.295351028442383,5.575778961181641,16.410194396972656,-19.580249786376953,15.47192668914795,0.4160256087779999,9.791598320007324,-14.30273151397705,10.688920974731445,-6.370507717132568,9.001127243041992,-15.638568878173828,8.690879821777344,0.13250179588794708,7.182257175445557,-5.04786491394043,8.660030364990234,-1.8758227825164795,9.2505521774292,-12.69553279876709,7.397669792175293,1960.4761601599591,414.1413006693299
2_473,-339.4922180175781,97.3564453125,110.2422866821289,42.50126647949219,-17.95176124572754,42.356597900390625,20.39492416381836,22.142242431640625,-15.604107856750488,15.34529972076416,8.13000774383545,11.06064510345459,-11.074692726135254,13.638618469238281,-7.792690277099609,14.275887489318848,-14.77319049835205,10.146930694580078,-1.3458060026168823,7.496858596801758,-5.047003746032715,9.413986206054688,-5.821902751922607,7.878461837768555,-4.145397663116455,9.123632431030273,2153.5856221089134,1162.540248058034
2_474,-377.716796875,107.13108825683594,113.89000701904297,15.4467191696167,-22.370325088500977,25.28996467590332,32.10763931274414,29.157024383544922,-13.140544891357422,22.832347869873047,2.2883834838867188,15.062871932983398,-1.1227935552597046,16.465614318847656,-3.9262654781341553,11.624208450317383,-11.747369766235352,12.129192352294922,-0.3021804094314575,10.29885196685791,-14.251474380493164,19.66107940673828,9.034425735473633,8.047619819641113,5.714118003845215,6.793341636657715,1862.2751830935194,250.50444338245742
2_475,-330.7005615234375,59.768951416015625,131.8643798828125,39.27992248535156,-11.751299858093262,24.0389404296875,29.05198097229004,27.12691879272461,-21.257564544677734,19.790990829467773,-11.320535659790039,16.659236907958984,-1.444055199623108,13.153631210327148,-3.5501811504364014,9.541094779968262,-8.718496322631836,11.101397514343262,-5.560388565063477,9.015905380249023,-16.80458641052246,11.067890167236328,-0.5811246037483215,7.5697503089904785,-5.637124061584473,7.084002494812012,1661.6195602879516,746.180050240334
2_477,-356.046630859375,101.16695404052734,70.46760559082031,33.975399017333984,-33.38725662231445,26.62213706970215,15.847966194152832,19.949504852294922,-18.06053352355957,16.319135665893555,-10.362360954284668,11.550545692443848,-12.029423713684082,11.839208602905273,-10.561454772949219,7.842764854431152,-7.243134498596191,8.302389144897461,1.3159563541412354,10.174583435058594,-14.010695457458496,11.47878646850586,-0.5544895529747009,8.891348838806152,-7.992202281951904,6.369820594787598,2596.0140789496577,745.2662778351988
2_478,-165.80935668945312,109.0318832397461,119.36750793457031,27.134441375732422,-52.277183532714844,27.75505256652832,3.5702402591705322,14.898733139038086,-25.917072296142578,15.178239822387695,-4.716211318969727,12.280572891235352,-9.444796562194824,9.576630592346191,-1.9840521812438965,10.910446166992188,-13.132692337036133,8.372354507446289,2.172348976135254,6.1046648025512695,-8.696488380432129,7.288195610046387,-5.571565628051758,6.409144401550293,-9.427473068237305,5.5747599601745605,1868.517373836745,445.3172278530265
2_479,-126.07579803466797,58.50677490234375,169.02244567871094,32.271507263183594,-113.422119140625,39.13162612915039,42.32972717285156,28.968936920166016,-38.65031051635742,21.505592346191406,1.12599778175354,13.562617301940918,7.559863090515137,10.871875762939453,-27.234106063842773,13.111534118652344,16.420507431030273,9.278916358947754,-19.363842010498047,10.448002815246582,-0.31399527192115784,8.381446838378906,-5.57300329208374,7.511032581329346,-18.905046463012695,8.964449882507324,1781.3106952771066,556.5123791204273
2_48,-258.7441101074219,73.89384460449219,88.82836151123047,59.64021682739258,-28.151884078979492,33.7122917175293,12.341506004333496,25.202831268310547,-17.566804885864258,16.828506469726562,2.151125192642212,17.24325180053711,-11.71890640258789,15.735663414001465,3.668776273727417,14.169970512390137,-14.89050579071045,11.302030563354492,3.846312999725342,12.317949295043945,-7.2423415184021,12.082240104675293,1.7853864431381226,9.578410148620605,-4.459908962249756,10.422188758850098,2503.2365577711385,1393.6353804193811
2_481,-328.4196472167969,68.84314727783203,118.00462341308594,27.909772872924805,-17.975751876831055,16.402658462524414,9.615262985229492,10.790681838989258,-16.522216796875,16.599218368530273,-5.610836982727051,11.566556930541992,-18.754154205322266,15.195793151855469,-9.767302513122559,8.236519813537598,-16.661415100097656,10.368315696716309,-6.796077251434326,12.51427936553955,-9.748257637023926,8.380010604858398,-1.1065673828125,11.112411499023438,-8.032447814941406,8.213582038879395,1778.6987293293228,597.9444887839219
2_482,-287.5328063964844,79.16449737548828,67.85839080810547,44.983917236328125,-40.55455017089844,39.61691665649414,11.235222816467285,26.67042350769043,-17.217506408691406,15.049286842346191,-4.650119304656982,15.994531631469727,-7.526381969451904,13.337626457214355,-5.452006816864014,13.681886672973633,-10.947208404541016,10.830888748168945,7.035862922668457,12.509572982788086,-3.201486825942993,11.792418479919434,4.64185905456543,14.592321395874023,2.981292724609375,18.083972930908203,2776.1680608406728,1161.1663553178387
2_484,-226.33859252929688,116.9579849243164,66.18731689453125,30.04092788696289,-52.01375198364258,35.513023376464844,-2.3432350158691406,20.965599060058594,-28.669883728027344,15.038129806518555,-0.7775954604148865,11.697745323181152,-17.644397735595703,10.407514572143555,-13.473251342773438,9.939133644104004,-12.2760591506958,8.452393531799316,4.280963897705078,7.081404685974121,-11.229228973388672,6.341126918792725,-3.585087299346924,6.5223212242126465,-9.968140602111816,6.886703014373779,2719.0191941480025,750.6436162539568
2_485,-231.6291046142578,102.2476806640625,96.46898651123047,37.43110275268555,-15.78380298614502,23.89463996887207,25.27732276916504,24.854249954223633,2.4985735416412354,25.422842025756836,-1.0979150533676147,20.223331451416016,-10.687400817871094,20.316923141479492,3.134343385696411,10.745414733886719,-14.41351318359375,12.550848960876465,6.032175540924072,10.70874309539795,-12.542834281921387,13.056868553161621,-1.8647710084915161,9.479790687561035,-2.0531716346740723,8.883817672729492,2225.3356151795665,764.0308457592636
2_486,-304.66448974609375,64.22369384765625,109.36964416503906,34.21547317504883,-20.780494689941406,34.26952362060547,21.022586822509766,18.179210662841797,-5.852327346801758,13.471942901611328,-5.76582145690918,15.933902740478516,-21.306978225708008,16.103939056396484,7.768914222717285,12.3857421875,-19.57224464416504,11.593220710754395,1.386518955230713,12.872974395751953,-4.166906356811523,7.573642730712891,-8.945719718933105,10.92989730834961,-4.384983539581299,8.487502098083496,2108.730304550123,1068.7426900880696
2_487,-188.7937469482422,74.01296997070312,100.85456085205078,23.844676971435547,-41.28717041015625,23.755840301513672,7.023739814758301,22.360265731811523,-23.762483596801758,15.53174877166748,2.5456159114837646,9.504088401794434,-5.853764057159424,13.633122444152832,-4.0537285804748535,10.05482006072998,-15.045904159545898,9.449518203735352,6.327406883239746,8.226276397705078,-11.429323196411133,8.228140830993652,-0.29986217617988586,8.507997512817383,-8.699524879455566,6.879649639129639,2141.06417661511,467.8879387927887
2_488,-334.11395263671875,129.64292907714844,88.28128814697266,37.52559280395508,-27.3341064453125,40.813228607177734,6.964056968688965,21.28251075744629,-10.41791820526123,19.90007209777832,8.097794532775879,13.038411140441895,-3.388347864151001,14.21276569366455,4.649662494659424,11.330573081970215,-4.657610893249512,13.9658842086792,2.8256382942199707,9.96213150024414,0.8072834014892578,11.300262451171875,2.5499629974365234,11.242966651916504,-3.6365630626678467,9.025761604309082,2418.6962683774223,858.9441140065512
2_489,9.09341049194336,48.62519454956055,73.52722930908203,37.54822540283203,-47.371124267578125,30.637218475341797,8.788336753845215,22.50963020324707,-20.111408233642578,17.097335815429688,4.703271865844727,10.224425315856934,-15.011740684509277,9.403590202331543,-5.006843090057373,9.370776176452637,-14.191614151000977,9.192212104797363,4.432825565338135,9.922592163085938,-6.631202697753906,7.8770575523376465,0.124567911028862,7.018141269683838,-7.67369270324707,6.282271862030029,2640.513971005282,834.7847663674173
2_49,-206.49169921875,121.64665222167969,82.32208251953125,39.23301315307617,-39.17104721069336,30.586610794067383,4.915160655975342,16.236351013183594,-17.360876083374023,18.756038665771484,1.6398234367370605,12.040534973144531,-8.00845718383789,10.69745922088623,-8.83957290649414,6.964221477508545,-7.459786415100098,8.693427085876465,3.804652452468872,10.355491638183594,-6.547815799713135,8.957727432250977,-1.8805159330368042,6.811938285827637,-7.065370082855225,6.726704120635986,2594.8424951219017,879.8073992822713
2_490,-138.3052978515625,61.40310287475586,120.34517669677734,26.081754684448242,-30.921443939208984,28.424278259277344,31.862770080566406,16.348594665527344,-3.676499128341675,21.135066986083984,11.108606338500977,12.66174602508545,2.439945936203003,14.645317077636719,9.440800666809082,9.465519905090332,-4.795303821563721,11.88930892944336,15.261285781860352,9.349871635437012,-0.24667832255363464,9.806699752807617,8.732421875,8.82811450958252,2.9663760662078857,9.639874458312988,1816.3366562598892,500.58409834935236
2_491,-320.03167724609375,82.41353607177734,98.20576477050781,32.32478332519531,-6.430647373199463,27.61861228942871,9.877199172973633,23.264131546020508,-4.779270172119141,19.136079788208008,7.010646343231201,14.998537063598633,-7.162603855133057,12.38810920715332,4.492940902709961,11.8308744430542,-9.161336898803711,12.142054557800293,5.614501953125,10.852598190307617,-2.5777053833007812,8.977859497070312,2.685786724090576,6.425988674163818,-4.86470365524292,7.126766204833984,2344.1136566267874,752.8654135017841
2_492,-26.338218688964844,47.6715202331543,79.02068328857422,46.95936584472656,-20.354633331298828,25.083463668823242,10.285758972167969,18.433334350585938,-14.493538856506348,16.190187454223633,5.183592796325684,12.604507446289062,-13.773744583129883,13.825774192810059,-4.571798324584961,11.687705039978027,-11.290301322937012,9.825711250305176,-2.6584625244140625,8.611449241638184,-9.74985122680664,8.278656005859375,-1.5044244527816772,7.653395652770996,-7.504971504211426,7.388741970062256,2669.785053238106,1269.1207896592994
2_493,-117.32128143310547,66.94632720947266,101.1120376586914,40.85322570800781,-32.60630798339844,30.537492752075195,25.352502822875977,22.61493492126465,-12.493975639343262,21.4744815826416,4.678285598754883,11.867300987243652,-8.173404693603516,11.9966459274292,-8.752443313598633,13.50051498413086,-11.197282791137695,9.563007354736328,9.424965858459473,12.559855461120605,-7.3147687911987305,9.852673530578613,-2.025690793991089,8.658437728881836,-8.178669929504395,8.456046104431152,2198.704532314,861.4289217184069
2_494,-227.2146759033203,85.51161193847656,104.99603271484375,33.41367721557617,-49.984886169433594,25.03639030456543,16.321855545043945,18.978559494018555,-11.277877807617188,19.66069221496582,-8.330238342285156,17.342092514038086,-6.7966203689575195,10.273200035095215,-10.590819358825684,8.187564849853516,-10.076099395751953,10.928258895874023,11.617146492004395,12.683708190917969,-16.683799743652344,10.132525444030762,5.716830253601074,9.013228416442871,-9.506366729736328,7.689537048339844,2178.1335422523775,690.9660481607191
2_495,-295.2738952636719,111.99364471435547,67.05989837646484,39.881072998046875,-26.51474380493164,35.23149490356445,18.981372833251953,21.81686019897461,-10.584393501281738,16.495315551757812,11.103346824645996,15.961724281311035,-1.5790728330612183,10.515291213989258,0.7393914461135864,10.690954208374023,-7.4461822509765625,9.537514686584473,4.536673545837402,7.51364803314209,-3.9021053314208984,7.630507946014404,1.755372166633606,6.762765884399414,-6.100234031677246,8.731500625610352,2925.73600493256,979.6603654120788
2_498,-211.25946044921875,72.56390380859375,81.12757110595703,30.385732650756836,-69.14469909667969,28.010881423950195,1.4157130718231201,15.914052963256836,-30.77839469909668,17.629846572875977,-2.9055192470550537,12.484026908874512,-11.498129844665527,9.568741798400879,-4.7234272956848145,9.541006088256836,-15.202654838562012,8.487405776977539,9.947174072265625,8.567070960998535,-12.457549095153809,7.6318464279174805,2.7716028690338135,7.22786283493042,-12.20619010925293,6.877840995788574,2513.651900929841,752.1816065399811
2_499,-297.1310729980469,77.60001373291016,115.53545379638672,25.690990447998047,-32.28062438964844,19.76786231994629,25.544158935546875,15.436283111572266,-10.196812629699707,14.184998512268066,-8.478726387023926,13.41006851196289,-11.854103088378906,11.395779609680176,-11.041805267333984,8.225595474243164,-4.971081256866455,7.374424934387207,1.5883022546768188,8.394821166992188,-14.402885437011719,8.066107749938965,-5.217557430267334,7.270910739898682,-11.112462997436523,9.138921737670898,1908.133529681421,407.3329138868469
2_50,-193.27906799316406,99.47109985351562,93.70181274414062,28.272409439086914,-42.03329086303711,27.54762077331543,6.654703140258789,14.277857780456543,-23.178871154785156,11.815821647644043,-4.814703941345215,6.858974456787109,-10.071198463439941,9.179878234863281,-13.409626960754395,9.20632553100586,-13.77690601348877,9.508184432983398,1.4147952795028687,6.794990539550781,-9.729369163513184,7.257015228271484,-5.566014766693115,6.415474891662598,-10.384306907653809,6.08896017074585,2376.562500513948,651.6988779847338
2_500,-171.24874877929688,95.18257904052734,91.52021789550781,19.42888641357422,-54.25908660888672,27.554012298583984,2.415010690689087,14.826717376708984,-23.357486724853516,13.454825401306152,1.0809471607208252,10.295369148254395,-5.491048336029053,10.764161109924316,-5.165828227996826,9.205307960510254,-9.494421005249023,11.18887710571289,4.991726875305176,9.893834114074707,-12.82155990600586,10.321855545043945,-6.137262344360352,11.037866592407227,-8.81393814086914,9.559579849243164,2265.415403623315,359.80211692685265
2_502,-26.95677947998047,51.95139694213867,109.1568603515625,36.863712310791016,-50.71780776977539,30.672319412231445,5.630643844604492,22.980363845825195,-16.21685791015625,22.189207077026367,-2.7082364559173584,11.918476104736328,-20.092809677124023,12.79684066772461,-6.414906978607178,9.693817138671875,-17.796205520629883,10.011390686035156,-3.812662363052368,11.68996524810791,-7.579878330230713,9.352614402770996,2.7213222980499268,8.44336986541748,-8.677075386047363,7.634883880615234,1959.8594983370433,663.4445442654447
2_504,-278.85540771484375,39.54869079589844,111.71543884277344,22.222698211669922,-52.11689376831055,21.619590759277344,10.893736839294434,13.676559448242188,-15.36868953704834,14.77084732055664,-6.257439136505127,13.60020923614502,-7.355217933654785,9.89130687713623,-7.919136047363281,9.355301856994629,-10.118674278259277,9.16927719116211,8.471397399902344,9.21927547454834,-8.165704727172852,8.374650001525879,-2.596637010574341,7.022304534912109,-14.017781257629395,7.570352077484131,2013.8408064628265,308.2699902092307
2_505,35.63654708862305,27.299564361572266,99.65487670898438,25.1567440032959,-75.19697570800781,18.04690933227539,-4.465830326080322,15.096492767333984,-28.202045440673828,9.788394927978516,-3.6158790588378906,7.716257572174072,-15.501540184020996,8.855786323547363,-6.742441177368164,6.842896938323975,-13.58350658416748,6.759345531463623,-0.5723999738693237,7.235973834991455,-7.312752723693848,6.446413040161133,-1.7725471258163452,6.943865776062012,-5.160593509674072,5.25640344619751,2116.122603727378,411.1017881403826
2_506,-251.34735107421875,52.312339782714844,84.64662170410156,44.16327667236328,-22.71071434020996,32.28032302856445,11.197689056396484,25.82579803466797,-18.832286834716797,19.12904167175293,-1.4391173124313354,13.72810173034668,-10.20265007019043,13.267004013061523,-5.96300745010376,13.56433391571045,-18.547204971313477,12.62176513671875,-0.7163065671920776,11.687299728393555,-8.905374526977539,10.690598487854004,4.045097827911377,12.844664573669434,-4.647282600402832,13.195942878723145,2559.932086927442,1135.4673194567263
2_507,-136.9349822998047,76.31065368652344,187.66775512695312,32.367881774902344,-99.4977035522461,43.25681686401367,29.188783645629883,35.74123001098633,-17.08647918701172,23.068267822265625,-8.72314167022705,13.286822319030762,0.1831454336643219,11.221117973327637,-26.835641860961914,11.82201099395752,2.296459436416626,11.395100593566895,-11.851557731628418,9.205902099609375,-1.2399169206619263,9.267850875854492,-2.189195394515991,7.773667335510254,-11.589239120483398,9.923149108886719,1455.1999606387928,482.0842099927163
2_508,-210.61187744140625,95.2679443359375,121.92090606689453,26.599205017089844,-69.11882019042969,26.283281326293945,16.545198440551758,24.30060577392578,-25.004135131835938,18.162250518798828,-9.730106353759766,13.398754119873047,-11.905497550964355,12.806924819946289,-14.162971496582031,10.35913372039795,-13.910896301269531,8.26552963256836,1.9822170734405518,7.519814491271973,-12.429819107055664,8.895857810974121,-5.474403381347656,7.095664024353027,-11.478816032409668,6.036077976226807,1844.4523992132392,447.1103594242633
2_509,-216.7053680419922,145.09909057617188,103.1612319946289,24.98390769958496,-68.50274658203125,27.74074935913086,15.567829132080078,32.493812561035156,-23.970014572143555,19.76744270324707,-0.5745050311088562,10.32037353515625,-7.115263938903809,9.2399320602417,-6.741085529327393,10.464289665222168,-9.520777702331543,10.266757011413574,0.957308292388916,8.71212387084961,-12.440519332885742,10.147043228149414,-2.9088640213012695,6.492567539215088,-9.973100662231445,5.827041149139404,2145.194593488754,440.9960098644073
2_51,-376.4469909667969,56.053627014160156,132.7073211669922,34.41905212402344,-33.904624938964844,28.645227432250977,42.91775131225586,22.11855697631836,-1.8917330503463745,17.74333381652832,-9.177702903747559,14.00018310546875,-5.06444787979126,14.584105491638184,-11.285378456115723,11.155413627624512,-7.6402692794799805,12.860713005065918,1.9934771060943604,10.993935585021973,-16.616243362426758,10.2109375,5.7876715660095215,7.651109218597412,-8.200226783752441,8.533203125,1677.6579891323106,586.0985115752957
2_511,-229.9745635986328,94.32501983642578,95.91673278808594,57.65583801269531,-19.049057006835938,31.806846618652344,21.651729583740234,20.627588272094727,-11.571975708007812,20.601531982421875,5.586588382720947,17.06048583984375,-15.1660737991333,13.232466697692871,-4.0353569984436035,13.992219924926758,-11.31248664855957,14.056379318237305,4.671998023986816,10.160656929016113,-13.07949447631836,10.957441329956055,-3.117459535598755,7.8219757080078125,-5.014352798461914,7.375602722167969,2323.824192294621,1164.3275044396
2_512,0.4247737228870392,35.64780044555664,92.47321319580078,30.19900131225586,-40.39741516113281,30.177431106567383,-1.269708514213562,19.515846252441406,-22.311519622802734,10.969328880310059,-4.250478267669678,9.342621803283691,-13.85491943359375,8.418649673461914,-8.873041152954102,8.340279579162598,-15.259968757629395,8.466282844543457,2.87467622756958,8.425878524780273,-9.548949241638184,6.697412014007568,-3.5984256267547607,6.810405731201172,-10.842684745788574,8.991565704345703,2338.918750049112,849.8726887156204
2_514,-255.5177764892578,54.36072540283203,97.7352523803711,32.228126525878906,-22.77779769897461,26.221364974975586,7.662835597991943,11.035822868347168,-35.63972473144531,19.95770263671875,6.021291732788086,14.609200477600098,-17.825382232666016,12.477041244506836,-10.032313346862793,10.502662658691406,-8.220891952514648,10.150199890136719,-7.9671549797058105,14.25101089477539,-10.158295631408691,10.46214771270752,0.3254448473453522,9.004579544067383,-14.294476509094238,8.253684043884277,2087.36362628559,757.1156870517359
2_517,-387.97314453125,85.6038818359375,69.04865264892578,29.482194900512695,-22.200716018676758,40.35054016113281,29.216272354125977,16.004627227783203,-11.234842300415039,5.894371509552002,6.2794342041015625,16.345354080200195,-7.402929306030273,5.2557053565979,-2.9193947315216064,4.210620880126953,-4.877440929412842,5.9828877449035645,2.3768279552459717,4.520630836486816,-2.8594651222229004,8.41776180267334,6.863837718963623,10.063992500305176,-1.5287232398986816,6.663121700286865,3111.631384571134,733.2534224330761
2_518,-160.5238800048828,94.71228790283203,129.88583374023438,37.85398483276367,-41.13975524902344,36.15375900268555,7.175327301025391,17.46099090576172,-34.94759750366211,19.58184242248535,-3.7668631076812744,12.988505363464355,-1.7510799169540405,11.493271827697754,-10.638487815856934,9.253535270690918,-19.056737899780273,11.136189460754395,6.146761417388916,8.15528678894043,-11.600653648376465,8.87449836730957,-7.20550537109375,8.810446739196777,-11.715218544006348,9.529292106628418,1752.5592799203778,744.2075078973093
2_521,-237.712646484375,22.424795150756836,93.52584075927734,14.547801971435547,-77.20741271972656,10.9356050491333,-9.735244750976562,7.4827561378479,-40.12641525268555,4.313292026519775,3.0545437335968018,3.6891591548919678,-1.7083638906478882,5.055300235748291,-18.70599365234375,6.064765930175781,-10.929445266723633,6.28261661529541,2.529514789581299,7.439655780792236,1.9230074882507324,4.558814525604248,12.017325401306152,5.741057872772217,-20.611370086669922,4.457163333892822,2087.1668226535944,144.92662190750784
2_522,-429.56756591796875,89.4750747680664,76.1802749633789,43.91679763793945,-7.126559257507324,18.218000411987305,40.22843551635742,11.934560775756836,-3.1407229900360107,16.280643463134766,13.133127212524414,13.528655052185059,-12.655072212219238,23.241952896118164,19.213010787963867,10.767631530761719,-12.247087478637695,9.556324005126953,2.0972061157226562,5.567192554473877,13.595481872558594,9.815661430358887,-12.751970291137695,6.362957954406738,-5.650052070617676,5.980018615722656,2825.590465278572,1058.5432379192605
2_523,-240.5377960205078,67.60781860351562,93.36109161376953,52.83002853393555,-21.948179244995117,32.59152603149414,15.099021911621094,22.469669342041016,-11.227046966552734,15.379284858703613,3.3168556690216064,15.90833854675293,-11.247879028320312,10.891124725341797,-10.519780158996582,13.684441566467285,-13.523266792297363,12.48798656463623,8.873639106750488,11.157063484191895,-8.3058500289917,11.864713668823242,0.611295759677887,9.953300476074219,-6.158700466156006,7.7277092933654785,2377.6976393447453,1167.2798221593866
2_524,-219.17636108398438,72.10484313964844,119.24639129638672,38.93463134765625,-34.653831481933594,21.582284927368164,19.801544189453125,17.89540672302246,-10.247406005859375,14.520886421203613,4.677125453948975,14.599576950073242,-22.101951599121094,13.880308151245117,-3.191638708114624,10.17799186706543,-9.575718879699707,10.187417984008789,-3.4256932735443115,13.030537605285645,-4.254973411560059,9.016840934753418,-1.7520253658294678,7.427096843719482,-12.81163215637207,9.33686637878418,1954.5307537993006,740.9728827704976
2_525,-229.8106231689453,52.481502532958984,105.63442993164062,26.939136505126953,-16.9284610748291,40.05435562133789,22.491819381713867,23.976511001586914,0.48883703351020813,14.836820602416992,6.611965179443359,14.95810317993164,-7.871734142303467,9.570937156677246,10.333261489868164,9.2708740234375,-10.585140228271484,8.47128963470459,6.594558238983154,12.5894136428833,-8.270795822143555,6.840376377105713,4.531367778778076,8.402280807495117,-8.197840690612793,6.701542377471924,2292.781051566797,928.7308052059662
2_526,-297.8819885253906,69.14207458496094,109.52386474609375,24.511716842651367,-40.22031784057617,18.84109878540039,12.818524360656738,10.073667526245117,-24.032236099243164,9.55786418914795,2.5159623622894287,10.81673812866211,-7.311859130859375,8.326665878295898,-11.714828491210938,8.773701667785645,-12.803618431091309,6.814949989318848,4.3532891273498535,8.218990325927734,-10.096393585205078,7.708106994628906,-6.544046878814697,7.144857883453369,-12.353434562683105,9.323128700256348,2126.5753795654327,603.8169844392243
2_527,-232.52362060546875,71.38713073730469,75.62654876708984,47.76966857910156,-30.467077255249023,34.25130844116211,20.43289566040039,27.829078674316406,-8.125642776489258,18.61287498474121,-8.766966819763184,17.152971267700195,-0.829395055770874,16.73097038269043,-5.282965183258057,11.842693328857422,-8.298829078674316,13.641953468322754,0.9235596060752869,10.222734451293945,-13.509401321411133,7.451455116271973,-2.659590721130371,11.196867942810059,-12.85673999786377,9.334918975830078,2666.7723038902154,1108.8363330154002
2_53,-235.78404235839844,75.65520477294922,94.30839538574219,37.861019134521484,-11.894048690795898,29.605072021484375,31.760419845581055,13.003043174743652,-9.037467956542969,15.301033973693848,-1.3299201726913452,16.847585678100586,-12.884566307067871,10.709814071655273,0.9716331362724304,12.16723346710205,-8.117063522338867,9.751214981079102,3.3250832557678223,13.215922355651855,-14.653505325317383,11.544830322265625,-2.565077304840088,7.97970724105835,-12.615385055541992,8.444070816040039,2275.087101359162,908.9340284035989
2_530,-362.6087951660156,88.38306427001953,91.81198120117188,36.46767044067383,0.453052818775177,30.253326416015625,26.86212921142578,18.247907638549805,-13.576518058776855,19.797996520996094,4.725013256072998,10.350173950195312,-14.272274017333984,20.0411319732666,-4.7735466957092285,14.022404670715332,-0.5157261490821838,7.962331771850586,3.896034002304077,7.934006214141846,-2.020746946334839,9.0162353515625,9.559020042419434,9.65925407409668,-5.223153591156006,5.458943843841553,2375.871457567616,813.869769505237
2_531,-223.08724975585938,78.240478515625,108.3471450805664,44.728179931640625,-26.187406539916992,27.884864807128906,26.44842529296875,19.228914260864258,-11.371391296386719,17.13627815246582,2.4734182357788086,14.820420265197754,-16.484922409057617,12.23837661743164,-6.740227699279785,9.868215560913086,-9.910604476928711,9.104647636413574,1.6089640855789185,9.19095516204834,-6.750791072845459,11.638894081115723,0.43010571599006653,9.839871406555176,-3.1020305156707764,9.530729293823242,2141.993736164552,860.2669315243303
2_532,-213.85592651367188,60.7170295715332,118.64434814453125,29.0250301361084,-40.94850158691406,23.438081741333008,3.4309632778167725,24.390409469604492,-20.01951026916504,15.666199684143066,-3.6541504859924316,12.827003479003906,-0.33543089032173157,10.590862274169922,-1.870957374572754,8.011735916137695,-4.864087104797363,9.143080711364746,1.334909439086914,9.730058670043945,-11.505000114440918,7.175223350524902,-3.6583430767059326,6.440643787384033,-7.372310161590576,7.783411979675293,1929.3151418725272,594.0861190552679
2_534,-278.70452880859375,72.12223052978516,88.72374725341797,39.05419921875,-33.064117431640625,33.15869140625,10.834930419921875,17.808191299438477,-21.21994972229004,26.384462356567383,2.452887535095215,13.76143741607666,-3.725846290588379,12.585186004638672,-5.490718841552734,10.886658668518066,-11.89029598236084,12.4663667678833,1.2437950372695923,7.5172295570373535,-14.738226890563965,8.665987968444824,-1.0958157777786255,13.115574836730957,0.7249463200569153,14.20218276977539,2298.377684146792,964.2744527096779
2_535,-361.4593811035156,69.21575164794922,127.42877197265625,55.15529251098633,11.731700897216797,23.02386474609375,27.316713333129883,19.8832950592041,-9.54100513458252,21.724960327148438,3.5132179260253906,15.087617874145508,-12.825082778930664,15.330316543579102,-5.110557556152344,9.88180160522461,-12.66204833984375,9.920001029968262,-7.495827674865723,10.145267486572266,-8.420652389526367,12.116599082946777,4.180396556854248,9.055904388427734,-5.444023132324219,8.223612785339355,1645.540668268474,1179.4997807093687
2_536,-405.4781494140625,78.71168518066406,103.61103057861328,35.67315673828125,-3.459611177444458,13.759923934936523,41.27699661254883,23.271697998046875,15.058906555175781,15.280086517333984,2.5769150257110596,13.460847854614258,-15.934731483459473,18.497900009155273,-7.342127799987793,11.732057571411133,-13.08279037475586,10.940934181213379,-3.8924036026000977,9.966666221618652,-17.52304458618164,11.027715682983398,2.806379556655884,6.709193706512451,-2.2424352169036865,11.161205291748047,1959.673872183166,892.9074476189933
2_537,-257.8641662597656,62.191383361816406,99.30573272705078,38.21157455444336,-13.972064018249512,27.905719757080078,24.932126998901367,16.761581420898438,-15.369590759277344,22.537595748901367,2.953888177871704,12.279437065124512,-9.62404727935791,11.93537425994873,-6.75048303604126,9.725789070129395,-3.771233320236206,12.624860763549805,3.9324827194213867,8.937357902526855,-11.451385498046875,9.248734474182129,2.327132225036621,9.099625587463379,-6.069616317749023,8.022908210754395,2212.150551136443,847.2363476751025
2_54,-284.0749206542969,93.85932159423828,79.10833740234375,43.39875411987305,-33.510040283203125,36.68851089477539,21.593172073364258,26.549983978271484,-22.107681274414062,22.777606964111328,-10.753741264343262,17.562829971313477,-8.718473434448242,14.423720359802246,-6.662686824798584,10.809762001037598,-11.297027587890625,8.158031463623047,1.57900071144104,11.548575401306152,-15.564538955688477,13.936406135559082,-0.48901045322418213,9.580709457397461,-6.444029808044434,9.273728370666504,2701.207101118894,1153.8680715645949
2_540,-270.46527099609375,58.312828063964844,117.40616607666016,22.42442512512207,-10.836084365844727,31.091156005859375,34.794586181640625,9.391075134277344,-1.784193515777588,14.540312767028809,0.8329038023948669,12.156582832336426,-20.214452743530273,12.126031875610352,-9.425323486328125,5.9151763916015625,-5.939338684082031,5.112644672393799,-2.936492681503296,6.49672794342041,-8.792867660522461,4.749394416809082,3.0426032543182373,5.16819953918457,0.818419337272644,9.72796630859375,1845.7832685840501,346.51999497712114
2_541,-177.5543670654297,80.48239135742188,114.06290435791016,36.17509460449219,-21.33867645263672,30.431617736816406,33.53665542602539,24.38792610168457,-8.32206916809082,20.539274215698242,12.766947746276855,13.589210510253906,0.04972824454307556,16.6804141998291,14.061731338500977,16.06458282470703,-4.566576957702637,12.546628952026367,2.36712646484375,11.986106872558594,-1.4998687505722046,11.053675651550293,1.1394586563110352,7.33129358291626,-0.6219843029975891,6.985804080963135,1846.2954632047613,663.2387318230656
2_542,-308.5731506347656,76.92971801757812,102.52603149414062,57.29590606689453,-21.282447814941406,34.00868606567383,9.67049503326416,32.7376708984375,-22.359678268432617,27.410724639892578,14.349959373474121,18.050649642944336,-20.66852378845215,18.96828269958496,0.12634646892547607,16.907642364501953,-14.20395565032959,15.55279541015625,-1.6345843076705933,17.589580535888672,-6.120972633361816,11.004143714904785,3.6638004779815674,10.967963218688965,-9.251113891601562,12.675727844238281,2287.197331553996,1044.504055754089
2_546,-188.37841796875,79.9629135131836,96.95321655273438,51.240291595458984,-28.435291290283203,30.884000778198242,13.913838386535645,28.09591293334961,-18.089214324951172,22.15410041809082,-3.002610445022583,13.291306495666504,-11.34604549407959,11.90407657623291,-11.138472557067871,13.441177368164062,-14.081055641174316,12.484429359436035,-0.1582356095314026,10.5726900100708,-13.209153175354004,10.853636741638184,-0.41455966234207153,10.054425239562988,-8.120011329650879,8.903543472290039,2260.7763715348824,985.0854640776862
2_547,-296.6576232910156,80.39401245117188,91.6349868774414,45.81715393066406,-28.781776428222656,32.052154541015625,29.962560653686523,21.973491668701172,-16.847013473510742,19.714933395385742,6.419345855712891,16.645143508911133,-10.342020988464355,13.585119247436523,4.0213751792907715,9.072169303894043,-15.929344177246094,12.474761962890625,6.987758159637451,8.168700218200684,-4.689120769500732,11.407564163208008,5.0461859703063965,7.912677764892578,-1.4785847663879395,8.20112419128418,2411.914347899064,959.3726572374977
2_548,-282.1816101074219,71.47969818115234,100.13453674316406,37.991676330566406,-7.1150383949279785,20.515260696411133,15.635501861572266,13.737730026245117,-14.13093090057373,17.07487678527832,9.04723834991455,13.618354797363281,-11.174939155578613,7.160780906677246,-5.594903469085693,8.492938041687012,-13.728569984436035,9.129098892211914,2.103452444076538,8.579206466674805,-5.6154985427856445,8.764989852905273,-0.3922523260116577,9.821096420288086,-9.179277420043945,5.959397792816162,2323.237935525506,951.9552003640388
2_549,-441.50592041015625,66.8847885131836,88.21665954589844,30.12220001220703,-24.88675880432129,26.169723510742188,17.088233947753906,16.07893943786621,-9.853333473205566,10.510618209838867,-5.926066875457764,16.850095748901367,-4.107268810272217,12.822032928466797,2.3335022926330566,7.088674068450928,-4.455305576324463,16.233980178833008,-11.66709041595459,9.572378158569336,-17.751779556274414,7.863195419311523,-3.792922258377075,13.164361953735352,-13.430970191955566,9.353379249572754,2058.833182787469,462.76182786589294
2_55,-291.8526306152344,66.06848907470703,69.7204360961914,61.83537292480469,33.49522018432617,53.282814025878906,46.71125030517578,23.329448699951172,-22.113845825195312,25.64818572998047,21.187694549560547,15.762561798095703,-4.143860816955566,10.524409294128418,-6.574827194213867,15.95195198059082,-25.21927261352539,14.898390769958496,10.34187126159668,11.883444786071777,-3.7238314151763916,15.086666107177734,7.016289710998535,12.310169219970703,-19.004701614379883,17.64837074279785,2878.483903192945,1528.4597813334258
2_550,-272.626220703125,69.66200256347656,100.43852233886719,27.525054931640625,-37.38603591918945,26.486093521118164,13.591699600219727,16.995941162109375,-32.079833984375,16.693315505981445,-2.6894173622131348,9.372559547424316,-14.34654426574707,10.72528076171875,-5.448624134063721,11.087913513183594,-19.232263565063477,7.447729110717773,2.0589890480041504,8.255904197692871,-14.422784805297852,7.922024726867676,-0.4737936854362488,11.1499662399292,-9.034344673156738,7.515279769897461,2251.4210835031745,555.2896296155319
2_552,-217.4267578125,54.90268325805664,100.0525131225586,24.808725357055664,-47.746673583984375,24.330862045288086,-3.7814996242523193,25.48642921447754,-15.611019134521484,15.603560447692871,2.651780843734741,12.54477596282959,-15.048932075500488,15.906163215637207,-1.096649408340454,8.398089408874512,-1.6644108295440674,10.233724594116211,13.8881254196167,6.724555015563965,-12.255606651306152,9.52639102935791,1.3499401807785034,8.2416353225708,2.1400318145751953,6.543652534484863,2184.9677207938967,482.689281564351
2_553,-203.07252502441406,70.91866302490234,102.35768127441406,60.350196838378906,-23.314373016357422,25.559734344482422,20.689449310302734,17.885047912597656,-12.088201522827148,13.220133781433105,15.623842239379883,12.142457008361816,-6.478207111358643,8.32532024383545,-5.480830192565918,10.852561950683594,-11.922433853149414,12.447689056396484,0.24886971712112427,13.440584182739258,1.576654076576233,6.649003505706787,9.34020709991455,8.366954803466797,4.601129531860352,8.513387680053711,2342.406192473764,1127.6863164915164
2_555,-355.0941162109375,48.04351043701172,116.10273742675781,33.44429016113281,-21.763818740844727,23.23658561706543,31.83366584777832,11.733278274536133,-18.141315460205078,13.617694854736328,15.06159496307373,12.019266128540039,-7.487575531005859,9.182555198669434,8.153410911560059,8.325776100158691,-10.07063102722168,9.970681190490723,6.02405309677124,7.43008279800415,-4.500141620635986,6.9911627769470215,2.5603177547454834,5.829596519470215,-5.050318241119385,6.786086559295654,2010.4704978525665,751.115635764883
2_556,-358.98193359375,79.13412475585938,130.4888916015625,35.22526168823242,-48.00082015991211,24.450895309448242,11.544571876525879,27.332382202148438,-28.173337936401367,18.967247009277344,-6.617724895477295,15.431618690490723,-6.595641613006592,12.782709121704102,-9.121602058410645,9.674339294433594,-8.864011764526367,10.013720512390137,-1.376740574836731,10.211877822875977,-15.669534683227539,10.450881958007812,1.7597267627716064,9.638296127319336,-9.245989799499512,8.807177543640137,1733.4419452127588,610.4470436394904
2_557,-411.8340148925781,60.355873107910156,93.80377960205078,30.739286422729492,-1.9316736459732056,19.386545181274414,23.039682388305664,13.670130729675293,-10.038519859313965,10.59864330291748,10.36510944366455,7.090730667114258,-8.136911392211914,6.416264057159424,2.671177387237549,7.564609050750732,-8.334222793579102,5.970152854919434,4.47212028503418,6.658761024475098,-1.875403881072998,6.9303083419799805,0.719118058681488,5.1909003257751465,-6.579427242279053,7.295809745788574,2464.3793375670434,746.1215975660697
2_558,-213.17872619628906,73.65351867675781,119.99949645996094,37.48421859741211,-34.19633865356445,27.55399513244629,22.290441513061523,22.28802490234375,-15.637011528015137,17.53724479675293,4.219425678253174,13.373494148254395,-5.635620594024658,10.900995254516602,-4.959165096282959,11.584399223327637,-10.667593002319336,10.533016204833984,7.496908664703369,8.5250244140625,-3.6521809101104736,7.526857852935791,3.008464813232422,8.737811088562012,-1.7318671941757202,9.088102340698242,1837.5372232916275,768.7549688224649
2_559,-169.90879821777344,21.145448684692383,110.98865509033203,16.472787857055664,-73.57928466796875,14.670681953430176,-2.6317484378814697,8.505373001098633,-35.062217712402344,9.294702529907227,-1.7341411113739014,6.692761421203613,-5.706142425537109,5.023458957672119,-7.567411422729492,6.256048202514648,-14.3447847366333,5.701772689819336,9.929366111755371,4.856535911560059,-5.506899356842041,4.648027420043945,-8.70577621459961,4.441409111022949,-18.575952529907227,5.450709819793701,2054.8318811243307,310.93846433487613
2_56,-393.93048095703125,113.48836517333984,99.8714370727539,30.130535125732422,-36.1159553527832,33.70834732055664,8.784674644470215,20.401891708374023,-6.108691215515137,14.992830276489258,-2.4892237186431885,13.238762855529785,0.7065779566764832,9.147618293762207,-11.01231575012207,9.204652786254883,-7.371323585510254,13.163378715515137,7.68936824798584,10.183433532714844,-13.963546752929688,8.937494277954102,-1.723796010017395,8.049543380737305,-7.215814113616943,9.116533279418945,2269.9124424449665,951.9468882431265
2_560,-280.4591369628906,57.20147705078125,84.11909484863281,29.69868278503418,-36.960636138916016,34.189369201660156,14.819436073303223,20.131145477294922,-13.715581893920898,15.352564811706543,-5.747002601623535,16.816829681396484,-9.172545433044434,13.790541648864746,-2.2836368083953857,11.779891967773438,-11.697334289550781,9.175941467285156,-0.6595267653465271,9.792287826538086,-6.95200777053833,11.424031257629395,-4.538707256317139,10.556163787841797,-11.153999328613281,8.550658226013184,2428.70937351188,818.1837558162598
2_562,-314.4110107421875,62.33896255493164,122.65605926513672,37.88604736328125,-21.813196182250977,20.9962100982666,33.460166931152344,15.200151443481445,-12.9922513961792,15.42053508758545,14.127683639526367,12.557342529296875,-7.324676036834717,10.774099349975586,1.7573658227920532,10.317251205444336,-7.277950286865234,10.868059158325195,4.502530097961426,9.295843124389648,-2.8715522289276123,7.738903045654297,1.9530178308486938,8.253904342651367,-5.971811294555664,7.303509712219238,1893.37071540106,770.3990753420672
2_564,-298.37750244140625,85.4152603149414,115.35636901855469,24.636150360107422,-30.652950286865234,25.962528228759766,32.76091766357422,23.195392608642578,-9.935400009155273,23.127405166625977,-1.1346372365951538,13.316822052001953,-3.016226291656494,11.166516304016113,0.30639201402664185,8.245361328125,-8.044147491455078,8.24950885772705,4.9917778968811035,8.220874786376953,-11.274473190307617,10.125630378723145,8.899568557739258,6.619531631469727,-12.50225830078125,7.015830039978027,1953.295190301165,456.8983350908623
2_567,-277.6293640136719,62.08070373535156,97.36544799804688,38.58806228637695,-22.077268600463867,29.03215980529785,17.984556198120117,18.86333656311035,-12.76054859161377,18.914045333862305,1.764099359512329,11.52050495147705,-9.893914222717285,11.45883560180664,-11.217089653015137,12.467443466186523,-20.847471237182617,12.219306945800781,6.694979190826416,10.106993675231934,-4.226040840148926,9.946903228759766,-4.595129489898682,11.67611312866211,-7.758100509643555,9.318229675292969,2263.8328166703614,951.7110947834033
2_569,-398.18170166015625,119.6671371459961,116.91667938232422,31.1561222076416,-9.140315055847168,41.276119232177734,18.725128173828125,21.556543350219727,-12.297523498535156,13.95740795135498,-3.3598859310150146,16.92585563659668,-7.0629048347473145,8.272557258605957,-5.555403232574463,6.985891819000244,-5.815327167510986,9.340421676635742,7.838042736053467,12.86106014251709,-9.555461883544922,8.980086326599121,-3.078004837036133,11.22662353515625,-4.576268196105957,5.909080505371094,1842.4771026436847,690.8803729860986
2_570,-169.0791778564453,84.56210327148438,92.14190673828125,18.702905654907227,-50.951629638671875,20.174583435058594,0.5802668333053589,13.997238159179688,-26.988889694213867,14.01568603515625,1.8468897342681885,9.63219928741455,-7.205033302307129,12.52447509765625,-3.0695137977600098,9.496315002441406,-9.072990417480469,9.720296859741211,8.154435157775879,8.42172622680664,-11.9493408203125,7.383039951324463,-5.519703388214111,7.189998149871826,-9.058496475219727,6.249587535858154,2200.0235925939387,293.48871114943046
2_572,-278.591552734375,48.9730110168457,76.71436309814453,60.512489318847656,-6.800978183746338,35.84545135498047,30.127817153930664,12.355076789855957,-13.389081001281738,15.673532485961914,13.843615531921387,12.372602462768555,-10.782367706298828,10.95433235168457,9.21996784210205,11.69517707824707,-13.14543342590332,8.811715126037598,7.369072914123535,10.034001350402832,-16.831369400024414,7.898173809051514,5.15627384185791,8.427591323852539,-8.938021659851074,7.506012916564941,2808.457075435327,1545.8891638937296
2_573,-181.25559997558594,55.269187927246094,130.27325439453125,25.792972564697266,-72.97687530517578,27.384675979614258,30.11092758178711,21.100116729736328,-34.6524658203125,20.22008514404297,8.028229713439941,14.661383628845215,-22.32986831665039,14.245818138122559,1.5815160274505615,9.104788780212402,-17.569141387939453,10.114322662353516,18.56538963317871,9.108790397644043,-10.964998245239258,9.94078540802002,-2.66436505317688,7.615016460418701,-7.960795879364014,7.969573497772217,1891.3977574243384,524.9969361354333
2_574,-197.08734130859375,65.97310638427734,76.35718536376953,26.483993530273438,-51.680450439453125,27.140607833862305,15.128949165344238,15.855193138122559,-23.357177734375,14.179357528686523,-2.7138800621032715,11.107213020324707,-13.505455017089844,13.375123977661133,-9.978608131408691,8.663161277770996,-9.529725074768066,8.81191635131836,5.909714221954346,6.692296028137207,-14.566263198852539,7.424855709075928,-3.9456675052642822,8.024652481079102,-7.683778285980225,9.132210731506348,2608.764959608597,580.1400839443327
2_575,-300.6078186035156,73.1550064086914,96.41783905029297,38.11791229248047,-14.993642807006836,38.20454406738281,18.333526611328125,23.603599548339844,-5.4742207527160645,17.058439254760742,-9.949292182922363,18.607563018798828,-2.7411277294158936,13.186784744262695,-3.8850862979888916,9.39079761505127,0.6746870279312134,9.75837230682373,-1.1577898263931274,10.486016273498535,-12.045796394348145,9.174407958984375,0.5437802672386169,11.764557838439941,-14.859493255615234,7.12717866897583,2319.542577420079,1187.7453556985554
2_576,-379.800537109375,90.23723602294922,108.68049621582031,39.57393264770508,-24.210033416748047,36.09163284301758,31.683696746826172,26.027538299560547,-2.179396390914917,12.35116195678711,-3.1610498428344727,20.333209991455078,-10.145825386047363,11.91111946105957,-1.6201870441436768,16.068082809448242,2.1280860900878906,9.594888687133789,-2.8881452083587646,10.2230806350708,-7.94862699508667,8.215346336364746,4.4638872146606445,7.288683891296387,-4.713249206542969,9.662012100219727,1967.2222843490727,852.9888866618393
2_577,-252.9287872314453,67.2501449584961,119.31484985351562,36.9567756652832,5.8435869216918945,24.465499877929688,20.640703201293945,11.310830116271973,-14.945075035095215,16.54936981201172,6.243395805358887,10.673178672790527,-12.8468017578125,16.179710388183594,-3.4611010551452637,12.596500396728516,-7.045839309692383,9.702404975891113,-2.4512240886688232,10.096524238586426,-3.9658944606781006,9.064626693725586,1.051265001296997,7.388118743896484,-3.875366449356079,8.449155807495117,1830.0679217252527,900.9433877762383
2_579,-288.6239318847656,93.00869750976562,137.99978637695312,19.293493270874023,-35.32737350463867,30.73328971862793,11.52402400970459,13.30186653137207,-22.00404930114746,27.811172485351562,-3.974994421005249,15.133899688720703,-0.9264318346977234,19.587038040161133,0.2645030915737152,11.165918350219727,-9.882331848144531,9.294283866882324,4.320762634277344,12.570319175720215,-2.755711555480957,9.237958908081055,2.3971195220947266,9.412092208862305,-7.21832275390625,10.57144832611084,1509.115021797322,304.75013615749674
2_58,-268.04547119140625,86.57964324951172,103.8147964477539,52.50246047973633,-28.608537673950195,38.5841064453125,22.458208084106445,19.207843780517578,-18.892749786376953,19.02431869506836,-2.0447001457214355,17.439300537109375,5.955775737762451,10.433602333068848,9.765727043151855,9.543906211853027,-6.40294885635376,11.697697639465332,0.808316171169281,9.247888565063477,-2.149261713027954,7.0780558586120605,1.015648365020752,6.718508243560791,-5.295929431915283,6.646430969238281,2335.610790012021,954.0144405732157
2_581,-169.28787231445312,66.2191390991211,114.77201080322266,44.11109924316406,-46.30689239501953,28.47052001953125,17.73365592956543,19.34294319152832,-21.88347816467285,18.68096923828125,-1.457409143447876,14.432845115661621,-8.537490844726562,14.107853889465332,-9.540321350097656,11.300089836120605,-18.989421844482422,9.583949089050293,5.236189842224121,9.766189575195312,-11.261184692382812,12.08449649810791,-7.384223937988281,9.041945457458496,-6.000715255737305,11.772601127624512,1957.3107038641544,877.3291713204676
2_583,-197.84503173828125,66.92750549316406,114.15158081054688,19.137826919555664,-34.461795806884766,23.058935165405273,16.448057174682617,14.690967559814453,-15.449667930603027,13.349935531616211,4.457422733306885,7.976186275482178,-10.28824234008789,10.953485488891602,-2.4431002140045166,6.491824150085449,-9.81748104095459,8.057567596435547,7.549410343170166,7.468465328216553,-7.628272533416748,5.916818141937256,0.6026615500450134,5.983610153198242,-8.36052417755127,8.153254508972168,2009.3991814121898,344.1169030811422
2_585,-259.63323974609375,92.19622039794922,109.12418365478516,43.29168701171875,-17.18305778503418,28.01719856262207,30.135343551635742,25.24115562438965,-4.929779529571533,16.305992126464844,12.185811996459961,15.26899242401123,-17.34602928161621,9.372102737426758,-3.3641343116760254,10.521208763122559,-14.455822944641113,10.2466402053833,-2.89223313331604,10.548422813415527,-10.674426078796387,8.664478302001953,-3.3325960636138916,8.399073600769043,-8.852272987365723,5.986354827880859,1962.3543264884352,931.9844671752484
2_586,-177.16847229003906,98.94158935546875,113.25276184082031,32.91096496582031,-32.63821029663086,32.58652877807617,20.847761154174805,28.24155616760254,-20.68655014038086,18.74088478088379,10.582728385925293,14.340755462646484,-9.063658714294434,12.229365348815918,-0.2863723337650299,12.48165225982666,-14.298608779907227,9.224836349487305,1.773158311843872,9.622528076171875,-7.765923023223877,11.28030776977539,-4.430030822753906,7.942393779754639,-12.454767227172852,8.435959815979004,1919.6393341075227,684.0360243727147
2_587,-96.42813110351562,84.46949768066406,148.53073120117188,32.46810531616211,-84.7462387084961,26.67212677001953,36.192832946777344,30.56849479675293,-12.544212341308594,16.972213745117188,-13.45323657989502,13.818170547485352,11.97396469116211,15.238229751586914,-28.12607765197754,13.192732810974121,-3.0499985218048096,10.771162986755371,2.6702611446380615,12.67643928527832,-12.901552200317383,10.07522964477539,8.88309383392334,7.993805885314941,-15.99654769897461,8.079658508300781,1769.8331802085997,543.7064328763007
2_588,-410.49365234375,146.7462921142578,80.64844512939453,44.650611877441406,-24.378982543945312,21.87250518798828,23.634071350097656,20.85926055908203,-14.439444541931152,23.52003288269043,1.6932543516159058,10.81473159790039,-9.451169967651367,13.462984085083008,0.5834251642227173,12.478235244750977,-5.730340957641602,10.6134614944458,-4.484487533569336,11.424140930175781,-3.220402717590332,11.539844512939453,1.4939959049224854,11.993450164794922,-6.73690128326416,10.275900840759277,2514.794335746947,960.6691588513173
2_589,-171.3738250732422,69.47474670410156,107.4732437133789,48.9215087890625,-44.319610595703125,33.799922943115234,16.751564025878906,26.468908309936523,-23.820737838745117,19.536806106567383,-5.15548038482666,15.505073547363281,-9.923757553100586,11.640890121459961,-8.777031898498535,12.55009651184082,-5.485985279083252,10.847015380859375,3.4813077449798584,8.705741882324219,0.19225747883319855,9.315413475036621,0.7290129065513611,9.131109237670898,-8.051044464111328,8.270163536071777,2071.445386823006,857.2997611429523
2_590,-382.1467590332031,38.45058822631836,106.95088958740234,38.31381607055664,-24.902803421020508,34.09443664550781,20.118492126464844,14.789904594421387,-14.2340087890625,8.69636058807373,4.20170783996582,15.138078689575195,-8.990211486816406,13.402497291564941,0.1699562817811966,9.635709762573242,-13.846233367919922,7.865682601928711,13.853472709655762,12.068869590759277,-7.284147262573242,7.113795757293701,-2.5898501873016357,8.839076042175293,-9.67270278930664,6.480093002319336,2140.1493981603853,984.440416436818
2_591,-76.34879302978516,73.71418762207031,115.05428314208984,43.763607025146484,-31.035358428955078,24.389211654663086,16.259647369384766,25.37337875366211,-12.022253036499023,18.78568458557129,3.6460251808166504,13.386993408203125,-20.52730941772461,15.403143882751465,-0.5483942031860352,11.331180572509766,-10.768630027770996,10.42609977722168,-6.305404186248779,12.317445755004883,-9.302908897399902,10.277140617370605,0.057265546172857285,8.500112533569336,-11.534613609313965,8.262826919555664,1939.7251616093931,870.7794002048006
2_594,-361.1802673339844,91.67646789550781,98.9114761352539,27.061521530151367,-2.9967081546783447,28.551250457763672,35.89438247680664,14.060678482055664,-14.461257934570312,16.26398277282715,5.567496299743652,9.983118057250977,-11.390267372131348,12.29194450378418,-4.980011940002441,8.561253547668457,-12.368739128112793,7.775479316711426,0.3753877878189087,9.745723724365234,-10.860300064086914,8.969356536865234,3.6114885807037354,7.152819633483887,-7.638037204742432,6.730210781097412,2168.616574718062,601.062449411659
2_595,-418.947265625,98.72109985351562,72.88036346435547,50.36277770996094,-16.204866409301758,23.94733238220215,23.048603057861328,20.75849151611328,-6.508310794830322,14.981746673583984,1.1100988388061523,14.529949188232422,-7.92839241027832,10.521624565124512,-3.6820335388183594,10.86316204071045,-6.114083290100098,10.301748275756836,2.2030858993530273,8.03646183013916,-7.089334011077881,8.6544771194458,-1.1398167610168457,8.005515098571777,-3.7787911891937256,6.754547119140625,2942.357294069711,1119.4962856969862
2_596,-230.5701141357422,68.78086853027344,120.76558685302734,17.73122215270996,-17.750520706176758,20.22661018371582,17.972448348999023,9.017805099487305,-19.16886329650879,13.300690650939941,-1.3581187725067139,12.240957260131836,-2.451345682144165,11.367652893066406,-1.1432121992111206,6.305242538452148,-12.840653419494629,8.36926555633545,0.7585213780403137,11.342084884643555,-6.204436302185059,8.78736400604248,-5.761097431182861,7.582651615142822,-9.835902214050293,6.067902088165283,1742.912323590106,298.47978689407137
2_598,-237.57337951660156,85.51972961425781,103.21536254882812,54.809940338134766,-26.065414428710938,29.94244956970215,22.641475677490234,22.49703025817871,-15.155255317687988,23.80852508544922,-1.315374732017517,16.268518447875977,-7.364310264587402,15.917024612426758,-5.053330421447754,12.558211326599121,-11.339262962341309,13.104804992675781,3.9852981567382812,10.483497619628906,-14.141717910766602,11.172593116760254,-0.6534186005592346,8.590010643005371,-5.293482303619385,8.532458305358887,2158.718066178127,1062.22990312223
2_599,-88.00006103515625,62.31564712524414,110.82623291015625,45.1627197265625,-33.362648010253906,22.301986694335938,15.456966400146484,26.47616195678711,-10.825451850891113,17.946964263916016,4.574227809906006,13.514552116394043,-15.531266212463379,13.139764785766602,-8.996277809143066,12.480900764465332,-11.935194969177246,10.964905738830566,4.006261825561523,11.434432983398438,-4.0704216957092285,10.770711898803711,5.271189212799072,10.052607536315918,-5.445782661437988,8.80860424041748,2024.5093798281152,885.7533099232602
2_602,-297.4034729003906,52.85636901855469,115.68492889404297,11.196649551391602,-7.329801559448242,19.45316505432129,31.454090118408203,11.053252220153809,-6.965199947357178,10.662870407104492,6.0163893699646,11.861417770385742,-6.078030586242676,8.753966331481934,8.915470123291016,10.858288764953613,-5.282442092895508,7.225976467132568,2.4676930904388428,8.536198616027832,-7.997021675109863,6.934988498687744,-0.635296106338501,6.033133029937744,-3.5125882625579834,6.854465484619141,1735.6509395206788,264.3666994550826
2_604,-6.390063285827637,54.056243896484375,83.98973083496094,49.0577392578125,-25.067108154296875,28.416473388671875,9.162105560302734,23.481828689575195,-3.082035541534424,16.943557739257812,4.390830993652344,12.290063858032227,-15.678796768188477,11.917386054992676,-8.790804862976074,9.150322914123535,-20.40435218811035,8.836223602294922,1.151092529296875,10.387749671936035,-8.603780746459961,8.970039367675781,-2.314185857772827,8.591584205627441,-3.9953296184539795,6.799792289733887,2522.9243043609217,1147.7785857385697
2_607,-409.93682861328125,97.48989868164062,69.74280548095703,31.998149871826172,-5.759222984313965,31.73006248474121,39.95988464355469,8.880349159240723,-1.3118327856063843,7.605671405792236,13.346283912658691,18.30013656616211,-0.6164401173591614,6.280303001403809,4.839797496795654,8.211932182312012,-0.2752540409564972,11.605875968933105,1.8152337074279785,6.963888168334961,-10.945473670959473,9.335477828979492,-1.7907272577285767,8.595870018005371,-8.868254661560059,13.135180473327637,2796.514896127429,938.4506196857681
2_608,-142.58633422851562,44.77847671508789,150.0342254638672,43.27279281616211,-44.35667419433594,40.716312408447266,36.23910140991211,18.808134078979492,-21.420272827148438,14.980110168457031,8.410487174987793,19.319318771362305,-9.742392539978027,17.84362030029297,-3.655529022216797,16.63671112060547,-15.51540470123291,13.931355476379395,6.736769676208496,8.590450286865234,-6.997804164886475,10.537923812866211,0.04532184824347496,10.465739250183105,-6.791961193084717,9.17658805847168,1710.164915206039,649.6728668659231
2_609,-169.28709411621094,49.309444427490234,106.88695526123047,46.559268951416016,-12.452836990356445,19.766706466674805,26.99750328063965,18.482868194580078,-6.847990036010742,13.989672660827637,17.431076049804688,9.247276306152344,-10.437931060791016,8.792035102844238,0.29621821641921997,9.515519142150879,-6.503084182739258,8.717416763305664,-4.4365620613098145,9.421826362609863,-8.683724403381348,7.276848316192627,0.3378068208694458,7.0998854637146,-5.202632427215576,7.747693061828613,2180.8254773995413,969.5315902858216
2_611,-135.34930419921875,31.700170516967773,63.77274703979492,27.443889617919922,-60.066890716552734,22.394580841064453,5.842252731323242,25.870996475219727,-23.004610061645508,16.20184326171875,4.9856648445129395,12.262765884399414,-14.094897270202637,14.769206047058105,0.04406287521123886,10.115084648132324,-21.553438186645508,10.40209674835205,10.113384246826172,13.105759620666504,-15.124773979187012,9.030739784240723,-8.276941299438477,10.021251678466797,-12.20440673828125,6.8482184410095215,2780.0320576470795,678.1621075237562
2_612,-159.75616455078125,71.18865203857422,114.919189453125,56.59397506713867,-20.132305145263672,28.925790786743164,24.44015884399414,23.359355926513672,-13.339786529541016,18.90546226501465,8.768330574035645,12.335484504699707,-21.667930603027344,14.754819869995117,-1.6422542333602905,13.107566833496094,-18.62916374206543,11.037333488464355,-1.58176851272583,13.951502799987793,-12.026118278503418,10.219462394714355,-0.3700144588947296,8.752972602844238,-12.842157363891602,11.345061302185059,2006.7182440809202,1258.745502393831
2_615,-316.58819580078125,57.44911575317383,98.76205444335938,29.89118194580078,-22.51728057861328,28.33896827697754,21.07912254333496,14.257296562194824,-6.061855792999268,15.027623176574707,1.8458139896392822,12.822978019714355,-3.0136053562164307,10.204959869384766,-8.378222465515137,11.331270217895508,-4.108156681060791,10.237351417541504,6.158112049102783,10.345430374145508,-16.475360870361328,8.349281311035156,2.451923131942749,7.368685245513916,-8.782073974609375,7.85811710357666,2316.177674020872,803.9360504338816
2_617,-286.6941223144531,100.71766662597656,131.24290466308594,33.936607360839844,-36.129390716552734,34.03892135620117,19.621015548706055,18.030885696411133,-9.47441291809082,18.17218589782715,-0.003997165709733963,11.611478805541992,-18.276487350463867,12.967788696289062,-1.954770565032959,10.040842056274414,-13.890645980834961,11.202926635742188,7.885194778442383,6.120049476623535,-11.15321159362793,8.744932174682617,-1.3387091159820557,6.887512683868408,-2.101541042327881,7.85870885848999,1749.7398746239548,582.3398754409685
2_622,-246.99501037597656,87.42906188964844,105.71914672851562,40.60340881347656,-17.06999397277832,32.76707458496094,17.95037078857422,17.687339782714844,-8.825031280517578,16.900985717773438,0.029349220916628838,14.194488525390625,-10.884593963623047,14.324591636657715,-1.97579824924469,10.262109756469727,-10.604494094848633,8.46629524230957,2.6152713298797607,8.621588706970215,-9.072648048400879,9.036158561706543,-0.6470784544944763,8.375663757324219,-4.168066024780273,7.698158264160156,2148.6150961172343,950.4587302421122
2_623,-241.41964721679688,70.80523681640625,114.04881286621094,48.354225158691406,-92.3653564453125,38.149662017822266,31.07272720336914,33.108707427978516,-53.00920867919922,20.861865997314453,2.2771925926208496,20.191987991333008,-23.867151260375977,21.687885284423828,-7.559497833251953,23.236549377441406,-19.541969299316406,18.395673751831055,1.5954078435897827,17.21462631225586,-18.275951385498047,11.286256790161133,-7.103726863861084,9.692017555236816,-11.124700546264648,12.014301300048828,2325.956768283817,700.1143144557019
2_626,-337.234375,65.25894165039062,112.47050476074219,45.8900260925293,-28.566829681396484,47.207603454589844,12.57950210571289,25.616811752319336,-0.5292927026748657,12.53029727935791,0.5579214692115784,16.815786361694336,-11.371862411499023,17.874256134033203,1.9156608581542969,12.208012580871582,-7.531639099121094,11.063997268676758,1.7506765127182007,10.459548950195312,3.7684073448181152,8.034459114074707,1.0273323059082031,8.022201538085938,-6.908493518829346,7.508927822113037,2224.249144508049,1233.4493501321779
2_627,-329.4679260253906,70.54241180419922,109.9827880859375,20.356821060180664,-12.271347999572754,25.22135353088379,16.723003387451172,20.068239212036133,-52.57986068725586,14.574080467224121,-23.776641845703125,13.069808006286621,-15.458251953125,14.79581356048584,2.2886650562286377,13.547000885009766,-28.606605529785156,8.802999496459961,-0.042983926832675934,7.726955413818359,-16.962329864501953,8.522144317626953,-22.279333114624023,10.551613807678223,1.2460585832595825,11.677096366882324,1593.503623592772,259.4208006990222
2_65,-399.15850830078125,84.68335723876953,103.480224609375,42.3857307434082,-7.011284828186035,51.107723236083984,32.76008987426758,20.29625701904297,3.226163148880005,9.625980377197266,-2.0061604976654053,16.760862350463867,-1.6022270917892456,9.471850395202637,-4.908098220825195,10.03524398803711,0.7079143524169922,7.7154059410095215,1.2345908880233765,12.15546703338623,-5.8512187004089355,5.439982891082764,13.15767765045166,7.448905944824219,-13.865878105163574,5.775871753692627,2376.2721505464397,1249.2002586690821
2_66,-136.17259216308594,63.455116271972656,92.32623291015625,34.61893081665039,-54.24333190917969,25.411094665527344,4.349898338317871,17.379505157470703,-20.497289657592773,14.627614974975586,0.8996832966804504,11.208325386047363,-10.812297821044922,9.859182357788086,-0.6255593299865723,11.39126205444336,-8.551652908325195,10.005728721618652,5.829809665679932,7.78074312210083,-6.398550987243652,8.60810375213623,-1.4413905143737793,6.543038368225098,-3.854266881942749,9.190031051635742,2298.734471088805,681.7043597389296
2_69,-209.45875549316406,38.893489837646484,93.56097412109375,31.928640365600586,-64.60663604736328,25.298648834228516,-9.675260543823242,13.58151912689209,-31.05848503112793,11.335796356201172,0.7897306680679321,10.150009155273438,-14.327170372009277,11.282511711120605,-5.951475143432617,8.495146751403809,-11.006585121154785,10.3749361038208,3.1785728931427,8.140803337097168,-7.395962238311768,12.767126083374023,0.9505886435508728,9.644021034240723,-7.876097202301025,8.092278480529785,2401.051181938972,931.7254537688966
2_7,-299.28125,27.79686737060547,71.89295196533203,29.091760635375977,-17.52580451965332,17.777545928955078,7.191882133483887,11.216558456420898,-12.551983833312988,9.782931327819824,-0.8854721784591675,9.18513298034668,-7.770806312561035,7.95472526550293,-3.0776634216308594,6.870528221130371,-5.133208751678467,6.41807222366333,0.7095708847045898,7.105629920959473,-3.2187399864196777,6.541158676147461,-4.278783798217773,6.702919960021973,-7.035053730010986,7.232142925262451,2934.186852468857,985.1678267270044
2_71,-265.0663146972656,94.88514709472656,129.54405212402344,32.45032501220703,-41.84021759033203,20.745838165283203,9.98073673248291,23.312440872192383,-17.4766902923584,17.0638427734375,-13.21418285369873,11.801877975463867,-12.141661643981934,9.538190841674805,-10.164204597473145,8.656246185302734,-8.982234954833984,11.754816055297852,0.6318745017051697,8.282212257385254,-9.288661003112793,10.511817932128906,-2.528067111968994,8.645344734191895,-1.6897759437561035,8.416067123413086,1702.5834333981006,550.6502569484254
2_72,-409.9808044433594,65.09939575195312,83.46620178222656,40.98865509033203,-11.007944107055664,18.974485397338867,32.24171447753906,12.248250961303711,-10.114418983459473,11.802041053771973,22.301376342773438,12.050256729125977,-1.2322102785110474,8.882318496704102,3.1163532733917236,9.453303337097168,-10.361974716186523,9.765890121459961,-5.299959182739258,13.429059028625488,-7.175736904144287,10.403146743774414,3.638394832611084,7.154353141784668,-3.3291611671447754,8.075752258300781,2518.569712669506,1014.6619813035223
2_73,-283.69927978515625,69.73190307617188,108.49514770507812,26.074298858642578,-49.874942779541016,22.07975959777832,9.40323257446289,20.424226760864258,-29.599294662475586,23.76709747314453,-5.361769676208496,13.558520317077637,-10.569405555725098,14.759378433227539,-5.411438465118408,10.32424545288086,-11.721138000488281,9.616222381591797,3.952815532684326,10.45645523071289,-13.08149242401123,10.923745155334473,-2.626084089279175,7.491462230682373,-3.3646080493927,7.313800811767578,2013.5324076588188,453.3477442848006
2_74,-39.93720626831055,79.64348602294922,131.31947326660156,48.1363525390625,-44.7540397644043,32.24432373046875,9.577190399169922,18.26906394958496,-15.291117668151855,13.69552230834961,-1.3856526613235474,11.330367088317871,-11.113025665283203,10.853095054626465,-4.174546718597412,10.072698593139648,-12.503211975097656,6.868387222290039,0.2513560354709625,9.810151100158691,-7.462176322937012,8.202320098876953,-2.8852908611297607,7.107004642486572,-8.631773948669434,6.953078746795654,1809.249734663114,952.2090902738603
2_77,-281.22442626953125,90.8022689819336,59.39474105834961,51.178627014160156,-14.099181175231934,39.327266693115234,24.96519660949707,26.012226104736328,-9.203166007995605,17.25941276550293,-4.675069332122803,20.807748794555664,-10.889460563659668,14.733348846435547,2.074453830718994,12.738175392150879,-3.8559203147888184,12.240087509155273,-1.487173318862915,12.495954513549805,-8.247344017028809,10.235433578491211,3.9471306800842285,10.572212219238281,-10.800745010375977,12.151127815246582,3095.3532105009726,1469.6119583866368
2_78,-292.0540466308594,69.46247863769531,125.77619934082031,47.146080017089844,-6.836617946624756,24.057374954223633,23.733556747436523,23.9570369720459,-9.72592544555664,20.099241256713867,4.239309310913086,14.998035430908203,-6.008077144622803,9.762712478637695,1.963960886001587,11.788698196411133,-9.408178329467773,7.9995527267456055,5.067224025726318,10.650649070739746,-18.782169342041016,10.90382194519043,-8.575460433959961,7.309143543243408,-14.13650131225586,8.533814430236816,1600.3686892035355,876.9021739948965
2_79,-390.8086242675781,89.69337463378906,80.29782104492188,36.74720764160156,-4.509807586669922,26.255752563476562,32.912933349609375,14.84273910522461,-5.309596538543701,10.53689193725586,5.860969543457031,10.161628723144531,-7.093188762664795,8.900282859802246,-4.084373950958252,9.665108680725098,-5.89621114730835,10.262639999389648,2.8747434616088867,9.558466911315918,-5.86895751953125,7.267566680908203,1.278873324394226,7.090468883514404,-6.298186302185059,7.248528480529785,2621.7684058354994,984.3735103453687
2_8,-229.4144287109375,50.30324172973633,113.73542785644531,53.368370056152344,-5.3337788581848145,22.507774353027344,12.99482250213623,22.516820907592773,-18.364830017089844,23.494497299194336,0.8534232378005981,17.06836700439453,10.609183311462402,10.988035202026367,-2.0289556980133057,11.856407165527344,-12.845831871032715,10.873522758483887,4.428203105926514,11.64364242553711,-7.111740589141846,9.721948623657227,7.5146803855896,8.03961181640625,-13.783283233642578,8.569269180297852,2228.325467379978,1231.8303063951853
2_84,-162.34954833984375,81.45469665527344,88.34121704101562,34.82212448120117,-33.65422821044922,33.501853942871094,14.06680679321289,25.435935974121094,-16.71875762939453,21.196048736572266,-6.031986713409424,12.66419792175293,-13.7744779586792,10.860383987426758,-14.758134841918945,7.32228422164917,-13.593596458435059,9.069148063659668,0.23562534153461456,9.84499740600586,-15.053811073303223,7.730014801025391,-3.585188388824463,7.809874534606934,-8.712930679321289,7.537941932678223,2302.9067720828543,852.6742482438178
2_86,-355.04779052734375,71.6943588256836,105.25821685791016,44.83019256591797,11.572025299072266,20.73280906677246,36.38906478881836,18.534894943237305,-6.975059986114502,15.602141380310059,12.805278778076172,11.050759315490723,-13.667080879211426,9.906294822692871,3.9280307292938232,11.352503776550293,-8.24817180633545,6.887027263641357,4.915241241455078,10.005420684814453,-11.51445484161377,6.722389221191406,5.280271530151367,6.791195392608643,-2.2516207695007324,7.130544662475586,2122.511540576074,931.256441233442
2_87,-405.94830322265625,117.47199249267578,94.53500366210938,23.13360023498535,-8.311092376708984,24.843154907226562,26.074804306030273,22.1905460357666,-10.787221908569336,19.17226791381836,12.336742401123047,8.620540618896484,-6.858993053436279,15.183808326721191,-0.789459228515625,10.032683372497559,-3.8573994636535645,8.858416557312012,1.6161787509918213,12.84090805053711,-8.293856620788574,9.063715934753418,0.04418085515499115,8.357447624206543,-5.665074825286865,6.652310848236084,2264.982804238377,508.4816209208383
2_88,-262.2947692871094,55.58732986450195,122.62044525146484,12.830355644226074,-29.489717483520508,12.648092269897461,12.322208404541016,6.714806079864502,-18.49869728088379,7.202785491943359,4.838916301727295,8.592130661010742,-5.505675792694092,9.054010391235352,-6.767512798309326,6.823009490966797,-10.686495780944824,7.025588035583496,5.177506923675537,5.8813700675964355,-6.104467391967773,5.440040111541748,-7.6801042556762695,5.8421244621276855,-10.662219047546387,5.117446422576904,1775.209315417772,279.493179172901
2_89,-20.653589248657227,53.236297607421875,110.54611206054688,31.75311851501465,-62.107635498046875,31.57064437866211,-5.837321758270264,20.218353271484375,-34.5500602722168,17.1718807220459,-0.8130911588668823,10.067873001098633,-14.648674011230469,9.393948554992676,-0.035615503787994385,9.757390022277832,-16.456851959228516,7.50806999206543,1.2715625762939453,10.749100685119629,-7.6207451820373535,8.168272972106934,-5.270608425140381,7.196341514587402,-6.039791107177734,7.114664554595947,1902.0537659706747,453.903221781655
2_9,-45.70891189575195,86.03069305419922,120.38776397705078,49.97442626953125,-29.332229614257812,29.673091888427734,8.524209976196289,23.66016960144043,-13.257774353027344,13.957340240478516,0.48842084407806396,13.291542053222656,-15.86124324798584,12.703369140625,-4.118319988250732,10.282516479492188,-3.671994686126709,9.474629402160645,6.391331195831299,10.210941314697266,-3.4473018646240234,9.094847679138184,0.9600703120231628,8.494946479797363,-8.188019752502441,10.029115676879883,1974.3668752577153,1113.869060013381
2_91,-314.5108947753906,46.58570098876953,106.21685791015625,33.87873840332031,-22.304550170898438,27.861066818237305,30.217145919799805,15.310296058654785,-14.549328804016113,8.779964447021484,0.44563254714012146,11.55755615234375,-17.14556884765625,12.343852996826172,-7.192794322967529,9.776843070983887,-12.340738296508789,7.73487663269043,-2.675516128540039,8.61927318572998,-7.331144332885742,5.306552410125732,1.269984483718872,7.43143367767334,-9.018667221069336,7.743330478668213,2106.4501210415383,818.7767536156944
2_92,-266.33642578125,72.30397033691406,107.7808837890625,35.21475601196289,-39.031063079833984,24.42732048034668,11.638602256774902,20.712278366088867,-23.422712326049805,20.204326629638672,-2.455793619155884,12.212505340576172,-5.2174811363220215,13.051347732543945,-12.39711856842041,9.495413780212402,-13.30395221710205,9.604482650756836,7.143917560577393,9.206877708435059,-13.198819160461426,6.741886138916016,-3.887378454208374,7.478569507598877,-6.417408466339111,7.106466770172119,2062.2243937217095,701.0013256571143
2_94,-348.942626953125,109.78662872314453,140.6775360107422,20.022472381591797,-39.74477005004883,25.533166885375977,27.320281982421875,18.265501022338867,-13.76191234588623,29.552724838256836,-2.803623914718628,8.702713966369629,-8.31920051574707,10.486082077026367,-8.937760353088379,7.6047587394714355,-5.933258056640625,11.408141136169434,3.0288898944854736,9.246845245361328,-14.050232887268066,9.201215744018555,-0.15864630043506622,7.593626022338867,-13.56640911102295,7.642490863800049,1564.461111690786,341.6414054354233
2_96,-279.90216064453125,81.45643615722656,132.4803466796875,36.49964904785156,-25.803987503051758,28.971694946289062,9.783929824829102,14.711832046508789,-14.37559700012207,12.293970108032227,-0.4742943346500397,11.720314025878906,-11.624764442443848,11.235139846801758,3.567558765411377,10.663004875183105,-8.759780883789062,8.13364315032959,2.264097213745117,10.192987442016602,-2.226424217224121,7.5142974853515625,-2.2368390560150146,6.223081111907959,-4.407480716705322,6.889153480529785,1755.6308313388063,643.8675777162658
2_97,-305.18487548828125,46.44752883911133,93.05221557617188,31.973371505737305,-3.3134994506835938,27.95181655883789,42.46757125854492,15.217988967895508,-9.063895225524902,15.944738388061523,5.3192901611328125,16.591819763183594,-15.132019996643066,12.14549446105957,3.671387195587158,11.170592308044434,-12.757161140441895,10.0438814163208,1.1480072736740112,10.271761894226074,-10.97043514251709,10.4087553024292,1.1578714847564697,9.025677680969238,-8.466326713562012,8.494778633117676,2242.1385846891935,911.3482983102886
2_99,-262.6930847167969,64.24236297607422,67.005126953125,31.940738677978516,-51.88929748535156,28.739580154418945,10.010841369628906,19.06151008605957,-14.146203994750977,11.06799602508545,-8.421910285949707,12.953394889831543,-17.23877716064453,12.227703094482422,5.257734298706055,13.730691909790039,-4.390016078948975,9.113384246826172,-3.3397271633148193,15.051168441772461,-7.454001426696777,9.165459632873535,1.339738130569458,10.212774276733398,-4.583547115325928,13.300420761108398,2694.1396058859214,541.856025994801
