nid,audio_arousal_wav2vec,audio_dominance_wav2vec,audio_valence_wav2vec,valence,arousal,dominance,episode,sarcasm,audio_arousal_z,audio_valence_z,audio_dominance_z,text_arousal_z,text_valence_z,text_dominance_z,gap_arousal,gap_valence,gap_dominance,gap_total
51_1,0.6744624376296997,0.663475751876831,0.3919291496276855,0.5869130434782609,0.3944347826086956,0.511695652173913,51,1,-0.13831094472798344,-1.4167945933047228,-0.3362042001132422,-0.549783378160651,-0.4886038991366769,-0.15760044313707983,0.4114724334326676,0.9281906941680459,0.17860375697616238,1.0308961296954995
51_2,0.7970471382141113,0.7435157299041748,0.6108695864677429,0.7185714285714286,0.3461428571428571,0.5152857142857142,51,0,1.1474586864843268,-0.07240720360763772,0.7904841489649178,-1.172697594916393,0.8595862266528834,-0.1136832998560811,2.3201562814007195,0.9319934302605212,0.9041674488209989,2.658807194905163
51_5,0.6950296759605408,0.6739391088485718,0.739434540271759,0.798,0.419,0.5285,51,0,0.07741524555211118,0.7170362868032871,-0.18891602384364603,-0.23291833285274544,1.6729397827502976,0.047966738777699185,0.31033357840485665,0.9559034959470105,0.23688276262134522,1.0325559871873293
51_6,0.6852847337722778,0.6487141251564026,0.6076239347457886,0.7041999999999999,0.5077999999999999,0.495,51,1,-0.024797760343842026,-0.09233688543946697,-0.5439972711416445,0.9125067442036516,0.7124218961791413,-0.3618379537587483,0.9373045045474937,0.8047587816186083,0.18215931738289626,1.2487427468244578
51_15,0.4987565875053406,0.5390939116477966,0.5150490403175354,0.5245,0.4659999999999999,0.4644999999999999,51,0,-1.981259086210586,-0.660786106004427,-2.0870738739539685,0.3733314264000769,-1.127717381185854,-0.7349437186053659,2.354590512610663,0.4669312751814271,1.3521301553486027,2.7550639293529535
51_19,0.7171989679336548,0.7159121632575989,0.7896970510482788,0.6551,0.418,0.497,51,0,0.30994509820595534,1.0256694778105317,0.4019206123398227,-0.24581726390067785,0.20963481482899585,-0.33737200196552747,0.5557623621066332,0.8160346629815359,0.7392926143053502,1.2334252891392217
51_24,0.6192419528961182,0.6283048391342163,0.5060009956359863,0.5831000000000001,0.4856,0.5256000000000001,51,0,-0.7175090171854114,-0.7163449481573573,-0.8312900133553589,0.6261504749395529,-0.5276497036477965,0.012491108677530274,1.3436594921249643,0.18869524450956077,0.8437811220328891,1.5978089084671927
51_25,0.6924378871917725,0.6848105192184448,0.9162688851356506,0.724,0.27,0.793,51,0,0.05023042335560287,1.8028743655590773,-0.03588385537404727,-2.154859058994674,0.9151751387602598,3.2835888634311456,2.205089482350277,0.8876992267988175,3.319472718805193,4.082808919521335
51_28,0.6475582122802734,0.6628029942512512,0.8710570335388184,0.5981666666666666,0.4353333333333333,0.5275,51,0,-0.4205046910981862,1.5252543697789438,-0.34567431988558067,-0.022235792403183033,-0.3733660914480243,0.035733762881088794,0.3982688986950032,1.8986204612269681,0.3814080827666695,1.9770811559106982
51_29,0.7163134813308716,0.7098907232284546,0.708128809928894,0.7029333333333334,0.4698666666666666,0.5364666666666668,51,0,0.3006573830402279,0.5248057892961,0.3171593906014554,0.4232072931187491,0.6994511500207548,0.14542278008736337,0.12254991007852123,0.17464536072465475,0.17173661051409206,0.2738849135563465
51_30,0.6876850724220276,0.6566035747528076,0.4015434682369232,0.60375,0.40725,0.525375,51,0,0.00037897480956473634,-1.3577585884198344,-0.4329408820722692,-0.384480772665951,-0.3161924077235503,0.009738689100792562,0.3848597474755157,1.0415661806962841,0.4426795711730618,1.1953837612796687
51_31,0.5848477482795715,0.5999013185501099,0.7502843141555786,0.8326666666666666,0.3676666666666666,0.4436666666666666,51,0,-1.0782638550634547,0.7836585124688343,-1.2311141575346805,-0.8950634599799433,2.027928624979863,-0.989797383118082,0.18320039508351138,1.2442701125110287,0.2413167744165985,1.2806265198182467
51_33,0.7154728174209595,0.7542123198509216,0.9897868633270264,0.8535,0.5505,0.7655000000000001,51,1,0.29183980531423026,2.254306016208034,0.9410554455206095,1.4632910999503665,2.2412632657428255,2.9471820262743607,1.1714512946361362,0.013042750465208641,2.006126580753751,2.3231470265678653
51_35,0.6159182786941528,0.6440725922584534,0.8166431188583374,0.6723333333333333,0.433,0.5542380952380952,51,0,-0.7523704585607005,1.1911297933584972,-0.609334133630485,-0.05233329818169154,0.386105229668117,0.36282023744998054,0.700037160379009,0.8050245636903802,0.9721543710804657,1.4433297250688246
51_36,0.8487241864204407,0.7662441730499268,0.8196135759353638,0.7136666666666667,0.4019999999999999,0.758,51,0,1.6894902687097049,1.2093696630400768,1.1104226686413696,-0.4522001606675973,0.8093611569418314,2.855434707049782,2.1416904293773023,0.40000850609824534,1.7450120384084125,2.791399597769471
51_45,0.6959084272384644,0.6521214246749878,0.6476422548294067,0.6519333333333334,0.4446,0.5401333333333334,51,1,0.08663231506532605,0.15339261822723335,-0.4960341811455668,0.0972943019743244,0.17720794943302595,0.19027702504160057,0.010661986908998347,0.0238153312057926,0.6863112061871673,0.6868070469232053
51_48,0.6216639876365662,0.6588445901870728,0.7730140686035156,0.7142000000000001,0.5636,0.5646,51,0,-0.6921047155053268,0.9232288709268336,-0.40139507156457166,1.632267096678281,0.8148225237453638,0.4895771686453342,2.3243718121836077,0.1084063471814698,0.8909722402099058,2.4916435921310245
51_52,0.7019199132919312,0.6639456748962402,0.5983227491378784,0.6750666666666666,0.3469333333333333,0.5225333333333333,51,1,0.14968574807250223,-0.14945012053199247,-0.32958929586188074,-1.1625012970404076,0.41409473453621665,-0.025023350738742862,1.3121870451129098,0.5635448550682092,0.3045659451231379,1.46019795232179
51_56,0.6462076902389526,0.6668345928192139,0.603739321231842,0.6755555555555556,0.4664444444444445,0.5694444444444444,51,0,-0.4346700822011112,-0.11619006440161428,-0.2889232406545004,0.3790642846436042,0.4191009874394551,0.5488391407666909,0.8137343668447155,0.5352910518410694,0.8377623814211914,1.2847357462489297
51_58,0.5446131825447083,0.5731564164161682,0.6795178055763245,0.6806666666666666,0.3796666666666666,0.5299999999999999,51,1,-1.5002772262286417,0.34912205533944285,-1.6075906430886047,-0.7402762874047542,0.4714390859733011,0.0663162026226141,0.7600009388238875,0.12231703063385824,1.6739068457112187,1.8424242212680433
51_59,0.5854384303092957,0.6095110177993774,0.8936247229576111,0.7405714285714285,0.411,0.5729285714285715,51,0,-1.0720682938563761,1.6638295800375646,-1.0958425539043537,-0.3361097812362048,1.0848676072985692,0.5914603821842468,0.7359585126201713,0.5789619727389954,1.6873029360886005,1.929720989238894
51_61,0.6692821979522705,0.6421291828155518,0.6345736980438232,0.5965,0.434,0.4568333333333333,51,0,-0.19264557888612657,0.0731461219762299,-0.6366906725847773,-0.03943436713375911,-0.3904328627090604,-0.8287298671460447,0.15321121175236746,0.4635789846852903,0.1920391945612674,0.5246505529361555
51_66,0.7856805324554443,0.756553590297699,0.5801085233688354,0.7107083333333333,0.4831666666666667,0.5634583333333333,51,0,1.0282363330847424,-0.26129321260952193,0.974012502724247,0.5947630760562513,0.7790676379534903,0.47561118783003686,0.43347325702849104,1.0403608505630122,0.49840131489421013,1.232336656369257
51_68,0.6302515268325806,0.6438482999801636,0.3964300453662872,0.6191599999999999,0.3852,0.5473600000000001,51,1,-0.6020315085517602,-1.3891571794005118,-0.6124913995738986,-0.6689022022728608,-0.1583930406440041,0.2786806641877722,0.06687069372110055,1.2307641387565076,0.8911720637616709,1.520999573358594
51_69,0.6272698640823364,0.6246424317359924,0.6052542328834534,0.823,0.5395,0.5885,51,1,-0.6333056512180467,-0.10688786262324078,-0.8828441472626273,1.32140285842311,1.9289413516658498,0.7819452925743227,1.9547085096411565,2.0358292142890906,1.6647894398369498,3.2767376804390542
51_74,0.6775861978530884,0.6988309621810913,0.3607706129550934,0.6010909090909091,0.5467272727272727,0.587,51,1,-0.10554636634851083,-1.6081212590802565,0.16147589064602433,1.4146269509968035,-0.34342166550820435,0.7635958287294065,1.5201733173453142,1.2646995935720522,0.6021199380833822,2.0671091883564126
51_77,0.6699418425559998,0.6649349927902222,0.6879668235778809,0.6681428571428573,0.4648571428571428,0.6194285714285714,51,0,-0.18572668121925082,0.40100261893269995,-0.31566309332965126,0.358589790916726,0.34319449049751116,1.1602937613766293,0.5443164721359768,0.05780812843518879,1.4759568547062805,1.5741889462533367
51_79,0.5454485416412354,0.622219443321228,0.3507735133171081,0.52325,0.596,0.61625,51,0,-1.4915152897687824,-1.6695077022646694,-0.9169515131583774,2.050192462631291,-1.1405174596316314,1.12141037370526,3.5417077524000735,0.528990242633038,2.0383618868636377,4.120490706460825
51_80,0.5243457555770874,0.5712668895721436,0.545436441898346,0.437,0.4064,0.477,51,0,-1.7128587471977772,-0.47419453762847236,-1.6341886998710005,-0.39544486405669377,-2.0237228723902896,-0.5820315198977353,1.3174138831410835,1.5495283347618172,1.0521571799732652,2.2899022099408293
51_87,0.6384196281433105,0.6284753680229187,0.5371715426445007,0.6302777777777778,0.4167222222222222,0.519888888888889,51,1,-0.5163577127197085,-0.5249445338116966,-0.8288895515259391,-0.26229923135081357,-0.04454629848537964,-0.05737277588755568,0.254058481368895,0.480398235326317,0.7715167756383834,0.9436982099970076
51_88,0.7640380859375,0.7381559610366821,0.5389730334281921,0.5924871794871794,0.4470769230769231,0.5176410256410257,51,1,0.801232470896021,-0.513882614290546,0.7150369876139635,0.12924396195458804,-0.43152439659140385,-0.08487083281754379,0.671988508941433,0.0823582176991422,0.7999078204315073,1.0479522667370849
51_89,0.6701244711875916,0.677450954914093,0.6375422477722168,0.5787142857142857,0.4846428571428571,0.5477142857142857,51,0,-0.1838111212254578,0.091374279726077,-0.13948127706714109,0.613804355222246,-0.5725596931661254,0.2830146327911418,0.7976154764477038,0.6639339728922025,0.4224959098582829,1.120491661047194
51_93,0.8502660989761353,0.794089674949646,0.5643207430839539,0.6124999999999999,0.547625,0.5542083333333333,51,1,1.7056631216729659,-0.3582368975342418,1.5023918237794374,1.4262066731875613,-0.22659185860310746,0.3624561607863911,0.2794564484854045,0.13164503893113436,1.1399356629930462,1.181050226975403
51_96,0.6842178106307983,0.6813343167304993,0.2977433800697326,0.605111111111111,0.4478888888888888,0.5547777777777778,51,1,-0.03598853184805054,-1.9951352722133375,-0.08481686283772698,0.1397174529764119,-0.3022545445270376,0.36942216094973945,0.17570598482446242,1.6928807276862998,0.45423902378746644,1.7615478540210654
51_102,0.6063758134841919,0.5880992412567139,0.4470424056053161,0.6688,0.4606,0.4196,51,1,-0.8524597186019165,-1.078375763915058,-1.3972469240485155,0.3036771987412431,0.3499236745947183,-1.2842043363631712,1.1561369173431597,1.4282994385097763,0.11304258768534425,1.8410514616168896
51_106,0.6931122541427612,0.7011125683784485,0.3178484141826629,0.5561851851851851,0.4245185185185185,0.4720740740740741,51,0,0.05730374116558137,-1.8716818128115063,0.19359307986949778,-0.16173534299563674,-0.8032590964343644,-0.6422902530180749,0.21903908416121812,1.0684227163771418,0.8358833328875727,1.374120143022484
51_114,0.6369813680648804,0.6264855861663818,0.644127368927002,0.6363333333333334,0.4391111111111111,0.5244444444444444,51,0,-0.5314433728535941,0.13180972403181765,-0.8568988550042749,0.026493502666784446,0.01746297042972137,-0.0016447745807766682,0.5579368755203785,0.11434675360209628,0.8552540804234982,1.027535050110615
51_118,0.5213541388511658,0.548224151134491,0.4443389475345611,0.7123333333333334,0.485,0.624,51,0,-1.7442372953859184,-1.0949761461530496,-1.958551419207197,0.6184111163107936,0.7957077399330024,1.2162159369039909,2.362648411696712,1.890683886086052,3.1747673561111878,4.385879711053151
51_119,0.6841655969619751,0.6504161357879639,0.5768933892250061,0.6777727272727273,0.4463181818181818,0.5788636363636364,51,0,-0.0365361919507146,-0.2810355035336345,-0.520038799439764,0.11945701077486238,0.44180496496550126,0.6640638884797132,0.15599320272557698,0.7228404684991357,1.1841026879194771,1.396041330955056
51_120,0.561924159526825,0.6194663047790527,0.8707724809646606,0.6658000000000001,0.5142,0.5118,51,0,-1.3187053956159447,1.5235070959636323,-0.955706260414895,0.99505990291042,0.319203486324853,-0.1563239586956934,2.3137652985263646,1.2043036096387794,0.7993823017192017,2.728162221195008
51_122,0.6223252415657043,0.6482781171798706,0.6316606998443604,0.7025714285714286,0.5286428571428571,0.5164285714285715,51,1,-0.68516893790378,0.055259074238085834,-0.5501347679197659,1.1813573213312718,0.6957452225469294,-0.09970275597423967,1.8665262592350518,0.6404861483088435,0.45043201194552623,2.0241125907357
51_123,0.5181531310081482,0.5590580105781555,0.3546134531497955,0.6061428571428572,0.4055714285714286,0.4404285714285714,51,1,-1.7778121106296065,-1.6459288387035644,-1.8060478389768624,-0.40613254978212315,-0.2916894004130611,-1.0294089241166295,1.3716795608474834,1.3542394382905034,0.7766389148602328,2.0781331232487017
51_124,0.6353890895843506,0.6121482849121094,0.5817294120788574,0.7475,0.3825,0.5315000000000001,51,1,-0.5481445052537856,-0.2513402666242729,-1.0587188789289936,-0.7037293161022781,1.1558166135408805,0.08466566646753172,0.15558481084849252,1.4071568801651533,1.1433845453965255,1.8197871681640432
51_125,0.7970223426818848,0.7546007633209229,0.8357241153717041,0.7198333333333333,0.5763333333333334,0.5555,51,0,1.147198610453838,1.3082952264126204,0.9465233971956631,1.7965134853552875,0.8725082106076677,0.3782570879861798,0.6493148749014495,0.4357870158049527,0.5682663092094833,0.9666678478645284
51_128,0.3869113028049469,0.5067341327667236,0.4927223920822143,0.8013999999999999,0.5307999999999999,0.5528000000000001,51,0,-3.154384849674319,-0.7978812208903798,-2.5425885647700377,1.2091821583060973,1.7077559961228113,0.34522805306533266,4.363567007980416,2.505637217013191,2.8878166178353704,5.801587689129837
51_129,0.6079078316688538,0.6028542518615723,0.6933183670043945,0.7539090909090909,0.4954545454545455,0.5254545454545455,51,0,-0.8363906459777449,0.43386337139058023,-1.1895469852336977,0.7532635772664511,1.2214461066628666,0.010711766728932225,1.589654223244196,0.7875827352722864,1.20025875196263,2.141940285358108
51_136,0.6847568154335022,0.6699643135070801,0.6910925507545471,0.5105,0.3625,0.388,51,1,-0.030335004098745646,0.42019591305686127,-0.24486750848422054,-0.9617079370609265,-1.271078259778564,-1.6707663746960588,0.9313729329621808,1.6912741728354252,1.4258988662118384,2.400219040966664
51_143,0.7180835008621216,0.6959514617919922,0.646798849105835,0.6311538461538462,0.4261538461538461,0.572,51,0,0.3192228104474332,0.14821374841436016,0.12094240201293562,-0.14064136458676785,-0.0355753033353477,0.5801011902802505,0.4598641750342011,0.18378905174970786,0.45915878826731493,0.675337151255617
51_148,0.7358839511871338,0.7025750875473022,0.790235161781311,0.6499375000000001,0.4645,0.539125,51,0,0.5059286419312231,1.028973706550505,0.21418033324540542,0.3539830298281797,0.15677049084793457,0.17794210767918445,0.15194561210304341,0.8722032157025703,0.03623822556622097,0.8860807680519092
51_156,0.7943499684333801,0.7417622208595276,0.5280729532241821,0.7185714285714286,0.3461428571428571,0.5152857142857142,51,0,1.1191685411582408,-0.5808137421555326,0.7658007562491894,-1.172697594916393,0.8595862266528834,-0.1136832998560811,2.291866136074634,1.440399968808416,0.8794840561052705,2.846207065688007
51_157,0.7931349277496338,0.7489213943481445,0.6853414177894592,0.71,0.4822,0.573,51,0,1.1064241904815206,0.3848815109010656,0.866577362608306,0.5822941093765832,0.77181426016755,0.592334166176861,0.5241300811049374,0.38693274926648435,0.274243196431445,0.7068512044008445
51_159,0.7101487517356873,0.6900696754455566,0.5906881093978882,0.6077777777777778,0.540888888888889,0.5558888888888889,51,0,0.2359966051426986,-0.1963300552734272,0.0381470251072599,1.3393180404341285,-0.2749477105093782,0.3830143563904171,1.1033214352914298,0.07861765523595102,0.34486733128315716,1.1586338513416163
51_164,0.7321591377258301,0.6966615319252014,0.7237093448638916,0.62575,0.436875,0.474625,51,1,0.4668597205434578,0.620476899638533,0.1309377539087333,-0.002349940370953228,-0.09091102707786335,-0.6110848376521845,0.469209660914411,0.7113879267163964,0.7420225915609178,1.1299681475864929
51_170,0.6747663021087646,0.6932926177978516,0.6659468412399292,0.7032857142857143,0.4261428571428571,0.6622857142857143,51,1,-0.1351237629889636,0.26579056307058013,0.08351499855723657,-0.14078311108179997,0.7030595530873732,1.684564156945645,0.005659348092836358,0.4372689900167931,1.6010491583884086,1.6596971426821743
51_172,0.7888692617416382,0.7772991061210632,0.3425097167491913,0.6084705882352941,0.3847647058823529,0.4603529411764706,51,0,1.061682360678717,-1.7202509274873605,1.2660382072517524,-0.6745170310819611,-0.26785328794596674,-0.7856745892354257,1.7361993917606782,1.4523976395413938,2.051712796487178,3.0550568948163304
51_173,0.8376789093017578,0.7611634731292725,0.4748159348964691,0.7491666666666666,0.314,0.4818333333333333,51,1,1.5736382755994605,-0.9078344829835435,1.0389038408399935,-1.5873060928856482,1.1728833848019167,-0.5229054697307856,3.160944368485109,2.0807178677854603,1.561809310570779,4.093922870373228
51_177,0.6352123022079468,0.6575958132743835,0.4767130315303802,0.5910000000000001,0.5323333333333333,0.5903333333333333,51,1,-0.5499987973365499,-0.8961855028843122,-0.4189735671214303,1.2289605192462612,-0.4467532078704816,0.8043724150514406,1.778959316582811,0.4494322950138306,1.223345982172871,2.2052802610907953
51_184,0.7298470139503479,0.7099255919456482,0.7251728177070618,0.648,0.3555,0.431,51,0,0.44260825588313646,0.6294632452580012,0.3176502225379149,-1.0520004543964534,0.13693036925697882,-1.1447484111418127,1.4946087102795897,0.4925328760010224,1.4623986336797277,2.1482675798358524
51_185,0.6975613236427307,0.6720200181007385,0.4404258131980896,0.5400666666666666,0.3979333333333333,0.4208,51,1,0.10396925833813087,-1.1190044550943812,-0.21593023898584346,-0.504655813595855,-0.9683137376077701,-1.2695247652872383,0.6086250719339859,0.15069071748661111,1.0535945263013948,1.2260479584321078
51_214,0.7147189378738403,0.7056367993354797,0.4815554320812225,0.706,0.415,0.5767777777777777,51,0,0.2839324936949437,-0.8664511042032208,0.2572787333823516,-0.28451405704447513,0.7308540091410614,0.6385476306751667,0.5684465507394189,1.5973051133442822,0.38126889729281516,1.73778050346015
51_215,0.6660174131393433,0.7164789438247681,0.1556477695703506,0.5694285714285714,0.5298571428571429,0.4971428571428571,51,0,-0.2268893396890046,-2.8676627488358135,0.40989893863690485,1.1970203090323341,-0.6676459901919028,-0.3356244339802978,1.4239096487213387,2.2000167586439106,0.7455233726172026,2.7245912583641445
51_216,0.7133938074111938,0.7123987674713135,0.4539569318294525,0.635,0.4039999999999999,0.35,51,1,0.27003343045016365,-1.0359176323993633,0.3524640508105862,-0.42640229857173245,0.0038095534208911026,-2.1356194587672537,0.6964357290218961,1.0397271858202544,2.48808350957784,2.785069998442615
51_218,0.8598077297210693,0.8000437021255493,0.2799954414367676,0.74,0.594,0.667,51,0,1.8057436291554634,-2.1041151629801877,1.586204103773983,2.024394600535426,1.079016142866214,1.742233900458238,0.21865097137996248,3.183131305846402,0.15602979668425498,3.194444936917547
51_221,0.7538424134254456,0.7609988451004028,0.6026778221130371,0.5966666666666667,0.36775,0.4298333333333333,51,0,0.6942918329266139,-0.12270812040850182,1.0365864428767437,-0.8939885490592809,-0.38872618558295696,-1.1590202163545253,1.5882803819858948,0.26601806517445514,2.1956066592312693,2.722882440514301
51_227,0.6008015871047974,0.6189402341842651,0.8240846991539001,0.7276363636363636,0.4534545454545454,0.5268181818181819,51,0,-0.910926810840664,1.236824261009904,-0.963111529938299,0.21150847325328875,0.9524117306025223,0.02739309749703706,1.1224352840939527,0.2844125304073818,0.9905046274353361,1.5237620783451122
51_241,0.2990739345550537,0.3826816380023956,0.4448429346084595,0.566,0.5559999999999999,0.5796666666666667,51,1,-4.0756957477138,-1.0918814511917243,-4.288822184140839,1.534235220713994,-0.702754776786036,0.6738873388209307,5.609930968427793,0.38912667440568827,4.96270952296177,7.500082056121431
51_242,0.6090559959411621,0.6386291980743408,0.7867685556411743,0.6723333333333333,0.4605833333333333,0.5365,51,1,-0.824347750364026,1.0076872706270628,-0.6859584525999909,0.30346221655711025,0.386105229668117,0.1458305459505823,1.127809966921136,0.6215820409589458,0.8317889985505732,1.5330337547618147
51_243,0.5017580389976501,0.5645803213119507,0.5081465244293213,0.6626363636363636,0.3696363636363636,0.513909090909091,51,1,-1.9497773828661211,-0.7031704889499946,-1.728312645675951,-0.8696564745825001,0.28680765142208364,-0.13052350044102376,1.0801209082836212,0.9899781403720782,1.5977891452349273,2.167867165570011
51_246,0.8431879281997681,0.7690643072128296,0.5647078156471252,0.5575,0.572625,0.547125,51,1,1.6314214178926436,-0.35586010738831964,1.1501204844390505,1.7486799493858718,-0.7897953102173236,0.27580591485206757,0.11725853149322818,0.433935202829004,0.874314569586983,0.9830947513105074
51_248,0.5617530941963196,0.6060495972633362,0.4192212522029876,0.6905555555555556,0.477,0.6467777777777778,51,0,-1.3204996701532117,-1.2492094771420128,-1.1445674821881326,0.5152196679273342,0.5727019287887871,1.494855943437894,1.8357193380805459,1.8219114059308,2.6394234256260267,3.6953731447591394
51_249,0.4101657271385193,0.4768704771995544,0.564254641532898,0.653,0.4566,0.528,51,1,-2.9104732321813764,-0.3586427891683391,-2.962966401167219,0.25208147454951346,0.18813068304008948,0.04185025082939467,3.16255470673089,0.5467734722084285,3.004816651996614,4.396548261431086
51_251,0.6674460172653198,0.689954400062561,0.8078169226646423,0.7203478260869566,0.431,0.556304347826087,51,0,-0.21190495916314597,1.1369331952651793,0.036524343115614415,-0.07813116027755637,0.8777766486925972,0.3880966555551925,0.1337737988855896,0.25915654657258214,0.3515723124395781,0.4567938657357621
51_260,0.7479760050773621,0.7604726552963257,0.6475246548652649,0.7658461538461538,0.4970769230769231,0.6175384615384616,51,1,0.6327600947709039,0.15267050443636418,1.0291794952954376,0.7741905143512083,1.3436823802681397,1.1371720926489708,0.14143041958030445,1.1910118758317756,0.10799259735353317,1.2042318103414094
51_271,0.6913427114486694,0.6737349629402161,0.5367448329925537,0.648,0.5835,0.5885,51,1,0.03874331522050079,-0.5275647125389304,-0.19178969800154977,1.8889558245321363,0.13693036925697882,0.7819452925743227,1.8502125093116355,0.6644950817959092,0.9737349905758724,2.193855026025194
51_288,0.6652241945266724,0.6698359251022339,0.6720144748687744,0.639888888888889,0.5186666666666667,0.5613333333333334,51,0,-0.235209271933586,0.30304841389820314,-0.24667477684513284,1.0526751282578521,0.05387208245326648,0.4496161140497406,1.2878844001914382,0.24917633144493667,0.6962908908948735,1.4851114696048893
51_296,0.7425535917282104,0.7539256811141968,0.3973262012004852,0.5989166666666667,0.4235833333333333,0.5032083333333334,51,0,0.575885343036135,-1.3836544014756673,0.9370205552942273,-0.17379823221638863,-0.3656860443805574,-0.26142560994073755,0.7496835752525237,1.01796835709511,1.198446165234965,1.7419983496021791
51_299,0.6494094133377075,0.6563901901245117,0.8120337128639221,0.6895,0.46225,0.46425,51,0,-0.4010877647642361,1.1628260803380788,-0.43594460571761096,0.3249604349703314,0.5618929736567968,-0.7380019625795174,0.7260481997345675,0.600933106681282,0.3020573568619065,0.989699567483903
51_310,0.8332944512367249,0.7734853029251099,0.8478493690490723,0.224,0.167,0.264,51,0,1.5276504565448195,1.382749440426272,1.2123529398084036,-3.4834489569317126,-4.204856239550802,-3.187655385875746,5.011099413476532,5.587605679977074,4.40000832568415,8.700145276531119
51_311,0.8476549386978149,0.7569180727005005,0.6112163066864014,0.7004375,0.4783125,0.5448125,51,1,1.678275115077638,-0.07027819401742688,0.979143164760913,0.5321495149277454,0.6738936600573517,0.2475171580911568,1.1461256001498925,0.7441718540747786,0.7316260066697562,1.55005556460134
51_316,0.6528620719909668,0.6847256422042847,0.8737084865570068,0.7162857142857143,0.4572857142857143,0.5737142857142857,51,0,-0.36487342788419236,1.5415354188782973,-0.03707863260057425,0.2609264558395243,0.8361803689234609,0.601072006103012,0.6257998837237166,0.7053550499548363,0.6381506387035862,1.1385901275890293
51_317,0.7839914560317993,0.7633981704711914,0.8099610209465027,0.7080000000000001,0.6376666666666667,0.6693333333333333,51,1,1.0105199038732193,1.150098870523743,1.0703607142788625,2.587647922961809,0.7513341346543068,1.7707775108836616,1.5771280190885895,0.39876473586943617,0.7004167966047992,1.771137993532251
51_320,0.9111492037773132,0.8511214256286621,0.8114427328109741,0.397,0.781,0.298,51,0,2.3442554324105234,1.1591972114904012,2.3052032512841527,4.436494706498787,-2.433325382655174,-2.7717342053909935,2.092239274088264,3.592522594145575,5.076937456675147,6.5619339914749935
51_322,0.687457799911499,0.6898742914199829,0.7166701555252075,0.621375,0.457375,0.55025,51,0,-0.0020048470756613567,0.5772532835847735,0.035396688205184455,0.2620781461116607,-0.1357113016380853,0.31403396452897553,0.26408299318732203,0.7129645852228588,0.2786372763237911,0.8097512326819386
52_3,0.8480134010314941,0.7966399192810059,0.6231657266616821,0.608,0.4488333333333333,0.5473333333333333,52,1,1.682034964229946,0.0030963262896538126,1.5382905164860268,0.15189977674390465,-0.2726721410079065,0.2783544514971951,1.5301351874860414,0.2757684672975603,1.2599360649888316,2.0011998469413617
52_8,0.7144551277160645,0.6957249641418457,0.6656221151351929,0.6496999999999999,0.3726,0.4338,52,0,0.2811654347744059,0.2637966066931573,0.1177540919983271,-0.8314287334768091,0.15433847594323566,-1.1104960786313034,1.112594168251215,0.10945813074992164,1.2282501706296305,1.6608568111868034
52_11,0.771877110004425,0.7382683753967285,0.7048428058624268,0.6722857142857144,0.3875,0.5048571428571429,52,0,0.8834546326792049,0.5046283269085595,0.7166193962159507,-0.6392346608626159,0.38561760763208824,-0.24125576277787403,1.5226892935418208,0.11901071927647128,0.9578751589938248,1.802850813624643
52_12,0.6141315698623657,0.6493155360221863,0.4991389811038971,0.6193846153846153,0.4707692307692308,0.5065384615384615,52,0,-0.7711109371422734,-0.758480635552547,-0.5355314690239077,0.4348494052440634,-0.1560929650094398,-0.22068823187478284,1.2059603423863368,0.6023876705431072,0.3148432371491249,1.3843184304954772
52_15,0.6730639934539795,0.6550027132034302,0.4927556216716766,0.4755,0.3715,0.44275,52,1,-0.15297898277444938,-0.7976771770797313,-0.45547552164394167,-0.8456175576295347,-1.629480456260338,-1.0010109443566408,0.6926385748550854,0.8318032791806067,0.5455354227126992,1.2121277936204655
52_26,0.6326037049293518,0.637902021408081,0.6298237442970276,0.5516153846153846,0.4543846153846154,0.4572307692307692,52,0,-0.5773599210729569,0.043979385986288026,-0.6961946058047866,0.22350538115101698,-0.8500541410543692,-0.8238680433922635,0.8008653022239738,0.8940335270406572,0.12767343758747685,1.207054964135626
52_39,0.6067322492599487,0.6564987301826477,0.6219549179077148,0.6983333333333334,0.3777777777777777,0.5413333333333333,52,0,-0.848721125663639,-0.004338554373152267,-0.4344167339974525,-0.7646409349397376,0.6523468613402924,0.20495659611753278,0.08408019072390138,0.6566854157134446,0.6393733301149853,0.9203822406724466
52_41,0.6080074310302734,0.6368666887283325,0.4942300021648407,0.5824444444444444,0.3858888888888889,0.4991111111111111,52,0,-0.8353459655764303,-0.7886238538506687,-0.7107685386873523,-0.660016271995396,-0.5343626336771385,-0.3115468306282388,0.17532969358103423,0.25426122017353014,0.39922170805911356,0.5047447292651879
52_44,0.6464858055114746,0.6542835235595703,0.3437543511390686,0.6378,0.4727333333333333,0.5472,52,0,-0.4317529794168298,-1.7126083430352395,-0.4655992449692749,0.46018422878948895,0.0324817291394333,0.2767233880443139,0.8919372082063187,1.7450900721746727,0.7423226330135888,2.0956942131116634
52_52,0.6206978559494019,0.6559756398200989,0.4323400557041168,0.6654761904761904,0.4066666666666666,0.5495238095238095,52,0,-0.7022383029529088,-1.1686544446894365,-0.44178005207329574,-0.3920051491105789,0.3158876564798506,0.30515049393738924,0.3102331538423299,1.484542101169287,0.746930546010685,1.6905665028181824
52_53,0.583115816116333,0.6463472247123718,0.5289324522018433,0.6746666666666666,0.4653333333333333,0.6175,52,0,-1.0964297906834428,-0.5755360529186682,-0.5773151107943034,0.36473213903478957,0.40999870943356825,1.136701593576024,1.4611619297182323,0.9855347623522364,1.7140167043703274,2.4584804688105835
52_57,0.7276678085327148,0.7189614772796631,0.5998461246490479,0.6536875,0.4274375,0.5134375,52,0,0.41975094879009917,-0.14009594705655692,0.44484449445491653,-0.12408360213581518,0.1951707261852667,-0.13629246066499442,0.5438345509259144,0.33526667324182363,0.5811369551199109,0.8636433995425844
52_64,0.7463881969451904,0.7427917718887329,0.5720481872558594,0.698,0.61,0.613,52,0,0.6161058510781323,-0.3107871041144577,0.7802933033234876,2.230777497302345,0.6489335070880843,1.0816532020412766,1.6146716462242126,0.959720611202542,0.301359898717789,1.9023790277551385
52_65,0.8464198112487793,0.7947745323181152,0.4907678663730621,0.4437142857142856,0.489,0.4371428571428571,52,1,1.6653200778089114,-0.8098828399341135,1.5120322664288721,0.6700068405025233,-1.9549681653101134,-1.0696029877769206,0.9953132373063881,1.1450853253759998,2.5816352542057928,2.9944464310631758
52_71,0.6088703870773315,0.6113649010658264,0.4582192003726959,0.6258,0.4591999999999999,0.535,52,0,-0.8262945694960989,-1.009745490954222,-1.069746236434783,0.28561869527413614,-0.0903990239400323,0.12748108210566741,1.111913264770235,0.9193464670141898,1.1972273185404503,1.874807266639169
52_74,0.5310985445976257,0.5608553290367126,0.2809387445449829,0.6835,0.4373749999999999,0.531,52,1,-1.6420299161348557,-2.0983228807428356,-1.7807477599819928,0.00409952515301155,0.5004525971170639,0.07854917851922584,1.6461294412878673,2.5987754778598995,1.8592969385012186,3.5944903988355095
52_92,0.5370045304298401,0.5963101387023926,0.5111249089241028,0.5236666666666666,0.3758333333333333,0.4566666666666667,52,0,-1.5800830566227884,-0.6848819415521528,-1.2816656518452496,-0.7897221897551613,-1.1362507668163726,-0.8307686964621455,0.7903608668676271,0.45136882526421984,0.45089695538310415,1.0157323371193328
52_94,0.6139942407608032,0.6159173846244812,0.6131881475448608,0.6161538461538462,0.4568461538461538,0.4880769230769231,52,0,-0.7725513582342117,-0.058170252593436,-1.0056628831990544,0.2552565960382345,-0.1891762446846797,-0.4465277868891278,1.027807954272446,0.1310059920912437,0.5591350963099266,1.1773630777101143
52_98,0.5398286581039429,0.5597066879272461,0.6169053912162781,0.6990000000000001,0.4,0.614,52,0,-1.550461272005978,-0.03534479564079737,-1.796916686900814,-0.4779980227634607,0.6591735698447075,1.093886177937887,1.0724632492425172,0.6945183654855049,2.890802864838701,3.160581336452539
52_99,0.6388528347015381,0.6633281111717224,0.6510686874389648,0.5612,0.534,0.6359999999999999,52,0,-0.5118138843793405,0.17443237158856398,-0.3382824748253962,1.2504587376594822,-0.7519070780178214,1.3630116476633143,1.7622726220388227,0.9263394496063854,1.7012941224887106,2.61879958406505
52_103,0.7307066917419434,0.7200000286102295,0.4971760213375091,0.56525,0.301,0.43,52,1,0.4516252669113599,-0.7705340432944097,0.4594637349008478,-1.7549921965087696,-0.7104348238535018,-1.1569813870384231,2.2066174634201294,0.0600992194409079,1.6164451219392708,2.7359947694192246
52_104,0.7152078151702881,0.6834911704063416,0.6738367676734924,0.562,0.39675,0.4873125,52,0,0.2890602427383805,0.3142380666748089,-0.05445576120914184,-0.5199195486692414,-0.7437150278125234,-0.45587895596394074,0.8089797914076219,1.0579530944873323,0.4014231947547989,1.3909901632752084
52_113,0.3990764021873474,0.4482142329216003,0.5686562657356262,0.6775000000000001,0.3341666666666666,0.5695,52,0,-3.026787235355398,-0.33161494471100716,-3.366348028099683,-1.3271776500856787,0.4390122205773323,0.5495187505387252,1.6996095852697193,0.7706271652883394,3.9158667786384083,4.337804928562947
52_129,0.73642498254776,0.7147248387336731,0.8238149285316467,0.6829999999999999,0.4239090909090909,0.606,52,0,0.5116034258945583,1.235167754665518,0.38520715563166436,-0.16959630770834985,0.49533256573875234,0.9960223707650039,0.6811997336029082,0.7398351889267656,0.6108152151333395,1.1766411563740935
52_130,0.8135887980461121,0.7760701775550842,0.8108288049697876,0.5960000000000001,0.5055000000000001,0.534,52,1,1.3209612831414475,1.1554274334640695,1.2487391083356476,0.882839202793409,-0.39555289408737093,0.11524810620905702,0.43812208034803846,1.5509803275514404,1.1334910021265905,1.9703534671834921
52_139,0.6465901136398315,0.6583096385002136,0.9123207926750184,0.97,0.587,0.87,52,0,-0.4306589095770329,1.7786313988689653,-0.40892535640170624,1.9341020831998992,3.434230576889302,4.225528007470144,2.364760992776932,1.6555991780203367,4.634453363871851,5.459968971809645
52_140,0.7224825620651245,0.7125857472419739,0.7548221349716187,0.6381578947368421,0.337578947368421,0.4431578947368421,52,0,0.3653637992796458,0.8115226620514253,0.35509608463054065,-1.2831628765975587,0.036146593704961295,-0.9960211778724972,1.6485266758772044,0.775376068346464,1.3511172625030379,2.2681195086407744
52_141,0.6595760583877563,0.6798557639122009,0.5911668539047241,0.5406666666666666,0.3795555555555556,0.4426666666666666,52,0,-0.2944515908016753,-0.19339036040862173,-0.10562981500151085,-0.7417095019656342,-0.9621696999537964,-1.0020303590146924,0.4472579111639589,0.7687793395451747,0.8964005440131816,1.262772840742701
52_143,0.7112714648246765,0.7008646130561829,0.6763023138046265,0.6481034482758621,0.4298275862068965,0.5189310344827586,52,0,0.24777254771550705,0.3293775684281305,0.1901027194324527,-0.09325404495444345,0.1379896860938707,-0.06909018575021077,0.3410265926699505,0.1913878823342598,0.25919290518266347,0.4691582041374721
52_153,0.8124077320098877,0.7744457721710205,0.9001761674880981,0.7732857142857144,0.4489999999999999,0.533,52,0,1.3085732866411184,1.704058235548657,1.2258730523282462,0.15404959858522577,1.4198639460509226,0.10301513031244663,1.1545236880558927,0.2841942894977345,1.1228579220157995,1.6353902450176658
52_154,0.7919507026672363,0.7687993049621582,0.9391769170761108,0.653,0.35,0.537,52,0,1.0940030592946148,1.9435394236361792,1.1463901617219585,-1.1229445751600817,0.18813068304008948,0.1519470338988882,2.2169476344546966,1.7554087405960896,0.9944431278230703,2.997537955547845
52_161,0.7369275093078613,0.7327585816383362,0.6887121200561523,0.7055,0.479,0.5155000000000001,52,0,0.5168743417913171,0.40557905625709334,0.6390603989947939,0.5410175300231991,0.7257339777627508,-0.11106194787823455,0.024143188231881996,0.3201549215056575,0.7501223468730285,0.8159446075442829
52_166,0.5892714858055115,0.6024912595748901,0.4438122808933258,0.5157272727272727,0.4447272727272727,0.4479090909090908,52,0,-1.0318640405662844,-1.0982101033026286,-1.1946566715465834,0.09893598410769724,-1.2175506590053116,-0.937899909617311,1.1308000246739818,0.11934055570268298,0.25675676192927244,1.1657078960161968
52_167,0.7513173818588257,0.7118105888366699,0.7384978532791138,0.609,0.3615,0.368,52,0,0.6678072154275756,0.7112846303291315,0.34418451312001863,-0.9746068681088589,-0.26243207825128434,-1.9154258926282668,1.6424140835364345,0.9737167085804158,2.2596104057482855,2.9582913034610767
52_169,0.6840085983276367,0.7397583723068237,0.2291072309017181,0.4625333333333333,0.45,0.4076,52,0,-0.038182923355300366,-2.4165904165924244,0.7375934419383675,0.16694852963315962,-1.7622599366712048,-1.4310000471224953,0.20513145298845997,0.6543304799212195,2.168593489060863,2.274428502010177
52_172,0.761056661605835,0.7622307538986206,0.2180925458669662,0.49925,0.52225,0.46075,52,1,0.769960828960797,-2.484225266855482,1.0539274932404092,1.098896297846276,-1.386278965790562,-0.7808173782176538,0.328935468885479,1.09794630106492,1.8347448714580632,2.1633246094968537
52_177,0.8601802587509155,0.8026666641235352,0.6605284214019775,0.608,0.4488333333333333,0.5473333333333333,52,0,1.8096510214404524,0.23251916100633632,1.623126411801052,0.15189977674390465,-0.2726721410079065,0.2783544514971951,1.6577512446965477,0.5051913020142428,1.3447719603038568,2.193574495234497
52_180,0.6632969379425049,0.6441682577133179,0.6895093321800232,0.51,0.441,0.444,52,0,-0.25542393147643955,0.41047427772332507,-0.6079874921637886,0.05085815020176783,-1.2761982911568743,-0.9857197244858776,0.30628208167820736,1.6866725688801993,0.3777322323220891,1.755378793168328
52_182,0.6652731895446777,0.6629675626754761,0.7292487621307373,0.605,0.3258333333333333,0.4851666666666667,52,0,-0.23469537170026425,0.6544912773720442,-0.34335776095128223,-1.4346687421517816,-0.3033923292777729,-0.48212888340875,1.1999733704515174,0.9578836066498171,0.13877112245746775,1.5416661500173576
52_189,0.6782752871513367,0.658901035785675,0.6184043884277344,0.5144,0.3906,0.3802,52,0,-0.09831862839542957,-0.026140315292815186,-0.4006005111477732,-0.5992479746140256,-1.2311420150277375,-1.7661835866896203,0.500929346218596,1.2050016997349222,1.365583075541847,1.8888558553985455
52_192,0.7588871717453003,0.7305498719215393,0.4887110292911529,0.5330416666666666,0.4205416666666666,0.4455416666666666,52,0,0.7472054266585523,-0.8225126943159247,0.6079693421786536,-0.21303248082051704,-1.04025017847304,-0.9668605533119373,0.9602379074790693,0.21773748415711536,1.5748298954905908,1.8572979434376589
52_199,0.6100797653198242,0.6008849740028381,0.4937576949596405,0.5826250000000001,0.335125,0.473125,52,1,-0.8136096111821106,-0.7915240209458777,-1.2172676627528163,-1.314816174498076,-0.5325137334571921,-0.6294343014971001,0.5012065633159654,0.2590102874886856,0.5878333612557162,0.814765247627294
52_210,0.8791902661323547,0.8408850431442261,0.3069933950901031,0.6333333333333333,0.4554761904761905,0.5298571428571429,52,0,2.0090436867865273,-1.9383362462893174,2.161110097260775,0.2375855329908846,-0.013257217840146164,0.06456863463738578,1.7714581537956426,1.9250790284491712,2.096541462623389,3.352533275140292
52_216,0.5714810490608215,0.6348825693130493,0.5496400594711304,0.623,0.4328571428571428,0.4358571428571429,52,0,-1.218464841345454,-0.44838253808409906,-0.7386981344153228,-0.054176002617111474,-0.11907119965857449,-1.0853310996439904,1.1642888387283425,0.32931133842552457,0.3466329652286676,1.2586377041016297
52_218,0.6724721193313599,0.6698049306869507,0.4470966160297394,0.6355625,0.3636875,0.492125,52,0,-0.1591870476368399,-1.078042888855354,-0.24711107189976347,-0.9463904564415067,0.009569588721491265,-0.3970077594615033,0.7872034088046668,1.0876124775768452,0.14989668756173982,1.3509474916355975
52_221,0.5474932193756104,0.5751876831054688,0.6155629754066467,0.6664285714285715,0.4534285714285714,0.5302857142857144,52,0,-1.4700690201777002,-0.043587799593131644,-1.5789973754602247,0.21117343608321312,0.325640097200444,0.06981133859307614,1.6812424562609134,0.36922789679357565,1.6488087140533008,2.3835846139885484
52_224,0.5898399353027344,0.6258336305618286,0.7154204249382019,0.731,0.4502142857142857,0.5286428571428571,52,0,-1.0259016725307741,0.5695794063150552,-0.8660761536726401,0.16971258628628738,0.9868555780566147,0.04971430676292886,1.1956142588170615,0.4172761717415595,0.915790460435569,1.5627811832802294
52_227,0.7518807649612427,0.7115628719329834,0.8211938142776489,0.72,0.308,0.595,52,0,0.6737164429280103,1.2190729984802813,0.34069750879877836,-1.6646996791732427,0.8742148877337712,0.8614596359022896,2.338416122101253,0.34485811074651007,0.5207621271035112,2.4203946516376393
52_231,0.8316794037818909,0.7990545034408569,0.5273458957672119,0.5784444444444445,0.3983888888888889,0.4816666666666667,52,0,1.5107105043281697,-0.5852781841327359,1.572279579299656,-0.4987796338962408,-0.5753228847036259,-0.5249442990468863,2.0094901382244106,0.009955299429109998,2.0972238783465422,2.904564979392748
52_232,0.7674177885055542,0.7593151330947876,0.3540530502796173,0.5365714285714286,0.4468571428571429,0.4752857142857142,52,0,0.8366815840709725,-1.6493699506456583,1.0128855530628855,0.12640903205394385,-1.0041051950523436,-0.6030023357204968,0.7102725520170287,0.6452647555933146,1.6158878887833823,1.879347592138426
52_234,0.7103463411331177,0.7073943018913269,0.4538466036319732,0.44,0.467,0.62,52,0,0.23806908601065677,-1.0365950944505036,0.28201834103781115,0.38623035744801076,-1.9930026841204231,1.1672840333175494,0.148161271437354,0.9564075896699196,0.8852656922797382,1.3116259321390693
52_235,0.7376530170440674,0.696204662322998,0.5550951957702637,0.59,0.4095,0.665,52,0,0.5244840664141789,-0.4148856813340086,0.12450659699768744,-0.3554581778081034,-0.4569932706271049,1.717767948665017,0.8799422442222823,0.04210758929309627,1.5932613516673295,1.8205914250484179
52_242,0.7941732406616211,0.759555995464325,0.6199793219566345,0.5389999999999999,0.5038,0.4788,52,0,1.1173148742582422,-0.016469553662741096,1.0162760690547363,0.8609110200119234,-0.9792364712148336,-0.5600121632838363,0.25640385424631873,0.9627669175520925,1.5762882323385727,1.8647647748212608
52_249,0.6090198755264282,0.6455696821212769,0.7240288257598877,0.6624375,0.4933125,0.5584375,52,0,-0.8247266111199785,0.6224386482036921,-0.588260243462874,0.7256334806467317,0.28477127530571067,0.4141914546824732,1.5503600917667102,0.33766737289798143,1.002451698145347,1.8768444463985812
52_251,0.7309470772743225,0.7230164408683777,0.5675501823425293,0.4266666666666667,0.3873333333333333,0.378,52,0,0.4541466290050176,-0.3384067671221371,0.5019244730348722,-0.6413844827039386,-2.129536854208718,-1.7930961336621627,1.0955311117089561,1.7911300870865807,2.295020606697035,3.1105393408142374
52_260,0.6057394742965698,0.601469874382019,0.6619816422462463,0.41,0.5313333333333333,0.4036666666666666,52,0,-0.8591341698074433,0.24144255499274347,-1.2090342716545655,1.2160615881983285,-2.300204566819087,-1.479116418982497,2.075195758005772,2.5416471218118306,0.27008214732793157,3.292317100791596
52_263,0.4754493236541748,0.5118962526321411,0.6344003677368164,0.6265555555555555,0.3286666666666666,0.4044444444444444,52,0,-2.225724928225232,0.0720818001800578,-2.469923623421305,-1.398121770849307,-0.08266208763502939,-1.4696018821740224,0.8276031573759248,0.1547438878150872,1.0003217412472825,1.3074847008384929
52_264,0.6104651689529419,0.6167497634887695,0.6842716932296753,0.354,0.314,0.226,52,1,-0.8095671794197523,0.37831294718858255,-0.993945843895368,-1.5873060928856482,-2.873648081189926,-3.652508469946941,0.7777389134658959,3.2519610283785085,2.658562626051573,4.271777567272196
52_265,0.7168813943862915,0.6745966672897339,0.7728553414344788,0.7245,0.415,0.597,52,1,0.3066141244308479,0.9222542186079868,-0.1796598564538668,-0.28451405704447513,0.9202951701385714,0.8859255876955103,0.5911281814753231,0.0019590484694154142,1.065585444149377,1.218568300748158
52_266,0.693315863609314,0.6329718828201294,0.7127465009689331,0.602125,0.41,0.497375,52,0,0.05943936549286496,0.5531603760199807,-0.7655940464753993,-0.3490087122841372,-0.3328325097030611,-0.3327846360042984,0.40844807777700215,0.8859928857230418,0.4328094104711009,1.067303711032578
52_267,0.6133543252944946,0.6197110414505005,0.6258421540260315,0.7124999999999999,0.4958333333333333,0.5748888888888889,52,0,-0.7792633204056745,0.019530728495126954,-0.9522612075412155,0.7581495359967277,0.7974144170591047,0.6154408984260146,1.537412856402402,0.7778836885639777,1.56770210596723,2.329470158001467
52_270,0.6973752379417419,0.6617726683616638,0.8485383987426758,0.594,0.3495,0.418,52,0,0.10201743774393317,1.3869803757645627,-0.36017777433624454,-1.129394040684048,-0.41603301960061634,-1.3037770977977479,1.231411478427981,1.803013395365179,0.9435993234615033,2.3785733573525674
52_271,0.5863080024719238,0.5946590304374695,0.4585852921009063,0.7005,0.5625,0.6271666666666667,52,0,-1.0629475024890633,-1.0074975320573556,-1.3049075928227944,1.6180782725255556,0.6745336639796402,1.2549536939099237,2.6810257750146187,1.6820311960369958,2.559861286732718,4.070628693217704
52_274,0.7295340895652771,0.6974113583564758,0.7173455953598022,0.6379230769230768,0.4205384615384615,0.5286153846153846,52,0,0.43932604636374567,0.5814007714094716,0.14149273811498989,-0.21307382354823395,0.0337420445556315,0.049378235996539004,0.6523998699119796,0.5476587268538401,0.09211450211845087,0.8567617830300713
52_275,0.6617799997329712,0.6776344776153564,0.7287886142730713,0.772,0.5453749999999999,0.592625,52,0,-0.27133483286091475,0.6516657738416286,-0.13689790692635698,1.3971840783297123,1.4066981510781222,0.8324063181478397,1.6685189111906271,0.7550323772364936,0.9693042250741967,2.0720955403703845
52_276,0.6170192956924438,0.6357446312904358,0.4260439574718475,0.7202500000000001,0.55,0.6719999999999999,52,0,-0.7408220825145698,-1.2073151653398684,-0.7265632586939327,1.456841634426401,0.8767749034229276,1.8033987799412885,2.197663716940971,2.084090068762796,2.529962038635221,3.9463736701445042
52_280,0.6061054468154907,0.6403024196624756,0.7077795267105103,0.7238,0.3438,0.5801999999999999,52,0,-0.8552955476266701,0.522661041797624,-0.6624052318815461,-1.2029179476572625,0.9131271262089355,0.6804115926324555,0.3476224000305923,0.3904660844113116,1.3428168245140015,1.4409934490747685
52_281,0.5660877227783203,0.5865700840950012,0.6308600902557373,0.51825,0.27725,0.39075,52,0,-1.2750345038906108,0.05034299089345596,-1.4187722117918788,-2.0613418088971645,-1.191717773414742,-1.6371256909803806,0.7863073050065537,1.242060764308198,0.2183534791885018,1.4861602746723712
52_282,0.5400169491767883,0.5485206842422485,0.400452584028244,0.612,0.2893333333333333,0.4843333333333333,52,1,-1.5484863196494534,-1.3644570813749728,-1.9543772501749137,-1.905479725401315,-0.23171188998141795,-0.4923230299892596,0.35699340575186156,1.132745191393555,1.4620542201856541,1.8836556222245657
52_283,0.6440340280532837,0.6411821246147156,0.8001247048377991,0.615,0.3096666666666666,0.3999999999999999,52,0,-0.4574692472969478,1.089699706584576,-0.6500220035905969,-1.643201460760023,-0.20099170171155156,-1.5239706639367354,1.185732213463075,1.2906914082961274,0.8739486603461385,1.9584768199839113
52_288,0.6017009615898132,0.6056433916091919,0.6161929368972778,0.6837058823529412,0.4556470588235294,0.4993529411764706,52,0,-0.9014934280905521,-0.039719568140675336,-1.1502854644906475,0.23978955202148358,0.5025608453316626,-0.30858852926762037,1.1412829801120357,0.5422804134723379,0.8416969352230271,1.5182386565665411
52_291,0.7226724624633789,0.7103216648101807,0.7434867024421692,0.5397142857142857,0.4947142857142857,0.5245714285714286,52,1,0.3673556315708418,0.741918285768543,0.32322556991872375,0.7437150179192801,-0.9719221406743886,-9.138081612686721e-05,0.3763593863484383,1.7138404264429317,0.3233169507348506,1.7842167036644245
52_293,0.7425215244293213,0.7120944261550903,0.6735211610794067,0.7098333333333334,0.4072499999999999,0.5588333333333334,52,0,0.5755489947082432,0.3123001079709811,0.3481799689856938,-0.38448077266595243,0.7701075830414476,0.4190336743082153,0.9600297673741955,0.45780747507046643,0.0708537053225215,1.0659573565733662
52_297,0.622381329536438,0.6209684014320374,0.6516153812408447,0.6038333333333333,0.363,0.49,52,0,-0.6845806409213521,0.1777893040213324,-0.9345618918153822,-0.9552584715369603,-0.31533906916049853,-0.4230028332418002,0.27067783061560824,0.4931283731818309,0.511559058573582,0.7603517283681418
52_300,0.6864684820175171,0.7010531425476074,0.4818843603134155,0.6218333333333333,0.4984166666666667,0.5019166666666667,52,0,-0.01238163061906096,-0.8644313449761999,0.19275656800513866,0.7914717745372204,-0.13101793954130012,-0.27722653714052625,0.8038534051562813,0.7334134054348997,0.4699831051456649,1.1853099338887387
52_301,0.7683283090591431,0.7810099720954895,0.7030925750732422,0.62675,0.66675,0.61125,52,0,0.8462318759982512,0.49388116555271433,1.3182744716963568,2.9627918342725086,-0.08067096432124121,1.0602454942222082,2.1165599582742574,0.5745521298739555,0.25802897747414866,2.2082833061292155
52_302,0.5646964907646179,0.599636971950531,0.6225230097770691,0.4431666666666666,0.5243333333333333,0.5765,52,1,-1.2896268948224392,-0.0008502287062622037,-1.2348352509333091,1.1257690708628016,-1.9605758187244537,0.635149581814998,2.415395965685241,1.9597255900181916,1.8699848327483073,3.629256856979043
52_308,0.5586951375007629,0.6161648035049438,0.5948735475540161,0.684,0.4043333333333334,0.471,52,0,-1.3525740467594638,-0.17062968507837734,-1.0021800740225701,-0.42210265488908666,0.5055726284953757,-0.6554293752773976,0.9304713918703771,0.6762023135737529,0.3467506987451725,1.2013586587909368
52_314,0.7944671511650085,0.7999968528747559,0.244666188955307,0.5452,0.4337333333333333,0.5159333333333334,52,1,1.120397650475407,-2.321051797477713,1.5855446270183298,-0.04287408207987476,-0.9157480821237755,-0.10576099165637064,1.1632717325552817,1.4053037153539374,1.6913056186747004,2.487688556051653
52_318,0.7454342842102051,0.7314693927764893,0.3998875617980957,0.5581052631578947,0.4480526315789473,0.520157894736842,52,0,0.606100426097498,-1.367926558151731,0.620913041809013,0.14182955864507987,-0.783597377496211,-0.05408203383349835,0.4642708674524182,0.5843291806555201,0.6749950756425113,1.006283450063754
52_321,0.6963444948196411,0.7031559944152832,0.3964146077632904,0.6050000000000001,0.4587142857142857,0.5404285714285714,52,1,0.09120615217844279,-1.3892519728479698,0.22235750940392504,0.27935350019371297,-0.30339232927777177,0.19388866554440837,0.18814734801527017,1.085859643570198,0.028468843859516674,1.102406941728087
52_324,0.7969603538513184,0.7576884627342224,0.3770683705806732,0.5593333333333333,0.755,0.4426666666666667,52,0,1.1465484203776157,-1.5080460964086149,0.9899876139553381,4.101122499252544,-0.7710218618301828,-1.002030359014691,2.954574078874929,0.737024234578432,1.9920179729700291,3.638797646826652
52_325,0.7492520809173584,0.7253394722938538,0.8036994934082031,0.5966666666666667,0.6693333333333333,0.4476666666666666,52,0,0.6461446325995965,1.111650428635959,0.5346247873794385,2.9961140728130013,-0.38872618558295696,-0.9408654795316403,2.349969440213405,1.5003766142189159,1.4754902669110788,3.154450488148649
52_330,0.564753532409668,0.560537576675415,0.6518048644065857,0.61975,0.39775,0.5145,52,0,-1.2890285949157618,0.17895281123936232,-1.785220623320908,-0.507020617621309,-0.15235140361759614,-0.1232949237748463,0.7820079772944528,0.3313042148569585,1.6619256995460616,1.8663590196277386
52_334,0.7351105213165283,0.7331973314285278,0.4837460517883301,0.48865,0.4833,0.4955999999999999,52,0,0.49781627036482035,-0.8529997676097489,0.6452364911046711,0.5964829335293088,-1.494823631010757,-0.3544981682207835,0.09866666316448847,0.641823863401008,0.9997346593254546,1.1921167606856273
52_336,0.7347474098205566,0.724190890789032,0.313377171754837,0.5350769230769231,0.5116153846153846,0.5046153846153846,52,0,0.4940076569567958,-1.899137142777067,0.5184566994895685,0.9617211272788405,-1.0194090251061962,-0.2442131855221104,0.4677134703220447,0.8797281176708707,0.7626698850116789,1.254728179664883
52_342,0.6550493240356445,0.6759715676307678,0.4872688949108124,0.5767368421052632,0.4867368421052631,0.5595789473684211,52,0,-0.34193172111779935,-0.8313680126991375,-0.16030597563624194,0.640814522867728,-0.5928088398201974,0.42815475282761706,0.9827462439855273,0.23855917287894013,0.588460728463859,1.1700370455573452
52_343,0.7133338451385498,0.666867733001709,0.6541640758514404,0.469,0.4358000000000001,0.3654,52,1,0.2694044965879718,0.19343937279860854,-0.28845674055762616,-0.016216291247479756,-1.6960408641783817,-1.9472316299594536,0.28562078783545153,1.8894802369769903,1.6587748894018275,2.5304641736409574
52_347,0.6618599891662598,0.6700199842453003,0.4481001794338226,0.5347058823529411,0.5401764705882353,0.5599411764705883,52,0,-0.2704958375894819,-1.071880582774835,-0.2440838554437878,1.330128605896711,-1.0232085054050342,0.4325858927034794,1.600624443486193,0.04867207736980084,0.6766697481472672,1.7384618282431923
52_351,0.5834957361221313,0.5800338983535767,0.5084871649742126,0.682625,0.439625,0.55025,52,0,-1.0924448757355196,-0.7010788111421804,-1.5107792875529196,0.03312212001086057,0.49149254220502003,0.31403396452897553,1.12556699574638,1.1925713533472004,1.8248132520818952,2.453379485467262
52_359,0.5140968561172485,0.5267338752746582,0.3454875349998474,0.719,0.353,0.446,52,0,-1.8203576733768636,-1.7019658570692517,-2.2610607904801063,-1.0842477820162844,0.8639748249771491,-0.9612537726926568,0.7361098913605792,2.565940682046401,1.2998070177874497,2.9690752161959684
52_370,0.6802979111671448,0.7229081988334656,0.2748086750507355,0.485,0.4195,0.319,52,0,-0.07710367642761885,-2.1359641143357577,0.5004007964594698,-0.22646886732877922,-1.5321998600724276,-2.514841711562175,0.14936519090116035,0.6037642542633301,3.015242508021645,3.078721912930714
52_371,0.6042128801345825,0.6327340602874756,0.379722386598587,0.5688333333333333,0.5048333333333334,0.5796666666666667,52,0,-0.8751463507999454,-1.4917493094009966,-0.7689417719907382,0.8742399154281202,-0.6737412656422731,0.6738873388209307,1.7493862662280657,0.8180080437587235,1.4428291108116689,2.4106524658537856
52_376,0.7544428110122681,0.7429921627044678,0.8967407941818237,0.6738,0.482,0.5274,52,0,0.700589298924485,1.6829635825073312,0.7831141186574648,0.5797143231669963,0.4011239883778289,0.03451046529142789,0.12087497575748862,1.2818395941295022,0.748603653366037,1.4893390932475512
52_379,0.7940371036529541,0.7549936771392822,0.8223764896392822,0.6954285714285715,0.4225,0.5163571428571428,52,0,1.1158869568216156,1.226335128150036,0.9520542760420577,-0.18777207418498196,0.6226019171424858,-0.10057653996685519,1.3036590310065976,0.6037332110075503,1.0526308160089128,1.7810256298015865
52_382,0.6564635038375854,0.6576088666915894,0.8816851377487183,0.6734166666666667,0.4286666666666667,0.5595833333333333,52,0,-0.3270986348212155,1.5905154493784786,-0.41878981978111474,-0.10822866605606488,0.3971986309877909,0.4282084062306721,0.2188699687651506,1.1933168183906877,0.8469982260117868,1.4796334299915117
52_383,0.6634621024131775,0.6753110885620117,0.7028303146362305,0.5986666666666667,0.4176666666666666,0.5106666666666667,52,0,-0.2536915500329668,0.4922707749395241,-0.1696032554446306,-0.25011690758332294,-0.36824606006971267,-0.170187998045185,0.003574642449643839,0.8605168350092367,0.000584742600554411,0.8605244582967212
53_0,0.4294328987598419,0.5131157636642456,0.5323137044906616,0.4296666666666667,0.5003333333333333,0.4656666666666667,53,0,-2.708383215793128,-0.5547737259402462,-2.4527570910794916,0.8161947257124236,-2.0988166659388514,-0.7206719133926527,3.5245779415055516,1.5440429399986053,1.732085177686839,4.21981484535394
53_2,0.6792430281639099,0.6843992471694946,0.3616601526737213,0.6876666666666668,0.4058333333333333,0.4828333333333334,53,0,-0.08816816101317652,-1.6026591069186085,-0.04167315513741535,-0.4027542583171887,0.5431195252696571,-0.5106724938341738,0.31458609730401216,2.1457786321882657,0.4689993386967584,2.2188489652679633
53_11,0.7256313562393188,0.7088608741760254,0.76216721534729,0.6360285714285714,0.5114857142857143,0.5611714285714287,53,0,0.3983909544206697,0.8566245791567514,0.30266264838240126,0.9600485186374612,0.01434218939913049,0.447635536999814,0.5616575642167916,0.8422823897576209,0.14497288861741275,1.0227003383063022
53_12,0.5725662112236023,0.6026662588119507,0.8221031427383423,0.918,0.6575,0.5640000000000001,53,0,-1.2070827639149724,1.2246566619336519,-1.1921932825458228,2.843476722079134,2.9017473135449525,0.4822373831073688,4.050559485994107,1.6770906516113007,1.6744306656531915,4.692907761439452
53_18,0.5839688777923584,0.6275874376296997,0.6166430711746216,0.6852916666666666,0.3777916666666667,0.5334583333333334,53,0,-1.0874821749422008,-0.036955552251854255,-0.8413885658121557,-0.7644617831196262,0.5187993762226782,0.10862191093172645,0.3230203918225746,0.5557549284745325,0.9500104767438822,1.1470508358307754
53_20,0.5295644998550415,0.6022337079048157,0.5123658776283264,0.7936666666666667,0.4196666666666666,0.6801666666666666,53,0,-1.6581202449730577,-0.6772618659688299,-1.1982821156447738,-0.2243190454874581,1.628566177471602,1.903301416430273,1.4338011994855995,2.3058280434404317,3.101583532075047,4.122189861226894
53_23,0.7084270715713501,0.715680718421936,0.5969860553741455,0.5162222222222222,0.3898888888888889,0.4886666666666666,53,1,0.2179382009583934,-0.15765798868912986,0.3986626629222635,-0.6084205478036664,-1.2124823451156699,-0.439313467770615,0.8263587487620598,1.05482435642654,0.8379761306928785,1.5804199442481324
53_24,0.6243212819099426,0.6443499326705933,0.4663549959659576,0.5829090909090909,0.4173181818181817,0.5413181818181818,53,0,-0.6642328174494261,-0.9597882461501278,-0.605430131920492,-0.2546119896151785,-0.5296046247195157,0.20477124799788707,0.4096208278342476,0.43018362143061206,0.810201379918379,1.0046260233362543
53_27,0.6748353242874146,0.6793395280838013,0.786574125289917,0.6288888888888889,0.4450555555555555,0.4928888888888889,53,0,-0.13439980134640084,1.0064933855861022,-0.11289664474796461,0.10317048167393716,-0.05876860786957698,-0.38766312509603695,0.237570283020338,1.0652619934556793,0.27476648034807233,1.1254862828121892
60_144,0.568257212638855,0.5696905851364136,0.5128942728042603,0.73725,0.56425,0.61425,60,0,-1.2522791015883659,-0.6740172948811182,-1.6563776595147732,1.6406514018594376,1.0508559702855027,1.0969444219120392,2.8929305034478032,1.7248732651666208,2.7533220814268127,4.350289319428973
73_251,0.7212976813316345,0.7018763422966003,0.6567125916481018,0.6247857142857143,0.3929285714285714,0.4576428571428571,73,0,0.3529357910823184,0.2090883435822848,0.20434439685033817,-0.5692118923166977,-0.10078537330746362,-0.8188269818964083,0.9221476833990161,0.3098737168897484,1.0231713787467465,1.411827801363806
72_45,0.546506941318512,0.5826764106750488,0.4698374569416046,0.6448571428571429,0.3922857142857143,0.4491428571428572,72,0,-1.4804139194000545,-0.9384044547941607,-1.4735817780298528,-0.5775040622760823,0.10474731487902388,-0.9228072770175952,0.9029098571239722,1.0431517696731845,0.5507745010122576,1.4855182178718744
57_228,0.7612403631210327,0.7372553944587708,0.7203277945518494,0.7525,0.3565,0.707,57,0,0.7718876422443708,0.5997127426707779,0.7023600991900898,-1.039101523348521,1.20701692732399,2.231552936322652,1.8109891655928918,0.607304184653212,1.5291928371325623,2.4468205622255335
62_94,0.7269006967544556,0.6640979051589966,0.8160288333892822,0.65075,0.47975,0.58925,62,0,0.4117048465968498,1.1873578193449659,-0.32744641592048335,0.5506917283091488,0.16509054183768998,0.7911200244967809,0.138986881712299,1.0222672775072759,1.1185664404172642,1.5216893972089032
60_291,0.704363226890564,0.6935856342315674,0.6508550047874451,0.552,0.49,0.546,60,0,0.17531323999990533,0.17312026923668056,0.08763966488139853,0.6829057715504557,-0.8461156553787448,0.26204381696838175,0.5075925315505504,1.0192359246154252,0.17440415208698323,1.1519152991334636
71_65,0.6325766444206238,0.6833727955818176,0.5445013642311096,0.6556666666666667,0.3944166666666666,0.5238333333333334,71,0,-0.5776437540485385,-0.47993631216022886,-0.056122072706250394,-0.5500170544477514,0.21543751705774888,-0.009120482073148403,0.02762669960078712,0.6953738292179777,0.04700159063310199,0.6975078110058318
63_228,0.5584961175918579,0.6061335802078247,0.7719208002090454,0.6367560975609756,0.404560975609756,0.545560975609756,63,0,-1.3546615320137962,0.91651573805703,-1.1433852903958737,-0.4191663128619167,0.021792102652032408,0.25667324218450266,0.9354952191518795,0.8947236354049977,1.4000585325803763,1.9067893390355095
60_93,0.5529324412345886,0.573753297328949,0.7140852212905884,0.7308,0.3825,0.4858,60,0,-1.413017966903033,0.5613806881045837,-1.5991886071711598,-0.7037293161022781,0.9848075655052905,-0.4743813320075636,0.7092886508007549,0.4234268774007067,1.1248072751635962,1.395554412024491
58_54,0.8033558130264282,0.7780255079269409,0.7697292566299438,0.7296470588235294,0.4223529411764706,0.5344117647058824,58,0,1.2136292807607758,0.9030587284966257,1.2762634530801824,-0.1896689758096776,0.973001375503538,0.12028521393119047,1.4032982565704535,0.06994264700691233,1.155978239148992,1.8194569684798845
53_84,0.751987874507904,0.73015958070755,0.8512340188026428,0.6887692307692308,0.4844615384615384,0.573923076923077,53,0,0.6748398963577903,1.403532629283092,0.6024753806061125,0.6114655380542139,0.5544098508731117,0.6036261439275795,0.0633743583035764,0.8491227784099804,0.0011507633214670188,0.8514852472951583
63_357,0.7836704254150391,0.7569466829299927,0.6194215416908264,0.6144000000000001,0.4018,0.5428,63,0,1.0071526694977073,-0.01989456169870345,0.9795458986574952,-0.45477994687718276,-0.20713573936552415,0.22289829409922737,1.46193261637489,0.1872411776668207,0.7566476045582679,1.6567503828032013
70_13,0.6412698030471802,0.6825041770935059,0.8064944744110107,0.75,0.529,0.725,70,0,-0.4864627232343319,1.1288128005981675,-0.06834924161227403,1.18596408241982,1.1814167704324352,2.4517465024616394,1.672426805654152,0.05260396983426774,2.5200957440739136,3.025005976392828
73_286,0.8251538276672363,0.7696534395217896,0.2963267564773559,0.7012499999999999,0.3883333333333333,0.5611666666666667,73,0,1.4422648699677085,-2.003833943509631,1.1584134465928373,-0.6284855516560061,0.6822137110471059,0.4475772847336391,2.0707504216237145,2.686047654556737,0.7108361618591982,3.4652773857530157
60_83,0.7752772569656372,0.7358707189559937,0.6368459463119507,0.6560370370370371,0.4209629629629629,0.5117407407407407,60,0,0.9191181835427565,0.08709869264805689,0.682868617624466,-0.20759820894384132,0.21923013289353468,-0.1570488757858636,1.126716392486598,0.1321314402454778,0.8399174934103296,1.4115275209276115
62_346,0.5844531059265137,0.6266555190086365,0.6635986566543579,0.6052500000000001,0.501,0.55925,62,0,-1.0824031901544806,0.2513717111166613,-0.8545067834643673,0.8247940130777124,-0.3008323135886165,0.4241307475984691,1.9071972032321929,0.5522040247052777,1.2786375310628364,2.3616190193932365
62_317,0.7110887765884399,0.7067927718162537,0.420438677072525,0.885,0.54,0.781,62,0,0.24585636253894846,-1.24173397071601,0.27355086086217195,1.3278523239470768,2.563825242576422,3.1367931526718213,1.0819959614081283,3.8055592132924323,2.8632422918096494,4.883764184313754
71_301,0.4664305746555328,0.5560338497161865,0.482986718416214,0.6566666666666666,0.3328333333333333,0.4644999999999999,71,0,-2.3203210198965194,-0.8576623974317347,-1.8486176508745447,-1.3443762248162547,0.2256775798143699,-0.7349437186053659,0.9759447950802647,1.0833399772461045,1.1136739322691787,1.8347652102543652
77_365,0.7113051414489746,0.7127108573913574,0.7430135011672974,0.397,0.781,0.298,77,0,0.24812577597807006,0.7390126287053345,0.3568572063991362,4.436494706498787,-2.433325382655174,-2.7717342053909935,4.188368930520717,3.172338011360509,3.1285914117901297,6.115083562667068
64_301,0.7061415314674377,0.6948847770690918,0.8217514157295227,0.59875,0.42025,0.444125,64,0,0.19396556781152885,1.2224969085226436,0.10592713990203197,-0.21679466904282954,-0.3673927215066609,-0.9841906024988014,0.41076023685435836,1.5898896300293046,1.0901177424008335,1.9709971334713954
70_79,0.6838747262954712,0.6899904012680054,0.8876160383224487,0.6905,0.478,0.602,70,0,-0.039587083846834015,1.6269337011000429,0.037031116602146925,0.5281185989752667,0.572133036413419,0.9470904671785624,0.5677056828221008,1.054800664686624,0.9100593505764154,1.5043610624126837
69_265,0.4910391569137573,0.5816283822059631,0.2751197516918182,0.74,0.352,0.71,69,0,-2.0622058751519496,-2.1340539714697946,-1.4883344240790268,-1.097146713064217,1.079016142866214,2.268251864012483,0.9650591620877327,3.2130701143360083,3.75658628809151,5.036576147130691
55_270,0.6145671606063843,0.6316744685173035,0.7056530117988586,0.6649166666666667,0.3670833333333334,0.5016666666666666,55,0,-0.7665421014912814,0.5096033359097174,-0.7838571896564476,-0.902587836424569,0.3101580975565033,-0.2802847811146799,0.13604573493328753,0.1994452383532141,0.5035724085417677,0.5584550257092021
66_334,0.8053028583526611,0.7664278745651245,0.3047777712345123,0.5086,0.4042,0.4166,66,0,1.234051500981808,-1.951941118987842,1.1130085558690073,-0.4238225123621448,-1.290534379016145,-1.3209032640530018,1.657874013343953,0.661406739971697,2.433911819922009,3.0182663677941415
63_237,0.6830249428749084,0.6907563209533691,0.9192488193511964,0.7155714285714286,0.4788571428571429,0.6191428571428571,63,0,-0.048500314535968134,1.8211724289014521,0.04781263862523096,0.5391748255877813,0.8288660383830171,1.1567986254061686,0.5876751401237494,0.992306390518435,1.1089859867809377,1.5999637376702271
60_129,0.6417636871337891,0.6540102362632751,0.6452364921569824,0.5051111111111112,0.3818888888888889,0.4197777777777778,60,0,-0.48128245883858484,0.13862021233414587,-0.46944619271058546,-0.7116119961871257,-1.3262608201892485,-1.2820295850926622,0.23032953734854084,1.4648810325233943,0.8125833923820767,1.6909227968175138
68_304,0.774401068687439,0.7727355360984802,0.2473970353603363,0.5742941176470588,0.4678823529411764,0.4431764705882353,68,0,0.9099279968884624,-2.3042832392200028,1.2017987946310984,0.39761176719618535,-0.6178224915693459,-0.9957939399301452,0.512316229692277,1.6864607476506568,2.1975927345612436,2.8170963064064543
55_135,0.4747088849544525,0.5506284236907959,0.6601524353027344,0.643,0.3373333333333333,0.4606666666666666,55,0,-2.233491261130876,0.2302104464636081,-1.924707508402128,-1.2863310351005588,0.08573005547386817,-0.7818367928757053,0.9471602260303171,0.14448039098973994,1.1428707155264226,1.4913552727510058
76_180,0.7223567962646484,0.7100736498832703,0.7300874590873718,0.714,0.4813333333333333,0.5616666666666666,76,0,0.3640446636442335,0.6596412333534533,0.3197343704527274,0.5711150358017076,0.8127745111940384,0.4536937726819436,0.20707037215747415,0.15313327784058517,0.1339594022292162,0.2902982281262592
70_97,0.6277769804000854,0.6362911462783813,0.5153546929359436,0.6003333333333334,0.357,0.52,70,0,-0.6279865962483369,-0.6589092689443271,-0.7188702022402628,-1.0326520578245548,-0.3511792888086754,-0.056013556343488466,0.40466546157621797,0.3077299801356517,0.6628566458967743,0.8353626814004225
64_75,0.6068668961524963,0.6031568646430969,0.6674551367759705,0.7283333333333334,0.477,0.5373333333333333,64,0,-0.8473088377961526,0.27505213908575726,-1.1852872352483905,0.5152196679273342,0.9595487440389564,0.15602469253109122,1.3625285057234868,0.6844966049531991,1.3413119277794818,2.030797187979401
61_337,0.7485563158988953,0.720180094242096,0.8187664747238159,0.8075,0.657,0.894,61,0,0.6388468741767683,1.2041681013594723,0.46199844136246154,2.8370272565551686,1.7702203789382074,4.519119428988794,2.1981803823784003,0.5660522775787351,4.057120987626332,4.648939974086931
72_174,0.7433261871337891,0.7268075346946716,0.705865204334259,0.6406923076923078,0.436974358974359,0.5223589743589744,72,0,0.5839889620438194,0.510906288314935,0.555290070447809,-0.0010683158117035091,0.06209914142012557,-0.027156279869433145,0.585057277855523,0.44880714689480944,0.5824463503172421,0.9396614414103887
57_146,0.6665799617767334,0.6833876967430115,0.5419811010360718,0.52325,0.37525,0.4845,57,0,-0.2209888647472884,-0.4954117999551205,-0.0559123154684472,-0.7972465661997885,-1.1405174596316314,-0.49028420067315737,0.5762577014525001,0.6451056596765109,0.43437188520471015,0.9679427593025731
74_135,0.6618123054504395,0.6857918500900269,0.3974972367286682,0.6424,0.4549999999999999,0.5136666666666667,74,0,-0.2709959838019605,-1.3826041705973604,-0.022070082721280294,0.23144318487282028,0.07958601781989443,-0.13348907035535382,0.5024391686747808,1.4621901884172548,0.11141898763407353,1.5501159492527306
71_60,0.7432042360305786,0.7257552146911621,0.4268082678318023,0.592,0.3803333333333333,0.5113333333333333,71,0,0.5827098381054054,-1.2026219746960187,0.5404770143141476,-0.7316770000394655,-0.4365131451138606,-0.16203268078077898,1.314386838144871,0.7661088295821581,0.7025096950949266,1.6757253267628862
59_255,0.8195221424102783,0.7895268797874451,0.6671615839004517,0.7181904761904763,0.4034761904761904,0.4952380952380952,59,0,1.3831951015429245,0.2732495995925841,1.438163318535149,-0.433158881501602,0.8556852503646466,-0.35892534045003194,1.8163539830445266,0.5824356507720625,1.7970886589851809,2.620667992567
58_235,0.6843878030776978,0.6468103528022766,0.8063299655914307,0.4666666666666667,0.5579999999999999,0.5153333333333333,58,0,-0.03420551060056436,1.1278026464862572,-0.5707958558433803,1.560033082809859,-1.719934343943833,-0.11310077719433742,1.5942385934104233,2.84773699043009,0.4576950786490429,3.2955557110148552
53_330,0.7496956586837769,0.7552992701530457,0.9155804514884948,0.7386666666666667,0.4098,0.6216,53,0,0.6507972427411787,1.7986470901994522,0.9563559774749255,-0.3515884984937234,1.0653627258573848,1.1868567947521265,1.0023857412349022,0.7332843643420675,0.23050081727720095,1.2631760605652136
62_289,0.6796479225158691,0.6967463493347168,0.5486116409301758,0.6714285714285714,0.3866666666666666,0.5027142857142858,62,0,-0.08392129448646768,-0.45469746527500465,0.13213169210630907,-0.6499837700692273,0.37684041098355353,-0.26746928255632446,0.5660624755827596,0.8315378762585581,0.39960097466263356,1.082387594564351
58_300,0.6361608505249023,0.652976393699646,0.6733596920967102,0.5815,0.3486666666666667,0.4906666666666666,58,0,-0.5400496388048195,0.31130861975026924,-0.48399914986937087,-1.1401431498906578,-0.5440338040583924,-0.4148475159773942,0.6000935110858383,0.8553424238086617,0.06915163389197665,1.0471412667277207
63_146,0.6525775790214539,0.6876311302185059,0.7566840648651123,0.542625,0.44375,0.404375,63,0,-0.3678574252243928,0.8229557034093429,0.00382067265524323,0.08633021058358163,-0.9421162437220774,-1.4704513943890642,0.45418763580797444,1.7650719471314202,1.4742720670443075,2.344193574502378
73_0,0.7611373662948608,0.7374882698059082,0.2693180441856384,0.6167727272727274,0.3890909090909091,0.5179090909090909,73,0,0.770807326425417,-2.1696789228154287,0.7056381853024781,-0.6187136341954508,-0.1828388631884477,-0.08159159685458355,1.3895209606208678,1.986840059626981,0.7872297821570616,2.5491238990010547
57_48,0.7007476091384888,0.6933031678199768,0.6087239980697632,0.6267619047619049,0.4136190476190476,0.4867619047619047,57,0,0.13738965343871604,-0.08558202881286714,0.08366350668160123,-0.3023268665868578,-0.08054905881223316,-0.4626143742403491,0.4397165200255738,0.005032970000633977,0.5462778809219504,0.7012813072904516
55_361,0.6686141490936279,0.6728249192237854,0.67684006690979,0.56825,0.39,0.4335,55,0,-0.19965262732295164,0.33267960118090373,-0.20459999202866627,-0.6069873332427849,-0.6797146355836354,-1.1141659714002867,0.40733470591983323,1.012394236764539,0.9095659793716204,1.4206244838489535
53_202,0.6512528657913208,0.6718974113464355,0.5037719011306763,0.5222727272727273,0.3758181818181818,0.4568181818181818,53,0,-0.3817521121898137,-0.7300325363737412,-0.2176561215384881,-0.7899176281043725,-1.1505247936892387,-0.8289152152656903,0.4081655159145588,0.42049225731549744,0.6112590937272022,0.8467883481179231
61_136,0.6471315622329712,0.6728743314743042,0.449659138917923,0.5427142857142857,0.4405714285714285,0.4808571428571428,61,0,-0.42497974933433846,-1.0623079085730185,-0.20390443702811087,0.045330036895510156,-0.9412019524045222,-0.5348471842965241,0.47030978622984865,0.12110595616849629,0.3309427472684132,0.5876912876779922
66_291,0.7156800031661987,0.7327722311019897,0.4949424862861633,0.67,0.548,0.536,66,0,0.29401294060744976,-0.7842488983518577,0.6392525366246217,1.431043772330536,0.36221174990266575,0.13971405800227782,1.1370308317230862,1.1464606482545234,0.49953847862234385,1.6901922440685266
60_225,0.7799512147903442,0.7658809423446655,0.3301419019699096,0.6179166666666667,0.4312916666666667,0.53125,60,0,0.9681425152899082,-1.7961945698192798,1.1053096262126791,-0.07436897205524245,-0.1711248520047369,0.0816074224933781,1.0425114873451506,1.625069717814543,1.023702203719301,2.1853256029489496
77_23,0.862034797668457,0.7908337116241455,0.835091233253479,0.5785,0.353,0.391,77,0,1.8291029580092761,1.3044090610646992,1.4565590282904888,-1.0842477820162844,-0.5747539923282589,-1.6340674470062277,2.9133507400255603,1.8791630533929582,3.0906264752967165,4.644441659171706
72_53,0.7089067101478577,0.7019417881965637,0.7908681631088257,0.6150769230769231,0.4484615384615384,0.5148461538461538,72,0,0.22296904667316245,1.0328606038941595,0.20526565063876978,0.14710402032864742,-0.20020400457642668,-0.11906043211832684,0.07586502634451503,1.233064608470586,0.3243260827570966,1.2772592684500421
59_176,0.8658724427223206,0.818335771560669,0.573005735874176,0.36775,0.5805,0.356,59,0,1.8693553503723188,-0.30490734838698014,1.8436936986116685,1.8502590313883391,-2.7328472182863712,-2.0622216033875915,0.019096318983979677,2.427939869899391,3.90591530199926,4.599068495645372
54_49,0.6998071670532227,0.6836578249931335,0.8789413571357727,0.739,0.4445,0.527,54,0,0.127525519763107,1.573667469583709,-0.05210983626155095,0.0960044088695313,1.0687760801095918,0.02961727493278428,0.031521110893575705,0.5048913894741172,0.08172711119433523,0.51243362136109
78_237,0.7008069753646851,0.7052104473114014,0.6616597771644592,0.5980000000000001,0.4704,0.55,78,0,0.1380123354732519,0.23946616651291908,0.25127715929432665,0.43008672301098044,-0.3750727685741267,0.3109757205548233,0.2920743875377285,0.6145389350870458,0.05969856126049666,0.6830296251335171
53_233,0.6633238792419434,0.6746355295181274,0.6839714050292969,0.5750000000000001,0.3653333333333333,0.6746666666666666,53,0,-0.2551413488663891,0.3764690499364797,-0.17911280957767609,-0.9251609657584517,-0.6105942119764357,1.8360200489989165,0.6700196168920627,0.9870632619129154,2.0151328585765924,2.3417900434824253
63_362,0.6511220335960388,0.6667385697364807,0.6290323734283447,0.57025,0.4475,0.46725,63,0,-0.3831243883603018,0.03912003231098645,-0.2902749162949042,0.13470120201332855,-0.6592345100703911,-0.7013030348896863,0.5178255903736304,0.6983545423813776,0.41102811859478205,0.9616582153686768
76_76,0.7132989168167114,0.6898022294044495,0.5559269189834595,0.6905454545454546,0.3975909090909091,0.5517272727272727,76,0,0.26903813948733124,-0.40977854710299566,0.03438230220316822,-0.5090727202880252,0.5725984938114475,0.3321054061944226,0.7781108597753564,0.9823770409144431,0.29772310399125435,1.2880839286577366
57_294,0.6005758047103882,0.6162115335464478,0.7170982360839844,0.739,0.45775,0.625,57,0,-0.9132950031567502,0.5798818802629399,-1.0015222753248194,0.2669152452546355,1.0687760801095918,1.2284489128006013,1.1802102484113857,0.48889419984665194,2.229971188125421,2.569958223195168
71_71,0.64948970079422,0.6810630559921265,0.5160118937492371,0.6504000000000001,0.38,0.6422,71,0,-0.40024564357897524,-0.654873776466819,-0.08863528359469627,-0.7359766437221091,0.16150651987287262,1.4388560982222998,0.3357310001431339,0.8163802963396916,1.527491381816996,1.7642057743454949
78_217,0.5094037055969238,0.5468448400497437,0.5779924392700195,0.74725,0.3765,0.5589999999999999,78,0,-1.869583313974538,-0.2742868688707674,-1.9779673881672117,-0.7811229023898726,1.153256597851724,0.4210725036243155,1.0884604115846654,1.4275434667224913,2.399039891791527,2.9963342302513967
61_335,0.8909504413604736,0.8367890119552612,0.5379471778869629,0.6144000000000001,0.4533999999999999,0.5424,61,0,2.1323941219873572,-0.5201818035731863,2.1034520277334336,0.21080489519612855,-0.20713573936552415,0.21800510374058377,1.9215892267912287,0.3130460642076622,1.88544692399285,2.7102422581810135
59_47,0.5548223853111267,0.5819953680038452,0.5040785670280457,0.104,0.494,0.281,59,0,-1.3931946717714438,-0.7281494773499085,-1.48316852282641,0.7345014957421854,-5.433663770345457,-2.9796947956333693,2.127696167513629,4.705514292995549,1.4965262728069593,5.37666686972878
75_287,0.3017095923423767,0.3898013234138489,0.629461407661438,0.8825000000000001,0.44,0.6885,75,0,-4.048050791001811,0.041754484955019044,-4.1886014344619,0.037959219153835405,2.5382250856848674,2.0052428822353607,4.086010010155646,2.4964706007298485,6.193844316697261,7.82889204695553
75_185,0.5909449458122253,0.5902730822563171,0.6944811344146729,0.6708571428571428,0.413,0.538,75,0,-1.0143114092393484,0.4410032577728792,-1.3666466991688346,-0.31031191914033995,0.3709889465511982,0.1641800097954986,0.7039994900990084,0.070014311221681,1.5308267089643333,1.6864008119999474
76_191,0.7286912202835083,0.7419424653053284,0.8654531240463257,0.93,0.442,0.65,76,0,0.43048533687542095,1.4908439823537345,0.7683379797976568,0.06375708124970025,3.024628066624418,1.5342733102158612,0.3667282556257207,1.5337840842706834,0.7659353304182044,1.7531800138659996
66_95,0.7093619704246521,0.7305852770805359,0.3383621275424957,0.5920588235294117,0.4432941176470588,0.5127058823529411,66,0,0.22774419263680182,-1.7457188890370976,0.6084677253756741,0.08044981554702396,-0.435910788481118,-0.14524232170700035,0.14729437708977786,1.3098081005559796,0.7537100470826744,1.518345062519616
71_220,0.735732913017273,0.7485889196395874,0.4866953492164612,0.702516129032258,0.4549354838709677,0.6062580645161291,71,0,0.5043444288031972,-0.8348898271708246,0.8618972591184412,0.23061099577295457,0.69517895179541,0.9991792677705814,0.2737334330302426,1.5300687789662346,0.13728200865214024,1.5604123847961835
66_44,0.7728778719902039,0.7477258443832397,0.6347865462303162,0.827,0.477,0.8315,66,0,0.8939514513135993,0.07445310035798045,0.8497481199048803,0.5152196679273342,1.9699016026923384,3.754558435450645,0.3787317833862651,1.895448502334358,2.904810315545765,3.4891382543616105
65_194,0.6756172180175781,0.6730504035949707,0.7966009974479675,0.7742,0.4888,0.6544000000000001,65,0,-0.12619865382728312,1.0680626447048984,-0.20142594550622836,0.6674270542929371,1.4292262891426906,1.5880984041609476,0.7936257081202203,0.36116364443779214,1.789524349667176,1.990647718885649
54_366,0.6958923935890198,0.7075139880180359,0.7860809564590454,0.7269166666666668,0.4800833333333333,0.5855833333333333,54,0,0.08646414090138012,1.0034651192375712,0.2837031111718464,0.5549913719917924,0.9450419884670755,0.7462657795425423,0.4685272310904123,0.05842313077049566,0.4625626683706959,0.6609805221430458
74_14,0.7573084831237793,0.7591019868850708,0.8399609923362732,0.6316428571428572,0.4545714285714285,0.5713571428571428,74,0,0.7306468359289172,1.3343114527665756,1.0098851855333488,0.22591507156656404,-0.03056780011919724,0.572237134346715,0.5047317643623532,1.364879252885773,0.43764805118663386,1.5196003901097874
80_4,0.6606028079986572,0.6719024777412415,0.6223565340042114,0.5544444444444445,0.5045555555555556,0.4892222222222221,80,0,-0.28368219248148,-0.0018724607477713787,-0.21758480407763503,0.8706568790259176,-0.8210843908625571,-0.4325173700502762,1.1543390715073976,0.8192119301147858,0.21493256597264115,1.4317132696062216
55_186,0.6163560748100281,0.6238481998443604,0.6949355602264404,0.958,0.665,0.81,55,0,-0.7477784911473814,0.443793625508098,-0.8940242080375373,2.9402187049386277,3.3113498238098367,3.4915494536735223,3.687997196086009,2.8675561983017386,4.38557366171106,6.407609399070042
71_159,0.6868896484375,0.6778079867362976,0.5450751185417175,0.7316,0.4726,0.6044,71,0,-0.00796408919734379,-0.47641321669600856,-0.13445549364937662,0.4584643713164322,0.9929996157105885,0.9764496093304281,0.466428460513776,1.4694128324065971,1.1109051029798047,1.9002209683731521
57_99,0.5728227496147156,0.6130891442298889,0.6725776195526123,0.6685,0.506,0.476,57,0,-1.2043919772918374,0.30650636174216256,-1.0454748069341,0.8892886683173744,0.34685165576773197,-0.5942644957943457,2.093680645609212,0.04034529402556941,0.4512103111397543,2.142129112221635
55_23,0.3594906330108642,0.4451836943626404,0.4430646300315857,0.653,0.2775,0.4425,55,0,-3.441995492117049,-1.1028009975427542,-3.409007616095144,-2.0581170761351806,0.18813068304008948,-1.004069188330793,1.3838784159818682,1.2909316805828437,2.404938427764351,3.0602864106959986
61_345,0.6142548322677612,0.6489837169647217,0.5118275880813599,0.62165,0.4987499999999999,0.4986,61,0,-0.7698180591830162,-0.6805671927024028,-0.5402023431953092,0.7957714182198633,-0.13289528438001397,-0.317799240530951,1.5655894774028796,0.5476719083223889,0.22240310266435825,1.67346289800367
53_97,0.6987488269805908,0.6894769668579102,0.7951458692550659,0.6391,0.39115,0.4783,53,0,0.11642477457714462,1.059127538786759,0.02980372121640016,-0.5921535625376628,0.045793810723041735,-0.5661286512321415,0.7085783371148074,1.0133337280637171,0.5959323724485417,1.372612070758539
66_96,0.5169574022293091,0.5797405242919922,0.6492197513580322,0.7224999999999999,0.3775,0.619,66,0,-1.7903539020902728,0.1630791177655727,-1.5149089880507889,-0.7682239713419402,0.899815044625326,1.155051057420939,1.0221299307483327,0.7367359268597533,2.669960045471728,2.9523238415988313
66_104,0.6987900733947754,0.6925967931747437,0.7390773296356201,0.878,0.235,0.491,66,0,0.11685740105093861,0.7148428615885486,0.07372017458077874,-2.606321645672309,2.492144803280067,-0.41076985734518984,2.7231790467232475,1.7773019416915186,0.48449003192596857,3.2877403947831105
66_247,0.5495448112487793,0.5907124280929565,0.5172765851020813,0.6513333333333333,0.4716666666666667,0.578,66,0,-1.4485502293858088,-0.6471080337325756,-1.3604622167694453,0.4464253690050285,0.17106391177905222,0.6534990456599129,1.8949755983908374,0.8181719455116279,2.0139612624293584,2.883813069095334
57_314,0.8108421564102173,0.7653113007545471,0.7271397113800049,0.7793333333333333,0.6016666666666667,0.6706666666666666,57,0,1.292152236119915,0.6415408088590615,1.0972910265259386,2.1232864052362417,1.481791944626684,1.787088145412475,0.8311341691163268,0.8402511357676226,0.6897971188865364,1.368439272841741
75_132,0.6372177600860596,0.6774612069129944,0.7864072322845459,0.6858461538461539,0.4664615384615385,0.5670000000000001,75,0,-0.5289638980052315,1.0054685915595265,-0.1393369640875325,0.3792847791914317,0.5244773597383702,0.5189363107971999,0.9082486771966631,0.48099123182115633,0.6582732748847324,1.2204883977923724
53_296,0.6884862184524536,0.6880717277526855,0.832827091217041,0.73,0.5675,0.5185,53,0,0.008782056361970693,1.2905062661027344,0.010022774662607994,1.6825729277652175,0.9766155152999926,-0.07436302018840474,1.6737908714032468,0.31389075080274187,0.08438579485101273,1.7050584292055762
70_187,0.5286499857902527,0.545421838760376,0.7084749937057495,0.646,0.137,0.291,70,0,-1.6677124241456314,0.5269315049055112,-1.9979983653484654,-3.8704168883696846,0.11645024374373456,-2.8573650366672663,2.202704464224053,0.41048126116177663,0.8593666713188008,2.399773509781932
53_333,0.636547327041626,0.6469310522079468,0.3608041107654571,0.627,0.3786666666666666,0.532,53,0,-0.5359959537526805,-1.6079155682792086,-0.5690968222171744,-0.7531752184526866,-0.07811094863208595,0.09078215441583624,0.21717926470000615,1.5298046196471227,0.6598789766330106,1.680151561946583
67_325,0.7008315920829773,0.7119081020355225,0.8185966610908508,0.7405999999999999,0.4946,0.5443,67,0,0.13827053595544395,1.2031253734374314,0.3455571644842027,0.7422408543709447,1.0851601805201865,0.24124775794414366,0.6039703184155008,0.11796519291724494,0.10430940654005905,0.6241605438984937
66_277,0.8474335670471191,0.8121293783187866,0.3348265588283539,0.7358750000000001,0.4225,0.544,66,0,1.6759531862862063,-1.7674287844922354,1.7563289700376883,-0.18777207418498196,1.0367758839951484,0.23757786517516094,1.8637252604711882,2.804204668487384,1.5187511048625273,3.693729901847993
61_367,0.7457743883132935,0.7348647117614746,0.855212926864624,0.6728333333333334,0.4159444444444444,0.5202777777777778,61,0,0.6096677189580016,1.4279648168702546,0.668707486985897,-0.2723317332769838,0.39122526104642863,-0.052615507483318384,0.8819994522349854,1.036739555823826,0.7213229944692153,1.5404735644283656
78_186,0.6682151556015015,0.671630859375,0.6561341285705566,0.7190625,0.4141875,0.5964375,78,0,-0.20383760075586627,0.2055363342866004,-0.2214082590083116,-0.2949944385209201,0.8646148288994387,0.8790445387536667,0.09115683776505384,0.6590784946128383,1.1004527977619782,1.2859589383936856
59_280,0.633694052696228,0.6532304286956787,0.7409636974334717,0.6212352941176471,0.3151764705882353,0.469,59,0,-0.5659234527418683,0.7264259620717861,-0.4804232084793021,-1.5721308798880809,-0.1371418986408483,-0.6798953270706185,1.0062074271462125,0.8635678607126345,0.19947211859131642,1.3408922263162335
72_58,0.712732195854187,0.7055371403694153,0.7452657222747803,0.6481600000000001,0.41676,0.5196000000000001,72,0,0.26309390175202313,0.7528422240939724,0.2558758769759238,-0.2618119384001136,0.13856877929803887,-0.06090674670213208,0.5249058401521367,0.6142734447959335,0.3167826236780559,0.8678762795880736
66_220,0.8319084644317627,0.8020918965339661,0.8387149572372437,0.8676666666666666,0.5396666666666666,0.801,66,0,1.5131130816963636,1.3266602673645889,1.6150356556245073,1.3235526802644317,2.3863308214616374,3.381452670604029,0.18956040143193187,1.0596705540970486,1.7664170149795217,2.0685898336355963
55_337,0.6204386353492737,0.6539146900177002,0.7590324878692627,0.6411428571428572,0.3926428571428571,0.5274285714285714,55,0,-0.7049572228004956,0.8373760193547283,-0.47079115611937955,-0.5728973011875353,0.06671279606871358,0.03485997888847328,0.1320599216129602,0.7706632232860147,0.5056511350078529,0.9311523489508796
80_247,0.7704989910125732,0.7523495554924011,0.8911592960357666,0.649,0.4384705882352941,0.5513529411764706,80,0,0.868999781955808,1.6486908102799764,0.9148341127373082,0.018231442256997504,0.14717043201360097,0.3275262173561193,0.8507683396988105,1.5015203782663755,0.5873078953811889,1.8229922594899168
60_73,0.8424538373947144,0.7956539988517761,0.5052070021629333,0.6242380952380953,0.386047619047619,0.5069047619047619,60,0,1.6237216669515355,-0.7212204057387908,1.5244121386040164,-0.6579688226227094,-0.10639302672180401,-0.21620728832291092,2.281690489574245,0.6148273790169867,1.7406194269269273,2.9349412576059986
79_21,0.7823122143745422,0.7357033491134644,0.5066165328025818,0.8850000000000001,0.54,0.781,79,0,0.9929066298180201,-0.7125652881886265,0.6805126243294606,1.3278523239470768,2.563825242576423,3.1367931526718213,0.3349456941290566,3.2763905307650494,2.4562805283423605,4.108556627578146
56_114,0.6411232352256775,0.6683440804481506,0.4751847088336944,0.7393333333333333,0.426,0.6843333333333333,56,0,-0.48800004765493793,-0.9055700541826784,-0.26767483246503715,-0.14262581551721848,1.0721894343617988,1.9542721493328175,0.34537423213771945,1.9777594885444771,2.2219469817978545,2.9946392678706775
69_145,0.6687558889389038,0.6938871145248413,0.9018313884735109,0.7798,0.4824,0.5666,69,0,-0.19816594270635904,1.714221996305088,0.0918834733166327,0.5848738955861694,1.486570640579775,0.5140431204385549,0.7830398382925284,0.22765135572531303,0.4221596471219222,0.9182566611655306
72_122,0.6757943630218506,0.6899909973144531,0.611166775226593,0.6481666666666667,0.4475,0.6131666666666667,72,0,-0.12434061064792515,-0.07058233824459985,0.03703950689165905,0.13470120201332855,0.13863704638308233,1.0836920313573795,0.2590418126612537,0.2092193846276822,1.0466525244657203,1.0983428055854327
54_154,0.5305731296539307,0.5972633361816406,0.7887365818023682,0.7942,0.6487999999999999,0.6559999999999999,54,0,-1.6475409022136043,1.0197717881875892,-1.2682479008574552,2.7312560219621216,1.6340275442751333,1.607671165595522,4.378796924175726,0.6142557560875441,2.875919066452977,5.274664265509724
55_33,0.6829696297645569,0.6899144649505615,0.7295873165130615,0.7009375,0.3808125,0.533375,55,0,-0.0490804841424433,0.6565701452545262,0.03596219371830186,-0.7254962622456641,0.6790136914356621,0.1076024962736757,0.6764157781032208,0.022443546181135976,0.07164030255537385,0.6805691372538105
71_283,0.8177658915519714,0.7524622678756714,0.743686854839325,0.5277777777777778,0.3216666666666666,0.4215555555555555,71,0,1.3647740913545723,0.7431473066047004,0.9164207164840515,-1.488414288184834,-1.0941527310391477,-1.2602820723875778,2.8531883795394064,1.837300037643848,2.1767027888716295,4.031673398050284
54_420,0.6845067739486694,0.6994377970695496,0.5406163334846497,0.958,0.353,0.526,54,0,-0.032957645800430264,-0.5037920531074426,0.1700180443983215,-1.0842477820162844,3.3113498238098367,0.017384299036173886,1.051290136215854,3.8151418769172794,0.1526337453621476,3.9602797315007843
74_210,0.7464807033538818,0.7282463312149048,0.6475582122802734,0.6037826086956521,0.4275652173913043,0.5066521739130435,74,0,0.6170761347303407,0.1528765612352792,0.5755433903011339,-0.12243618431175929,-0.3158584926336608,-0.21929719113737464,0.7395123190421,0.46873505386894,0.7948405814385086,1.1825238139851768
57_109,0.6980562210083008,0.6992132067680359,0.807547390460968,0.6946,0.5988,0.6172,57,0,0.10916015084089306,1.1352781529122598,0.1668565833101518,2.086309469565502,0.6141172937155696,1.13303170080704,1.977149318724609,0.5211608591966902,0.9661751174968882,2.2614646641860103
62_290,0.6925088167190552,0.701691746711731,0.4994545876979828,0.7038947368421052,0.4038421052631579,0.6134210526315789,62,0,0.05097439084666478,-0.7565426768487191,0.20174592418843224,-0.4284389718950891,0.709295982285015,1.0868039287345854,0.4794133627417539,1.465838659133734,0.8850580045461531,1.7781585470361068
59_28,0.6888309717178345,0.6795686483383179,0.7724077701568604,0.523,0.4488571428571428,0.4517142857142857,59,0,0.012398113478190918,0.9195059406274311,-0.10967141745950273,0.15220689414980726,-1.1430774753207866,-0.8913510532834551,0.13980878067161634,2.0625834159482177,0.7816796358239524,2.2101628663877624
69_74,0.853790283203125,0.8068383932113647,0.8519846200942993,0.7744285714285715,0.3825714285714285,0.5038571428571429,69,0,1.7426276778717276,1.408141640417616,1.6818500480964333,-0.7028079638845696,1.4315668749156332,-0.2534887386744844,2.4454356417562972,0.023425234498017256,1.9353387867709178,3.1186921039376827
54_412,0.8066943883895874,0.766160786151886,0.5991387963294983,0.5682222222222222,0.346,0.5087777777777779,54,0,1.2486470178274645,-0.14443924373990435,1.109248867138623,-1.1745402993518115,-0.6799990817713201,-0.19329473029433722,2.423187317179276,0.5355598380314157,1.3025435974329602,2.8027274104814994
72_275,0.5361424088478088,0.5616921186447144,0.5720773935317993,0.7953333333333333,0.3786666666666666,0.5353333333333333,72,0,-1.5891257001444015,-0.310607765159807,-1.7689686325359166,-0.7531752184526866,1.6456329487326382,0.13155874073787044,0.8359504816917148,1.9562407138924451,1.900527373273787,2.8526645851017944
71_252,0.7496374845504761,0.7238938808441162,0.7644047737121582,0.5842222222222222,0.3253333333333333,0.4501111111111111,71,0,0.6501870643619548,0.8703641390701973,0.5142758182256754,-1.4411182076757478,-0.5161580776653659,-0.910962649562148,2.091305272037703,1.386522216735563,1.4252384677878234,2.885707242326597
72_184,0.6245452165603638,0.6405317187309265,0.6358305811882019,0.5929444444444445,0.3846111111111111,0.4908333333333334,72,0,-0.6618840057990735,0.08086391898994418,-0.6591774875062306,-0.6764982394455318,-0.42684197473260554,-0.41280868666129067,0.014614233646458308,0.5077058937225497,0.24636880084493995,0.5645143367315483
72_72,0.6785030364990234,0.7040848731994629,0.742423415184021,0.6658333333333333,0.3811666666666666,0.5667222222222222,72,0,-0.09592980504807869,0.7353892498256565,0.23543293657962477,-0.7209278908328556,0.3195448217500726,0.5155382619370299,0.6249980857847769,0.41584442807558386,0.2801053253574051,0.8012541350219182
59_300,0.8004810810089111,0.8049194812774658,0.2114221304655075,0.5464,0.5574,0.5156,59,0,1.1834767159759727,-2.5251844541083757,1.6548383500410897,1.5522937241811003,-0.9034600068158292,-0.10983865028857501,0.36881700820512764,1.6217244472925465,1.7646770003296648,2.4248919736722705
56_110,0.6868138313293457,0.7113304734230042,0.5399826169013977,0.42,0.217,0.439,56,0,-0.008759321675184752,-0.5076833424254968,0.3374261349179998,-2.8385024045350917,-2.1978039392528657,-1.0468846039689295,2.829743082859907,1.6901205968273687,1.3843107388869291,3.5749503169430574
75_207,0.5959326028823853,0.6238613724708557,0.6204397678375244,0.7322142857142857,0.4160357142857142,0.5331428571428571,75,0,-0.961996740596853,-0.013642220142992306,-0.8938387826393194,-0.2711544498876891,0.9992899399753702,0.1047626982976763,0.6908422907091639,1.0129321601183625,0.9986014809369956,1.5812967935728883
74_105,0.6865348815917969,0.6720143556594849,0.3797015249729156,0.6367499999999999,0.42325,0.58475,74,0,-0.01168517701818452,-1.4918774086543185,-0.21600994673620866,-0.17809787589903228,0.02172966324497898,0.7360716329620334,0.16641269888084775,1.5136070718992976,0.952081579698242,1.7958727373767531
53_184,0.7571860551834106,0.6946557760238647,0.5646049976348877,0.5635,0.26,0.391,53,0,0.7293627105283784,-0.3564914537082636,0.10270359067147251,-2.283848369473998,-0.7283549336775909,-1.6340674470062277,3.0132110800023764,0.3718634799693273,1.7367710376777004,3.4977274190108156
60_117,0.5725203156471252,0.5963181257247925,0.3111160695552826,0.5559090909090909,0.5171818181818182,0.5133636363636364,60,0,-1.2075641546444829,-1.913021271847833,-1.2815532219657872,1.033522170035164,-0.8060863191483133,-0.13719603274826678,2.241086324679647,1.1069349526995196,1.1443571892175204,2.7490591628205894
68_283,0.7042750120162964,0.6934902667999268,0.0991110801696777,0.5864444444444445,0.4417777777777777,0.5071111111111111,68,0,0.17438796950681992,-3.214822064778035,0.0862972185594581,0.060890652127936616,-0.49340238265064884,-0.21368302345535634,0.1134973173788833,2.7214196821273857,0.29998024201481444,2.7402545270324414
60_7,0.7855470180511475,0.7304295301437378,0.7887378931045532,0.52,0.52225,0.49275,60,0,1.0268359236898021,1.019779840140655,0.6062753427261551,1.098896297846276,-1.173797663590653,-0.3893621495261213,0.07206037415647382,2.193577503731308,0.9956374922522764,2.410035057499797
64_46,0.6811835765838623,0.6766240000724792,0.7073178291320801,0.694,0.594,0.781,64,0,-0.0678140857135946,0.5198260223226758,-0.151121964736267,2.024394600535426,0.6079732560615958,3.1367931526718213,2.0922086862490206,0.08814723373891997,3.2879151174080885,3.898139676937234
60_169,0.5885624289512634,0.5829800367355347,0.533806562423706,0.6496666666666667,0.4486666666666667,0.5211666666666667,60,0,-1.0393012147458411,-0.5456069433725274,-1.469307764552375,0.14974995490258353,0.1539971405180161,-0.04174175113077657,1.1890511696484247,0.6996040838905435,1.4275660134215986,1.9852539587959646
56_143,0.5173178911209106,0.580092191696167,0.5927270650863647,0.6869999999999999,0.4071666666666667,0.5893333333333334,56,0,-1.7865727967239347,-0.18381000025160626,-1.5099587172386335,-0.3855556835866119,0.5362928167652409,0.7921394391548316,1.4010171131373228,0.7201028170168471,2.3020981563934653,2.789453878458905
57_273,0.8220982551574707,0.780902624130249,0.5753422379493713,0.6553846153846153,0.4425,0.574,57,0,1.4102155006720805,-0.29056023201492154,1.3167633805552226,0.07020654677366646,0.21254929422895696,0.6045671420734714,1.340008953898414,0.5031095262438785,0.7121962384817512,1.5987390887924198
64_144,0.7639127969741821,0.7383632659912109,0.4146417081356048,0.660578947368421,0.4733157894736842,0.6069473684210527,64,0,0.7999183367227335,-1.2773298252312477,0.7179551303062814,0.4676972903823201,0.2657395797218568,1.0076115058249513,0.3322210463404134,1.5430694049531044,0.28965637551866985,1.6047849787471402
57_17,0.7922534942626953,0.7505821585655212,0.6660035252571106,0.758,0.518,0.886,57,0,1.097178987743854,0.26613862704174923,0.8899552262759473,1.0440758408925634,1.2633372724854124,4.421255621815911,0.053103146851290584,0.9971986454436632,3.5313003955399638,3.669783040756073
65_121,0.6245217323303223,0.6349277496337891,0.5798966288566589,0.255,0.462,0.25,65,0,-0.6621303278087192,-0.2625943350254063,-0.7380621504703037,0.3217357022083487,-3.887414294095516,-3.3589170484282915,0.9838660300170678,3.62481995907011,2.620854897957988,4.579977346761112
66_360,0.8032914400100708,0.7671939134597778,0.8593050241470337,0.6794444444444444,0.4930740740740741,0.5292962962962963,66,0,1.2129540833739298,1.4530920344061553,1.123791755949994,0.7225580410681745,0.4589234537152072,0.057707812176851885,0.4903960423057554,0.9941685806909482,1.066083943773142,1.5379838816818265
67_9,0.7639109492301941,0.7486670017242432,0.5025694370269775,0.5643750000000001,0.336375,0.426375,67,0,0.799898956057,-0.7374161773352185,0.8629963870445299,-1.2986925106881608,-0.7193948787655458,-1.2013259246636356,2.0985914667451606,0.018021298569672717,2.0643223117081657,2.9437794615279667
53_169,0.8264119625091553,0.790810227394104,0.5090779066085815,0.6408,0.3953,0.5118,53,0,1.4554612277839563,-0.6974514062859694,1.4562284508837111,-0.5386229986887435,0.0632019174092997,-0.1563239586956934,1.9940842264726997,0.7606533236952691,1.6125524095794046,2.6749375048318846
64_142,0.7659135460853577,0.7268864512443542,0.8576111793518066,0.7461428571428571,0.4852857142857142,0.5804285714285714,64,0,0.8209038466155697,1.4426911070321462,0.5564009447792146,0.6220965251816306,1.1419193855140353,0.683207701408824,0.1988073214339391,0.30077172151811093,0.12680675662960939,0.38218834760838355
55_212,0.8306535482406616,0.7936684489250183,0.8787389397621155,0.5372666666666667,0.4354666666666666,0.4552666666666666,55,0,1.4999504837494584,1.5724245408286193,1.4964624061812168,-0.020515934930125566,-0.9969859133263111,-0.8478948627174016,1.520466418679584,2.5694104541549305,2.3443572688986185,3.796010961060407
56_257,0.5424839854240417,0.5824103355407715,0.7023854851722717,0.5983125,0.3866875,0.497125,56,0,-1.522610004981342,0.48953933286083345,-1.4773272032680667,-0.649715042339061,-0.3718727489626829,-0.33584287997845136,0.8728949626422811,0.8614120818235164,1.1414843232896152,1.675399310861069
55_146,0.7243345975875854,0.7004743218421936,0.8448649644851685,0.6229166666666667,0.4469166666666666,0.54025,55,0,0.38478947817231435,1.3644239272439003,0.1846087578599115,0.1271768255687,-0.11992453822162624,0.19170420556287163,0.2576126526036143,1.4843484654655266,0.007095447702960139,1.5065540120053578
73_219,0.6183936595916748,0.6449421048164368,0.5305221676826477,0.7208333333333333,0.3648333333333333,0.4908333333333333,73,0,-0.7264066183054055,-0.5657745238176688,-0.5970943792901932,-0.9316104312824179,0.8827482733642898,-0.412808686661292,0.2052038129770124,1.4485227971819588,0.18428569262890115,1.4745467491144064
53_168,0.8627654910087585,0.8449494242668152,0.2453880161046981,0.5899166666666666,0.4032499999999999,0.5071666666666667,53,0,1.836767073532745,-2.3166194718133073,2.218322642415022,-0.4360764968576821,-0.45784660919015663,-0.21300341368332207,2.2728435703904273,1.8587728626231508,2.431326056098344,3.8121123857189856
59_112,0.8204690217971802,0.8215488791465759,0.5251790285110474,0.6355555555555555,0.5348888888888889,0.6767777777777778,59,0,1.393126754957218,-0.5985836705763538,1.8889232322846952,1.2619244541465324,0.009498477174569812,1.861845220336206,0.1312023008106855,0.6080821477509236,0.027078011948489245,0.6226645653017973
72_101,0.479826807975769,0.5642686486244202,0.6652705073356628,0.587,0.524,0.615,72,0,-2.1798102555541665,0.2616375852778825,-1.7326999280618425,1.121469427180158,-0.48771345889697126,1.1061191538344974,3.3012796827343243,0.7493510441748538,2.83881908189634,4.418016332108694
53_327,0.8387737274169922,0.7867838740348816,0.7242227792739868,0.7545999999999999,0.4197999999999999,0.5397000000000001,53,0,1.5851216326379691,0.6236296052617196,1.3995512062003375,-0.22259918801440062,1.2285210591128963,0.18497606881973666,1.8077208206523698,0.6048914538511767,1.2145751373806009,2.2602966621010996
65_122,0.7903639078140259,0.7499254941940308,0.7326948046684265,0.6281538461538462,0.4225384615384616,0.4967692307692308,65,0,1.0773594437088585,0.6756514440314975,0.8807116443204362,-0.18727596145236838,-0.0662954916052141,-0.34019499640320644,1.264635405161227,0.7419469356367115,1.2209066407236426,1.9079834875205544
53_309,0.7591211199760437,0.7438653707504272,0.657418966293335,0.6633,0.5158,0.5457,53,0,0.7496592690135253,0.21342578429976608,0.7954058927927319,1.0156981925871125,0.2936033294332971,0.25837392419939764,0.26603892357358716,0.08017754513353101,0.5370319685933342,0.6046556729999846
61_288,0.8075366020202637,0.7931427955627441,0.8959853649139404,0.7591111111111111,0.3683333333333333,0.5542222222222223,61,0,1.2574808503053676,1.67832492554561,1.4890630098604714,-0.8864641726146545,1.2747151199927698,0.36262606322940066,2.143945022920022,0.4036098055528403,1.1264369466310706,2.4552517856988647
62_147,0.6640642881393433,0.6953615546226501,0.6051549315452576,0.884,0.585,0.655,62,0,-0.24737532855212777,-0.10749761506905327,0.11263853248278288,1.9083042211040342,2.5535851798198,1.5954381896989132,2.155679549656162,2.6610827948888534,1.4827996572161304,3.731891046842008
62_245,0.5367891788482666,0.6080381870269775,0.6226425766944885,0.6781111111111111,0.3666666666666666,0.4795555555555555,62,0,-1.582341841954895,-0.00011603698579410317,-1.116574959288821,-0.9079623910278757,0.4452700367063781,-0.5507694703841758,0.6743794509270192,0.4453860736921722,0.5658054889046452,0.9865557509569247
67_214,0.6713920831680298,0.6730602383613586,0.7109248638153076,0.7017142857142857,0.3447142857142857,0.426,67,0,-0.17051535934948003,0.541974749219908,-0.20128750572927825,-1.1911246392705817,0.6869680258983958,-1.2059132906248646,1.0206092799211017,0.14499327667848783,1.0046257848955864,1.439423259580068
72_24,0.628625750541687,0.6569687128067017,0.6301952600479126,0.5391666666666667,0.4259166666666666,0.4636666666666666,72,0,-0.6190839936662179,0.04626065068901867,-0.42780099071713984,-0.14370072643788012,-0.977529794088729,-0.7451378651858741,0.4753832672283378,1.0237904447777477,0.31733687446873426,1.1725352094826376
55_248,0.7474954724311829,0.7179636359214783,0.6591598987579346,0.5384583333333334,0.4538333333333333,0.4658333333333333,55,0,0.6277198713146508,0.22411584998841627,0.4307983107826636,0.21639443198356675,-0.9847831718746695,-0.7186330840765511,0.411325439331084,1.2088990218630857,1.1494313948592148,1.7180855606140326
62_335,0.7565875053405762,0.7517341375350952,0.6697254180908203,0.4644,0.3452,0.403,62,0,0.723084625196241,0.28899263182798535,0.9061711388160364,-1.184859444190157,-1.7431451528588435,-1.487271736246903,1.907944069386398,2.032137784686829,2.3934428750629393,3.6740173303957304
61_81,0.6115249395370483,0.6529796719551086,0.7122632265090942,0.7065,0.3908999999999999,0.5374,61,0,-0.7984514298474157,0.550192865317311,-0.4839530032770542,-0.595378295299647,0.735974040519373,0.1568402242575318,0.20307313454776865,0.18578117520206194,0.640793227534586,0.6974018235484527
77_62,0.646726667881012,0.6577301025390625,0.7906823754310608,0.8039999999999999,0.532,0.6643333333333333,77,0,-0.4292266158610473,1.031719788543861,-0.41708323489434795,1.2246608755636175,1.7343801592900292,1.7096126314006097,1.6538874914246648,0.7026603707461683,2.1266958662949578,2.784225339052889
71_234,0.7232765555381775,0.728532075881958,0.4737091362476349,0.5983333333333333,0.4703333333333333,0.5413333333333333,71,0,0.37369185890018,-0.914630697369073,0.579565695093248,0.4292267942744517,-0.3716594143219208,0.20495659611753278,0.05553493537427173,0.5429712830471523,0.37460909897571515,0.6619923868869584
66_210,0.8473954200744629,0.8268370032310486,0.3190203607082367,0.5356,0.4828,0.4662,66,0,1.6755530693162235,-1.8644855627577452,1.9633618808362918,0.5900334680053426,-1.0140526845873483,-0.7141476595811271,1.0855196013108808,0.8504328781703969,2.677509540417419,3.011751354964353
53_259,0.6062511801719666,0.6323775053024292,0.669583797454834,0.573,0.3,0.415,53,0,-0.8537669757647824,0.2881230208968626,-0.773960843176893,-1.767891127556702,-0.6310743374896811,-1.340476025487579,0.9141241517919195,0.9191973583865437,0.566515182310686,1.414738915963863
71_291,0.6782286167144775,0.6686807870864868,0.6612672805786133,0.7154444444444444,0.3414444444444444,0.4835555555555555,71,0,-0.098808146500893,0.2370560705611332,-0.26293515791963623,-1.2333020963479484,0.827565712953604,-0.5018375667977342,1.1344939498470554,0.5905096423924708,0.23890240887809794,1.3010966608848917
55_402,0.5745618939399719,0.6038832664489746,0.5631725788116455,0.2505,0.8195,0.3389999999999999,55,0,-1.186150394557212,-0.3652871144392154,-1.1750619894199605,4.933103551844185,-3.9334945765003155,-2.2701821936299686,6.119253946401397,3.5682074620611,1.095120204210008,7.167751503402344
73_359,0.8196067214012146,0.7716627717018127,0.7789106965065002,0.6151666666666666,0.3973333333333333,0.564,73,0,1.3840822358873084,0.9594366738750831,1.186697951567171,-0.5123951722246143,-0.19928502458544806,0.4822373831073674,1.8964774081119227,1.158721698460531,0.7044605684598035,2.3314217178530536
53_55,0.6532823443412781,0.6600426435470581,0.2894545495510101,0.5302,0.4175,0.5485,53,0,-0.3604652642039592,-2.046032216540015,-0.3845305896451951,-0.25226672942464407,-1.0693490234731076,0.29262625670990705,0.10819853477931513,0.9766831930669075,0.6771568463551021,1.1933810695303273
53_38,0.703398585319519,0.6855634450912476,0.7368210554122925,0.6500714285714286,0.4285,0.5569285714285714,53,0,0.1651952821214634,0.7009883783449796,-0.025285241662327613,-0.11037848789738743,0.15814192782426795,0.39573276783848055,0.2755737700188508,0.5428464505207117,0.42101800950080814,0.7401887164023514
63_39,0.8108741044998169,0.7994257211685181,0.279758483171463,0.5563,0.4692,0.52625,63,0,1.2924873340822756,-2.1055701874989916,1.577505051607809,0.4146080057534618,-0.8020833855252699,0.020442543010326147,0.8778793283288138,1.3034868019737216,1.557062508597483,2.2122824443787947
74_203,0.7130155563354492,0.7546114921569824,0.6722245216369629,0.542,0.5201666666666667,0.5448333333333334,74,0,0.2660660206196772,0.30433819038022186,0.9466744224068814,1.0720235248297503,-0.9485162829449661,0.24777201175566982,0.8059575042100731,1.252854473325188,0.6989024106512116,1.6455018716299108
73_65,0.494754433631897,0.5662771463394165,0.330914705991745,0.5389999999999999,0.3576,0.4996,73,0,-2.02323698300668,-1.7914492244794344,-1.704427169492826,-1.0249126991957955,-0.9792364712148336,-0.3055662646343406,0.9983242838108843,0.8122127532646009,1.3988609048584852,1.9008294934984775
61_204,0.5316073894500732,0.5514481067657471,0.5418895483016968,0.5645,0.428,0.4626666666666666,61,0,-1.6366927308649435,-0.4959739726782706,-1.9131691822650498,-0.11682795342135364,-0.7181148709209687,-0.7573708410824845,1.5198647774435898,0.22214089824269811,1.1557983411825652,1.9222916859483357
66_13,0.690519392490387,0.6974954605102539,0.6494432687759399,0.5880555555555556,0.3707222222222222,0.4623888888888889,66,0,0.03010766567929229,0.16445160976545076,0.1426766079651511,-0.855650059555705,-0.47690450376498095,-0.7607688899426532,0.8857577252349972,0.6413561135304318,0.9034454979078044,1.4184915156130535
69_80,0.7996835112571716,0.7962301969528198,0.3122286796569824,0.5912083333333333,0.4570416666666666,0.4407916666666667,69,0,1.1751111453895027,-1.9061893726703065,1.5325230314753902,0.2577785024290163,-0.4446198614628528,-1.0249671888208356,0.9173326429604864,1.4615695112074536,2.5574902202962257,3.085197050569526
53_349,0.6377056837081909,0.6458399295806885,0.70203697681427,0.6595,0.39,0.4885,53,0,-0.5238461518860443,0.4873993433346236,-0.5844560861980753,-0.6069873332427849,0.2546910909581328,-0.4413522970867158,0.08314118135674053,0.2327082523764908,0.14310378911135951,0.2855595931141929
76_224,0.794182300567627,0.7277467250823975,0.7570276260375977,0.796,0.387,0.529,76,0,1.117409902038613,0.825065315112622,0.5685106496320685,-0.6456841263865821,1.6524596572370533,0.05408322672600506,1.7630940284251952,0.8273943421244313,0.5144274229060635,2.014377701397103
57_157,0.7445118427276611,0.707356333732605,0.5739091634750366,0.5359999999999999,0.4078,0.4237999999999999,57,0,0.5964250976170997,-0.29935991872240636,0.28148387959588866,-0.37738636058958824,-1.0099566594847,-1.2328258375974086,0.9738114582066879,0.7105967407622937,1.5143097171932973,1.9355594549645523
80_299,0.6642208099365234,0.6406103372573853,0.4114904105663299,0.497,0.4692857142857143,0.4568571428571428,80,0,-0.2457335986096668,-1.296680132440195,-0.658070808319581,0.4157136284147133,-1.409319106992962,-0.8284386058151735,0.6614472270243801,0.11263897455276695,0.1703677974955925,0.6922609039589336
59_170,0.6993039846420288,0.6688399314880371,0.6825167536735535,0.5505,0.42675,0.492,59,0,0.12224772685592664,0.36753687200127333,-0.2606949506198981,-0.1329516172312688,-0.8614757495136786,-0.39853688144857946,0.25519934408719547,1.229012621514952,0.13784193082868135,1.262774376901974
53_338,0.6447750329971313,0.6578779816627502,0.9064903259277344,0.7698333333333333,0.4078333333333333,0.5291666666666667,53,0,-0.4496969751550305,1.742829853552679,-0.4150016040663891,-0.3769563962213239,1.3845113484387732,0.05612205604210657,0.07274057893370661,0.3583185051139057,0.47112366010849566,0.5963563079608535
60_50,0.7899660468101501,0.7564936876296997,0.2498442232608795,0.56275,0.46325,0.5099166666666667,60,0,1.0731863487484903,-2.2892564648096045,0.9731692786282782,0.33785936601826383,-0.7360349807450577,-0.17936272996764313,0.7353269827302265,1.5532214840645469,1.1525320085959212,2.069186502210219
71_90,0.7293131947517395,0.7126116156578064,0.6330134272575378,0.6215,0.3728333333333333,0.4705,71,0,0.4370091190344386,0.06356539582134782,0.35546022319536696,-0.8284189828989585,-0.13443129379350713,-0.6615458632257029,1.2654281019333973,0.19799668961485495,1.0170060864210697,1.6354853561186973
65_314,0.738744854927063,0.7267040014266968,0.56697678565979,0.7116666666666666,0.447,0.6003333333333333,65,0,0.5359361643144075,-0.3419276665991576,0.5538326771595524,0.12825173648936236,0.788881031428586,0.9267021740175445,0.4076844278250451,1.1308086980277436,0.3728694968579921,1.2585573351712536
62_296,0.5759445428848267,0.6200156211853027,0.5458690524101257,0.6755,0.3745,0.5085,62,0,-1.1716480299436296,-0.4715381251124417,-0.9479737696005182,-0.8069207644857375,0.4185320950640869,-0.19669277915450864,0.36472726545789214,0.8900702201765286,0.7512809904460095,1.220522061094769
80_232,0.7359282374382019,0.7370700836181641,0.7457901239395142,0.63525,0.44175,0.401,80,0,0.5063931527260626,0.7560622733246196,0.6997515581807693,0.06053234848771678,0.006369569110046352,-1.5117376880401237,0.4458608042383458,0.7496927042145732,2.211489246220893,2.377291671978699
76_41,0.8286503553390503,0.8023189306259155,0.4783723950386047,0.5961562499999999,0.409125,0.46134375,76,0,1.4789393413632326,-0.8859963052761508,1.6182315168996766,-0.36029527695107755,-0.3939528842816502,-0.7735540487790414,1.8392346183143102,0.4920434209945006,2.391785565678718,3.057045780085543
62_144,0.6460660696029663,0.6345686316490173,0.5309864282608032,0.5795,0.50975,0.48425,62,0,-0.4361555164521726,-0.5629237664344554,-0.7431172999013606,0.9376596597471214,-0.5645139295716367,-0.49334244464730964,1.373815176199294,0.0015901631371812996,0.2497748552540509,1.396337403814523
75_177,0.517534613609314,0.5726824998855591,0.5371484160423279,0.7936666666666667,0.49,0.606,75,0,-1.7842996321882194,-0.5250865409839506,-1.6142617622796973,0.6829057715504557,1.628566177471602,0.9960223707650039,2.4672054037386753,2.1536527184555525,2.610284133044701,4.187947682478046
75_350,0.6841522455215454,0.679069995880127,0.7489626407623291,0.6564666666666666,0.4452,0.5788,75,0,-0.036676232890208604,0.7755428757740888,-0.11669073366534874,0.10503366060308371,0.2236295672630457,0.6632854263772014,0.14170989349329233,0.551913308511043,0.7799761600425502,0.9659465845791929
59_197,0.6938368082046509,0.6869673728942871,0.5658773183822632,0.57005,0.41375,0.50615,59,0,0.06490346286419359,-0.348678863247091,-0.005522753745462129,-0.3006377208543903,-0.6612825226217165,-0.2254402725115426,0.36554118371858385,0.3126036593746255,0.21991751876608048,0.5288715533180242
65_157,0.4200119078159332,0.5071330666542053,0.3897862136363983,0.505,0.4599999999999999,0.471,65,0,-2.8071983533580545,-1.4299531316048868,-2.5369729439995705,0.29593784011248236,-1.327398604939985,-0.6554293752773976,3.1031361934705366,0.10255452666490172,1.8815435687221729,3.6304514687798877
53_148,0.6697802543640137,0.6717572212219238,0.40206378698349,0.5544782608695652,0.3611739130434783,0.4044782608695652,53,0,-0.18742155169678765,-1.3545636100430518,-0.21962951763174055,-0.9788130412766624,-0.8207381085471167,-1.4691882066606101,0.7913914895798747,0.5338255014959351,1.2495586890288695,1.5724716446265052
55_325,0.72919762134552,0.7071250677108765,0.5664288997650146,0.5784,0.4487,0.4439,55,0,0.43579688965194363,-0.34529191898925865,0.2782284472651831,0.15017991927084717,-0.5757779986039209,-0.9869430220755385,0.28561697038109646,0.23048607961466222,1.2651714693407217,1.3173305331235488
77_301,0.5561617612838745,0.5892499685287476,0.6909645795822144,0.7160000000000001,0.414,0.5366666666666667,77,0,-1.3791461898456858,0.41941011563719777,-1.3810486311164019,-0.2974129880924075,0.8332546367072838,0.1478693752666852,1.0817332017532784,0.41384452107008607,1.528918006383087,1.9180730636859382
69_54,0.6968833208084106,0.6993080377578735,0.801729679107666,0.714,0.547,0.91,69,0,0.09685780437945088,1.0995549311394337,0.1681914783715313,1.4181448412826037,0.8127745111940384,4.714847043334561,1.3212870369031529,0.28678041994539527,4.54665556496303,4.743429062351587
68_335,0.8403311371803284,0.8192228078842163,0.7154915928840637,0.4741428571428571,0.4871428571428571,0.4417142857142857,68,0,1.6014570331202855,0.5700164077678164,1.856180127463617,0.6460516828420769,-1.6433776842871826,-1.0136808122495584,0.9554053502782086,2.213394092054999,2.8698609397131754,3.7480681161600558
72_66,0.6006810069084167,0.5879131555557251,0.5487914085388184,0.659375,0.40425,0.5515,72,0,-0.9121915555754692,-0.45359361570923606,-1.3998663724342018,-0.42317756580974825,0.2534110831135557,0.3293251843997382,0.4890139897657209,0.7070046988227918,1.72919155683394,1.9310861623888977
63_333,0.7530081272125244,0.733410120010376,0.8289769887924194,0.68375,0.411375,0.5465,63,0,0.6855411497565354,1.2668649999053683,0.6482318244605006,-0.33127268209322996,0.5030126128062192,0.26816030491668624,1.0168138318497653,0.763852387099149,0.3800715195438144,1.3273414021593748
62_23,0.7943581342697144,0.752021312713623,0.8265612125396729,0.5905,0.3765,0.46525,62,0,1.1192541911971279,1.2520311063706862,0.9102135803029795,-0.7811229023898726,-0.45187323924879325,-0.7257689866829071,1.9003770935870006,1.7039043456194793,1.6359825669858865,3.0316929389918186
68_173,0.8804941177368164,0.7959731817245483,0.9083650708198548,0.7596666666666666,0.4166666666666667,0.5619999999999999,68,0,2.022719559783989,1.7543415844519235,1.5289051386377608,-0.26301583863125394,1.2804040437464483,0.45777143131414666,2.285735398415243,0.4739375407054751,1.071133707323614,2.568371180928347
78_5,0.6266472339630127,0.6806216239929199,0.6996761560440063,0.5730000000000001,0.3572,0.507,78,0,-0.6398363103874859,0.4729028998329783,-0.09484913200737802,-1.030072271614968,-0.63107433748968,-0.21504224299942357,0.39023596122748205,1.1039772373226584,0.12019311099204555,1.1770710385918313
54_249,0.6746174097061157,0.6933130025863647,0.7660223245620728,0.7729999999999999,0.3967142857142857,0.563,54,0,-0.13668546953742802,0.8802965891749147,0.08380194645855134,-0.5203802247780964,1.416938213834743,0.47000440721075704,0.38369475524066843,0.5366416246598283,0.3862024607522057,0.7644332797620702
55_203,0.7252936363220215,0.7060709595680237,0.683082103729248,0.671,0.404,0.59375,55,0,0.39484866887079006,0.37100836176629826,0.26339022026298536,-0.426402298571731,0.3724518126592879,0.8461684160315269,0.821250967442521,0.0014434508929896395,0.5827781957685416,1.0070182026850327
75_192,0.6491070985794067,0.679032564163208,0.6897488832473755,0.6376000000000001,0.3897,0.4926,75,0,-0.4042586917513504,0.4119452231493277,-0.11721764384671035,-0.610857012557165,0.030433716588109103,-0.39119709591061336,0.20659832080581458,0.38151150656121857,0.273979452063903,0.5131263352739065
78_125,0.5244688391685486,0.5499775409698486,0.4335127770900726,0.714,0.6265,0.5880000000000001,78,0,-1.711567744786817,-1.16145343666341,-1.9338697045493713,2.443609859593229,0.8127745111940384,0.7758288046260182,4.155177604380046,1.9742279478574485,2.7096985091753893,5.339058243236372
77_56,0.7916606068611145,0.7290931940078735,0.5628254413604736,0.595,0.35375,0.403,77,0,1.0909602947744483,-0.3674186860144927,0.5874643136399649,-1.0745735837303347,-0.4057929568439942,-1.487271736246903,2.165533878504783,0.03837427082950151,2.0747360498868677,2.9992564479073525
53_129,0.5439901947975159,0.581446647644043,0.3817876875400543,0.5936666666666667,0.3959999999999999,0.5463333333333333,53,0,-1.5068116364946746,-1.479067483322123,-1.4908926233512747,-0.5295937469551918,-0.41944637385282335,0.26612147560058474,0.9772178895394829,1.0596211094692995,1.7570140989518594,2.2726306878119384
55_377,0.7439910173416138,0.7308740615844727,0.7771669626235962,0.6123636363636363,0.451090909090909,0.5101818181818182,55,0,0.5909622506113023,0.9487294062867012,0.6125328206442999,0.1810200907763571,-0.22798823079719194,-0.17611913787384517,0.40994215983494514,1.1767176370838932,0.7886519585181451,1.474682638234053
74_224,0.7972580194473267,0.7946102619171143,0.7957537174224854,0.6304615384615384,0.4326923076923077,0.4669999999999999,74,0,1.1496705831090135,1.0628599850306941,1.5097199026393298,-0.05630220004259354,-0.042664577551471496,-0.7043612788638399,1.205972783151607,1.1055245625821657,2.2140811815031696,2.7529457659862087
67_336,0.6679260730743408,0.6517795920372009,0.7524019479751587,0.66085,0.4096499999999999,0.54135,67,0,-0.20686973716901774,0.7966616846746124,-0.500846012180772,-0.35352333815091447,0.2685151756795734,0.20516047904914292,0.14665360098189673,0.528146508995039,0.7060064912299149,0.893807126455915
74_70,0.7755548357963562,0.7465867400169373,0.7747694253921509,0.5835,0.364,0.491,74,0,0.9220296596821476,0.9340075080992092,0.8337134376182531,-0.9423595404890278,-0.5235536785451481,-0.41076985734518984,1.8643892001711753,1.4575611866443574,1.244483294963443,2.673793255651994
79_349,0.6784428358078003,0.6708846092224121,0.7398780584335327,0.5364,0.4474,0.3866,79,0,-0.09656123964133291,0.7197596769289117,-0.23191290147749544,0.13341130890853548,-1.0058606343820504,-1.6878925409513135,0.22997254854986837,1.725620311310962,1.455979639473818,2.269477812726481
58_184,0.8281604051589966,0.7924773693084717,0.766661524772644,0.757,0.389,0.593,58,0,1.473800339030015,0.8842215502966994,1.479696090649132,-0.6198862642907174,1.2530972097287902,0.8369936841090688,2.0936866033207324,0.3688756594320909,0.6427024065400633,2.2209590785105777
72_123,0.7443842887878418,0.7448879480361938,0.7913629412651062,0.885,0.455,0.5845,72,0,0.5950872064987195,1.0358987521850895,0.8098002734797382,0.23144318487282173,2.563825242576422,0.7330133889878812,0.36364402162589776,1.5279264903913325,0.076786884491857,1.5724797487197717
54_11,0.7487258911132812,0.7387657165527344,0.7642127275466919,0.363,0.169,0.311,54,0,0.6406255191448953,0.8691848939439021,0.72362025378487,-3.457651094835848,-2.7814875163803268,-2.6127055187350585,4.098276613980743,3.650672410324229,3.3363257725199285,6.422954920640863
74_200,0.6082251071929932,0.628049373626709,0.8098981380462646,0.661896551724138,0.4485862068965517,0.5694137931034483,74,0,-0.8330627981164654,1.1497127427744438,-0.8348860914402568,0.1487121098757376,0.2792319310127968,0.5484641836510867,0.981774907992203,0.8704808117616469,1.3833502750913436,1.9066401855629735
62_28,0.66703200340271,0.6568164229393005,0.5987194180488586,0.93,0.442,0.65,62,0,-0.21624747865299135,-0.14701440472954222,-0.42994470968748844,0.06375708124970025,3.024628066624418,1.5342733102158612,0.2800045599026916,3.17164247135396,1.9642180199033497,3.741105578485535
72_205,0.7104148864746094,0.7068101167678833,0.5334081649780273,0.5956666666666667,0.4909444444444444,0.5307222222222223,72,0,0.23878804619109473,-0.54805327311311,0.27379501828697483,0.695088095317947,-0.39896624833957905,0.07515112965905713,0.4563000491268523,0.14908702477353097,0.1986438886279177,0.5195152262236515
59_119,0.7707006931304932,0.744709849357605,0.5884291529655457,0.7104,0.3703999999999999,0.5549999999999999,59,0,0.8711154004345923,-0.21020100842099476,0.8072932549735143,-0.8598063817822617,0.7759102852701995,0.3721406000378739,1.7309217822168539,0.9861112936911942,0.4351526549356404,2.0390839935607428
56_262,0.6699738502502441,0.6945890784263611,0.7044390439987183,0.6642173913043478,0.3723478260869565,0.4900869565217391,56,0,-0.18539095807412456,0.5021490573599797,0.10176471727506543,-0.8346815073932445,0.3029974739621976,-0.42193909620731246,0.64929054931912,0.1991515833977821,0.5237038134823779,0.8576160299696791
58_118,0.7631196975708008,0.7231937646865845,0.749369204044342,0.60875,0.3595,0.37375,58,0,0.7915996548436833,0.7780393472224003,0.5044205841647302,-1.0004047302047236,-0.2649920939404396,-1.8450862812227566,1.7920043850484069,1.0430314411628399,2.349506865387487,3.1335884882654716
55_218,0.6816389560699463,0.6656630039215088,0.6171890497207642,0.6920000000000001,0.4355714285714285,0.4972857142857143,55,0,-0.06303768938442403,-0.03360301179348546,-0.30541519371953857,-0.019164618344151948,0.5874931305483526,-0.33387686599506744,0.04387307104027208,0.6210961423418381,0.02846167227552887,0.62329393642417
63_41,0.4583145380020141,0.5243207216262817,0.5882828235626221,0.5492857142857143,0.4087142857142857,0.4937142857142857,63,0,-2.405448718582821,-0.2110995331835816,-2.2950297165989064,-0.3655930522029074,-0.873910111432434,-0.3775660656258187,2.0398556663799137,0.6628105782488525,1.9174636509730878,2.876976860369903
68_230,0.8559920787811279,0.79680997133255,0.8154033422470093,0.485,0.305,0.456,68,0,1.7657219292329265,1.183517037732507,1.540684266083837,-1.7033964723170398,-1.5321998600724276,-0.8389240137265529,3.4691184015499665,2.715716897804935,2.3796082798103897,5.007238392401346
59_184,0.7732060551643372,0.7311314940452576,0.9105311632156372,0.6024,0.5326,0.5798,59,0,0.8973937076209832,1.7676423129232743,0.6161565866845878,1.2324002341923759,-0.33001649244498976,0.6755184022738119,0.3350065265713926,2.097658805368264,0.05936181558922404,2.125070742759989
53_358,0.53691166639328,0.5845289826393127,0.3937767744064331,0.5419090909090909,0.4492727272727272,0.4908181818181818,53,0,-1.5810570913715905,-1.4054493914347972,-1.4475039191972088,0.15756748887102603,-0.9494471977410232,-0.41299403478093705,1.7386245802426166,0.45600219369377404,1.0345098844162717,2.0738765953239158
61_139,0.6632893085479736,0.6486347913742065,0.4387372136116028,0.7396666666666666,0.5216666666666666,0.5516666666666666,61,0,-0.2555039548704361,-1.1293731746561266,-0.5451140186757087,1.0913719214016482,1.0756027886140058,0.33136401371583973,1.3468758762720843,2.2049759632701322,0.8764780323915484,2.7284074779892578
67_63,0.7576586008071899,0.7230713367462158,0.8283407688140869,0.5576000000000001,0.4066,0.4888333333333333,67,0,0.7343191594940413,1.2629583386769154,0.5026972186989391,-0.3928650778471069,-0.7887713039416604,-0.4372746384545128,1.1271842373411483,2.051729642618576,0.9399718571534519,2.522634718612785
62_359,0.9286777973175048,0.874184250831604,0.4665318429470062,0.5488000000000001,0.4342,0.4373999999999999,62,0,2.5281098053004185,-0.9587023304798239,2.629848723376908,-0.03685458092417292,-0.8788838561999354,-1.0664573654035074,2.564964386224591,0.07981847427988853,3.6963060887804158,4.499787994271735
54_84,0.5111291408538818,0.5838526487350464,0.3861859142780304,0.6571428571428571,0.4734285714285714,0.5437142857142857,54,0,-1.851485523276,-1.4520605007431893,-1.45702438070662,0.4691520570418615,0.23055380017466656,0.23408272920470025,2.3206375803178614,1.6826143009178558,1.6911071099113204,3.328121530537826
75_297,0.6180582642555237,0.6088021397590637,0.5606392025947571,0.5902857142857143,0.4271904761904762,0.4741428571428572,75,0,-0.7299245217274268,-0.3808431217647666,-1.105821125221127,-0.1272699452220609,-0.4540675384109266,-0.6169828796023354,0.6026545765053659,0.07322441664616003,0.4888382456187915,0.7794338869690555
66_280,0.7015246152877808,0.7209442853927612,0.4813946187496185,0.6413333333333333,0.446,0.5033333333333333,66,0,0.1455395359710547,-0.8674385664473997,0.4727556315459604,0.11535280544142994,0.0686632842128309,-0.2598964879536621,0.03018673052962477,0.9361018506602306,0.7326521194996225,1.1891076661584796
53_263,0.6926898956298828,0.6676197052001953,0.5815657377243042,0.5637000000000001,0.5038,0.5008,53,0,0.05287369608855223,-0.2523452967660503,-0.2778715513091259,0.8609110200119234,-0.7263069211262655,-0.29088669355840774,0.8080373239233712,0.4739616243602152,0.013015142249281852,0.9368742349681658
68_233,0.6583811044692993,0.6520859003067017,0.2789296209812164,0.7371818181818182,0.4079090909090909,0.5865454545454546,68,0,-0.30698525488638884,-2.1106597538324063,-0.4965342424004896,-0.37597920447526856,1.0501577841884606,0.7580353851400391,0.06899394958887972,3.1608175380208667,1.2545696275405287,3.401392747697235
53_424,0.7397974133491516,0.706833004951477,0.4934131205081939,0.5495,0.3885,0.4789166666666666,53,0,0.5469762667721068,-0.79363985461289,0.27411720540424056,-0.6263357298146836,-0.8717158122703007,-0.558584982762566,1.1733119965867904,0.07807595765741071,0.8327021881668065,1.440885085867846
75_122,0.5872920751571655,0.654654860496521,0.9173800945281982,0.6933,0.4427999999999999,0.5687,75,0,-1.0526257350290364,1.8096976637867377,-0.4603720946032194,0.07407622608804504,0.6008052121319611,0.5397323698214367,1.1267019611170814,1.2088924516547765,1.000104464424656,1.9316022387166312
56_196,0.8592566251754761,0.8032850623130798,0.5512581467628479,0.5206666666666667,0.4581666666666666,0.5088333333333334,56,0,1.799963189304742,-0.43844679399858183,1.6318313371698845,0.2722897998579401,-1.166970955086238,-0.19261512052230428,1.527673389446802,0.728524161087656,1.8244464576921888,2.4886016786737746
54_351,0.6198314428329468,0.6360060572624207,0.7199052572250366,0.674,0.609,0.61,54,0,-0.7113259596336448,0.5971181837942084,-0.7228832777139135,2.2178785662544125,0.4031720009291543,1.0449542743514455,2.929204525888057,0.19394618286505416,1.7678375520653589,3.426821251075615
77_174,0.7661735415458679,0.7236504554748535,0.5469014644622803,0.6856,0.3536,0.5414,77,0,0.8236308938391091,-0.46519867606447163,0.5108492239889224,-1.0765084233875244,0.5219567289059703,0.2057721278439734,1.9001393172266337,0.987155404970442,0.30507709614494904,2.1628863245730434
57_179,0.5464534759521484,0.5688165426254272,0.582932710647583,0.63525,0.398,0.55575,57,0,-1.480974708340796,-0.24395150169266272,-1.6686811800553571,-0.5037958848593256,0.006369569110046352,0.381315331960332,0.9771788234814704,0.25032107080270904,2.049996512015689,2.2847373570773812
56_33,0.6513921022415161,0.662246584892273,0.7232875227928162,0.7464285714285713,0.431,0.6332857142857142,56,0,-0.3802916852493762,0.6178867327363632,-0.35350665514515184,-0.07813116027755637,1.1448451177302124,1.329807855943944,0.3021605249718198,0.5269583849938492,1.6833145110890957,1.7895624788226012
62_254,0.7702009677886963,0.7470217347145081,0.4325024485588074,0.5758333333333333,0.4379166666666667,0.4566666666666667,62,0,0.8658738681278167,-1.1676572835017918,0.8398366709042039,0.011086446137309651,-0.6020608263459182,-0.8307686964621455,0.8547874219905071,0.5655964571558736,1.6706053673663495,1.9599701994198047
79_47,0.7098385095596313,0.6992907524108887,0.5209864377975464,0.6397307692307692,0.4591923076923077,0.5699230769230769,79,0,0.23274252884775976,-0.6243279605153996,0.1679481599756796,0.2855194727276149,0.052252927231064734,0.5546942403411366,0.052776943879855154,0.6765808877464644,0.386746080365457,0.781101551750562
60_332,0.562251091003418,0.5908791422843933,0.5632390975952148,0.6195999999999999,0.2477999999999999,0.4169,60,0,-1.3152762681466383,-0.3648786608200517,-1.3581154527929031,-2.441215328258775,-0.15388741303109044,-1.317233371284019,1.1259390601121366,0.21099124778896128,0.04088208150888417,1.1462667308782208
55_163,0.6456799507141113,0.6619910001754761,0.7101535797119141,0.71575,0.4558333333333333,0.5578333333333333,55,0,-0.440205450407718,0.537238736825662,-0.3571044112879522,0.24219229407943157,0.8306946210181274,0.40680069841160355,0.6823977444871496,0.2934558841924654,0.7639051096995557,1.0655205555377245
55_10,0.5817595720291138,0.6068531274795532,0.7327704429626465,0.68275,0.27575,0.47375,55,0,-1.1106551993318652,0.6761158953242562,-1.1332565328968331,-2.080690205469063,0.4927725500495971,-0.6217886915617188,0.9700350061371976,0.18334334527465912,0.5114678413351144,1.1118372399358178
53_126,0.6488826870918274,0.6043475866317749,0.4494242370128631,0.6592,0.3898,0.5772,53,0,-0.4066125048638277,-1.063750306165424,-1.168525953890013,-0.6095671194523719,0.2516190721311465,0.6437126649426257,0.20295461458854414,1.3153693782965705,1.8122386188326387,2.2484652517954378
64_280,0.648288369178772,0.681165337562561,0.8061924576759338,0.6826666666666666,0.459,0.5676666666666667,64,0,-0.41284620221960777,1.1269582894079322,-0.08719550991441517,0.2830389090645514,0.4919192114865453,0.527091628061606,0.6958851112841592,0.6350390779213868,0.6142871379760212,1.1246685762823567
77_6,0.6210049390792847,0.659904420375824,0.6560667157173157,0.7143333333333334,0.4063333333333334,0.6091666666666666,77,0,-0.6990173613445466,0.20512239069943716,-0.3864762977830575,-0.3963047927932218,0.8161878654462466,1.0347601277709366,0.30271256855132483,0.6110654747468094,1.4212364255539942,1.5763720661404712
71_34,0.8545213937759399,0.7855986952781677,0.8121205568313599,0.66425,0.45375,0.422,71,1,1.7502961696745556,1.1633593392297648,1.382867954534423,0.21531952106290583,0.3033313890520882,-1.2548451942113061,1.5349766486116498,0.8600279501776766,2.6377131487457293,3.170698983179573
61_178,0.8175574541091919,0.7760677337646484,0.5128263235092163,0.657235294117647,0.4758823529411765,0.5677058823529412,61,1,1.3625878272232752,-0.674434532449081,1.248704708148648,0.5008032155796455,0.23150036059754733,0.5275713526065712,0.8617846116436297,0.9059348930466283,0.7211333555420768,1.4434071025807456
76_234,0.8405120968818665,0.798582136631012,0.5495830774307251,0.6192368421052631,0.4593157894736842,0.5296578947368421,76,1,1.6033550879966418,-0.4487324320446013,1.5656302748612947,0.2871122557112662,-0.15760617266375845,0.06213123718430105,1.3162428322853756,0.2911262593808428,1.5034990376769937,2.0193461933852146
53_144,0.7062704563140869,0.6938349008560181,0.5855290293693542,0.5532285714285714,0.3764857142857142,0.4412285714285714,53,1,0.19531783813351786,-0.22800900061994586,0.09114848395537031,-0.7813071728334156,-0.8335350068491811,-1.0196225433993409,0.9766250109669334,0.6055260062292352,1.1107710273547111,1.5982085068841083
79_137,0.7435702085494995,0.7191433906555176,0.7418115735054016,0.6371290322580646,0.428,0.5509032258064516,79,1,0.5865484602861787,0.7316322817246569,0.4474052108140179,-0.11682795342135364,0.025610977354345518,0.3220248600743413,0.7033764137075323,0.7060213043703114,0.12538035073967663,1.0044524348800346
75_266,0.7008153796195984,0.7100403904914856,0.7720128297805786,0.4685,0.29325,0.37875,75,1,0.13810048624320123,0.9170808387631132,0.31926619229795067,-1.8549589121302454,-1.7011608955566924,-1.7839214017397054,1.9930593983734466,2.6182417343198057,2.103187594037656,3.9052366894328716
79_123,0.709068775177002,0.7201029658317566,0.6937345266342163,0.6575833333333333,0.3665833333333333,0.4761666666666667,79,1,0.22466891861282406,0.4364187684954199,0.46091273789959225,-0.9090373019485358,0.23506430400794026,-0.5922256664782435,1.13370622056136,0.20135446448747962,1.0531384043778358,1.5604274778675413
66_114,0.6615667939186096,0.6922115087509155,0.360599547624588,0.4876666666666667,0.4546666666666667,0.4906666666666666,66,1,-0.27357111161345965,-1.6091716729574965,0.06829669144013942,0.22714354119017804,-1.5048930260547682,-0.4148475159773942,0.5007146528036377,0.10427864690272837,0.4831442074175336,0.7035748182625982
61_229,0.6678115129470825,0.648617148399353,0.647765576839447,0.6975384615384616,0.3983076923076923,0.5776153846153846,61,1,-0.20807133844449757,0.1541498678132994,-0.5453623712452678,-0.49982698299842354,0.6442073242773363,0.6487940549304482,0.291755644553926,0.49005745646403687,1.194156426175716,1.3233620959290908
68_113,0.6198506355285645,0.6360155344009399,0.717704176902771,0.5469999999999999,0.4434,0.3954,68,1,-0.7111246507831221,0.5836026145751426,-0.7227498721106707,0.08181558471680578,-0.8973159691618565,-1.5802423530611425,0.792940235499928,1.4809185837369991,0.8574924809504718,1.8860454457989277
60_229,0.7810710668563843,0.7588241100311279,0.5831457376480103,0.6847500000000001,0.3854999999999999,0.51225,60,1,0.979888449089968,-0.24264342531731226,1.0059736325627948,-0.6650325229584823,0.5132526755628425,-0.15081911954221935,1.6449209720484501,0.7558961008801548,1.156792752105014,2.148328045465434
78_124,0.7206501960754395,0.7320114970207214,0.6891140937805176,0.5864090909090909,0.5052727272727272,0.542409090909091,78,1,0.3461444306996247,0.408047345869674,0.6285440101202932,0.8799076275552409,-0.49376440507133884,0.21811631261237174,0.5337631968556162,0.9018117509410128,0.4104276975079214,1.1254414597545608
77_160,0.6421257257461548,0.6460443139076233,0.5281445980072021,0.62068,0.45936,0.5478799999999999,77,1,-0.4774850987203411,-0.5803738127198383,-0.5815790559243668,0.2876825242418067,-0.1428281452539377,0.28504181165400777,0.7651676229621478,0.4375456674659006,0.8666208675783745,1.23610656113056
61_105,0.6382015347480774,0.6650139689445496,0.6154471635818481,0.5940000000000001,0.4343076923076923,0.5219615384615385,61,1,-0.5186452564590325,-0.044298933448001794,-0.31455137996929433,-0.03546546527285711,-0.4160330196006152,-0.032018103623214285,0.4831797911861754,0.3717340861526134,0.28253327634608005,0.671918145060308
68_345,0.805158793926239,0.7980592846870422,0.9668552279472352,0.759888888888889,0.4684444444444444,0.5758888888888889,68,1,1.2325404342373572,2.113496022975746,1.5582703129012563,0.4048621467394676,1.2826796132479212,0.6276738743226249,0.8276782874978896,0.8308164097278246,0.9305964385786314,1.4971028641224704
79_261,0.8329410552978516,0.768373966217041,0.7240632176399231,0.6008571428571428,0.4886428571428571,0.5196428571428572,79,1,1.5239437479275875,0.6226498289727399,1.1404028511261042,0.6654000794139756,-0.34581544641235107,-0.060382476306563314,0.8585436685136119,0.968465275385091,1.2007853274326674,1.7654765993773773
56_373,0.7061045169830322,0.7337449789047241,0.8614580631256104,0.6452142857142856,0.4911428571428571,0.5073571428571428,56,1,0.19357732931409236,1.466312609344714,0.652945489108414,0.6976474070338067,0.10840448014924468,-0.21067332303634873,0.5040700777197143,1.3579081291954693,0.8636188121447628,1.6863684601171327
69_315,0.7996342778205872,0.7773751616477966,0.5526755452156067,0.7291666666666666,0.3413333333333333,0.5336666666666666,69,1,1.1745947444251186,-0.42974336473002184,1.2671088081935,-1.234735310908829,0.9680821296694739,0.11117044757685265,2.409330055333948,1.3978254943994957,1.1559383606166473,3.0157886069606703
75_66,0.674622118473053,0.6747180223464966,0.4251803755760193,0.575,0.5057777777777778,0.4841111111111111,75,1,-0.13663608009894576,-1.2126179254305969,-0.17795159350919762,0.8864222391956115,-0.6105942119764368,-0.49504146907739466,1.0230583192945573,0.6020237134541601,0.317089875568197,1.2286687370592593
53_352,0.7140947580337524,0.705686092376709,0.7696280479431152,0.6684,0.4031333333333333,0.5126000000000001,53,1,0.27738557977359896,0.9024372641190809,0.2579726103250045,-0.4375813721466067,0.3458276494920699,-0.14653757797840483,0.7149669519202057,0.556609614627011,0.40451018830340935,0.9922804532361599
63_55,0.6598577499389648,0.712403416633606,0.4478034079074859,0.6822,0.3116,0.613,63,1,-0.29149697705145805,-1.0737028861528064,0.3525294950687808,-1.618263527400686,0.48714051553345555,1.0816532020412766,1.326766550349228,1.560843401686262,0.7291237069724958,2.1744339456011184
64_83,0.6818534135818481,0.6723922491073608,0.3112474977970123,0.6350666666666667,0.4151999999999999,0.5676666666666667,64,1,-0.06078828179380156,-1.912214246551905,-0.21069050318551974,-0.28193427083488964,0.004492224271332502,0.527091628061606,0.2211459890410881,1.9167064708232375,0.7377821312471258,2.0656697986251777
77_82,0.842946469783783,0.7848720550537109,0.6615676879882812,0.6067222222222222,0.4401111111111111,0.513,77,1,1.628888802509205,0.2389006998089693,1.372639352590188,0.03939243371471687,-0.28575666564136853,-0.1416443876197612,1.589496368794488,0.5246573654503378,1.5142837402099494,2.257170641178107
57_53,0.6558812260627747,0.6952512264251709,0.24470816552639,0.5337,0.4810999999999999,0.5039,57,1,-0.3332060452583447,-2.320794043480136,0.11108548989408805,0.5681052852238563,-1.0335088038249305,-0.25296446827891567,0.9013113304822009,1.2872852396552057,0.36404995817300373,1.6130709143542081
65_214,0.6271305084228516,0.6465859413146973,0.5904433727264404,0.7135454545454546,0.4763636363636364,0.5371818181818182,65,1,-0.6347673285240154,-0.19783284251382702,-0.5739547998446963,0.5070112572604686,0.8081199372137565,0.15417121133463543,1.141778585784484,1.0059527797275836,0.7281260111793317,1.6869400766339013
70_69,0.7645012736320496,0.7633216381072998,0.7033880949020386,0.7205714285714286,0.469,0.5677142857142857,70,1,0.806090766167485,0.49569578297548644,1.0692834011055052,0.41202821954387486,0.8800663521661277,0.5276741507233497,0.3940625466236101,0.3843705691906413,0.5416092503821556,0.7722477615447926
74_78,0.7263052463531494,0.7239624857902527,0.4169105291366577,0.5676666666666667,0.4861904761904762,0.5188571428571429,74,1,0.4054592707685234,-1.2633982994367519,0.5152415405485212,0.6337669866059512,-0.6856880055249988,-0.06999410022532852,0.22830771583742782,0.5777102939117531,0.5852356407738497,0.8534485057895914
63_181,0.6674373149871826,0.6795774698257446,0.6974120140075684,0.8244,0.4625999999999999,0.6599999999999999,63,1,-0.21199623584692331,0.4590001048710135,-0.10954724117472325,0.32947506083710654,1.9432774395251213,1.6566030691819638,0.5414712966840298,1.4842773346541078,1.7661503103566871,2.3697167109326824
68_204,0.7358689308166504,0.7294505834579468,0.773537278175354,0.6356666666666667,0.531,0.4406666666666667,68,1,0.5057710958742924,0.9264416002001481,0.5924951312314366,1.2117619445156849,0.010636261925306237,-1.0264963108079117,0.7059908486413925,0.9158053382748419,1.6189914420393483,1.9895365755307792
71_281,0.8357092142105103,0.7633377313613892,0.6255815029144287,0.619,0.3686923076923077,0.4986153846153846,71,1,1.552978485927501,0.017930219824335826,1.0695099389223328,-0.8818337871102677,-0.16003145068506303,-0.31761104090177206,2.434812273037769,0.17796167050939884,1.3871209798241049,2.807861423534649
62_20,0.7862968444824219,0.759559690952301,0.823608934879303,0.6180769230769231,0.4426923076923076,0.5428461538461539,62,1,1.034700722881028,1.2339028660384304,1.0163280888497115,0.07268711043672924,-0.1694838163065603,0.22346289298676414,0.9620136124442988,1.4033866823449905,0.7928651958629473,1.8771253526395617
63_283,0.7554041147232056,0.737580418586731,0.5916496515274048,0.6817692307692307,0.4793076923076923,0.5892307692307692,63,1,0.7106722465680534,-0.19042577768888513,0.706935324061053,0.5449864318841018,0.4827294115767556,0.7908847749603068,0.1656858146839516,0.6731551892656407,0.08394945089925387,0.6983102522010052
78_38,0.5337036848068237,0.5935671329498291,0.7017606496810913,0.6872857142857143,0.4529999999999999,0.5442857142857143,78,1,-1.6147050529988534,0.4857025772249077,-1.3202777641800612,0.20564532277695544,0.5392185489814191,0.24107300114562027,1.8203503757758088,0.053515971756511405,1.5613507653256815,2.3988238080782973
76_192,0.7204111814498901,0.7120876312255859,0.9505903720855712,0.7504117647058823,0.444235294117647,0.5544117647058824,76,1,0.3436374478095757,2.013622891126485,0.34808431968525555,0.09258998594507785,1.1856332668616323,0.3649447318633983,0.2510474618644979,0.8279896242648526,0.01686041217814277,0.8653761722497767
65_247,0.7850250601768494,0.7638547420501709,0.7818741798400879,0.6786666666666666,0.403,0.5459999999999999,65,1,1.0213611982114585,0.9776337218062664,1.0767876760451522,-0.43930122961966345,0.4509589604600568,0.26204381696838036,1.460662427831122,0.5266747613462096,0.8147438590767719,1.7534904015191828
75_295,0.677508533000946,0.6537972092628479,0.4376023709774017,0.673,0.4045,0.4221666666666666,75,1,-0.10636097949208534,-1.1363415910379078,-0.47244488218221986,-0.4199528330477648,0.39293193817253214,-1.2528063648952055,0.3135918535556795,1.5292735292104398,0.7803614827129857,1.745274024748621
54_234,0.7658097743988037,0.7319231629371643,0.2212274521589279,0.4787692307692308,0.456,0.4219230769230769,54,1,0.8198154034206632,-2.4649756090598585,0.6273005692145958,0.24434211592075414,-1.5960033280175345,-1.2557861923571993,0.575473287499909,0.8689722810423239,1.883086761571795,2.1522774174006476
56_8,0.5149825811386108,0.592267632484436,0.7690811157226562,0.7543333333333333,0.4396666666666666,0.5006666666666667,56,1,-1.8110674574800738,0.899078867694846,-1.3385702733744018,0.03365957547119031,1.2257903757111308,-0.2925177570112889,1.8447270329512642,0.3267115080162848,1.046052516363113,2.145689656628155
75_32,0.6161319017410278,0.634723424911499,0.6380743980407715,0.6399230769230768,0.407076923076923,0.5211923076923077,75,1,-0.7501298035287964,0.09464190867938667,-0.740938341715061,-0.3867132799627095,0.05422217006887576,-0.041428085082145044,0.36341652356608695,0.04041973861051091,0.699510256632916,0.7893161115832175
54_179,0.9275944828987122,0.8921794891357422,0.2489500194787979,0.622909090909091,0.4233636363636364,0.5195454545454545,54,1,2.5167471085356716,-2.2947472563043165,2.8831599540375543,-0.17663208827994895,-0.12000211445463042,-0.0615739999328572,2.6933791968156204,2.174745141849686,2.9447339539704114,4.544806485374727
72_159,0.532752275466919,0.5834728479385376,0.6227813959121704,0.6305000000000001,0.4397727272727273,0.553,72,1,-1.6246842203033325,0.0007363720455968272,-1.4623706731837478,0.03502764391566947,-0.04227072898390793,0.3476746482446545,1.6597118642190019,0.04300710102950475,1.8100453214284022,2.456167166255816
54_255,0.7256790995597839,0.7113338112831116,0.7594265341758728,0.6586666666666666,0.4523333333333333,0.5103333333333333,54,1,0.39889172581591387,0.8397956312510466,0.3374731205392677,0.19704603541166812,0.24615770532761416,-0.17426565667738939,0.20184569040424574,0.5936379259234325,0.5117387772166571,0.809335681862996
72_298,0.635282039642334,0.6269539594650269,0.6443353891372681,0.5919166666666666,0.3973333333333333,0.45325,72,1,-0.5492673335007999,0.13308705658637082,-0.850305765505645,-0.5123951722246143,-0.43736648367691233,-0.8725646974422318,0.036872161276185644,0.5704535402632831,0.02225893193658679,0.5720771433356238
67_256,0.6900402307510376,0.7013537883758545,0.6719765663146973,0.7383846153846154,0.4923846153846153,0.5484615384615384,67,1,0.02508182142664803,0.3028156392550238,0.19698863003505585,0.7136647609724476,1.062474503028594,0.29215575763696044,0.6885829395457995,0.7596588637735702,0.0951671276019046,1.029701333455135
79_269,0.6976288557052612,0.6830049753189087,0.8435322046279907,0.7598,0.4568,0.5690000000000001,79,1,0.10467759041155368,1.3562402149459607,-0.061299720364184365,0.2546612607590996,1.2817693854473324,0.5434022625904208,0.14998367034754595,0.07447082949862827,0.6047019829546052,0.6274595556738034
64_203,0.5998934507369995,0.6355514526367188,0.4992662370204925,0.6862499999999999,0.3846666666666666,0.553,64,1,-0.9204520954573188,-0.7576992301072834,-0.7292825515248132,-0.6757816321650921,0.5286127696977739,0.3476746482446545,0.24467046329222664,1.2863119998050574,1.0769571997694678,1.6953757714988769
57_272,0.7055578231811523,0.7164333462715149,0.5809043049812317,0.6076666666666667,0.6136666666666667,0.6473333333333333,57,1,0.18784315298802529,-0.2564067750920894,0.40925708148922707,2.2780735778114307,-0.2760854952601135,1.501652041158233,2.0902304248234054,0.019678720168024078,1.092394959669006,2.3585540546689057
55_109,0.7047948837280273,0.6859420537948608,0.5258568525314331,0.5324375,0.505875,0.5583125,55,1,0.1798408135883678,-0.5944215428369902,-0.019955729764224123,0.8876763019363824,-1.0464368830551654,0.4126623326953964,0.7078354883480146,0.45201534021817513,0.43261806245962053,0.94472606311234
80_222,0.7669575214385986,0.7736955881118774,0.650560200214386,0.5543333333333333,0.4836666666666667,0.5193333333333333,80,1,0.8318539227550229,0.17131004378830805,1.2153130339482823,0.6012125415802175,-0.8222221756132935,-0.06416887360789585,0.23064138117480537,0.9935322194016015,1.279481907556178,1.6362688255488125
53_77,0.6625745296478271,0.6834958791732788,0.4433047473430633,0.6184000000000001,0.4096,0.5346,53,1,-0.26300114659549023,-1.1013265751370187,-0.05438947792199603,-0.3541682847033096,-0.16617548833903562,0.12258789174702245,0.09116713810781935,0.9351510867979831,0.17697736966901847,0.956106684206937
69_380,0.6876626014709473,0.6877365112304688,0.7671195268630981,0.6825,0.245,0.3685,69,1,0.00014328090693419948,0.8870338779039162,0.0053040758409874,-2.4773323351929846,0.4902125343604418,-1.9093094046799615,2.4774756160999187,0.39682134354347437,1.914613480520949,3.156120622988586
68_318,0.8483861684799194,0.8192206621170044,0.4900549948215484,0.4868,0.6085,0.6014,68,1,1.6859448572459974,-0.814260174419058,1.8561499224213733,2.211429100730447,-1.5137677471105075,0.9397506816405969,0.5254842434844496,0.6995075726914496,0.9163992407807764,1.2669775463309092
69_331,0.6512397527694702,0.697433352470398,0.5241591334342957,0.608125,0.376625,0.464375,69,1,-0.3818896523982453,-0.6048462600723307,0.1418023397979874,-0.7795105360088812,-0.2713921331633283,-0.7364728405924413,0.3976208836106359,0.3334541269090024,0.8782751803904287,1.0201280872154184
60_122,0.6739615797996521,0.6745902895927429,0.448737233877182,0.5856,0.39075,0.52085,60,1,-0.14356435550730545,-1.0679687975762489,-0.17974963255164655,-0.5973131349568359,-0.5020495467562418,-0.04561552683136943,0.45374877944953046,0.565919250820007,0.13413410572027712,0.7376615156140349
77_16,0.6311837434768677,0.6701626777648926,0.5212587118148804,0.6887777777777777,0.6060555555555556,0.6258888888888889,77,1,-0.5922536500978038,-0.6226560822606149,-0.24207522013458443,2.179898380391056,0.5544973727770134,1.2393226691531445,2.77215203048886,1.1771534550376281,1.4813978892877289,3.356345757402934
74_75,0.673175036907196,0.648388147354126,0.3846698999404907,0.6538333333333334,0.4296666666666666,0.4969166666666667,74,1,-0.15181426728213984,-1.4613694734820954,-0.5485859204758272,-0.0953297350081339,0.19666406867060812,-0.33839141662357825,0.05648453227400595,1.6580335421527035,0.21019450385224897,1.6722581914104493
64_66,0.6800873875617981,0.7230434417724609,0.8759865760803223,0.7293076923076923,0.4480769230769231,0.6123846153846154,64,1,-0.07931182195571185,1.5555238573410544,0.5023045531497716,0.14214289300252045,0.9695262410838699,1.0741252168741322,0.2214547149582323,0.5859976162571845,0.5718206637243606,0.8481829216027064
80_323,0.6629338264465332,0.6628120541572571,0.3710809648036957,0.74225,0.2895,0.55925,80,1,-0.259232544884464,-1.5448113141077482,-0.34554678748499634,-1.9033299035599924,1.1020562840686134,0.4241307475984691,1.6440973586755283,2.6468675981763616,0.7696775350834655,3.209574382233867
78_119,0.6351227760314941,0.6580177545547485,0.6935690641403198,0.5309230769230769,0.4337692307692308,0.4203076923076923,78,1,-0.5509378218504785,0.4354027584176435,-0.41303408117579515,-0.04241104352943544,-1.0619446704029345,-1.2755471534209541,0.508526778321043,1.497347428820578,0.862513072245159,1.8012711085949717
80_2,0.6481444239616394,0.6675737500190735,0.8420335650444031,0.8566666666666668,0.488,0.628,80,1,-0.41435601859852755,1.3470379305851783,-0.2785184426305109,0.6571079094545909,2.2736901311387965,1.2651478404904326,1.0714639280531184,0.9266522005536182,1.5436662831209436,2.0951431558617446
74_121,0.7354936599731445,0.7119303941726685,0.5421934127807617,0.6290869565217391,0.4462608695652174,0.5013043478260869,74,1,0.5018349451820858,-0.49410811555416967,0.34587096131195627,0.11871774397567289,-0.05674038287913606,-0.28471701875837907,0.3831172012064129,0.4373677326750336,0.6305879800703353,0.8577356959196233
72_272,0.7479321956634521,0.7398360371589661,0.5346091985702515,0.4663333333333333,0.4487777777777777,0.4392222222222222,72,1,0.6323005854381891,-0.5406784161004319,0.7386866966617978,0.15118316946346355,-1.7233476981960407,-1.0441661648807945,0.48111741597472557,1.1826692820956088,1.7828528615425923,2.1928850687341894
54_102,0.5470237731933594,0.5986145734786987,0.5643461346626282,0.63175,0.3868125,0.4886875,54,1,-1.4749929596395521,-0.35808098244305564,-1.2492271145334617,-0.6481026759580696,-0.029470650538130545,-0.4390586141061013,0.8268902836814825,0.3286103319049251,0.8101685004273604,1.2033724654346325
70_346,0.5933310389518738,0.625633716583252,0.6323347091674805,0.6403333333333333,0.5419999999999999,0.6126666666666667,70,1,-0.9892840927669195,0.05939777811398477,-0.8688902567750078,1.3536501860429402,0.05842322145620876,1.0775755434090737,2.3429342788098597,0.0009745566577760087,1.9464658001840816,3.0459926289912804
60_166,0.6845216155052185,0.6545275449752808,0.5931555032730103,0.5946666666666667,0.4596666666666666,0.5142083333333333,60,1,-0.032801975291796306,-0.18117920758624,-0.46216426044300984,0.29163819642983874,-0.4092063110962012,-0.12686287507802463,0.32444017172163503,0.2280271035099612,0.3353013853649852,0.5193118561997068
77_97,0.5926263332366943,0.5902343392372131,0.6483285427093506,0.5856923076923077,0.3809230769230769,0.4437692307692308,77,1,-0.9966756286045875,0.15760671766365894,-1.367192067987123,-0.7240699381394023,-0.5011043101940917,-0.9885427189235565,0.2726056904651851,0.6587110278577507,0.3786493490635665,0.8072108833766288
76_220,0.7814865112304688,0.7444320917129517,0.6792833209037781,0.6244999999999999,0.4017916666666667,0.47725,76,1,0.9842459729661877,0.3476822197321041,0.8033833800608629,-0.45488743796924813,-0.10371110552364186,-0.5789732759235824,1.439133410935436,0.451393325255746,1.3823566559844451,2.0459156465750485
62_176,0.6178725957870483,0.669780969619751,0.8379136919975281,0.6556666666666667,0.3921515151515152,0.5244848484848484,62,1,-0.7318719660422653,1.321740158043426,-0.247448361538151,-0.5792350876548087,0.21543751705774888,-0.0011505129283880952,0.15263687838745665,1.106302640985677,0.2462978486097629,1.1436197708703488
80_313,0.4170240759849548,0.4689514636993408,0.455577939748764,0.5485,0.423,0.4435,80,1,-2.838537202440581,-1.0259639544183814,-3.0744389485963954,-0.18132260866101574,-0.8819558750269229,-0.9918362124341827,2.6572145937795653,0.14400807939145854,2.0826027361622126,3.379165855798654
61_174,0.6480613946914673,0.6850184202194214,0.5673555731773376,0.6434642857142857,0.4685714285714285,0.5927857142857142,61,1,-0.4152268981910059,-0.3396017501566975,-0.032957322392217145,0.40650010623761795,0.09048437032515681,0.8343723321312236,0.8217270044286238,0.43008612048185435,0.8673296545234408,1.2698307251181642
59_5,0.7945214509963989,0.7714071273803711,0.7598788738250732,0.6267142857142858,0.3528571428571428,0.435,59,1,1.120967191974867,0.8425731890609331,1.1830993563954193,-1.0860904864517036,-0.08103668084826306,-1.0958165075553712,2.2070576784265707,0.9236098699091962,2.2789158639507905,3.304181638872467
78_43,0.5617474317550659,0.5983380079269409,0.6554951667785645,0.5995,0.40325,0.515,78,1,-1.3205590625159433,0.20161283715628234,-1.253120208867089,-0.4360764968576807,-0.359712674439194,-0.11717843582654043,0.8844825656582627,0.5613255115954764,1.1359417730405486,1.5452376680173998
57_44,0.7087995409965515,0.6908844113349915,0.5226445198059082,0.6249375,0.406875,0.537875,57,1,0.22184496806061682,-0.614146631861371,0.049615711841387196,-0.38931787180892585,-0.09923107806761876,0.1626508878084218,0.6111628398695427,0.5149155537937522,0.1130351759670346,0.8071152305476766
56_249,0.7185376882553101,0.7285593748092651,0.7239477038383484,0.616,0.39065,0.53205,56,1,0.3239867031212918,0.621940525107203,0.5799499703529034,-0.598603028061629,-0.19075163895492941,0.09139380321066669,0.9225897311829208,0.8126921640621324,0.4885561671422367,1.3229994308633997
76_249,0.7263895273208618,0.7345153093338013,0.8466161489486694,0.7121818181818181,0.5988181818181818,0.5938181818181818,76,1,0.4063432791990793,1.3751769445656115,0.6637890992738877,2.086543995584555,0.7941562152729071,0.8470024825699319,1.6802007163854757,0.5810207292927043,0.1832133832960442,1.787239961233207
53_215,0.5812060832977295,0.616567075252533,0.553426206111908,0.4995714285714285,0.4486428571428571,0.4513571428571428,53,1,-1.1164606464932105,-0.4251339875976314,-0.9965174676308352,0.1494428374966795,-1.3829875170473631,-0.8957199732465306,1.26590348398989,0.9578535294497317,0.10079749438430452,1.5906461421482792
80_32,0.624091625213623,0.6322600841522217,0.5925502777099609,0.6204615384615385,0.4340769230769231,0.4773846153846154,80,1,-0.6666416466452761,-0.18489554992404314,-0.7756137302107822,-0.038442141668533436,-0.1450652051176917,-0.5773265291682693,0.6281995049767427,0.03983034480635145,0.19828720104251285,0.659953701798612
77_358,0.6853379011154175,0.7104825973510742,0.4141850173473358,0.5103333333333333,0.3965555555555555,0.4938888888888889,77,1,-0.024240097316928395,-1.2801341008853981,0.3254909480869982,-0.5224276741507845,-1.2727849369046673,-0.3754301491994266,0.4981875768338561,0.007349163980730822,0.7009210972864248,0.8599623576320133
61_147,0.7109618186950684,0.6992336511611938,0.6302332878112793,0.634,0.418,0.55275,61,1,0.2445247232482242,0.04649415732793126,0.16714437024041778,-0.24581726390067785,-0.00643050933573103,0.34461640427050083,0.49034198714890204,0.05292466666366229,0.17747203403008305,0.5241494133979058
63_360,0.7699326276779175,0.7918907403945923,0.6224385499954224,0.6605714285714285,0.4642857142857143,0.5538571428571428,63,1,0.8630592953170935,-0.0013688476832827913,1.471438367711296,0.35121897317505124,0.2656625867687986,0.35816005615603386,0.5118403221420422,0.2670314344520814,1.1132783115552622,1.25406335618873
76_295,0.6686948537826538,0.6763375401496887,0.8118289709091187,0.6088235294117647,0.457235294117647,0.5298235294117647,76,1,-0.19880612985833163,1.1615688776661905,-0.15515433787579555,0.2602760895681993,-0.26423914814951216,0.06415744217027197,0.45908221942653094,1.4258080258157027,0.21931178004606752,1.5138634903917314
69_50,0.700130045413971,0.6882052421569824,0.7045120596885681,0.7312727272727273,0.424,0.5635454545454546,69,1,0.13091213480435265,0.5025974047466066,0.01190219951332459,-0.16842367761308333,0.9896483224447847,0.47667693951800005,0.299335812417436,0.4870509176981781,0.46477474000467545,0.7367741064754227
80_134,0.7138737440109253,0.7072864770889282,0.6130560636520386,0.58175,0.348,0.47425,80,1,0.2750674020787607,-0.05898130386589727,0.2805005376650673,-1.1487424372559465,-0.5414737883692372,-0.6156722036134136,1.4238098393347072,0.4824924845033399,0.8961727412784808,1.7501882865563685
69_111,0.8773291110992432,0.8090196847915649,0.4326607882976532,0.6699545454545455,0.4471818181818181,0.5810909090909091,69,1,1.9895223549307224,-1.166685010169078,1.7125551515950157,0.13059699667989466,0.3617462925046372,0.6913100620676184,1.8589253582508278,1.5284313026737153,1.0212450895273975,2.614315831613438
79_302,0.5278818607330322,0.5680965185165405,0.6452873349189758,0.69675,0.40625,0.55125,79,1,-1.675769154445896,0.13893240851438482,-1.6788166497860075,-0.3973797037138834,0.6361334286423069,0.32626694042558596,1.2783894507320124,0.4972010201279221,2.0050835902115933,2.4293720682297626
58_199,0.7408612966537476,0.7352690696716309,0.7490857839584351,0.641,0.385,0.6475,58,1,0.5581351539552698,0.7762990273665549,0.6743994593909244,-0.671481988482447,0.0652499299606239,1.5036908704743346,1.229617142437717,0.7110490974059309,0.8292914110834102,1.6447715283270194
79_290,0.626082181930542,0.6477649807929993,0.3297499418258667,0.5094444444444445,0.4763333333333333,0.4625555555555556,79,1,-0.6457630430053573,-1.7986013717902658,-0.5573579681607567,0.5066203805620455,-1.2818872149105531,-0.758730060626551,1.1523834235674029,0.5167141568797127,0.20137209246579435,1.2788791164363007
65_109,0.7074120044708252,0.7229501008987427,0.3780485093593597,0.5602727272727273,0.5065454545454545,0.512,65,1,0.20729133846025535,-1.5020276274896833,0.5009906338121725,0.8963244488889736,-0.7614024089375988,-0.1538773635163716,0.6890331104287182,0.7406252185520845,0.6548679973285441,1.2050495572994062
78_266,0.6658589839935303,0.6701359748840332,0.7205238342285156,0.6041000000000001,0.4291999999999999,0.5439,78,1,-0.22855107547996473,0.6009165096541377,-0.24245110510472775,-0.10134923616383573,-0.3126083857587318,0.23635456758550005,0.127201839316129,0.9135248954128694,0.4788056726902278,1.0392126416979548
72_116,0.6292136907577515,0.6679005026817322,0.7831170558929443,0.6949375,0.466875,0.5688124999999999,72,1,-0.6129171908663569,0.9852655093213216,-0.27391888591996255,0.38461799106701866,0.6175733148959294,0.5411085796098049,0.9975351819333755,0.36769219442539225,0.8150274655297673,1.3396058220999525
67_178,0.8743860721588135,0.8080870509147644,0.4815390706062317,0.729,0.37,0.5,67,1,1.9586533306965437,-0.8665515706176115,1.6994268655953897,-0.8649659542014333,0.9663754525433704,-0.3006730742756963,2.823619284897977,1.8329270231609818,2.000099939871086,3.915717955593056
58_72,0.8357781171798706,0.826392412185669,0.3266921937465668,0.5528571428571428,0.4562857142857143,0.4608571428571428,58,1,1.5537011972045327,-1.8173772453475308,1.9571035638891958,0.24802752479159187,-0.8373384587302123,-0.779506702228732,1.3056736724129407,0.9800387866173185,2.736610266117928,3.1865805357355517
80_330,0.755703330039978,0.7727192044258118,0.7420979142189026,0.397,0.781,0.298,80,1,0.7138106640513566,0.7333905354759673,1.201568900698466,4.436494706498787,-2.433325382655174,-2.7717342053909935,3.7226840424474306,3.1667159181311417,3.9733031060894595,6.298698576602793
70_82,0.6829289197921753,0.6611281633377075,0.5981162786483765,0.4868,0.3621999999999999,0.4466,70,1,-0.049507483971346904,-0.15071793714201315,-0.3692501943857082,-0.9655776163753071,-1.5137677471105075,-0.9539139871546907,0.9160701324039603,1.3630498099684945,0.5846637927689824,1.7432501319411307
77_211,0.7343712449073792,0.731011152267456,0.7454566359519958,0.6544594594594595,0.4349189189189189,0.539054054054054,77,1,0.4900621285231053,0.7540145152608015,0.6144625872320892,-0.02758129535998394,0.20307563949570023,0.17707422763246575,0.5176434238830893,0.5509388757651013,0.4373883595996235,0.8733824684706987
74_64,0.6076111793518066,0.6178394556045532,0.5599216222763062,0.5313333333333333,0.455,0.414,74,1,-0.8395021806021273,-0.3852493700811751,-0.9786067166092963,0.23144318487282173,-1.0577436190156027,-1.3527090013841894,1.070945365474949,0.6724942489344276,0.37410228477489305,1.318758890076555
77_201,0.8223646879196167,0.7673330903053284,0.3469240963459015,0.6084782608695651,0.4418260869565217,0.5389130434782609,77,1,1.4130100676343045,-1.693144759486569,1.1257508885510756,0.061513788893537556,-0.26777471968952266,0.17534924865762053,1.351496278740767,1.4253700397970464,0.9504016398934552,2.1820827708667108
76_298,0.7713852524757385,0.7491827011108398,0.4897145330905914,0.6402857142857143,0.4147142857142857,0.514,76,1,0.8782956244974882,-0.8163507542332722,0.8702556655304228,-0.2881994659153128,0.057935599420180006,-0.12941141172315082,1.166495090412801,0.8742863536534522,0.9996670772535736,1.7676033744838011
69_147,0.6584885716438293,0.6808602213859558,0.7219265699386597,0.6537499999999999,0.3488333333333333,0.4636666666666666,69,1,-0.30585805036001523,0.6095299034475057,-0.09149049911567332,-1.1379933280493366,0.19581073010755523,-0.7451378651858741,0.8321352776893214,0.41371917333995045,0.6536473660702008,1.1361635242933505
68_123,0.7237852215766907,0.7300096750259399,0.7668932676315308,0.6763571428571428,0.4408571428571428,0.5083571428571428,68,1,0.37902716862179536,0.8856445500021729,0.6003652227938123,0.049015445766347886,0.42730929171261933,-0.19844034713973832,0.3300117228554475,0.45833525828955357,0.7988055699335507,0.978299179581705
63_74,0.7081345915794373,0.7223736047744751,0.5948559641838074,0.3073333333333333,0.4153333333333333,0.3706666666666667,63,1,0.21487042912760285,-0.1707376544490344,0.49287554579604254,-0.28021441336183145,-3.3515176764989585,-1.8828046235706386,0.4950848424894343,3.180780022049924,2.375680169366681,4.000790773966667
62_136,0.698965311050415,0.6768435835838318,0.5787817239761353,0.6201666666666666,0.4391111111111111,0.5450555555555555,62,1,0.11869543838179744,-0.269440325120798,-0.14803098207999918,0.026493502666784446,-0.1480847108023374,0.2504904508438043,0.09220193571501299,0.12135561431846062,0.3985214329238035,0.42667049883469554
65_262,0.596598207950592,0.6380826234817505,0.8130438327789307,0.7125555555555556,0.4815555555555555,0.5527777777777777,65,1,-0.9550153246534175,1.1690286461839277,-0.6936523480826119,0.5739814649234705,0.797983309434474,0.3449562091565173,1.5289967895768881,0.3710453367494536,1.0386085572391293,1.885262199172914
64_333,0.6252813935279846,0.6656118631362915,0.4757385551929474,0.5813333333333334,0.3888333333333333,0.4738333333333333,64,1,-0.6541623734611696,-0.9021692020059136,-0.3061350805596791,-0.6220360861320399,-0.5457404811844959,-0.6207692769036687,0.0321262873291297,0.35642872082141763,0.3146341963439896,0.4765167456375212
73_199,0.8426265716552734,0.7535812854766846,0.4106307327747345,0.5862307692307692,0.4873846153846154,0.5252307692307693,73,1,1.6255334466062394,-1.301958919670659,0.93217264601412,0.6491701057327869,-0.4955904302482188,0.00797431757724313,0.9763633408734526,0.8063684894224401,0.9241983284368769,1.5676919545690455
76_59,0.6586992740631104,0.683123767375946,0.5916898846626282,0.5852631578947368,0.372578947368421,0.4258947368421052,76,1,-0.30364802928362544,-0.19017872912890707,-0.05962753566441733,-0.831700289919924,-0.5054988310532096,-1.2072009722981925,0.5280522606362985,0.3153201019243025,1.147573436633775,1.3019949113218956
65_373,0.6332556009292603,0.6725078225135803,0.7483293414115906,0.621375,0.457375,0.55025,65,1,-0.570522297165609,0.7716541484411009,-0.20906362604911818,0.2620781461116607,-0.1357113016380853,0.31403396452897553,0.8326004432772697,0.9073654500791862,0.5230975905780937,1.3379710936382434
61_45,0.7943387031555176,0.767198920249939,0.7577366232872009,0.7085806451612904,0.3740322580645162,0.5029677419354839,61,1,1.1190503816155428,0.8294188597362352,1.1238622343818958,-0.8129541354597697,0.7572799775452485,-0.2643687587115622,1.9320045170753124,0.07213888219098674,1.388230993093458,2.3801325094432086
65_325,0.7369517087936401,0.7150106430053711,0.6154390573501587,0.7107272727272727,0.478,0.6273636363636363,65,1,0.51712816599415,-0.04434870915786404,0.3892302994527296,0.5281185989752667,0.779261578536002,1.2573632194653166,0.010990432981116682,0.823610287693866,0.868132920012587,1.1967077598235358
80_297,0.7620651721954346,0.7079803943634033,0.632874071598053,0.4743333333333333,0.412,0.4203333333333334,80,1,0.7805389213547193,0.06270969280915718,0.2902685127150863,-0.3232108501882724,-1.6414271961430642,-1.2752334873723226,1.1037497715429916,1.7041368889522215,1.565502000087409,2.563814074137717
63_238,0.7895806431770325,0.7619307637214661,0.8405288457870483,0.6023125,0.451,0.5005625,63,1,1.069143916986132,1.3377983144419991,1.0497046605289555,0.17984746068109203,-0.33091249793619437,-0.2937920253338527,0.8892964563050401,1.6687108123781935,1.3434966858628081,2.3195748117853285
55_14,0.6155518293380737,0.6168640851974487,0.5242103934288025,0.461625,0.308375,0.391875,55,1,-0.7562140822035984,-0.6045315019070252,-0.992336586366942,-1.6598625800302678,-1.7715613270084696,-1.623363593096694,0.9036484978266693,1.1670298251014444,0.6310270067297521,1.6052209516209954
73_93,0.7539991140365601,0.7335459589958191,0.7346475720405579,0.616625,0.3979999999999999,0.5686875,73,1,0.6959354384173717,0.6876422661381654,0.6501439714403145,-0.503795884859327,-0.18435159973204074,0.5395794576227294,1.1997313232766986,0.8719938658702061,0.11056451381758514,1.4872636154637295
78_276,0.758851170539856,0.7736324071884155,0.605682909488678,0.4788,0.4738,0.4524,78,1,0.7468278162681309,-0.104255605966408,1.2144236632599967,0.4739430885739508,-1.5956882491634847,-0.8829627269543502,0.2728847276941801,1.4914326431970768,2.097386390214347,2.5880237776455832
56_225,0.701202929019928,0.7165664434432983,0.7297778725624084,0.6164814814814815,0.3945555555555555,0.3921481481481481,56,1,0.142165424585121,0.6577402404341555,0.4111306331372852,-0.5482255362466494,-0.1858212383684072,-1.6200221783841946,0.6903909608317704,0.8435614788025627,2.03115281152148,2.3051718788561937
78_114,0.7471346855163574,0.727325439453125,0.6484107971191406,0.635,0.3603333333333333,0.5161666666666667,78,1,0.6239356400344847,0.15811179471961406,0.5625803930048967,-0.9896556209981139,0.0038095534208911026,-0.10290663061382853,1.6135912610325986,0.15430224129872297,0.6654870236187252,1.7522439664485912
65_20,0.7353507876396179,0.7626707553863525,0.4621754288673401,0.53175,0.4852499999999999,0.54025,65,1,0.5003363820929468,-0.9854525655553138,1.060121204958262,0.6216358490727757,-1.0534769262003438,0.19170420556287163,0.12129946697982885,0.06802436064503004,0.8684169993953904,0.8794822108318333
55_310,0.5676956176757812,0.6142421960830688,0.5589671730995178,0.602,0.4851578947368421,0.5215263157894737,55,1,-1.2581695736058325,-0.3911100939195877,-1.0292437918728892,0.6204477896341517,-0.33411251754763927,-0.03734217208024074,1.878617363239984,0.05699757637194841,0.9919016197926485,2.1251636982892177
69_130,0.7439523935317993,0.7262163162231445,0.6872125864028931,0.6348333333333334,0.4435,0.5431666666666667,69,1,0.5905571321791946,0.39637128192831145,0.5469677422807295,0.08310547782159888,0.0021028762947876032,0.22738371859465206,0.5074516543575958,0.39426840563352383,0.31958402368607747,0.7176968060305445
75_11,0.733128547668457,0.7409865856170654,0.8767443895339966,0.6849166666666666,0.4048333333333333,0.5643333333333334,75,1,0.4770276930431476,1.560177154217441,0.7548824725070578,-0.41565318936512113,0.5149593526889449,0.4863150417395718,0.8926808824082688,1.045217801528496,0.26856743076748596,1.4005312832344432
71_51,0.579378068447113,0.6064627766609192,0.615047812461853,0.5697,0.3329,0.4824,71,1,-1.1356343767313428,-0.046751119154450585,-1.1387513334983257,-1.343516296079726,-0.6648665445865338,-0.5159734500560391,0.20788191934838318,0.6181154254320832,0.6227778834422866,0.9017393546108028
61_283,0.817548930644989,0.7804709672927856,0.8457772731781006,0.652,0.4424782608695652,0.5303478260869565,61,1,1.3624984260877946,1.3700258905906024,1.3106871328905398,0.06992613522914604,0.17789062028346736,0.07057115076056654,1.2925722908586486,1.192135270307135,1.2401159821299732,2.151701019877071
55_191,0.7029033899307251,0.6979784965515137,0.7009382247924805,0.6405625,0.4290625,0.544625,55,1,0.16000126370487322,0.4806525386610897,0.14947609858577937,-0.10312283918292517,0.06076990250460193,0.24522347511054227,0.2631241028877984,0.4198826361564878,0.0957473765247629,0.5046813665845065
73_241,0.6813490986824036,0.6701499223709106,0.7425931692123413,0.6992,0.4035499999999999,0.5302,73,1,-0.06607795317352828,0.7364316117498305,-0.24225477233014397,-0.4322068175433021,0.6612215823960318,0.06876279780193727,0.3661288643697738,0.07521002935379872,0.31101757013208126,0.4862497534919309
77_111,0.8264157772064209,0.8124920129776001,0.4107414186000824,0.4681,0.5343,0.4423,77,1,1.4555012394809546,-1.3012792616323194,1.7614336221768667,1.2543284169738615,-1.7052569206593413,-1.006515783510115,0.201172822507093,0.4039776590270219,2.7679494056869816,2.8044985943928262
61_92,0.8271576166152954,0.7936049699783325,0.7484018802642822,0.6144000000000001,0.333,0.5282,61,1,1.4632822641815904,0.7720995678447947,1.4955688403481753,-1.3422264029749322,-0.20713573936552415,0.04429684600871648,2.8055086671565226,0.9792353072103188,1.4512719943394587,3.3069579782530782
63_329,0.5568176507949829,0.570836067199707,0.7035298347473145,0.6343636363636364,0.449,0.4943636363636363,63,1,-1.3722666786930426,0.49656612590234245,-1.6402532011303663,0.15404959858522718,-0.0027068501515050067,-0.3696225747838649,1.52631627727827,0.49927297605384746,1.2706306263465015,2.047783453276241
71_274,0.7722628116607666,0.7852985858917236,0.9225553870201112,0.6952105263157895,0.4392105263157895,0.6176842105263158,71,1,0.8875001903553911,1.8414761605529815,1.3786434437650665,0.027775852537046918,0.6203691215038234,1.138955036504347,0.8597243378183441,1.221107039049158,0.2396884072607195,1.5125074778088778
76_199,0.6469858884811401,0.6582770347595215,0.78821861743927,0.742,0.61275,0.65225,76,1,-0.42650769601346056,1.0165912667265384,-0.4093843052380196,2.2662495576841595,1.0994962683794582,1.561797505983234,2.69275725369762,0.08290500165291981,1.9711818112212538,3.3381690489742613
74_129,0.7445919513702393,0.7352695465087891,0.7845211029052734,0.686375,0.52175,0.59775,74,1,0.5972653432540637,0.9938869550677556,0.6744061716225341,1.0924468323223104,0.5298927775423522,0.8951003196179685,0.49518148906824677,0.4639941775254034,0.2206941479954344,0.7135833594281417
53_183,0.7814422845840454,0.7586007118225098,0.4876178205013275,0.5954615384615385,0.3296923076923077,0.4451538461538461,53,1,0.9837820873541138,-0.8292254611878612,1.0028289520536493,-1.3848920979796322,-0.401066774033245,-0.9716047522974814,2.368674185333746,0.42815868715461625,1.9744337043511306,3.1132500237742193
69_393,0.8170031309127808,0.772771954536438,0.815758228302002,0.644,0.4008181818181818,0.528,69,1,1.3567736275032116,1.1856961890304467,1.2023114413202893,-0.46744435190606204,0.0959701182304903,0.04185025082939467,1.8242179794092737,1.0897260707999563,1.1604611904908946,2.4211452497561377
79_43,0.7781040668487549,0.7442745566368103,0.7967381477355957,0.68976,0.4749199999999999,0.5522,79,1,0.9487681013840187,1.0689048057960235,0.8011658265428075,0.4883898913476338,0.564555389973519,0.3378882675273659,0.4603782100363849,0.5043494158225046,0.46327755901544165,0.8251924176845745
62_347,0.5956857800483704,0.6430850028991699,0.4709404110908508,0.5112307692307693,0.3783846153846154,0.4857692307692308,62,1,-0.9645856224291954,-0.9316318472710294,-0.6232360043231293,-0.7568133784918463,-1.2635951369948777,-0.47475773126592075,0.20777224393734917,0.33196328972384825,0.14847827305720857,0.4188254154717595
59_232,0.7054670453071594,0.7056131958961487,0.6202369332313538,0.66635,0.3955499999999999,0.5117499999999999,59,1,0.18689099963601916,-0.01488771088314831,0.2569464779176713,-0.5353982659267614,0.32483552084099454,-0.1569356074905252,0.7222892655627806,0.33972323172414287,0.4138820854081965,0.8991173660552633
70_218,0.7467526197433472,0.712113618850708,0.6962491273880005,0.6554,0.4232,0.5605,70,1,0.619928218507,0.4518594864929813,0.3484501363079843,-0.17874282245142883,0.21270683365598214,0.43942196746923173,0.7986710409584288,0.23915265283699916,0.09097183116124741,0.8386568410794876
75_271,0.7378143072128296,0.7298257350921631,0.7532986402511597,0.51,0.38,0.48,75,1,0.5261758109778877,0.8021677565802565,0.5977759794503698,-0.7359766437221091,-1.2761982911568743,-0.5453325922079042,1.2621524546999967,2.0783660477371306,1.1431085716582738,2.686881362079522
66_127,0.8082622289657593,0.7603160738945007,0.6600660681724548,0.636357142857143,0.4595714285714286,0.4765714285714285,66,1,1.2650918252937606,0.22968011555485524,1.0269753662406016,0.29040972680622684,0.017706781447736318,-0.5872742238534263,0.9746820984875337,0.2119733341071189,1.614249590094028,1.8975614948146706
69_175,0.610732913017273,0.6248054504394531,0.5189148187637329,0.6608,0.42255,0.46185,69,1,-0.806758858436685,-0.6370485823681361,-0.8805494030810603,-0.1871271276325854,0.26800317254174233,-0.7673611047313825,0.6196317308040996,0.9050517549098784,0.11318829834967781,1.1026666548726458
68_49,0.80082106590271,0.801252007484436,0.5221584439277649,0.6733999999999999,0.3622666666666667,0.5248,68,1,1.187042758470945,-0.6171313444637724,1.6032128986729681,-0.9647176876387771,0.3970279632751794,0.002704727960241688,2.151760446109722,1.014159307738952,1.6005081707127264,2.867092346513111
66_40,0.7274603247642517,0.7392195463180542,0.3990453779697418,0.6568888888888889,0.4112222222222222,0.6136666666666666,66,1,0.4175746875830517,-1.3730979250083384,0.730008620219404,-0.3332433521144419,0.2279531493158416,1.0898085193056826,0.7508180396974936,1.60105107432418,0.3597998990862785,1.8045908784852853
74_311,0.7956393957138062,0.7800955772399902,0.8278765082359314,0.4983333333333333,0.444,0.483,74,1,1.1326931199264276,1.260107581293702,1.3054029285558018,0.08955494334556509,-1.3956656899841329,-0.508633664518073,1.0431381765808625,2.655773271277835,1.8140365930738747,3.3811237310819147
67_100,0.6471809148788452,0.6797797679901123,0.4717543125152588,0.5315,0.4965,0.4535,67,1,-0.42446209800442314,-0.9266341464021398,-0.10669957691430712,0.7667488233620164,-1.056036941889499,-0.8695064534680789,1.1912109213664395,0.12940279548735922,0.7628068765537718,1.4204234838879375
70_138,0.6772493720054626,0.7203514575958252,0.8040924668312073,0.74225,0.57975,0.5395,70,1,-0.10907927415690649,1.114063452570678,0.46441064959719824,1.8405848331023893,1.1020562840686134,0.1825294736404135,1.9496641072592957,0.012007168502064625,0.28188117595678475,1.9699724111239234
64_290,0.5976011753082275,0.6089922785758972,0.4946583211421966,0.6294666666666667,0.4612,0.5380666666666667,64,1,-0.9444953742566959,-0.785993793181036,-1.1031446228667583,0.31141655737000246,-0.05285212716575076,0.16499554152193918,1.2559119316266985,0.7331416660152853,1.2681401643886976,1.9295053664050188
58_83,0.6251795291900635,0.6549708843231201,0.3151859939098358,0.6694285714285714,0.5541428571428572,0.6037142857142858,58,1,-0.6552308108075771,-1.88803020551832,-0.4559235631038893,1.5102800630535491,0.3563602854703093,0.9680612830013238,2.165510873861126,2.2443904909886294,1.4239848461052131,3.4284776304926137
57_265,0.596785306930542,0.6122258901596069,0.6131658554077148,0.6661666666666667,0.3855,0.5194166666666667,57,1,-0.9530528759522047,-0.05830713579555717,-1.0576264632345145,-0.6650325229584808,0.3229581760022807,-0.06314945894984374,0.28802035299372386,0.3812653117978379,0.9944770042846708,1.1033147664061898
57_39,0.7568498849868774,0.7321227788925171,0.7787554264068604,0.5848928571428571,0.3620714285714285,0.4604285714285714,57,1,0.7258366797304043,0.9584832494325012,0.6301104771722074,-0.9672360503671842,-0.5092907339912822,-0.7847494061844216,1.6930727300975885,1.4677739834237835,1.414859883356629,2.6500347592716134
78_39,0.6551768183708191,0.6751728057861328,0.4366932213306427,0.619625,0.4252499999999999,0.524375,78,1,-0.3405944551821847,-1.141924156497678,-0.1715498026114442,-0.15230001380316888,-0.15363141146217432,-0.0024942867958178305,0.1882944413790158,0.9882927450355038,0.16905551581562636,1.0201750408492332
78_152,0.6933598518371582,0.6800077557563782,0.5993751287460327,0.5983333333333333,0.4376666666666666,0.5853333333333334,78,1,0.05990075037387646,-0.14298806219869994,-0.10349029117591829,0.007861713375325471,-0.3716594143219208,0.74320753556839,0.05203903699855099,0.22867135212322084,0.8466978267443084,0.8785760402305162
59_205,0.6936937570571899,0.6702867746353149,0.7604450583457947,0.5443333333333333,0.355,0.4663333333333333,59,1,0.06340302422675781,0.8460498027960909,-0.24032836185815945,-1.0584499199204196,-0.9246228031795148,-0.7125165961282459,1.1218529441471774,1.7706726059756057,0.4721882342700865,2.1486733661557853
68_321,0.7410569190979004,0.7226383686065674,0.7135213613510132,0.5479999999999999,0.4082307692307693,0.4306923076923077,68,1,0.5601870037919633,0.5579183482862247,0.49660251239732967,-0.3718298979843243,-0.8870759064052345,-1.1485124037253849,0.9320169017762876,1.4449942546914591,1.6451149161227145,2.3797199390973387
65_66,0.7537232637405396,0.7435929775238037,0.7834377288818359,0.6521578947368422,0.4193684210526315,0.5349999999999999,65,1,0.693042092578183,0.9872345778438133,0.7915715304856895,-0.2281660950982448,0.17950747229767114,0.12748108210566605,0.9212081876764279,0.8077271055461421,0.6640904483800234,1.3935794651564073
62_78,0.7592679262161255,0.7352677583694458,0.582621693611145,0.6634583333333334,0.4051666666666667,0.509,62,1,0.7511990941651938,-0.2458612785607597,0.6743810007539978,-0.4113535456824768,0.295224672703096,-0.19057629120620279,1.1625526398476707,0.5410859512638557,0.8649572919602005,1.5467558837732034
80_176,0.6868085265159607,0.6946888566017151,0.7129851579666138,0.714,0.296,0.547,80,1,-0.008814962941322994,0.5546258314779838,0.1031692517393956,-1.8194868517484317,0.8127745111940384,0.2742767928649921,1.8106718888071087,0.2581486797160546,0.1711075411255965,1.8369679421224239
74_185,0.640857458114624,0.6445990800857544,0.5075054168701172,0.6476,0.3863999999999999,0.5405,74,1,-0.4907877376067405,-0.7071071620035114,-0.6019229909044227,-0.6534234850153429,0.1328343441543293,0.1947624495370239,0.16263574740860237,0.8399415061578407,0.7966854404414466,1.1690422623298262
77_73,0.7000395655632019,0.6856711506843567,0.6114357113838196,0.7175,0.41475,0.6032500000000001,77,1,0.12996310736617453,-0.06893095587034657,-0.023769116347486144,-0.28773878980645784,0.8486147308422165,0.9623816870493264,0.4177018971726324,0.9175456867125631,0.9861508033968125,1.410268899588523
65_368,0.8193033337593079,0.759094774723053,0.7916655540466309,0.619125,0.3640625,0.5075000000000001,65,1,1.3809000556104132,1.0377569233539912,1.009783663030252,-0.9415533572985318,-0.15875144284048484,-0.20892575505111768,2.322453412908945,1.196508366194476,1.2187094180813696,2.8828240964765803
78_97,0.7344703674316406,0.709177553653717,0.3534822463989258,0.568952380952381,0.4539523809523809,0.454,78,1,0.4911018074622952,-1.65287492921548,0.3071204092001947,0.21793001901308193,-0.6725222105521984,-0.8633899655197737,0.2731717884492133,0.9803527186632817,1.1705103747199683,1.5510669928543093
73_28,0.664309024810791,0.6582069993019104,0.6290648579597473,0.6492941176470588,0.3793529411764705,0.546,73,1,-0.2448083281165814,0.03931950114830206,-0.4103701642556946,-0.7443230108707724,0.1501822151773129,0.26204381696838175,0.499514682754191,0.11086271402901084,0.6724139812240764,0.8449532660416852
77_141,0.6862490773200989,0.7056018114089966,0.8238458633422852,0.6470357142857143,0.4309642857142857,0.5355714285714286,77,1,-0.014682928379228084,1.235357707558301,0.2567862233879897,-0.07859183638641136,0.12705602302737853,0.13447135404658744,0.06390890800718327,1.1083016845309226,0.12231486934140223,1.1168607342541663
62_284,0.8060619831085205,0.7836616039276123,0.610020101070404,0.67,0.3800909090909091,0.4804545454545454,62,1,1.2420138286844673,-0.07762340520290759,1.3556003526489593,-0.7348040136268426,0.36221174990266575,-0.5397721486185361,1.9768178423113099,0.43983515510557336,1.8953725012674953,2.773752091285032
77_209,0.6837165951728821,0.6762062311172485,0.4953966736793518,0.6498571428571428,0.3715714285714285,0.523,77,1,-0.041245693723966144,-0.7814599946081052,-0.15700271865531729,-0.8446962054118261,0.1559476286621334,-0.01931462865365729,0.80345051168786,0.9374076232702386,0.13768809000166,1.2422655863481635
79_51,0.7603396773338318,0.7312121987342834,0.6990159749984741,0.6367058823529411,0.3618235294117647,0.4881764705882352,79,1,0.7624405054734158,0.4688491074621384,0.6172926318845299,-0.9704336845345276,0.021277895770422307,-0.4453100245826789,1.7328741900079434,0.4475712116917161,1.0626026564672086,2.0814171502757555
61_319,0.4993953108787536,0.4959300756454468,0.454617828130722,0.55675,0.35975,0.42175,61,1,-1.974559627694436,-1.0318594480541243,-2.694672630524766,-0.9971799974427402,-0.7974753572847905,-1.2579034381854584,0.9773796302516957,0.23438409076933386,1.4367691923393076,1.7534287997212932
74_179,0.6805145144462585,0.691948652267456,0.7972766757011414,0.7286190476190476,0.3888571428571429,0.5826666666666667,74,1,-0.07483176225743485,1.0722115965210632,0.06459657376529113,-0.6217289687261358,0.9624744762551335,0.7105862665107618,0.546897206468701,0.10973712026592974,0.6459896927454707,0.8534878283495997
57_329,0.7372051477432251,0.7003623247146606,0.758225679397583,0.6786666666666666,0.4019999999999999,0.5325000000000001,57,1,0.5197864431134737,0.8324218722319684,0.1830322224605827,-0.4522001606675973,0.4509589604600568,0.09689864236414211,0.9719866037810709,0.3814629117719116,0.08613358009644059,1.047707451824027
64_177,0.6840653419494629,0.7017006278038025,0.1533514708280563,0.4861818181818181,0.4061818181818182,0.4599090909090909,64,1,-0.03758774936245084,-2.8817629996468273,0.20187093950216295,-0.39825917628533314,-1.520097967723693,-0.7911041988579856,0.3606714269228823,1.3616650319231343,0.9929751383601485,1.7234312178796618
74_250,0.7815378904342651,0.7756301760673523,0.4968430697917938,0.4317142857142858,0.5767142857142857,0.4881428571428571,74,1,0.9847848805101334,-0.7725785073774276,1.242545396617795,1.8014273638497378,-2.077848918389577,-0.44572121704979134,0.8166424833396044,1.3052704110121496,1.6882666136675863,2.2849244955322967
77_128,0.6443815231323242,0.6682062149047852,0.9616435766220092,0.7205,0.4258333333333333,0.5283333333333333,77,1,-0.4538244317735101,2.0814942675108545,-0.26961550642919224,-0.14477563735854102,0.8793349191120828,0.04592790946159768,0.30904879441496913,1.2021593483987716,0.31554341589078994,1.2807286611862534
79_259,0.622244119644165,0.6171325445175171,0.4067451655864715,0.5185454545454545,0.4045454545454545,0.4343636363636364,79,1,-0.6860198116477592,-1.3258179545986728,-0.9885575999706797,-0.41936651800013264,-1.1886923003275582,-1.1036011285804863,0.2666532936476265,0.13712565427111456,0.1150435286098066,0.32115796354349363
64_373,0.7512460947036743,0.7232200503349304,0.821387529373169,0.6223333333333333,0.4253333333333333,0.5593333333333333,64,1,0.6670594968399202,1.2202624915468423,0.504790595932215,-0.15122510288250723,-0.12589790816298962,0.42515016225651986,0.8182845997224274,1.346160399709832,0.07964043367569512,1.577364924982764
69_320,0.7107748985290527,0.7006774544715881,0.8247315287590027,0.493,0.5403333333333333,0.5616666666666666,69,1,0.2425641500953081,1.2407960698586178,0.1874681685256446,1.3321519676297204,-1.4502793580194506,0.4536937726819436,1.0895878175344123,2.6910754278780686,0.26622560415629903,2.9154698837334814
59_90,0.7155265808105469,0.7250351905822754,0.5859320163726807,0.5983846153846154,0.427,0.5006923076923078,59,1,0.2924037201687999,-0.22553448904363238,0.5303415445834974,-0.12972688446928607,-0.3711342828985035,-0.2922040909626574,0.42213060463808594,0.1455997938548711,0.8225456355461548,0.9359352915125728
71_226,0.6354360580444336,0.6874672174453735,0.8767637014389038,0.7916363636363637,0.4077272727272727,0.5224545454545454,71,1,-0.547651861234494,1.5602957375262303,0.0015133430394081247,-0.3783244646658016,1.6077757470263387,-0.02598716096090031,0.16932739656869245,0.047480009500108444,0.027500504000308436,0.17799549503044343
59_48,0.565643846988678,0.5956648588180542,0.605831503868103,0.584111111111111,0.3918888888888889,0.4667777777777778,59,1,-1.2796902399460208,-0.10334317328488907,-1.2907489792710791,-0.5826226857078015,-0.5172958624161024,-0.7070797179519743,0.6970675542382193,0.4139526891312133,0.5836692613191048,0.998964369043964
78_286,0.6913044452667236,0.6942124366760254,0.621957004070282,0.6924444444444444,0.3827777777777778,0.5631111111111111,78,1,0.038341947884986724,-0.004325744447820071,0.09646289333235197,-0.7001462797000748,0.592044269551295,0.4713636267548256,0.7384882275850615,0.596370013999115,0.37490073342247365,1.0205746497928208
80_48,0.6259248852729797,0.6620941758155823,0.7790964841842651,0.7632,0.4798,0.558,80,1,-0.647412900323771,0.9605774892253818,-0.3556520521734029,0.5513366748615454,1.3165855988198472,0.40883952772770643,1.1987495751853163,0.3560081095944654,0.7644915799011094,1.465670390587084
76_225,0.6709684133529663,0.678433358669281,0.7010611295700073,0.63,0.359,0.4971666666666667,76,1,-0.17495915844735233,0.4814072262620893,-0.12565240189325227,-1.0068541957286898,-0.047390760362219564,-0.3353331726494253,0.8318950372813375,0.5287979866243089,0.20968077075617303,1.0077909948675585
61_14,0.6011764407157898,0.620317280292511,0.5694810152053833,0.7523333333333334,0.372,0.5861666666666666,61,1,-0.9069950364278166,-0.32655063223039044,-0.9437274440784303,-0.8391680921055684,1.2053102501978876,0.7534016821488976,0.06782694432224823,1.531860882428278,1.697129126227328,2.287235346128415
54_79,0.639039158821106,0.6623934507369995,0.7937309741973877,0.6771904761904762,0.397047619047619,0.5070476190476191,54,1,-0.5098595630540804,1.0504394814285976,-0.3514392878093636,-0.5160805810954527,0.43584267734313914,-0.21445972033767988,0.006221018041372317,0.6145968040854584,0.13697956747168374,0.6297073404068433
71_73,0.7010836601257324,0.7307130098342896,0.6647312641143799,0.66,0.41625,0.559,71,1,0.14091443387115893,0.25832640257844336,0.610265764418123,-0.2683903932345592,0.25981112233644443,0.4210725036243168,0.40930482710571814,0.001484719758001074,0.18919326079380616,0.4509176596836664
65_103,0.7049447298049927,0.6874210238456726,0.722930908203125,0.7056666666666667,0.4011666666666666,0.5098333333333334,65,1,0.18141252306108177,0.615696967500291,0.0008630956022182312,-0.46294926987420715,0.7274406548888543,-0.18038214462569388,0.644361792935289,0.11174368738856333,0.1812452402279121,0.6786299499515526
77_130,0.82695472240448,0.7981674671173096,0.7049456834793091,0.5248181818181817,0.4786363636363637,0.4746363636363636,77,1,1.4611541420474938,0.50526003922637,1.5597931504477076,0.5363270096421338,-1.1244591793996566,-0.6109458265624512,0.9248271324053601,1.6297192186260265,2.170738977010159,2.867646711626671
68_267,0.6842470765113831,0.7089225649833679,0.885980486869812,0.7142666666666667,0.5153333333333333,0.6132666666666666,68,1,-0.0356815671101418,1.6168907196396018,0.3035310433469065,1.00967869143141,0.8155051945958052,1.084915328947039,1.0453602585415518,0.8013855250437967,0.7813842856001325,1.5315215413668235
63_301,0.7550811767578125,0.7541747093200684,0.5216898918151855,0.5843636363636363,0.4228181818181818,0.5028181818181818,63,1,0.7072850063440421,-0.6200084536933834,0.9405260182523942,-0.1836678688515488,-0.5147099879826117,-0.26619832402161236,0.8909528751955909,0.10529846571077173,1.2067243422740066,1.5036849506917884
60_8,0.6360762119293213,0.6716457009315491,0.6007408499717712,0.62775,0.51,0.5720833333333334,60,1,-0.540937398331969,-0.13460195308051173,-0.22119934079945963,0.9408843925091042,-0.07043090156461908,0.5811206049383026,1.4818217908410731,0.06417105151589265,0.8023199457377623,1.6863069231289856
64_34,0.6557325720787048,0.6438164710998535,0.4947640001773834,0.5174761904761905,0.442047619047619,0.5217619047619048,64,1,-0.3347652510757467,-0.7853448789634934,-0.6129394410338463,0.06437131606150617,-1.1996416315002227,-0.0344602178589847,0.3991365671372529,0.4142967525367294,0.5784792231748617,0.8158369996718599
63_30,0.8319447636604309,0.7835410237312317,0.6649741530418396,0.5808333333333333,0.4463333333333333,0.525,63,1,1.513493818000613,0.2598178438849775,1.3539029970806558,0.11965244912407359,-0.5508605125628075,0.005151323139563495,1.3938413688765394,0.8106783564477851,1.3487516739410923,2.1021713148940564
73_42,0.7769980430603027,0.7486335039138794,0.7216411828994751,0.5641,0.4317999999999999,0.5156,73,1,0.9371672099855778,0.6077775056620613,0.8625248527739483,-0.06781201543921159,-0.7222108960236171,-0.10983865028857501,1.0049792254247893,1.3299884016856784,0.9723635030625233,1.929855739230748
77_252,0.7376724481582642,0.6916277408599854,0.6640117764472961,0.4835,0.4213333333333333,0.4341666666666666,77,1,0.5246878759957639,0.2539084423303025,0.06007924189196159,-0.20282082707423693,-1.5475599542073608,-1.1060106541358807,0.7275087030700009,1.8014683965376634,1.1660898960278423,2.26590444246548
65_307,0.5339686274528503,0.5722401738166809,0.4083658754825592,0.499,0.6381666666666667,0.5301666666666667,65,1,-1.6119261156057691,-1.3158661066070234,-1.6204881961266473,2.5940973884857743,-1.3888389814797177,0.06835503193871696,4.206023504091544,0.07297287487269433,1.6888432280653642,4.533006751199465
75_331,0.7846320867538452,0.744587779045105,0.4915618002414703,0.7053333333333334,0.3767777777777777,0.5993333333333334,75,1,1.0172393682378693,-0.8050077483505467,0.8055749236814306,-0.77753986598767,0.7240273006366474,0.9144691981209355,1.7947792342255393,1.5290350489871942,0.10889427443950495,2.360304777702276
62_203,0.5709595680236816,0.5919107794761658,0.6161967515945435,0.6855,0.5549999999999999,0.6505,62,1,-1.2239345653616729,-0.03969614427721075,-1.3435935397053127,1.5213362896660616,0.5209327226303082,1.5403897981641657,2.7452708550277345,0.560628866907519,2.8839833378694784,4.0209671332881465
57_343,0.622463583946228,0.6388596296310425,0.6405996084213257,0.58,0.4993999999999999,0.6001000000000001,57,1,-0.6837178887048264,0.11014777429720898,-0.6827147666746023,0.8041557234010192,-0.5593938981933262,0.9238478129750038,1.4878736121058456,0.6695416724905352,1.6065625796496061,2.2897810504790006
78_113,0.845492959022522,0.8006391525268555,0.6652301549911499,0.73,0.3946666666666666,0.6456666666666666,78,1,1.6555984858038588,0.26138980472217116,1.5945860029965986,-0.5467923216857679,0.9766155152999926,1.4812637479972153,2.2023908074896266,0.7152257105778215,0.11332225499938331,2.3183862964278634
71_121,0.7684312462806702,0.7752100229263306,0.801114022731781,0.6168888888888888,0.4326944444444444,0.5637500000000001,71,1,0.8473115666344394,1.0957745391749696,1.2366310815406962,-0.05627463822411609,-0.18164936094904371,0.4791791391332165,0.9035862048585555,1.2774239001240133,0.7574519424074797,1.7383938838121804
78_146,0.73732990026474,0.7126370072364807,0.8813712000846863,0.6322857142857143,0.4630714285714285,0.5286428571428571,78,1,0.5210949506418708,1.5885877386149165,0.35581764952858363,0.3355559854739896,-0.023984902632797057,0.04971430676292886,0.1855389651678812,1.6125726412477135,0.30610334276565476,1.6518215664376412
77_120,0.804641604423523,0.7619644403457642,0.4309448897838592,0.606952380952381,0.4419047619047618,0.4716666666666666,77,1,1.2271157233802612,-1.1772213567537422,1.0501787118863906,0.06252861162608624,-0.2833998258005574,-0.647274058012991,1.164587111754175,0.8938215309531847,1.6974527698993815,2.244220572069178
54_213,0.6431137919425964,0.6681830883026123,0.6462783217430115,0.5881538461538461,0.4303076923076923,0.5253846153846153,54,1,-0.4671214440150191,0.14501748904504416,-0.26994104966226284,-0.0870611894645868,-0.4758980018700994,0.009856313869028195,0.3800602545504323,0.6209154909151435,0.27979736353129103,0.7799156419680238
80_44,0.669325053691864,0.6618183851242065,0.5375097990036011,0.64,0.4326428571428571,0.4645,80,1,-0.19219607247766143,-0.5228674959185478,-0.35953423913066435,-0.05694005927023924,0.055009867204001764,-0.7349437186053646,0.1352560132074222,0.5778773631225496,0.3754094794747002,0.7022597191906301
76_5,0.6425094604492188,0.6563968658447266,0.6992233395576477,0.6626666666666667,0.3942222222222222,0.5111111111111111,76,1,-0.4734601720754196,0.47012241404015864,-0.4358506344750751,-0.5525251799292931,0.2871179563541038,-0.16475111986891477,0.07906500785387344,0.18300445768605483,0.27109951460616033,0.33650684067280984
66_158,0.7626508474349976,0.7385327816009521,0.682968258857727,0.6145882352941177,0.3879411764705882,0.4965882352941176,66,1,0.7866819672094876,0.370309305841027,0.7203413286435306,-0.633543955988529,-0.2052081981407487,-0.34240910968766164,1.4202259231980165,0.5755175039817757,1.0627504383311923,1.8648593953663675
67_207,0.7037286758422852,0.6950511932373047,0.8347008228302002,0.7182222222222222,0.4118888888888889,0.5095555555555555,67,1,0.16865754427734647,1.3020117750382454,0.10826970873381801,-0.32464406474915314,0.8560103317219987,-0.18378019348586397,0.4933016090264996,0.4460014433162467,0.29204990221968197,0.7263311299227333
76_136,0.7496581077575684,0.7664274573326111,0.9810187220573424,0.8403333333333333,0.5435,0.6576666666666667,76,1,0.6504033775988518,2.2004659000368174,1.1130026826663488,1.3729985826148394,2.106435772780633,1.6280594587565413,0.7225952050159876,0.09403012725618431,0.5150567760901925,0.8923390486470567
77_284,0.5617331862449646,0.555392861366272,0.5873913764953613,0.6948888888888889,0.4083333333333333,0.522,77,1,-1.3207084811969214,-0.21657339727696193,-1.8576405682158867,-0.3705069306973577,0.6170755340674826,-0.03154760455026768,0.9502015504995638,0.8336489313444445,1.8260929636656191,2.22091626119775
61_357,0.6284253597259521,0.6443115472793579,0.659761369228363,0.73425,0.4018125,0.4974375,61,1,-0.6211858581241592,0.22780913446062145,-0.605970466565073,-0.4546187102390833,1.0201357820156363,-0.3320200750107607,0.16656714788507587,0.7923266475550148,0.27395039155431233,0.8547367713004386
79_297,0.7353141903877258,0.7337805032730103,0.4171645939350128,0.478,0.50225,0.56,79,1,0.4999525198748695,-1.2618382335302236,0.6534455503633367,0.8409176768876275,-1.6038802993687826,0.43330547952092724,0.34096515701275804,0.342042065838559,0.2201400708424095,0.5307651683092486
64_136,0.7005411982536316,0.66242915391922,0.5420807600021362,0.63,0.3975454545454546,0.5056363636363637,64,1,0.13522464552144933,-0.4947998515221082,-0.35093670946758715,-0.5096590353356582,-0.047390760362219564,-0.2317235737675284,0.6448836808571075,0.44740909115988864,0.11921313570005876,0.7938901866201458
73_86,0.7086668014526367,0.7006779909133911,0.7353575229644775,0.6326363636363637,0.4506363636363636,0.4990909090909091,73,1,0.22045268604162951,0.6920016667276447,0.18747571978620553,0.17515694030002524,-0.020394231276579185,-0.3117939614544331,0.045295745741604276,0.7123958980042239,0.49926968124063864,0.8711083943354361
77_341,0.765878438949585,0.7287046909332275,0.6417322754859924,0.6344347826086957,0.423304347826087,0.523,77,1,0.8205356139666323,0.11710283175685769,0.5819955229359601,-0.1773968470377312,-0.0019783081371994703,-0.01931462865365729,0.9979324610043635,0.11908113989405716,0.6013101515896174,1.1711632734206714
77_66,0.825106143951416,0.780116617679596,0.7386327981948853,0.635090909090909,0.3600909090909091,0.5025454545454546,77,1,1.44176472375523,0.7121132494991912,1.30569910577558,-0.992782634585491,0.00474046821694704,-0.2695345901752325,2.434547358340721,0.7073727812822441,1.5752336959508124,2.9847543095808766
54_155,0.5671220421791077,0.5983893275260925,0.6945043206214905,0.6353030303030303,0.4307575757575757,0.4498181818181818,54,1,-1.2641857073591845,0.4411456309429999,-1.2523978049400948,-0.08125817386493496,0.006912602741079076,-0.9145460465419631,1.1829275334942495,0.43423302820192083,0.33785175839813164,1.3046147641863128
78_226,0.7413419485092163,0.7273977398872375,0.6930060386657715,0.6653095238095238,0.4770952380952381,0.536952380952381,78,1,0.563176627777054,0.4319455425694173,0.5635981351227177,0.5164481375509469,0.3141809793537471,0.15136451123714453,0.046728490226107144,0.11776456321567019,0.41223362388557316,0.43126396187256494
76_44,0.6709764003753662,0.6652480363845825,0.5675302743911743,0.6964705882352941,0.3691176470588235,0.5635294117647058,76,1,-0.17487538395676216,-0.3385290104095929,-0.31125651327788184,-0.8763473639496093,0.6332722346367798,0.47648068856778614,0.7014719799928472,0.9718012450463727,0.787737201845668,1.4342212164657195
66_386,0.7713103294372559,0.7449753880500793,0.6263263821601868,0.6133333333333333,0.3538333333333333,0.4318333333333333,66,1,0.8775097697611312,0.02250409516366277,0.8110311289511672,-1.0734986728096745,-0.21805847297258882,-1.1345542645613045,1.9510084425708056,0.2405625681362516,1.9455853935124718,2.7657922582182395
63_143,0.7093472480773926,0.7022179365158081,0.9067962169647216,0.7934285714285715,0.5527142857142857,0.6912857142857144,63,1,0.22758977249369905,1.7447081546042447,0.20915287176973854,1.4918530186993597,1.6261280672914538,2.039320457947348,1.2642632462056607,0.1185800873127909,1.8301675861776094,2.2275403893776566
78_118,0.6998118758201599,0.6935006976127625,0.7108234167098999,0.5662222222222222,0.3638888888888889,0.4936666666666666,78,1,0.12757490920158926,0.5413518208508966,0.08644404862592034,-0.9437927550499093,-0.7004792072845644,-0.37814858828756304,1.0713676642514987,1.241831028135461,0.4645926369134834,1.7046463834818975
72_263,0.6808885931968689,0.6892427802085876,0.7998413443565369,0.6919047619047619,0.4042857142857143,0.5786190476190476,72,1,-0.07090811522054029,1.0879597527265972,0.0265071764670852,-0.4227168897008933,0.5865178864762929,0.6610718402625766,0.35180877448035297,0.5014418662503043,0.6345646637954914,0.8819782715962117
77_19,0.7103093862533569,0.6628721356391907,0.7414395809173584,0.6343571428571428,0.4210714285714285,0.4957857142857143,77,1,0.23768147269598586,0.7293480890389932,-0.3447010463021739,-0.20619911853917205,-0.0027733440655090835,-0.35222632983998303,0.4438805912351579,0.7321214331045023,0.007525283537809124,0.8562058175337213
58_107,0.7302173376083374,0.7584937810897827,0.6634994149208069,0.651,0.4519999999999999,0.5893333333333334,58,1,0.44649251640579835,0.2507623246687154,1.0013237341151737,0.19274639172902303,0.1676505575268452,0.7921394391548316,0.2537461246767753,0.08311176714187019,0.20918429496034208,0.33919423769277307
58_269,0.6019049286842346,0.6262344717979431,0.6087242960929871,0.6423333333333333,0.3788333333333333,0.5145000000000001,58,1,-0.8993540526666749,-0.08558019882353396,-0.8604336839757343,-0.751025396611364,0.07890334696945303,-0.12329492377484494,0.14832865605531087,0.164483545792987,0.7371387602008893,0.769694601016736
54_289,0.5362015962600708,0.5808242559432983,0.5238432288169861,0.6746153846153846,0.4218461538461538,0.5196923076923077,54,1,-1.5885048936581623,-0.6067860487654916,-1.4996537636598384,-0.19620599063939953,0.40947357801015205,-0.05977754892706131,1.3922989030187627,1.0162596267756436,1.439876214732777,2.246001642500426
80_22,0.5905435681343079,0.6277148723602295,0.7053474187850952,0.6523529411764706,0.4574705882352941,0.5442352941176472,80,1,-1.0185213899828869,0.5077268648474842,-0.8395947219144628,0.2633111321677128,0.1815047600799219,0.24045621244495227,1.2818325221505997,0.3262221047675623,1.0800509343594151,1.7076374021707863
72_9,0.6473242044448853,0.6622689962387085,0.5527870655059814,0.6593333333333333,0.4865555555555555,0.5961666666666666,72,1,-0.4229591586359249,-0.42905858272154934,-0.35319118025949586,0.6384761201631326,0.2529844138320293,0.8757314411150015,1.0614352787990575,0.6820429965535786,1.2289226213744973,1.7612717875310964
54_22,0.6572514772415161,0.6591281890869141,0.675758957862854,0.6342068965517241,0.4298275862068965,0.514,54,1,-0.3188337186600067,0.32604113187589356,-0.39740297181470136,-0.09325404495444345,-0.004311875661947298,-0.12941141172315082,0.22557967370556326,0.33035300753784086,0.26799156009155056,0.4814963915323855
78_136,0.6960386633872986,0.69243323802948,0.7331459522247314,0.5439090909090909,0.3650909090909091,0.4942727272727273,78,1,0.08799833940815821,0.6784216818840513,0.07141787913865091,-0.9282879793458289,-0.9289670722277789,-0.37073466350173717,1.016286318753987,1.6073887541118301,0.44215254264038806,1.9524434331101816
67_349,0.6171039342880249,0.659730851650238,0.8686971664428711,0.7445999999999999,0.491,0.6314,67,1,-0.7399343229874202,1.5107637822431645,-0.38891955008898904,0.6958047025983881,1.126120431546675,1.3067399585389072,1.4357390255858085,0.38464335069648947,1.6956595086278963,2.2548965000694174
66_136,0.7589723467826843,0.7291429042816162,0.7636150121688843,0.7087058823529412,0.4120588235294117,0.5503529411764706,66,1,0.7480988128305921,0.8655146673372948,0.5881640637852763,-0.32245208953839455,0.7585624142472158,0.31529324145950893,1.0705509023689865,0.10695225309007894,0.27287082232576737,1.1099443700838507
74_312,0.6072627305984497,0.6053466796875,0.6275546550750732,0.6781333333333334,0.4341333333333333,0.5695333333333333,74,1,-0.8431569990498147,0.030046213201392655,-1.1544621506097847,-0.03771450966070165,0.4454975936565256,0.5499265164019456,0.805442489389113,0.4154513804551329,1.7043886670117303,1.930357008812989
61_110,0.8180316686630249,0.7627346515655518,0.7507651448249817,0.6575833333333333,0.4210833333333333,0.5138333333333334,61,1,1.3675617813063747,0.7866110172589721,1.061020643993962,-0.20604555983621967,0.23506430400794026,-0.13145024103925232,1.5736073411425944,0.5515467132510319,1.1924708850332144,2.0499830859418764
61_12,0.6602789163589478,0.6684198379516602,0.8020844459533691,0.6895000000000001,0.5486666666666667,0.6191666666666668,61,1,-0.28707943562974086,1.1017333504416402,-0.26660842666804574,1.439643059695825,0.5618929736567979,1.1570898867370418,1.7267224953255658,0.5398403767848423,1.4236983134050876,2.302154446570221
60_337,0.4624723196029663,0.5363494157791138,0.3736270368099212,0.4815,0.4516666666666666,0.501,60,1,-2.3618384695857495,-1.5291773492366043,-2.1257069620125604,0.18844674804637937,-1.568040079720605,-0.2884400983790859,2.550285217632129,0.038862730484000796,1.8372668636334746,3.1434081076594573
67_137,0.739745557308197,0.748869776725769,0.3825843036174774,0.5978421052631578,0.402578947368421,0.4749473684210527,67,1,0.5464323577660364,-1.4741759218345576,0.8658507635365557,-0.44473235848195203,-0.3766896205883316,-0.607141312527619,0.9911647162479884,1.097486301246226,1.4729920760641746,2.0872444352077992
71_94,0.7169482707977295,0.6907215714454651,0.5845613479614258,0.5915925925925927,0.3621481481481481,0.4546666666666666,71,1,0.30731557949384913,-0.23395097598475126,0.04732348474667392,-0.9662464498370512,-0.44068502253322406,-0.8552346482553677,1.2735620293309005,0.2067340465484728,0.9025581330020416,1.5745826088217405
65_36,0.8929665088653564,0.8432216644287109,0.5500952005386353,0.5723600000000001,0.40344,0.48892,65,1,2.153540303850952,-0.4455877783744807,2.194001710206218,-0.43362569995857325,-0.6376279776539179,-0.4362144472101391,2.587166003809525,0.19204019927943716,2.630216157416357,3.6943665768492844
