nid,episode,text,sarcasm,audio_path
51_1,51,"Like, I saw the track list and at the top, like, not at the top, like, song number four is like, they don't know I did it. And it's sung by, like, the current most suspicious person. But it's, it's actually, like, it's full of double meanings, but it's referring to something completely unrelated to the murder.",1,/Users/minjoolee/Downloads/MUStARD/PodSarc/all_processed/overly-sarcastic-podcast__ospod-episode-51/ospod-episode-51_1.mp3
51_2,51,"It's like, I've been secretly donating my salary to a local pet shelter. They don't know I did it.",0,/Users/minjoolee/Downloads/MUStARD/PodSarc/all_processed/overly-sarcastic-podcast__ospod-episode-51/ospod-episode-51_2.mp3
51_5,51,"Usually we're separated by oceans and stars, but now we're in the same space, so, uh.",0,/Users/minjoolee/Downloads/MUStARD/PodSarc/all_processed/overly-sarcastic-podcast__ospod-episode-51/ospod-episode-51_5.mp3
51_6,51,"Audio quality, yay! But no, uh, Redd, why are we, why are we hanging out, uh, this weekend?",1,/Users/minjoolee/Downloads/MUStARD/PodSarc/all_processed/overly-sarcastic-podcast__ospod-episode-51/ospod-episode-51_6.mp3
51_15,51,"as a bit of a convention aficionado, at least before.",0,/Users/minjoolee/Downloads/MUStARD/PodSarc/all_processed/overly-sarcastic-podcast__ospod-episode-51/ospod-episode-51_15.mp3
51_19,51,"really my flavor so much, it's, there's like, I tend to operate at like a six on an energy scale and most anime cons tend to average about a 15, so.",0,/Users/minjoolee/Downloads/MUStARD/PodSarc/all_processed/overly-sarcastic-podcast__ospod-episode-51/ospod-episode-51_19.mp3
51_24,51,"No, I, I had a blast, cause I mean, you know, we, we've done the trope talks, we've done the streams, we've done podcasts and all kinds of stuff, but being in front of people is, it's a different ball game.",0,/Users/minjoolee/Downloads/MUStARD/PodSarc/all_processed/overly-sarcastic-podcast__ospod-episode-51/ospod-episode-51_24.mp3
51_25,51," Yeah, for sure.",0,/Users/minjoolee/Downloads/MUStARD/PodSarc/all_processed/overly-sarcastic-podcast__ospod-episode-51/ospod-episode-51_25.mp3
51_28,51,"Yeah. Finger puppets. Yeah, we got finger puppets of like the whole OSP crew. It was wonderful.",0,/Users/minjoolee/Downloads/MUStARD/PodSarc/all_processed/overly-sarcastic-podcast__ospod-episode-51/ospod-episode-51_28.mp3
51_29,51,"Yeah. One, it is definitely true. Like, live feedback from a panel audience is a lot of fun. Cause I noticed, like, both of us were like, we're gonna make the audience laugh.",0,/Users/minjoolee/Downloads/MUStARD/PodSarc/all_processed/overly-sarcastic-podcast__ospod-episode-51/ospod-episode-51_29.mp3
51_30,51,"And a lot of people we were on panels with weren't really, they didn't seem to have that same objection, objective, but I was like, it's gonna happen.",0,/Users/minjoolee/Downloads/MUStARD/PodSarc/all_processed/overly-sarcastic-podcast__ospod-episode-51/ospod-episode-51_30.mp3
51_31,51,"Yeah. We got it. We had some good, some good jokes and callbacks and stuff. Yeah.",0,/Users/minjoolee/Downloads/MUStARD/PodSarc/all_processed/overly-sarcastic-podcast__ospod-episode-51/ospod-episode-51_31.mp3
51_33,51,"Big ups to the health and safety at ChiCon and WorldCon, that was really fantastic.",1,/Users/minjoolee/Downloads/MUStARD/PodSarc/all_processed/overly-sarcastic-podcast__ospod-episode-51/ospod-episode-51_33.mp3
51_35,51,"But, uh, yeah, so first there was, uh, the, our part of the, uh, one musical scene collab, uh, organized by Nando V Movies, uh, who does one of these every year, and it's always an absolute delight to participate in. Uh, and it gave me an excuse to talk about the greatest movie known to man, Kung Fu Panda 2, the one with the peacock guy voiced by Gary Oldman.",0,/Users/minjoolee/Downloads/MUStARD/PodSarc/all_processed/overly-sarcastic-podcast__ospod-episode-51/ospod-episode-51_35.mp3
51_36,51,"Oh, I, I didn't know that was Gary Oldman. Yeah, Lord Shen, Gary Oldman. Oh my god.",0,/Users/minjoolee/Downloads/MUStARD/PodSarc/all_processed/overly-sarcastic-podcast__ospod-episode-51/ospod-episode-51_36.mp3
51_45,51,"Uh, like, I did choir, it's like, I, I, I did bass, so like, I can't sing the main line of any of the popular songs. Yeah, like, put me on Hellfire, I'm great, but anyway, yeah, so no, I mean, you know.",1,/Users/minjoolee/Downloads/MUStARD/PodSarc/all_processed/overly-sarcastic-podcast__ospod-episode-51/ospod-episode-51_45.mp3
51_48,51,"Yeah, it was very fun. Um, I had a lot of fun just getting to sort of unpack",0,/Users/minjoolee/Downloads/MUStARD/PodSarc/all_processed/overly-sarcastic-podcast__ospod-episode-51/ospod-episode-51_48.mp3
51_51,51,Oh yeah.,0,/Users/minjoolee/Downloads/MUStARD/PodSarc/all_processed/overly-sarcastic-podcast__ospod-episode-51/ospod-episode-51_51.mp3
51_52,51,"uh, compromise, where it's like the first like five minutes are like, okay, here's my script. Here's two pages that I wrote up about this just kind of on my phone while I was listening through it, like with full headphones, like, all right, wow, what is that?",1,/Users/minjoolee/Downloads/MUStARD/PodSarc/all_processed/overly-sarcastic-podcast__ospod-episode-51/ospod-episode-51_52.mp3
51_56,51,"When we do this next year, how are we going to go about it? Because doing those scenes for us was super fun. Yeah. Being able to be like, oh, here's our way that we can talk about like extremely like deep dive popular media.",0,/Users/minjoolee/Downloads/MUStARD/PodSarc/all_processed/overly-sarcastic-podcast__ospod-episode-51/ospod-episode-51_56.mp3
51_58,51,"The detailed diatribes are really, really coming to their own, I think.",1,/Users/minjoolee/Downloads/MUStARD/PodSarc/all_processed/overly-sarcastic-podcast__ospod-episode-51/ospod-episode-51_58.mp3
51_59,51,"Um, you know, they're, every one of our videos is someone's favorite, and hearing people be like, yo, the detailed diatribes are so good, I really like them, you know, uh, it's, it is super cool, uh, to hear that, so.",0,/Users/minjoolee/Downloads/MUStARD/PodSarc/all_processed/overly-sarcastic-podcast__ospod-episode-51/ospod-episode-51_59.mp3
51_61,51,"Yeah, I, I, I don't necessarily want to phrase it as just that we were really busy, and I phrased it as that in the past, so I'm not like, yeah, yeah, but, um.",0,/Users/minjoolee/Downloads/MUStARD/PodSarc/all_processed/overly-sarcastic-podcast__ospod-episode-51/ospod-episode-51_61.mp3
51_66,51,"You know, he's just the coolest and he's a sweetheart and I like these stories about him and it's fun and it makes me mad when people don't get him. Uh, and then, but even then it's like, I just like him because he's got a good heart and he's like, he, he's a very important force for good. And then you were like, yeah, and it's cool how he rescues people. And I was like, what the fuck? Why didn't I, what? Um, cause it's like, that's absolutely true. It sounds obvious and.",0,/Users/minjoolee/Downloads/MUStARD/PodSarc/all_processed/overly-sarcastic-podcast__ospod-episode-51/ospod-episode-51_66.mp3
51_68,51,"It's easy to sort of lose sight of, you know? It's so foundational. You stop realizing how absolutely important it is. It's like a, it's like a retaining wall in a building. It's like, it's been there forever. We can probably knock it down and everything will be fine. Um, and just the sheer fact that Superman is not only like a better person when he rescues people.",1,/Users/minjoolee/Downloads/MUStARD/PodSarc/all_processed/overly-sarcastic-podcast__ospod-episode-51/ospod-episode-51_68.mp3
51_69,51,"His stories are more interesting. It was like, Oh yeah, that.",1,/Users/minjoolee/Downloads/MUStARD/PodSarc/all_processed/overly-sarcastic-podcast__ospod-episode-51/ospod-episode-51_69.mp3
51_74,51,There's only so much you can do with that and it really runs the risk of kind of warfing him because it's like either he instantly wins or he gets swatted around way more than somebody faster than a speeding bullet and more powerful than a locomotive probably should be.,1,/Users/minjoolee/Downloads/MUStARD/PodSarc/all_processed/overly-sarcastic-podcast__ospod-episode-51/ospod-episode-51_74.mp3
51_75,51, Yeah. Yeah. Yeah.,0,/Users/minjoolee/Downloads/MUStARD/PodSarc/all_processed/overly-sarcastic-podcast__ospod-episode-51/ospod-episode-51_75.mp3
51_77,51,"Yeah, having him be the ultimate firefighter and the ultimate, you know, saving person is",0,/Users/minjoolee/Downloads/MUStARD/PodSarc/all_processed/overly-sarcastic-podcast__ospod-episode-51/ospod-episode-51_77.mp3
51_79,51,He can do almost everything and he's such a Swiss army knife.,0,/Users/minjoolee/Downloads/MUStARD/PodSarc/all_processed/overly-sarcastic-podcast__ospod-episode-51/ospod-episode-51_79.mp3
51_80,51,And he is so uninteresting in combat because even though some commenters made it to the point that in various continuities he did receive,0,/Users/minjoolee/Downloads/MUStARD/PodSarc/all_processed/overly-sarcastic-podcast__ospod-episode-51/ospod-episode-51_80.mp3
51_87,51,"Superman will just go punch it. Like, the Justice League writer's room had a lot of problems with power, stuff like that. One of the, like, in jokes I guess they had was, is this going to be the week where we let",1,/Users/minjoolee/Downloads/MUStARD/PodSarc/all_processed/overly-sarcastic-podcast__ospod-episode-51/ospod-episode-51_87.mp3
51_88,51,"Green lantern make a road so flash can throw something into the sun and make it not be a problem anymore. And they finally let him do it in the finale because they were like, we can't, if we establish this precedent, we are never going to be able to have a threat in this series again. Um, and Superman is kind of like that, but like personified. So giving him stuff to do that isn't punch the bad guy until the bad guy stops or give the other leaguers something to do that adds more meaning to",1,/Users/minjoolee/Downloads/MUStARD/PodSarc/all_processed/overly-sarcastic-podcast__ospod-episode-51/ospod-episode-51_88.mp3
51_89,51,"Superman's punch the bad guy until the bad guy stops actions make him more interesting. The, the episode of Justice League that I brought up as, like, required viewing on that episode was, um,",0,/Users/minjoolee/Downloads/MUStARD/PodSarc/all_processed/overly-sarcastic-podcast__ospod-episode-51/ospod-episode-51_89.mp3
51_93,51,"Which is great because we do positions up. He says Superman, I've come to kill you. Is this a bad time? And it's like, it literally is rescheduled. I'm, I'm open to that. So like everyone else is evacuating everyone from the island while Superman's getting his ass kicked in an active volcano. And they're like, Superman, do you need any help in there? And he's like, no, evacuate the island. I'm, I'll handle this. Um.",1,/Users/minjoolee/Downloads/MUStARD/PodSarc/all_processed/overly-sarcastic-podcast__ospod-episode-51/ospod-episode-51_93.mp3
51_96,51,"Just because, like, you know, the mystery of what is the point of Superman feels like a question that shouldn't be this complicated.",1,/Users/minjoolee/Downloads/MUStARD/PodSarc/all_processed/overly-sarcastic-podcast__ospod-episode-51/ospod-episode-51_96.mp3
51_102,51,"It's like, even if it's good satire, it's like, uh, I don't need this.",1,/Users/minjoolee/Downloads/MUStARD/PodSarc/all_processed/overly-sarcastic-podcast__ospod-episode-51/ospod-episode-51_102.mp3
51_106,51,"It's like you read the fucking Little Match Girl and you're like, Oh, at least she still hoped for a better world in the end. And it's like, I don't care. She died and it was sad. This, this story didn't reward her hopeful endeavors, but some stories do. And this is kind of a separation between like a grimdark narrative and a grim, like a really dark and grim narrative that still recognizes that there was a world beyond that.",0,/Users/minjoolee/Downloads/MUStARD/PodSarc/all_processed/overly-sarcastic-podcast__ospod-episode-51/ospod-episode-51_106.mp3
51_114,51,"Would we like to, uh, as we jump into the sort of announcements portion of the podcast, we don't really have anything to announce right this second.",0,/Users/minjoolee/Downloads/MUStARD/PodSarc/all_processed/overly-sarcastic-podcast__ospod-episode-51/ospod-episode-51_114.mp3
51_118,51,stuff that I didn't experience from the perspective of someone who's exclusively validating that.,0,/Users/minjoolee/Downloads/MUStARD/PodSarc/all_processed/overly-sarcastic-podcast__ospod-episode-51/ospod-episode-51_118.mp3
51_119,51,"And, uh, I just think that his videos in general deserve more. I mean, every single one of them goes like turbo viral at this point. So I'm not sure he really needs the boost, but, uh, I think he's got like, uh, like a milestone if he hits like a million subs or something like that. So just, yeah, you know, show him some love. Yeah.",0,/Users/minjoolee/Downloads/MUStARD/PodSarc/all_processed/overly-sarcastic-podcast__ospod-episode-51/ospod-episode-51_119.mp3
51_120,51,"Very fun. So I think with that we can, uh, skedaddle over to the Q&A portion of the podcast.",0,/Users/minjoolee/Downloads/MUStARD/PodSarc/all_processed/overly-sarcastic-podcast__ospod-episode-51/ospod-episode-51_120.mp3
51_122,51,"Uh, this question comes from Shark Flynn. To all, with the rumors of Joker 2 being a musical, what non-musical movie would you like to see get a musical sequel? Oh boy. Is that true?",1,/Users/minjoolee/Downloads/MUStARD/PodSarc/all_processed/overly-sarcastic-podcast__ospod-episode-51/ospod-episode-51_122.mp3
51_123,51,"Apparently, yeah. Lady Gaga was cast as Harley Quinn. It was like a whole thing.",1,/Users/minjoolee/Downloads/MUStARD/PodSarc/all_processed/overly-sarcastic-podcast__ospod-episode-51/ospod-episode-51_123.mp3
51_124,51,"But she's been doing, isn't she in House of Gucci? Is that a musical?",1,/Users/minjoolee/Downloads/MUStARD/PodSarc/all_processed/overly-sarcastic-podcast__ospod-episode-51/ospod-episode-51_124.mp3
51_125,51,Lady Gaga is apparently a spectacular actress. That doesn't surprise me.,0,/Users/minjoolee/Downloads/MUStARD/PodSarc/all_processed/overly-sarcastic-podcast__ospod-episode-51/ospod-episode-51_125.mp3
51_128,51,movie that is not a musical would benefit from being a musical.,0,/Users/minjoolee/Downloads/MUStARD/PodSarc/all_processed/overly-sarcastic-podcast__ospod-episode-51/ospod-episode-51_128.mp3
51_129,51,There is a song the good folks sing. That's a musical. So I feel like it wouldn't be too hard to make a Batman sequel that was a musical.,0,/Users/minjoolee/Downloads/MUStARD/PodSarc/all_processed/overly-sarcastic-podcast__ospod-episode-51/ospod-episode-51_129.mp3
51_136,51,"It's like, what happens if we just played all of our songs backwards?",1,/Users/minjoolee/Downloads/MUStARD/PodSarc/all_processed/overly-sarcastic-podcast__ospod-episode-51/ospod-episode-51_136.mp3
51_143,51,"A regency. Yeah, yeah, yeah. A regency, yeah, like a modern regency. Like a regency romance, but like, set in a different time period.",0,/Users/minjoolee/Downloads/MUStARD/PodSarc/all_processed/overly-sarcastic-podcast__ospod-episode-51/ospod-episode-51_143.mp3
51_148,51,"That's like shit you do in a D and D game. It's fun and campy. I don't know. I kind of like it. Um, that show plays pretty fast and loose with, you know, historical accuracy anyway. So what's a little bit more.",0,/Users/minjoolee/Downloads/MUStARD/PodSarc/all_processed/overly-sarcastic-podcast__ospod-episode-51/ospod-episode-51_148.mp3
51_156,51,"It's like, I've been secretly donating my salary to a local pet shelter. They don't know I did it.",0,/Users/minjoolee/Downloads/MUStARD/PodSarc/all_processed/overly-sarcastic-podcast__ospod-episode-51/ospod-episode-51_156.mp3
51_157,51,"And you can tell it's cuz an I want song. They want to donate their money. That's the secret. Right. Rather than an I am song. Yeah. I, I.",0,/Users/minjoolee/Downloads/MUStARD/PodSarc/all_processed/overly-sarcastic-podcast__ospod-episode-51/ospod-episode-51_157.mp3
51_159,51,"Yeah, I think any murder mystery series is primed for a musical. I feel like it's a genre.",0,/Users/minjoolee/Downloads/MUStARD/PodSarc/all_processed/overly-sarcastic-podcast__ospod-episode-51/ospod-episode-51_159.mp3
51_164,51,"Some, someone's got their little red and blue plushie pins. What, what power-ups are they getting? What boons in their video game? This is a good question, because we've answered something.",1,/Users/minjoolee/Downloads/MUStARD/PodSarc/all_processed/overly-sarcastic-podcast__ospod-episode-51/ospod-episode-51_164.mp3
51_170,51,"You know exactly what information you were looking for in that book, and it's just in your head immediately. You can just osmos knowledge.",1,/Users/minjoolee/Downloads/MUStARD/PodSarc/all_processed/overly-sarcastic-podcast__ospod-episode-51/ospod-episode-51_170.mp3
51_172,51,"But in my head, all I can imagine is, like, you brush your elbow against, like, a fiction book you were reading, and you're like, the, the entire ending page flashed in your mind, and you're like, oh, fuck!",0,/Users/minjoolee/Downloads/MUStARD/PodSarc/all_processed/overly-sarcastic-podcast__ospod-episode-51/ospod-episode-51_172.mp3
51_173,51,"Or just like someone goes to a library, just like putting their hands on all the books, like I'm learning.",1,/Users/minjoolee/Downloads/MUStARD/PodSarc/all_processed/overly-sarcastic-podcast__ospod-episode-51/ospod-episode-51_173.mp3
51_177,51,Let's you jump high. Anyone who plays without items doesn't understand what Smash Bros is all about. All right.,1,/Users/minjoolee/Downloads/MUStARD/PodSarc/all_processed/overly-sarcastic-podcast__ospod-episode-51/ospod-episode-51_177.mp3
51_184,51,"I can still do a kip up. It just hurts my neck the next day. Uh, but, uh, yes.",0,/Users/minjoolee/Downloads/MUStARD/PodSarc/all_processed/overly-sarcastic-podcast__ospod-episode-51/ospod-episode-51_184.mp3
51_185,51,"And then, like, the implications of the book thing is, like, if someone really wants to just bother you, they can, like, throw some, like, trashy tabloid magazine or smutty book at you, and they're like, ah, ah, gross.",1,/Users/minjoolee/Downloads/MUStARD/PodSarc/all_processed/overly-sarcastic-podcast__ospod-episode-51/ospod-episode-51_185.mp3
51_200,51,Exactly.,0,/Users/minjoolee/Downloads/MUStARD/PodSarc/all_processed/overly-sarcastic-podcast__ospod-episode-51/ospod-episode-51_200.mp3
51_214,51,"I wonder why they might have wanted to throw more parties. Uh, and it's like, all right, I'm not going to say, like, categorically, this happened specifically because of that, but I can kind of be like, I think that all the context and audience needs to understand the general gist of, like,",0,/Users/minjoolee/Downloads/MUStARD/PodSarc/all_processed/overly-sarcastic-podcast__ospod-episode-51/ospod-episode-51_214.mp3
51_215,51,What got Dionysus over the hump to being this sort of like perpetually drunk party boy?,0,/Users/minjoolee/Downloads/MUStARD/PodSarc/all_processed/overly-sarcastic-podcast__ospod-episode-51/ospod-episode-51_215.mp3
51_216,51,"All I need to say is, it's Rome, baby. They were doing that stuff on the ranks.",1,/Users/minjoolee/Downloads/MUStARD/PodSarc/all_processed/overly-sarcastic-podcast__ospod-episode-51/ospod-episode-51_216.mp3
51_218,51,"Yeah, we did it. Yeah. Let's get crunk. Yeah, I also.",0,/Users/minjoolee/Downloads/MUStARD/PodSarc/all_processed/overly-sarcastic-podcast__ospod-episode-51/ospod-episode-51_218.mp3
51_221,51,"For six years, that was all, and they, they had a lot to say about it, but like, if you pick something suitably niche, you can spend six years working on that.",0,/Users/minjoolee/Downloads/MUStARD/PodSarc/all_processed/overly-sarcastic-podcast__ospod-episode-51/ospod-episode-51_221.mp3
51_227,51,"Good stuff. Research is a lot of fun, but yeah, very easy to get off the rails. Uh, this next question comes from L to Blue. What are some historical figures that knew how to party?",0,/Users/minjoolee/Downloads/MUStARD/PodSarc/all_processed/overly-sarcastic-podcast__ospod-episode-51/ospod-episode-51_227.mp3
51_241,51,"Yeah. Um, Marquis de Sade went, went, went pretty hard.",1,/Users/minjoolee/Downloads/MUStARD/PodSarc/all_processed/overly-sarcastic-podcast__ospod-episode-51/ospod-episode-51_241.mp3
51_242,51,"The Roman emperors knew how to party, that's for sure. They, they knew how to drain a treasury on, on one big night. Also, like, if you watch any of Max Miller Tasting History's videos on, like,",1,/Users/minjoolee/Downloads/MUStARD/PodSarc/all_processed/overly-sarcastic-podcast__ospod-episode-51/ospod-episode-51_242.mp3
51_243,51,"medieval feasts, like, the amount of money that went into, like, any given Tuesday where they're feeding, like, Knights of the Realm, table for 500, with like, 17 course meals, like.",1,/Users/minjoolee/Downloads/MUStARD/PodSarc/all_processed/overly-sarcastic-podcast__ospod-episode-51/ospod-episode-51_243.mp3
51_246,51,"We're prepping for the feast, but my lord has provided us far insufficient quantities of pheasants, and he's like, alright, fuck off, let's get this gun.",1,/Users/minjoolee/Downloads/MUStARD/PodSarc/all_processed/overly-sarcastic-podcast__ospod-episode-51/ospod-episode-51_246.mp3
51_248,51,"Yeah, basically, any medieval court, and then any Victorian person. Perfect. And then also, like, the whole, like, Renaissance European aristocracy. Yeah.",0,/Users/minjoolee/Downloads/MUStARD/PodSarc/all_processed/overly-sarcastic-podcast__ospod-episode-51/ospod-episode-51_248.mp3
51_249,51,So those are where you should go back in time if you know you're looking to party.,1,/Users/minjoolee/Downloads/MUStARD/PodSarc/all_processed/overly-sarcastic-podcast__ospod-episode-51/ospod-episode-51_249.mp3
51_251,51,"Any advice on how to make the big day go as smoothly as possible? Perhaps any gift recommendations for the happy couple? Blue, please don't say swords. This couple is not fit for war yet. Love the channel, love the pod, and hope you have a good day. So, uh, we were, we were grooms mates.",0,/Users/minjoolee/Downloads/MUStARD/PodSarc/all_processed/overly-sarcastic-podcast__ospod-episode-51/ospod-episode-51_251.mp3
51_252,51,"Yeah, not quite the same.",0,/Users/minjoolee/Downloads/MUStARD/PodSarc/all_processed/overly-sarcastic-podcast__ospod-episode-51/ospod-episode-51_252.mp3
51_260,51,"as a, uh, as an ally to the happy couple. What this means is that it is your duty to stand stalwart and true and prepare for whatever fates make inspire against them on this, their wedding day.",1,/Users/minjoolee/Downloads/MUStARD/PodSarc/all_processed/overly-sarcastic-podcast__ospod-episode-51/ospod-episode-51_260.mp3
51_261,51,"Yeah, yeah.",0,/Users/minjoolee/Downloads/MUStARD/PodSarc/all_processed/overly-sarcastic-podcast__ospod-episode-51/ospod-episode-51_261.mp3
51_271,51,"Yes, I guess don't act.",1,/Users/minjoolee/Downloads/MUStARD/PodSarc/all_processed/overly-sarcastic-podcast__ospod-episode-51/ospod-episode-51_271.mp3
51_285,51,"Yes, mm-hm.",0,/Users/minjoolee/Downloads/MUStARD/PodSarc/all_processed/overly-sarcastic-podcast__ospod-episode-51/ospod-episode-51_285.mp3
51_288,51,I have questions about this. Yeah. I've heard Winx Club name dropped and I saw stuff about the live action remake nobody liked. What are the rules of this world?,0,/Users/minjoolee/Downloads/MUStARD/PodSarc/all_processed/overly-sarcastic-podcast__ospod-episode-51/ospod-episode-51_288.mp3
51_296,51,"For the sake of remaining consistent, I'll go with the answer I gave on the Tumblr ask for the specific, like, the gimmick, the thing, which would be sound because I am of the opinion that if you like clash fists or weapons together, it should produce a visible shockwave and it's upsetting that it doesn't. So that would be the one thing I adjust.",0,/Users/minjoolee/Downloads/MUStARD/PodSarc/all_processed/overly-sarcastic-podcast__ospod-episode-51/ospod-episode-51_296.mp3
51_299,51,"The red one in Wings Club is also the music and sound fairy, so thematically it's all coming together. Yeah, we're already paralleling.",0,/Users/minjoolee/Downloads/MUStARD/PodSarc/all_processed/overly-sarcastic-podcast__ospod-episode-51/ospod-episode-51_299.mp3
51_310,51,"Wait, wait, wait, wait, wait, wait, wait, wait, wait, wait, wait, wait, wait, wait, wait, wait, wait, wait, wait, wait, wait, wait, wait, wait, wait, wait, wait, wait, wait, wait, wait.",0,/Users/minjoolee/Downloads/MUStARD/PodSarc/all_processed/overly-sarcastic-podcast__ospod-episode-51/ospod-episode-51_310.mp3
51_311,51,"Like, you know, red's got sound, blue. But we would have to be called lights, camera, action, and I can do the action. Yeah, lights, camera, action.",1,/Users/minjoolee/Downloads/MUStARD/PodSarc/all_processed/overly-sarcastic-podcast__ospod-episode-51/ospod-episode-51_311.mp3
51_316,51,"Yeah. Uh, awesome. Well, that is all the time we have on the podcast today. Red, are you ready to do the outro?",0,/Users/minjoolee/Downloads/MUStARD/PodSarc/all_processed/overly-sarcastic-podcast__ospod-episode-51/ospod-episode-51_316.mp3
51_317,51,I'm always ready. That's why they call me action.,1,/Users/minjoolee/Downloads/MUStARD/PodSarc/all_processed/overly-sarcastic-podcast__ospod-episode-51/ospod-episode-51_317.mp3
51_320,51,And this has been an Overly Sarcastic Podcast!,0,/Users/minjoolee/Downloads/MUStARD/PodSarc/all_processed/overly-sarcastic-podcast__ospod-episode-51/ospod-episode-51_320.mp3
51_322,51,"We'll be back on September 21st with another thrilling installment, but if you missed us before then, be sure to check out Overly Sarcastic Productions on YouTube.",0,/Users/minjoolee/Downloads/MUStARD/PodSarc/all_processed/overly-sarcastic-podcast__ospod-episode-51/ospod-episode-51_322.mp3
52_3,52,I thought it was a burn on the fact that I actually can't make croissants as admitted earlier.,1,/Users/minjoolee/Downloads/MUStARD/PodSarc/all_processed/overly-sarcastic-podcast__ospod-episode-52/ospod-episode-52_3.mp3
52_8,52,"Uh, what a good cat. I'm distracted now. I'm looking at my adorable cat. Uh, we, we're, we're gonna go with not only you, not only Indigo, but also basically like the entire green and",0,/Users/minjoolee/Downloads/MUStARD/PodSarc/all_processed/overly-sarcastic-podcast__ospod-episode-52/ospod-episode-52_8.mp3
52_11,52,"Uh, Cleo drank from my water glass, so. Oh no! So I don't feel comfortable being like, yeah, let's down the hatch, so. But I'm good. I just needed to get that out of my system so I can talk properly. Let's go.",0,/Users/minjoolee/Downloads/MUStARD/PodSarc/all_processed/overly-sarcastic-podcast__ospod-episode-52/ospod-episode-52_11.mp3
52_12,52,"So, also, you know, we're gonna dress up in ridiculous costumes and, and walk around and have fun and, and ogle swords and I, I told, um, Noir to bully me into buying an ocarina, so that'll be a good time.",0,/Users/minjoolee/Downloads/MUStARD/PodSarc/all_processed/overly-sarcastic-podcast__ospod-episode-52/ospod-episode-52_12.mp3
52_15,52,"But these are black, these are black, so people probably won't notice. Yeah.",1,/Users/minjoolee/Downloads/MUStARD/PodSarc/all_processed/overly-sarcastic-podcast__ospod-episode-52/ospod-episode-52_15.mp3
52_18,52,that was quite,0,/Users/minjoolee/Downloads/MUStARD/PodSarc/all_processed/overly-sarcastic-podcast__ospod-episode-52/ospod-episode-52_18.mp3
52_26,52,"So that was a lot of fun. And I, I honestly, I'd sort of forgotten that the pages as I finished them would go up several days before the video did, because in my head I was like, the Deus Ex Machina video is going to go up.",0,/Users/minjoolee/Downloads/MUStARD/PodSarc/all_processed/overly-sarcastic-podcast__ospod-episode-52/ospod-episode-52_26.mp3
52_39,52,"You know, for, for as much as I will sass, that's George RR Martin's bread and butter, and he's really good at that. Uh, there's a reason why everyone agrees that the last two seasons of the show, when he stopped really having written the characters that far,",0,/Users/minjoolee/Downloads/MUStARD/PodSarc/all_processed/overly-sarcastic-podcast__ospod-episode-52/ospod-episode-52_39.mp3
52_41,52,"And then, uh, a lot of, like, dystopias and post-apocalyptic narratives are theme-driven storytelling, where, like, not a lot happens, and none of the characters are likable or relatable.",0,/Users/minjoolee/Downloads/MUStARD/PodSarc/all_processed/overly-sarcastic-podcast__ospod-episode-52/ospod-episode-52_41.mp3
52_44,52,"Oh, you know, uh, the, uh, the giant eagles don't actually count. They don't actually count as Deus Ex Machina, and it's like, well, okay, let's unpack this. If, if people think they do, why do they think that? Why do they feel that way, even if they aren't?",0,/Users/minjoolee/Downloads/MUStARD/PodSarc/all_processed/overly-sarcastic-podcast__ospod-episode-52/ospod-episode-52_44.mp3
52_52,52,"But if someone finds a 20 on the street, it's like, that's, that's unrealistic. It's like, how dare the story solve something that the character should have had to work for? I think there's an interesting comparison to be found in Dungeons and Dragons, because there are a lot of times when, you know, you're at the table and you're in some objectively kind of bullshitty situation.",0,/Users/minjoolee/Downloads/MUStARD/PodSarc/all_processed/overly-sarcastic-podcast__ospod-episode-52/ospod-episode-52_52.mp3
52_53,52,But you and the other players or the characters in the story manage to make it work because someone gets really lucky and rolls a nat 20.,0,/Users/minjoolee/Downloads/MUStARD/PodSarc/all_processed/overly-sarcastic-podcast__ospod-episode-52/ospod-episode-52_53.mp3
52_57,52,"author, when all the audience sees is whatever the author puts on the page, there's no understanding of what was happening behind, and then you can get things where it's like, oh, this bullshit, where it's like in D&D, it's like, that's, that's, the game is right there in those moments.",0,/Users/minjoolee/Downloads/MUStARD/PodSarc/all_processed/overly-sarcastic-podcast__ospod-episode-52/ospod-episode-52_57.mp3
52_64,52,"Yeah, and audience.",0,/Users/minjoolee/Downloads/MUStARD/PodSarc/all_processed/overly-sarcastic-podcast__ospod-episode-52/ospod-episode-52_64.mp3
52_65,52,"I can get him down with chip damage. No, none of that shit. Thank you.",1,/Users/minjoolee/Downloads/MUStARD/PodSarc/all_processed/overly-sarcastic-podcast__ospod-episode-52/ospod-episode-52_65.mp3
52_71,52,"Yeah, definitely. There are some tropes that get, that get icky on principle and this is, is not one of them.",0,/Users/minjoolee/Downloads/MUStARD/PodSarc/all_processed/overly-sarcastic-podcast__ospod-episode-52/ospod-episode-52_71.mp3
52_74,52,"And it's not just like, oh, I'm lazy, I'm gonna write that these characters get out of here and it's no big deal. It's like, you know.",1,/Users/minjoolee/Downloads/MUStARD/PodSarc/all_processed/overly-sarcastic-podcast__ospod-episode-52/ospod-episode-52_74.mp3
52_92,52,and more focused or zoomed way out and consolidated. So I originally made a four-part series on Venice that was bad.,0,/Users/minjoolee/Downloads/MUStARD/PodSarc/all_processed/overly-sarcastic-podcast__ospod-episode-52/ospod-episode-52_92.mp3
52_94,52,"Um, and then, you know, I, I get the fancy new visuals because some of the, uh, the early maps for those Rome videos are, are, are quite bad. Um, because I, I, everything was way too saturated. Go back, you'll, you'll, you'll see it. Um, but yeah, I, I'm just so satisfied seeing the way that,",0,/Users/minjoolee/Downloads/MUStARD/PodSarc/all_processed/overly-sarcastic-podcast__ospod-episode-52/ospod-episode-52_94.mp3
52_98,52,"Yeah. I think that your approach to this, uh, came through because when.",0,/Users/minjoolee/Downloads/MUStARD/PodSarc/all_processed/overly-sarcastic-podcast__ospod-episode-52/ospod-episode-52_98.mp3
52_99,52,"I've mentioned this, I think, but the, uh, the full Trojan War video was your idea. Yes.",0,/Users/minjoolee/Downloads/MUStARD/PodSarc/all_processed/overly-sarcastic-podcast__ospod-episode-52/ospod-episode-52_99.mp3
52_103,52,"It's like, Iliad book one, Patroclus dies, Hector dies, the end.",1,/Users/minjoolee/Downloads/MUStARD/PodSarc/all_processed/overly-sarcastic-podcast__ospod-episode-52/ospod-episode-52_103.mp3
52_104,52,"Nothing else is important in the grand scheme of things. I mean, one of the funniest things about the Iliad, and I don't want to completely derail this onto this other thing that I know a little bit more about, but it's got so much of like,",0,/Users/minjoolee/Downloads/MUStARD/PodSarc/all_processed/overly-sarcastic-podcast__ospod-episode-52/ospod-episode-52_104.mp3
52_113,52,"Yeah, there's a lot to be said for, like, you know, Roman, you know.",0,/Users/minjoolee/Downloads/MUStARD/PodSarc/all_processed/overly-sarcastic-podcast__ospod-episode-52/ospod-episode-52_113.mp3
52_129,52,"Uh, but yeah, so that's, uh, yes, so check out pitch meeting because they're really funny. I mean, I'm like the last person on earth to realize, so I'm sure you all know, but, um.",0,/Users/minjoolee/Downloads/MUStARD/PodSarc/all_processed/overly-sarcastic-podcast__ospod-episode-52/ospod-episode-52_129.mp3
52_130,52,I've been had and called out. So let's move on to the Q&A portion of the podcast.,1,/Users/minjoolee/Downloads/MUStARD/PodSarc/all_processed/overly-sarcastic-podcast__ospod-episode-52/ospod-episode-52_130.mp3
52_139,52,"Okay. Excellent. Um, so.",0,/Users/minjoolee/Downloads/MUStARD/PodSarc/all_processed/overly-sarcastic-podcast__ospod-episode-52/ospod-episode-52_139.mp3
52_140,52,"Yeah, exactly. Um, the thing with Rome is if you, I'm assuming two days each. If you're doing one day in Rome and one day in Florence, God help you. Um, just, just walk and see what you see. Uh, because there's no way, yeah. Um, let's assume you got two days in each. If you want to do the Vatican Museum, that is a day.",0,/Users/minjoolee/Downloads/MUStARD/PodSarc/all_processed/overly-sarcastic-podcast__ospod-episode-52/ospod-episode-52_140.mp3
52_141,52,That is fully a day. There is so much shit. It's 11 miles of corridors inside. A half a square mile parcel of land.,0,/Users/minjoolee/Downloads/MUStARD/PodSarc/all_processed/overly-sarcastic-podcast__ospod-episode-52/ospod-episode-52_141.mp3
52_143,52,"Go into the Colosseum if you want, but really go into the Roman Forum, because you can just walk around in the ruins. You get the ticket for the Roman Forum the same place you get the ticket for the Colosseum, and it's, it's great. You're also going to want to go to the Arapacus, which is kind of near the Vatican. It's, it's up in the campus marshes. It's kind of along the river. Um, that's pretty sweet. They opened up the Mausoleum of Augustus, but like, eh. Um, genuinely, just walk around, see what you see.",0,/Users/minjoolee/Downloads/MUStARD/PodSarc/all_processed/overly-sarcastic-podcast__ospod-episode-52/ospod-episode-52_143.mp3
52_153,52,"Every once in a while we gotta re-up it, just to give you the chance to like, much like doing the re-sumrise, to give you the opportunity to draw some more connections.",0,/Users/minjoolee/Downloads/MUStARD/PodSarc/all_processed/overly-sarcastic-podcast__ospod-episode-52/ospod-episode-52_153.mp3
52_154,52,"Exactly. Upgrade my, yeah. If you're in Rome, no, not for two days, nevermind.",0,/Users/minjoolee/Downloads/MUStARD/PodSarc/all_processed/overly-sarcastic-podcast__ospod-episode-52/ospod-episode-52_154.mp3
52_161,52,"But, uh, yeah, baking, I'm quite good at cooking. I am only starting to become.",0,/Users/minjoolee/Downloads/MUStARD/PodSarc/all_processed/overly-sarcastic-podcast__ospod-episode-52/ospod-episode-52_161.mp3
52_166,52,"But, uh, baking, I, I think I'm a little better at. I, I hate making a mess, so baking is also, like, kind of tough for me. Yeah. Because, like, there's flour everywhere. Yeah.",0,/Users/minjoolee/Downloads/MUStARD/PodSarc/all_processed/overly-sarcastic-podcast__ospod-episode-52/ospod-episode-52_166.mp3
52_167,52,There's stuff on the cookbook now. The hardest part of baking.,0,/Users/minjoolee/Downloads/MUStARD/PodSarc/all_processed/overly-sarcastic-podcast__ospod-episode-52/ospod-episode-52_167.mp3
52_169,52,"graphite on rough paper, I also hate. Uh, sorry, charcoal on rough paper, same problem. Flower on crusty bread makes me want to crawl out of my own skin.",0,/Users/minjoolee/Downloads/MUStARD/PodSarc/all_processed/overly-sarcastic-podcast__ospod-episode-52/ospod-episode-52_169.mp3
52_172,52,Ridiculous levels of finnickiness. Yes. That I don't want to plumb because it's like.,1,/Users/minjoolee/Downloads/MUStARD/PodSarc/all_processed/overly-sarcastic-podcast__ospod-episode-52/ospod-episode-52_172.mp3
52_173,52,"zero points, so.",1,/Users/minjoolee/Downloads/MUStARD/PodSarc/all_processed/overly-sarcastic-podcast__ospod-episode-52/ospod-episode-52_173.mp3
52_177,52,"I thought it was a burn on the fact that I actually can't make croissants as admitted earlier. Oh, okay.",0,/Users/minjoolee/Downloads/MUStARD/PodSarc/all_processed/overly-sarcastic-podcast__ospod-episode-52/ospod-episode-52_177.mp3
52_180,52,"Yeah, there we go.",0,/Users/minjoolee/Downloads/MUStARD/PodSarc/all_processed/overly-sarcastic-podcast__ospod-episode-52/ospod-episode-52_180.mp3
52_182,52,"Oh, the signature recipe thing. That was part of the question, right? Yes, yes, yes.",0,/Users/minjoolee/Downloads/MUStARD/PodSarc/all_processed/overly-sarcastic-podcast__ospod-episode-52/ospod-episode-52_182.mp3
52_189,52,"It's still workable, but, uh, it's best to let that cool off a little bit before we pour it over.",0,/Users/minjoolee/Downloads/MUStARD/PodSarc/all_processed/overly-sarcastic-podcast__ospod-episode-52/ospod-episode-52_189.mp3
52_192,52,"which is, it's a little different. The thing is chocolate is really, really weirdly complex. It's technically a wax, I think. Yeah. And it has like six different crystal arrangements, which is why tempering it is such a pain in the butt because it's like, you want arrangement number five, which means if you get it too hot, it goes into arrangement six instead. It's a mess. But, um,",0,/Users/minjoolee/Downloads/MUStARD/PodSarc/all_processed/overly-sarcastic-podcast__ospod-episode-52/ospod-episode-52_192.mp3
52_199,52,"Which is fine, except I, you know, I'm one person, so I have a lot of leftovers hanging about.",1,/Users/minjoolee/Downloads/MUStARD/PodSarc/all_processed/overly-sarcastic-podcast__ospod-episode-52/ospod-episode-52_199.mp3
52_210,52,"When we still had Patreon open for like, shibby commissions, uh, I, a couple times people were like, hey, can you draw this angel from Supernatural? And I'm like, heck yeah, let me look up what this guy looks like. It's just a fucking guy. He's just a guy. He doesn't look at all interesting.",0,/Users/minjoolee/Downloads/MUStARD/PodSarc/all_processed/overly-sarcastic-podcast__ospod-episode-52/ospod-episode-52_210.mp3
52_216,52,A being that represents something. You can incorporate that thing into their appearance in unusual ways rather than just like.,0,/Users/minjoolee/Downloads/MUStARD/PodSarc/all_processed/overly-sarcastic-podcast__ospod-episode-52/ospod-episode-52_216.mp3
52_218,52,"This isn't like a dunk. I haven't even watched Rings of Power, but I have seen like some stuff be like these ancient ethereal beings look just kind of like people in Abercrombie and Fitch, like leftovers. So, um.",0,/Users/minjoolee/Downloads/MUStARD/PodSarc/all_processed/overly-sarcastic-podcast__ospod-episode-52/ospod-episode-52_218.mp3
52_221,52,"And all the, like, supernatural results, and then I'll get to, like, okay, this is from an illustrated version of, like, the prose at, uh,",0,/Users/minjoolee/Downloads/MUStARD/PodSarc/all_processed/overly-sarcastic-podcast__ospod-episode-52/ospod-episode-52_221.mp3
52_224,52,"This is also something I learned when I was doing some research. I was trying to find a painting of two deities. And when I looked up Mars and Venus, I found lots of beautiful Renaissance and Baroque art. And when I looked up Aries and Aphrodite, I found fan art and",0,/Users/minjoolee/Downloads/MUStARD/PodSarc/all_processed/overly-sarcastic-podcast__ospod-episode-52/ospod-episode-52_224.mp3
52_227,52,"That's what I was thinking, too.",0,/Users/minjoolee/Downloads/MUStARD/PodSarc/all_processed/overly-sarcastic-podcast__ospod-episode-52/ospod-episode-52_227.mp3
52_231,52,"I made them elves, for God's sake. I basically made it so that the Aesir have, like, little human rounded ears, and then everybody else gets pointy elf ears. And that's me. That's not accurate to the 1800s. Why the fuck would that be? As far as I can tell, Tolkien is the one who originated the leaf-shaped ears concept. Uh, but I just liked it. Oh my God.",0,/Users/minjoolee/Downloads/MUStARD/PodSarc/all_processed/overly-sarcastic-podcast__ospod-episode-52/ospod-episode-52_231.mp3
52_232,52,"I saw a few people be like, he didn't specify what leaves you guys, which led to some horrifying fan.",0,/Users/minjoolee/Downloads/MUStARD/PodSarc/all_processed/overly-sarcastic-podcast__ospod-episode-52/ospod-episode-52_232.mp3
52_234,52,"I mean,",0,/Users/minjoolee/Downloads/MUStARD/PodSarc/all_processed/overly-sarcastic-podcast__ospod-episode-52/ospod-episode-52_234.mp3
52_235,52,"I mean, you're, you're right, but also.",0,/Users/minjoolee/Downloads/MUStARD/PodSarc/all_processed/overly-sarcastic-podcast__ospod-episode-52/ospod-episode-52_235.mp3
52_242,52,"It's like, did he try to fuck me? It's probably Apollo. There's a bunch of options.",0,/Users/minjoolee/Downloads/MUStARD/PodSarc/all_processed/overly-sarcastic-podcast__ospod-episode-52/ospod-episode-52_242.mp3
52_249,52,"Um, I mean, I've said for years that the only requirement I have for music that I like is good beat, strong electric guitar. Um, and even that's a little bit negotiable. Strong guitar, really. Um, so.",0,/Users/minjoolee/Downloads/MUStARD/PodSarc/all_processed/overly-sarcastic-podcast__ospod-episode-52/ospod-episode-52_249.mp3
52_251,52,"Everyone who thinks that, anyone who thinks that orchestral rock isn't the coolest thing ever is lying to themselves and to you.",0,/Users/minjoolee/Downloads/MUStARD/PodSarc/all_processed/overly-sarcastic-podcast__ospod-episode-52/ospod-episode-52_251.mp3
52_259,52,that's okay.,0,/Users/minjoolee/Downloads/MUStARD/PodSarc/all_processed/overly-sarcastic-podcast__ospod-episode-52/ospod-episode-52_259.mp3
52_260,52,"I listen to more Crush 40 now, but that's Sonic's fault.",0,/Users/minjoolee/Downloads/MUStARD/PodSarc/all_processed/overly-sarcastic-podcast__ospod-episode-52/ospod-episode-52_260.mp3
52_263,52,"Yeah, as a, as a teenager, I was very much into like the, the Lincoln Park zone and, and adjacent bands of, of similar, uh, or slightly lesser, um, like,",0,/Users/minjoolee/Downloads/MUStARD/PodSarc/all_processed/overly-sarcastic-podcast__ospod-episode-52/ospod-episode-52_263.mp3
52_264,52,"Emo, I'm 14 and this is deepness. Um, yeah.",1,/Users/minjoolee/Downloads/MUStARD/PodSarc/all_processed/overly-sarcastic-podcast__ospod-episode-52/ospod-episode-52_264.mp3
52_265,52,That came up a lot recently in my life. Yeah.,1,/Users/minjoolee/Downloads/MUStARD/PodSarc/all_processed/overly-sarcastic-podcast__ospod-episode-52/ospod-episode-52_265.mp3
52_266,52,"You know what? Let me just pull up my iTunes right this minute. Yeah, go ahead. Just see what we got.",0,/Users/minjoolee/Downloads/MUStARD/PodSarc/all_processed/overly-sarcastic-podcast__ospod-episode-52/ospod-episode-52_266.mp3
52_267,52,"Yeah, go ahead. While you're doing that, of course, recently, the, the, the meme has been that I've, I've pivoted quite strongly to orchestral video game OSTs. Yeah. Because I just, I, I, I love listening to them. It's the only kind of music I can listen to while I work because if there are words in, I, I can't, I can't focus. It's what's my focus and I'm terrible. Um, but with just like sounds and no, no, no talking or singing, mm, we're good. So.",0,/Users/minjoolee/Downloads/MUStARD/PodSarc/all_processed/overly-sarcastic-podcast__ospod-episode-52/ospod-episode-52_267.mp3
52_270,52,Give it back to me. Yeah. Yeah.,0,/Users/minjoolee/Downloads/MUStARD/PodSarc/all_processed/overly-sarcastic-podcast__ospod-episode-52/ospod-episode-52_270.mp3
52_271,52,"Um, and the, and inexplicably alongside everything else, take a hint from the Victorious show. Oh my god.",0,/Users/minjoolee/Downloads/MUStARD/PodSarc/all_processed/overly-sarcastic-podcast__ospod-episode-52/ospod-episode-52_271.mp3
52_274,52,"I think it was just like a woman version of Chicago or something. But, uh, there's a song in which she says, I think I'll call this town Chicago. And that's, I didn't watch the episode, but I saw that clip and it's lived in my head ever since.",0,/Users/minjoolee/Downloads/MUStARD/PodSarc/all_processed/overly-sarcastic-podcast__ospod-episode-52/ospod-episode-52_274.mp3
52_275,52,"That's very funny. I've never watched Victorious. Uh, but I have watched all, like, 13 hours of the Quinton Reviews. Like, what, 17 hours now? Uh, Quinton Reviews, Victorious, and affiliated stuff. Um.",0,/Users/minjoolee/Downloads/MUStARD/PodSarc/all_processed/overly-sarcastic-podcast__ospod-episode-52/ospod-episode-52_275.mp3
52_276,52,"Anyway, I didn't know what Victorious was, I just knew the song was a banger, so I acquired it.",0,/Users/minjoolee/Downloads/MUStARD/PodSarc/all_processed/overly-sarcastic-podcast__ospod-episode-52/ospod-episode-52_276.mp3
52_280,52,"Yeah, yeah, I keep the tea flowing. I order a big bowl of ramen.",0,/Users/minjoolee/Downloads/MUStARD/PodSarc/all_processed/overly-sarcastic-podcast__ospod-episode-52/ospod-episode-52_280.mp3
52_281,52,"Uh, I curl up on the couch with the all MST3K all the time channel.",0,/Users/minjoolee/Downloads/MUStARD/PodSarc/all_processed/overly-sarcastic-podcast__ospod-episode-52/ospod-episode-52_281.mp3
52_282,52,"Uh, and I just kind of wait until my body stops betraying me.",1,/Users/minjoolee/Downloads/MUStARD/PodSarc/all_processed/overly-sarcastic-podcast__ospod-episode-52/ospod-episode-52_282.mp3
52_283,52,"Yeah, I kind of similarly, uh, I go for a big bowl of soup, cauliflower soup if I have it, bringing it, bringing it back around. Um, tea, this is probably when I could, the second, second most.",0,/Users/minjoolee/Downloads/MUStARD/PodSarc/all_processed/overly-sarcastic-podcast__ospod-episode-52/ospod-episode-52_283.mp3
52_288,52,"Yeah, for me, I like to play video games that I've played before. Cause even in general, I, I don't, I, I don't like to, to, to do new things. I mean, sometimes I do, but it's like, if I can play or watch something that I know I like, why wouldn't I?",0,/Users/minjoolee/Downloads/MUStARD/PodSarc/all_processed/overly-sarcastic-podcast__ospod-episode-52/ospod-episode-52_288.mp3
52_291,52,This is my own Sisyphusian torment. I keep trying to get people to watch Leverage now. I've given up on reboot.,1,/Users/minjoolee/Downloads/MUStARD/PodSarc/all_processed/overly-sarcastic-podcast__ospod-episode-52/ospod-episode-52_291.mp3
52_293,52,"Like, five different people when we were at ChiCon were like, Hey, I started watching Reboot on your recommendation. I'm like, Oh my God, you do exist. I know it.",0,/Users/minjoolee/Downloads/MUStARD/PodSarc/all_processed/overly-sarcastic-podcast__ospod-episode-52/ospod-episode-52_293.mp3
52_297,52,"When, when I got COVID in the spring, I was in that, like, first wave of like, wait a minute. Rebound cases are a thing. Oh no. So the first time I'm like,",0,/Users/minjoolee/Downloads/MUStARD/PodSarc/all_processed/overly-sarcastic-podcast__ospod-episode-52/ospod-episode-52_297.mp3
52_300,52,"Cause that's how, like, I spite being sick by being productive anyway. Not because I feel like I need to tie my worth to productivity, but it's like,",0,/Users/minjoolee/Downloads/MUStARD/PodSarc/all_processed/overly-sarcastic-podcast__ospod-episode-52/ospod-episode-52_300.mp3
52_301,52,This makes me feel powerful that I have beaten you.,0,/Users/minjoolee/Downloads/MUStARD/PodSarc/all_processed/overly-sarcastic-podcast__ospod-episode-52/ospod-episode-52_301.mp3
52_302,52,"I've bested you in single combat and now you must relent. Battle in the center of the mind. Yes, yes, yes, yes, yes, yes.",1,/Users/minjoolee/Downloads/MUStARD/PodSarc/all_processed/overly-sarcastic-podcast__ospod-episode-52/ospod-episode-52_302.mp3
52_308,52,"The Last of Us Part 1 is one of my favorite games, probably ever. I will never play The Last of Us Part 2 because I have a vague understanding of what happens.",0,/Users/minjoolee/Downloads/MUStARD/PodSarc/all_processed/overly-sarcastic-podcast__ospod-episode-52/ospod-episode-52_308.mp3
52_314,52,"And I thought, okay, yeah, yeah, I don't mind that. But most zombie apocalypse stories don't do that. What they do is they whittle humanity down to like, we're just gonna stay on this one base, but if anyone ever leaves any of these gates open, we're all fucked. And it's like, okay.",1,/Users/minjoolee/Downloads/MUStARD/PodSarc/all_processed/overly-sarcastic-podcast__ospod-episode-52/ospod-episode-52_314.mp3
52_318,52,"zombie apocalypses are so annoying. I actually, I, I just used this as an example in a trope talk. I, um, actually finished recently. How crazy is that? Uh, but you won't see it for another couple of months, uh, of essentially when stories pay lip service to the concept of hope and then smack you in the face for believing in it. The what if episode about what if zombies, uh,",0,/Users/minjoolee/Downloads/MUStARD/PodSarc/all_processed/overly-sarcastic-podcast__ospod-episode-52/ospod-episode-52_318.mp3
52_321,52,"Uh, yeah, the good thing is, zombie apocalypses aren't real and can't happen that way, because, God.",1,/Users/minjoolee/Downloads/MUStARD/PodSarc/all_processed/overly-sarcastic-podcast__ospod-episode-52/ospod-episode-52_321.mp3
52_324,52,"You're done. As soon as that happens, it's game over. It's game. Any city's gonna collapse.",0,/Users/minjoolee/Downloads/MUStARD/PodSarc/all_processed/overly-sarcastic-podcast__ospod-episode-52/ospod-episode-52_324.mp3
52_325,52,"It's game, any city is gonna collapse.",0,/Users/minjoolee/Downloads/MUStARD/PodSarc/all_processed/overly-sarcastic-podcast__ospod-episode-52/ospod-episode-52_325.mp3
52_330,52,"Yeah, sorry to the, to the, the lovely person who asked this question. It's just that we...",0,/Users/minjoolee/Downloads/MUStARD/PodSarc/all_processed/overly-sarcastic-podcast__ospod-episode-52/ospod-episode-52_330.mp3
52_334,52,"Because it has to. The only zombie apocalypse story that I genuinely liked was one that had an actual, like, win condition. Uh, cause most, like, classic zombie apocalypses don't do that. Once you, it's like, oh, you're a zombie, so you're dead and then your body's falling apart. Like, even if you cure that, the person's dead.",0,/Users/minjoolee/Downloads/MUStARD/PodSarc/all_processed/overly-sarcastic-podcast__ospod-episode-52/ospod-episode-52_334.mp3
52_336,52,"And so they got to play all of the horrifying tropes straight. They got to do every single, like, person concealing a bite in the survivor hideout, who then converts the entire, like, cabal of survivors.",0,/Users/minjoolee/Downloads/MUStARD/PodSarc/all_processed/overly-sarcastic-podcast__ospod-episode-52/ospod-episode-52_336.mp3
52_340,52, Yeah. Mm-hm.,0,/Users/minjoolee/Downloads/MUStARD/PodSarc/all_processed/overly-sarcastic-podcast__ospod-episode-52/ospod-episode-52_340.mp3
52_342,52,"But, they're still in there, so you can't kill them, makes combat scenarios more interesting to write. Yeah. And you actually have a win condition, so it's not just will the protagonist get eaten, it's can they stop and undo this. So, uh, watch She-Ra Season 5. Yes. And the other four seasons too. And the other four seasons too.",0,/Users/minjoolee/Downloads/MUStARD/PodSarc/all_processed/overly-sarcastic-podcast__ospod-episode-52/ospod-episode-52_342.mp3
52_343,52,"Uh, and, uh, don't, uh, zombies are dumb. They're stupid. And read the Sonic IDW comics.",1,/Users/minjoolee/Downloads/MUStARD/PodSarc/all_processed/overly-sarcastic-podcast__ospod-episode-52/ospod-episode-52_343.mp3
52_347,52,"The focus is not placed on the zombie apocalypse scenario so much. Um, just to, just to give zombies a smidge of credit here, because I don't want to disregard them entirely, but I, I do, like, I get that you guys are saying the hopelessness of the standard scenario is extremely frustrating. I don't personally love it either.",0,/Users/minjoolee/Downloads/MUStARD/PodSarc/all_processed/overly-sarcastic-podcast__ospod-episode-52/ospod-episode-52_347.mp3
52_351,52,"guesswork. I don't necessarily know if, you know, you need to hear everything about it, but that's, you know, entirely fair.",0,/Users/minjoolee/Downloads/MUStARD/PodSarc/all_processed/overly-sarcastic-podcast__ospod-episode-52/ospod-episode-52_351.mp3
52_359,52,"Which is not, that's not, like, un-overcomeable. It's just.",0,/Users/minjoolee/Downloads/MUStARD/PodSarc/all_processed/overly-sarcastic-podcast__ospod-episode-52/ospod-episode-52_359.mp3
52_370,52,It's lazy. It feels lazy and it's just trying to screw over characters because there's really no expectation.,0,/Users/minjoolee/Downloads/MUStARD/PodSarc/all_processed/overly-sarcastic-podcast__ospod-episode-52/ospod-episode-52_370.mp3
52_371,52,"In the long term, that any of those guys are gonna survive. Like, that's not how zombie apocalypses work. That's not.",0,/Users/minjoolee/Downloads/MUStARD/PodSarc/all_processed/overly-sarcastic-podcast__ospod-episode-52/ospod-episode-52_371.mp3
52_376,52,"Yeah, and on that, uh, happy ending. Red, are you ready to take us out with this?",0,/Users/minjoolee/Downloads/MUStARD/PodSarc/all_processed/overly-sarcastic-podcast__ospod-episode-52/ospod-episode-52_376.mp3
52_379,52,"I know, but then I'd have to watch a bunch of them. No, I'm joking, I'm joking. Thank you all so much for listening. Uh, we'll be back in two weeks with another episode with the- Told It's Done! Yeah, with a guest. Uh, so that'll be cool.",0,/Users/minjoolee/Downloads/MUStARD/PodSarc/all_processed/overly-sarcastic-podcast__ospod-episode-52/ospod-episode-52_379.mp3
52_382,52,"Yeah, we had a couple detailed diatribes. We had the, uh, the one marvelous scene. Uh, we had the two million. One musical scene. And then the two million.",0,/Users/minjoolee/Downloads/MUStARD/PodSarc/all_processed/overly-sarcastic-podcast__ospod-episode-52/ospod-episode-52_382.mp3
52_383,52,"And then the two million video. But yes, we're basically back on track for, for more regularly scheduled content.",0,/Users/minjoolee/Downloads/MUStARD/PodSarc/all_processed/overly-sarcastic-podcast__ospod-episode-52/ospod-episode-52_383.mp3
53_0,53,"This is a long con, but I would basically...",0,/Users/minjoolee/Downloads/MUStARD/PodSarc/all_processed/overly-sarcastic-podcast__ospod-episode-53/ospod-episode-53_0.mp3
53_2,53,"years, and then I'd like to go away for like, like a couple months.",0,/Users/minjoolee/Downloads/MUStARD/PodSarc/all_processed/overly-sarcastic-podcast__ospod-episode-53/ospod-episode-53_2.mp3
53_7,53,"Yeah, yeah.",0,/Users/minjoolee/Downloads/MUStARD/PodSarc/all_processed/overly-sarcastic-podcast__ospod-episode-53/ospod-episode-53_7.mp3
53_11,53,"Yeah, I, I stumbled onto your channel, um, however many months back with your video on if you are a time traveler and happen to be going to the Coliseum, how do you get the good seats? And I saw that video. I'm like, I'm in, I'm in, show me everything. That could be more your shit if it tried. Yeah, exactly. So I'm a huge fan of your work. I love everything you do and I'm so excited to have you on the show today. I am ever so slightly worried. It's like sending in a really important assignment. It's like, Oh God, I hope they don't hate it.",0,/Users/minjoolee/Downloads/MUStARD/PodSarc/all_processed/overly-sarcastic-podcast__ospod-episode-53/ospod-episode-53_11.mp3
53_12,53,"But, uh, no, this is, uh, this is very fun. Oh, thanks so much.",0,/Users/minjoolee/Downloads/MUStARD/PodSarc/all_processed/overly-sarcastic-podcast__ospod-episode-53/ospod-episode-53_12.mp3
53_18,53,"I always feel like in the study of history, part of what makes it easy to sort of like have your eyes glaze over, and by you, I mean me, uh, is when it takes like a depersonalized top-down approach of like, here's 3000 years of history and here's the basic gist and like a couple important names that popped up.",0,/Users/minjoolee/Downloads/MUStARD/PodSarc/all_processed/overly-sarcastic-podcast__ospod-episode-53/ospod-episode-53_18.mp3
53_20,53,"Rather than the sum total of all of human experience, which we are living right now.",0,/Users/minjoolee/Downloads/MUStARD/PodSarc/all_processed/overly-sarcastic-podcast__ospod-episode-53/ospod-episode-53_20.mp3
53_23,53,"Yeah, and if you break your bones getting into a scuffle in said bat neighborhood at 9pm, what kind of medical care are you gonna be getting? Yeah!",1,/Users/minjoolee/Downloads/MUStARD/PodSarc/all_processed/overly-sarcastic-podcast__ospod-episode-53/ospod-episode-53_23.mp3
53_24,53,"Hey, here's why you'll die from that medical care. Yeah. And, uh, exactly. Like the whole idea that this will be on the test is the attitude you approach history from, uh, just ruins so many people. Um, you know, it ruins history in the minds of so many people. And so if I can dispel some of that, then I'm doing the right thing on YouTube.",0,/Users/minjoolee/Downloads/MUStARD/PodSarc/all_processed/overly-sarcastic-podcast__ospod-episode-53/ospod-episode-53_24.mp3
53_27,53,"Yeah, but, um, well, fun stuff. Reasons I, I love doing this job so much. But, uh, Redd, uh, jumping onto the other side of the world, uh, you had a video most recently on the myth of Tokoyo and the sea monster. This is the kind of myth that I feel like a lot of other",0,/Users/minjoolee/Downloads/MUStARD/PodSarc/all_processed/overly-sarcastic-podcast__ospod-episode-53/ospod-episode-53_27.mp3
60_144,60,"It's cool, check it out. Uh, The Unexpectables, D&D actual play podcast. Ah, no, but I've heard about it. Oh, no, this is, hm.",0,/Users/minjoolee/Downloads/MUStARD/PodSarc/all_processed/overly-sarcastic-podcast__ospod-episode-60/ospod-episode-60_144.mp3
73_251,73,"There was like a little bit of like a podcasting bubble in like 2020 or so where everyone's like, well, we're all stuck around, so let's go make some podcasts. Uh, and there's a big group. It's never been easier to get decent microphones, so.",0,/Users/minjoolee/Downloads/MUStARD/PodSarc/all_processed/overly-sarcastic-podcast__ospod-episode-73/ospod-episode-73_251.mp3
63_174,63,"Yeah, yeah.",0,/Users/minjoolee/Downloads/MUStARD/PodSarc/all_processed/overly-sarcastic-podcast__ospod-episode-63/ospod-episode-63_174.mp3
72_45,72,"pretty far in like a 48 hour run without stopping to like sleep or anything, but.",0,/Users/minjoolee/Downloads/MUStARD/PodSarc/all_processed/overly-sarcastic-podcast__ospod-episode-72/ospod-episode-72_45.mp3
57_228,57,Right. I didn't know that about you.,0,/Users/minjoolee/Downloads/MUStARD/PodSarc/all_processed/overly-sarcastic-podcast__ospod-episode-57/ospod-episode-57_228.mp3
62_94,62,"Evening. Oh, God. I had so much fun. Uh, cause.",0,/Users/minjoolee/Downloads/MUStARD/PodSarc/all_processed/overly-sarcastic-podcast__ospod-episode-62/ospod-episode-62_94.mp3
60_291,60,"the volume, yeah.",0,/Users/minjoolee/Downloads/MUStARD/PodSarc/all_processed/overly-sarcastic-podcast__ospod-episode-60/ospod-episode-60_291.mp3
71_65,71,"Germany has more castles than Wales because it has like, like, four thousand, I want to say, or like two thousand something, which is true. It has more, but also Germany's huge compared to Wales. So by density, Wales is by far the most.",0,/Users/minjoolee/Downloads/MUStARD/PodSarc/all_processed/overly-sarcastic-podcast__ospod-episode-71/ospod-episode-71_65.mp3
63_228,63,"Uh, my old videos would work really well if, if combined into a larger story, the impetus for the, the resummarized series. Um, so I took my, after I finished my whole like 11 part Rome thing, haha, there will be more. Uh, I was like, I can put these together. I can create a narrative. So like my, my Punic Wars, my Roman Republic, my Julius Caesar video, they all fit together. That's one narrative. My Augustus trio that fits together. That's one narrative. My, my Roman Empire that, that fits together. That's, that's one narrative.",0,/Users/minjoolee/Downloads/MUStARD/PodSarc/all_processed/overly-sarcastic-podcast__ospod-episode-63/ospod-episode-63_228.mp3
60_93,60,"Well, guys, imagine if you like fishing, it's pretty neat. Um, there are a lot of live fish in it, which is nuts, but. Cool.",0,/Users/minjoolee/Downloads/MUStARD/PodSarc/all_processed/overly-sarcastic-podcast__ospod-episode-60/ospod-episode-60_93.mp3
58_54,58,"Yeah. And that was basically just like, just let us know exactly what Pantone color you want the enamel to be and we'll just take it from there. It's like, okay, great. Uh, so just kind of learning about the actual physicality of how this works was a real treat for me. It was, it was like a, how it's made that we were in.",0,/Users/minjoolee/Downloads/MUStARD/PodSarc/all_processed/overly-sarcastic-podcast__ospod-episode-58/ospod-episode-58_54.mp3
53_84,53,"Which is good. Let's go, Garrett. Let's go! A limbering up over here. Yeah, so. I, I had. Oh, sorry. That, uh, that infinite carpet of research summarizes my grad school experience pretty aptly. Ah, yes. So, I do sympathize.",0,/Users/minjoolee/Downloads/MUStARD/PodSarc/all_processed/overly-sarcastic-podcast__ospod-episode-53/ospod-episode-53_84.mp3
63_357,63,"But the victory of getting you to watch Arcane, actually, in one sitting, is, is, it's counterbalancing everything for me.",0,/Users/minjoolee/Downloads/MUStARD/PodSarc/all_processed/overly-sarcastic-podcast__ospod-episode-63/ospod-episode-63_357.mp3
70_13,70,"And if you are interested in that, it only gets better.",0,/Users/minjoolee/Downloads/MUStARD/PodSarc/all_processed/overly-sarcastic-podcast__ospod-episode-70/ospod-episode-70_13.mp3
73_286,73,"I don't know. I, I don't think I really get the, oh, that's so much more fucked up than I realized. Cause I'm the kind of person who like rotates things around in my head too much. And I'm like, oh, that's fucked up. That's, that's, I like it. This is cool.",0,/Users/minjoolee/Downloads/MUStARD/PodSarc/all_processed/overly-sarcastic-podcast__ospod-episode-73/ospod-episode-73_286.mp3
60_83,60,"you know, design plate number 196, Adolf Loos, Nice, France. And I'm like, okay, that's a weird name for a French guy, but whatever. And I didn't think to check that. And the comments are like, Adolf Loos was super Austrian. I'm like, what? How did I miss that? So I found like, oh, the design was submitted for like the few years that he was living in Nice. And I'm like, damn it. So that was my one goo for the video, but, um.",0,/Users/minjoolee/Downloads/MUStARD/PodSarc/all_processed/overly-sarcastic-podcast__ospod-episode-60/ospod-episode-60_83.mp3
62_346,62,"I've had that happen in High Winds before, so. There's an area of effect.",0,/Users/minjoolee/Downloads/MUStARD/PodSarc/all_processed/overly-sarcastic-podcast__ospod-episode-62/ospod-episode-62_346.mp3
62_317,62,"Yeah, cool.",0,/Users/minjoolee/Downloads/MUStARD/PodSarc/all_processed/overly-sarcastic-podcast__ospod-episode-62/ospod-episode-62_317.mp3
71_301,71,"I guess it'd just be perched on my shoulder instead of, like, in my hat, Ratatouille style.",0,/Users/minjoolee/Downloads/MUStARD/PodSarc/all_processed/overly-sarcastic-podcast__ospod-episode-71/ospod-episode-71_301.mp3
77_365,77,And this has been an Overly Sarcastic Podcast.,0,/Users/minjoolee/Downloads/MUStARD/PodSarc/all_processed/overly-sarcastic-podcast__ospod-episode-77/ospod-episode-77_365.mp3
64_301,64,"10 characters in every scene. Yeah. You just have to double cast people. Uh, the Scottish play was a little bit easier for that, but, um.",0,/Users/minjoolee/Downloads/MUStARD/PodSarc/all_processed/overly-sarcastic-podcast__ospod-episode-64/ospod-episode-64_301.mp3
70_79,70,"I, I can work with this.",0,/Users/minjoolee/Downloads/MUStARD/PodSarc/all_processed/overly-sarcastic-podcast__ospod-episode-70/ospod-episode-70_79.mp3
69_265,69,Right.,0,/Users/minjoolee/Downloads/MUStARD/PodSarc/all_processed/overly-sarcastic-podcast__ospod-episode-69/ospod-episode-69_265.mp3
72_42,72,Yeah. Yeah. Yeah.,0,/Users/minjoolee/Downloads/MUStARD/PodSarc/all_processed/overly-sarcastic-podcast__ospod-episode-72/ospod-episode-72_42.mp3
55_270,55,"Um, it was like a white mesh, so I could see out through it from the dark inside the suit, but, uh, people couldn't see in. Very cool. It was a marvel of design, really.",0,/Users/minjoolee/Downloads/MUStARD/PodSarc/all_processed/overly-sarcastic-podcast__ospod-episode-55/ospod-episode-55_270.mp3
66_334,66,"It's, it's, it's the fucking, it's over the garden wall. It's just that, aw, beans. Where is that frog of mine? My fiance?",0,/Users/minjoolee/Downloads/MUStARD/PodSarc/all_processed/overly-sarcastic-podcast__ospod-episode-66/ospod-episode-66_334.mp3
63_237,63,"So now there's a, a super great time to introduce new people to the channel through that.",0,/Users/minjoolee/Downloads/MUStARD/PodSarc/all_processed/overly-sarcastic-podcast__ospod-episode-63/ospod-episode-63_237.mp3
60_129,60,"Yeah, so we're just pushing ahead the, the, uh, bi-weekly pod schedule, just a little bit, so there's a tri-weekly gap.",0,/Users/minjoolee/Downloads/MUStARD/PodSarc/all_processed/overly-sarcastic-podcast__ospod-episode-60/ospod-episode-60_129.mp3
68_304,68,"It's some kind of like, time's going weird and basically a bird gets like, de-evolved into being like a fucking T-Rex and there's suddenly a T-Rex around. Uh, and that scared the shit out of me. Uh, so I don't even remember any details about it. I am positive it doesn't hold up now. There's no way the effects were good. Um.",0,/Users/minjoolee/Downloads/MUStARD/PodSarc/all_processed/overly-sarcastic-podcast__ospod-episode-68/ospod-episode-68_304.mp3
54_373,54,Yeah. Oh.,0,/Users/minjoolee/Downloads/MUStARD/PodSarc/all_processed/overly-sarcastic-podcast__ospod-episode-54/ospod-episode-54_373.mp3
55_135,55,"52 videos a year on, you know, the mainline stuff.",0,/Users/minjoolee/Downloads/MUStARD/PodSarc/all_processed/overly-sarcastic-podcast__ospod-episode-55/ospod-episode-55_135.mp3
76_180,76,So many beautiful frames and then I have to go and.,0,/Users/minjoolee/Downloads/MUStARD/PodSarc/all_processed/overly-sarcastic-podcast__ospod-episode-76/ospod-episode-76_180.mp3
70_97,70,"Put up by the state, paid for meals, like, that's.",0,/Users/minjoolee/Downloads/MUStARD/PodSarc/all_processed/overly-sarcastic-podcast__ospod-episode-70/ospod-episode-70_97.mp3
64_75,64,"Yes, the, the tale of Shibetaro, which, uh, I had, I had a fun time with. I wasn't.",0,/Users/minjoolee/Downloads/MUStARD/PodSarc/all_processed/overly-sarcastic-podcast__ospod-episode-64/ospod-episode-64_75.mp3
61_337,61,"Incredible. Well, let's. God. We've gotta. Oh, and, uh, pyro, pyro, pyroqueen.",0,/Users/minjoolee/Downloads/MUStARD/PodSarc/all_processed/overly-sarcastic-podcast__ospod-episode-61/ospod-episode-61_337.mp3
72_174,72,"Yeah. If you want to do that, I feel like I could, I can kind of pull some of my answers together and I can be like an oracle type character specifically for Superman. So it's like, I'm basically player in Carmen Sandiego, like in my little like reporter cave, doing all kinds of like digging while like Clark's out there doing whatever the hell Superman stuff he's doing this particular week. I feel like, and then we could be buds. So we could like have like our little journalism crew where we hang out.",0,/Users/minjoolee/Downloads/MUStARD/PodSarc/all_processed/overly-sarcastic-podcast__ospod-episode-72/ospod-episode-72_174.mp3
57_146,57,"In that case, the flip side of that is that it was absolutely the right call, and me doing my own thing works way better.",0,/Users/minjoolee/Downloads/MUStARD/PodSarc/all_processed/overly-sarcastic-podcast__ospod-episode-57/ospod-episode-57_146.mp3
74_135,74,"And then they just don't handle them very well, and it's frustrating. It's not like because we made this detailed diatribe, you're not allowed to like your favorite movie anymore. The detailed diatribes are a pulling up of threads and a sussing out of vibes, uh, in, in the, like, the broad scope of, like, what we're, what we're doing with these, so.",0,/Users/minjoolee/Downloads/MUStARD/PodSarc/all_processed/overly-sarcastic-podcast__ospod-episode-74/ospod-episode-74_135.mp3
71_60,71,"sorry, right, continue.",0,/Users/minjoolee/Downloads/MUStARD/PodSarc/all_processed/overly-sarcastic-podcast__ospod-episode-71/ospod-episode-71_60.mp3
59_255,59,"Multiple people I know have commented on how much dessert I order. And this is always because I'm on vacation when I'm hanging out with them and therefore eating more dessert than average, but they always feel the need to be like, Oh man, so much dessert. Yeah. Sorry. I enjoy sweet things, AKA the taste of good anyway. Uh, so I have a lot of desserts that I love. Uh, the, the most like over the top one is definitely like a really good, like chocolate fudge sundae is like, that's if I have like nothing else in my body, then it's like, yes, that's, that's going to be it. Um,",0,/Users/minjoolee/Downloads/MUStARD/PodSarc/all_processed/overly-sarcastic-podcast__ospod-episode-59/ospod-episode-59_255.mp3
58_235,58,"Well, I think it's too off the rails. Devastating. This question comes from Eam.",0,/Users/minjoolee/Downloads/MUStARD/PodSarc/all_processed/overly-sarcastic-podcast__ospod-episode-58/ospod-episode-58_235.mp3
53_330,53,"I, I love that that has been so consistent. People just are really want to make sure that this wall has a permanent marker of them. And I think that that's so cool. Uh, but the tradition that I have never. Kids doodling on their home.",0,/Users/minjoolee/Downloads/MUStARD/PodSarc/all_processed/overly-sarcastic-podcast__ospod-episode-53/ospod-episode-53_330.mp3
62_289,62,"When you kind of get a feel for that, you can be a little bit creative with it. So everyone's not wearing the exact same outfit and everybody's not wearing something that you lifted straight from, like one of those old color in fashion plate, medieval.",0,/Users/minjoolee/Downloads/MUStARD/PodSarc/all_processed/overly-sarcastic-podcast__ospod-episode-62/ospod-episode-62_289.mp3
58_300,58,"Can't be, can't be too dour and, and, uh, grim, despite my company name.",0,/Users/minjoolee/Downloads/MUStARD/PodSarc/all_processed/overly-sarcastic-podcast__ospod-episode-58/ospod-episode-58_300.mp3
63_146,63,"Yes, the, uh, season three finale of Rolling with Difficulty is coming out this Friday? This Friday. Yeah, so.",0,/Users/minjoolee/Downloads/MUStARD/PodSarc/all_processed/overly-sarcastic-podcast__ospod-episode-63/ospod-episode-63_146.mp3
73_0,73,"And Trent just continually sets that theme. It'll just be like, if you're kind of acclimated to it, it's like, this is fine. And then if you like switch off your brain a second and like reset, you're like, this is the most horrifying concept I've ever heard. And we're just dealing with this. This is just the kind of shit they can run into in, in, in space. Um.",0,/Users/minjoolee/Downloads/MUStARD/PodSarc/all_processed/overly-sarcastic-podcast__ospod-episode-73/ospod-episode-73_0.mp3
57_48,57,"hold on, yeah, maximum spice for flavors. So that was a lot of fun. Uh, and honestly, like the short ones are always good because I, you know, they're pretty quick to illustrate so I can kind of go ham on it a little bit. Although this one, there wasn't really much to make too complicated.",0,/Users/minjoolee/Downloads/MUStARD/PodSarc/all_processed/overly-sarcastic-podcast__ospod-episode-57/ospod-episode-57_48.mp3
55_361,55,And we could hang out with Dr. Van Helsing whenever he's not on screen. She's like.,0,/Users/minjoolee/Downloads/MUStARD/PodSarc/all_processed/overly-sarcastic-podcast__ospod-episode-55/ospod-episode-55_361.mp3
73_127,73,"Yeah, yeah, yeah.",0,/Users/minjoolee/Downloads/MUStARD/PodSarc/all_processed/overly-sarcastic-podcast__ospod-episode-73/ospod-episode-73_127.mp3
53_202,53,"And that was another thing that, of course, some of these are smashed deliberately. In Egypt, in particular, there's this idea that the spirit inside a statue breathes through the nose. And if you smash the nose, it kills the statue. Oh, wow.",0,/Users/minjoolee/Downloads/MUStARD/PodSarc/all_processed/overly-sarcastic-podcast__ospod-episode-53/ospod-episode-53_202.mp3
61_136,61,"Yeah. And if you treat it like a template, you're going to get stories that are very paid by the numbers. They're not always bad, but they're always very, have been done before. So.",0,/Users/minjoolee/Downloads/MUStARD/PodSarc/all_processed/overly-sarcastic-podcast__ospod-episode-61/ospod-episode-61_136.mp3
66_291,66,"And I was looking into this, not because I actually wanted to do it.",0,/Users/minjoolee/Downloads/MUStARD/PodSarc/all_processed/overly-sarcastic-podcast__ospod-episode-66/ospod-episode-66_291.mp3
60_225,60,"You know, the voices of the people who want to tell those stories and have the right to rather than try and sift through the nightmare research rabbit holes of like, can I find a source for this story that wasn't written by some white guy who didn't cite his fucking sources and won't even specify the name of the storyteller who told this to him?",0,/Users/minjoolee/Downloads/MUStARD/PodSarc/all_processed/overly-sarcastic-podcast__ospod-episode-60/ospod-episode-60_225.mp3
72_151,72,"hm, DC superheroes. There are so many.",0,/Users/minjoolee/Downloads/MUStARD/PodSarc/all_processed/overly-sarcastic-podcast__ospod-episode-72/ospod-episode-72_151.mp3
77_23,77,"She came back! So we were already like, wow, okay.",0,/Users/minjoolee/Downloads/MUStARD/PodSarc/all_processed/overly-sarcastic-podcast__ospod-episode-77/ospod-episode-77_23.mp3
72_53,72,"It was a very useful conversation. It also helped me, uh, immediately jump into writing the intro for the next video. Um, slight, uh, slight little peek ahead. Patrons know what's up.",0,/Users/minjoolee/Downloads/MUStARD/PodSarc/all_processed/overly-sarcastic-podcast__ospod-episode-72/ospod-episode-72_53.mp3
59_176,59,You are the basic bitch. I am the bitch. I am the bitch.,0,/Users/minjoolee/Downloads/MUStARD/PodSarc/all_processed/overly-sarcastic-podcast__ospod-episode-59/ospod-episode-59_176.mp3
54_49,54,"Yeah. Yeah. That would be pretty funny. Um, but, uh.",0,/Users/minjoolee/Downloads/MUStARD/PodSarc/all_processed/overly-sarcastic-podcast__ospod-episode-54/ospod-episode-54_49.mp3
78_237,78,"I completely fucking forgot about Ghostbusters. One of my all time favorite Halloween watches. Ah, yeah.",0,/Users/minjoolee/Downloads/MUStARD/PodSarc/all_processed/overly-sarcastic-podcast__ospod-episode-78/ospod-episode-78_237.mp3
53_233,53,"But yeah, that's basically me covered. Perseus Tufts, Project Gutenberg Archive.org. So.",0,/Users/minjoolee/Downloads/MUStARD/PodSarc/all_processed/overly-sarcastic-podcast__ospod-episode-53/ospod-episode-53_233.mp3
63_362,63,Vi benefiting by the touch of a lesbian sounds like out of context spoilers.,0,/Users/minjoolee/Downloads/MUStARD/PodSarc/all_processed/overly-sarcastic-podcast__ospod-episode-63/ospod-episode-63_362.mp3
76_76,76,"I don't know. I, uh, it was one of those things where I sort of laid out everything I'd found in roughly chronological order and was like, all right, what threads can I actually trace through? Where were they at? What times? What changes happened? And I, I really hope people like it because I feel like there's not much of a thesis here. And then people really liked it, which is good because that was great.",0,/Users/minjoolee/Downloads/MUStARD/PodSarc/all_processed/overly-sarcastic-podcast__ospod-episode-76/ospod-episode-76_76.mp3
57_294,57,"I, I, Honda wasn't just all the Twilight Princess when I was in high school.",0,/Users/minjoolee/Downloads/MUStARD/PodSarc/all_processed/overly-sarcastic-podcast__ospod-episode-57/ospod-episode-57_294.mp3
62_86,62,"Oh, yeah.",0,/Users/minjoolee/Downloads/MUStARD/PodSarc/all_processed/overly-sarcastic-podcast__ospod-episode-62/ospod-episode-62_86.mp3
71_71,71,"As far as I'm aware, that, that sounds roughly correct. Right. Yeah. We've never spoken",0,/Users/minjoolee/Downloads/MUStARD/PodSarc/all_processed/overly-sarcastic-podcast__ospod-episode-71/ospod-episode-71_71.mp3
78_217,78,"Well, yeah, but similarly, they, they have, they have swinter, which is a winter and summer.",0,/Users/minjoolee/Downloads/MUStARD/PodSarc/all_processed/overly-sarcastic-podcast__ospod-episode-78/ospod-episode-78_217.mp3
61_335,61,"Yeah. He's valid. I'm sorry. He hangs out with Ardeth Bay too much for me to pay attention to him. Oh, yeah.",0,/Users/minjoolee/Downloads/MUStARD/PodSarc/all_processed/overly-sarcastic-podcast__ospod-episode-61/ospod-episode-61_335.mp3
59_47,59,"He wasn't there. Unfortunately, he just wasn't.",0,/Users/minjoolee/Downloads/MUStARD/PodSarc/all_processed/overly-sarcastic-podcast__ospod-episode-59/ospod-episode-59_47.mp3
75_287,75,"I, you know, love what they, what they did with that.",0,/Users/minjoolee/Downloads/MUStARD/PodSarc/all_processed/overly-sarcastic-podcast__ospod-episode-75/ospod-episode-75_287.mp3
62_39,62,"Yeah, yeah.",0,/Users/minjoolee/Downloads/MUStARD/PodSarc/all_processed/overly-sarcastic-podcast__ospod-episode-62/ospod-episode-62_39.mp3
75_185,75,"Also, Outlander's more, like, romance-focused, is my understanding, if you're going to compare the two head-to-head. Got it.",0,/Users/minjoolee/Downloads/MUStARD/PodSarc/all_processed/overly-sarcastic-podcast__ospod-episode-75/ospod-episode-75_185.mp3
79_128,79,Yeah. Yeah. Yeah.,0,/Users/minjoolee/Downloads/MUStARD/PodSarc/all_processed/overly-sarcastic-podcast__ospod-episode-79/ospod-episode-79_128.mp3
76_191,76,Nice.,0,/Users/minjoolee/Downloads/MUStARD/PodSarc/all_processed/overly-sarcastic-podcast__ospod-episode-76/ospod-episode-76_191.mp3
66_95,66,"that complex web of characters where a few of the mains don't even interact with each other and yet everything still fits together so well on this just ridiculous tapestry of broken families and people who love each other and really don't want to, um, or rather would have their lives be so much easier if they didn't. Uh, it is spectacular that it",0,/Users/minjoolee/Downloads/MUStARD/PodSarc/all_processed/overly-sarcastic-podcast__ospod-episode-66/ospod-episode-66_95.mp3
71_220,71,"Um, but. As someone who, uh, read the Guns of August over summer vacation in seventh grade and hated every second of it, uh, history is very, very hard to get through unless you're interested in at least one part of it. If you have a foothold, the history becomes so fascinating because everything is interconnected. So like, I only find history interesting in the context of contextualizing the myths I research and how they develop. I think that's very fun. And that makes it possible for me to research history that I could not get through at the time. So.",0,/Users/minjoolee/Downloads/MUStARD/PodSarc/all_processed/overly-sarcastic-podcast__ospod-episode-71/ospod-episode-71_220.mp3
66_44,66,It's true. Yeah. Oh my god.,0,/Users/minjoolee/Downloads/MUStARD/PodSarc/all_processed/overly-sarcastic-podcast__ospod-episode-66/ospod-episode-66_44.mp3
65_194,65,"Yeah, I think that covers it. I mean, obviously, I love the pins. It's so cool to meet it.",0,/Users/minjoolee/Downloads/MUStARD/PodSarc/all_processed/overly-sarcastic-podcast__ospod-episode-65/ospod-episode-65_194.mp3
54_366,54,So that was my favorite part of every Muppet Show episode when they would make a special Muppet version of the guest star. That was always just solid gold.,0,/Users/minjoolee/Downloads/MUStARD/PodSarc/all_processed/overly-sarcastic-podcast__ospod-episode-54/ospod-episode-54_366.mp3
74_14,74,Of course you are. And it only gets better because World Anvil is offering a special discount for all you lovely listeners. Just use code overly sarcastic for up to 40% off any yearly membership. Thank you again to World Anvil for sponsoring today's podcast.,0,/Users/minjoolee/Downloads/MUStARD/PodSarc/all_processed/overly-sarcastic-podcast__ospod-episode-74/ospod-episode-74_14.mp3
80_4,80,"It's, it's the best Mario game. I would die on that hill. Um, Blue Diva Ferret Space Phenomenon.",0,/Users/minjoolee/Downloads/MUStARD/PodSarc/all_processed/overly-sarcastic-podcast__ospod-episode-80/ospod-episode-80_4.mp3
55_186,55,"So, it seems great.",0,/Users/minjoolee/Downloads/MUStARD/PodSarc/all_processed/overly-sarcastic-podcast__ospod-episode-55/ospod-episode-55_186.mp3
71_159,71,"Yeah, yeah, that makes sense. Yeah. In terms of fun fact, I think we're all making it out of this.",0,/Users/minjoolee/Downloads/MUStARD/PodSarc/all_processed/overly-sarcastic-podcast__ospod-episode-71/ospod-episode-71_159.mp3
57_99,57,"Ooh, the most surprising thing? Um.",0,/Users/minjoolee/Downloads/MUStARD/PodSarc/all_processed/overly-sarcastic-podcast__ospod-episode-57/ospod-episode-57_99.mp3
55_23,55,"three years since I was last in Florence, and it's, it's still.",0,/Users/minjoolee/Downloads/MUStARD/PodSarc/all_processed/overly-sarcastic-podcast__ospod-episode-55/ospod-episode-55_23.mp3
61_345,61,"I feel like I, maybe it's just cause I'm a noted soup bitch, but the creamy hard soup does look particularly tasty to me. I feel like I want to know what it tastes like so bad. It's a mystery and I want to solve it.",0,/Users/minjoolee/Downloads/MUStARD/PodSarc/all_processed/overly-sarcastic-podcast__ospod-episode-61/ospod-episode-61_345.mp3
53_97,53,"I, I enjoyed it, but oh man, that was, that was a big one. That, that video, I, I could definitely feel like running away from me under my feet and I only barely was able to kind of like lasso it into place by the time I got to the, the end of page three on the script and I'm like, no, we're done, we're done. This is where it ends.",0,/Users/minjoolee/Downloads/MUStARD/PodSarc/all_processed/overly-sarcastic-podcast__ospod-episode-53/ospod-episode-53_97.mp3
66_96,66,fits together so well.,0,/Users/minjoolee/Downloads/MUStARD/PodSarc/all_processed/overly-sarcastic-podcast__ospod-episode-66/ospod-episode-66_96.mp3
66_104,66,neat. Yeah.,0,/Users/minjoolee/Downloads/MUStARD/PodSarc/all_processed/overly-sarcastic-podcast__ospod-episode-66/ospod-episode-66_104.mp3
66_247,66,"first expo, like, ever?",0,/Users/minjoolee/Downloads/MUStARD/PodSarc/all_processed/overly-sarcastic-podcast__ospod-episode-66/ospod-episode-66_247.mp3
57_314,57,Don't 100% complete something unless it's fun for you. Don't do what I'm doing.,0,/Users/minjoolee/Downloads/MUStARD/PodSarc/all_processed/overly-sarcastic-podcast__ospod-episode-57/ospod-episode-57_314.mp3
75_132,75,"mugs, um, and also the home of our pins, um, overly sarcastic dot shop, fun new domain name, all our own, uh, and this will be the new main place where everything is, um, our,",0,/Users/minjoolee/Downloads/MUStARD/PodSarc/all_processed/overly-sarcastic-podcast__ospod-episode-75/ospod-episode-75_132.mp3
53_296,53,That's a fun one. Yeah.,0,/Users/minjoolee/Downloads/MUStARD/PodSarc/all_processed/overly-sarcastic-podcast__ospod-episode-53/ospod-episode-53_296.mp3
70_187,70,"Uh, this one's for you, Blue. Discourses on Levi?",0,/Users/minjoolee/Downloads/MUStARD/PodSarc/all_processed/overly-sarcastic-podcast__ospod-episode-70/ospod-episode-70_187.mp3
53_333,53,"Okay, but like, if you were that person, and then the boat sank.",0,/Users/minjoolee/Downloads/MUStARD/PodSarc/all_processed/overly-sarcastic-podcast__ospod-episode-53/ospod-episode-53_333.mp3
67_325,67,"Not a spark of recognition in those eyes. Our prom happened, uh, at the Adler Planetarium in Chicago, and we had a view of fireworks, uh, so it was really nice. Truly a magical evening.",0,/Users/minjoolee/Downloads/MUStARD/PodSarc/all_processed/overly-sarcastic-podcast__ospod-episode-67/ospod-episode-67_325.mp3
79_59,79,"Yeah, yeah.",0,/Users/minjoolee/Downloads/MUStARD/PodSarc/all_processed/overly-sarcastic-podcast__ospod-episode-79/ospod-episode-79_59.mp3
66_277,66,"Yeah, I think pa-waffles are more consistent. I feel like pancakes have higher highs and lower lows.",0,/Users/minjoolee/Downloads/MUStARD/PodSarc/all_processed/overly-sarcastic-podcast__ospod-episode-66/ospod-episode-66_277.mp3
61_367,61,"Yeah, but, uh, needless to say, the food in the rest of the wild generally looks pretty good, so I'm looking forward to seeing what culinary delights Tears of the Kingdom brings us, but that's a question for another time, because we have to wrap up this podcast. So Red, are you ready to take us out?",0,/Users/minjoolee/Downloads/MUStARD/PodSarc/all_processed/overly-sarcastic-podcast__ospod-episode-61/ospod-episode-61_367.mp3
78_186,78,"Guest room for like two straight weeks. And that's not fun. That's not a way to engage with the culture in a, in a healthy and enjoyable way. So my first, it kind of came in waves. My first,",0,/Users/minjoolee/Downloads/MUStARD/PodSarc/all_processed/overly-sarcastic-podcast__ospod-episode-78/ospod-episode-78_186.mp3
59_280,59,"Well, we've got time for one last question here today. This one comes from Otz to, oh, wait, Roman numerals. Uh, V1, VI. Six. Six. Yes. Otz, six. I hope that's right, and if it's not, never know. Uh, to all, what is your favorite way to eat potatoes?",0,/Users/minjoolee/Downloads/MUStARD/PodSarc/all_processed/overly-sarcastic-podcast__ospod-episode-59/ospod-episode-59_280.mp3
72_58,72,"Not that I've, you know, redeemed myself from the Mesopotamia video. It wasn't a bad video. I just, I could have been better for sure. When I watched it back, I'm like, okay, yeah, you know, it's a little weak, but it's fine. But I feel really good about what I was able to do in this one and what I'll be able to do in the next video. So stay tuned for that one. It's very exciting.",0,/Users/minjoolee/Downloads/MUStARD/PodSarc/all_processed/overly-sarcastic-podcast__ospod-episode-72/ospod-episode-72_58.mp3
66_220,66,"No, no, no, that's absolutely correct. Uh, it's got big D and D energy, but, uh, yeah.",0,/Users/minjoolee/Downloads/MUStARD/PodSarc/all_processed/overly-sarcastic-podcast__ospod-episode-66/ospod-episode-66_220.mp3
55_337,55,"I think that this one, you know, it's touching on your old friend and mine. That's right. We're going back to the time heist, baby. This question comes from Pink Leo.",0,/Users/minjoolee/Downloads/MUStARD/PodSarc/all_processed/overly-sarcastic-podcast__ospod-episode-55/ospod-episode-55_337.mp3
80_247,80,"This is actually feeding into another question that we have, so I'm going to go ahead and move us on to the next one. Oh, good, yeah. Sure. Uh, from Sivink Ukaya to Red, love the eclipse video, but something totally unrelated stood out to me. You look jacked. What's your workout routine?",0,/Users/minjoolee/Downloads/MUStARD/PodSarc/all_processed/overly-sarcastic-podcast__ospod-episode-80/ospod-episode-80_247.mp3
53_326,53,"Oh, yes.",0,/Users/minjoolee/Downloads/MUStARD/PodSarc/all_processed/overly-sarcastic-podcast__ospod-episode-53/ospod-episode-53_326.mp3
60_73,60,"Uh, the convention hall was, like, right next to the Tribune Tower, and I was looking at it, and I was like, like, I've looked at this building many times before, but, like, god damn, and, like, a switch flipped in my head. I'm like, I gotta, I gotta talk about this, because, like, I looked online, there's, like, a couple little two-minute videos of, like, oh, there's a Tribune Tower, it's in, like, no, someone needs to be gushing about this building, which, holy shit. Every year, Chicago runs, like, a what's the most beautiful building in the city, and this 200, or, sorry, this, this, um, this 1922 hundred-year-old building",0,/Users/minjoolee/Downloads/MUStARD/PodSarc/all_processed/overly-sarcastic-podcast__ospod-episode-60/ospod-episode-60_73.mp3
79_21,79,cool. cool. cool.,0,/Users/minjoolee/Downloads/MUStARD/PodSarc/all_processed/overly-sarcastic-podcast__ospod-episode-79/ospod-episode-79_21.mp3
56_114,56,"and, and titans walking the earth, and it's all mythological.",0,/Users/minjoolee/Downloads/MUStARD/PodSarc/all_processed/overly-sarcastic-podcast__ospod-episode-56/ospod-episode-56_114.mp3
69_145,69,"Yeah, it was four thousand something dollars, I think. Yeah. Which was really awesome. So thanks to everyone who donated for that.",0,/Users/minjoolee/Downloads/MUStARD/PodSarc/all_processed/overly-sarcastic-podcast__ospod-episode-69/ospod-episode-69_145.mp3
72_122,72,"I, uh, will say on that subject, if you can't get enough Gilgamesh and Bull, uh, we have.",0,/Users/minjoolee/Downloads/MUStARD/PodSarc/all_processed/overly-sarcastic-podcast__ospod-episode-72/ospod-episode-72_122.mp3
54_154,54,"Dan Schneider, who is another funhouse couture that I, that I work with, who is, uh, awesome. He is doing a more, uh, fantasy themed show. Um, it is, uh, like.",0,/Users/minjoolee/Downloads/MUStARD/PodSarc/all_processed/overly-sarcastic-podcast__ospod-episode-54/ospod-episode-54_154.mp3
55_33,55,"So that was a, that was a fun one. And I'll be honest, it outperformed, uh, all of my wildest dreams for this thing, because I, I've said before that, uh, I've observed that if I do a video about a subject that most people know about, that's like a household name, you know, like,",0,/Users/minjoolee/Downloads/MUStARD/PodSarc/all_processed/overly-sarcastic-podcast__ospod-episode-55/ospod-episode-55_33.mp3
68_243,68,"Uh, yeah, okay, yeah.",0,/Users/minjoolee/Downloads/MUStARD/PodSarc/all_processed/overly-sarcastic-podcast__ospod-episode-68/ospod-episode-68_243.mp3
71_283,71,"Oh my god, I need that banner on my desk. It's tiny little feet are just doing kickflick trips and then it just translates into human scale. Yeah, exactly.",0,/Users/minjoolee/Downloads/MUStARD/PodSarc/all_processed/overly-sarcastic-podcast__ospod-episode-71/ospod-episode-71_283.mp3
79_12,79,"Mm-hmm. But that's okay, because we, uh.",0,/Users/minjoolee/Downloads/MUStARD/PodSarc/all_processed/overly-sarcastic-podcast__ospod-episode-79/ospod-episode-79_12.mp3
54_420,54,"Oh, thank you.",0,/Users/minjoolee/Downloads/MUStARD/PodSarc/all_processed/overly-sarcastic-podcast__ospod-episode-54/ospod-episode-54_420.mp3
74_210,74,"Yeah, I've just, I've been getting back into watching all the Ribonator dice making videos. I can feel it slowly infiltrating my brain. It's like, I know, I know it's so complicated. It has a lot of equipment involved to do it right. Resin is highly toxic. Uh, which is why I'm taking the baby step of figuring out how to make candy dice first. Nice. Yeah.",0,/Users/minjoolee/Downloads/MUStARD/PodSarc/all_processed/overly-sarcastic-podcast__ospod-episode-74/ospod-episode-74_210.mp3
57_109,57,"Because yeah, we've, we've got a crazy cool lineup. I'm so happy about all the guests agreed to and.",0,/Users/minjoolee/Downloads/MUStARD/PodSarc/all_processed/overly-sarcastic-podcast__ospod-episode-57/ospod-episode-57_109.mp3
62_290,62,"Things that, that might not be universal experience. That might be my mom again. But like, you know what I mean. So, so you don't have to be photorealistic every time. If you get a general feel for like, what's the rough topology of clothing in this culture?",0,/Users/minjoolee/Downloads/MUStARD/PodSarc/all_processed/overly-sarcastic-podcast__ospod-episode-62/ospod-episode-62_290.mp3
59_28,59,"You'll wait in suspense, uh, for that one. But yeah, I had, um, a video that was red. This was your idea, I think.",0,/Users/minjoolee/Downloads/MUStARD/PodSarc/all_processed/overly-sarcastic-podcast__ospod-episode-59/ospod-episode-59_28.mp3
69_74,69,"Thank you, thank you, yeah. I can see the expression kind of ripple.",0,/Users/minjoolee/Downloads/MUStARD/PodSarc/all_processed/overly-sarcastic-podcast__ospod-episode-69/ospod-episode-69_74.mp3
54_412,54,"A boat that folds up, yeah, uh, 12 inches long, six inches wide and six inches deep. That's eminently manageable. It weighs four pounds.",0,/Users/minjoolee/Downloads/MUStARD/PodSarc/all_processed/overly-sarcastic-podcast__ospod-episode-54/ospod-episode-54_412.mp3
72_275,72,"I, this is, there's so many good answers and I can think of exactly none of them. Um.",0,/Users/minjoolee/Downloads/MUStARD/PodSarc/all_processed/overly-sarcastic-podcast__ospod-episode-72/ospod-episode-72_275.mp3
71_252,71,"Oh yeah. I'll also sometimes when you've, uh, when you've been on the channel account, I'll spot like one hour Zelda study mix. And I'm like, ah, blue's been here.",0,/Users/minjoolee/Downloads/MUStARD/PodSarc/all_processed/overly-sarcastic-podcast__ospod-episode-71/ospod-episode-71_252.mp3
72_184,72,"I'll, I'll never not refer to him as anything other than the great. And there was one point, um, in an, an upcoming video where I mentioned him. And when I wrote it, I like, I was focusing on another part of the sentence. So I instinctively wrote like Alexander the great. I didn't be like, wait, no, wrong, delete, get out of here.",0,/Users/minjoolee/Downloads/MUStARD/PodSarc/all_processed/overly-sarcastic-podcast__ospod-episode-72/ospod-episode-72_184.mp3
72_72,72,"You know, I, I love talking about that whole Pleiades myth thing, because as soon as that new story dropped a few years ago, I was like, Oh my God, this is going to rewire my brain. Uh, and I, I love that concept, but there are other explanations that could be true. Um, and, uh,",0,/Users/minjoolee/Downloads/MUStARD/PodSarc/all_processed/overly-sarcastic-podcast__ospod-episode-72/ospod-episode-72_72.mp3
59_300,59,Hasn't it? She's so fucking cute right now. You guys better be jealous of me.,0,/Users/minjoolee/Downloads/MUStARD/PodSarc/all_processed/overly-sarcastic-podcast__ospod-episode-59/ospod-episode-59_300.mp3
56_110,56,"Those are ancient myths from ancient Greece. But in ancient Greece, those were ancient myths from",0,/Users/minjoolee/Downloads/MUStARD/PodSarc/all_processed/overly-sarcastic-podcast__ospod-episode-56/ospod-episode-56_110.mp3
75_207,75,"You know how like all animation nowadays that's like, like broad appeal is like one of three animation styles is like you're basically operating on like your family guy style, your Rick and Morty style, or you're like, um, like Adventure Time Steven Universe kind of like art style.",0,/Users/minjoolee/Downloads/MUStARD/PodSarc/all_processed/overly-sarcastic-podcast__ospod-episode-75/ospod-episode-75_207.mp3
74_105,74,Because the overall deterioration of the quality of the MCU. I've heard that it's really good.,0,/Users/minjoolee/Downloads/MUStARD/PodSarc/all_processed/overly-sarcastic-podcast__ospod-episode-74/ospod-episode-74_105.mp3
53_184,53,"No, no, it's like, well, we've got a bucket. And so, so anyway, um, it was.",0,/Users/minjoolee/Downloads/MUStARD/PodSarc/all_processed/overly-sarcastic-podcast__ospod-episode-53/ospod-episode-53_184.mp3
60_117,60,"But, uh, I did want to mention a couple comments that I got were like, what do you mean accusing the Tribune Tower of imperialism? Those, those, the stones on it weren't stolen. It's like,",0,/Users/minjoolee/Downloads/MUStARD/PodSarc/all_processed/overly-sarcastic-podcast__ospod-episode-60/ospod-episode-60_117.mp3
68_283,68,"I think I've seen that one. And, uh, the fucking Tales from Earth scene movie that's actually just bad. Like, it's, I don't know.",0,/Users/minjoolee/Downloads/MUStARD/PodSarc/all_processed/overly-sarcastic-podcast__ospod-episode-68/ospod-episode-68_283.mp3
60_7,60,"Boy, am I, was that an accidental segue? Cause I did not plan that.",0,/Users/minjoolee/Downloads/MUStARD/PodSarc/all_processed/overly-sarcastic-podcast__ospod-episode-60/ospod-episode-60_7.mp3
64_46,64,"Yes. Marlon Brando production of. The Marlon Brando Caesar, yeah.",0,/Users/minjoolee/Downloads/MUStARD/PodSarc/all_processed/overly-sarcastic-podcast__ospod-episode-64/ospod-episode-64_46.mp3
64_307,64,"Yeah, yeah, yeah.",0,/Users/minjoolee/Downloads/MUStARD/PodSarc/all_processed/overly-sarcastic-podcast__ospod-episode-64/ospod-episode-64_307.mp3
60_169,60,I really do want to see it. I didn't realize it came out. I must have missed it.,0,/Users/minjoolee/Downloads/MUStARD/PodSarc/all_processed/overly-sarcastic-podcast__ospod-episode-60/ospod-episode-60_169.mp3
56_143,56,"Totally valid. Those will be in stock, um, on sale.",0,/Users/minjoolee/Downloads/MUStARD/PodSarc/all_processed/overly-sarcastic-podcast__ospod-episode-56/ospod-episode-56_143.mp3
57_273,57,"And I have, uh, I have tried and failed to learn ASL. Uh, I believe in preschool I actually had a teacher that, uh, taught us some of it. And then I think someone, uh, mixed up which class I was in because they pushed me on stage with another class that was doing a performance of a song, singing it and with ASL, and I didn't know what the hell I was supposed to do. So that's right. I literally lived a nightmare, but I was so young, I barely understood it. Uh, so that's why I'm not good at ASL.",0,/Users/minjoolee/Downloads/MUStARD/PodSarc/all_processed/overly-sarcastic-podcast__ospod-episode-57/ospod-episode-57_273.mp3
64_144,64,"That, that's like, that's like a subsection of academia, but there's a ton of people in academia from all walks of life. And like, the idea that, oh, an academic said this, therefore you can't trust it. That's just how conspiracy theorists get you. The idea is like, look, if this makes a modicum of logical sense, that's how you know they're trying to manipulate you.",0,/Users/minjoolee/Downloads/MUStARD/PodSarc/all_processed/overly-sarcastic-podcast__ospod-episode-64/ospod-episode-64_144.mp3
57_17,57,Yikes. Oh my god.,0,/Users/minjoolee/Downloads/MUStARD/PodSarc/all_processed/overly-sarcastic-podcast__ospod-episode-57/ospod-episode-57_17.mp3
65_121,65,and then it all fell apart anyway.,0,/Users/minjoolee/Downloads/MUStARD/PodSarc/all_processed/overly-sarcastic-podcast__ospod-episode-65/ospod-episode-65_121.mp3
66_360,66,"Sandpipery dudes at the beach, you like run up to the water, like, do, do, do, do, do, do, do, do. Then they go, po, po, po, po, po, po, po, po. And then the waves come in and they're like, do, do, do, do, do away. I think they're so great. They never get wet. Oh, man.",0,/Users/minjoolee/Downloads/MUStARD/PodSarc/all_processed/overly-sarcastic-podcast__ospod-episode-66/ospod-episode-66_360.mp3
77_217,77,"What are you doing? Yeah, um, because it is.",0,/Users/minjoolee/Downloads/MUStARD/PodSarc/all_processed/overly-sarcastic-podcast__ospod-episode-77/ospod-episode-77_217.mp3
67_9,67,And the only thing that the TSA kept flagging was the cocoa mix because it was a metal canister full of powder. So.,0,/Users/minjoolee/Downloads/MUStARD/PodSarc/all_processed/overly-sarcastic-podcast__ospod-episode-67/ospod-episode-67_9.mp3
53_169,53,"Why, why are you limiting yourself like that? Whatever. Anyway, I'm preaching to the choir here. I'm sorry. You guys need to be convinced that people should be studying history.",0,/Users/minjoolee/Downloads/MUStARD/PodSarc/all_processed/overly-sarcastic-podcast__ospod-episode-53/ospod-episode-53_169.mp3
64_142,64,"In a way that makes sense. Um, so, very fascinating stuff. Great, worth a watch.",0,/Users/minjoolee/Downloads/MUStARD/PodSarc/all_processed/overly-sarcastic-podcast__ospod-episode-64/ospod-episode-64_142.mp3
55_212,55,"And there's the, uh, Castlevania one where Simon Belmont, uh, rips the head off the mummy and uses it to rappel down the castle and it cuts back to the inside of the mummy's body. It's just, it's just spinning and flopping against the floor because it, yeah. So, uh, yes, we love Terminal Montage. Everyone should watch the video.",0,/Users/minjoolee/Downloads/MUStARD/PodSarc/all_processed/overly-sarcastic-podcast__ospod-episode-55/ospod-episode-55_212.mp3
56_257,56,"Yeah, I, having had a little more experience with the more like, you know, first draft, second draft, third draft, final draft, hope it's good, and then maybe try to publish, um,",0,/Users/minjoolee/Downloads/MUStARD/PodSarc/all_processed/overly-sarcastic-podcast__ospod-episode-56/ospod-episode-56_257.mp3
55_146,55,"Yeah, Kermit, the, the source of Kermit. Um, so just, it's a great time. And for, uh, the Halloween special, Indigo DM'd a Call of Cthulhu one-shot that we all played, uh, that just went out, like yesterday. Uh, is the video gonna be up?",0,/Users/minjoolee/Downloads/MUStARD/PodSarc/all_processed/overly-sarcastic-podcast__ospod-episode-55/ospod-episode-55_146.mp3
77_204,77,Exactly. Yeah.,0,/Users/minjoolee/Downloads/MUStARD/PodSarc/all_processed/overly-sarcastic-podcast__ospod-episode-77/ospod-episode-77_204.mp3
73_219,73,"A thousand downloads an episode, which is not really that many. When you think about like the shows that are in that 10%, it's like ranging from like.",0,/Users/minjoolee/Downloads/MUStARD/PodSarc/all_processed/overly-sarcastic-podcast__ospod-episode-73/ospod-episode-73_219.mp3
53_168,53,"I swear, there's nothing that will make me dismiss you faster than, we can't hold old stuff to the standards of new stuff. Why can't we use our current knowledge?",0,/Users/minjoolee/Downloads/MUStARD/PodSarc/all_processed/overly-sarcastic-podcast__ospod-episode-53/ospod-episode-53_168.mp3
59_112,59,"The reason why he is so powerful but so reckless and hard to control is because that's how your brain works! That's what your mind does, especially mine!",0,/Users/minjoolee/Downloads/MUStARD/PodSarc/all_processed/overly-sarcastic-podcast__ospod-episode-59/ospod-episode-59_112.mp3
72_101,72,"but, he can still have a form of immortality, that's cool as hell.",0,/Users/minjoolee/Downloads/MUStARD/PodSarc/all_processed/overly-sarcastic-podcast__ospod-episode-72/ospod-episode-72_101.mp3
53_327,53,"comparing it to like, a washing woman or something like that, ringing something out. And it's like, what are you doing, man? And I'm like, yes, yes, give it to me. Uh, so I, I love that, um,",0,/Users/minjoolee/Downloads/MUStARD/PodSarc/all_processed/overly-sarcastic-podcast__ospod-episode-53/ospod-episode-53_327.mp3
65_122,65,"And Cornwall? Cool. I'm just gonna, I'm gonna cut this out. So I like, I added this thing at the last minute thinking I was on to something brilliant. I'm like, no, hold on. I need to research this more before I go spouting anything. So I, I just ripped it out.",0,/Users/minjoolee/Downloads/MUStARD/PodSarc/all_processed/overly-sarcastic-podcast__ospod-episode-65/ospod-episode-65_122.mp3
53_309,53,"It's so funny that people think I'm an angrier person than you are, just because when you get mad, it's a rare occasion, but the spikes are so much higher. Oh, God.",0,/Users/minjoolee/Downloads/MUStARD/PodSarc/all_processed/overly-sarcastic-podcast__ospod-episode-53/ospod-episode-53_309.mp3
61_288,61,"like, look, for three months, that, fine, that's fine. You get your venue, you get your food.",0,/Users/minjoolee/Downloads/MUStARD/PodSarc/all_processed/overly-sarcastic-podcast__ospod-episode-61/ospod-episode-61_288.mp3
62_147,62,My buddy. Yes.,0,/Users/minjoolee/Downloads/MUStARD/PodSarc/all_processed/overly-sarcastic-podcast__ospod-episode-62/ospod-episode-62_147.mp3
66_320,66,"Yeah, yeah, yeah, yeah.",0,/Users/minjoolee/Downloads/MUStARD/PodSarc/all_processed/overly-sarcastic-podcast__ospod-episode-66/ospod-episode-66_320.mp3
62_245,62,"high level scholarship, reading, learning, creating on your own end is just reading other people's scholarship. It is finicky.",0,/Users/minjoolee/Downloads/MUStARD/PodSarc/all_processed/overly-sarcastic-podcast__ospod-episode-62/ospod-episode-62_245.mp3
67_214,67,"Um, yeah, but if anyone on this podcast is an adult fan of LEGO, it's 100% blue, please direct all LEGO related inquiries to him.",0,/Users/minjoolee/Downloads/MUStARD/PodSarc/all_processed/overly-sarcastic-podcast__ospod-episode-67/ospod-episode-67_214.mp3
72_24,72,"Yeah, this, this is a real treat. I, last year we got to do a little, a little combined, uh, triple threat, uh, a month of doing a video on, uh, the post-America.",0,/Users/minjoolee/Downloads/MUStARD/PodSarc/all_processed/overly-sarcastic-podcast__ospod-episode-72/ospod-episode-72_24.mp3
55_248,55,"There's some reason personifying it as the person who broke us on the podcast is just an odd twist, but I, I like it. I, I have a big fondness for the kind of horror where it's like, it's trying to imitate people and failing just slightly. Uh, like a creepy deep fake or, you know, one of those, Oh, there's someone yelling for help in the woods, but it's on like a five minute loop. And I just noticed that, you know, that kind of like, that's the good creepy shit that I like. Uh, so I think I'd like to, in a horror movie setting, that would be my, my arch nemesis. And then I could come back as a spooky, like,",0,/Users/minjoolee/Downloads/MUStARD/PodSarc/all_processed/overly-sarcastic-podcast__ospod-episode-55/ospod-episode-55_248.mp3
62_335,62,"Up, left, dab, up, right, dab, down, left, dab, down, right, dab.",0,/Users/minjoolee/Downloads/MUStARD/PodSarc/all_processed/overly-sarcastic-podcast__ospod-episode-62/ospod-episode-62_335.mp3
61_81,61,"Especially when it's like, this is a funny haha, you know. People get defined by, like, the one most memorable thing.",0,/Users/minjoolee/Downloads/MUStARD/PodSarc/all_processed/overly-sarcastic-podcast__ospod-episode-61/ospod-episode-61_81.mp3
77_62,77,"So, we were, we were thrilled to have, uh, to have.",0,/Users/minjoolee/Downloads/MUStARD/PodSarc/all_processed/overly-sarcastic-podcast__ospod-episode-77/ospod-episode-77_62.mp3
71_234,71,Medical issues that do not mix with that.,0,/Users/minjoolee/Downloads/MUStARD/PodSarc/all_processed/overly-sarcastic-podcast__ospod-episode-71/ospod-episode-71_234.mp3
66_210,66,It's every year Daniel Craig goes out to some fuckin' new place to fuck around.,0,/Users/minjoolee/Downloads/MUStARD/PodSarc/all_processed/overly-sarcastic-podcast__ospod-episode-66/ospod-episode-66_210.mp3
53_259,53,"I forgot the guy's name, exactly.",0,/Users/minjoolee/Downloads/MUStARD/PodSarc/all_processed/overly-sarcastic-podcast__ospod-episode-53/ospod-episode-53_259.mp3
71_291,71,"It's like, I can make the most relaxing bubble bath of all time happen right now.",0,/Users/minjoolee/Downloads/MUStARD/PodSarc/all_processed/overly-sarcastic-podcast__ospod-episode-71/ospod-episode-71_291.mp3
55_402,55,"This has been a very spooky, overly sarcastic podcast.",0,/Users/minjoolee/Downloads/MUStARD/PodSarc/all_processed/overly-sarcastic-podcast__ospod-episode-55/ospod-episode-55_402.mp3
73_359,73,"The minute you had John Goodman playing Pops Racer, you had already completed the objective. And then you put Susan.",0,/Users/minjoolee/Downloads/MUStARD/PodSarc/all_processed/overly-sarcastic-podcast__ospod-episode-73/ospod-episode-73_359.mp3
53_55,53,"You hit a wall. There's nothing about that. There's no context. There's no who told the story, who told these groups of stories. You don't get anything like that. So you sort of just end up hitting a wall about like,",0,/Users/minjoolee/Downloads/MUStARD/PodSarc/all_processed/overly-sarcastic-podcast__ospod-episode-53/ospod-episode-53_55.mp3
53_38,53,"Um, but yeah, no, it was, uh, it was cool. It was one of those myths slash folktales where, like, it's pretty short. I sort of needed to, you know, stretch it out just a smidge to get anything worthy of like a video out of it.",0,/Users/minjoolee/Downloads/MUStARD/PodSarc/all_processed/overly-sarcastic-podcast__ospod-episode-53/ospod-episode-53_38.mp3
63_39,63,"Yeah, so that's when I started writing up like, why do I hate this so much? I've seen third act betrayals that work. Why does this one annoy me? And it was just the classic example of like, oh, the character who's a traitor acts like a completely different person pre and post reveal.",0,/Users/minjoolee/Downloads/MUStARD/PodSarc/all_processed/overly-sarcastic-podcast__ospod-episode-63/ospod-episode-63_39.mp3
74_203,74,"But I, I would love to have Napoleon with just a gazillion cannons. His final smash is just showers you in cannonballs.",0,/Users/minjoolee/Downloads/MUStARD/PodSarc/all_processed/overly-sarcastic-podcast__ospod-episode-74/ospod-episode-74_203.mp3
73_65,73,But I don't willingly subject myself to bad stories a lot of the time.,0,/Users/minjoolee/Downloads/MUStARD/PodSarc/all_processed/overly-sarcastic-podcast__ospod-episode-73/ospod-episode-73_65.mp3
61_204,61,"Oh, and, uh, Typhon and, uh, Echidna? I believe. They had a cute little monster thing going. Like.",0,/Users/minjoolee/Downloads/MUStARD/PodSarc/all_processed/overly-sarcastic-podcast__ospod-episode-61/ospod-episode-61_204.mp3
66_13,66,"I managed to, uh, last week get a, almost a sunburn on only the left half of my forehead because the poofy part of my hair obscures the right half and I was only walking in one direction for a better part of an hour and a half. Um, it was pretty humorous.",0,/Users/minjoolee/Downloads/MUStARD/PodSarc/all_processed/overly-sarcastic-podcast__ospod-episode-66/ospod-episode-66_13.mp3
69_80,69,"Early on, it's like, the devil pops up in your fucking potato field and is like, oh, farmer Brown, I'll make a deal with you. And farmer Brown's like, okay. And then the story is a funny little romp about farmer Brown outsmarting the devil, uh, by agreeing to share the, the, uh, stuff that the field produces and then",0,/Users/minjoolee/Downloads/MUStARD/PodSarc/all_processed/overly-sarcastic-podcast__ospod-episode-69/ospod-episode-69_80.mp3
53_349,53,"Just casually. It's like, man, I miss that. Yeah, I was.",0,/Users/minjoolee/Downloads/MUStARD/PodSarc/all_processed/overly-sarcastic-podcast__ospod-episode-53/ospod-episode-53_349.mp3
62_350,62,"Cyberpunk was onto something. It's always, uh.",0,/Users/minjoolee/Downloads/MUStARD/PodSarc/all_processed/overly-sarcastic-podcast__ospod-episode-62/ospod-episode-62_350.mp3
76_224,76,"Yeah, I also love board games, but.",0,/Users/minjoolee/Downloads/MUStARD/PodSarc/all_processed/overly-sarcastic-podcast__ospod-episode-76/ospod-episode-76_224.mp3
57_157,57,"We are also bad at dealing with like, uh, coordinating with, uh, with collabs and guests and stuff. We've done it a few times and the ones that we've done, we liked.",0,/Users/minjoolee/Downloads/MUStARD/PodSarc/all_processed/overly-sarcastic-podcast__ospod-episode-57/ospod-episode-57_157.mp3
80_299,80,"It's, uh, it's weird. Uh, I always get the little like, what the fuck? Every time somebody name drops her. Um.",0,/Users/minjoolee/Downloads/MUStARD/PodSarc/all_processed/overly-sarcastic-podcast__ospod-episode-80/ospod-episode-80_299.mp3
59_170,59,"Uh, because, it's, oh, no, no, no, no, that's not what I wanted to do. Please ignore the Markiplier video that's playing right now.",0,/Users/minjoolee/Downloads/MUStARD/PodSarc/all_processed/overly-sarcastic-podcast__ospod-episode-59/ospod-episode-59_170.mp3
53_338,53,"Um, like, good stuff. Love the tradition. So this next question comes from Bimir Heghi.",0,/Users/minjoolee/Downloads/MUStARD/PodSarc/all_processed/overly-sarcastic-podcast__ospod-episode-53/ospod-episode-53_338.mp3
60_50,60,"God damn it. My point is hero complexes make, have, protagonists have had guilt complexes for dumber shit, and this is the kind of thing where it's like,",0,/Users/minjoolee/Downloads/MUStARD/PodSarc/all_processed/overly-sarcastic-podcast__ospod-episode-60/ospod-episode-60_50.mp3
71_90,71,"Oh, no, no, no, I, I 100% agree. Uh, so the primary example, uh, that I used for this, uh, for, for this video was an episode of, uh, TNG.",0,/Users/minjoolee/Downloads/MUStARD/PodSarc/all_processed/overly-sarcastic-podcast__ospod-episode-71/ospod-episode-71_90.mp3
65_314,65,would have been cool.,0,/Users/minjoolee/Downloads/MUStARD/PodSarc/all_processed/overly-sarcastic-podcast__ospod-episode-65/ospod-episode-65_314.mp3
62_296,62,"really knows his stuff when it comes to Japanese history and, uh,",0,/Users/minjoolee/Downloads/MUStARD/PodSarc/all_processed/overly-sarcastic-podcast__ospod-episode-62/ospod-episode-62_296.mp3
80_232,80,"Flavor! It does. It hides, it hides a lot of alcohol taste.",0,/Users/minjoolee/Downloads/MUStARD/PodSarc/all_processed/overly-sarcastic-podcast__ospod-episode-80/ospod-episode-80_232.mp3
76_41,76,"is cited as the birthplace of Artemis and Ortigia is a name that a lot of islands have been assigned historically. And the thing I kept running into is like a half a dozen different islands have been called Ortigia. And I was like, cool, which islands? And they were like a half dozen of them. And I, I like went up the citation chain and I've learned to dread whenever a citation chain takes me into a dictionary because the dictionaries don't cite their sources. So it'll be like Ortigia, the name of a half dozen islands. And I'm like, fuck, but I did.",0,/Users/minjoolee/Downloads/MUStARD/PodSarc/all_processed/overly-sarcastic-podcast__ospod-episode-76/ospod-episode-76_41.mp3
62_144,62,"I'm like, this is great. Also, this is like the same, like, is it immoral to sell dice because that's too addictive?",0,/Users/minjoolee/Downloads/MUStARD/PodSarc/all_processed/overly-sarcastic-podcast__ospod-episode-62/ospod-episode-62_144.mp3
75_177,75,"That sounds familiar, but no, it's a game, right?",0,/Users/minjoolee/Downloads/MUStARD/PodSarc/all_processed/overly-sarcastic-podcast__ospod-episode-75/ospod-episode-75_177.mp3
75_350,75,"Yup. Check out our very special guest, uh, and his assorted social media platforms where you can see his extremely exciting Lego project. And if that's everything we needed to cover, then until next time.",0,/Users/minjoolee/Downloads/MUStARD/PodSarc/all_processed/overly-sarcastic-podcast__ospod-episode-75/ospod-episode-75_350.mp3
59_197,59,"Yeah. And, uh, Bobby Broccoli, uh, who does videos about, uh, like, like fraud and drama in the science community, which you wouldn't think there would be much, I guess, if you don't know much about scientists, but whole baby, there's a lot. Uh, the, the man who tried to fake an element is one I watched recently and it's rough in a, in a very.",0,/Users/minjoolee/Downloads/MUStARD/PodSarc/all_processed/overly-sarcastic-podcast__ospod-episode-59/ospod-episode-59_197.mp3
65_157,65,"That sounds familiar, but no. Uh, something rotten? Nope.",0,/Users/minjoolee/Downloads/MUStARD/PodSarc/all_processed/overly-sarcastic-podcast__ospod-episode-65/ospod-episode-65_157.mp3
53_193,53,"Oh, yeah.",0,/Users/minjoolee/Downloads/MUStARD/PodSarc/all_processed/overly-sarcastic-podcast__ospod-episode-53/ospod-episode-53_193.mp3
53_148,53,"What's interesting is I, I take a lot of trains and trains tend to cut through more unused parts of cities. So I see a lot of the sort of back end and it's like, that's just a whole, like half a warehouse. Cause the rest of it was burned down a while ago, it looks like, and nobody's done anything about it. So, okay then. So.",0,/Users/minjoolee/Downloads/MUStARD/PodSarc/all_processed/overly-sarcastic-podcast__ospod-episode-53/ospod-episode-53_148.mp3
55_325,55,"I got shit going on, but like, I, it's an ideal costume for me because I already have most of it. I just need the outer coat, uh, yeah. And maybe like, trim up some bangs or something.",0,/Users/minjoolee/Downloads/MUStARD/PodSarc/all_processed/overly-sarcastic-podcast__ospod-episode-55/ospod-episode-55_325.mp3
77_301,77,"So much to, like, think of ace characters.",0,/Users/minjoolee/Downloads/MUStARD/PodSarc/all_processed/overly-sarcastic-podcast__ospod-episode-77/ospod-episode-77_301.mp3
69_54,69,700 of being sat on by a kingdom.,0,/Users/minjoolee/Downloads/MUStARD/PodSarc/all_processed/overly-sarcastic-podcast__ospod-episode-69/ospod-episode-69_54.mp3
73_208,73,ds9. ds9. ds9. ds9. ds9. ds9. ds9. ds9. ds9. ds9. ds9.,0,/Users/minjoolee/Downloads/MUStARD/PodSarc/all_processed/overly-sarcastic-podcast__ospod-episode-73/ospod-episode-73_208.mp3
68_335,68,"Like, this username is already taken. Ah, fuck. All right. Hold on. It's case sensitive. Damn it.",0,/Users/minjoolee/Downloads/MUStARD/PodSarc/all_processed/overly-sarcastic-podcast__ospod-episode-68/ospod-episode-68_335.mp3
72_66,72,"Thanks. When I was researching it and writing it up, the theme kind of hit me right out the gate. Like, wow, this.",0,/Users/minjoolee/Downloads/MUStARD/PodSarc/all_processed/overly-sarcastic-podcast__ospod-episode-72/ospod-episode-72_66.mp3
63_333,63,"It's just fucked. Yeah. So for the soundtrack, that feels like it needs full orchestra. Like, you can't do it in a park with a collapsing tower. Yeah.",0,/Users/minjoolee/Downloads/MUStARD/PodSarc/all_processed/overly-sarcastic-podcast__ospod-episode-63/ospod-episode-63_333.mp3
62_23,62,So what do we stay up all night doing? Videos on the channel! Yeah!,0,/Users/minjoolee/Downloads/MUStARD/PodSarc/all_processed/overly-sarcastic-podcast__ospod-episode-62/ospod-episode-62_23.mp3
68_173,68,That's good. That's what you want to be.,0,/Users/minjoolee/Downloads/MUStARD/PodSarc/all_processed/overly-sarcastic-podcast__ospod-episode-68/ospod-episode-68_173.mp3
78_5,78,Two very different mental spaces to be occupying.,0,/Users/minjoolee/Downloads/MUStARD/PodSarc/all_processed/overly-sarcastic-podcast__ospod-episode-78/ospod-episode-78_5.mp3
54_249,54,"I think we are all so dedicated to like, good recording quality, but like, the thought of that.",0,/Users/minjoolee/Downloads/MUStARD/PodSarc/all_processed/overly-sarcastic-podcast__ospod-episode-54/ospod-episode-54_249.mp3
55_203,55,"Yes, I know they exist, but that doesn't mean I've heard any of their stuff.",0,/Users/minjoolee/Downloads/MUStARD/PodSarc/all_processed/overly-sarcastic-podcast__ospod-episode-55/ospod-episode-55_203.mp3
75_192,75,"Fun fact, uh, for Dominic Noble's April Fool's The Room video, uh, he invented a fake author who wrote the, the book that The Room was based on, and it's me with Photoshopped glasses and a beard. Yeah.",0,/Users/minjoolee/Downloads/MUStARD/PodSarc/all_processed/overly-sarcastic-podcast__ospod-episode-75/ospod-episode-75_192.mp3
78_125,78,That's a fun question.,0,/Users/minjoolee/Downloads/MUStARD/PodSarc/all_processed/overly-sarcastic-podcast__ospod-episode-78/ospod-episode-78_125.mp3
77_56,77,"If they do like one thing, if they, if they, if they ever.",0,/Users/minjoolee/Downloads/MUStARD/PodSarc/all_processed/overly-sarcastic-podcast__ospod-episode-77/ospod-episode-77_56.mp3
53_129,53,Very not accustomed to there being layers and layers of known history everywhere I go.,0,/Users/minjoolee/Downloads/MUStARD/PodSarc/all_processed/overly-sarcastic-podcast__ospod-episode-53/ospod-episode-53_129.mp3
55_377,55,"So, I think, I think that absolutely works, especially if Blue, you're in the Castlevania continuity, so you've been in the castle for a lot of this, like, doing the crazy magical shit.",0,/Users/minjoolee/Downloads/MUStARD/PodSarc/all_processed/overly-sarcastic-podcast__ospod-episode-55/ospod-episode-55_377.mp3
74_224,74,"Like, a whole bunch of different spears and stuff you can do too. Like, you want to do halberd fencing? Go nuts.",0,/Users/minjoolee/Downloads/MUStARD/PodSarc/all_processed/overly-sarcastic-podcast__ospod-episode-74/ospod-episode-74_224.mp3
67_336,67,"Yeah, the, uh, difference in tailoring really changed everything. Cause I had got a suit for blue and science wedding. Uh, and I remember being on the website trying to order, like, I don't understand how any of this works. And then going into the, the actual store and being like, just put me in something and tell me what size it is.",0,/Users/minjoolee/Downloads/MUStARD/PodSarc/all_processed/overly-sarcastic-podcast__ospod-episode-67/ospod-episode-67_336.mp3
74_70,74,"It's baffling. Um, but yeah, so, uh, basically, um, as I was cutting through it, I was like,",0,/Users/minjoolee/Downloads/MUStARD/PodSarc/all_processed/overly-sarcastic-podcast__ospod-episode-74/ospod-episode-74_70.mp3
67_141,67,"Yeah, yeah.",0,/Users/minjoolee/Downloads/MUStARD/PodSarc/all_processed/overly-sarcastic-podcast__ospod-episode-67/ospod-episode-67_141.mp3
79_349,79,"We got it. We got a pizzel, we got a chocolate monstrosity, and we got, uh, and maybe some hamantashen on the side. Potentially kularakia, maybe some other variant of a Greek cookie, who knows.",0,/Users/minjoolee/Downloads/MUStARD/PodSarc/all_processed/overly-sarcastic-podcast__ospod-episode-79/ospod-episode-79_349.mp3
58_184,58,"Yeah, most definitely. Uh, we have got, uh.",0,/Users/minjoolee/Downloads/MUStARD/PodSarc/all_processed/overly-sarcastic-podcast__ospod-episode-58/ospod-episode-58_184.mp3
69_144,69,"Yeah, yeah, yeah.",0,/Users/minjoolee/Downloads/MUStARD/PodSarc/all_processed/overly-sarcastic-podcast__ospod-episode-69/ospod-episode-69_144.mp3
72_123,72,"thank you, too, fair.",0,/Users/minjoolee/Downloads/MUStARD/PodSarc/all_processed/overly-sarcastic-podcast__ospod-episode-72/ospod-episode-72_123.mp3
54_11,54,We're going into this Q&A dry. Anyway.,0,/Users/minjoolee/Downloads/MUStARD/PodSarc/all_processed/overly-sarcastic-podcast__ospod-episode-54/ospod-episode-54_11.mp3
74_200,74,"historical founding father, city darling, Ben Franklin. I do think it could be fun to have like a final smash where he's making the kite fly with the key. And then the lightning comes down and that's like the big, yeah. I feel like that's an easy one. Lots of old man jumping around could be entertaining.",0,/Users/minjoolee/Downloads/MUStARD/PodSarc/all_processed/overly-sarcastic-podcast__ospod-episode-74/ospod-episode-74_200.mp3
62_28,62,Nice. Yeah. Yeah.,0,/Users/minjoolee/Downloads/MUStARD/PodSarc/all_processed/overly-sarcastic-podcast__ospod-episode-62/ospod-episode-62_28.mp3
72_205,72,"And then, without warning, the next issue is by a completely different team, and now you don't like it anymore. So these characters that you like are on like a yo-yo, where it's like, oh man, this Thor run is so good, this first arc is great, and then, uh, no, everything after it is bad, unfortunately, like,",0,/Users/minjoolee/Downloads/MUStARD/PodSarc/all_processed/overly-sarcastic-podcast__ospod-episode-72/ospod-episode-72_205.mp3
59_119,59,"Anyway, so. I had a good time, except for the people who were like, hey, did you know? It's like, I did know. It's not true. Anyway, so that's, that's my piece, roughly said.",0,/Users/minjoolee/Downloads/MUStARD/PodSarc/all_processed/overly-sarcastic-podcast__ospod-episode-59/ospod-episode-59_119.mp3
56_262,56,"take a week or two off, take a month or two off, heck, take a year off depending on what kind of project it is, come back with fresh eyes and be like, okay, cool, because you'll have in your head what your broad intentions were, and then you can go through it",0,/Users/minjoolee/Downloads/MUStARD/PodSarc/all_processed/overly-sarcastic-podcast__ospod-episode-56/ospod-episode-56_262.mp3
58_118,58,"Yeah, no, no spice in this one, really. Um, it's just very simple. Yeah, it was a hijinks video. Yeah.",0,/Users/minjoolee/Downloads/MUStARD/PodSarc/all_processed/overly-sarcastic-podcast__ospod-episode-58/ospod-episode-58_118.mp3
55_218,55,"Because I, I have a deep feeling, looking at my running spreadsheet of all of the stuff that's been asked. I don't think the next three, any of them.",0,/Users/minjoolee/Downloads/MUStARD/PodSarc/all_processed/overly-sarcastic-podcast__ospod-episode-55/ospod-episode-55_218.mp3
63_41,63,"The clip that you, you pulled that really made me think, oh wow, like, that's just deceptive storytelling was, um, uh, the Prince in Frozen.",0,/Users/minjoolee/Downloads/MUStARD/PodSarc/all_processed/overly-sarcastic-podcast__ospod-episode-63/ospod-episode-63_41.mp3
68_230,68,20 years ago. Yeah.,0,/Users/minjoolee/Downloads/MUStARD/PodSarc/all_processed/overly-sarcastic-podcast__ospod-episode-68/ospod-episode-68_230.mp3
59_184,59,"And the, uh, oh, god, uh, I've recommended this before. Uh, it's the electro, it's the electro swing final countdown. Uh, it's just so good.",0,/Users/minjoolee/Downloads/MUStARD/PodSarc/all_processed/overly-sarcastic-podcast__ospod-episode-59/ospod-episode-59_184.mp3
53_358,53,"metric, where it's like, if the events didn't happen to the letter, it's inaccurate. So, like, gladiator is inaccurate. You know, it didn't happen that way.",0,/Users/minjoolee/Downloads/MUStARD/PodSarc/all_processed/overly-sarcastic-podcast__ospod-episode-53/ospod-episode-53_358.mp3
61_139,61,"I feel like I heard everyone in the audience, their heads just went",0,/Users/minjoolee/Downloads/MUStARD/PodSarc/all_processed/overly-sarcastic-podcast__ospod-episode-61/ospod-episode-61_139.mp3
67_63,67,"I'm just going to use this version that I have right now. I'm not going to wait for the official one. And then I, they never ended up getting back to me. So, uh, cause they were just extremely busy. So I was like, okay, good, good. I, I had the right VOD. Uh, I just, I downloaded a copy before I got overwritten, ended up being fine. Um, if I wasn't paranoid, maybe we would have lost the, the footage, uh, entirely, or at least not have had it in time for, for the upload date, but, uh, a little bit of a, uh, uh,",0,/Users/minjoolee/Downloads/MUStARD/PodSarc/all_processed/overly-sarcastic-podcast__ospod-episode-67/ospod-episode-67_63.mp3
62_359,62,"And this is a dab, which is my taunt. You're, you can't see it. You're going to have to imagine it. Hiya! Alright.",0,/Users/minjoolee/Downloads/MUStARD/PodSarc/all_processed/overly-sarcastic-podcast__ospod-episode-62/ospod-episode-62_359.mp3
54_84,54,"You ever participate in a conversation where you know, like, you're too stupid to actually add anything to the conversation?",0,/Users/minjoolee/Downloads/MUStARD/PodSarc/all_processed/overly-sarcastic-podcast__ospod-episode-54/ospod-episode-54_84.mp3
75_297,75,"To break it down again feels strange after spending all this time and effort. But what do I do with it? Uh, so I think the last time I remember trying to build something out of Lego, I wanted to see if I could make, uh, like a little plane that would actually glide and it didn't. So, you know.",0,/Users/minjoolee/Downloads/MUStARD/PodSarc/all_processed/overly-sarcastic-podcast__ospod-episode-75/ospod-episode-75_297.mp3
66_280,66,"Also, yeah, if, if I'm making them at home, just in terms of the mess, it's so much easier to clean up after making pancakes than it is after making waffles, because like waffle makers are categorically impossible to clean. Specialized equipment is a new challenge.",0,/Users/minjoolee/Downloads/MUStARD/PodSarc/all_processed/overly-sarcastic-podcast__ospod-episode-66/ospod-episode-66_280.mp3
63_240,63,"Yeah, yeah, yeah.",0,/Users/minjoolee/Downloads/MUStARD/PodSarc/all_processed/overly-sarcastic-podcast__ospod-episode-63/ospod-episode-63_240.mp3
53_263,53,"I, I, I shouldn't speak too aggressively and too loudly in the presence of someone who knows so much more about Ephesus than I do, but that was the one that I was like, oh my gosh, you guys, don't, don't come with this stuff, this is bad.",0,/Users/minjoolee/Downloads/MUStARD/PodSarc/all_processed/overly-sarcastic-podcast__ospod-episode-53/ospod-episode-53_263.mp3
68_233,68,"I think Joan of Arc should have been not murdered. I think she would have been great. I think maybe like, I don't know, just on principle.",0,/Users/minjoolee/Downloads/MUStARD/PodSarc/all_processed/overly-sarcastic-podcast__ospod-episode-68/ospod-episode-68_233.mp3
53_424,53,"I'm like, Oh, I'm tired of this. I got to put it down and do this other work instead. Uh, cause that way it can all be progress.",0,/Users/minjoolee/Downloads/MUStARD/PodSarc/all_processed/overly-sarcastic-podcast__ospod-episode-53/ospod-episode-53_424.mp3
72_89,72,Yeah. Yeah. Yeah.,0,/Users/minjoolee/Downloads/MUStARD/PodSarc/all_processed/overly-sarcastic-podcast__ospod-episode-72/ospod-episode-72_89.mp3
75_122,75,"Yeah, no, I really appreciate that. And yeah, you've been one of the most active users on there. So that's awesome. But, uh, uh, yeah. So Instagram and Patreon, I guess, are the two that I post on most often. And like you said, there's also YouTube, but Patreon definitely, especially the top tier, the,",0,/Users/minjoolee/Downloads/MUStARD/PodSarc/all_processed/overly-sarcastic-podcast__ospod-episode-75/ospod-episode-75_122.mp3
56_196,56,"When I saw that, I was like, what the fuck is that thing? Uh, and that's how you know, uh, I, I needed that. Um.",0,/Users/minjoolee/Downloads/MUStARD/PodSarc/all_processed/overly-sarcastic-podcast__ospod-episode-56/ospod-episode-56_196.mp3
54_351,54,"Uh, Chippendale Rescue Rangers? Oh, yeah. Chippendales. Yeah, that one.",0,/Users/minjoolee/Downloads/MUStARD/PodSarc/all_processed/overly-sarcastic-podcast__ospod-episode-54/ospod-episode-54_351.mp3
77_174,77,"Yeah, I can, I can picture it in my mind right now.",0,/Users/minjoolee/Downloads/MUStARD/PodSarc/all_processed/overly-sarcastic-podcast__ospod-episode-77/ospod-episode-77_174.mp3
57_179,57,"Yeah. So I guess in this case, history, Norse style.",0,/Users/minjoolee/Downloads/MUStARD/PodSarc/all_processed/overly-sarcastic-podcast__ospod-episode-57/ospod-episode-57_179.mp3
56_33,56,"Got some valuable input from the crew. Can confirm. Yes. Consider that checked off. Yeah, good.",0,/Users/minjoolee/Downloads/MUStARD/PodSarc/all_processed/overly-sarcastic-podcast__ospod-episode-56/ospod-episode-56_33.mp3
62_254,62,"Like, the actual lightstick prop they put the VFX on of, like, the fucking, like, lightsaber keyblade and, like, the scissors on the end. Like, I want that.",0,/Users/minjoolee/Downloads/MUStARD/PodSarc/all_processed/overly-sarcastic-podcast__ospod-episode-62/ospod-episode-62_254.mp3
79_47,79,"The amount of vindication from the people who were like, you know, like, I honestly, like, really enjoyed Spider-Man 3, I watched it at exactly the right age, where, like, I didn't think it was a masterpiece of cinema, but goddamn, it was funny, and I liked it, or like, yeah, you know, Spider-Man 2, not, not as much of a masterpiece as, like, people claim, and it's like, if,",0,/Users/minjoolee/Downloads/MUStARD/PodSarc/all_processed/overly-sarcastic-podcast__ospod-episode-79/ospod-episode-79_47.mp3
60_332,60,"You know, we're taking our normal week off after that. And so it's three weeks. And then after that, it'll just be more every two weeks, bi-weekly, not that bi-weekly, the other bi-weekly.",0,/Users/minjoolee/Downloads/MUStARD/PodSarc/all_processed/overly-sarcastic-podcast__ospod-episode-60/ospod-episode-60_332.mp3
55_163,55,"They're in a fixed stock, so again, if you like them, grab them. We can't guarantee how long they'll be in for. They are in the warehouse, so they'll ship out pretty quickly, which is great.",0,/Users/minjoolee/Downloads/MUStARD/PodSarc/all_processed/overly-sarcastic-podcast__ospod-episode-55/ospod-episode-55_163.mp3
55_10,55,November 1st is All Saints Day. November 2nd is All Souls Day. This is the content that you come to us.,0,/Users/minjoolee/Downloads/MUStARD/PodSarc/all_processed/overly-sarcastic-podcast__ospod-episode-55/ospod-episode-55_10.mp3
53_126,53,"Oh, that hurts me. But I understand why. It's like, there's too much of it, you know? Yeah, I mean, it's just different.",0,/Users/minjoolee/Downloads/MUStARD/PodSarc/all_processed/overly-sarcastic-podcast__ospod-episode-53/ospod-episode-53_126.mp3
64_280,64,"Also, um, Noice, uh, from Keen Peel. I think I got you on that, too.",0,/Users/minjoolee/Downloads/MUStARD/PodSarc/all_processed/overly-sarcastic-podcast__ospod-episode-64/ospod-episode-64_280.mp3
77_6,77,I have chosen to consume neither of those things. I've got water. Smart.,0,/Users/minjoolee/Downloads/MUStARD/PodSarc/all_processed/overly-sarcastic-podcast__ospod-episode-77/ospod-episode-77_6.mp3
71_34,71,"Oh boy. But yes, the video that you made, there was a video. Later that day.",1,/Users/minjoolee/Downloads/MUStARD/PodSarc/all_processed/overly-sarcastic-podcast__ospod-episode-71/ospod-episode-71_34.mp3
61_178,61,"Like, this may surprise the viewers, but I don't tend to pay all that much attention to couples in history and mythology. And most of them are messes, especially in the mythology side of things, where it's like, if you're lucky, maybe this character has a consistent consort. If you're not, who the fuck knows? So, uh.",1,/Users/minjoolee/Downloads/MUStARD/PodSarc/all_processed/overly-sarcastic-podcast__ospod-episode-61/ospod-episode-61_178.mp3
76_234,76,"I'm weirdly good at the made in three ones because I have a tendency to just be like, oh, cool. I can move to threaten them. I'll just do that immediately. Like that was always my play style. And usually that's the right way to set up made in three, but it's terrible for those like made in one or made in two ones. Cause I'm like, I can put them in check and it's like, no, you're supposed to win. I'm like, I can put them in check from over here. I usually just like stumble into victory.",1,/Users/minjoolee/Downloads/MUStARD/PodSarc/all_processed/overly-sarcastic-podcast__ospod-episode-76/ospod-episode-76_234.mp3
53_144,53,"five, forty-three, population zero after the Physicots kicked them out. Um, yeah, literally abandoned for a couple months. Um, but like, when, when the population retracts that much, there's just so much stuff that's going to be unused. And even a couple generations, like, Red, you joke, but like, yeah, it's like, that's Gaia's now. No one's using that house cause they're not enough people to need that house. So, and then a hundred years later when it's like, oh, we could actually use that house. It's like, oh, there's just dirt on the floor. Okay. Weird. Whatever. And then you wouldn't even think to dig down.",1,/Users/minjoolee/Downloads/MUStARD/PodSarc/all_processed/overly-sarcastic-podcast__ospod-episode-53/ospod-episode-53_144.mp3
79_137,79,"We're going to try and get as many, uh, armor sets as we can. I think it'll be fun. Um, but, uh, we're probably going to do the same thing we did with the, with the mega stream where it's like, Hey, if you donate these specific amounts, you might be able to be like, no paraglider, no pants. And I think pants are the only luminous armor set I have right now. So that would be a little bit devastating.",1,/Users/minjoolee/Downloads/MUStARD/PodSarc/all_processed/overly-sarcastic-podcast__ospod-episode-79/ospod-episode-79_137.mp3
75_266,75,"And every single semester, I got one of those two types.",1,/Users/minjoolee/Downloads/MUStARD/PodSarc/all_processed/overly-sarcastic-podcast__ospod-episode-75/ospod-episode-75_266.mp3
79_123,79,"But it was very, very reassuring to see people in the comments be like, I had a nice good cry about this and I felt better because of the thing about catharsis. And there were a few people who were like,",1,/Users/minjoolee/Downloads/MUStARD/PodSarc/all_processed/overly-sarcastic-podcast__ospod-episode-79/ospod-episode-79_123.mp3
66_114,66,The problem is league characters from the games are so over designed.,1,/Users/minjoolee/Downloads/MUStARD/PodSarc/all_processed/overly-sarcastic-podcast__ospod-episode-66/ospod-episode-66_114.mp3
61_229,61,"Speak with someone every single day to still have a meaningful connection with them. Um, maybe you could talk more than once a year. I don't know. But, you know, you really have to decide like.",1,/Users/minjoolee/Downloads/MUStARD/PodSarc/all_processed/overly-sarcastic-podcast__ospod-episode-61/ospod-episode-61_229.mp3
68_113,68,"Yeah. I think I, I showed, um, either Adam or Cyan and they were like, oh, so she's gone mad. I'm like, yes.",1,/Users/minjoolee/Downloads/MUStARD/PodSarc/all_processed/overly-sarcastic-podcast__ospod-episode-68/ospod-episode-68_113.mp3
60_229,60,"Even after getting through all that, like, imagine that the video were to be made. You get people like, oh, like song lines. Like, yeah, there are like some sailing songs that guide you through where you're supposed to sail in like certain areas. It's like, it's not the same. You will be tempted to think that they are similar. They super duper aren't.",1,/Users/minjoolee/Downloads/MUStARD/PodSarc/all_processed/overly-sarcastic-podcast__ospod-episode-60/ospod-episode-60_229.mp3
78_124,78,"This first question comes from Luinator to everyone except Indigo, which is why I'm asking this question because it's not directed at me. Uh, in the last After After Show show, Blue commented on Indigo quote unquote living on the edge because she got a daring haircut before VidCon. What extreme things are you doing to live on the edge? So what are your daring haircut equivalent?",1,/Users/minjoolee/Downloads/MUStARD/PodSarc/all_processed/overly-sarcastic-podcast__ospod-episode-78/ospod-episode-78_124.mp3
77_160,77,"I think I remember hearing that they had to do it differently, that it does, it's actually well built enough that it doesn't shatter quite that thoroughly. And this is, this is maybe a different conversation, but like, in terms of the scale of effects and what's impressive to see, like destruction physics rendered on a computer is like, okay, whatever. That's like, you know, a couple hundred clicks, like, sure.",1,/Users/minjoolee/Downloads/MUStARD/PodSarc/all_processed/overly-sarcastic-podcast__ospod-episode-77/ospod-episode-77_160.mp3
61_105,61,"point is that I do dunk on him with the memes, and I try to explain, like, there was more going on here. Um, so I, I can understand anyone's disappointment with, uh, with the structure of this video. Um, I, I do think I, I've, I've once again learned the, the allure and the danger of those kinds of, like, slightly confrontational videos, because this was my best performing history video since The Dark Ages Were Fine, actually, which was a confrontational tone that I still look back and I'm like,",1,/Users/minjoolee/Downloads/MUStARD/PodSarc/all_processed/overly-sarcastic-podcast__ospod-episode-61/ospod-episode-61_105.mp3
68_345,68,"Great. Thank you all so much for listening. As always, we'll be back in two weeks with another, uh, fun and fun-filled episode of the Overly Psychastic Podcast. That's right.",1,/Users/minjoolee/Downloads/MUStARD/PodSarc/all_processed/overly-sarcastic-podcast__ospod-episode-68/ospod-episode-68_345.mp3
79_261,79,"Like a costume like that where it's like, quick hit the emergency release switch and just like the whole thing explodes off of you. It has to be spring loaded. Yeah.",1,/Users/minjoolee/Downloads/MUStARD/PodSarc/all_processed/overly-sarcastic-podcast__ospod-episode-79/ospod-episode-79_261.mp3
56_373,56,"Thanks so much for listening to this week's episode of the Overly Sarcastic Podcast. We'll be back on November 30th with another thrilling installment featuring special guest Yellow, uh, aka Ludo History. But if you missed us before then, check out Overly Sarcastic Productions on YouTube.",1,/Users/minjoolee/Downloads/MUStARD/PodSarc/all_processed/overly-sarcastic-podcast__ospod-episode-56/ospod-episode-56_373.mp3
69_315,69,"Too much stuff, not enough space. Except for we didn't have space bags. We had a studio apartment.",1,/Users/minjoolee/Downloads/MUStARD/PodSarc/all_processed/overly-sarcastic-podcast__ospod-episode-69/ospod-episode-69_315.mp3
75_66,75,"I don't want to derail. It's just, it's funny to me when you were just like laying out the problem solving of like, okay, either this was in the eight hundreds or the 12 hundreds and neither of these quite work with the timeline is like.",1,/Users/minjoolee/Downloads/MUStARD/PodSarc/all_processed/overly-sarcastic-podcast__ospod-episode-75/ospod-episode-75_66.mp3
53_352,53,"Creative Commons, no licensing stuff that you can put in the background of episodes of other stuff. So it feels seasonally appropriate to watch it as though I am living in a different movie. Oh, of course. I don't know if that makes sense.",1,/Users/minjoolee/Downloads/MUStARD/PodSarc/all_processed/overly-sarcastic-podcast__ospod-episode-53/ospod-episode-53_352.mp3
63_55,63,By its very nature. Talking about this trope means that there will be spoilers literally everywhere.,1,/Users/minjoolee/Downloads/MUStARD/PodSarc/all_processed/overly-sarcastic-podcast__ospod-episode-63/ospod-episode-63_55.mp3
64_83,64,"That was the case with Takoyo in The Sea Monster where I was like, I can't find anything. And some of it might just be because this, this Brit didn't know how he was spelling anything and didn't know what anybody was saying to him or how to write it. And that's why I can't look it up. But also, you never know with this stuff, man. I mean.",1,/Users/minjoolee/Downloads/MUStARD/PodSarc/all_processed/overly-sarcastic-podcast__ospod-episode-64/ospod-episode-64_83.mp3
77_82,77,"That's the thing. The allegory maneuver. Um, but the thing is that, God, I think it was like several podcast episodes back where I mentioned I'd watched, uh, like this Skull Island animated miniseries on Netflix, uh, which actually ends with this maneuver. I don't think I used it as an example, but it was so perfect, uh, where it was pretty clear that like they were choreographing the final fight and then they realized they had like one viewer episodes than they thought they did. They were like, well, shit, uh, quick, make it a sequel hook. And the POV character slams her head into a tree, is knocked unconscious,",1,/Users/minjoolee/Downloads/MUStARD/PodSarc/all_processed/overly-sarcastic-podcast__ospod-episode-77/ospod-episode-77_82.mp3
57_53,57,"half of that conversation is about how ridiculous and weird they act when you look at them from that perspective and it's like, yes, that's because that's not the way they are intended.",1,/Users/minjoolee/Downloads/MUStARD/PodSarc/all_processed/overly-sarcastic-podcast__ospod-episode-57/ospod-episode-57_53.mp3
65_214,65,"And once you get good, uh, it's pretty easy to just kill your way through it and then you can just relax and have fun on your horse. Yeah.",1,/Users/minjoolee/Downloads/MUStARD/PodSarc/all_processed/overly-sarcastic-podcast__ospod-episode-65/ospod-episode-65_214.mp3
70_69,70,"And it was just really fun, you know, to sit back for a couple hours and just get educated.",1,/Users/minjoolee/Downloads/MUStARD/PodSarc/all_processed/overly-sarcastic-podcast__ospod-episode-70/ospod-episode-70_69.mp3
74_78,74,"If you put a superhero in a world that does not need any superheroes because there is evidently no crime that anyone ever considers worth stopping and the only threats are like once a movie and everything else is peachy keen and fine, then you're going to end up in a situation where the superheroes feel weirdly directionless and pointless and the whole thing turns into this argument over whether we need them in a contrived setting where you don't.",1,/Users/minjoolee/Downloads/MUStARD/PodSarc/all_processed/overly-sarcastic-podcast__ospod-episode-74/ospod-episode-74_78.mp3
63_181,63,"Well, it helps if you grow up in a family where everybody already talks fast. So the only way to win in conversations is to talk faster.",1,/Users/minjoolee/Downloads/MUStARD/PodSarc/all_processed/overly-sarcastic-podcast__ospod-episode-63/ospod-episode-63_181.mp3
68_204,68,"Perhaps I confused the backpack and then it worked great, so.",1,/Users/minjoolee/Downloads/MUStARD/PodSarc/all_processed/overly-sarcastic-podcast__ospod-episode-68/ospod-episode-68_204.mp3
71_281,71,"Well, I'm just thinking, like, if it can only control me with the feet, it's like, alright, it's, it's control is limited, but for skateboarding, really all I need is the legs to work. Yeah, I'm completely on board.",1,/Users/minjoolee/Downloads/MUStARD/PodSarc/all_processed/overly-sarcastic-podcast__ospod-episode-71/ospod-episode-71_281.mp3
62_20,62,"It's got the same energy as when people have been watching the Breath of the Wild stream VODs and all say like, Oh yeah, I think I'll end it right on the hour. And there's like,",1,/Users/minjoolee/Downloads/MUStARD/PodSarc/all_processed/overly-sarcastic-podcast__ospod-episode-62/ospod-episode-62_20.mp3
63_283,63,"I'll be honest, I respect the existence of horny ASMR. Like, I know everything has a horny version, but that one actually, like, I understand why they went horny for that.",1,/Users/minjoolee/Downloads/MUStARD/PodSarc/all_processed/overly-sarcastic-podcast__ospod-episode-63/ospod-episode-63_283.mp3
78_38,78,"Uh, working on this video. It was, it was truly a special one, but the rare kind of project that",1,/Users/minjoolee/Downloads/MUStARD/PodSarc/all_processed/overly-sarcastic-podcast__ospod-episode-78/ospod-episode-78_38.mp3
76_192,76,"Maybe my all time favorite, one of my all time favorite movies, uh, Baz Luhrmann's Romeo plus Juliet. If you're not, if you're not watching that play, it's incredibly text accurate. And also everyone's wearing like a Hawaiian shirt. I think it's great. I think it's a fantastic, uh, movie.",1,/Users/minjoolee/Downloads/MUStARD/PodSarc/all_processed/overly-sarcastic-podcast__ospod-episode-76/ospod-episode-76_192.mp3
65_247,65,We would have just gotten very meta about how we think of these videos.,1,/Users/minjoolee/Downloads/MUStARD/PodSarc/all_processed/overly-sarcastic-podcast__ospod-episode-65/ospod-episode-65_247.mp3
75_295,75,"No, I'm not a Lego kid. I'm committing, like, I'm outing myself as the, the one person who's just.",1,/Users/minjoolee/Downloads/MUStARD/PodSarc/all_processed/overly-sarcastic-podcast__ospod-episode-75/ospod-episode-75_295.mp3
54_234,54,"I don't care if they're not either. No, this shit doesn't scare me. Like, yeah, go ahead and be in the corner. I'm still going to be a gross asshole. I don't care. Like, how often.",1,/Users/minjoolee/Downloads/MUStARD/PodSarc/all_processed/overly-sarcastic-podcast__ospod-episode-54/ospod-episode-54_234.mp3
56_8,56,"I made my first batch of cocoa for the season, so I'm, I'm, I'm enjoying the fruits of my labors over here.",1,/Users/minjoolee/Downloads/MUStARD/PodSarc/all_processed/overly-sarcastic-podcast__ospod-episode-56/ospod-episode-56_8.mp3
75_32,75,"Turbo wiped, but what I, what I liked about this episode was, I mean, to your point, it was different in that it was covering a stock episode type rather than a character archetype or like a, a story quirk of the medium. Um, which like the, uh, the, those dang phones episodes is like this, this isn't a stock episode type. This is just like, why is writing like this? Um, but I, I thought it was interesting to get into the.",1,/Users/minjoolee/Downloads/MUStARD/PodSarc/all_processed/overly-sarcastic-podcast__ospod-episode-75/ospod-episode-75_32.mp3
54_179,54,"And it's like, well, you have to make fucking content first and then you can come to me and tell me what I can do. So.",1,/Users/minjoolee/Downloads/MUStARD/PodSarc/all_processed/overly-sarcastic-podcast__ospod-episode-54/ospod-episode-54_179.mp3
72_159,72,"I guess, like, realistically, as much as I like Superman, I feel like I'd make a good, like, oracle type character for Batman. I mean, oracle already does the job so well, so either I'd just be, like, useless or redundant or hoping for a universe where there is no oracle as of yet.",1,/Users/minjoolee/Downloads/MUStARD/PodSarc/all_processed/overly-sarcastic-podcast__ospod-episode-72/ospod-episode-72_159.mp3
54_255,54,"This question comes from Athena06, for both slash all, who would play you in a movie about your life and for Blue specifically, why is it Benedict Cumberbatch? Oh, I have to read the questions as they are.",1,/Users/minjoolee/Downloads/MUStARD/PodSarc/all_processed/overly-sarcastic-podcast__ospod-episode-54/ospod-episode-54_255.mp3
72_298,72,"But, I, I did not go on any of the rides. I was just, like, waiting to, like, for them to go on the rides in the long lines and come back, and I was like, it seems like you guys are having fun, but I-",1,/Users/minjoolee/Downloads/MUStARD/PodSarc/all_processed/overly-sarcastic-podcast__ospod-episode-72/ospod-episode-72_298.mp3
67_256,67,"I, I have no sense of direction. Uh, but I still managed to mostly get around New York city without getting lost through understanding where the grocery store was in relation to whatever apartment I was living in, et cetera.",1,/Users/minjoolee/Downloads/MUStARD/PodSarc/all_processed/overly-sarcastic-podcast__ospod-episode-67/ospod-episode-67_256.mp3
79_269,79,"And, uh, I've also been on Movie Struck a few times. You might have heard of it. It's pretty cool.",1,/Users/minjoolee/Downloads/MUStARD/PodSarc/all_processed/overly-sarcastic-podcast__ospod-episode-79/ospod-episode-79_269.mp3
64_203,64,"I kind of think that this thing is, is actually not a great thing to include in a story, or wow, I really see the value of this thing that I previously didn't get.",1,/Users/minjoolee/Downloads/MUStARD/PodSarc/all_processed/overly-sarcastic-podcast__ospod-episode-64/ospod-episode-64_203.mp3
57_272,57,And then it made perfect sense that they were furious about it.,1,/Users/minjoolee/Downloads/MUStARD/PodSarc/all_processed/overly-sarcastic-podcast__ospod-episode-57/ospod-episode-57_272.mp3
55_109,55,"Let's do it. Let's do it right. Let's, let's, let's video it up. Let's do it seriously. Let's, uh, let's get some time to edit if we, if we screw anything up too badly. Let's make sure our technical difficulties don't potentially destroy us, uh, which, well, you know.",1,/Users/minjoolee/Downloads/MUStARD/PodSarc/all_processed/overly-sarcastic-podcast__ospod-episode-55/ospod-episode-55_109.mp3
80_222,80,"Test thy metal, warrior. I like black coffee.",1,/Users/minjoolee/Downloads/MUStARD/PodSarc/all_processed/overly-sarcastic-podcast__ospod-episode-80/ospod-episode-80_222.mp3
53_77,53,"I can't, I mean, you know, the, to the historians on this call, like, you know, there's never enough context. You can never put everything into one video. So.",1,/Users/minjoolee/Downloads/MUStARD/PodSarc/all_processed/overly-sarcastic-podcast__ospod-episode-53/ospod-episode-53_77.mp3
69_380,69,"Yeah, blue looks like he's Googling.",1,/Users/minjoolee/Downloads/MUStARD/PodSarc/all_processed/overly-sarcastic-podcast__ospod-episode-69/ospod-episode-69_380.mp3
68_318,68,Who can fucking beat the Queen Anne's revenge? I named my first external hard drive that.,1,/Users/minjoolee/Downloads/MUStARD/PodSarc/all_processed/overly-sarcastic-podcast__ospod-episode-68/ospod-episode-68_318.mp3
69_331,69,"If they're doing the dishes in a way that you don't like, you have two options. Do the dishes. Or let them do the dishes.",1,/Users/minjoolee/Downloads/MUStARD/PodSarc/all_processed/overly-sarcastic-podcast__ospod-episode-69/ospod-episode-69_331.mp3
60_122,60,"The implied thread is like, if you go on a mission, uh, for the Tribune to go cover some story as a correspondent, and you don't come back with some rock from a place, I'll be disappointed. So it's like, acquire it by honorable means. Uh.",1,/Users/minjoolee/Downloads/MUStARD/PodSarc/all_processed/overly-sarcastic-podcast__ospod-episode-60/ospod-episode-60_122.mp3
77_16,77,"Really damn well. I'm, I'm super happy with, uh, the, the kind of like narrative we were able to construct and explaining how the game works and, and why it's so fascinating as a Greek mythology, urban fantasy, murder mystery, interactive musical.",1,/Users/minjoolee/Downloads/MUStARD/PodSarc/all_processed/overly-sarcastic-podcast__ospod-episode-77/ospod-episode-77_16.mp3
74_75,74,"She, she's like, if I, you know, if I stop, who does this? And Caps like, maybe it doesn't need to be done. I think we both need to get a life. And I was like, this is.",1,/Users/minjoolee/Downloads/MUStARD/PodSarc/all_processed/overly-sarcastic-podcast__ospod-episode-74/ospod-episode-74_75.mp3
64_66,64,"These real performance people, you know, reading it out loud for realsies shows like this is very fun and genuinely a wonderful piece of literature in addition to, you know,",1,/Users/minjoolee/Downloads/MUStARD/PodSarc/all_processed/overly-sarcastic-podcast__ospod-episode-64/ospod-episode-64_66.mp3
80_323,80,"Uh, don't think I've missed anything. This feels like it's shorter than normal. I'm not entirely sure why.",1,/Users/minjoolee/Downloads/MUStARD/PodSarc/all_processed/overly-sarcastic-podcast__ospod-episode-80/ospod-episode-80_323.mp3
78_119,78,"Uh, about stray gods. I've got this video and then the one that we recorded on Friday, um, may break a Detailed Diet Tribe record. We'll see how aggressively I edit it.",1,/Users/minjoolee/Downloads/MUStARD/PodSarc/all_processed/overly-sarcastic-podcast__ospod-episode-78/ospod-episode-78_119.mp3
80_2,80,"My favorite space phenomenist, Princess Russell, Lynette.",1,/Users/minjoolee/Downloads/MUStARD/PodSarc/all_processed/overly-sarcastic-podcast__ospod-episode-80/ospod-episode-80_2.mp3
74_121,74,"And, uh, again, like, I think there is a difference between, like, this is a valid criticism of all these movies and, like, movies that don't do this are good and movies that do this are bad. Cause it's like, I'm not gonna, I'm not gonna sit here and tell you that Blade 1998 is a flawless piece of cinema. As much fun as I had with it.",1,/Users/minjoolee/Downloads/MUStARD/PodSarc/all_processed/overly-sarcastic-podcast__ospod-episode-74/ospod-episode-74_121.mp3
72_272,72,"But then, like, there's the one thing where it's like, I caught her during office hours when she was really stressed and I swear she crushed that doorknob in her hands.",1,/Users/minjoolee/Downloads/MUStARD/PodSarc/all_processed/overly-sarcastic-podcast__ospod-episode-72/ospod-episode-72_272.mp3
54_102,54,"I'm of the opinion that a lot of the best writing comes from people who don't have a lot going on in their lives. Like when they're, they're tending a farm or they're spending a lot of time staring at the stars and they're like, I've got an idea.",1,/Users/minjoolee/Downloads/MUStARD/PodSarc/all_processed/overly-sarcastic-podcast__ospod-episode-54/ospod-episode-54_102.mp3
70_346,70,Every biological being evolves into a crab. Every superhero evolves into Batman Beyond.,1,/Users/minjoolee/Downloads/MUStARD/PodSarc/all_processed/overly-sarcastic-podcast__ospod-episode-70/ospod-episode-70_346.mp3
60_166,60,"No, it's deliberate. Like the, the ghost story dub is like the first like shitpost abridged series, but that was the official quote unquote dub. And it's like, really? There was like a real story here. You couldn't, nah, it's funny. I don't know. I'm a little bit torn on official parody.",1,/Users/minjoolee/Downloads/MUStARD/PodSarc/all_processed/overly-sarcastic-podcast__ospod-episode-60/ospod-episode-60_166.mp3
77_97,77,"Uh, is also a little bit unusual and you guys will, will see in like a month or two. I genuinely don't remember when it's going on. It's been a very complicated week. Uh, but it was fun because it was.",1,/Users/minjoolee/Downloads/MUStARD/PodSarc/all_processed/overly-sarcastic-podcast__ospod-episode-77/ospod-episode-77_97.mp3
76_220,76,"This episode is going to come out after the, ideally the movie strike episode for this week has come out, but I've been sitting babysitting the upload for like five hours now, because for some reason, the upload speeds in my apartment have gone from being like, it'll take 10 minutes to upload an hour and a half podcast episode to it'll take two hours.",1,/Users/minjoolee/Downloads/MUStARD/PodSarc/all_processed/overly-sarcastic-podcast__ospod-episode-76/ospod-episode-76_220.mp3
62_176,62,"I really like, and of course, like, basic bitch answer incoming, um, but I really like historical fiction specifically with a very strong sense of place, because then the best part is you can not only, like, read the story and enjoy it for, like, the merits of the story or whatever people read books for, um, but then you can go to the place, and that's a cool thing, and you can actually, like, be able to retrace that for yourself, and,",1,/Users/minjoolee/Downloads/MUStARD/PodSarc/all_processed/overly-sarcastic-podcast__ospod-episode-62/ospod-episode-62_176.mp3
80_313,80,"That was very shallow, but I, I do.",1,/Users/minjoolee/Downloads/MUStARD/PodSarc/all_processed/overly-sarcastic-podcast__ospod-episode-80/ospod-episode-80_313.mp3
61_174,61,"presumably like this in history, we just don't have as much on them. Um, but, like, seeing, like, a, a, a king and queen pair, emperor and empress, where they were stronger as a team than either of them ever were on their own, um, it is remarkable, and there are a lot of reasons to feel like Justinian did a lot of bad stuff, actually, like, strictly speaking, he was de-acclaimed by the populace in Constantinople at the Nica Riots, and he murdered his way through keeping power, so he really, like, shouldn't still be emperor, but,",1,/Users/minjoolee/Downloads/MUStARD/PodSarc/all_processed/overly-sarcastic-podcast__ospod-episode-61/ospod-episode-61_174.mp3
59_5,59,"Getting a lot of, getting a lot of early 2021 vibes. We woke up this morning to a message like, hey.",1,/Users/minjoolee/Downloads/MUStARD/PodSarc/all_processed/overly-sarcastic-podcast__ospod-episode-59/ospod-episode-59_5.mp3
78_43,78,One of the truly incredible things that we've lucked into with the way that we've,1,/Users/minjoolee/Downloads/MUStARD/PodSarc/all_processed/overly-sarcastic-podcast__ospod-episode-78/ospod-episode-78_43.mp3
57_44,57,"This isn't like when we were doing the, the golden net myth with Aphrodite and Hephaestus and Ares, where it was like, we could title this almost anything, and it would be spicy. Like, you know, I think I just did, what, the Aphrodite affair or something like that? The Ares affair. The Ares affair.",1,/Users/minjoolee/Downloads/MUStARD/PodSarc/all_processed/overly-sarcastic-podcast__ospod-episode-57/ospod-episode-57_44.mp3
56_249,56,"You're kind of Zeno's paradoxing your way into never actually making progress. You keep retreading the parts you've already done. So I'm bad at that, but this is great if you're doing incremental progress on a long-form story, because that means that like, when I reread the storyboards that I have for the next chunk of the comic, the parts that aren't finalized and on the site yet.",1,/Users/minjoolee/Downloads/MUStARD/PodSarc/all_processed/overly-sarcastic-podcast__ospod-episode-56/ospod-episode-56_249.mp3
76_249,76,"And that, that's just great, whenever, like, you play a game of dragoon and then you finish it and then for the rest of the night, someone is the dragon king or the dragon queen.",1,/Users/minjoolee/Downloads/MUStARD/PodSarc/all_processed/overly-sarcastic-podcast__ospod-episode-76/ospod-episode-76_249.mp3
53_215,53,"Um, and, uh, I have a book as well, which I plug relentlessly. So if you watch a single video through, you'll see that. But just to head that off at the pass, that is, uh, naked statues, fat gladiators, and war elephants. Uh, and it answers, um, a series of frequently asked questions about the Greeks and Romans, such as, um,",1,/Users/minjoolee/Downloads/MUStARD/PodSarc/all_processed/overly-sarcastic-podcast__ospod-episode-53/ospod-episode-53_215.mp3
80_32,80,"And I could, I could make a very lengthy list of like, here's what they pulled in from this thing that's actually something else. And I saw a couple of people on Reddit had done it. So I was like, okay, cool. I don't need to spend time going through.",1,/Users/minjoolee/Downloads/MUStARD/PodSarc/all_processed/overly-sarcastic-podcast__ospod-episode-80/ospod-episode-80_32.mp3
77_358,77,"There was a point when I wanted to believe that Obi-Wan could be an ace character, but unfortunately he fucks in canon.",1,/Users/minjoolee/Downloads/MUStARD/PodSarc/all_processed/overly-sarcastic-podcast__ospod-episode-77/ospod-episode-77_358.mp3
61_147,61,"but wait, there is no video called trope talk the leader, therefore.",1,/Users/minjoolee/Downloads/MUStARD/PodSarc/all_processed/overly-sarcastic-podcast__ospod-episode-61/ospod-episode-61_147.mp3
63_360,63,"Vi's design really benefited from the touch of a lesbian. I said, it's, it's important that everybody knows. Anyway. It's a hundred percent true also.",1,/Users/minjoolee/Downloads/MUStARD/PodSarc/all_processed/overly-sarcastic-podcast__ospod-episode-63/ospod-episode-63_360.mp3
76_295,76,"I honored to, uh, pick up the Jake Johnson torch. This is. He's a champion. I'm okay with this. I too would wear sweatpants if I was Spider-Man. Um, but we got time for one more question here on the show before we take it on out. And this is one of my favorite questions we've ever gotten. Uh. Oh, the basic one wasn't the",1,/Users/minjoolee/Downloads/MUStARD/PodSarc/all_processed/overly-sarcastic-podcast__ospod-episode-76/ospod-episode-76_295.mp3
69_50,69,"I feel like I don't remember it coming up in the video, but there is that big statue of Leif Erikson out front of the church. Yeah, happy Leif Erikson day there.",1,/Users/minjoolee/Downloads/MUStARD/PodSarc/all_processed/overly-sarcastic-podcast__ospod-episode-69/ospod-episode-69_50.mp3
80_134,80,"I'm watching too much TomSka, I can't actually say things correctly, all my cadences and tones have to meander.",1,/Users/minjoolee/Downloads/MUStARD/PodSarc/all_processed/overly-sarcastic-podcast__ospod-episode-80/ospod-episode-80_134.mp3
69_111,69,"So people were like, where do these villains go? Why can't we make them anymore? And I think it's literally because it's like, we gotta, we gotta get deep into the villain's mind. We gotta get their, their characterization. We gotta understand why they're sympathetic and complicated. And it's like, if you do that, you can't get Ursula. Because Ursula is entirely planting for how satisfying it's gonna be when she explodes. You know?",1,/Users/minjoolee/Downloads/MUStARD/PodSarc/all_processed/overly-sarcastic-podcast__ospod-episode-69/ospod-episode-69_111.mp3
79_302,79,"Oh, man. I'm gonna, like, remember a version that I liked more.",1,/Users/minjoolee/Downloads/MUStARD/PodSarc/all_processed/overly-sarcastic-podcast__ospod-episode-79/ospod-episode-79_302.mp3
58_199,58,The voice of a man. I'm 26.,1,/Users/minjoolee/Downloads/MUStARD/PodSarc/all_processed/overly-sarcastic-podcast__ospod-episode-58/ospod-episode-58_199.mp3
79_290,79,"Death the Kid, yeah. Obviously, Death does not actually just have a kid. That would be weird unless it's Discworld, even then he adopted her, so it's fine.",1,/Users/minjoolee/Downloads/MUStARD/PodSarc/all_processed/overly-sarcastic-podcast__ospod-episode-79/ospod-episode-79_290.mp3
65_109,65,"original tellers would have either consciously or subconsciously had in their minds. So, it's like that, that's probably a whole other video is explaining like what the fuck is Aphrodite's deal in this war.",1,/Users/minjoolee/Downloads/MUStARD/PodSarc/all_processed/overly-sarcastic-podcast__ospod-episode-65/ospod-episode-65_109.mp3
78_266,78,"Uh, we'll get to more questions. I'm going to knock this one out real quick. This is from not one of our lovely patrons. Questions for Indigo. Wait, vitamin P.",1,/Users/minjoolee/Downloads/MUStARD/PodSarc/all_processed/overly-sarcastic-podcast__ospod-episode-78/ospod-episode-78_266.mp3
72_116,72,"There's, there's a lot more that there, that there is to talk about this because it's such a, a, a huge, I think a huge video for the channel to, to have is just really, really great. Um, the art's fantastic. The jokes are really fucking funny. Um, the Atra-Hassa section that you did illustrating it in a kind of like stylized, like painterly.",1,/Users/minjoolee/Downloads/MUStARD/PodSarc/all_processed/overly-sarcastic-podcast__ospod-episode-72/ospod-episode-72_116.mp3
67_178,67,I don't care.,1,/Users/minjoolee/Downloads/MUStARD/PodSarc/all_processed/overly-sarcastic-podcast__ospod-episode-67/ospod-episode-67_178.mp3
58_72,58,"you had idiot plots, which was a fun one, the thumbnail. Cause usually you will like use.",1,/Users/minjoolee/Downloads/MUStARD/PodSarc/all_processed/overly-sarcastic-podcast__ospod-episode-58/ospod-episode-58_72.mp3
80_330,80,This has been an overly sarcastic podcast. Signing off now.,1,/Users/minjoolee/Downloads/MUStARD/PodSarc/all_processed/overly-sarcastic-podcast__ospod-episode-80/ospod-episode-80_330.mp3
70_82,70,"I liked you photoshopping his, uh, little chibi head into the various crater bases. Yeah.",1,/Users/minjoolee/Downloads/MUStARD/PodSarc/all_processed/overly-sarcastic-podcast__ospod-episode-70/ospod-episode-70_82.mp3
77_211,77,"I have sometimes found that, like, it can just be worth just a quick, you know, morbid curiosity. If you do a quick Tumblr search for the name of the thing, you will get, like, gif sets and analysis and, you know, a lot of other people who've got the exact same level of brain route that you might be cultivating. And it's, it's good to, it's a good way to scratch that itch without, you know, inflicting it on any hapless friends and loved ones. Yeah.",1,/Users/minjoolee/Downloads/MUStARD/PodSarc/all_processed/overly-sarcastic-podcast__ospod-episode-77/ospod-episode-77_211.mp3
74_64,74,"I feel like we're, we're maybe ill-conceived.",1,/Users/minjoolee/Downloads/MUStARD/PodSarc/all_processed/overly-sarcastic-podcast__ospod-episode-74/ospod-episode-74_64.mp3
77_201,77,"They, they did this powerful moment where this character was trying very hard to do this thing that was impossible for them. Like, okay, cool. And then you're like, but you see it's powerful because two and a half seasons prior, he'd had the exact same experience when he was doing this complicated thing. It's like, okay, okay, okay. Slow your, how much of this is interesting to somebody who doesn't know what's going on?",1,/Users/minjoolee/Downloads/MUStARD/PodSarc/all_processed/overly-sarcastic-podcast__ospod-episode-77/ospod-episode-77_201.mp3
76_298,76,I'm going to pull out a list of organelles because I don't know any others off the top of my head. Yeah. Are any of us bio kids? Nope.,1,/Users/minjoolee/Downloads/MUStARD/PodSarc/all_processed/overly-sarcastic-podcast__ospod-episode-76/ospod-episode-76_298.mp3
69_147,69,"So yeah, that's, that's the brief rundown of me. I do things and a lot of day-to-day stuff. Yeah. I have the insurance. I do the health.",1,/Users/minjoolee/Downloads/MUStARD/PodSarc/all_processed/overly-sarcastic-podcast__ospod-episode-69/ospod-episode-69_147.mp3
68_123,68,"Ghibli stuff. He's built the castle from Howl's Moving Castle, like three different times, which feels like an exercise in self-flagellation, but they're so fun to watch. Um, yeah, that's, uh, that's my recommendation.",1,/Users/minjoolee/Downloads/MUStARD/PodSarc/all_processed/overly-sarcastic-podcast__ospod-episode-68/ospod-episode-68_123.mp3
63_74,63,You misled me. Your machinations lay undetected.,1,/Users/minjoolee/Downloads/MUStARD/PodSarc/all_processed/overly-sarcastic-podcast__ospod-episode-63/ospod-episode-63_74.mp3
62_136,62,"Yeah. There were a couple of people in the comments pointing out, like, Avid is sometimes nicer, you know, there's a few versions where, like, apparently, uh, the way Avid told the abduction of Persephone, uh, specifically, Hades is, uh, arrow strikes him with the arrow of love. So Hades, like, has almost no choice in the matter, but, and it's like, is that better? I don't know.",1,/Users/minjoolee/Downloads/MUStARD/PodSarc/all_processed/overly-sarcastic-podcast__ospod-episode-62/ospod-episode-62_136.mp3
65_262,65,"Awesome. Well, thank you guys for all your translation work, but we've got more questions to translate into answered, so this comes from Left Unsupervised. To all, what is your favorite flower?",1,/Users/minjoolee/Downloads/MUStARD/PodSarc/all_processed/overly-sarcastic-podcast__ospod-episode-65/ospod-episode-65_262.mp3
64_333,64,"Because then you can figure out why those parts are working, especially in contrast to the parts around it that absolutely aren't.",1,/Users/minjoolee/Downloads/MUStARD/PodSarc/all_processed/overly-sarcastic-podcast__ospod-episode-64/ospod-episode-64_333.mp3
73_199,73,"And, uh, when they get there, they're like, oh shit, what the hell is Dr. Bashir doing here? You're telling me he was replaced with a changeling back on DS9 and we had no idea and now we get to work together to, like, break out of this place with Dr. Bashir? Oh yeah, Worf is also there, obviously.",1,/Users/minjoolee/Downloads/MUStARD/PodSarc/all_processed/overly-sarcastic-podcast__ospod-episode-73/ospod-episode-73_199.mp3
76_59,76,"I, I did get a tiny bit of smack for, um, or a tiny bit of sass for talking smack about St. Basil's Church in Moscow on the logic of like, hey, Blue, you don't need to, like, degrade Russian architecture to, like, praise Ukraine. I'm like, that is correct. I said.",1,/Users/minjoolee/Downloads/MUStARD/PodSarc/all_processed/overly-sarcastic-podcast__ospod-episode-76/ospod-episode-76_59.mp3
65_373,65,"We'll be back on April 26th with another thrilling installment, but if you missed us before then, be sure to check out Overly Sarcastic Productions on YouTube.",1,/Users/minjoolee/Downloads/MUStARD/PodSarc/all_processed/overly-sarcastic-podcast__ospod-episode-65/ospod-episode-65_373.mp3
61_45,61,"We were definitely in that sort of situation where it's like, I was kind of expecting it to look like all the photographs. But of course, all the photographs are the most spectacular that it ever gets when it's a full like corona. Um, and so instead what you actually see is like, Oh, that looks like a cloud, but it's kind of at a funny angle to the other clouds. And it's maybe a funny color. And there are nights where it gets that intense, but that first one, like it was, it was only our phone's night site that was like, Oh yeah. Yeah. That's green, baby. Well,",1,/Users/minjoolee/Downloads/MUStARD/PodSarc/all_processed/overly-sarcastic-podcast__ospod-episode-61/ospod-episode-61_45.mp3
65_325,65,"Like, Kuwabara energy sword situation or, or some other similar, like, here's my divine, my champion ability. Throwing hands, uh, just to give, yeah.",1,/Users/minjoolee/Downloads/MUStARD/PodSarc/all_processed/overly-sarcastic-podcast__ospod-episode-65/ospod-episode-65_325.mp3
80_297,80,Who makes rewatching Fraggle Rock very confusing for me? I was gonna say.,1,/Users/minjoolee/Downloads/MUStARD/PodSarc/all_processed/overly-sarcastic-podcast__ospod-episode-80/ospod-episode-80_297.mp3
63_238,63,"Yeah, you want to watch the Trojan War video that gives you the whole thing front to back, including a little Iliad speedrun, any percent in the middle, which is, uh, which is pretty fun. I think those are all really great.",1,/Users/minjoolee/Downloads/MUStARD/PodSarc/all_processed/overly-sarcastic-podcast__ospod-episode-63/ospod-episode-63_238.mp3
55_14,55,"Well, if we put it to paper, maybe we'd be having a little bit less of a hard time with it.",1,/Users/minjoolee/Downloads/MUStARD/PodSarc/all_processed/overly-sarcastic-podcast__ospod-episode-55/ospod-episode-55_14.mp3
73_93,73,"Like something like asterisks that's blatantly historical, but makes a lot of like non-historical references. You're like, all right, gentlemen, synchronize your hourglasses and they all flip them at the same time. It's like, all right, let the heist begin.",1,/Users/minjoolee/Downloads/MUStARD/PodSarc/all_processed/overly-sarcastic-podcast__ospod-episode-73/ospod-episode-73_93.mp3
78_276,78,"Which means that not only is there a pain level of spice, there are two distinct pain levels of spice that you can choose between.",1,/Users/minjoolee/Downloads/MUStARD/PodSarc/all_processed/overly-sarcastic-podcast__ospod-episode-78/ospod-episode-78_276.mp3
56_225,56,"Old woman shakes fist at the sky about children's video game. But let's move on to another question. This comes from Primus405. For all turkey stuffing, cranberry sauce, sweet potato casserole and mashed potatoes. One has to go. And why is it cranberry sauce? So, uh, regardless of how this user feels, which one of these items on the Thanksgiving list are you taking off the table?",1,/Users/minjoolee/Downloads/MUStARD/PodSarc/all_processed/overly-sarcastic-podcast__ospod-episode-56/ospod-episode-56_225.mp3
78_114,78,"Lady, I thought we almost got that guy in. Now we gotta try a little harder next time.",1,/Users/minjoolee/Downloads/MUStARD/PodSarc/all_processed/overly-sarcastic-podcast__ospod-episode-78/ospod-episode-78_114.mp3
65_20,65,Most dangerous self-affirmation. This is simple.,1,/Users/minjoolee/Downloads/MUStARD/PodSarc/all_processed/overly-sarcastic-podcast__ospod-episode-65/ospod-episode-65_20.mp3
55_310,55,"I don't know if, if the Divine Comedy, or at least the Inferno counts as a horror setting, but that would be fascinating to just kind of like wander around in like Dante style. Um, obviously a lot less fun if I'm getting eternally punished for, for my sins and faults as a human. Um.",1,/Users/minjoolee/Downloads/MUStARD/PodSarc/all_processed/overly-sarcastic-podcast__ospod-episode-55/ospod-episode-55_310.mp3
69_130,69,"Yeah, check the wiki if you want more information. Yeah, no, Blue and I got married.",1,/Users/minjoolee/Downloads/MUStARD/PodSarc/all_processed/overly-sarcastic-podcast__ospod-episode-69/ospod-episode-69_130.mp3
75_11,75,"is, is good, cuz once your world is sorted exactly how you like, you can use the powerful built-in word processor to write your prose with an easy reach of all your notes.",1,/Users/minjoolee/Downloads/MUStARD/PodSarc/all_processed/overly-sarcastic-podcast__ospod-episode-75/ospod-episode-75_11.mp3
71_51,71,"I want those, but for my house. And it came back and built one of those castles in the north. So I don't know if it's, um, if it's Conwy Castle or, um, one of the other ones. Cause there's Harlech, Conwy.",1,/Users/minjoolee/Downloads/MUStARD/PodSarc/all_processed/overly-sarcastic-podcast__ospod-episode-71/ospod-episode-71_51.mp3
61_283,61,"Like, if you're, that actually I'm into. Uh, so in my boom. And I'll keep the audio quality nice and good, folks. Yeah. Standing in the pose, arms up. You've all seen it in a TV show where they have a TV set suspiciously in it as well. Um, uh, so let's do, why don't we all have picked them. Shall we do the bit? And my boom pole.",1,/Users/minjoolee/Downloads/MUStARD/PodSarc/all_processed/overly-sarcastic-podcast__ospod-episode-61/ospod-episode-61_283.mp3
55_191,55,"I do love the meme where it's like Barbie's closet and then they photoshop in like, you were a soldier in the Byzantine army and she's like, you weren't? They have like the whole like catafract armor on one of the coat hangers.",1,/Users/minjoolee/Downloads/MUStARD/PodSarc/all_processed/overly-sarcastic-podcast__ospod-episode-55/ospod-episode-55_191.mp3
73_241,73,"Which is cool. Uh, and that means basically you have new content for as long as that show exists and is still good, which is not always like, there were like a ton of, there are a ton of YouTube channels that do this too. Um, like the things that were like watching a bunch of CW shows episode by episode as they went on and then were like,",1,/Users/minjoolee/Downloads/MUStARD/PodSarc/all_processed/overly-sarcastic-podcast__ospod-episode-73/ospod-episode-73_241.mp3
77_111,77,"And then Callum is like, alright, it's a desperate hour. I'm going to use dark magic to free this dragon. And he does it. And then he goes into an angst coma.",1,/Users/minjoolee/Downloads/MUStARD/PodSarc/all_processed/overly-sarcastic-podcast__ospod-episode-77/ospod-episode-77_111.mp3
61_92,61,"You can tell that he has a logic. Yeah, and you can tell that he's just so",1,/Users/minjoolee/Downloads/MUStARD/PodSarc/all_processed/overly-sarcastic-podcast__ospod-episode-61/ospod-episode-61_92.mp3
63_329,63,"Yeah, some, some nonsense, like, uh, a chateau that's, like, on fire, uh, could be a nursery. Um, is that okay? I don't really know. Um, it's still fun. It's one of those, one of those kinds of scenarios, uh, is, is.",1,/Users/minjoolee/Downloads/MUStARD/PodSarc/all_processed/overly-sarcastic-podcast__ospod-episode-63/ospod-episode-63_329.mp3
71_274,71,"Yeah. Maxillotl, that's genius. I love it. Maxillotl, great name. Amazing question. 10 out of 10. No notes. Uh, but yeah. So you have a small animal controlling, so presumably something that has to be able to fit under a hat, whatever size hat is up to you. Um, but they are controlling your actions and they are very good at some skill.",1,/Users/minjoolee/Downloads/MUStARD/PodSarc/all_processed/overly-sarcastic-podcast__ospod-episode-71/ospod-episode-71_274.mp3
76_199,76,That's probably my runner up for favorite Shakespeare. That's fair. That's fair.,1,/Users/minjoolee/Downloads/MUStARD/PodSarc/all_processed/overly-sarcastic-podcast__ospod-episode-76/ospod-episode-76_199.mp3
74_129,74,"And it's just, it's just interesting for me. This is, this is enrichment in my enclosure. I have so much fun picking apart just big piles of stories and figuring out what themes I find that are connecting them. Um, and in this case, uh,",1,/Users/minjoolee/Downloads/MUStARD/PodSarc/all_processed/overly-sarcastic-podcast__ospod-episode-74/ospod-episode-74_129.mp3
53_183,53,"And, uh, one guy is actually brained with a bath bucket. They have like a, in the sauna, they have like a wooden bucket. They just knock him over the head with it.",1,/Users/minjoolee/Downloads/MUStARD/PodSarc/all_processed/overly-sarcastic-podcast__ospod-episode-53/ospod-episode-53_183.mp3
69_393,69,"Are we dressing like the Regency or what? Well, I mean, I was the one who said poofy Renaissance shirts open to like the belly button, so I don't know. Thank you all so much for listening.",1,/Users/minjoolee/Downloads/MUStARD/PodSarc/all_processed/overly-sarcastic-podcast__ospod-episode-69/ospod-episode-69_393.mp3
79_43,79,"Yeah. I feel like you'd also like, cause you've been just in it with Spider-Man for like the whole week leading up to it. Like, well, obviously I have to rewatch all the movies and you know, like all spectacular Spider-Man and this 90s show, which is better than I remember. It's just like, Oh, you know, just for flavor, I should probably play something game again.",1,/Users/minjoolee/Downloads/MUStARD/PodSarc/all_processed/overly-sarcastic-podcast__ospod-episode-79/ospod-episode-79_43.mp3
62_347,62,"Red, one time you had a long coat and we were walking through a narrow street and it was so windy that the tail of your coat hit me in the face. Yes.",1,/Users/minjoolee/Downloads/MUStARD/PodSarc/all_processed/overly-sarcastic-podcast__ospod-episode-62/ospod-episode-62_347.mp3
59_232,59,"I'm just imagining, like, you get dropped into trope talk conservation of ninjutsu, and then, like, you have, like, a weapon wheel, but it's different, like, household objects. It's like, okay, I can either pick a soup ladle, or a ring light, or...",1,/Users/minjoolee/Downloads/MUStARD/PodSarc/all_processed/overly-sarcastic-podcast__ospod-episode-59/ospod-episode-59_232.mp3
70_218,70,"Cause we never have any ideas for it. We're just like, what would it be? And the answer is like. Trivia pursuit with incredible.",1,/Users/minjoolee/Downloads/MUStARD/PodSarc/all_processed/overly-sarcastic-podcast__ospod-episode-70/ospod-episode-70_218.mp3
75_271,75,The schedule comes out a few months later and I am at 6 a.m. on Tuesdays.,1,/Users/minjoolee/Downloads/MUStARD/PodSarc/all_processed/overly-sarcastic-podcast__ospod-episode-75/ospod-episode-75_271.mp3
66_127,66,"Yes, I've been, um, on hiatus for the past several months, but, uh, you caught me at a very good time because, uh, this, this episode's coming out on Wednesday, and if I don't have this video out, uh, when I say that it is out, I, I do need to kick myself. But theoretically, I have a new video out now.",1,/Users/minjoolee/Downloads/MUStARD/PodSarc/all_processed/overly-sarcastic-podcast__ospod-episode-66/ospod-episode-66_127.mp3
69_175,69,"No one make, no one can stop you from doing what you want. Drink eggnog in the summer. Drink lemonade in the winter. There are no rules when it comes to food. Eat chicken nuggets for breakfast. Do what you want. Eat chicken and waffles.",1,/Users/minjoolee/Downloads/MUStARD/PodSarc/all_processed/overly-sarcastic-podcast__ospod-episode-69/ospod-episode-69_175.mp3
68_49,68,"were honorable, and like, that's his thing with them, so all of his poetry is like, oh, the Spartans, like, they're so honorable, they'll self-sacrifice, and like, I read all of his poems through that lens, so I'm gonna come to this, and it's like, okay, yes?",1,/Users/minjoolee/Downloads/MUStARD/PodSarc/all_processed/overly-sarcastic-podcast__ospod-episode-68/ospod-episode-68_49.mp3
66_40,66,"To a certain extent seems to have bought their own hype because they presented themselves as we think of them now like, oh, they're so, they're the best, you know, Athens has better politics maybe, but Sparta produces the best warriors. And it's like.",1,/Users/minjoolee/Downloads/MUStARD/PodSarc/all_processed/overly-sarcastic-podcast__ospod-episode-66/ospod-episode-66_40.mp3
74_311,74,Operation Fish Hemsworth is a go.,1,/Users/minjoolee/Downloads/MUStARD/PodSarc/all_processed/overly-sarcastic-podcast__ospod-episode-74/ospod-episode-74_311.mp3
67_100,67,"Thor 2 is bad, but it's got some good bits.",1,/Users/minjoolee/Downloads/MUStARD/PodSarc/all_processed/overly-sarcastic-podcast__ospod-episode-67/ospod-episode-67_100.mp3
70_138,70,"Yeah, no, it was, uh, you could really feel the enthusiasm too. Just like how much this was your jam.",1,/Users/minjoolee/Downloads/MUStARD/PodSarc/all_processed/overly-sarcastic-podcast__ospod-episode-70/ospod-episode-70_138.mp3
64_290,64,"I had, um, I applied for a video producer job at Polygon and I didn't get it and I have, as of this date, still forgotten to take that video application down. It's not good. I shouldn't have gotten the job.",1,/Users/minjoolee/Downloads/MUStARD/PodSarc/all_processed/overly-sarcastic-podcast__ospod-episode-64/ospod-episode-64_290.mp3
58_83,58,"I mean, if you look at it, it's, it's, it's so clear that what they started with is we need to make Batman fight Superman.",1,/Users/minjoolee/Downloads/MUStARD/PodSarc/all_processed/overly-sarcastic-podcast__ospod-episode-58/ospod-episode-58_83.mp3
57_265,57,"Yeah, uh, I learned Spanish, uh, all through middle and high school. Not that that means I can speak it. Uh, I can sort of understand it. Uh, I learned, I took a year of Japanese and I've had it on Duolingo, uh, ever since. So I.",1,/Users/minjoolee/Downloads/MUStARD/PodSarc/all_processed/overly-sarcastic-podcast__ospod-episode-57/ospod-episode-57_265.mp3
57_39,57,"like, yeah, yeah. Yeah, this thing's like a Pokemon evolution. Like, this is the, uh, this is the Alolan Kirby. Uh, and the, the, the one thing I, the fun fact I didn't mention in the video is that that specific Daedalus is supposed to have an owl head, which is why it has the little V-shaped smile mouth, cause it's supposed to be a little beak. Uh, which, which means what it actually is, is the, the tube owl, uh, hoodie from the owl house.",1,/Users/minjoolee/Downloads/MUStARD/PodSarc/all_processed/overly-sarcastic-podcast__ospod-episode-57/ospod-episode-57_39.mp3
78_39,78,"that takes basically everything you can give it. And if I wasn't absolutely busting my butt to get this done on time, uh, it would not have been done on time.",1,/Users/minjoolee/Downloads/MUStARD/PodSarc/all_processed/overly-sarcastic-podcast__ospod-episode-78/ospod-episode-78_39.mp3
78_152,78,"That's sort of the whole Wolfman plot, isn't it? It's just, he's going through something. He's just going through it.",1,/Users/minjoolee/Downloads/MUStARD/PodSarc/all_processed/overly-sarcastic-podcast__ospod-episode-78/ospod-episode-78_152.mp3
59_205,59,What's the overlap between those two things? ASMR?,1,/Users/minjoolee/Downloads/MUStARD/PodSarc/all_processed/overly-sarcastic-podcast__ospod-episode-59/ospod-episode-59_205.mp3
68_321,68,What's that sci-fi series where like they name each ship after the way the previous one was destroyed. So it's like the Fireball XL4 or Pancake XL3. Hold on. I'll just look it up.,1,/Users/minjoolee/Downloads/MUStARD/PodSarc/all_processed/overly-sarcastic-podcast__ospod-episode-68/ospod-episode-68_321.mp3
65_66,65,"Beautiful and incredible and amazing things we've gotten used to. And it can take a little bit of work to sort of be like, no, hold on. Like, I, I know my pattern recognizing brain knows what I'm looking at, but like,",1,/Users/minjoolee/Downloads/MUStARD/PodSarc/all_processed/overly-sarcastic-podcast__ospod-episode-65/ospod-episode-65_66.mp3
62_78,62,"I, every time I set up one of these things, it's just an opportunity for me to talk more about space. I'm always like, they're going to call me out on this. They're going to notice that like nearly half the video has nothing to do with the myth and it's just about space. And then people are like, Hey, can you do more space? And I'm like, more space? I mean.",1,/Users/minjoolee/Downloads/MUStARD/PodSarc/all_processed/overly-sarcastic-podcast__ospod-episode-62/ospod-episode-62_78.mp3
80_176,80,I keep forgetting that and you keep reminding me and I keep forgetting that.,1,/Users/minjoolee/Downloads/MUStARD/PodSarc/all_processed/overly-sarcastic-podcast__ospod-episode-80/ospod-episode-80_176.mp3
74_185,74,"I know that you're not supposed to read the first one first, but I got halfway through the color of magic and I was just like, I just, there's nothing.",1,/Users/minjoolee/Downloads/MUStARD/PodSarc/all_processed/overly-sarcastic-podcast__ospod-episode-74/ospod-episode-74_185.mp3
77_73,77,"Mind palace, probably me, statistically speaking. Um, yeah, so the trope talk this week was the, uh, was character development comas. Yet another trope that is not called that on TV tropes.",1,/Users/minjoolee/Downloads/MUStARD/PodSarc/all_processed/overly-sarcastic-podcast__ospod-episode-77/ospod-episode-77_73.mp3
65_368,65,"We gotta own it. A true wolf does no retakes. We'll be back in a certain number of weeks with more podcasts. Stay tuned. It'll be great. We're also experimentally putting up the little promo thing on, uh, on YouTube so that people can see them and hopefully they like them.",1,/Users/minjoolee/Downloads/MUStARD/PodSarc/all_processed/overly-sarcastic-podcast__ospod-episode-65/ospod-episode-65_368.mp3
78_97,78,"Uh, but the, the treat of doing the Halloween videos is getting to draw scary shit because, you know, most of what I draw is not that. Most of it is cute little chibis or hot people. And now it's like, the thing I, someone on Tumblr asked me like, yeah, you seem to like really like drawing body horror. And I was like, look.",1,/Users/minjoolee/Downloads/MUStARD/PodSarc/all_processed/overly-sarcastic-podcast__ospod-episode-78/ospod-episode-78_97.mp3
73_28,73,"Oh yeah, you can trust me completely to 100% be accurate in my, this one was a weird one. I honestly wasn't sure if I was going to make it work as a video because the first like third of it, there's a lot of book screenshots.",1,/Users/minjoolee/Downloads/MUStARD/PodSarc/all_processed/overly-sarcastic-podcast__ospod-episode-73/ospod-episode-73_28.mp3
77_141,77,"If you were to gift the OSP crew a LEGO set that you knew they would build and enjoy, what set would you give them? Besides giving Indigo the entire Bionicle line, because we all know that's her absolute favorite. This is a Lies and Slander. But if you were to give me and Red LEGO sets, what LEGO sets would you want? You think we'd have a good time with?",1,/Users/minjoolee/Downloads/MUStARD/PodSarc/all_processed/overly-sarcastic-podcast__ospod-episode-77/ospod-episode-77_141.mp3
62_284,62,despite the best efforts of my mother. I can't sew. I don't understand clothes or fashion. I wear the same tank top and pants combo in every fabric I own.,1,/Users/minjoolee/Downloads/MUStARD/PodSarc/all_processed/overly-sarcastic-podcast__ospod-episode-62/ospod-episode-62_284.mp3
77_209,77,"You could absolutely do that. Um, you don't, you certainly don't have to, but like, if you're in the same place, or you have time, cause you've already seen it,",1,/Users/minjoolee/Downloads/MUStARD/PodSarc/all_processed/overly-sarcastic-podcast__ospod-episode-77/ospod-episode-77_209.mp3
79_51,79,"The room. I actually know that aged worse, where I'm thinking like episode 7 to episode 8, where it just, like, episode 7's like, it was fine! And then episode 8's like, you know, whatever. But that, that's not the comparison. The point is,",1,/Users/minjoolee/Downloads/MUStARD/PodSarc/all_processed/overly-sarcastic-podcast__ospod-episode-79/ospod-episode-79_51.mp3
61_319,61,"Where, well, no, but like, he's just, he's just green arrow from arrow, but now he's Casey Jones. That wasn't something.",1,/Users/minjoolee/Downloads/MUStARD/PodSarc/all_processed/overly-sarcastic-podcast__ospod-episode-61/ospod-episode-61_319.mp3
74_179,74,"Yeah. Rando Sando, cool guy. I would love to listen to the Lord of the Rings books all the way through, but I know that I don't have that time right now, because I, from what you have said, and from what some of our, like, non-channel friends have said, like, the listening experience is just so, so, so good, especially if you get the Andy Serkis versions.",1,/Users/minjoolee/Downloads/MUStARD/PodSarc/all_processed/overly-sarcastic-podcast__ospod-episode-74/ospod-episode-74_179.mp3
57_329,57,I have a degree in this. I'd also be running the other direction of TVH.,1,/Users/minjoolee/Downloads/MUStARD/PodSarc/all_processed/overly-sarcastic-podcast__ospod-episode-57/ospod-episode-57_329.mp3
64_177,64,"Something that's been bothering them about the way a lot of dialogue is written nowadays, and they just don't know what this nameless terror is, but I've put a word to it.",1,/Users/minjoolee/Downloads/MUStARD/PodSarc/all_processed/overly-sarcastic-podcast__ospod-episode-64/ospod-episode-64_177.mp3
74_250,74,"Alright, well don't do that. That's just really unsanitary. This is a spy. Exactly! It's gonna grow shit in it if you get it too humid.",1,/Users/minjoolee/Downloads/MUStARD/PodSarc/all_processed/overly-sarcastic-podcast__ospod-episode-74/ospod-episode-74_250.mp3
77_128,77,"It was a good time. I enjoyed the video. I loved the, uh, I forgot exactly what moment it was, but you had a moment where you, um,",1,/Users/minjoolee/Downloads/MUStARD/PodSarc/all_processed/overly-sarcastic-podcast__ospod-episode-77/ospod-episode-77_128.mp3
79_259,79,I think at that point you have to like withdraw the arms from the insulation tubing and just like crawl out the butt.,1,/Users/minjoolee/Downloads/MUStARD/PodSarc/all_processed/overly-sarcastic-podcast__ospod-episode-79/ospod-episode-79_259.mp3
64_373,64,"And there's going to be more videos out, uh, every Friday as per the huge, um.",1,/Users/minjoolee/Downloads/MUStARD/PodSarc/all_processed/overly-sarcastic-podcast__ospod-episode-64/ospod-episode-64_373.mp3
69_320,69,"Yeah, that's the advice. Purge before move.",1,/Users/minjoolee/Downloads/MUStARD/PodSarc/all_processed/overly-sarcastic-podcast__ospod-episode-69/ospod-episode-69_320.mp3
59_90,59,"This is the case for a lot of Journey to the West tertiary characters. I'll just look it up randomly. It's like, Oh, who's this handsome gentleman? But not the thing I'm looking for. That's for darn sure.",1,/Users/minjoolee/Downloads/MUStARD/PodSarc/all_processed/overly-sarcastic-podcast__ospod-episode-59/ospod-episode-59_90.mp3
71_226,71,"I know it's not considered a topping, but like a really good margarita pizza with real nice fresh basil. Ooh, buddy. Yeah, that's a, that's a topping variety.",1,/Users/minjoolee/Downloads/MUStARD/PodSarc/all_processed/overly-sarcastic-podcast__ospod-episode-71/ospod-episode-71_226.mp3
59_48,59,"you know, a gazillion and a half different roll calls but they cluster into two broad categories.",1,/Users/minjoolee/Downloads/MUStARD/PodSarc/all_processed/overly-sarcastic-podcast__ospod-episode-59/ospod-episode-59_48.mp3
78_286,78,"Every time the chat donates to a certain goal, we have to eat another's progressively spicier thing. Honestly? Honestly? It's not the worst idea in the world.",1,/Users/minjoolee/Downloads/MUStARD/PodSarc/all_processed/overly-sarcastic-podcast__ospod-episode-78/ospod-episode-78_286.mp3
80_48,80,"Um, and I, I was very pleased at like, oh, they're actually treating this with a very even tone. That is quite surprising. And I like that.",1,/Users/minjoolee/Downloads/MUStARD/PodSarc/all_processed/overly-sarcastic-podcast__ospod-episode-80/ospod-episode-80_48.mp3
76_225,76,I have played many because of a certain other third person on this call.,1,/Users/minjoolee/Downloads/MUStARD/PodSarc/all_processed/overly-sarcastic-podcast__ospod-episode-76/ospod-episode-76_225.mp3
61_14,61,"Truly appropriate for the season, but, uh, I guess this is going up after Valentine's Day, but you know, you know.",1,/Users/minjoolee/Downloads/MUStARD/PodSarc/all_processed/overly-sarcastic-podcast__ospod-episode-61/ospod-episode-61_14.mp3
54_79,54,"Because early Roman literature was, was cool. It was fun. They had, like, they invented the sitcom. Plautus and his comedies are really, really funny. Um, they had, you know, oratory, which is admittedly kind of boring because it's, you know, the joke with Cicero is, like, wait six hours to hear the verb. But the poetry of, of Virgil, I, I found",1,/Users/minjoolee/Downloads/MUStARD/PodSarc/all_processed/overly-sarcastic-podcast__ospod-episode-54/ospod-episode-54_79.mp3
71_73,71,"No, Germany being a million tiny kingdoms for most of its history is absolutely factual.",1,/Users/minjoolee/Downloads/MUStARD/PodSarc/all_processed/overly-sarcastic-podcast__ospod-episode-71/ospod-episode-71_73.mp3
65_103,65,"If Shakespeare can do it, so can I. Um, but like this, this, this, this vibe of just pure,",1,/Users/minjoolee/Downloads/MUStARD/PodSarc/all_processed/overly-sarcastic-podcast__ospod-episode-65/ospod-episode-65_103.mp3
77_130,77,"That's when I described the actions that a character might take after waking up from a nightmare as morally questionable. People in the comments were like, morally questionable is a real softball way of phrasing that way.",1,/Users/minjoolee/Downloads/MUStARD/PodSarc/all_processed/overly-sarcastic-podcast__ospod-episode-77/ospod-episode-77_130.mp3
68_267,68,"Video game junkie. I trust him. Um, for me, uh, I heard only great things about Over the Garden Wall. Everyone in my life told me it was fantastic. I watched, someone made me watch it with them. And I'm like, objectively, yeah, this is really well made. I'm sure it's a great experience.",1,/Users/minjoolee/Downloads/MUStARD/PodSarc/all_processed/overly-sarcastic-podcast__ospod-episode-68/ospod-episode-68_267.mp3
63_301,63,"And it's gotta be one of the greatest hits of Linkin Park. I mean, I was one of those mid 2000s AMV babies. Like, of course, how could I resist? That's the good shit.",1,/Users/minjoolee/Downloads/MUStARD/PodSarc/all_processed/overly-sarcastic-podcast__ospod-episode-63/ospod-episode-63_301.mp3
60_8,60,"Well, given the amount of love we have in our hearts for Zelda overall, and Breath of the Wild specifically, I feel like an accidental plug was inevitable.",1,/Users/minjoolee/Downloads/MUStARD/PodSarc/all_processed/overly-sarcastic-podcast__ospod-episode-60/ospod-episode-60_8.mp3
64_34,64,"He does, yeah. Uh, and it's, I mean, you know, there, there's discussion about, like, Mark Antony's button arm of Caesar, you know, we, we kill Caesar, Mark Antony can't do shit, like a little sock puppet, uh, which was also present. Uh, man, I think Dwar absolutely stole the show.",1,/Users/minjoolee/Downloads/MUStARD/PodSarc/all_processed/overly-sarcastic-podcast__ospod-episode-64/ospod-episode-64_34.mp3
63_30,63,"Yeah, yeah. Anyway, I've, uh, I've updated the description so that the top line is like, hey, big uncensored spoilers for God of War Ragnarok. Sorry, I didn't say this sooner. So, uh, for the 300,000 of you that have already watched the video, sorry.",1,/Users/minjoolee/Downloads/MUStARD/PodSarc/all_processed/overly-sarcastic-podcast__ospod-episode-63/ospod-episode-63_30.mp3
73_42,73,"Whoa, they've been unreliable this whole time. That's crazy. Uh, but yeah, until that character is revealed, there isn't like a visual representation. You can really land",1,/Users/minjoolee/Downloads/MUStARD/PodSarc/all_processed/overly-sarcastic-podcast__ospod-episode-73/ospod-episode-73_42.mp3
77_252,77,"I think the phrase I used was like, down in the TTRPG, trans being mafia or whatever.",1,/Users/minjoolee/Downloads/MUStARD/PodSarc/all_processed/overly-sarcastic-podcast__ospod-episode-77/ospod-episode-77_252.mp3
65_307,65,"Oh, what was it? Champion abilities? And like, how does it wreak havoc? Um. Yeah. And inevitably you do fall too.",1,/Users/minjoolee/Downloads/MUStARD/PodSarc/all_processed/overly-sarcastic-podcast__ospod-episode-65/ospod-episode-65_307.mp3
75_331,75,"Yeah. Oh, man. I'm trying to think. My brain is completely blank. Trying to think of literally anything. We've got seven new seasons.",1,/Users/minjoolee/Downloads/MUStARD/PodSarc/all_processed/overly-sarcastic-podcast__ospod-episode-75/ospod-episode-75_331.mp3
62_203,62,"actionable advice, which I was being asked for.",1,/Users/minjoolee/Downloads/MUStARD/PodSarc/all_processed/overly-sarcastic-podcast__ospod-episode-62/ospod-episode-62_203.mp3
57_343,57,"We'll also, as always, be back on Friday with more videos. Also, check out the currently going Lunar History God of War streams, because those are an absolute party.",1,/Users/minjoolee/Downloads/MUStARD/PodSarc/all_processed/overly-sarcastic-podcast__ospod-episode-57/ospod-episode-57_343.mp3
78_113,78,"Okay. No, you're absolutely right. You're so right. That's exactly the vibe.",1,/Users/minjoolee/Downloads/MUStARD/PodSarc/all_processed/overly-sarcastic-podcast__ospod-episode-78/ospod-episode-78_113.mp3
71_121,71,"Once your world is sorted exactly how you like, you can use the powerful built-in word processor to write your prose within easy reach of all your notes, or use your custom character sheets right in your tabletop games so you can get lost in your character without losing track of items or spells. Interested? Of course you are! And it only gets better because World Anvil is offering a special discount for all you lovely listeners. Just use code OVERLYSARCASTIC for up to 40% off any yearly membership. Thank you again to World Anvil for sponsoring today's podcast.",1,/Users/minjoolee/Downloads/MUStARD/PodSarc/all_processed/overly-sarcastic-podcast__ospod-episode-71/ospod-episode-71_121.mp3
78_146,78,"Nah, me and my boyfriend were just sitting around like we watched Evil Dead 2 right now. I heard it's very funny. Great, fantastic. We watched, uh, Abbot and Costello meet Frankenstein the day before. So we're continuing the theme.",1,/Users/minjoolee/Downloads/MUStARD/PodSarc/all_processed/overly-sarcastic-podcast__ospod-episode-78/ospod-episode-78_146.mp3
77_120,77,"I like that better. I think it's a very interesting way to play it. But you have to remember, we had like three years where the last we'd heard of it was, he had a weird dream. He talked to his dead mom and his dead dad and he's really fucking losing the parents department right now. And then he woke up and he was like, I got it.",1,/Users/minjoolee/Downloads/MUStARD/PodSarc/all_processed/overly-sarcastic-podcast__ospod-episode-77/ospod-episode-77_120.mp3
54_213,54,"Uh, it's June, my guy. I don't know why this, uh, it shouldn't be this cold. And then they disclosed to me because they have to that, uh, the previous tenant died in the home, uh, to which I asked. And again, this is a beautiful Los Angeles apartment in the heart of Hollywood, California.",1,/Users/minjoolee/Downloads/MUStARD/PodSarc/all_processed/overly-sarcastic-podcast__ospod-episode-54/ospod-episode-54_213.mp3
80_44,80,"So he's not that important, but he's a little bit important and he can do like a little bit of stuff. Anyway, um, it seems like this game doesn't do that, which is cool.",1,/Users/minjoolee/Downloads/MUStARD/PodSarc/all_processed/overly-sarcastic-podcast__ospod-episode-80/ospod-episode-80_44.mp3
76_5,76,"No, not yet. Uh, we're in the, we're in the Dr. Jekyll phase of the, uh, the process. You see, the thing is, obviously, it is the beginning of the Halloween season, uh, the most wonderful time of the year.",1,/Users/minjoolee/Downloads/MUStARD/PodSarc/all_processed/overly-sarcastic-podcast__ospod-episode-76/ospod-episode-76_5.mp3
66_158,66,"Yeah, we're definitely happy to have your videos coming back, but we definitely respect the choice to just be like, taking a break, just doing my thing over here, out in the corner, off of YouTube, and then when I come back, I come back. Mad respect.",1,/Users/minjoolee/Downloads/MUStARD/PodSarc/all_processed/overly-sarcastic-podcast__ospod-episode-66/ospod-episode-66_158.mp3
67_207,67,"bring those to the Netherlands in 1605, make a pretty penny. Um, that's a joke about the, uh, tulip bubble, uh, in the Netherlands. Um, good God. Uh, what am I talking about? I eventually had to cut myself off from the Lego flowers because I'm like, I'll just keep buying these forever. I have to decide to be done. Um, so there are a bunch of Lego sets that are like, oh, that'd be really cool. I don't have space for it. Cool. Not, not buying it.",1,/Users/minjoolee/Downloads/MUStARD/PodSarc/all_processed/overly-sarcastic-podcast__ospod-episode-67/ospod-episode-67_207.mp3
76_136,76,"Yeah, we're excited to have it all, all together on a nice website with our own branding. It's great.",1,/Users/minjoolee/Downloads/MUStARD/PodSarc/all_processed/overly-sarcastic-podcast__ospod-episode-76/ospod-episode-76_136.mp3
77_284,77,"And I think that that's all of the school subjects, but don't quote me on that. And then by the time I got to college, half my classes were Chinese and half my classes were film. And it just became a free for all.",1,/Users/minjoolee/Downloads/MUStARD/PodSarc/all_processed/overly-sarcastic-podcast__ospod-episode-77/ospod-episode-77_284.mp3
61_357,61,"Anyway. Yeah. Yeah. So pie, soup. If anyone's got the recipe for creamy heart soup, feel free to DM me with that. Tweet at me or something. I do want to make it is the thing. I just haven't found the reliable source yet.",1,/Users/minjoolee/Downloads/MUStARD/PodSarc/all_processed/overly-sarcastic-podcast__ospod-episode-61/ospod-episode-61_357.mp3
79_297,79,"He's specifically designed to make the concept of death non-threatening and pleasant. That was Robert Redford? I believe so. Oh, shit. Yeah. Wow.",1,/Users/minjoolee/Downloads/MUStARD/PodSarc/all_processed/overly-sarcastic-podcast__ospod-episode-79/ospod-episode-79_297.mp3
64_136,64,"Which is why Shibetaro was so relaxing. Cause it's just like, I'm just going to tell this story. This is how it is. Yeah, sorry. There's only so much context I can get. So. Very fun case.",1,/Users/minjoolee/Downloads/MUStARD/PodSarc/all_processed/overly-sarcastic-podcast__ospod-episode-64/ospod-episode-64_136.mp3
73_86,73,"And, uh, it's edited unlike a lot of actual plays. So you can listen to it without hearing full minutes of dice rolling or plans that we don't do, uh, unless they're fun.",1,/Users/minjoolee/Downloads/MUStARD/PodSarc/all_processed/overly-sarcastic-podcast__ospod-episode-73/ospod-episode-73_86.mp3
77_341,77,"The text did contradict it later. Still a great, like, headcanon thing. Um, but not something that you would be, it would be fair to get mad at one piece necessarily for, I don't know. I'm starting to ramble about things that I don't, I don't have any reason to talk about. Please get, please get me off.",1,/Users/minjoolee/Downloads/MUStARD/PodSarc/all_processed/overly-sarcastic-podcast__ospod-episode-77/ospod-episode-77_341.mp3
77_66,77,"The number of times where we were like, oh my god, that's a really cool and subtle reference to this niche mythological thing, was like...",1,/Users/minjoolee/Downloads/MUStARD/PodSarc/all_processed/overly-sarcastic-podcast__ospod-episode-77/ospod-episode-77_66.mp3
54_155,54,"It's very much like Lord of the Rings, uh, old or this new, like Game of Thrones, prequel style stuff, like very fantasy, you know, the Hobbit where like you're following three halflings as they meet a bunch of weird, kooky characters. Like I play a troll whose name is Antrolio Gutierrez. Uh, and boy is it just like a really fun time. And, uh, I got to help him write it and I used a little bit, I cribbed some stuff off a trope talk again.",1,/Users/minjoolee/Downloads/MUStARD/PodSarc/all_processed/overly-sarcastic-podcast__ospod-episode-54/ospod-episode-54_155.mp3
78_226,78,"I feel like the thing with like the Halloween, like a Halloween season movie, like a, a spooky season movie for me is not just a straight up, like just having the horror label does not make me feel like it is in the festive spirit. Something like, I love Nope. I think it's a fantastic film. It's not the kind of scary movie that I would qualify as a Halloween movie, even if I think it's fantastic. No, it's just terrifying. Jaws is in the same boat. It's like, okay, this is not necessarily a, well, they needed a bigger one. Are you sure it's the same boat?",1,/Users/minjoolee/Downloads/MUStARD/PodSarc/all_processed/overly-sarcastic-podcast__ospod-episode-78/ospod-episode-78_226.mp3
76_44,76,"do that, but for this church where it's like, it was a church that existed. I'm like, okay, well, yeah, but like, give me something. Um, so I, I didn't intend to, to do anything, you know, complete or comprehensive, but it's like, look for an English language resource on this thing that is, uh,",1,/Users/minjoolee/Downloads/MUStARD/PodSarc/all_processed/overly-sarcastic-podcast__ospod-episode-76/ospod-episode-76_44.mp3
66_386,66,"Like, it's my lizard, but he's played by, like, Patrick Stewart, but he's just playing a lizard. Like, there's no human English.",1,/Users/minjoolee/Downloads/MUStARD/PodSarc/all_processed/overly-sarcastic-podcast__ospod-episode-66/ospod-episode-66_386.mp3
63_143,63,"And it's just always cool seeing the behind-the-scenes creative process for something like that. And also they shouted us out, so that was extremely exciting for me. Very, very good. Um, yeah, so.",1,/Users/minjoolee/Downloads/MUStARD/PodSarc/all_processed/overly-sarcastic-podcast__ospod-episode-63/ospod-episode-63_143.mp3
78_118,78,"It's like what they say with the last point and two miles is what gets you on the marathon. No, I'm, uh, I'm, I'm going on my, uh, my way too long videos era because I had the last detail that I had tried about, um,",1,/Users/minjoolee/Downloads/MUStARD/PodSarc/all_processed/overly-sarcastic-podcast__ospod-episode-78/ospod-episode-78_118.mp3
72_263,72,"That's a fantastic answer. I have very similar feelings about, um, I think it'd be very funny to make Dr. Ian Malcolm from Jurassic Park, uh, Jeff Goldblum's character, teach a college class, but not math. It has to be like philosophy or something. He'd be insufferable and it'd be so funny.",1,/Users/minjoolee/Downloads/MUStARD/PodSarc/all_processed/overly-sarcastic-podcast__ospod-episode-72/ospod-episode-72_263.mp3
77_19,77,"It was so cool. Cause like, when we were just, you know, hanging out with Adam while he was streaming it, uh, we did notice in the, in the Twitch chat of like, like a hundred people were watching. And one of them.",1,/Users/minjoolee/Downloads/MUStARD/PodSarc/all_processed/overly-sarcastic-podcast__ospod-episode-77/ospod-episode-77_19.mp3
58_107,58,"I would win this story. I could do this. I would, I'd be the best.",1,/Users/minjoolee/Downloads/MUStARD/PodSarc/all_processed/overly-sarcastic-podcast__ospod-episode-58/ospod-episode-58_107.mp3
58_269,58,"I'm kind of stuck here now, aren't I? Um, but for, for me, comfort games is a very nice way to go about.",1,/Users/minjoolee/Downloads/MUStARD/PodSarc/all_processed/overly-sarcastic-podcast__ospod-episode-58/ospod-episode-58_269.mp3
54_289,54,"Yeah, I think that, it's a two-fold question. Basically, I'm saying, like, if it's a good movie, Manny for Modern Family. If it's a bad movie where it's about all the crimes I committed that I haven't been arrested for yet, then it's going to be Felipe Esparza.",1,/Users/minjoolee/Downloads/MUStARD/PodSarc/all_processed/overly-sarcastic-podcast__ospod-episode-54/ospod-episode-54_289.mp3
80_22,80,"Kids these days can't even, yeah. Um, boomer moment. Um, I had a video. Yes. About history, specifically of the new video game Assassin's Creed. My, uh, possibly the last in my somewhat semi-annual tradition of, of reviewing the history of the, the new games as they come out. Um, Origins, Odyssey, Valhalla.",1,/Users/minjoolee/Downloads/MUStARD/PodSarc/all_processed/overly-sarcastic-podcast__ospod-episode-80/ospod-episode-80_22.mp3
72_9,72,"With over 45 game systems and the ability to create your own, World Anvil has the solutions for players no matter what rules they're using to create and roleplay their ideal character. Or, you know, like, a goblin bastard like we like to play sometimes instead of the ideal, you know?",1,/Users/minjoolee/Downloads/MUStARD/PodSarc/all_processed/overly-sarcastic-podcast__ospod-episode-72/ospod-episode-72_9.mp3
54_22,54,"It was good. Sorry. My brain is a little stuck on, like, I feel like we need a new word for the phrase Renaissance man, because, like, so many internet content creators that we know do, like, five million different things, but, like, boss bitch. Yeah, I guess that works.",1,/Users/minjoolee/Downloads/MUStARD/PodSarc/all_processed/overly-sarcastic-podcast__ospod-episode-54/ospod-episode-54_22.mp3
78_136,78,"I will have to use nerd homework to define dune once on a podcast with you like a year ago, and it has since answered the lexicon.",1,/Users/minjoolee/Downloads/MUStARD/PodSarc/all_processed/overly-sarcastic-podcast__ospod-episode-78/ospod-episode-78_136.mp3
67_349,67,"The more chill you are about it, the better. Senior prom was a wonderful experience.",1,/Users/minjoolee/Downloads/MUStARD/PodSarc/all_processed/overly-sarcastic-podcast__ospod-episode-67/ospod-episode-67_349.mp3
66_136,66,"I hope you enjoy. Yeah, I'm excited, especially because obviously in the last like month or two, the subject of AI has gotten, I mean, I really don't think we should be calling it that at this point. I feel like there's a whole space of like,",1,/Users/minjoolee/Downloads/MUStARD/PodSarc/all_processed/overly-sarcastic-podcast__ospod-episode-66/ospod-episode-66_136.mp3
74_312,74,"Oh boy. I think that we can also, you know, scheme is a capital S word here, right? Like, I do really think we need to get into the hijinks of it all. Um, here's my pro, my proposal.",1,/Users/minjoolee/Downloads/MUStARD/PodSarc/all_processed/overly-sarcastic-podcast__ospod-episode-74/ospod-episode-74_312.mp3
61_110,61,"Yeah, the trope talk on The Heart, a video topic that I've gone on the record in previous podcasts saying I didn't think I could make a video about. Character growth.",1,/Users/minjoolee/Downloads/MUStARD/PodSarc/all_processed/overly-sarcastic-podcast__ospod-episode-61/ospod-episode-61_110.mp3
61_12,61,"$10,000 for earthquake relief. That was great. Thanks to Cyan for helping organize that one. And, uh, basically, um.",1,/Users/minjoolee/Downloads/MUStARD/PodSarc/all_processed/overly-sarcastic-podcast__ospod-episode-61/ospod-episode-61_12.mp3
60_337,60,"As long as your internet doesn't die partway through the stream, you'll be better than I was a few weeks back.",1,/Users/minjoolee/Downloads/MUStARD/PodSarc/all_processed/overly-sarcastic-podcast__ospod-episode-60/ospod-episode-60_337.mp3
67_137,67,"And then some guy in the audience is like, look at that idiot caring. And then the next frame, you put it into the mouth of the other guy where he becomes orange and it's like, look at this idiot for caring. That was just such a perfect encapsulation of the, the intent of the writer to just.",1,/Users/minjoolee/Downloads/MUStARD/PodSarc/all_processed/overly-sarcastic-podcast__ospod-episode-67/ospod-episode-67_137.mp3
71_94,71,"You know, reduce that to, uh, to blend in better with Starfleet. There's a funny little scene that I might have used as an example where he, like, teaches his daughter how to blink, uh, because it's a little thing that, like, really kind of helps not creep out the humans, which is also a funny way to cover for the fact that Data is covered, played by a human actor who does need to blink sometimes.",1,/Users/minjoolee/Downloads/MUStARD/PodSarc/all_processed/overly-sarcastic-podcast__ospod-episode-71/ospod-episode-71_94.mp3
65_36,65,"And there's a bit, there's a bit, I've mentioned this before, the trope where you have the funny haha character be the one who freaks out and this is a way to signify, like, this is really, really bad. They do that. Uh, Hardison, the funny haha hacker character is the one who's like, Oh God, that's like, that would be millions dead. This is unthinkable. And I was just sitting there, June of 2020, like, wow.",1,/Users/minjoolee/Downloads/MUStARD/PodSarc/all_processed/overly-sarcastic-podcast__ospod-episode-65/ospod-episode-65_36.mp3
