jitter_local_stable,shimmer_local_stable,nid
0.009791333451736994,0.1505019545939067,51_1
0.0028159285742843545,0.1089493517151724,51_2
0.007571797574669059,0.21922338400373548,51_5
0.0030248314158911192,0.07698615836039288,51_6
,,51_15
0.007327500601082085,0.07981674154667169,51_19
0.007340532122011169,0.16409393413839257,51_24
0.003274610294340406,0.08992936806753146,51_25
0.003639012409739408,0.09198821561147835,51_28
0.009470429784056262,0.11712267125834407,51_29
0.004459946305778643,0.06686858103008107,51_30
0.022813635118557034,0.2402421545197235,51_31
0.005847275039472548,0.0907436351939556,51_33
0.006378876204257604,0.10182632841138746,51_35
,,51_36
0.007414281633353324,0.13326631025241514,51_45
0.004915980195497967,0.05017664225959241,51_48
,,51_51
0.006638708260953789,0.11997241968452631,51_52
0.013074925061904384,0.22289051395563822,51_56
0.005310337473910396,0.12015022699588239,51_58
0.0053881242545625214,0.09762345729345887,51_59
0.0029943547922118385,0.04837283059376223,51_61
0.012046795143896272,0.09149774665815105,51_66
0.012366740168372423,0.11041391067028736,51_68
0.004407645800902786,0.0964042508364758,51_69
0.010941304767286043,0.2347515281717757,51_74
0.005405842152483633,0.0960124607736987,51_75
0.004692771133094711,0.12850542399874812,51_77
0.0025925361200186126,0.06520982380467184,51_79
0.0037716074719043786,0.10778901289695471,51_80
0.006864189099408443,0.08551623584364144,51_87
0.008426654115456135,0.07377037620266556,51_88
0.005283709383052414,0.09530370470906058,51_89
0.007807304534216996,0.1043151541498576,51_93
0.005069213277327527,0.025696564624594482,51_96
0.0060678636455023536,0.12694133506463895,51_102
0.010755787228976773,0.10354556286718623,51_106
0.005948035546677234,0.13727209003928253,51_114
0.003585770158193442,0.06946139502285176,51_118
0.0076933457555226,0.05067090245688059,51_119
0.004295697295364971,0.04170177282258553,51_120
0.0037820765651589766,0.05791874745828055,51_122
0.0047628960907237505,0.05663743004637863,51_123
,,51_124
,,51_125
,,51_128
0.00984851368097931,0.14317628755818104,51_129
0.003586949038081065,0.05599683924810633,51_136
0.0016059110644156488,0.04384753229942011,51_143
0.008457740274019215,0.06015264209958699,51_148
0.005961156059122671,0.08981211788148466,51_156
0.005605193140436976,0.08759842053250422,51_157
0.0023340776951453835,0.06931302836116322,51_159
0.002773574517588188,0.05327515687155644,51_164
0.007470956521557006,0.07142659580366077,51_170
0.009808131741404056,0.0947750200937489,51_172
0.004835838658739678,0.0792063305488688,51_173
0.0031425789816872172,0.042826110885821944,51_177
0.014218009669994518,0.0732197210967096,51_184
0.017253747153988322,0.12024467681893716,51_185
0.005856507625186628,0.1010527460205371,51_200
0.004252840567739343,0.06237759047286299,51_214
,,51_215
0.006440975728309067,0.08237548672689372,51_216
0.0008999002180077761,0.06762099219778918,51_218
0.003963130025238454,0.028033344410125706,51_221
0.0051985084546397895,0.046519878217037826,51_227
0.0029473288113068203,0.09983579781178492,51_241
0.006079629673019999,0.10823737373203962,51_242
0.00726638340776003,0.09680358472659774,51_243
0.003370792016667993,0.13746584623521013,51_246
0.003526130478656292,0.14212420602741657,51_248
0.009855460364083081,0.08143004805900912,51_249
0.004948258185040233,0.04225678233842805,51_251
0.008719734500261962,0.07323677151430102,51_252
0.008977393974264591,0.07948761773935493,51_260
0.0018651853542710043,0.057579264556481616,51_261
0.018834404779282356,0.12565687514594678,51_271
0.006303186435551378,0.06641117777032648,51_285
0.0074260966713840795,0.13441018133952465,51_288
0.006689006028462029,0.06592395372460436,51_296
0.004216937029168219,0.06948448635333576,51_299
0.010137108334347174,0.1311239786618892,51_310
0.024416003686392098,0.09691911003804383,51_311
0.0024445289796084227,0.044228735364971974,51_316
0.0026763838884676216,0.06593836387036801,51_317
,,51_320
0.008143610802106842,0.132785358969132,51_322
,,52_3
0.002821552190700105,0.05230867212064353,52_8
0.004972462861564437,0.10011918492323173,52_11
0.005666974991939338,0.09180913854274195,52_12
,,52_15
0.005371828202678135,0.0652991432971305,52_18
0.011335767984105929,0.08856345208404026,52_26
0.008548225199508694,0.10012658034414842,52_39
0.0024230457225157794,0.05132409203077589,52_41
0.004558471752222568,0.04832362639611307,52_44
0.004559475041389694,0.07857192014616654,52_52
,,52_53
0.003547198254425432,0.11912949230497462,52_57
0.0029932680924572544,0.0722887665545579,52_64
0.0016652376033391722,0.03302437073944696,52_65
0.0034067773138733047,0.06313259091345594,52_71
0.003266145958384033,0.1051158885279594,52_74
0.0035041951921537303,0.09934788483744889,52_92
0.005217320862542688,0.0653995719221359,52_94
0.02039852510622708,0.10389187237362645,52_98
0.009046224717660308,0.08990982537932177,52_99
,,52_103
0.0034229119019602203,0.05462743908934288,52_104
0.004036437699464009,0.034863736257307355,52_113
0.007556548947983436,0.10162451847379218,52_129
,,52_130
0.0026708925799810907,0.053129247372662135,52_139
0.0036720501974249085,0.07737293234315482,52_140
0.008285586960875951,0.06842010590953214,52_141
0.004135631786066369,0.08589720507062758,52_143
,,52_153
0.003563219554342097,0.10763723053576364,52_154
0.002488639050057183,0.03200538696250042,52_161
0.006284853733994286,0.11337275665800942,52_166
0.012162544986202239,0.21811930724482392,52_167
0.006450612457856115,0.07064708713539306,52_169
,,52_172
0.005129272740979617,0.07887203576445374,52_173
0.010826404815478545,0.10663685268453646,52_177
0.013182255063597501,0.09941873220096603,52_180
,,52_182
0.005896593844573005,0.1087511376505911,52_189
0.012621239057581298,0.09725542128987352,52_192
0.005702758822846691,0.07458453795053221,52_199
0.007323086836932002,0.04669229873752084,52_210
0.004122158485480137,0.06739034743907119,52_216
0.0055760603099566375,0.07082742742834228,52_218
0.011560439955097241,0.12912725964800337,52_221
0.0031368230805647345,0.09705029884152577,52_224
0.003626169954900621,0.0860908566672225,52_227
0.004790162725647346,0.06286638741384458,52_231
0.007188599709422735,0.049580941476842055,52_232
0.0073374798343324105,0.08189888114422651,52_234
0.007123738647702662,0.1265521391906767,52_235
0.024993097862745374,0.07798052501584192,52_242
0.0041799017991470035,0.08208406989309629,52_249
0.033238767176176215,0.18964786934904465,52_251
0.01570162051795319,0.06802046863137703,52_259
,,52_260
0.003626560375510333,0.06683134648576272,52_263
0.004497474460443016,0.0894097165206241,52_264
0.003753980399824098,0.0906548839467425,52_265
0.0032455433490619317,0.181808678936768,52_266
0.008349085805741846,0.07850058832531769,52_267
0.021162784677926937,0.11430547559787325,52_270
0.006095300840347815,0.06865974549415972,52_271
0.010944306539644868,0.053739628888852996,52_274
0.002723694461052462,0.04263888672668446,52_275
0.0040275174862405136,0.09328126362602546,52_276
0.0032261357078967644,0.04000533428555977,52_280
0.004470282325182118,0.06795455716509388,52_281
0.002151154895327561,0.037867133135681755,52_282
0.006370567579775423,0.06413635696393309,52_283
0.009089077287515436,0.19234277304157205,52_288
0.009824866463541446,0.1599229953589271,52_291
0.007545815073357171,0.14038092365768526,52_293
0.011673601806008812,0.10988015241857751,52_297
0.0025873057067037418,0.03166764770993015,52_300
,,52_301
0.0065048158721315,0.06441455656039537,52_302
0.016739796587823284,0.05274703180353035,52_308
0.002563100105788842,0.09164870003859711,52_314
0.0043127738672869365,0.048709557802956556,52_318
0.005873675011767402,0.07814496888428649,52_321
,,52_324
0.006714025688166055,0.05844234276573966,52_325
,,52_330
0.004291470838666031,0.07084802298592507,52_334
0.006154127836639591,0.12073924356966843,52_336
0.0038462607446214216,0.10712990133340747,52_340
0.005412007463572385,0.07038379886776781,52_342
0.006546668647911254,0.08576115515222621,52_343
0.00402754696325888,0.09639211086787564,52_347
0.008142019115305767,0.08016134848446144,52_351
0.004092641886039323,0.025525033733202494,52_359
0.0018114588133945,0.043721077639963045,52_370
,,52_371
0.020751118644088993,0.15081880255279004,52_376
0.0056626312045565935,0.057497431976857326,52_379
0.0037259699792563175,0.0638187448083687,52_382
0.011232731077699608,0.14176232053349833,52_383
0.004702013305874837,0.12821535762022468,53_0
0.017313855154905758,0.10150548075557349,53_2
,,53_7
0.014111942408122111,0.08749498555612402,53_11
,,53_12
0.010064692744570246,0.13973367917467897,53_18
,,53_20
,,53_23
0.006909644255594016,0.1931883017048429,53_24
0.005371004770824243,0.062126635668192105,53_27
0.0016720946271438933,0.048036581424795714,53_28
0.008342104237645594,0.06875059761560391,53_38
0.008655779146744662,0.031126908544825787,53_48
0.021298665222045057,0.0811035648536136,53_55
0.00753580154657287,0.10016648476130846,53_77
0.003013614077882314,0.04054351374191087,53_78
0.0027354652600432108,0.028385817754365744,53_83
0.0039211309096964,0.19480264871450698,53_84
0.004192686505117505,0.08510911371732732,53_96
0.005313827773785461,0.09287630523938316,53_97
0.007588387565947144,0.08116072963435407,53_102
0.0035495067868288655,0.044328590347689684,53_117
0.014466719608078427,0.10174959735858839,53_126
0.002434290126792738,0.06048308044711972,53_129
0.005682254293333604,0.08876623261719421,53_130
0.006904463346620487,0.12966108019751668,53_133
0.007639382821071195,0.07493443976870236,53_136
0.05776465564324836,0.12814531377198002,53_138
0.005029778521882444,0.07278188715338517,53_144
0.010693816126516657,0.08587148532395297,53_147
0.003995586309476413,0.05296640080359478,53_148
0.017156509663280375,0.11604110583734678,53_151
0.006632118725866529,0.07049905975970241,53_156
0.006273034478181205,0.052267056295174884,53_157
0.01197280807338771,0.07857249826954807,53_160
0.006878369420160659,0.06734987371743659,53_165
0.002751837858008708,0.05529303514279127,53_168
0.0074530827580820925,0.19334131016438785,53_169
0.009071361761247065,0.06185588284587327,53_170
0.0027097865783507124,0.03895555745907762,53_173
,,53_174
0.003017487814390037,0.03216373900152735,53_179
,,53_180
0.003277328261242761,0.08202011280529747,53_181
0.0036518149177825043,0.045681146801562364,53_182
0.002644028422520253,0.06542016659481775,53_183
0.00473944594714727,0.06506591981557944,53_184
0.0055391590691276716,0.09941716173510126,53_190
0.005222792789346471,0.12561750236317648,53_191
0.01144053548358869,0.12871926197552586,53_193
0.0032047768452496774,0.050508205406587216,53_195
0.01366259273319884,0.1825693209649841,53_196
0.009644186773868885,0.10695567989549788,53_198
0.02973008385489075,0.0987141436869712,53_202
0.006677813280109691,0.0890666717903503,53_211
0.00907273953637916,0.12001621447831679,53_212
0.0034843700699527854,0.09877753933006282,53_213
0.015474404102137766,0.14230862988291623,53_214
0.007032338155271044,0.07659126278113251,53_215
0.003365373306867922,0.0467093357234232,53_229
0.003068303731814811,0.056761524004837666,53_233
0.004286072173500348,0.10529354513262672,53_240
0.0032780729264184076,0.05314628377034488,53_243
0.004716813463111024,0.04456307044077848,53_245
0.003613539106146673,0.07006869985850982,53_246
0.008160317971376462,0.12211898584831253,53_249
0.0026627983891858763,0.06870774780254763,53_259
0.0038682567173850607,0.13947927358439327,53_263
,,53_270
0.002978565711816257,0.16719212196954147,53_280
0.004868913096151515,0.05063817122397259,53_282
,,53_292
0.02712391121507004,0.06886345824806842,53_296
0.014441531776966459,0.1607663283374781,53_306
0.0043706111711812,0.10835754007652768,53_309
0.005338338798822024,0.07377349878637418,53_310
,,53_313
0.008967960916246236,0.07115343610263358,53_314
0.004924992959607711,0.07287694639181937,53_323
0.016207737561754757,0.10080223384568048,53_326
0.011215713281438963,0.07151041756481981,53_327
0.005089388284749501,0.09265803294582498,53_330
0.027877878933185028,0.21355423649372088,53_333
0.014098753169569381,0.05224502419711858,53_338
0.012019001116124852,0.08939308082705764,53_341
0.00355096925600446,0.06404442861806364,53_348
0.01734752958889612,0.08314562771387259,53_349
0.008307353290048631,0.07939195378186958,53_352
,,53_354
0.004451755187096665,0.09144816271139287,53_355
0.0034543377304729066,0.10558614482739576,53_358
0.009469258982901038,0.0787889074577983,53_366
0.07216463032846958,0.2545690404071877,53_367
0.004151850170276069,0.033069751223932714,53_368
0.006766383633818325,0.06065397898130925,53_374
0.016818686102326716,0.19992076595669586,53_375
0.012175285081361047,0.064974902661095,53_377
0.0028304510346092815,0.052921531177894124,53_378
0.01191420018757275,0.15177389850652814,53_380
0.004841761446490623,0.07185956346468496,53_388
,,53_395
0.009658740753106486,0.22539096051716123,53_401
0.005284612579158648,0.06316719395452568,53_403
0.006606511102304059,0.06174304636682973,53_407
0.006779705429744466,0.09261274476638685,53_415
0.04122602291595137,0.09720942878549478,53_417
0.013075003893998283,0.07320497915505825,53_420
0.0067699351534669695,0.11636234814947001,53_421
0.0025654658124984915,0.06690832429751405,53_423
0.003624879834800735,0.07862263167375562,53_424
0.0033842107950284566,0.047458588099486124,53_426
,,53_428
0.011939202884831962,0.12335581257854118,53_437
0.0841700709051445,0.011542863813402759,53_438
0.007094985483042939,0.03456003353876474,54_2
0.01563619309387471,0.13605993744746794,54_7
,,54_11
0.006676928027892762,0.046423955136006806,54_16
,,54_18
,,54_20
0.005220760326520013,0.0773438095734152,54_22
0.0032998596242541293,0.054594007075671795,54_30
0.001856779723171375,0.06196675440834786,54_35
0.003548388370451175,0.05980097864758273,54_37
0.0020772005250761037,0.04628340977361665,54_49
,,54_55
0.019424327367438352,0.06155212962028981,54_56
0.01419612848499975,0.11431957486619183,54_57
0.00161349412991671,0.04868646090848851,54_59
0.008540246124355277,0.12839468358411701,54_64
0.007887806992066993,0.074186019173953,54_67
0.0034895440754693853,0.07999858081968578,54_74
0.004193368407375194,0.07150186826304343,54_75
0.005734071509151737,0.058501901083823846,54_76
0.003488129689512978,0.04329104925744097,54_78
0.0038554421225712584,0.07952755813599582,54_79
0.013643505884545168,0.14749784978711303,54_82
0.008196400119152503,0.09387994191901318,54_84
,,54_85
0.004607882002961319,0.045841870498436,54_86
0.0030870489919628897,0.06088127054201841,54_88
0.005002427611430234,0.08071112266607608,54_89
0.0028317962003257154,0.04045182883493835,54_91
0.009249976519970938,0.08024288235243043,54_93
0.008724174177808708,0.12650429747178177,54_96
0.0038006612427039306,0.07402159965199034,54_100
0.003765998618532163,0.06686016711935176,54_102
0.028706170114996793,0.18474230523014762,54_108
0.01978023908573085,0.10439842519520137,54_111
0.002353908226240294,0.03338802345244824,54_115
0.003386015385680634,0.08199629779183037,54_116
0.015934808975668246,0.12605803866448215,54_118
0.004020223822586323,0.07206598662074905,54_120
0.017333100319396947,0.12369958271345495,54_127
0.004474810843330965,0.06828662643985423,54_130
0.004707358327917561,0.06224749534450681,54_133
,,54_134
0.01655138406773187,0.17370352606561967,54_137
0.0053210400502996125,0.060144470900366155,54_141
0.0034621470930328675,0.053926284282373234,54_145
0.004068128952357502,0.048104901342678925,54_148
0.004312710704289485,0.03672813675045898,54_151
0.007325677276013929,0.05213794542794385,54_154
0.005671068808530247,0.049316854885223485,54_155
0.04925763329669458,0.1766224951209913,54_156
0.014994834721846432,0.09854100634809408,54_157
0.004221486149717902,0.10624142053376454,54_162
0.004126463575755063,0.056899940009958315,54_163
0.005032874314749496,0.15463339671000734,54_166
,,54_172
0.006183466274684216,0.047560947454899256,54_178
0.03408277839776343,0.11784345973616908,54_179
0.004472778363027298,0.06226459522704574,54_181
0.007084930873858308,0.07982894533252388,54_182
0.004166896363901564,0.051750788301749256,54_184
,,54_195
0.002421393131609629,0.04552953218852217,54_198
0.002127330060828735,0.03135003993968185,54_200
,,54_204
0.005172412593680539,0.20645322963209783,54_206
0.007134261468865111,0.06272387358012609,54_213
0.002725229208406317,0.03265594740359278,54_217
0.00822692697407475,0.071684470980351,54_226
0.005146488938743242,0.0885066306699423,54_228
0.005204403085846285,0.07486384109882867,54_231
0.003362550261676875,0.03078014076518825,54_234
0.002761512548410227,0.024883663496495366,54_238
0.015549057255511436,0.08830009255957126,54_243
0.003571149288222848,0.03325774813306306,54_247
0.004680942505544018,0.12580070754967615,54_249
0.01250060467661571,0.06688872713722128,54_255
0.011597646763983782,0.0729321172290869,54_256
0.0063297410588930795,0.0848843434883028,54_257
0.0018987351810171808,0.06658614100275265,54_258
0.017516055757842583,0.1103617896056507,54_265
0.011471989756539973,0.14246881451484442,54_266
,,54_268
0.00852409801860852,0.06128561985065249,54_270
0.0035507634120069908,0.04426757040328939,54_273
,,54_274
0.004760891044049195,0.060639597306843686,54_275
,,54_279
0.006743492227756517,0.05362281407009462,54_284
0.0038887625918711355,0.052643673406986925,54_289
0.004688790399066303,0.06053078026723111,54_292
0.007702781840897961,0.09038315328757245,54_295
0.0028609725218307603,0.07731649675338464,54_308
0.021047045652345373,0.12856070187295413,54_310
0.007817691129823685,0.09001518502740116,54_315
0.0023689653586991956,0.06181248307917766,54_317
0.0035596606130142323,0.03547967263166021,54_327
,,54_330
,,54_332
0.0017840605114796382,0.0976364407083542,54_351
0.004052444080918331,0.08132102802089132,54_356
0.0072300619414605695,0.09284503031872693,54_362
0.011139123576241193,0.06910163632030894,54_366
0.007157940039006694,0.11124751760267561,54_373
,,54_374
0.006739418018710109,0.15632658064029578,54_380
0.0024886028419770995,0.051516404214002096,54_385
0.011066975038210563,0.12138489187959481,54_387
,,54_388
0.009672139026295618,0.07206598274245728,54_393
0.008383182741195497,0.11078987427070203,54_399
0.016312265216879278,0.15053957776388086,54_401
,,54_403
0.005607535295127094,0.06429889438589843,54_411
0.005780091748119007,0.040895497801940746,54_412
0.002830968567649977,0.08489814360163872,54_414
0.002931849873987294,0.04390000549544921,54_415
0.0036912182786499764,0.12817348837082532,54_416
,,54_420
0.003868317769697075,0.09046302838217891,54_422
0.003929571857580084,0.044592126954021906,54_429
0.006260829480588414,0.05649657047874626,54_431
0.007261509166806861,0.04630711676021392,54_433
,,54_437
0.008235384795377963,0.08745898744098757,55_0
,,55_2
0.0032092937614563535,0.04159153572750264,55_9
0.0034368843250772874,0.03392911971755442,55_10
,,55_12
0.009022572507114263,0.08973136145395406,55_14
0.0035293767813857186,0.06503910185319278,55_20
0.0032813091114708122,0.05907403387404836,55_21
,,55_23
0.004724044926490128,0.05382455070168648,55_31
0.008317467980597505,0.052827736728227395,55_32
0.006537155367599528,0.06339287385138692,55_33
0.0024349900111757575,0.02451003302376873,55_34
,,55_40
,,55_45
0.004443810164692348,0.04521692300996747,55_47
0.00410084734560528,0.035680589391125464,55_59
0.016228460551164916,0.07582366849076211,55_75
0.0054000230303014075,0.08883027486651135,55_77
,,55_83
0.01825871916373135,0.24346201466125117,55_85
0.0029465442057264373,0.08620992095396299,55_88
0.005270720014092262,0.07908817767978765,55_93
0.003441356061155288,0.06535605273644099,55_95
0.004979691255669132,0.0715449612084754,55_100
,,55_102
,,55_103
0.008679440354434216,0.10745164471934626,55_105
0.002703068469049384,0.04647022559202797,55_106
0.003013189460887431,0.03750326132074427,55_109
0.004945675478628069,0.075341745589916,55_110
0.0058766742475803236,0.06219536431025404,55_111
0.0027159295846714126,0.053516546666916756,55_112
0.005998945450927419,0.10877183279501308,55_114
0.0409725457049953,0.17769848170353797,55_119
,,55_120
0.004334930616433051,0.05975611047534166,55_122
0.010425794570563574,0.10834173848588764,55_123
0.0023857781969812172,0.02658271868888451,55_124
0.024540045565195057,0.10075475008985366,55_127
0.006728290364141134,0.05832607652248189,55_130
0.010970532979176219,0.11358093760421305,55_131
0.004407258606849946,0.0959966117017912,55_135
0.00337443947821786,0.08645994661497658,55_137
0.002031454247301185,0.047976101120294476,55_140
0.0025303586950315925,0.035092512249600416,55_146
0.008270482383328224,0.10113760643235131,55_161
,,55_163
0.012730885839736528,0.0868368060771261,55_169
0.014522746459829889,0.09925066718113444,55_171
0.003441763136783995,0.11457467935462276,55_174
,,55_178
0.002409194475156619,0.0350591187138449,55_179
,,55_181
0.002742999357996178,0.03933272824452106,55_182
0.006069070297417056,0.0475574399736457,55_184
0.013961003344120931,0.0689488310618118,55_186
,,55_187
0.011629785959412605,0.04373794334338614,55_188
0.002147541548111673,0.04122783904801721,55_189
0.0023303292477105855,0.04543879419957572,55_191
0.009884189420456616,0.062186592251718686,55_194
0.0033580368286495414,0.08524780810666642,55_195
0.00819185963640035,0.10267595690386283,55_203
0.004836738300763898,0.0401973881430148,55_204
0.004666257919307662,0.08629677687207696,55_205
0.007069926281504574,0.06863311591541187,55_206
0.0015055584488485921,0.014131686805619131,55_209
0.004905937108391146,0.0620669675867423,55_212
0.011226389248814701,0.07751783754004232,55_217
,,55_218
0.004102647626101242,0.04215571258360421,55_219
0.006513326294681163,0.03324734051480368,55_222
0.004268955503942729,0.0861525657128809,55_223
0.008565190094698758,0.0399511403100769,55_229
0.002653687265181649,0.04399324555334444,55_231
,,55_235
0.00843479090461911,0.12992448266861792,55_239
,,55_242
0.004525264161617479,0.022191430000049826,55_243
0.0036523438600187057,0.12476036691375932,55_244
0.004923421384781871,0.06055651660755986,55_245
0.0065790949457058085,0.10566280290330615,55_246
0.0022243965543519663,0.03355297212604074,55_248
0.0017081197441860855,0.046638812195875366,55_249
0.002623331611314344,0.029711837221532523,55_250
0.0030944874337698494,0.044397275546953295,55_251
0.011556442318331119,0.07715717574660334,55_252
,,55_253
,,55_257
0.02297776828134512,0.14476133631136848,55_259
0.0035853390190201586,0.04986911026690417,55_262
0.01243939231181664,0.08602177573039776,55_264
0.006877897759364869,0.08883183626578754,55_270
0.00447811873462075,0.0501158113820488,55_271
0.015341972237704986,0.10327132968327342,55_280
0.007400515598523512,0.0775519998638017,55_284
0.012842575267938906,0.0877020078440655,55_285
0.015977357042600532,0.12480726748772576,55_301
0.0033834407890484058,0.0626027518151268,55_303
0.005610933301641982,0.07405122791856998,55_304
0.003225004695142667,0.05927734267278782,55_309
0.003922692296487704,0.06860261539007934,55_310
0.003238171670911301,0.053362339972403326,55_312
0.00598043006062112,0.0720115162869695,55_314
0.004790090650860595,0.0659217443680522,55_320
0.005863348068811862,0.07529174681211738,55_324
0.008790419037005422,0.0422052693581295,55_325
0.004061175678228304,0.0678309278636383,55_327
0.01233583500710381,0.09669423601428437,55_328
0.003518740925123765,0.028716519401822297,55_330
0.005791176491403578,0.08876687305538088,55_331
,,55_334
0.006057405101453563,0.05086754295018954,55_337
0.0037882698375529093,0.08394459415770496,55_339
0.0020879762747196802,0.08663401495568221,55_340
0.0035895477895886777,0.05999251830734561,55_343
0.007810412404771314,0.07448976254185793,55_347
0.010219337242369005,0.09906051755359666,55_348
0.004225624585321446,0.03699086591493825,55_358
0.022133774213614774,0.07843032366799582,55_360
,,55_361
0.0035877980221963113,0.02902922558749522,55_362
0.016274147078915533,0.09785548277192058,55_363
,,55_370
0.0021814092235239854,0.033103369844336136,55_377
0.008770424996990408,0.07072610884238047,55_381
0.013104239562022803,0.1454696034647909,55_382
,,55_384
,,55_387
,,55_389
0.005967885850313224,0.03430877661453439,55_390
0.00279766547027165,0.03625948993697286,55_393
0.0031510681571715487,0.070233418177105,55_395
0.005616175929056989,0.039775847804460675,55_400
0.0074949827677674745,0.07897915969804423,55_401
,,55_402
0.004411185806046332,0.07084104441858792,56_1
0.005193572759761804,0.1497122280845391,56_5
0.0047080499437832475,0.09028351036771529,56_8
0.010615894859906135,0.09574739798542671,56_11
0.01287393040042186,0.10863085045055566,56_16
0.003429305741076213,0.08131755736086106,56_24
,,56_25
,,56_31
0.002195221089279535,0.022076677324974568,56_33
0.00989761143907661,0.07833511828416745,56_44
0.004456873210572185,0.08870475932198285,56_53
0.0077603758591906,0.1568499275019596,56_60
0.010392692010107583,0.04138004948589487,56_77
0.006572933097669192,0.10406323964255483,56_83
0.00674038167697009,0.11718427356955059,56_93
0.007410764723576908,0.10694436536196511,56_103
0.013707999929707344,0.18213772525345232,56_105
0.00669966966126834,0.06876628096135495,56_106
,,56_110
0.011842115377568036,0.1992439460195601,56_114
,,56_116
0.0027926555982591595,0.040075194577239764,56_126
0.01685374239785241,0.043283291326861456,56_127
0.008123288177882293,0.06034206829901964,56_130
0.004406900384324444,0.048522772521744174,56_138
0.0032077270374666535,0.03708584384105073,56_143
0.0059431871586162945,0.08342018612437607,56_145
0.006503722317181629,0.05042839120567962,56_146
0.00890679787580454,0.1014268972690917,56_148
0.006430084527374972,0.052595070686264525,56_157
0.004183659453999611,0.08847740742384293,56_164
0.003875193197434114,0.053295095416447336,56_167
0.0008184238632453429,0.17919812209758454,56_170
0.002585148322117019,0.046015558479941904,56_174
0.006704135803715134,0.08938624403029563,56_175
,,56_176
0.003977747499006079,0.07490521013647834,56_178
0.005123480937546128,0.037370676692040784,56_184
0.004341688197488253,0.08379802927527928,56_186
0.0029806241744209107,0.027978252571723913,56_187
0.015555938967609453,0.11016544622808683,56_192
0.004980548334843533,0.05638053041276403,56_193
0.006917105521515361,0.09142016065364586,56_195
0.0030008034994212134,0.04588076621438178,56_196
0.0021496909249180333,0.03998660325841625,56_198
0.0017756518419734528,0.03297577859255319,56_200
0.0715228527670553,0.141278032651407,56_201
0.00412749267841948,0.03482303338640873,56_209
0.020104612290215196,0.052710477352235115,56_214
,,56_216
0.0034042440579261147,0.106929774257337,56_221
0.00606599200637304,0.07650634718630828,56_222
0.008202965947730933,0.09911180720631571,56_225
0.007942601399147426,0.07248076791560694,56_230
0.010696050386914726,0.04600901415709433,56_235
0.0066239987322135605,0.07671879398297222,56_249
0.0037977193270815317,0.061394785981847166,56_257
0.07689159309091886,0.32378909809651635,56_262
0.006922693539845292,0.07972912152993124,56_268
0.008827682989893384,0.11081275481692292,56_278
0.008434596863406725,0.10740926170598666,56_286
0.0057035516820694325,0.11981560468733068,56_291
,,56_292
,,56_294
0.009061914280881494,0.053887793750635564,56_296
0.008703372842029784,0.09558998601309317,56_297
0.0024097859979831495,0.11860797158631381,56_298
0.003900080478490666,0.06052822225923798,56_300
0.007154365018350422,0.07879025179484755,56_312
0.008831039002981983,0.058627944843866686,56_314
0.003142086212650895,0.05459385599909152,56_324
0.005477864451904637,0.07410889785464626,56_328
0.003758907958612986,0.044743888546288385,56_339
0.002031292797875743,0.02814148213210682,56_342
0.0026346098603806283,0.054130694086436976,56_343
0.008392380665126327,0.11367648022755995,56_344
0.004019871975688057,0.059353423374858744,56_345
0.007688485194839388,0.11844899821711782,56_349
0.005960400617098702,0.05645123506388258,56_353
0.008126379878640115,0.11891944266421149,56_354
0.025315121545872215,0.12554046852468276,56_363
0.006315372345880244,0.09154335690447692,56_367
0.013542459710229994,0.08857647119951607,56_373
0.002719064475072526,0.08200591256519581,57_1
0.020145601479074047,0.20162665567632895,57_17
0.002200839326534318,0.0422607414483242,57_20
0.003128108168131626,0.06930191818442491,57_31
0.0025660824388637343,0.05020132042618611,57_32
,,57_33
0.005881736677108387,0.08463220531811409,57_39
0.011366676003762139,0.15271734183179272,57_42
0.00275151422666243,0.038291598506343574,57_43
0.0034539872417339687,0.05504606995310753,57_44
0.0031475181443730072,0.08180606184765493,57_48
0.016014708889612667,0.11486114664175083,57_52
0.0036881423165995102,0.11337174735880919,57_53
,,57_55
0.007725764446311052,0.1366693888610961,57_57
,,57_58
0.006465220106942172,0.08144234229316513,57_78
0.0023253790686608225,0.043939971215530144,57_84
0.008354026634093454,0.07236446134372186,57_89
0.0055401312608897,0.12987584888449327,57_90
0.008030813182551748,0.05915986392143729,57_94
0.0026594164617916535,0.09042033243493719,57_95
0.00514092453611058,0.1030677167852656,57_97
0.0017908673194818269,0.01735078187474263,57_99
0.005262419121887786,0.064863687320195,57_100
0.005024770409099189,0.053710721577436296,57_102
0.007321508732663954,0.059779717602641225,57_107
0.0035047667886071595,0.08596809985453911,57_109
0.004589723554331485,0.14774499190393844,57_112
0.002272550476252975,0.07000982263648525,57_121
0.004978799068775894,0.06552442211213597,57_129
0.005454854862718214,0.07242076948332798,57_133
0.006559875804939349,0.1785718980485186,57_141
0.004345224188264083,0.06574365996393733,57_146
0.00428016307556636,0.09455200882090375,57_148
0.0048314629984380865,0.09499146129931,57_149
0.002412655436597234,0.05272531849188366,57_152
0.0020751174018637034,0.147110480106847,57_155
0.006778170928522444,0.06825549499715694,57_157
0.00339855634290224,0.06414430359354428,57_170
0.004044897952547201,0.03893377134455316,57_172
,,57_179
0.0022519157708218713,0.04500662958764866,57_194
0.003492302296173185,0.0561792357811741,57_196
0.0027059479583184695,0.04857125535114494,57_198
0.0029079867030686692,0.14627281367272654,57_201
,,57_206
0.0028694968444740814,0.08352070157764489,57_211
0.011513094598026626,0.09530706267836105,57_215
0.003456833114310229,0.07732341511486317,57_223
0.00426802984808936,0.07140239121487356,57_225
0.010758499335470304,0.08267233753188817,57_228
0.0023617571943740905,0.057509098460990865,57_236
0.006991451825701638,0.07140686483536665,57_240
0.012317085847085374,0.16392844342154775,57_241
0.0060198362550183074,0.052774667469542576,57_243
0.0013279029407035096,0.041404727803489264,57_244
,,57_249
0.009697759098003552,0.08102614590270883,57_251
0.020423716796949702,0.08310019249935706,57_262
0.008206510273274134,0.05712964477203908,57_263
0.02326606505600634,0.08148501819198789,57_264
0.006005972123569201,0.05825465245216273,57_265
0.006005972123569201,0.05825465245216273,57_265
0.022040631474982284,0.10757678691781077,57_272
0.006546212171154372,0.05883548667260324,57_273
0.004043795303425156,0.09102176292598825,57_280
0.004756948048698924,0.09509576564906753,57_281
0.006736549699988758,0.09963799099766965,57_289
0.0032996225118989294,0.042302149782267415,57_291
0.009605020903763768,0.11628282091399747,57_292
0.004940286543608368,0.05164931013457272,57_294
0.00652901198138234,0.09060635604002013,57_297
0.005957471532568533,0.06400911321974204,57_301
0.009861645845245251,0.08104407596950144,57_308
,,57_311
0.01047110792599831,0.16023351606815134,57_314
0.002585476045490688,0.05910429697822784,57_319
,,57_323
0.0033598502438493606,0.04753930166386564,57_324
0.0022496011902422963,0.16130838410473314,57_325
0.003403654585411996,0.06638206734214933,57_329
0.02473850773048442,0.10109383045643584,57_335
0.005721317376896636,0.08953026095887394,57_340
0.005500734426345385,0.04913666606484791,57_343
,,58_5
0.004453257179963005,0.1094382140708848,58_11
0.00219276960222614,0.05259119148212685,58_13
0.007556153072243768,0.15417150133023244,58_14
0.0373569993663302,0.17704734275985778,58_18
0.0076042504194559915,0.09314260188422281,58_27
,,58_42
0.004313695332313878,0.0631846704392532,58_54
0.0056951601783331125,0.14565527852215587,58_56
0.00825872028042404,0.06719498770680313,58_65
0.0037309159476707878,0.12115152184389431,58_66
0.0169566283589739,0.13543346465113854,58_70
,,58_72
0.002915056695684637,0.0644502461326016,58_73
0.005155235564894972,0.05911779276128629,58_74
0.002909663500596666,0.05684002589836237,58_75
0.003256399592730318,0.0386422148962197,58_77
0.037835111281911735,0.22123284696794163,58_81
0.003331829224281422,0.17821134044674375,58_82
0.0029233130971270983,0.05398163897822834,58_83
,,58_88
0.004476022418501803,0.036977484123422236,58_91
0.006789750500717827,0.0916405231429538,58_100
,,58_107
0.013007079448898248,0.09423056357781963,58_108
0.01169305402848805,0.10757722738144514,58_112
0.0026393200734406625,0.07495902797097583,58_118
0.0032232708553537625,0.07052406633056309,58_123
0.008621653430031226,0.09816165926909907,58_144
,,58_147
0.003776670622524645,0.05560519771474403,58_148
0.029816483692167967,0.1494537279019487,58_149
,,58_150
0.004693280103705064,0.07890407941743224,58_152
,,58_153
0.00467942750416211,0.06120630104267343,58_160
0.0033836451634640446,0.06220198371924679,58_163
0.00908065031442947,0.16131306090221714,58_170
0.04509912807101686,0.18200277172919763,58_184
0.0036202588514892262,0.13809229776846793,58_185
0.01408598552891377,0.13395275261935474,58_186
0.004677842087277652,0.06304932596213071,58_199
0.008469671116428698,0.12260987513938673,58_202
0.002920806337589185,0.03992768813876175,58_206
0.005665031172602785,0.14796156400579014,58_207
0.0025101861933195676,0.0994582157584569,58_217
0.010007743211285529,0.0927348451849616,58_221
0.016504261384568973,0.08003804262905535,58_223
0.006169597176449446,0.14410994045304926,58_224
,,58_234
0.008207433127349952,0.06129043088730681,58_235
0.005774976592338422,0.04049767113369199,58_246
,,58_250
0.003229930422417296,0.09120387198657953,58_252
0.006170400478512853,0.07005198196194883,58_256
0.003928732091042748,0.08455447664793247,58_258
0.004582370749245816,0.05013497040584639,58_262
0.026037161092547934,0.15631801253719288,58_263
0.0027075630352991174,0.02290847189718958,58_269
,,58_271
0.0035065204637122704,0.13502490159344394,58_276
0.016732396646019377,0.08953192068689117,58_277
0.0021458043851632115,0.1662915846876626,58_281
0.003200790458963637,0.07222884074663703,58_282
0.0032943610372665006,0.06547289513312386,58_285
0.0059654511730974,0.0718113123385617,58_286
0.002587582462475934,0.10761496822858062,58_290
,,58_294
,,58_296
0.01617806712750476,0.1548099055419078,58_300
0.002562731213180703,0.0798771264377632,58_303
,,58_304
0.005981382698511486,0.06769560226256974,58_319
0.0043045238314785616,0.11309803493735376,58_328
0.0021893877072409716,0.04216386815081588,58_333
0.005353221314711601,0.053075384078785065,58_339
0.004698051665696931,0.05927862113457322,58_340
0.05495241873585366,0.28013640181481364,58_342
0.005007973157027906,0.0714033191144107,58_343
0.005079018142988205,0.04088883625384568,58_345
0.09356538305892471,0.07834560840148201,58_346
0.008926470833918313,0.1640096147713568,58_351
0.003062635143474259,0.029070236982386026,58_355
,,59_2
0.002414408572154572,0.060643558192901396,59_4
0.012970483207780516,0.19479167194843044,59_5
0.009279173083569358,0.14181448401513652,59_19
,,59_22
0.005820327889845301,0.07368933106430346,59_27
0.0019413301636301923,0.03489766159605843,59_28
,,59_32
0.005710624593055902,0.11087181666722057,59_39
0.008813537618504815,0.09615950676884553,59_46
0.015663484011308525,0.1729118460631803,59_47
0.16719331559596834,0.08428043612510024,59_48
0.006507417545495936,0.11338326490668667,59_51
0.012411986009324267,0.16854891430643565,59_57
0.005441239107507517,0.1120901587559745,59_65
0.005921480364658646,0.07400822464903033,59_67
0.009352484756619988,0.11611319096413199,59_69
0.011110508927701995,0.1510412382668902,59_70
0.004782438479491318,0.102483891969032,59_74
0.011033383817803402,0.1123562439376011,59_76
0.00688136312355979,0.17699492239179473,59_79
0.006060882055262814,0.09471665348887517,59_80
0.005540202939360321,0.08382533080297862,59_82
,,59_84
0.007179666260040382,0.1186306952710305,59_86
0.0035178780891855607,0.08693898508429719,59_87
0.002647461674214729,0.03704827615447541,59_89
0.004504175059264356,0.07648350173965175,59_90
0.01523268520620637,0.13217954129744938,59_92
0.006308510938080783,0.10025652638176995,59_95
0.009176828849424185,0.10709682921639029,59_97
,,59_102
0.00709516102910046,0.15353617685830356,59_109
0.005040376284534474,0.07765589006636119,59_111
0.006100181752655791,0.1171847259080586,59_112
0.009984094019149686,0.07904358117840911,59_118
0.010789102584491924,0.15751720167629954,59_119
0.005213330408650253,0.12030739098482221,59_123
0.004434445779678952,0.20162754982989559,59_134
0.005116483254001527,0.09382693759631414,59_135
0.015687435838464676,0.08349296836248232,59_137
0.012921314853345403,0.15340634832511651,59_141
0.00601069185074096,0.11364712956799972,59_145
0.007610741261521801,0.09410341125774248,59_148
0.0061997790426456785,0.07536306820745885,59_166
,,59_168
0.0034561127550696786,0.07908677170230705,59_170
0.007923207319806173,0.10444110306990752,59_172
,,59_176
0.009129094062201122,0.06574688058008693,59_177
0.004343089242630044,0.05872326603408702,59_184
0.015339599517118564,0.071700857829458,59_189
0.004876148815204979,0.07514576880748619,59_197
0.004182297786060631,0.11134940877834561,59_200
0.0037382402417268806,0.11031557226019319,59_204
0.0033394595658433114,0.14329270487369092,59_205
0.02012743367439862,0.15759357342820018,59_206
0.007903303247590051,0.149243371537542,59_211
0.0049105483012578345,0.058598956968935675,59_217
0.003731905870284346,0.059759031302273176,59_219
0.04222291454799789,0.2180925944471934,59_227
0.005693053335773239,0.12355924197837563,59_232
0.00831100143842454,0.11504330303937221,59_234
0.001792624273598866,0.06813176860289713,59_236
0.0034146935179870095,0.06294406050571123,59_240
0.003446696763485485,0.023202246043032768,59_242
0.01706041519991188,0.14390300601409695,59_246
0.014121342802030135,0.11233835673862173,59_250
0.01001381145715095,0.21296524112895543,59_251
0.003987385015803608,0.08445071073175284,59_255
0.011589866544469337,0.08832245526687683,59_267
0.0072285397770972554,0.11294921303557445,59_269
0.0034871480988939514,0.14542748814192114,59_276
0.003626839842662302,0.06929295326842927,59_278
0.004610288744388187,0.03079525788919757,59_280
0.005093742489619647,0.06085271152805862,59_283
0.005163335951406339,0.080827034530075,59_288
0.007213865355921834,0.07580402114747174,59_294
0.005692508687119067,0.08177337880274342,59_296
0.0046995074507150845,0.0745247757134305,59_298
,,59_300
0.0016636977992180836,0.07390629123802736,60_7
0.005096713409627946,0.08658031144027192,60_8
,,60_9
0.002821573775482122,0.0738235435191596,60_15
,,60_16
0.0020402882664014403,0.07140758319750715,60_19
0.00253219194760084,0.040847010856964884,60_21
0.003963727494268598,0.07157721180826279,60_22
0.010775371713452102,0.1065178098629433,60_23
0.0031292168165559355,0.042330209570218505,60_24
0.004577565422526911,0.03963969289249479,60_25
0.0037953072790430083,0.0558472681222128,60_27
,,60_33
0.012440250317529667,0.06196966586486052,60_36
,,60_45
0.00400969019011216,0.06625359323050302,60_46
0.005045698921742239,0.03331056438153091,60_47
0.005240723077999757,0.07768471610480919,60_48
0.007621583399207966,0.13407367471624482,60_49
0.0034794403845354333,0.05417289742386191,60_50
0.009464482204486141,0.07943527910050527,60_55
0.008071548073790092,0.11270263474435617,60_58
0.003645266070224204,0.1141766461352757,60_62
0.006212011422426136,0.05875786796549237,60_69
0.009278182909221862,0.06383885045491168,60_70
0.004769123325545165,0.03762870130502397,60_73
0.004738959453383447,0.09093488100981911,60_83
0.003279455204366592,0.05161494873177414,60_88
0.005102354742356347,0.09983799627710226,60_93
0.0046840298163868515,0.06176957704057303,60_94
0.015930736071532735,0.0801572398560579,60_96
,,60_100
0.006639366396507915,0.13875994848577086,60_101
0.0030887889737227776,0.051916358666375916,60_103
0.004145666394890251,0.08144991925453156,60_110
0.0039952890781570355,0.05005633738014047,60_117
0.010572765058753887,0.10249590558210127,60_122
0.004626223417988586,0.08554285477718833,60_125
0.0024036392064769613,0.0580358402804341,60_129
0.0024039638194062432,0.039431811813182366,60_144
0.004044689844055462,0.0436589953539209,60_148
0.0059309715965612615,0.04062931334181461,60_155
0.002410114679913375,0.04023335876876403,60_157
0.0028731304897186573,0.040389959035740546,60_161
,,60_162
0.010074414738716038,0.07487108199227407,60_166
0.00326278243018898,0.05782472695411445,60_167
0.00889848127541064,0.08331049204860053,60_168
,,60_169
0.003741903509228756,0.038160905686025114,60_171
0.0034124122219180396,0.06723283123501027,60_174
0.003287358181122417,0.10287819750510446,60_178
0.0063210495746898465,0.09673830813781893,60_180
0.0033240867917234225,0.05826926373839489,60_182
0.004277818058284108,0.08582159712901948,60_183
0.008590914561962438,0.060621111307261534,60_184
,,60_194
0.004763269726988492,0.0563561797754369,60_197
0.0024388540528278084,0.030182008657490586,60_210
0.006790667837659229,0.06507560721310018,60_216
,,60_218
0.00424968793165863,0.06375402264605569,60_225
0.004853828484098375,0.032842845750531036,60_226
0.026650833357716255,0.08027006790850655,60_227
0.0034978521435273767,0.1023315040699581,60_228
0.004126855583917919,0.05905953842204894,60_229
0.005226376706883912,0.06788789938543134,60_232
0.002634064167403626,0.09026188873807003,60_235
,,60_252
0.0023629900140967643,0.06202786886909867,60_264
0.0017254199815062593,0.059370870537363805,60_265
0.011277116382482081,0.11310696216279545,60_268
0.0051631849245419815,0.07764882129911661,60_272
0.002390399277115484,0.046247643541986294,60_278
0.005529522732802393,0.0680361940144713,60_289
0.002007650528378518,0.045204001910487644,60_290
0.011573974153372368,0.2564900162582738,60_291
0.00231210094834365,0.043702300728083524,60_298
0.003651383421723914,0.1047296092046482,60_299
0.011933774455835829,0.08098051610557305,60_303
0.005598108544898029,0.050158835788083535,60_307
0.008987912920871411,0.10865315601265173,60_311
0.003021660945122797,0.04674894262300695,60_316
0.005251222827709667,0.07244425308642737,60_322
0.003211802210694581,0.08002477318439408,60_324
0.0046895207777282195,0.04940229677654588,60_325
0.0030652419434735434,0.027349055163719292,60_329
,,60_332
0.0027921824758008642,0.11565798346041134,60_333
0.0031867833837841745,0.07270313670153844,60_335
0.0045062457260976775,0.05722192833010104,60_337
0.0033744317400585416,0.04187214551906321,61_2
,,61_5
0.01885756075604809,0.08996246975590809,61_9
0.006684236727103927,0.03692919757230486,61_12
0.018133192712501377,0.11138604365791961,61_13
0.002828903027811986,0.04730597526834173,61_14
0.033319292706100505,0.20751192189989717,61_18
0.0027055088518476984,0.06036559236935881,61_22
0.007203982808739893,0.07141398756809597,61_42
0.005887581850328674,0.11492268964671025,61_43
0.013645055677356183,0.10145042936790621,61_45
0.004450482668325776,0.05837882730060103,61_46
0.004566420928372713,0.0582558291204429,61_52
0.007745903024486097,0.07344745329602584,61_59
0.0019781698454155276,0.07677554917585587,61_70
0.03729961096073273,0.31867196826009064,61_72
0.009601367713013011,0.07899388969190542,61_76
0.0008334655125683022,0.03346109222434523,61_77
0.002709416052951553,0.04648660664167516,61_81
0.0038507348282360884,0.058348110508332066,61_84
,,61_85
0.01014552013732431,0.07768574980443932,61_88
,,61_92
0.011578837785124101,0.07725713260757597,61_98
0.022125961524138607,0.10818017316931702,61_102
0.006728278718387027,0.10203699010169308,61_105
0.004141592783984509,0.09716727722646853,61_109
0.003246143519416486,0.05958232865816876,61_110
0.007909380443725933,0.051206709083528035,61_117
0.011161502930611904,0.09747590526448406,61_128
0.009333526862556023,0.09092470398981277,61_129
0.0036116340292385958,0.050838379405697666,61_134
0.004938858792520137,0.03755833965919975,61_136
0.005474453271773135,0.14559000256095414,61_138
,,61_139
,,61_143
0.007454476130547468,0.07666991262658833,61_144
,,61_147
0.0019235523729725541,0.027533258546955777,61_148
0.011935434008959593,0.14748912360294097,61_149
0.003147720016136905,0.12496767667723081,61_160
,,61_171
0.00437770910835336,0.07586053063507918,61_174
0.005898628592353427,0.0745809223479175,61_178
0.0018637446800948002,0.04025167642746615,61_189
0.0022276255703899007,0.03833535160179891,61_195
0.0039647746231982715,0.04942559985123949,61_201
0.006791225091585652,0.06120400656829533,61_204
0.006754535028876458,0.04114494162205602,61_206
0.013336812316071056,0.07670962286413169,61_229
0.006768738742549189,0.08057733826330901,61_237
0.005130293233641641,0.11430103412462997,61_245
,,61_252
0.003974265616220727,0.06965957936532824,61_254
0.0359037819754771,0.15361978092232104,61_256
0.0017954443292153809,0.03406898322209088,61_274
0.003375480172875891,0.05998203205815159,61_283
0.0048296132432202755,0.07334026858151547,61_285
0.013270303314202212,0.12680392137223456,61_287
0.05201669383540756,0.17110297519643783,61_288
,,61_289
,,61_290
0.02678281743779777,0.08852907510314893,61_296
0.02349597287577144,0.13812021095687038,61_303
,,61_304
,,61_305
0.001936326476777819,0.05341769638402731,61_307
0.002093240713452082,0.04709422795100443,61_309
0.009437401370795913,0.08690847928048293,61_314
0.0031417199357231048,0.05319275658641849,61_319
0.004709154859827519,0.05473624527759233,61_321
0.003160244963609136,0.05730445119375497,61_324
0.034840858742124,0.13030682423235648,61_326
0.004118898457536212,0.06245625362778634,61_331
0.005844918176849295,0.1420084455298122,61_332
0.02379268837231868,0.173826486779752,61_333
0.0077665160663024785,0.046005156286404114,61_334
0.0033284321459468753,0.03845595838734584,61_335
0.003216554863844445,0.08110533090380419,61_336
0.003582433939051031,0.09412507212423564,61_337
0.0035604810778821793,0.10219635719042301,61_338
0.004948212635390038,0.08486137908736732,61_343
0.0045352271787157325,0.0417383012999253,61_345
0.018416131402776127,0.12095996391182255,61_350
0.004492663657254944,0.062325669652853466,61_351
0.002560361454851088,0.047272163778692824,61_355
0.012398743578201844,0.06792026213845904,61_357
0.003191568277306729,0.09634437743942528,61_359
0.005070297662208398,0.08268915971149048,61_360
0.01592842736157811,0.18082804683717785,61_364
0.006321257826452859,0.07090630130301546,61_367
0.0039485236502709384,0.027952656448184714,61_373
0.009252522827812776,0.10029060818479286,62_3
0.005395660979080303,0.06394592890253932,62_10
0.006947252658514336,0.07818952097125897,62_14
0.0024323777293943937,0.05077521632321854,62_19
0.0050606001889127,0.08219843050709211,62_20
0.05923985400468715,0.1981606298420577,62_23
0.008864777619181237,0.13132169364656335,62_28
0.004035532720134042,0.1607382674775657,62_30
0.0047328695445442255,0.05019625268327339,62_34
,,62_37
0.02747738275753334,0.13143459748488961,62_39
,,62_40
0.0021490711409017952,0.044263664803895694,62_46
0.002901976112355101,0.027479301090464932,62_58
0.021190183138695563,0.0747758953063585,62_62
0.0033744805391584956,0.09911396102592862,62_71
0.002457076118206289,0.07020337248255781,62_76
0.03820501487973053,0.16187231870427815,62_77
0.004085009309525164,0.14713429089844465,62_78
,,62_79
0.006646722703831212,0.09022759501458329,62_80
0.00908435401472146,0.10651857387816846,62_85
0.002719207546774301,0.036357860628995514,62_86
,,62_93
0.0025214460740867945,0.040416296247492496,62_94
0.003939208729431252,0.06732299347763711,62_96
0.002697080441024548,0.08621131168286902,62_101
0.007531999364431095,0.08248423038265383,62_103
0.005022265751465889,0.0669230913221989,62_108
0.006266027800914604,0.0923972451834133,62_115
0.005734005065481603,0.07263260782581443,62_136
0.00746946127874428,0.08739325669664146,62_139
0.00271963261908869,0.052049384462494075,62_140
0.0035662545396028143,0.07747692012713242,62_144
,,62_147
0.004292195089600149,0.12245325801259674,62_148
0.013723822570878496,0.0787044899399796,62_153
0.02150991512255085,0.1389914342408093,62_170
0.010165751332216,0.0660286679626162,62_176
,,62_182
0.004876923557692547,0.044567227263483014,62_186
0.004866121580063551,0.10029881212422687,62_190
0.007200329041147823,0.054376987130013245,62_202
0.003008764018515538,0.0525548580819623,62_203
,,62_208
0.003352192467699221,0.04141476091855694,62_218
0.005757554657519,0.1367694804537274,62_219
0.0075260998980585594,0.0672028721209452,62_223
0.004102986481939723,0.05402254447458553,62_225
0.006655947400302279,0.08967319881722892,62_226
0.005232049358970493,0.09823317766567634,62_228
,,62_230
0.0049057891985484015,0.05480768525574042,62_235
0.013475140101422959,0.0755088484819371,62_242
0.003121216415316362,0.08534996739258872,62_245
0.0029741636478002294,0.03533071001039663,62_246
0.010532527723544842,0.07048157454709199,62_247
0.010931308227542206,0.08300184210808868,62_250
,,62_251
0.002535768707942599,0.0899243257204143,62_254
0.011967365185857374,0.07177013769003701,62_261
0.02182953696269677,0.06199459867529474,62_264
0.004312908202814221,0.11174471632610297,62_266
0.010712387688287325,0.07505014677444422,62_270
0.0026268727585452467,0.03358663757258849,62_275
0.0047116598052559045,0.08693048190351414,62_278
0.00855383183870037,0.08714809440650129,62_279
0.0028096353049642596,0.07058550055320945,62_284
0.007169678707790619,0.06097090007550269,62_285
0.0038288538755334263,0.08214602258613106,62_289
,,62_290
0.0038602406880050726,0.04139687901401182,62_293
0.01084410121232884,0.06196376822330939,62_296
0.0038661160624963572,0.08897932188482377,62_299
,,62_309
,,62_311
0.0063954764132553585,0.06336452509294785,62_317
0.0035296625813355767,0.05765889195395022,62_328
0.005502042211090354,0.18218121383266958,62_331
0.0017244517242693486,0.05490378535842236,62_334
0.019372556161487888,0.14245925894386713,62_335
,,62_336
,,62_338
,,62_344
0.010503628408557696,0.0884217827038902,62_345
,,62_346
0.0035473238044790322,0.054617793525803135,62_347
0.003368227106325965,0.1524784329709184,62_350
0.0023734552779408136,0.04542487439421042,62_352
0.001691519319804442,0.051252094288313406,62_357
,,62_359
0.007738927249929258,0.09022343891062107,63_1
,,63_3
0.0026453593086899155,0.05066914328414898,63_6
,,63_10
0.0049350571381231645,0.09180081646034322,63_12
0.0031546052055258073,0.06517284306035559,63_28
0.0036163316127972144,0.06656483576432777,63_30
0.0443457545325873,0.11987750704780571,63_33
0.006761293698755401,0.08742110710290854,63_39
0.0029390063617173736,0.049625869737867645,63_40
0.0036303989520578765,0.07179278552646985,63_41
0.016814178545641694,0.09855689976465107,63_43
0.017584643880142747,0.070311891133521,63_47
0.019964605201807095,0.09052504549995852,63_49
0.0038038962627520248,0.07755295314410829,63_53
0.011949879343662732,0.07266927010375762,63_55
0.0029082126084648925,0.05879261255520716,63_61
0.002515012432729835,0.05323511671792179,63_62
0.01139878638153739,0.03554940577788163,63_70
0.008251971812993555,0.08403570731928164,63_73
0.0029672587476525427,0.17290974025601022,63_74
,,63_78
0.0027229599617239666,0.06680481779359601,63_82
0.005812253210751783,0.0890254719765966,63_86
0.00397963517535143,0.0732408958814104,63_87
,,63_91
0.0135202060112674,0.08805438099468516,63_94
0.0024125398533469075,0.05660169374622348,63_96
,,63_98
0.00472726957425084,0.0492726158178167,63_99
0.018135250411841115,0.09346985692970414,63_103
0.009106570380772158,0.07546122343971823,63_109
,,63_111
0.006085153747659619,0.056582263911252303,63_115
0.004686848916687592,0.1591971187087433,63_117
0.005855882763447061,0.08953966201394462,63_118
,,63_120
0.003556843608694795,0.08624048849176134,63_121
0.016702386758476455,0.08143524202579969,63_124
0.0037368506303248304,0.1789531498765495,63_132
0.004176036524311131,0.04417285610866629,63_134
0.003529566595203395,0.04917786857591376,63_136
0.006340651272510211,0.05788486314979082,63_142
0.0029060268137378,0.08172648472630366,63_143
0.0035269488431119334,0.06720646852702843,63_144
0.004055156931648527,0.06332731824866598,63_146
0.0036566712537686448,0.08436947630344752,63_166
0.008678291915755929,0.07209776540574618,63_174
0.008010369982085368,0.06911511246211742,63_180
0.003745271542755001,0.05904653535760672,63_181
0.007239600241199542,0.10949648942471078,63_185
0.009752758099796957,0.04716887556118106,63_193
0.0032259135618008384,0.04637080714221292,63_197
0.011379688544931385,0.06637357398720294,63_209
,,63_222
0.009252437905947502,0.0937430287385241,63_228
0.002783825376084722,0.05096130959549309,63_232
,,63_233
0.0022739347742336087,0.04262242927049756,63_235
0.013541956628757509,0.11884294679340239,63_236
0.003211625245366511,0.03789784928300623,63_237
0.006449590715742177,0.07874196706510882,63_238
0.006061167237854412,0.1138919799264751,63_239
0.047812147672449054,0.11767925370136846,63_240
0.002375060737694361,0.03808797386042398,63_241
0.012255353750199201,0.053922662104768086,63_243
0.009263731892206304,0.08638042015278792,63_247
0.0034473490534195146,0.053215270238642275,63_250
0.0024848252349078327,0.03819068962110001,63_251
0.005885351343856928,0.04695067378177301,63_252
0.013639790396718764,0.07864890977776468,63_255
0.008038843567967874,0.07159311292540324,63_258
,,63_263
0.007695841896385951,0.07443637329815303,63_283
0.004997745150707714,0.06680281941521993,63_290
0.0029574208539952167,0.05139247557158005,63_294
0.004134788904707028,0.03424331313078817,63_295
,,63_298
,,63_300
0.0026114779752848104,0.08341638229734248,63_301
0.002788852789082329,0.05883235729362512,63_302
0.019666947698351242,0.15974992089281997,63_304
,,63_307
,,63_316
0.002611009413686326,0.023562105382613236,63_317
0.0075507996011098906,0.09930701336604918,63_328
0.00557408428825351,0.07330725833264433,63_329
0.014270420051082835,0.14404585243054435,63_332
0.011091378612978346,0.1147529968060685,63_333
0.004173009167284476,0.062320133409947784,63_335
0.01592684256501811,0.12324076070059375,63_343
0.0027886669343673057,0.0422479692440092,63_349
,,63_357
0.004926243481761329,0.1695283328512836,63_360
,,63_362
0.006725369498570848,0.08579879281798092,64_1
0.004270324154698965,0.07538055596734863,64_8
0.0031180224106422327,0.0718568017427152,64_11
,,64_16
,,64_18
0.004008052411843894,0.053517196017332465,64_24
0.0027198745123346462,0.1310617001413333,64_31
0.010075063581139276,0.095959150525782,64_34
0.0025067373202664178,0.15721889015955234,64_35
0.008117777210572621,0.07939048243904019,64_38
0.004602642712835032,0.1685286604765743,64_40
0.0049317335960356885,0.07938646169674832,64_42
0.003377471974599603,0.09239918915257345,64_46
0.006562952013657398,0.08177573443409517,64_47
,,64_53
0.00533038433232726,0.05327403691017668,64_54
0.005550798994500575,0.053810940248385376,64_56
0.0038322790327555297,0.09118079407738254,64_57
,,64_58
0.004260928587065213,0.05404020898218484,64_60
0.003681046601053133,0.13399792478989966,64_62
0.008149729297701455,0.12117884870197647,64_66
0.0125126081282915,0.14736914109157565,64_69
0.005027482558776852,0.06578055367928162,64_70
0.002471020207403914,0.035954459005673005,64_74
,,64_75
0.007617866636805731,0.08770713009314957,64_83
0.003669011013863481,0.06995413490024133,64_85
0.0031801216062263193,0.04468474517608011,64_87
,,64_98
0.00312504468950201,0.09485434868644771,64_102
0.005600700422400724,0.06480228819426677,64_104
0.006767396235450291,0.05881045325564963,64_107
0.003339225388843734,0.06130597399231367,64_108
0.07526099434563902,0.1492625786933007,64_109
0.0032313979907758112,0.19787906940484404,64_135
0.008229240752340203,0.1891590627451669,64_136
0.005092373472801613,0.06928126871261,64_138
0.0036150640099015126,0.04131483495149555,64_142
0.006564543240055511,0.07503689989036584,64_143
0.00519157590681734,0.10038546305640217,64_144
0.004529281605781514,0.05469047674315373,64_153
,,64_154
0.013138534210464785,0.10885114085638432,64_156
0.0029193466556191867,0.04772775710709261,64_160
0.002984324623046718,0.055884740812174434,64_161
,,64_165
0.005071840765405183,0.09979352732423934,64_177
0.004756054757779679,0.059410333747110265,64_180
0.01202106629041593,0.11085265141551236,64_187
,,64_188
0.006023499697795314,0.025320225306208755,64_195
0.011952326910598192,0.1478887465738008,64_197
0.010225135819370061,0.14626559362991026,64_203
0.010613165178138624,0.09164805091150069,64_205
0.0034513561409564592,0.026283801331083805,64_209
0.09914617579826704,0.34746816945328746,64_214
0.0017037938909049085,0.05527080083677593,64_218
0.01977236293584202,0.10985291841106876,64_223
0.010437031760774868,0.11345192109416842,64_225
0.007483119917555991,0.050898342602180256,64_229
0.004566412743242825,0.12618448810088784,64_232
0.012270662941355162,0.07429816165184165,64_242
0.0032020819737271678,0.05121775521711194,64_245
0.017337798078033782,0.09788209740681782,64_248
0.011541153167689772,0.09367789952141178,64_249
0.024693334073398056,0.0808322993445458,64_254
0.007268201991484764,0.06335577394075104,64_259
0.005851452810087961,0.08240073233742379,64_264
0.003780905117526639,0.06955557010694965,64_265
0.021290309957975033,0.08265951330742796,64_266
0.03184860251513881,0.12553101946062936,64_272
0.0033118597012845516,0.09555608458117616,64_279
0.0024412067634354824,0.05157831553489828,64_280
0.00448411966732292,0.09112209476735664,64_281
,,64_283
0.00584983809189994,0.08134840603849591,64_290
0.0037081256038402092,0.051145252841905915,64_294
0.008673328001842225,0.07038996700701773,64_301
0.0059893706136861825,0.037549268280424,64_304
0.007133405148987613,0.0508459531635714,64_305
0.005451945451829126,0.09135105902523319,64_306
0.004522187871075488,0.07729144939449326,64_307
0.005525762605708164,0.054678638122190974,64_309
,,64_311
0.004050811121115966,0.04955101952959183,64_312
0.004039742303174161,0.032245408505208115,64_315
0.0027695362257790374,0.05592124415527961,64_319
0.026996000461197423,0.05588717191978421,64_324
,,64_333
0.008333031331894824,0.1445875766415622,64_341
0.011713906703444856,0.08030704681625578,64_343
0.0025918547677665138,0.038807107893527246,64_353
0.009977755521492764,0.16637075541638396,64_357
0.0073669447601292645,0.13340592842670435,64_359
0.005516418432072079,0.024139653600839583,64_365
0.024291836282112653,0.12805447290587818,64_367
0.006594835125160269,0.05728082284640449,64_373
0.006727525714026129,0.05310572631173501,64_376
,,64_377
0.013499753636096666,0.144453927112754,65_0
0.004125211459869304,0.10145301091691876,65_9
0.004646455779416887,0.06457014621505999,65_13
0.005777331403602621,0.06646601959214012,65_14
0.006166127206219093,0.08588602327821729,65_15
,,65_20
0.00408171989754547,0.08717079543174763,65_26
0.0067007586512219585,0.10215766305355513,65_27
0.019859311036225902,0.09193648223619266,65_28
0.00764041442683361,0.1931904231661907,65_30
0.010477968054859822,0.07466813151636051,65_33
0.013480030963290028,0.08448443237095982,65_36
0.005332812259008016,0.09336636968452297,65_37
0.013295432464297131,0.12380166292965868,65_41
0.06180423989701828,0.1531061459528052,65_52
0.02082767159935848,0.15118449938387776,65_53
,,65_57
0.01086796228639376,0.06866339405020867,65_61
0.03340402404866797,0.05874170584622167,65_62
0.008934009069047923,0.12088432007624751,65_66
0.02684492402640716,0.10523657095251189,65_70
,,65_75
0.00596520975109089,0.06538219487305692,65_77
0.0132351076616869,0.10976296365842765,65_89
0.0036594338311875993,0.10986849819650488,65_92
,,65_93
0.007956957962224055,0.11376678837511883,65_97
0.00500429806218759,0.08006689750015081,65_101
,,65_103
0.009731853177055735,0.09990197375039375,65_104
0.002333463442918342,0.03538625147702991,65_109
,,65_111
0.0023898099329737192,0.03021042051759616,65_113
0.0052295394413279074,0.0688112128096832,65_114
0.03251554117769905,0.15288675880456265,65_118
0.013710755707259596,0.14657895623665743,65_120
0.005783988661801224,0.1107750592024851,65_121
0.011122587434681929,0.14036572590022936,65_122
0.0045289596743943355,0.012347285076081974,65_125
0.005739226421881764,0.06622385030035435,65_130
0.007286550824733318,0.0806681672704344,65_133
0.004984842787561146,0.04213526852708601,65_137
0.0059070515227970105,0.05762270093060319,65_142
,,65_146
,,65_147
0.010958769686617157,0.07297197582010127,65_150
0.015716612911540258,0.07562080783678367,65_152
0.003553569410002396,0.05180164344118056,65_157
0.003125668096027966,0.02619288304038723,65_161
0.00301958082129628,0.04805801441968231,65_164
0.002091296470756321,0.0472938328815066,65_169
0.006737188811836514,0.0419323088520334,65_172
0.007512871570237524,0.10477570509828751,65_176
0.004765934282691553,0.07391758617110417,65_181
0.003061246975608408,0.08920806473761203,65_183
0.008657822671399433,0.03050757494118759,65_185
0.005284900863432814,0.103393039613168,65_187
,,65_190
0.013913746822687542,0.07437972263610813,65_192
0.014878662885574129,0.1020649725847957,65_193
0.014439431966079769,0.13376003892213484,65_194
0.003501231335419284,0.05378718690870381,65_197
0.0023456825009710225,0.09797929301886993,65_201
0.0027192240138765116,0.06122345394579006,65_207
0.005009115679030064,0.0882780726630717,65_209
0.004684738968935409,0.06757996605305948,65_212
0.003977247888773938,0.053961680276559724,65_214
0.004256003042761349,0.05096669231432804,65_216
0.012453053146883152,0.09767138768778154,65_231
0.0018143222911277642,0.03566126930546495,65_247
0.009816362814739238,0.04140079313718619,65_249
0.0015614683213174703,0.11109551805406243,65_253
0.0042609735453503685,0.06349099186589134,65_258
0.006010153997994145,0.051760581165681364,65_260
0.004339326164866082,0.04835954698137144,65_261
0.006034658453667136,0.04098159348367273,65_262
0.01174942165665704,0.06796375195677008,65_263
0.006840430317273888,0.15431008820575073,65_270
0.005093970388315956,0.049844481554183924,65_273
0.003361301842747139,0.06529199292880955,65_279
0.0025345764616968697,0.04018187645873908,65_292
,,65_299
0.014285698138855406,0.10453025674456295,65_300
,,65_302
0.004287845020600322,0.04497954150115104,65_305
0.004219639122617492,0.06992353646108705,65_306
0.007519636083942673,0.07683683897616005,65_307
0.00366338771335512,0.0571343545775452,65_314
0.009833435268849812,0.070507954096791,65_320
0.0025175043372364747,0.04231476723342862,65_325
0.0093237579419204,0.055635003788176686,65_327
0.08889660343690542,0.2681831289279962,65_340
0.010524017836047186,0.06578367592479689,65_341
0.005473305969240033,0.06592981675503909,65_345
0.002341837806816236,0.03999126367422481,65_354
0.013871281024866901,0.12340400398292252,65_360
0.0016743064176043528,0.041906881161947095,65_364
0.0034389958515945677,0.04099943795727689,65_368
0.008135768893433218,0.04124087165343633,65_373
,,66_9
0.0046445790228562215,0.09737977453062,66_12
0.007310495595870647,0.06773224323966646,66_13
0.008635965736437557,0.11950789790791608,66_19
0.0047832778107137945,0.052253563322874244,66_23
0.008487580164379581,0.08257631153098836,66_24
,,66_28
,,66_29
0.003937389572125447,0.08583518718540947,66_40
0.002706332468762086,0.10141560204221911,66_44
0.003513743624488056,0.062173442097097346,66_45
,,66_46
0.004565002503832807,0.10405444394628054,66_65
0.026879215243045047,0.10513953016459221,66_68
0.003855710494341627,0.04621277656870173,66_69
0.01896248551787095,0.14483177792663515,66_74
0.017170172870957897,0.11523465006690012,66_79
0.0023131026481515832,0.1458703482888788,66_81
0.0033922050383418784,0.03973983334897268,66_83
0.005142536732401193,0.045422709797392526,66_91
0.0034821688259009417,0.06819658007539184,66_92
0.007578235278687886,0.17641619680290793,66_93
0.006282531430472092,0.10243152299194444,66_95
0.0037598167832501497,0.07662373513385627,66_96
,,66_100
0.015171395446691724,0.07399215884498377,66_101
0.0023334289455903524,0.05389766285871374,66_103
0.008796840889238204,0.11876914128796136,66_104
,,66_106
0.00423891893819903,0.07461267445691683,66_108
0.01848293378458281,0.04904857463809521,66_109
,,66_114
0.0048625873199385095,0.12341793693647918,66_115
0.0021509189617843023,0.046348584364895695,66_116
0.007956493213972661,0.06101397175395146,66_117
0.003344108733259177,0.0773128759312039,66_122
0.003121491890217692,0.07898746518278499,66_123
0.003981992486444672,0.06594445729337511,66_127
0.004165394825375181,0.0766625841623435,66_129
0.007254067167820079,0.09143465177882745,66_136
0.0058411986909288555,0.08276189709338515,66_141
0.0062704780828121845,0.07688449838195982,66_142
0.02589505568739924,0.2702895321568587,66_143
0.006686001281546907,0.1602232038329033,66_147
0.005807903225290206,0.0734744499640886,66_149
0.016085904564801627,0.10677213843193697,66_150
0.024805797657420695,0.11968661119640049,66_151
,,66_154
0.0021921667345066844,0.05950537682576532,66_158
0.009745427421896527,0.09133710796284364,66_162
0.001235928226537451,0.04524369502009968,66_164
0.016870429476773037,0.0824994733836845,66_170
0.048550154960929126,0.1467566682038849,66_174
0.017986931910052625,0.15978473867129553,66_175
,,66_177
0.004445266319597212,0.06002512384350043,66_185
0.009737315604862058,0.08334986220666422,66_193
,,66_194
0.0022592976414856467,0.05629935325375793,66_200
0.007691712694942595,0.07054388684906117,66_204
0.022003801853878343,0.09978544138378866,66_205
0.004041620238655,0.04165323383711523,66_206
0.008401765575702234,0.0571713714571804,66_208
0.0022833166863237913,0.13337427559115245,66_210
0.003225618355477623,0.11474412073782297,66_214
0.0035927934796819694,0.07340969428095123,66_219
0.0053619405346527005,0.0899723198643869,66_220
0.006156797867019013,0.07969336592453805,66_221
0.002745888374438066,0.044596672182658934,66_225
0.006372283147638537,0.09531823588105579,66_227
0.0037277546949901754,0.05593409368225454,66_228
0.004930342671088089,0.05770654211438883,66_230
0.008350449963427223,0.09590504171200535,66_231
0.0022447342251158374,0.030815415921995434,66_238
0.002987184075352278,0.10294257597185867,66_239
0.008015342179652742,0.0782908042383758,66_242
,,66_247
0.007404953374469098,0.05812784561663088,66_250
0.005009143184392734,0.06089074500965759,66_254
0.005263687188186857,0.11859022249149959,66_258
0.0055717574853191175,0.0690183396106262,66_260
0.0035703185868553844,0.08073741269309109,66_270
,,66_273
,,66_277
0.0011404165122884133,0.1379472645781574,66_280
0.0022168601822878113,0.08707984994002889,66_283
0.0027784097647619455,0.07956439200758159,66_288
0.0029734233224242147,0.09030386488834609,66_291
0.005471191405246278,0.0915769208277351,66_294
0.004683381972795506,0.057733754837686856,66_295
0.004423831972566195,0.07516656604916315,66_298
0.00553007681402495,0.08143082522960114,66_300
0.0070439944432653485,0.1500021232282021,66_302
0.004714600180935477,0.09490284970811111,66_303
0.0035479923439270494,0.05568658759488231,66_307
0.004127178216216403,0.08809834778892978,66_312
0.008003871938720238,0.10276645156557368,66_316
0.0035245791739035685,0.05282452160938777,66_317
0.006752788715882594,0.05776208679021192,66_318
0.0024886434840906096,0.10978054213787368,66_319
0.003178231133359482,0.09275851357066224,66_320
,,66_327
0.006285609011202961,0.066813728426278,66_328
0.005322905608443814,0.04600460510588189,66_334
,,66_338
0.002352932348368804,0.12872550386673318,66_339
,,66_342
0.005534115491306302,0.09925048777908675,66_346
0.002997940287274222,0.051894271975898694,66_349
0.007107985479500437,0.15805835907431254,66_355
0.005617865821943855,0.10428150544135663,66_356
0.027045143416170557,0.1236629241128025,66_360
0.004369286570961205,0.09033798762996449,66_372
,,66_373
0.004403248677882991,0.07622730683093983,66_378
,,66_381
0.0036596524078801144,0.09042177154761538,66_382
0.004578379042133641,0.06790587949894368,66_385
0.002707447522713975,0.04506369186462256,66_386
0.005661795042913699,0.07715905359725411,66_388
0.007593669665594895,0.1555131449989892,66_390
0.02770635136677126,0.23083733446170052,66_391
0.020439012163185655,0.07467927004998734,66_398
0.0048179279608535925,0.09366982415956877,66_404
0.015983192892079598,0.12068265020489721,66_407
0.0029850112830800443,0.05971591476170134,66_408
0.026943421791088856,0.09412335281833831,66_413
0.003637179575272776,0.05463107510944669,66_417
0.0016699932112777312,0.020952237348784836,66_419
0.00378018739770425,0.052836406563465825,66_420
0.010952932749780181,0.06027650237908144,66_421
0.005364860392512545,0.04207775972950174,66_424
,,67_9
,,67_10
0.005067272809262954,0.07844211340906844,67_14
0.006505351979264133,0.07829046603177418,67_15
0.0035221807481527257,0.0667696588393416,67_16
0.0039374649475725386,0.036414488272324,67_21
0.01721653299157564,0.1580282470104681,67_23
,,67_35
0.00594705640680675,0.051700013077984046,67_37
0.011347456928398374,0.18108554944286817,67_40
0.0036752888306596987,0.07374649959472358,67_42
0.0036202669480821046,0.044487906855197455,67_46
0.006980524693380969,0.08892150724342644,67_47
0.0017875805158236624,0.05409834318349556,67_50
0.00273421262429169,0.03292199590954937,67_54
0.0020973382924135936,0.04144806891580885,67_55
0.0031046285517920976,0.10260257418921734,67_56
0.016532635657851933,0.04913650385154464,67_57
0.0033528516919704133,0.08563195604110367,67_60
0.002256178866557673,0.0534138736924146,67_62
0.0034986911146361395,0.061179860957949965,67_63
0.0014922920189789945,0.029080854429600605,67_81
,,67_86
0.006587260217347182,0.1318174005301909,67_90
0.011648476738203491,0.08998200549349131,67_97
,,67_100
0.021395659192579453,0.09949586448992839,67_119
0.004072373801059069,0.09579645652917453,67_121
0.006901865598788422,0.2376571335130433,67_131
0.003597331545248412,0.07670335846811371,67_135
0.006678811624189305,0.0898760617490072,67_137
,,67_139
0.003466038099614001,0.05767351888361991,67_141
0.004729740467199639,0.10613333137721702,67_148
0.0030626428882021437,0.06369667867265447,67_150
0.004699753098106258,0.06357231877536192,67_153
0.004451949381663497,0.11813840454348903,67_157
0.018858291147120287,0.09459688950133485,67_158
,,67_161
0.0036234870121170477,0.08837381273896608,67_173
0.002218917615938978,0.03208692474708075,67_175
,,67_178
,,67_184
0.0031853338219875833,0.031951532128373025,67_195
0.015342958011732424,0.06747313891704594,67_196
0.005777115006838966,0.06521908618571393,67_203
0.00366697618630995,0.04725381991648181,67_205
0.005852290603718129,0.06293153204224511,67_207
0.011276266704962339,0.0877006844386515,67_214
,,67_216
0.005117293166380978,0.05444204279001278,67_227
0.02450196746508032,0.11624646088289993,67_234
0.002071414832554114,0.04033047131288366,67_235
0.039407155147200036,0.1774485246678405,67_241
0.003264111944302574,0.04738934784697556,67_242
0.0036997165362898338,0.03856913553653858,67_247
0.005287472827223832,0.05079934714007678,67_254
0.008445996877470646,0.055008000546866595,67_256
0.009419044286942837,0.09829935595437937,67_260
0.008832493215583256,0.06593080417254096,67_262
0.0018915799833252463,0.04133303225173254,67_265
0.005016701173300088,0.04833167775844678,67_266
,,67_268
0.007807771578952091,0.08769242062167808,67_272
0.011726405971466378,0.038664636820939915,67_281
0.008246671797969965,0.07189526082547068,67_290
0.003384501282260358,0.06018321046161377,67_291
0.004498192245103317,0.0644108342409237,67_292
,,67_299
0.003588353328618132,0.05016645714826894,67_325
0.001832269287179252,0.020296396853585738,67_327
0.004846588358736709,0.13246812698375418,67_328
0.0038047077286899526,0.06779317669824965,67_333
0.011301275195996989,0.06468404484237267,67_336
0.004581831088919837,0.07021191363392763,67_339
0.005055501134013426,0.058401677377159414,67_340
0.005986739988517205,0.08065820656145485,67_343
0.005424685092791276,0.09777041003781745,67_349
0.004564399517287725,0.09558318740846815,67_351
0.01357176012113917,0.11052785020983377,68_3
0.025759127133190986,0.3169411308664216,68_11
0.004295691346960974,0.05392383844432714,68_17
0.004251616484550542,0.04616905702850999,68_20
0.0031416504941890206,0.0648468018065752,68_25
,,68_26
0.002934138340639346,0.03585837330682781,68_27
0.0031727945349762487,0.0518580883480071,68_29
0.008031076564460348,0.09081478228980172,68_47
0.022939334101756182,0.2136186931062676,68_49
0.005507292603663974,0.07855976552896816,68_50
0.0027855628675740513,0.05427737614799664,68_54
0.002668829912644842,0.03214340408922603,68_55
0.003564316303103056,0.06897192119209795,68_67
0.002616846593806282,0.051118051010357914,68_68
0.0041160926091068405,0.07791705129158877,68_70
0.004152893201766878,0.0651418842869866,68_73
0.016183719793472887,0.10438777793417993,68_85
0.004064187159003798,0.08755036582149511,68_87
0.010385967523218471,0.14897399654195162,68_94
0.004509412821913492,0.06301278228140565,68_95
0.0039584427432566025,0.06896658548465592,68_98
0.014246477954785447,0.0606816623588841,68_102
0.008863485545192555,0.11718762969636756,68_103
0.003479158876779636,0.06300037996336527,68_113
0.0014076677338675065,0.03157179340690554,68_114
,,68_115
0.0018146808874965053,0.04043939311507404,68_116
0.006685326955534613,0.06503025220318702,68_117
0.0035123608728241137,0.05236240069093476,68_121
0.007433991616556007,0.06749839008891473,68_123
0.008484071330750454,0.07506243237608659,68_137
0.039558659775310236,0.1008834747121185,68_138
0.005279638534241725,0.15163237676380562,68_141
0.008665395639755283,0.08854983117842988,68_143
,,68_144
0.011301165929554309,0.13320223321711097,68_145
0.012834760889605248,0.07250525460851692,68_148
0.006078438178538715,0.060007672401663235,68_149
0.014597474692373918,0.16386887485745305,68_152
0.003142164232094369,0.10966965072823008,68_153
0.0033773473672283117,0.058941773472992454,68_156
0.008350653671808652,0.07296110486845568,68_158
0.01295258076997784,0.06871297979507139,68_159
0.004341442209907108,0.06898377389215403,68_164
,,68_173
0.007870435029789702,0.08593701708384724,68_176
0.0064832674818508995,0.08840052869407178,68_181
0.008755531173195677,0.06833093567958352,68_183
0.010406796681486596,0.12076599919365447,68_186
0.006596424267512529,0.05918668419342096,68_187
0.014523967400466173,0.13359087293358082,68_188
0.00397803961333774,0.044046604401423176,68_191
,,68_195
,,68_197
,,68_199
0.005557516887111622,0.06848543607585007,68_202
0.0063196208864332625,0.08248306552741506,68_203
,,68_204
0.0069983445575905285,0.03076471818090675,68_214
0.0027557917072314705,0.07950908319592136,68_215
0.00500531987156448,0.05051622934952511,68_227
0.0047426336848446,0.015454776453302121,68_230
0.006283362075105758,0.06488805767012555,68_233
0.0032035637738833996,0.06569990296532979,68_241
0.0024552468569629953,0.03821835637535752,68_243
0.023929916443779457,0.12552036872429587,68_250
0.018373720776439416,0.08287256608276551,68_253
0.020400874082474534,0.10483397482727931,68_257
0.0038421298842553583,0.052705674169524146,68_267
0.011909425910946542,0.13058401343396023,68_272
,,68_280
0.009815077029602933,0.08771540375496441,68_283
0.0031939469550926157,0.031200137718538027,68_287
0.005932560815988013,0.10516795010265738,68_292
0.0026185304189170837,0.022706399429460383,68_293
0.003018883233786701,0.053478162418668804,68_304
0.0031920550758889315,0.06520266678494557,68_311
,,68_315
0.004614120092440239,0.035061588736597246,68_316
0.004512866761813074,0.1102427740779783,68_317
,,68_318
0.003465486799495977,0.07049740894719586,68_321
0.012185694930257278,0.10965378289759656,68_322
0.003101125547326958,0.0633238655087521,68_330
0.008797179703583284,0.10007544194337427,68_331
,,68_333
,,68_335
0.0031009950980160138,0.05066041932096583,68_340
0.00496265310995541,0.04826140134286277,68_344
0.009061032583573906,0.08387427481916741,68_345
0.003590263418047613,0.03666075197470555,68_348
0.00931453108613325,0.07575982924261614,69_0
,,69_2
0.003990164575540739,0.1789314542659761,69_7
0.005777612258099557,0.10791203904642697,69_9
0.004749735068134191,0.14252100818410293,69_11
0.009444745339564029,0.06122416881114625,69_12
0.022927709567362183,0.06958254317289365,69_13
0.008771936674054603,0.11053283196048992,69_15
0.011776977977236607,0.15567359458541571,69_16
0.00505991180748913,0.03959544401977906,69_21
0.02924695686612494,0.13689630575930267,69_22
,,69_24
0.003064766116115799,0.10005880728995849,69_27
,,69_28
,,69_46
0.036367475040943,0.15036988220671776,69_49
0.0025089202035634066,0.05378241064262609,69_50
0.005508903318789272,0.1381370642559429,69_51
0.006769990189945303,0.09362157283266723,69_54
0.004900870339703211,0.0701998075840139,69_59
0.010539881534010488,0.15657277819189017,69_60
0.0027538916334044023,0.06616166316555674,69_70
0.012943674755372711,0.16743869973643935,69_73
0.008060617960787563,0.14285055547126851,69_74
0.007279582266328546,0.09076241062792595,69_80
0.025795396360622936,0.12160223402831177,69_81
0.007709024764565208,0.029185437055299582,69_85
0.0006468481051633939,0.06611493627209816,69_89
0.004749837787582686,0.06852297530607028,69_91
,,69_96
,,69_97
0.007969818434405602,0.10821510998450007,69_99
0.030613260052140753,0.11194693504961867,69_110
0.007636172307512175,0.0615598210681889,69_111
0.0035655403872126754,0.06406590427486983,69_112
0.003719973183400248,0.07003007165173886,69_120
0.004488739372459477,0.21202696612392755,69_121
0.002495499225686991,0.08621586312066383,69_125
0.0037058080154467707,0.04886005366726801,69_128
0.004132823624367223,0.09647374558639951,69_130
0.01668798332069712,0.07780160418371126,69_131
0.0032009571289696604,0.04812141056196443,69_133
0.01595177021621072,0.10360150812955991,69_137
0.010447219478756216,0.09402704557125727,69_142
0.006879414745548357,0.07818143946555492,69_144
0.004482636984626668,0.0890230110585329,69_145
0.0036622477587996503,0.14156276603858212,69_146
0.0040946228247273325,0.060978169562042994,69_147
0.00607561992862435,0.05091165972142803,69_150
0.002328894452803547,0.09548444434979154,69_154
0.002048573444792966,0.03658813032668333,69_157
,,69_159
0.005328903297345714,0.07587959486970879,69_172
0.0037742709329813178,0.1297510609230523,69_174
0.009281926315216146,0.1003555162340582,69_175
0.003423919659956111,0.05315275063578888,69_176
0.0028463762311887373,0.09687329761679757,69_177
0.005544887646802837,0.08660449085040482,69_179
0.0015226748294058785,0.04474272107772689,69_181
0.013702649988891414,0.14882418911266285,69_183
0.007070461362955716,0.08171334926456421,69_184
0.006917196341015716,0.09221718800319124,69_194
0.0032783769874476414,0.05504839318042349,69_198
,,69_200
0.002248558266869994,0.032154768918295704,69_202
0.003731870686878934,0.041603186682266556,69_210
0.0033758120042673935,0.03488782704430901,69_221
0.0033280774564358067,0.12145214056245031,69_222
0.006558448190890835,0.12414853780090941,69_225
0.00844951010193275,0.04658840906811153,69_226
,,69_244
0.005148273219389943,0.10225961471817425,69_251
0.0056089857610682105,0.07719660178171026,69_265
0.002156325951118335,0.07779844563598026,69_271
0.014296037240689043,0.1832860745695831,69_274
0.004360376284288325,0.07886869835493653,69_285
0.006852164589474995,0.06487648536761088,69_290
0.006419089812178051,0.08030441463223044,69_291
0.005533017264569261,0.16192801541471,69_294
,,69_300
0.011898712331760836,0.14373156142335475,69_302
,,69_315
0.011228938730015901,0.13112467731061098,69_317
0.011688991117408782,0.1853989196748074,69_320
,,69_323
,,69_324
0.002658355072606459,0.025740718012931693,69_326
0.003509926420744415,0.08994185240773998,69_331
0.007087573544654841,0.06265609245909234,69_343
0.00437444810880448,0.05279808087131865,69_350
,,69_353
0.00206117788185571,0.060908559436487944,69_358
0.0067313032192837866,0.05129070568056302,69_359
0.003298329005977167,0.07990455145319261,69_360
0.023286031960241396,0.11659166857048868,69_363
0.0022681317284974504,0.08932691726438002,69_366
0.006516057462710494,0.06982230509028395,69_373
0.011683285377171315,0.13298335886695847,69_374
0.0048800063264558624,0.11213181423675832,69_379
0.003667274636495045,0.03463680698554154,69_380
0.01028761156632478,0.12247809173508302,69_382
0.005459507172784699,0.09813515030904242,69_386
0.0032503211308993825,0.093618171892617,69_391
0.00837877912836579,0.1280198527750227,69_393
0.006661079879768782,0.06434853976605552,69_396
0.0021316806851075926,0.027681642062732142,70_0
0.009345528777327946,0.11486331240265696,70_1
0.012366231217499895,0.043727649244023586,70_3
0.003526212851734158,0.06310071680330773,70_5
0.013108103220859509,0.07991511313327752,70_7
0.004810183624054112,0.04961579734807467,70_8
0.004126563871223125,0.047298334273119885,70_13
0.0047746765674113265,0.060332258149226325,70_15
0.0016318803595453638,0.06815410234610096,70_21
0.006652323166481832,0.07549935858456926,70_25
0.0032107381496440965,0.10419840532466343,70_29
0.004986469312112377,0.08032484500924864,70_32
,,70_33
,,70_36
0.0033713662843432315,0.05499319580958555,70_39
0.0036696869564177095,0.06462294475885644,70_40
0.012505632894098048,0.10487498482952642,70_41
0.008582797458491028,0.14647762556756475,70_42
0.006270197005907694,0.07178908736157553,70_46
0.0017091775700344492,0.030204182917350324,70_47
0.008123379745589689,0.12569764078465095,70_48
0.002216144588125078,0.06411468784335574,70_69
0.005117051029247985,0.057559402934001955,70_71
0.003990399520604703,0.07864053606910718,70_75
0.003687831063579255,0.06419292442399377,70_76
0.0030586926445948675,0.08916186854188352,70_78
0.014358951640157356,0.10794747606528778,70_79
0.003392514524475074,0.05287084143212066,70_80
,,70_82
,,70_87
0.0022628454101330775,0.034477397121250794,70_97
,,70_120
0.003835863207579557,0.07127903416383845,70_124
,,70_128
0.005608110755220622,0.11665458658698995,70_134
,,70_136
0.011952236526538363,0.1027663297148106,70_138
0.0027112942247678345,0.04459895293590514,70_139
0.002985273544069871,0.027794468127395208,70_149
0.0025381103480903327,0.04156942276332848,70_150
,,70_151
0.003970254816277994,0.04467475475561324,70_153
0.016420623267469108,0.10330635259272121,70_160
0.008269512304610229,0.059246180966549156,70_170
,,70_171
0.004881338470580138,0.06848837899073686,70_176
0.008292015737509541,0.06723870229773397,70_177
0.004537710321069833,0.05835201025605583,70_180
0.0045976366733775165,0.03684512824505999,70_183
0.0031350661399753843,0.030224686573775503,70_187
0.0035519329396015023,0.03711818982978278,70_188
0.004941726202111734,0.07212608489018531,70_190
0.00700706406906803,0.07043704107660195,70_191
0.0036686401735905694,0.058637421923995146,70_192
0.005328185344732449,0.06303589707695909,70_193
,,70_195
0.008243536821722446,0.05409881410179539,70_196
0.006986769626329266,0.09001156285834666,70_201
0.011575627772726206,0.12790629404183865,70_203
0.006921681812526274,0.05392997870680006,70_208
0.004931933236264875,0.054267976243166774,70_210
0.02413966171786112,0.21366696710795124,70_218
0.03558162275695361,0.1698821783998641,70_219
0.0031122285362724534,0.04449960729176983,70_224
,,70_233
,,70_237
0.016730532767066528,0.1331309843880612,70_241
0.0065303666787144546,0.0801332309855655,70_244
0.07694495577313652,0.06989263484628357,70_254
,,70_255
0.004055057971302188,0.04220038094341195,70_258
,,70_262
0.002763126427990089,0.08816389778590428,70_268
,,70_269
,,70_280
0.0025215340423270925,0.1466302962053148,70_285
0.002282979824249108,0.031572947516366225,70_288
0.012277833644794484,0.07338023610816363,70_294
0.00848237602492359,0.08372844619412517,70_295
0.004178028887841625,0.08727248505748657,70_296
0.004353574423502273,0.08878125164191569,70_297
0.006791146692451674,0.06347227920879807,70_300
,,70_304
0.010216270876323012,0.1278711253680082,70_306
0.0037317144880332533,0.04013025681046263,70_309
,,70_312
0.010959609309846447,0.08813388004070584,70_315
0.003107972962750268,0.036932378559037776,70_325
0.008117432639092011,0.07086801615854102,70_327
0.012502287936351938,0.07892708285575088,70_329
0.004577599880330657,0.08210243029353079,70_330
0.015453202032808266,0.16061486231053762,70_331
0.0027302058211059305,0.05213493709963934,70_335
0.004586737172600149,0.12626930462014774,70_337
0.005509318991889544,0.17232042267524225,70_338
0.004166833055759573,0.0725127401612602,70_339
0.004993670733661937,0.08186597097917164,70_343
0.012335439283548594,0.07466551176709098,70_345
0.003046146025322519,0.06943317038593705,70_346
0.0031142407130252212,0.04450491875902455,70_352
0.005214875480971748,0.04691092559054977,70_353
0.0042042736671222955,0.06864743135174742,70_355
0.0086140039385363,0.05832569401777482,70_361
0.005430900012596443,0.03685504716811691,70_364
0.0011869249178367253,0.043302816914294204,70_367
0.028518346654153613,0.13266120355747898,70_368
0.0059493417434391075,0.07389316919708001,71_8
0.0029448593163673513,0.06410245623965412,71_11
0.0015464590717813934,0.025509737835725,71_13
0.0038416575932542,0.14066626872144683,71_25
0.0017314276654215007,0.06255628736847386,71_33
0.0021016339806676416,0.06919166568969794,71_34
0.006817936171574346,0.068789974628466,71_36
0.012751292299644681,0.10807814286827891,71_50
0.002980587800417712,0.06860995539287475,71_51
0.0030365656242168654,0.12029174454179405,71_53
,,71_56
,,71_58
0.006261082689066315,0.061625511478226924,71_60
,,71_61
0.008532665036213175,0.05545090465442695,71_62
0.004857334748399528,0.03851944092731059,71_64
0.006393826787354584,0.09079719433336153,71_65
0.002417277075111141,0.03970492932871186,71_66
0.0013040414591686405,0.03254525425101161,71_67
0.0061214715036517825,0.07662229658209212,71_69
0.002856771185243211,0.12148639304564737,71_71
0.002034335108400488,0.2894221227072087,71_73
0.007581851819879239,0.05456721297417342,71_75
0.010354459590846101,0.06578613493597144,71_83
0.008470860326930422,0.12018676043581224,71_87
0.005357537966379949,0.05016709019360802,71_90
0.007834675601151433,0.05380956013090324,71_94
0.006503623573601675,0.05328470213903594,71_97
0.0024097777494367415,0.0908412676448006,71_109
0.001966379204164026,0.05535541964827067,71_112
0.005923876151176396,0.10240470892286839,71_114
0.0026058320173653242,0.05869099737688302,71_118
0.005974747582166057,0.07683137392075819,71_121
0.003540522260974325,0.03568507239812749,71_126
0.06296793724650118,0.16907338018595813,71_130
0.004817975814580542,0.12452198085292467,71_131
,,71_136
0.0035079101530296843,0.0412833763743796,71_140
,,71_142
0.012974994056128054,0.07523462133691232,71_149
0.002999052474973627,0.04999091299773539,71_150
0.007242262434256613,0.1210095586346886,71_154
0.0027501140395195123,0.03197985937382852,71_159
0.007703899455272135,0.12042481001594262,71_162
,,71_163
0.00510721621074676,0.0597401273662848,71_166
0.004804825872480286,0.050428113076136816,71_167
0.006987533701989327,0.0854064367500104,71_172
0.003044446641813609,0.044902707454643476,71_180
0.0024949199056628203,0.029920163038752234,71_181
0.007527948804342889,0.1915421838343093,71_182
0.005424424753489257,0.08118797889076465,71_189
0.01491162058068323,0.048696137527941274,71_194
0.00809522315917152,0.07645883343111604,71_197
0.004064778502104665,0.05972806786532534,71_206
0.003298684488789177,0.08852838271776421,71_212
0.01384998065309678,0.06987983180450112,71_218
0.00942125345519954,0.08029023145776931,71_220
0.009347478697980811,0.05583938650165136,71_225
0.004694300700247011,0.13980161197396637,71_226
0.01632614769778526,0.1107663692608192,71_229
0.005474934219656079,0.04731519762938759,71_230
0.002395385172378611,0.04060748618533333,71_231
,,71_234
0.0016946821083447122,0.04427531758614328,71_236
0.0025632818842489203,0.03767039218525199,71_248
0.0037946925185808012,0.07366526972002313,71_252
0.0036887131381377405,0.028904982006020364,71_255
0.006759659466204326,0.06473287738926899,71_259
0.0038253315969043826,0.0792122128291996,71_264
0.004495455531911324,0.07282463904344234,71_266
0.011600237298551568,0.07742057138133056,71_269
0.008099195732019173,0.07117283259425806,71_270
0.0027314541132798732,0.03342329167200312,71_271
0.01163645239712804,0.1628861041060141,71_273
0.002142199263085397,0.0395853092506813,71_274
0.10315448797397167,0.05146621272326145,71_276
0.028471067474623312,0.1009425354221464,71_281
0.013467286604489738,0.15607862623402086,71_282
0.004058038902237695,0.13594618654350576,71_283
0.005062445240713245,0.08300946627621138,71_284
0.005988781998076059,0.04416838387239712,71_285
0.0038396135676795,0.05857320473950026,71_290
0.019274278737703293,0.09336326532909149,71_291
0.004102349935370048,0.09209101431136833,71_293
0.010400405837615445,0.07065460016072303,71_295
0.009047820805624348,0.2650454212512117,71_296
0.002300168258846409,0.03517126013045733,71_301
0.0035576458077246622,0.08932200722012354,71_307
0.019775685815342517,0.12721922316184128,71_308
0.004964530692395627,0.055370704809337895,71_309
,,72_3
0.007207454812804545,0.06303257819355336,72_9
0.004720018867619188,0.0768254275029865,72_14
0.008413573832402406,0.05867073954992457,72_15
0.0019529585494668842,0.03550380525504254,72_17
0.0056362612891558425,0.11523140531926741,72_19
0.003255624233438555,0.07831326236694239,72_24
0.006580479481979791,0.09375369293726021,72_29
0.005483071943841295,0.06446033337189479,72_42
0.0017105692239082317,0.041109777522911894,72_43
0.008400985675378869,0.09594811928241508,72_45
0.006586882809757223,0.0497057461814475,72_47
0.012522263076589893,0.07000599946575028,72_51
0.004077985164143598,0.0505209845776646,72_53
0.006847872342176695,0.1376100576735579,72_58
0.004392763227800814,0.05081788089336056,72_65
0.0038292773363195034,0.04773126475267846,72_66
0.002503345782300633,0.0651799984086495,72_70
0.0054655352871149625,0.07124886508690509,72_72
0.02258704773962524,0.1453453781872703,72_73
0.009116244392191464,0.08122908545756778,72_77
0.001745825129355416,0.11383149707009386,72_87
0.004566670702472401,0.09324715145644023,72_88
0.0194915038566003,0.15664524081571507,72_89
0.007319014806829781,0.07034094025501825,72_95
0.004558591229410786,0.051742877165426186,72_96
,,72_101
0.0025047851578457623,0.0862745172922755,72_104
0.01535731810559526,0.14101782353026537,72_106
0.009184117734859946,0.09829995378363195,72_107
0.014999059328916018,0.1230047995532104,72_111
0.00979887192547251,0.1005240903876541,72_116
0.004654214999445116,0.0788267045271211,72_122
0.0035265715662207947,0.11332769210328938,72_123
0.009588699058444592,0.1010263205754026,72_129
0.010736336448741555,0.0371697401094758,72_151
0.0018438788957036369,0.08162148338685307,72_157
0.008676186277650938,0.08296712476075407,72_159
0.009096439770027406,0.04064074077514388,72_163
,,72_164
0.007564782919454192,0.07018850627411201,72_165
0.00832325971404602,0.12553323489137916,72_166
0.002043423111653041,0.05104613319878764,72_170
0.005315522312008524,0.04308073911195241,72_171
0.007881646150524906,0.08733374262091308,72_173
0.0071570975729822505,0.13540712008180567,72_174
0.0048624577347932,0.05954141273047006,72_175
0.006301508160445197,0.08567064828725265,72_181
0.0032748006181810363,0.023073535876078844,72_182
0.004059554301168483,0.08798069530511073,72_184
0.014087559454780399,0.1191523850556218,72_191
0.002557153218322908,0.05025666660122162,72_196
0.0043060704105044945,0.11250771000472656,72_203
0.005772595726971476,0.08324562027551873,72_205
0.028461165410300072,0.0856152369714629,72_207
0.0025183197718306512,0.04541875838332158,72_209
0.006456977658402487,0.08026990248559268,72_210
0.0043347975686915344,0.07061063499282287,72_214
0.001803483833618679,0.04492677452571258,72_221
0.03297744386962599,0.11256229225056645,72_224
0.015759590949710984,0.15346249002685766,72_228
,,72_232
0.014721107436382653,0.08140553872574892,72_237
,,72_238
0.008409811111075879,0.08311787077887636,72_243
0.002723922615827798,0.1233686869340379,72_250
0.013253152895814318,0.10897955596519251,72_252
0.0038681104519217137,0.04566972637152974,72_253
0.010281505351319746,0.06544667811844178,72_258
0.002615392929291631,0.05412905932887564,72_260
0.003523990626703592,0.046512561105082534,72_263
0.0060308512116364595,0.05098427540458009,72_264
0.0033039680784266124,0.0463595552190863,72_267
,,72_272
0.0019003732801775523,0.020189645408448014,72_275
0.04160111797176818,0.13809614434615783,72_276
0.002333964682777694,0.06389868168257576,72_280
,,72_287
0.00393941382899952,0.08590428183337999,72_291
0.010007738031697501,0.0728400711455157,72_292
0.010739250758296796,0.0834471306752062,72_294
0.004914002935954543,0.06290221889306583,72_298
0.015115330710037074,0.08575407594207955,72_304
0.014410338894872093,0.08646115057661838,72_313
0.005817457290220891,0.0555987635081643,72_317
0.0036712865009416113,0.02559732106136597,72_319
0.03750458861004049,0.11636232568195772,72_320
0.004847670444138802,0.03768270446777513,72_330
,,72_333
0.009041400163805722,0.06583655096962536,73_0
0.011206834429297341,0.10856136369212836,73_3
0.00250830454352086,0.030081396690793048,73_10
0.016294238828312973,0.1212413654326888,73_14
,,73_17
0.0072544887349612315,0.10335347065955758,73_20
0.004031915314401447,0.05853568715453797,73_24
0.007768232824919862,0.0776603800880229,73_26
0.009228030946611076,0.09306671786567207,73_27
0.013248672147023693,0.09799666040426212,73_28
0.0089965047340594,0.051762930081012556,73_34
0.006835266393941841,0.07224315196941657,73_42
0.003609436220119638,0.05836285359207163,73_53
0.008229464896090461,0.09699148940021225,73_56
,,73_65
0.0024387125801776668,0.06258470848849591,73_71
0.003055116050566946,0.09154867526322105,73_77
0.008510873630177393,0.06753357387546566,73_78
0.0033984135281290104,0.03572791268215784,73_83
0.003498582298840753,0.04666740815570831,73_86
0.003142789802597969,0.18318658312889124,73_89
0.003373520945631308,0.05666206700123542,73_90
0.005821861860255045,0.06818510881252127,73_93
0.0080462488862772,0.09988071289904571,73_99
,,73_107
0.0028184124828899045,0.03828120318190835,73_109
0.00946561741548623,0.09183936597299254,73_120
0.012820872780708066,0.10289670635211659,73_127
0.011749436777266255,0.10622761889971052,73_133
0.003956564167171539,0.05782664451285685,73_136
0.00440574755473557,0.09732201325090963,73_140
0.0042466074934224725,0.05374298450591539,73_146
,,73_154
0.005771002871217932,0.08721221570891952,73_155
0.010655280175875484,0.07792423388735074,73_156
0.019665803851855172,0.07177535842581374,73_159
0.004013997306929742,0.0606453406616768,73_161
0.0200767116934855,0.12849329738994536,73_163
0.005795584502201425,0.1751263048661428,73_166
0.005609944813074137,0.06377561672738348,73_167
0.010902750701018964,0.08208342496407604,73_173
0.006207093688768937,0.10327046528806302,73_189
0.006058070150244167,0.10154702148754621,73_192
0.00910557711148486,0.06181544525360226,73_194
0.004484491335338278,0.07975542618899305,73_196
0.0041879697137068685,0.05066775074437606,73_199
0.007863257237246448,0.09528582133839016,73_203
0.00520727092866853,0.09724067660477337,73_208
,,73_209
0.0072328805142344455,0.031497855317938035,73_210
0.007677172950869785,0.06660664215791483,73_211
0.003667462454109747,0.06939125097271275,73_219
0.007375034983251473,0.07260781159719816,73_220
0.01075530928300694,0.08385795997531412,73_224
0.012540624489570214,0.0759136682317062,73_241
0.00564177713640989,0.1542906943957393,73_242
,,73_248
0.003560257253242603,0.06666276450173746,73_249
0.010682901886209451,0.07579485801946681,73_251
0.001108433333361514,0.03947256269064007,73_260
0.0035478606812837698,0.05339985191063048,73_262
,,73_263
0.005887020062176607,0.06250749355468746,73_275
0.0022147848545937235,0.06321706849642982,73_277
0.0018165574917829417,0.03998282370913926,73_278
0.009998683158677645,0.10717147400514324,73_279
0.0016610615416103795,0.010347949709146428,73_282
0.005274552426585333,0.07168701879496676,73_283
,,73_285
,,73_286
,,73_288
0.006433652964457986,0.059485335450088744,73_291
0.0035196498509924836,0.042462590310813085,73_300
0.002776256250274718,0.044075043502489836,73_301
,,73_302
0.0022012023198850266,0.07456446012538995,73_304
0.006444932952334266,0.056441819996020506,73_305
0.010848127737593187,0.088654623370649,73_307
0.005734077769365394,0.06577157406922886,73_312
,,73_322
0.011293073588877371,0.09637844595978666,73_325
0.0025098359194160318,0.060304522761623874,73_326
0.04457804216442015,0.1487337728753967,73_330
0.002747531548040518,0.04879056313815718,73_332
0.004145473600374202,0.025227707534386933,73_339
0.012653246718721058,0.07195974729403624,73_343
,,73_344
0.004453972139955377,0.06317570792542618,73_345
0.0016191132482596322,0.03671734305228715,73_348
0.004207661806411456,0.07433356005777235,73_359
,,73_363
0.004750651485455364,0.050832114553906696,73_370
0.009224395664942629,0.10969457329071322,74_6
,,74_8
0.007653807556556833,0.06041329293890225,74_14
0.0017426771857305923,0.06403717625049246,74_15
0.0038751758731499514,0.105215707056855,74_24
0.002654371979514163,0.044608652523522994,74_25
0.0021424004673310376,0.047758349825659435,74_27
,,74_36
,,74_37
,,74_38
0.007971385721545068,0.12600360646570527,74_43
0.006955247647599649,0.042342242437104216,74_44
,,74_46
0.002728177682495707,0.05635288837930555,74_52
0.003973950960322231,0.2685217553864121,74_53
0.008942039558532818,0.09375908759277315,74_54
0.004889266708460894,0.09058016434408499,74_59
0.010982409917307008,0.05729356165647976,74_62
0.003246157390737177,0.05240982170669737,74_63
0.004420578200483718,0.093420115493898,74_64
0.002414225046265638,0.03844929817111979,74_70
0.0033875486901512345,0.043994786053682025,74_71
0.00576143198075825,0.09289269178820117,74_75
0.0042897222787764535,0.06764371782645028,74_76
0.011968920188798186,0.11126768305145453,74_78
0.007632925136228695,0.11947070720854232,74_96
0.0032815544070953257,0.03546222538639377,74_105
0.012372794371605973,0.06125511680085755,74_112
0.0028469463897159296,0.029097040279242984,74_121
0.006171923303722351,0.1350442418055282,74_125
0.00231304482602907,0.03548190565202082,74_128
0.002554108586609411,0.026994423520769372,74_129
0.004903901945172957,0.0895665166328267,74_135
0.004356426167804069,0.10399926501454347,74_139
0.0034112062915665907,0.06096260181833739,74_146
0.003926734720060749,0.03595194999465497,74_151
0.013638220514853298,0.17502081733199448,74_152
0.004231174248117445,0.07102002180231248,74_162
0.01276478464377698,0.08391818237991251,74_165
0.004037855674897258,0.05820439041505531,74_167
0.00333973803851535,0.04227880714312126,74_179
0.013968996607146348,0.09712989042393272,74_181
0.0028004225980097896,0.04130192103770884,74_185
0.003587317936911672,0.09015033240272688,74_188
0.005476954433096807,0.0451554846258864,74_200
0.03211662921164364,0.1381391821229979,74_201
0.008199887205597564,0.07364064140882305,74_202
,,74_203
0.0023237101935080005,0.13510677619541978,74_204
0.012094474806487648,0.05087612894470268,74_207
0.018985506998668425,0.09622220739435543,74_208
0.004243253490830458,0.062005336946365425,74_210
0.005467294588940966,0.07183215851540628,74_212
0.01771146141307484,0.07488020820982261,74_216
0.004239497292964122,0.11301245409519092,74_220
0.0030079724598358515,0.04143517755961057,74_223
0.0009387686114798951,0.049194176358896606,74_224
0.002090052928058864,0.04441217017363862,74_225
0.010499831245054641,0.07333469105021545,74_230
0.0018989997583053302,0.03580859852935517,74_231
0.0029989553709786365,0.04774340251342556,74_235
0.008402076023351647,0.06441557791254075,74_240
0.004044825969651633,0.01954986096591673,74_241
0.009150640446055607,0.09527225607219855,74_246
0.0052060007110842675,0.12442697968416462,74_250
0.00326603225033519,0.02007367999973761,74_251
0.006984712478616512,0.07843259752731178,74_279
,,74_284
0.006209548470922211,0.08661735321886198,74_287
0.0017808360295201433,0.04628150860556435,74_291
0.0034918616319927383,0.05249265051842256,74_293
0.0030914446523573474,0.08199411292401393,74_304
0.008611437408133606,0.0822392365309607,74_306
0.006394298113653075,0.06323403196374591,74_307
0.0034349495484838,0.06385051737696591,74_308
0.003573484195009705,0.07569231151685887,74_310
,,74_311
0.005408146297516536,0.08714244876468537,74_312
0.006028802769021748,0.048858057767501926,74_316
0.007213160886383824,0.1446257955579728,74_321
0.004425926885072539,0.11692182787780155,74_324
0.003267308207928916,0.09707981524044973,74_326
0.004389154305566965,0.07136997765663755,74_332
0.007105328474406212,0.0795361277633481,74_333
0.020027359609364522,0.10032881523380471,74_335
0.006609709381339053,0.08510425433392883,74_340
0.04876226591720373,0.1180166240379964,74_342
0.008340576042917172,0.06755744029887935,74_345
0.004924449935026718,0.08627204456098359,75_1
0.004946052465019278,0.1568189580857006,75_3
0.006477685208093094,0.13866245939347063,75_4
0.030027164758429814,0.13426723191300496,75_6
0.0055164208383702215,0.10688568878697365,75_11
0.011365691778573701,0.15421853700606425,75_25
0.00520743318159248,0.03733573496907063,75_27
0.0032049785463132406,0.08626756249663492,75_32
0.004816316372800812,0.10325940707384863,75_39
0.004916173831920766,0.07490231953906529,75_40
0.005789082969675521,0.08720742379117072,75_41
0.01191885187069801,0.20968614396543114,75_46
,,75_53
0.0036448146298733446,0.07866720343501885,75_55
0.003776240237991329,0.042424749549450816,75_60
0.002950149015081085,0.058970685528165374,75_63
0.003510505001413304,0.06319332981213648,75_65
0.0022917086922849953,0.09931151174550847,75_66
0.005704330697142332,0.09081918812201012,75_91
0.00452983248638279,0.0689084983357524,75_104
0.0024764407790276886,0.10553891278868285,75_108
0.004324433326464829,0.05254558444048913,75_122
0.003388024136818606,0.05995320487588693,75_123
0.0034530801167515523,0.06666846939661027,75_130
0.003309411733046153,0.058221798343230144,75_132
0.009046347386457673,0.09056276710447549,75_134
0.002556255610706339,0.03416894655296737,75_145
0.004934963588319671,0.04096527181319777,75_147
,,75_151
0.011121330055435506,0.056405134100307376,75_153
0.002721194921805439,0.0800209304800762,75_154
0.0030236186832247134,0.05595007500731067,75_155
,,75_156
0.015865554919596563,0.07313010217213389,75_166
0.01577361954388489,0.1068038922182777,75_171
0.002975939178482408,0.038139755479173844,75_172
0.00679614108158212,0.059230280143161326,75_175
,,75_177
0.00497939055447179,0.02855599071320796,75_178
0.003848349286673778,0.048480328589983954,75_179
0.0459175829187005,0.43963211072132685,75_180
0.005695480282125413,0.07938680259037595,75_185
0.0035720338098250808,0.04147073446709214,75_191
0.004374808953461077,0.05991085197436129,75_192
0.006373960890138386,0.05013400566017686,75_193
0.00642497275670395,0.055499171759216995,75_195
0.014070971377102719,0.09087796040595704,75_200
,,75_203
0.004516670481271223,0.05356628623566528,75_205
,,75_206
0.005288971161094948,0.073243035902349,75_207
0.010765155111310737,0.06461160899596147,75_210
0.05451932159436732,0.1400386581226879,75_211
,,75_215
0.0034931132946772114,0.06274732357269311,75_234
0.0015760410896224618,0.08466356730337962,75_247
,,75_250
0.005178780763711535,0.08455749022308733,75_254
0.005156966473342298,0.069894719070474,75_255
0.005380266809745978,0.11470637353685179,75_257
0.003023437924464934,0.04906981835935006,75_258
0.003470182788106823,0.054179658686423944,75_261
0.0027791584217893724,0.04641548002375648,75_263
0.0032765970659818424,0.04996720371785117,75_264
,,75_266
0.006587382124613177,0.06525260374863077,75_270
0.0032131692673268326,0.049816525294843664,75_271
0.007958926970362051,0.05560185692153878,75_273
0.0040148331316740655,0.024641265299258547,75_277
,,75_281
0.01355021569356046,0.07201314346830644,75_285
0.021989911323644862,0.12273117797591948,75_287
,,75_288
0.003378904771062535,0.1495010852285029,75_295
0.002549685778107833,0.06156058256957903,75_297
0.0055211954392294284,0.033830667942389446,75_301
0.005585742198560047,0.09893493125793225,75_307
0.00548182471002727,0.07361176622447564,75_309
0.0073800066877779775,0.08053239949393812,75_312
0.016517958160295033,0.11434633362144593,75_314
0.003968874178055934,0.10196737754798851,75_328
,,75_329
0.0036006933564271208,0.05045335530315838,75_331
0.004836547219921979,0.0757495910310469,75_334
0.017212736706599004,0.13795012736318166,75_337
0.007505339633627332,0.07906888546881982,75_338
0.004798329584270667,0.12031106209073014,75_341
,,75_343
0.004210749556349624,0.05521153124784001,75_346
0.021384510955862232,0.11168123308083172,75_347
0.004575837124890376,0.06889434272032613,75_350
0.014259856554993391,0.06795067755912552,76_1
0.003915172418154674,0.08260496349069735,76_5
0.003279867283961187,0.15730894604945575,76_8
0.001942747192531756,0.07756829569225229,76_9
0.003448379773065289,0.08706914539474678,76_12
0.002453514028131334,0.038848444520283666,76_21
0.0072124662754630585,0.14481881741063113,76_27
,,76_28
0.003968241701819208,0.0644580444401819,76_29
0.01492300226054655,0.11769061490220768,76_33
0.009104767334734983,0.08490779803641094,76_41
0.004880393806076625,0.08004869815021894,76_44
0.004311956613884182,0.052972234217182,76_45
0.0019744377511095885,0.04853319411067586,76_59
0.0072284759331507995,0.0896799363799606,76_76
,,76_86
0.003969483168616474,0.13045162213677822,76_99
0.002587284835689033,0.05485646285412159,76_102
0.004046872806811539,0.019166685429706138,76_117
0.0032306195917627557,0.012493913443189964,76_119
,,76_121
0.04960154847721787,0.275611231799992,76_128
,,76_131
0.003978278993717063,0.03426747085696845,76_135
0.012233269996819639,0.06808517335532747,76_136
0.0022705503009086904,0.031114868715475898,76_142
0.005901013038418649,0.05058868399015666,76_145
0.004618739051131047,0.07797583094210539,76_147
,,76_150
0.004935704066833396,0.1202980752201018,76_159
0.004719335451095319,0.05421645264324429,76_162
0.0033475395437383,0.18907275168326396,76_165
0.007224479331599591,0.07226807722810775,76_168
,,76_169
0.009975404900157537,0.1021937218585831,76_173
0.013925782615964161,0.08168374126557436,76_180
0.014361614403247241,0.1026867494581571,76_191
0.009771641431953257,0.06265988884611152,76_192
,,76_193
0.013092319580690685,0.0875402194122821,76_198
0.0025340895888344398,0.07518148354573434,76_199
0.004040775774678676,0.07815950652763143,76_203
0.004230188746295904,0.06430170769558351,76_204
0.00334071490815376,0.06449208091665201,76_205
,,76_211
0.0034463519916952006,0.12381836761609687,76_216
0.08132978940598139,0.11623892556626067,76_218
0.00283591071679757,0.07491093582475161,76_219
0.007263924534755391,0.0515629574450651,76_220
0.003258765730522612,0.11007679170791816,76_224
,,76_225
0.004102347111817161,0.055758027861241774,76_231
0.0037031730867268012,0.053987929916219556,76_232
0.01717013303820072,0.17341329300138678,76_234
,,76_235
0.008528603438932301,0.06499606941921852,76_236
0.00955421502038515,0.06291424859307915,76_238
0.023975706240742994,0.08126909658262965,76_241
,,76_246
0.003044933328722165,0.015018610792612665,76_249
0.0032874568072156943,0.017665310951567106,76_250
,,76_252
,,76_253
0.010632085755768697,0.09927668106239229,76_256
0.0027886898218473706,0.06221525990444053,76_259
0.004688870431983104,0.050548048094343684,76_261
0.01104327989124777,0.12909195116725297,76_264
0.03605801614592913,0.12389824590912361,76_266
0.004236867579579397,0.052506559063787914,76_270
0.0027294860341347533,0.055033848576638046,76_271
0.03734120415220788,0.14501929130178384,76_273
0.004076601623161912,0.034335025742858426,76_274
,,76_277
0.014146105958052263,0.09985949718131053,76_282
,,76_289
0.0023289944322174103,0.024678659588520335,76_293
0.012666608874708883,0.050437759883764796,76_295
0.0024403888075604277,0.05231502116412896,76_298
0.004380557322817772,0.05925295259226962,76_299
0.005189085816644836,0.04234955918808737,76_308
0.0019726277568211767,0.0249651701369296,76_323
0.0036621738738013667,0.11320822390510088,76_328
0.003139044179335128,0.0598767015701218,76_335
,,76_337
0.0030750779403925063,0.06491655167815003,77_6
0.004673803385654069,0.058916409418485326,77_16
0.001738246595409294,0.1176221853954609,77_18
0.006401739815456421,0.04707050003955127,77_19
0.001587031454423283,0.03384803777292441,77_23
0.040651948401751854,0.20052863650386465,77_25
0.0023869543832230823,0.13810880129613953,77_27
0.0038612915206969736,0.0952478637028327,77_28
0.004888433847154509,0.10161527145837564,77_29
0.00503730437877745,0.11681239919912846,77_34
0.007981380520232974,0.07648327239942293,77_38
,,77_41
0.0213426389615007,0.1309982607113316,77_49
0.01486512120023463,0.1359257070823667,77_55
0.00877243266670701,0.09485617039081573,77_56
,,77_57
0.034001140017853045,0.11743759471800032,77_58
0.0115663191269881,0.0732182184852819,77_60
0.005349813332235658,0.13190252250944537,77_61
0.0038064145665135823,0.12060459592386293,77_62
0.0131052766848244,0.10351881545370448,77_64
0.0032954184848217466,0.061610491219927135,77_65
0.002772637367535555,0.05197734478881114,77_66
,,77_67
0.007437850619220835,0.09205577006159685,77_73
0.0066341673543111185,0.09448867393869656,77_79
0.003244628254880154,0.06441459515800592,77_82
0.002945274067726836,0.1381006905993832,77_85
0.003932712403823991,0.0599631557300628,77_97
0.00717226936394049,0.10449197052292505,77_107
0.013248991966640838,0.0836906727411978,77_111
0.01266162273637651,0.28105511121876947,77_112
0.012026855343219454,0.12086087384966981,77_115
0.00968623317475046,0.1158563330228137,77_117
0.008272842650786087,0.09240892987568432,77_120
0.007629789684215457,0.07627033026891303,77_126
0.010868742408219887,0.12805785262890618,77_127
0.003688864773546663,0.13565867431820705,77_128
0.006232594380783319,0.08425886328328441,77_129
0.00864375591690448,0.13849844329261063,77_130
0.00577989913456595,0.08306093674279443,77_134
0.025003373419286497,0.08345837979911697,77_137
0.0028773603693031885,0.06570323888169623,77_141
0.0034253593126834943,0.06051672129210115,77_142
0.0030477444217197392,0.07146347135394504,77_143
0.004466727091896562,0.07615691360133374,77_150
0.04877756356573348,0.08427533251549847,77_160
0.003257817374345765,0.05832224171419926,77_161
0.01437166587886313,0.09820939694562565,77_162
0.06548402218537897,0.16619413912397896,77_167
0.036213554668157254,0.10182043775060735,77_174
0.013291640152121361,0.12743491606599408,77_175
0.004011938004036605,0.08124276572962297,77_178
0.006582969145393077,0.10807480187769643,77_179
0.06395133020794368,0.3216241332442328,77_184
0.003240292636762547,0.038798208047082956,77_190
,,77_201
0.005575644932309899,0.09281473446488174,77_204
0.005731923865036632,0.08968247267158773,77_209
0.0099969761493263,0.08456688202027096,77_211
0.005880089057324617,0.031608750087150396,77_213
0.001751743963278217,0.01018685612901979,77_217
0.005910181174151065,0.12841375719424403,77_218
0.005855350139464269,0.07679745569528278,77_226
0.006754356163120576,0.04210683665394142,77_236
,,77_239
0.003066170320675368,0.05838716567275718,77_244
0.006553163795462642,0.1421774334637362,77_245
0.0026027429150447144,0.09279513437241266,77_246
0.015213697489706201,0.08447465095846028,77_248
0.010003594504942797,0.08954066738661848,77_250
0.01383645754440947,0.14094409108751257,77_252
,,77_256
0.004760614668625018,0.08664601217127274,77_257
,,77_277
0.008531097650701126,0.0655165596379171,77_280
0.009544258843081075,0.04067217592042768,77_281
0.004056186186379863,0.07180062882921019,77_284
0.005693655241161687,0.06528864400910901,77_288
0.009161638130531485,0.11394723685548162,77_291
0.010622957972154016,0.09256306224656033,77_293
0.005592764650948972,0.10092813873740193,77_300
,,77_301
0.006467153851629582,0.09571955051228093,77_305
0.008715547636844382,0.09972712821250976,77_308
0.0023382067556330086,0.0438176909085311,77_313
0.010558679117369438,0.07564940525120406,77_322
0.002532046656924502,0.06371702131450369,77_326
0.0057881473896925105,0.09100513143258729,77_327
0.006211748329590109,0.09840484800960592,77_328
0.00636255930287499,0.11018532847239246,77_337
0.02044674686275775,0.08784651039114301,77_340
0.009688670810546389,0.07882590033803283,77_341
0.004470855453192788,0.08942702054716668,77_343
0.004085500091020945,0.09909543430344114,77_353
0.0028368747750827585,0.07886273150823755,77_355
,,77_356
0.014947713721751516,0.10602419424226349,77_357
0.002277873457759762,0.08570267935762473,77_358
0.004942258636354225,0.09183071809812261,77_362
0.0041355838699122585,0.029117377340975553,77_365
,,78_4
,,78_5
0.02396845506097813,0.08782970907841474,78_6
,,78_7
0.0054833619334966706,0.05223528419409568,78_9
0.006032197909176841,0.07276260870939201,78_16
,,78_19
0.007383908492669779,0.09957447729628933,78_21
0.004069393181953796,0.0661366046515839,78_23
0.002672115254830495,0.07493882845505566,78_33
,,78_36
,,78_38
0.006856926437040749,0.12204359514796104,78_39
,,78_43
0.0039081286855898725,0.07269865846918276,78_46
0.004922419888605872,0.07328757976364407,78_48
0.0027102469475969136,0.04599392974982301,78_52
0.0025998818300326174,0.059539252066530435,78_53
0.0060562737914348665,0.16436600060511902,78_55
,,78_64
0.002381679683730398,0.03754879142001178,78_65
,,78_69
0.005530997971968558,0.09147771258983636,78_72
0.004550588707996683,0.06693141174101394,78_75
0.0032673757748289873,0.04929953783889469,78_80
0.009632768821430382,0.09853690023765109,78_85
0.0030429790124803053,0.044600743628140364,78_93
0.0069597973160199274,0.06128329417726382,78_97
,,78_102
0.008009621075548222,0.04612017393889839,78_105
0.002302780554916838,0.06295592757948808,78_110
,,78_111
0.0031129228125288417,0.04852615338224299,78_112
0.008515492021288215,0.09915646683694722,78_113
,,78_114
0.0015567306994423494,0.040652437720438896,78_115
0.0040588150899769,0.0646092309170857,78_118
0.011766427648090473,0.12406832121986336,78_119
0.003082180376536111,0.04389288855300255,78_124
0.00465670942538221,0.007524648214815488,78_125
0.011953791116119418,0.0785695432739427,78_136
0.015621601185070234,0.04867851317260779,78_146
0.003783708846852107,0.06093296385961864,78_151
,,78_152
0.00840364576912873,0.09678690945973148,78_157
0.004356224486958018,0.053285104277165124,78_160
0.007027778656431491,0.04929067374143204,78_165
0.02154861692070701,0.06536214879374541,78_186
0.012875222193562071,0.09356996066196362,78_191
0.007323271577495249,0.05728435319773993,78_192
0.006753948489560113,0.04249074567131495,78_194
0.01904521690004698,0.13876336671037498,78_205
,,78_207
0.007995962318616217,0.0736064661203958,78_208
0.004024698551043366,0.08810542670030688,78_213
0.004604509106978274,0.06449413323445309,78_214
,,78_217
0.0048758853591819905,0.0643321559622911,78_226
0.0022534400155647233,0.04095985964057593,78_237
0.00959758510725808,0.11653369802355792,78_238
0.0032344629142621833,0.0675929067213087,78_243
0.006575118146969143,0.10703678851959515,78_244
,,78_245
0.0175191612326865,0.07651297954189785,78_249
0.004140774305694734,0.06999550324016707,78_254
0.018144654936539887,0.09198528579580659,78_255
0.005088258743128137,0.07168789620025488,78_258
,,78_259
0.007710589992800129,0.08805171626110095,78_266
,,78_268
0.004824757610169145,0.040354602054429506,78_270
0.0033189911438831305,0.0606111627457998,78_276
0.007572202690640696,0.06854675929635469,78_286
0.008413937163261984,0.061204514443349615,78_288
0.012824846438827132,0.12536494460848213,78_293
0.003863867018743987,0.045237974196809125,78_294
,,78_296
0.004434420574955275,0.05704084131864387,78_298
0.005456214799243385,0.149149455523395,78_299
0.005257642093053403,0.075973765756159,78_306
0.017093292582093318,0.07792545874228955,78_307
0.0033278093473429254,0.04994063555111361,78_308
0.003455077177945846,0.060590130200132854,78_316
0.0036126061081801063,0.08324887128178897,78_317
0.005514967477517765,0.12085764744414022,78_319
,,78_324
0.002054917781672009,0.06324615858431078,79_2
,,79_3
,,79_5
0.0036077222185616565,0.11205032362206906,79_12
0.004733135543827649,0.11178831058366781,79_14
0.00810523779286351,0.06638267471236492,79_21
0.02006343454786421,0.13367617285104022,79_25
0.0022293370678453175,0.051319302475101906,79_31
0.004175815227746406,0.08096620508239646,79_34
0.00867645558643793,0.07533536400979311,79_41
0.03629717171810952,0.19857202622405246,79_43
,,79_46
0.015497040241703659,0.09255291069529165,79_47
,,79_48
0.009184140334116717,0.09291044602978159,79_51
0.004114508972925219,0.065560114708221,79_53
0.005250766934681627,0.0658358154223163,79_59
0.021270505029601483,0.12989095744173523,79_65
0.0020499645317577494,0.03192491447066816,79_71
0.03199635368684613,0.18122339036395124,79_72
0.0014460379763624198,0.06562114009004083,79_73
0.005677057696795613,0.07701775988951817,79_75
0.014249239169148284,0.0543846707868793,79_76
0.0013184035688590663,0.014564132746763873,79_78
0.002428453720332357,0.05181719720109922,79_88
0.0033267871119324454,0.057382867071170206,79_97
0.003052583041229139,0.05067964768597107,79_99
,,79_103
0.04385761888321339,0.21376040282018458,79_112
0.07203185076477411,,79_115
0.01279983195919326,0.049530330886873454,79_119
0.004496322508118315,0.046478037572086385,79_123
,,79_124
0.0026430022927274497,0.09092130738937992,79_128
0.003967085950673422,0.06221787102955926,79_129
0.0024396288736680863,0.09228176985514255,79_130
0.0030599137349225252,0.06370276236621462,79_132
0.004389995441052778,0.0500672898378591,79_133
0.003411522743739393,0.05356288586024826,79_134
0.004982191670812869,0.05011392819469041,79_137
0.0035901798627207713,0.07428752466365503,79_153
0.004958549736771383,0.0824533350406892,79_158
0.02395741194867682,0.15895030768709206,79_162
0.017259666864336044,0.11739657266501341,79_163
0.0036456949950895304,0.10807581939530841,79_164
0.009793677622644999,0.09066975682793992,79_169
0.005111598571135878,0.12585586485083625,79_173
0.010816848167597853,0.2064848852053968,79_175
0.003978598732769576,0.05421774379676577,79_179
,,79_181
0.003868262056862772,0.07358164631647154,79_188
0.004194062498930452,0.11133977611445368,79_190
0.002145966158049938,0.02835375280587377,79_199
0.006252559593147478,0.06005862419554457,79_201
,,79_204
0.008309072599183146,0.11652340604946569,79_216
0.010215323423085069,0.12525480269734024,79_226
0.007046229004944791,0.09608826172970591,79_229
0.014677803030220496,0.2377456082255123,79_232
0.0046769804140290435,0.05901427206167086,79_240
0.0038020364537169286,0.0901696356205039,79_243
0.0048286839660679455,0.0461601364477042,79_244
0.00374879227297163,0.11367390719208655,79_251
0.0029994259962223546,0.049983028117526966,79_257
,,79_258
,,79_259
0.006532185177315867,0.04092180991837804,79_260
0.00975469789810097,0.08926578727874132,79_261
0.0030050966334603307,0.035195124712367534,79_263
0.019026219714691317,0.10844720494935481,79_269
0.006037246609830145,0.07143608912211873,79_272
0.0038271514377850174,0.06370949434890244,79_277
,,79_280
0.006699992720244875,0.09368807626314274,79_282
,,79_287
0.00560209815256679,0.06510081617458109,79_290
0.007264467693821126,0.07626485470190948,79_291
,,79_292
0.003590117897433095,0.046260092000139606,79_296
,,79_297
0.0032609012830204782,0.03495528095683229,79_299
0.0034217120938001143,0.055183515765035926,79_302
0.008565074644074598,0.06985863372858905,79_303
,,79_307
0.011784440256431442,0.1402583476298343,79_314
0.0049152861307863935,0.040336012158811496,79_332
0.005604123121136456,0.11050327985096792,79_335
0.003083779532089173,0.08910252753385822,79_341
0.008865825052254823,0.15404432100753102,79_347
,,79_348
0.008252016065111717,0.08492287187297305,79_349
0.008355171169459661,0.06969604177506128,79_352
0.0043794763264644754,0.04325524064125062,79_354
0.0029507142428222832,0.04078648825876296,79_358
,,80_2
0.003995307306307907,0.06245188490561666,80_3
0.004362199601876439,0.062085923413275346,80_4
0.0252436680960855,0.14974672455558605,80_5
0.022950010811688848,0.13103171966996421,80_6
0.018645198959506337,0.11266560937649099,80_8
0.010719153164715485,0.10119228781852979,80_9
0.008321812076856951,0.0817388547970152,80_14
0.004370405450280822,0.06542864091826847,80_18
0.004795690461144186,0.07488626176643166,80_22
0.00692131207553048,0.1303645331839494,80_24
0.005551449729258101,0.16361065772538264,80_28
0.00501546994572451,0.05777643071918801,80_32
0.004360871599508951,0.05865207255081313,80_44
0.0027814769707137656,0.011929952880247301,80_45
0.00648620457716041,0.0818482103977735,80_47
0.00645119049755984,0.07433247201586463,80_48
0.0035248702616558786,0.06777846028979137,80_49
0.002567627022924313,0.07133074429157438,80_51
0.0032322940890322604,0.0680160780624139,80_62
0.004865970817541379,0.11126032254320525,80_65
0.005858501867316711,0.09382867193592287,80_71
,,80_73
0.005932004864366363,0.05338556637961783,80_76
0.004208862167561959,0.07226693106305268,80_81
0.0022606940634287516,0.07387943783977544,80_86
0.006332027761393846,0.06568099483031667,80_88
0.003709539916890205,0.03992629537452869,80_89
0.009735226756793537,0.3311153948626262,80_100
0.002493208558050177,0.02578014006305834,80_101
0.0030046122336304555,0.049331525083077504,80_104
0.008200058453494453,0.10790944001890435,80_106
0.0016074129152497858,0.03607888846044514,80_107
0.004751794131286021,0.0563560364909846,80_109
0.0030893400850896097,0.03663636643037376,80_111
0.0223738945201609,0.09308590768429686,80_113
0.0032692918066027075,0.07368181666994154,80_114
0.003237179424795641,0.07161585657658028,80_115
0.0035112577767420624,0.07406562096075608,80_131
0.004803788108601494,0.10310510893415725,80_134
0.0038518106720326836,0.03835586347367023,80_136
0.004768243450292848,0.12826900125368726,80_140
0.04106587158838728,0.17423614005963786,80_142
0.018508307250771766,0.07091230774167727,80_150
0.004599170424238684,0.0492072664506924,80_151
0.00428251820295231,0.06016504877971114,80_155
0.001730403344145875,0.05883854143758789,80_171
0.019339448768085868,0.10970529104319857,80_176
0.0062790933641696444,0.10228948093691968,80_185
0.008989816749058188,0.11547061353924681,80_208
0.005465776549627474,0.1796754972061735,80_209
0.003442792242687368,0.0685720459817889,80_216
0.00483484182805482,0.05944812416174791,80_222
0.010657204280574824,0.10794985712288567,80_224
0.004387323163656226,0.02875238275698825,80_226
0.0038634349952877704,0.10132776081617996,80_231
,,80_232
0.003487742070608182,0.14819049588282662,80_237
0.006230565130905486,0.08179795109129875,80_243
0.0021548223656030333,0.04878899027355608,80_244
0.0026180943735030263,0.03522146140656119,80_247
0.01776815205314022,0.09950694775817452,80_253
,,80_256
0.0074797581609505346,0.11764906376663964,80_266
0.0018560108028743024,0.040694595549560536,80_267
,,80_277
0.0019558733669679932,0.05423722013858256,80_279
0.009769998596078468,0.0633967076864203,80_280
0.002685462500587347,0.06583550838921462,80_284
0.013334795884496285,0.051119570589091404,80_288
0.003826899813593782,0.0491148368001044,80_291
,,80_292
,,80_293
0.004028798922741623,0.06528725067640624,80_294
0.004170059570800136,0.08175788260110982,80_296
,,80_297
0.008886559100115841,0.19844742986410246,80_298
0.007329804785153195,0.08773960293851647,80_299
0.0067596576635601015,0.10156087032175765,80_300
,,80_301
0.0020436529742167172,0.051775618292126464,80_306
0.018995624282341195,0.10599586075149457,80_312
0.0032042060128487687,0.03713597831453912,80_313
0.0032613703056444255,0.06880810567433593,80_314
0.0028182287064543216,0.054825975856101904,80_323
0.003364626643080514,0.03014438208070791,80_325
0.020337901354908094,0.14508119357793964,80_327
0.0038824637020127306,0.07565609929782467,80_330
