jitter_local_stable,shimmer_local_stable,nid
0.011539551924287152,0.1642465249352918,51_0
,,51_3
,,51_4
0.001880210956409427,0.0754100211809604,51_7
0.004366406754081611,0.1364651906675679,51_8
0.004574932516406859,0.1308240105565027,51_9
0.004280603459847344,0.061772037845498104,51_10
0.003087866666215964,0.05297984991076171,51_11
0.0026183924417894394,0.09990458688610561,51_12
0.003329850928474784,0.07059469694209237,51_13
0.00326848470271722,0.06497521974391678,51_14
0.003046915122167642,0.07305762141957413,51_16
0.005269422786746029,0.1067200641059061,51_17
0.0075517513392310545,0.0671356417588659,51_18
0.006912940857596582,0.0910565863375228,51_20
0.01139116207037323,0.2112006559117293,51_21
0.004549988227084039,0.06136750000712407,51_22
0.009210129203087258,0.12041762742212071,51_23
0.0035670937482480294,0.1381920903335969,51_26
0.007571106126277054,0.0921916301657767,51_27
0.0041750546155554236,0.0710449770763923,51_32
0.0044596804933724555,0.10572006484111349,51_34
0.009115937333499361,0.08176705042269093,51_37
0.007492671539894406,0.10356446248669432,51_38
0.009163819013556073,0.062138959332239285,51_39
0.0024227202258954882,0.044559961700935916,51_40
0.004608521063680768,0.13720468754638562,51_41
0.008656205323157626,0.10336355603763384,51_42
0.00640719915686027,0.06063668067766089,51_43
0.002869667696087483,0.07337260012336849,51_44
0.005613337250836007,0.12778277873155405,51_46
0.007446097311314869,0.13339076138184522,51_47
0.002584621634282067,0.05428828529215399,51_49
0.0043725376939326025,0.09687409606010007,51_50
0.00671552800651283,0.10546845362408142,51_53
0.003781408694071589,0.09731942829719695,51_54
0.002956882384356639,0.10229112792940077,51_55
,,51_57
0.0027091309639147676,0.17824749813504592,51_60
0.00530266452406199,0.04682604453200019,51_62
0.007227242534701532,0.09271610484015078,51_63
0.006989016619900649,0.1204119672545723,51_64
0.007162298987699755,0.08117756660312525,51_65
0.025684116522829953,0.16259581743471663,51_67
0.008667238171928292,0.09670821513570253,51_70
0.00328843678423996,0.09848728244498269,51_71
0.01752044161578311,0.1437417772963236,51_72
0.003107076367276682,0.07141576714221162,51_73
0.0029334051103243114,0.07375090681163717,51_76
0.0072351641018096454,0.1384429219339455,51_78
,,51_81
0.02083387546729808,0.14638737368174162,51_82
0.005515308600676501,0.07424582235257521,51_83
0.0063965711208360245,0.16256445862685892,51_84
0.005240154637105636,0.06636026557861656,51_85
0.0268249539153844,0.13825802215221183,51_86
0.012335215162964324,0.08774508068115086,51_90
0.006246174904422952,0.09883307560824717,51_91
0.012575628383548419,0.1068216126876949,51_92
0.009882584268133758,0.08500933448902066,51_94
0.00865102357728118,0.08322407645984668,51_95
0.0040315124629710574,0.06210326633064333,51_97
0.004352731082332862,0.09506825536652944,51_98
0.016602822592690955,0.1829278147203998,51_99
0.0026650116184044705,0.07609310047750004,51_100
0.006158379954494277,0.08209585801054148,51_101
0.0030215176341125377,0.05943833447942926,51_103
0.07324334454419128,0.13525323613472903,51_104
0.0081834760411088,0.06932385337023789,51_105
0.011081007405133143,0.15987876804044082,51_107
0.01354711836338897,0.1719710084025168,51_108
0.016722217522788917,0.1765670220977804,51_109
0.017983344211032874,0.3059238678622061,51_110
0.0056254918666153566,0.11160618735349537,51_111
0.008192569949437399,0.2057043873627843,51_112
0.006971341456728761,0.08008382618611282,51_113
0.003055688996194872,0.06566914435871492,51_115
0.006565064783639369,0.06721271239688761,51_116
0.007490225678728751,0.04603034370407407,51_117
0.009170489462894301,0.05903069207447325,51_121
0.0226752024609647,0.142833471916012,51_126
0.004360859344048632,0.10028878890692332,51_127
0.004147548624579082,0.15758477287318776,51_130
0.0029633861124236096,0.12279625352445783,51_131
0.009529550223175245,0.09108644809035579,51_132
0.006654763081591066,0.07822886508217562,51_133
0.00517149919036465,0.10207389257055122,51_134
,,51_135
0.004173376457837841,0.056041154040406084,51_137
0.01101004874577623,0.12597327656805074,51_138
0.016822259407203045,0.13904334718854852,51_139
0.007107381260150737,0.1314448194328277,51_140
0.004709532065738761,0.09470968378064107,51_141
0.0025291062626722274,0.06615031693384478,51_142
0.005379395843191698,0.11533067921830427,51_144
0.006543839161843656,0.06186361863559436,51_145
0.004969296422304539,0.07854778751769362,51_146
0.007082482941538785,0.0822367125524916,51_147
0.015353066500119457,0.11488176335308341,51_149
0.004700354273429097,0.04840879861104855,51_150
0.005079610718210467,0.10462764426418684,51_151
0.006585162158830945,0.08729274846167658,51_152
0.0032291613033075153,0.07363183800651357,51_153
,,51_154
0.009872359394221012,0.10434916990985589,51_155
0.012525322858096224,0.1702138151120823,51_158
0.009868247544267985,0.18949994116098617,51_160
,,51_161
0.006067374598559071,0.05837390941194829,51_162
0.005602651374585724,0.04821984119039996,51_163
0.003359642229040703,0.10566292938261247,51_165
,,51_166
0.005510349578007901,0.05709230789870961,51_167
0.0029559309202031973,0.020024103303058472,51_168
0.0048769661383943645,0.0976954480378902,51_169
0.0033909667002521697,0.07901212813203073,51_171
0.011251057491460749,0.06496013758360328,51_174
0.0024047919535012097,0.05113856021806519,51_175
0.0101822646532352,0.08867521108306038,51_176
0.003061660030617499,0.10149472123481533,51_178
0.011269982624272576,0.1058465439557049,51_179
0.0097596410385776,0.10923688841871369,51_180
0.003826817056865307,0.09955754605322048,51_181
0.00833272600875846,0.0701063931846987,51_182
0.053201797687530084,0.13177676773745686,51_183
0.004843751590500181,0.10567358648929624,51_186
0.006646760780253461,0.07498258631899178,51_187
0.008733805774628544,0.07933650897819139,51_188
0.00408463648608014,0.0917885230954291,51_189
,,51_190
0.0056970969241559,0.0777824466041536,51_191
0.0068871990907870325,0.10543215911967618,51_192
0.00432521250277643,0.09190231859493683,51_193
0.004045463967755056,0.06566716320285544,51_194
0.018512154489083263,0.12734127820008526,51_195
0.005650211816758089,0.049540160133049925,51_196
0.008152576045939011,0.12058154821197097,51_197
0.00882643776123613,0.06650482760564531,51_198
0.00224548042710614,0.11281008730016417,51_199
0.006173080099033091,0.07401675052522244,51_201
0.014203878977308803,0.17099569795967254,51_202
0.0053971329267584,0.048573217654814684,51_203
0.004926075396286036,0.13749132836524827,51_204
0.0052069125231365984,0.06660550824115453,51_205
0.008109537415635245,0.1817288050759045,51_206
0.006218415372294881,0.08820804843813931,51_207
0.003931093283840701,0.07273048406060247,51_208
0.004216020332107604,0.13313062760371724,51_209
0.003787762329134062,0.09443636262826206,51_210
0.004340252360542816,0.05741567406481414,51_211
0.011529099034689934,0.12066265986113235,51_212
0.0046370208265785725,0.0445901500534316,51_213
0.00519401840421068,0.11772662267091172,51_217
0.006072997397891116,0.07658402715121702,51_219
0.0034601649355328603,0.11627774945374554,51_220
0.00520165577822,0.08920452354988785,51_222
,,51_223
0.005208862356228269,0.11711664484064069,51_224
0.004436744550038999,0.08170003606602172,51_225
0.01749453531450183,0.12539199009505442,51_226
0.004528071536855023,0.09050427746221622,51_228
0.003895144677674942,0.10798830897987685,51_229
0.0029627407412633347,0.07129426387285072,51_230
0.02155862456257156,0.08744564822850792,51_231
0.00805005512524775,0.11553330410277672,51_232
0.0058309890184349315,0.10458150609624607,51_233
0.0035397895043243507,0.09193014583549863,51_234
0.006403640685804861,0.08431147891401151,51_235
0.007430874555689135,0.1376370353684794,51_236
0.003813441497742061,0.1825549692041324,51_237
0.0018459407082641933,0.044599901376015716,51_238
0.003214169232408122,0.06832896335708556,51_239
0.01198009595429201,0.10426831989834655,51_240
0.0053241766713889955,0.14581439301701288,51_244
0.00346736954940198,0.09866865920951534,51_245
0.008596545232054038,0.12410820117609446,51_247
0.01258810648501693,0.09525387120326831,51_250
0.0043086579553132465,0.15593927463252938,51_253
,,51_254
0.0061823077964940285,0.0838968031477727,51_255
0.008000238901172772,0.071301860372425,51_256
0.0029065668077017355,0.06709350023781696,51_257
0.021353885421221092,0.168780163476867,51_258
0.006781644051872601,0.106344792934185,51_259
0.006079422924524625,0.06836813406388981,51_262
0.005084306321127758,0.09448962834383651,51_263
0.00814697305377104,0.10273906548329893,51_264
0.002667962302421042,0.05413446137887764,51_265
0.006117782417337051,0.09849899241261742,51_266
,,51_267
0.00981576306140572,0.10331917661053114,51_268
0.0075555703696518674,0.09607508536083857,51_269
0.011634540656794637,0.08122552471095267,51_270
0.002936558231021069,0.029731515820618625,51_272
0.00960773533223642,0.17122759531958145,51_273
0.004029260859863518,0.08144936361958578,51_274
0.014214361409808442,0.05202671831599944,51_275
0.009827231630808425,0.06767962523088158,51_276
0.003319658586333326,0.04076515159465267,51_277
0.012672929843645132,0.10619431922276193,51_278
0.005458275558012372,0.09243016121216395,51_279
0.005719962027125341,0.07975910304433845,51_280
0.002890920951797507,0.053602787671062656,51_281
0.006180037896726157,0.06656896533776739,51_282
0.008286946817191831,0.05552568093853736,51_283
0.008497091249780576,0.06032665209589995,51_284
0.004779136594188814,0.05743996692391949,51_286
0.0019640791910997698,0.06235454705444991,51_287
0.0033592067608556654,0.07447580959458752,51_289
0.0078674554700674,0.039035395516453714,51_290
0.003033178566550116,0.07048070822325814,51_291
0.0035918669891344367,0.06939362032158813,51_292
0.016082650400855606,0.1190681453728528,51_293
0.004681439044730798,0.06165773782539883,51_294
0.005646179406367147,0.11655322901313109,51_295
0.0065668378541384334,0.09798591539593819,51_297
0.01392124854974264,0.35437113612634885,51_298
0.005154568089001754,0.08975330596078812,51_300
0.003314598315860315,0.045426626074694866,51_301
0.0023094891144503867,0.04849426823394358,51_302
0.02995876559257292,0.13935371313522157,51_303
0.012005019451417829,0.05972452154132242,51_304
0.007047196171726908,0.08854355227304864,51_305
0.005017120595538034,0.12544772331000592,51_306
0.011125043037235955,0.17918235091880874,51_307
0.008464120565586866,0.11991089973438143,51_308
0.0051755344109457565,0.10701397519330172,51_309
0.009075265310694716,0.07917591559225945,51_312
0.006205671775717433,0.08233077838853606,51_313
0.009309308832780661,0.06441621573002462,51_314
,,51_315
,,51_318
0.0033811951545414747,0.052485450764360196,51_319
0.004631235650867797,0.11814193225266705,51_321
0.0037066064326634544,0.09739620054176854,51_323
0.006466565867263393,0.1501230442494321,51_324
0.0034278928565900147,0.08190002900111149,52_0
0.014332558725931185,0.1500554775875346,52_1
0.01102395740198089,0.1771758952303687,52_2
0.002881312042734571,0.04831223880097228,52_4
0.0027454131632709154,0.090786569591146,52_5
0.007216639107484027,0.08692828819020923,52_6
0.004031671114067998,0.03884796959283394,52_7
0.0060021495334975266,0.07591367361109959,52_9
0.005007599105646665,0.07952199666700745,52_10
0.010351252180944914,0.18456506387075544,52_13
0.0030893979582855722,0.12613876067299162,52_14
0.005878023118382472,0.07828826200644155,52_16
0.004197644523525642,0.05027692625431893,52_17
0.00444083493128126,0.06954860935417276,52_19
0.002846013385864059,0.07155905542299716,52_20
0.02405847293644546,0.08288390200218582,52_21
0.005359598048394755,0.08861142314925609,52_22
0.010802032257191,0.09741901518234845,52_23
0.003511227101628586,0.03864046052010902,52_24
0.006870108088660584,0.11431270431576573,52_25
0.008584446573114224,0.1214745026981179,52_27
0.014592628498458847,0.1675334953171902,52_28
0.021273334467014623,0.19576909675223508,52_29
0.016483621019971553,0.11185245698923846,52_30
0.006759568465282906,0.0939730400230008,52_31
0.003426601041400772,0.06732508026266164,52_32
0.0030980900455514168,0.06166457683135753,52_33
,,52_34
0.003934371264533623,0.05880531317769962,52_35
0.0035446293053777484,0.05424055670519526,52_36
0.0069111255168062815,0.1142948202479846,52_37
0.003776564373377464,0.11396685947227811,52_38
0.007861966468320486,0.16411926731978976,52_40
,,52_42
0.005394734060323029,0.05097920543285629,52_43
0.00863376378073838,0.0752473193789215,52_45
0.023696203195778566,0.27725379780664317,52_46
0.00510822613059175,0.09184100734329442,52_47
,,52_48
0.0041961652911108515,0.05463456390364955,52_49
0.0029175405464855163,0.031197863543327455,52_50
0.008512906078932795,0.07483603772505154,52_51
0.00232546618613514,0.06677495230496756,52_54
0.009420058424313786,0.09631622509806442,52_55
,,52_56
0.003403103559603857,0.0494026594960708,52_58
0.013179586496897155,0.09507764946120296,52_59
0.0039413802870512955,0.06656209073742257,52_60
,,52_61
0.003032465420923307,0.07109850994611934,52_62
0.0033206490416400093,0.07366265843706496,52_63
0.0091449781176126,0.09243542536891229,52_66
0.0034681257519317645,0.06099168224774995,52_67
0.01746183116654477,0.12943349020317893,52_68
,,52_69
0.005179098218078151,0.08459872270084266,52_70
,,52_72
,,52_73
0.004112441590539677,0.10290485222566557,52_75
0.0030602229059053607,0.07513177482895592,52_76
0.006359811170075943,0.07038640121003203,52_77
0.005977355434309572,0.06348302269974182,52_78
0.0020985993621357316,0.04931888234062336,52_79
0.0031078794733317874,0.03682072098207214,52_80
0.005440009028779363,0.0510364281563832,52_81
0.008779171935052994,0.1071439562619997,52_82
0.004559386206616785,0.06491979892475422,52_83
0.004946724259009879,0.10838968152721376,52_84
0.006648805434065655,0.08280497154809222,52_85
0.009511906515042167,0.052398292758233454,52_86
0.007060202678227717,0.10632884234681013,52_87
0.0029519335304522185,0.0909175557801804,52_88
0.0027544533592082647,0.04323207588647494,52_89
0.0023887735852205646,0.06491469714966729,52_90
0.0041083730466482645,0.07442328691448186,52_91
0.005555960987341303,0.11288983527664878,52_93
0.006838821878547452,0.15895450003247166,52_95
0.0033637025306819538,0.07044076368364419,52_96
0.002301803265129539,0.037359442945885724,52_97
0.0019990883598869787,0.033966656288045474,52_100
0.0016314362884544062,0.07981692068328847,52_101
,,52_102
0.004926506576351376,0.06740130612870361,52_105
0.007134499930487952,0.06960077807984438,52_106
,,52_107
0.00659755495599761,0.09040566007097717,52_108
0.004038107477566029,0.07432037598285489,52_109
0.00393624054220616,0.06181957313088917,52_110
0.00617877061348438,0.08872461481640075,52_111
0.003221326622844682,0.07647487806669964,52_112
0.005143731125324405,0.08612201981131457,52_114
0.0031770995599351144,0.05221801260884034,52_115
0.01130535758277935,0.06231529957468871,52_116
0.003744634428891437,0.03881911245087282,52_117
0.0057273969579802134,0.0734719741593417,52_118
0.015073036376880603,0.09344660735372218,52_119
0.00892288953950855,0.07104689516501324,52_120
0.002718203273794764,0.08092318704270217,52_121
0.0025780958823809442,0.0357418265272088,52_122
0.00320344032379097,0.03553433902883217,52_123
,,52_124
,,52_125
0.015391670969839458,0.07082243494926525,52_126
0.001704420181842753,0.06348474108864029,52_127
0.0032283112159665903,0.10648938121864457,52_128
0.004161218127792684,0.043119596831843576,52_131
0.022387617364670338,0.12052438658917125,52_132
0.0017068985646311327,0.04270292396050414,52_133
0.003026323166287284,0.0636895736486609,52_134
0.0034255646803407207,0.03942584191295801,52_135
0.003875775386069392,0.07113067102977019,52_136
0.004552260235814464,0.10674382879801125,52_137
0.0042860251430327945,0.057884637610337686,52_138
0.002523671681362411,0.06672530626808146,52_142
0.004318862229133413,0.04817014245563495,52_144
0.0029263878066273035,0.080225401298389,52_145
0.0031575267442218633,0.06403579090224099,52_146
0.012406317594286988,0.11204020829707775,52_147
0.003047617972685607,0.049896295676423376,52_148
0.0028426882827189085,0.05986272557550686,52_149
0.0034178388228401028,0.05116459651940901,52_150
,,52_151
0.0022175069223032778,0.054826389421737426,52_152
0.0034385179788015705,0.06550980131749001,52_155
0.0019961360880891934,0.03188711623305356,52_156
0.0043752095699481726,0.047753446893866146,52_157
0.008615118134897966,0.11408943353696595,52_158
0.01520523369661773,0.09963913850987703,52_159
0.010504104421436193,0.0988821543766419,52_160
0.005895767056538659,0.05590756976283484,52_162
0.003100913502558205,0.0768754777794428,52_163
,,52_164
0.019837395887673626,0.09725205777724816,52_165
0.0058570030814224525,0.06369880555591545,52_168
0.0019545535076614983,0.06439045600831964,52_170
0.00856482625436235,0.0887249369455183,52_171
0.004799445349650556,0.07866000994680324,52_174
0.00914550505545418,0.10316823719707711,52_175
0.0033636920135646994,0.1569419041141158,52_176
0.02462543460577321,0.1295259901909865,52_178
0.01031218309139851,0.12499629582540038,52_179
,,52_181
0.0038636321454402138,0.07813101151387707,52_183
0.005407487353939437,0.03582081387153524,52_184
0.012843306497388693,0.08176756666345972,52_185
0.013177238760233773,0.12329910833203638,52_186
0.003053833801938053,0.08703422177644517,52_187
0.008060314616309155,0.1630117278769953,52_188
0.003421837303659791,0.06365220172171601,52_190
0.0064810677607217435,0.08804238667794845,52_191
0.005723696136579803,0.0664342289425692,52_193
0.009704234194284353,0.09176263219016077,52_194
0.013981875643199112,0.08067159276087948,52_195
0.005119226490426582,0.07354218031188217,52_196
0.005041970876320121,0.08774718216254397,52_197
0.008854244389095135,0.04947275910457212,52_198
,,52_200
0.0036850453630314435,0.03538205488115345,52_201
0.006676668441682502,0.0486409428814638,52_202
0.007436054586135941,0.07926543054712834,52_203
0.008181205394170112,0.06860919123065636,52_204
0.004328318869962045,0.0482272678674357,52_205
0.005987277580920791,0.06939456988839149,52_206
0.006444440740109542,0.0815945506852969,52_207
0.002753502282407132,0.07680098911125541,52_208
0.009372671660104678,0.1199477742424419,52_209
0.0025304760210491492,0.05270144868275053,52_211
0.005257490527131654,0.08554922823343825,52_212
0.0037351767045775922,0.05465941969958115,52_213
0.009281396114474247,0.07999064493069116,52_214
,,52_215
0.002949266625059165,0.04461908964191846,52_217
0.01942105252864038,0.10737310218986476,52_219
0.004626798340726379,0.05117792017003292,52_220
0.00517530776110649,0.10384605566280702,52_222
,,52_223
,,52_225
0.004515281394491485,0.10340768826623066,52_226
0.003807049138366507,0.1192337955376175,52_228
0.007210745019616992,0.07118813430097314,52_229
0.005248920405981811,0.08133432361398583,52_230
,,52_233
0.0060040633887373,0.1123075783444638,52_236
0.0021797556874674326,0.13521190620740622,52_237
0.01003298640063892,0.10544148125264871,52_238
0.004190885870923418,0.044633537832274923,52_239
0.0061291783462313655,0.10006519989316989,52_240
0.03271299370053785,0.07532055672207885,52_241
0.0038412087073639084,0.05340810223324466,52_243
0.0023617875430035303,0.035964621603584795,52_244
0.0030140388338527873,0.06281128508371148,52_245
0.004460649543993603,0.07635574084731897,52_246
0.0035917094377159835,0.03226338682704872,52_247
0.002630094642062793,0.03549686453822232,52_248
0.0019358413821509316,0.04058554243421137,52_250
0.007149156675667695,0.14386832760583615,52_252
0.009204225849955394,0.09000909866035023,52_253
0.004505673694613804,0.11881928301981269,52_254
0.004390166582236001,0.061574710219398886,52_255
0.0033472596365674077,0.08934603527741303,52_256
0.007170241277321983,0.07746943543078698,52_257
0.005768149100006306,0.04299444400709175,52_258
0.00451890907474381,0.039498247658046506,52_261
0.010352975133022259,0.07261454027196668,52_262
0.04792573686349547,0.17433442013412517,52_268
0.01416660172906436,0.1078800617159647,52_269
0.01378856446360987,0.1003340502443654,52_272
0.016134773550905153,0.20083064369000564,52_273
0.0030023626003896687,0.042114762477117165,52_277
0.006648900711502289,0.06064380542817221,52_278
0.0034459376678561407,0.07636989054139484,52_279
0.002052310993672469,0.01558183493945518,52_284
0.003235992399432474,0.05151595830455325,52_285
0.00447466807781539,0.04626854612546615,52_286
0.009721994640435877,0.095905577475056,52_287
0.0034212732452679005,0.04622993397680616,52_289
,,52_290
0.005412107598268373,0.0470167485603901,52_292
0.011926895711544537,0.06918281155511968,52_294
0.0039014338761146653,0.06753191087292525,52_295
0.0025384432712320998,0.059884012740749455,52_296
0.002953031467808892,0.054219712548563885,52_298
0.003036887611733132,0.041912805288123245,52_299
0.012516259653518309,0.09418021087914562,52_303
,,52_304
0.01402443541553833,0.2166823016309587,52_305
0.008451296197746582,0.06834653611464873,52_306
0.004650839158041935,0.08082521293689293,52_307
0.006967295158112399,0.08764746826353974,52_309
0.002620335882760338,0.06723447085019825,52_310
0.0034306068818648564,0.06544308556257457,52_311
,,52_312
0.004835127588435021,0.08264111078224781,52_313
0.004221045830899046,0.121482572919008,52_315
0.004231936924390989,0.07371550089205245,52_316
0.002632477984474949,0.16001580494929904,52_317
0.004259859919721559,0.06882922732329458,52_319
0.0026827093659983416,0.09808956098406171,52_320
0.0039023662736556754,0.08711377297729346,52_322
0.010909777018238092,0.06675244633605129,52_323
0.002516953722945835,0.10138128441432982,52_326
0.011478560124188344,0.07117054279458175,52_327
,,52_328
,,52_329
0.027904879166899307,0.17929628952492604,52_331
0.004799412108315605,0.07662883658623627,52_332
0.0024736563580977414,0.0759865585195991,52_333
0.015620859795630541,0.09821803966386991,52_335
0.011343142634612335,0.17148849402834804,52_337
0.00400112615719048,0.06427069434075897,52_338
0.022672286921922146,0.1055963567337754,52_339
0.0040759180604801135,0.12031407131362012,52_341
,,52_344
0.003432930364845961,0.04925553078270496,52_345
0.0041433098255558775,0.09056886238625492,52_346
0.004102361090867541,0.047383932890294696,52_348
0.05018930660619108,0.38614289249604916,52_349
0.0020277762825183145,0.03737254799352271,52_350
0.0035282641186804007,0.05262917500013255,52_352
0.013476126001110852,0.09224118761674374,52_353
0.008187825095172005,0.08980371738893701,52_354
0.004483123068876044,0.07227448445647974,52_355
0.007246194360903737,0.0769638958006995,52_356
0.005531575284648577,0.0722503696733933,52_357
0.0029397310683003004,0.0765604519382427,52_358
0.007115510095478585,0.17646704691879916,52_360
0.003998073955570368,0.07125659500074327,52_361
0.00584160220067694,0.05774819748304347,52_362
0.010136754761008837,0.056006423225673924,52_363
0.00325761949199171,0.04004396336910966,52_364
0.00726396321118247,0.06056348575281447,52_365
0.007896450623656211,0.03620472543922475,52_366
0.00945964766671466,0.07220209215264103,52_367
0.005788575965827025,0.06713840409331504,52_368
0.009172953409460415,0.055721442122086955,52_369
,,52_372
0.026151643781230617,0.10219921001209561,52_373
0.007527365880147479,0.05602361638852153,52_374
0.003909882643656374,0.07198210061077741,52_375
,,52_377
0.011456445736237456,0.1001098405020276,52_378
0.0026291114303429704,0.03527516874506338,52_380
0.0041772430501706105,0.1576322654589146,52_381
0.0019785392519135973,0.15686730740774116,52_384
0.011146880375897807,0.06865550324246113,52_385
0.004027344166737436,0.03368482256441529,52_386
0.007769757339125097,0.06037920546247183,52_387
0.003647396423037792,0.05537597899746887,53_1
0.006478339681150329,0.06680870896691332,53_3
0.008702012171350047,0.08331544564176875,53_4
0.0029795833451258147,0.23472773682719697,53_5
0.007606562439805939,0.12197191235783095,53_6
0.0035269295095702803,0.06559403035011069,53_8
0.004927196254685242,0.09706088839741564,53_9
0.002667048645187469,0.026498981155357423,53_10
0.002224970083141501,0.03987189055235608,53_13
0.006556717322435204,0.07728005844642136,53_14
0.014871971573830708,0.06785418695152362,53_15
0.003022674423397475,0.09361994413339021,53_16
0.0028747921333371323,0.048429298468166564,53_17
,,53_19
0.004723018754967207,0.17854546301999052,53_21
0.005111996141124076,0.11349755045674763,53_22
0.08721529712383308,0.13859828821603004,53_25
0.0032146614090381945,0.06871111504113918,53_26
0.002243223972201603,0.036586270769493924,53_29
0.0029989119488690297,0.05178929553787151,53_30
0.00400481147969884,0.0645278684159176,53_31
0.004202920818806248,0.07521882594096037,53_32
0.004545213835102631,0.08937621157542348,53_33
0.004858678850570919,0.07012215681006237,53_34
0.007151113607801354,0.09280172341858979,53_35
,,53_36
0.011124384458876087,0.1111843249094217,53_37
0.002519890569949083,0.060445848736957256,53_39
0.003734979486122216,0.04339309562889678,53_40
0.01210908838698381,0.18409713818724746,53_41
,,53_42
,,53_43
0.006416915079321096,0.08615091293675405,53_44
0.006484869456075399,0.1082393356772675,53_45
0.0036307917993681784,0.0910785726521324,53_46
0.00382308752984048,0.06805038560222966,53_47
0.003976103829094609,0.06930735672666927,53_49
0.006620828592993629,0.06115281932249432,53_50
0.0025585954208512834,0.05148792122794716,53_51
0.003256987919503068,0.04409844866344927,53_52
0.00352552394037532,0.04467116383325275,53_53
0.006944929600820451,0.06254129893374498,53_54
,,53_56
0.005757695660925912,0.08280835047932313,53_57
0.0020650954285881622,0.07730813734369156,53_58
0.003497133985736898,0.0987272840787636,53_59
0.021255840938169936,0.12756036313714897,53_60
0.018745409218121133,0.17612491831689508,53_61
0.008580549803896546,0.06108603298903998,53_62
0.02844615408639338,0.10852112054298275,53_63
0.010907059962057035,0.13509553055214477,53_64
0.0028787713213633964,0.04282096842927576,53_65
0.0036532083378652733,0.033707546655131274,53_66
0.012760615049270826,0.07318595429585281,53_67
0.019222049284642537,0.11575958854233806,53_68
0.029040460020464835,0.10934598644264977,53_69
0.007456250958340366,0.1047206677551903,53_70
0.004671753355719599,0.07471720514516657,53_71
0.007891906585504004,0.08709680590568734,53_72
0.0025824849629895053,0.05003107940952138,53_73
0.005111630190891977,0.1396423282978356,53_74
0.0017880210686288243,0.05646893365485512,53_75
0.011616460086165306,0.07034281722319537,53_76
,,53_79
,,53_80
,,53_81
0.01949308014663432,0.061990916860490505,53_82
0.002443173955961188,0.08174456524882515,53_85
,,53_86
0.0171293126360288,0.05437491942759319,53_87
0.001906951394011001,0.0726130077142415,53_88
0.0023317500985619213,0.03995526230530661,53_89
0.012573655158515313,0.08051393011206635,53_90
0.002006436370538909,0.05876539889013694,53_91
0.026033099607330953,0.11605013154103569,53_92
0.005681474455949803,0.03796185591297124,53_93
0.0034939197327708725,0.03576956981598568,53_94
0.003171059244099966,0.049988920915544945,53_95
0.008325553557888067,0.0733702873482601,53_98
0.004760635658166312,0.06109763725228709,53_99
0.0038162929366200794,0.06865843266188033,53_100
0.0023739314303939493,0.07776817654332656,53_101
0.004140911565987483,0.05027022885606288,53_103
0.008565711598527944,0.09832866221728799,53_104
,,53_105
0.006960119007898583,0.08557986831644103,53_106
0.009393934015610433,0.12543472163410313,53_107
0.01177320538943416,0.07554545984060514,53_108
,,53_109
0.005108157964967933,0.07210607297854313,53_110
0.004211880662807057,0.06215172145816682,53_111
0.0037009972298064834,0.08637410625713679,53_112
0.007273587864538705,0.08680166336679938,53_113
0.01295710705766217,0.12220299675544621,53_114
0.011681964175630907,0.07488838415300919,53_115
0.008280885036359887,0.05936509130642548,53_116
0.007931082754252201,0.0527277710280701,53_118
0.00705927997591878,0.08240809994291355,53_119
0.02052562679035385,0.02710295238000878,53_120
0.00737342994698938,0.08209534691468999,53_121
0.004218761161821228,0.1315600128593186,53_122
0.004469152200748169,0.056124408254666996,53_123
,,53_124
,,53_125
0.03670815202591771,0.16372117698594443,53_127
0.006816781304394442,0.0754025201042914,53_128
0.012335789014111006,0.12732733111661085,53_131
0.006853308576494593,0.20043158584226708,53_132
0.004345949421542686,0.10122195843257996,53_134
0.004073556068929221,0.08337410799258121,53_135
,,53_137
0.0025881587850791685,0.06977721317802951,53_139
0.022964431829414732,0.07016060270806551,53_140
0.014959574844516413,0.13061688005097163,53_141
0.0023819937093008197,0.06322759199039968,53_142
0.004453048491544403,0.041573130602933876,53_143
0.006617567176770228,0.06495927148783087,53_145
,,53_146
0.0024998600933222102,0.05001231608382501,53_149
0.002940119159040649,0.0762569351537751,53_150
0.0031585810799827016,0.05035666419100105,53_152
0.024298482005703628,0.15410781568530113,53_153
0.009026358089731401,0.06886510932993209,53_154
,,53_155
0.006027012020630296,0.19979221096988056,53_158
0.0017416113568198032,0.03626040083336052,53_159
0.006467489862943855,0.06560756378859539,53_161
0.008768705463355607,0.1612761677401273,53_162
0.014877218066472728,0.08111842606964517,53_163
,,53_164
0.00393796142221899,0.061443518042531745,53_166
,,53_167
0.0024560878774848582,0.04459673002321946,53_171
0.0023355378517346762,0.0566236729533672,53_172
0.004226870189731857,0.052812430853862065,53_175
0.019412609197064702,0.05935569454132159,53_176
0.005915713541678761,0.06755312699046798,53_177
0.0020425960925943964,0.13811091498385003,53_178
0.013773560277816673,0.0767432062105684,53_185
0.008958377225444677,0.06567748951052263,53_186
0.010986922605364472,0.07977658812841741,53_187
,,53_188
0.0035859145910255167,0.07929945208395953,53_189
0.003268925705527749,0.03632787403700699,53_192
0.007460919444206721,0.08690625744317702,53_194
0.004081240281757013,0.08003125645888526,53_197
0.0030404235942065733,0.09684345299559353,53_199
0.004553988557086437,0.07736906024465594,53_200
0.002315535362719865,0.04396210742502745,53_201
,,53_203
0.013274918510324226,0.14683944793759707,53_204
0.00830202155050502,0.08292402308739737,53_205
0.0049647846592424045,0.042287242217015186,53_206
0.0031837828505496806,0.051442025990601034,53_207
0.009472876199987048,0.09810937530777673,53_208
0.004313613151247037,0.0728379427299555,53_209
0.0029697997533858177,0.033885920125210585,53_210
0.002578338385576074,0.04633539692102167,53_216
,,53_217
0.007033693119614281,0.05166220993958232,53_218
0.0023659225051885038,0.040693873074891126,53_219
0.005138154690416593,0.09027012721280728,53_220
0.001870522971742163,0.057397704602720645,53_221
0.007697140320223383,0.06375562433297853,53_222
0.006091496911306234,0.09327000751907048,53_223
0.005213677436995155,0.09824814518042549,53_224
0.0038317505953541324,0.038879996056243656,53_225
0.0019750992143435894,0.0818763667068449,53_226
0.013510501945125673,0.10639265600240522,53_227
0.009066746561814719,0.11156665632527812,53_228
0.004771711875197329,0.08129423332669,53_230
0.016447381791076215,0.17248987735011193,53_231
0.004801527646638753,0.07356666672105937,53_232
0.00532512261847106,0.07284044473745252,53_234
,,53_235
0.013300179912350293,0.09929037637623055,53_236
0.00476170093656775,0.06448196852517749,53_237
,,53_238
0.007894283404993983,0.06385818854483707,53_239
0.007255125900233346,0.07118496160936073,53_241
0.004532203485085878,0.03802483678202558,53_242
0.0027509558656116134,0.054798750776766866,53_244
0.0036157023996421472,0.0579404980242943,53_247
0.003187951123831802,0.060014942721235164,53_248
0.003243333176334096,0.049541175142675184,53_250
0.008818593843383394,0.0627103059477043,53_251
0.006187517948039858,0.21630204938084974,53_252
0.009022364967955495,0.08688990255444404,53_253
,,53_254
0.01216679959362328,0.08389263732315383,53_255
0.003665911722742109,0.031030556795631714,53_256
0.006485964294657946,0.05478097252535422,53_257
0.028444650361328424,0.05892760358549709,53_258
0.002978771736898628,0.06055562528653263,53_260
,,53_261
,,53_262
0.0025932869184647485,0.1035356770847792,53_264
,,53_265
,,53_266
,,53_267
,,53_268
0.00595780319783331,0.05785656013518445,53_269
0.003083506438202511,0.04994771852872191,53_271
0.003512554957261372,0.034454343574482196,53_272
0.0025413879236547763,0.04824454240498147,53_273
0.012461473092126507,0.0970415056815263,53_274
0.005364162390287926,0.07832766115646528,53_275
0.0035607954679973694,0.04764810411918124,53_276
0.005002955831264976,0.04098530099820412,53_277
,,53_278
,,53_279
,,53_281
0.012369172376886901,0.07355776720967029,53_283
0.004531378245885099,0.04456034235751877,53_284
0.0032916420340093557,0.05804722387575215,53_285
0.005329296566345982,0.0814147543501027,53_286
0.0035168660716644617,0.09077491182930167,53_287
0.024418448736743623,0.17559103140601018,53_288
0.007220165042385038,0.09500510266867185,53_289
0.004724525489009928,0.03494947139760903,53_290
0.008847191474279793,0.06866130880824527,53_291
,,53_293
0.006317962498513334,0.06297460146206763,53_294
0.0038075229508308826,0.04393718796016601,53_295
0.004914456987987603,0.12634280401496129,53_297
0.005103101747029601,0.11839292304306026,53_298
,,53_299
0.0037250977158856256,0.05649404693233046,53_300
0.0033845383206199905,0.02535316844710996,53_301
0.009475898912067718,0.11203903512445491,53_302
0.013580715425051577,0.08527001906626872,53_303
0.006083141346631413,0.12883101772078312,53_304
,,53_305
0.004574688910529325,0.06865838331614237,53_307
,,53_308
0.01396156110894092,0.1004494986737408,53_311
0.012612124868983091,0.14291094905258508,53_312
0.005207031935005689,0.09762621848483483,53_315
,,53_316
0.004915883989862538,0.055097738269288,53_317
0.0017054034703051831,0.03664555039415184,53_318
0.008953224941890794,0.034590571700044835,53_319
0.004564872525708476,0.07034326194698234,53_320
0.0025456855683666357,0.10092120779154219,53_321
,,53_322
0.002481134523606779,0.025893432338592665,53_324
0.007823554019897318,0.07741042269307886,53_325
0.006848950815100494,0.06879155640135734,53_328
0.007818431160356114,0.049197902594116404,53_329
0.005245590101129174,0.10951106502422836,53_331
0.014538256657846027,0.07156491138105375,53_332
0.026088122121746514,0.16555827601047696,53_334
0.014854591229339577,0.0678476713509042,53_335
,,53_336
0.0037687109045996285,0.06225657414019737,53_337
0.006657311767247202,0.05499820891443371,53_339
0.005315785254907983,0.03420732825374137,53_340
0.008697432404080132,0.05723158118831202,53_342
,,53_343
0.007973889169384766,0.088838080873919,53_344
0.013578433804721053,0.12528611646411872,53_345
0.0025887098114703412,0.07084105086556483,53_346
0.006648600363150961,0.08417949411192693,53_347
0.00594750898656957,0.040567107860294126,53_350
0.008359979218345843,0.08807195560207244,53_351
,,53_353
0.0036814435208790673,0.0316405703984505,53_356
0.003243789393531173,0.03606631185170723,53_357
0.004389065172445768,0.05565935453397628,53_359
0.0044241476147743805,0.053432089435530926,53_360
0.005588574637931315,0.05961633417425247,53_361
,,53_362
0.004014217751804968,0.0637663869777321,53_363
0.005655499653432579,0.058670517961690684,53_364
0.0033057141777487783,0.07943262091897993,53_365
0.006124106230456436,0.12356113138583097,53_369
0.0030304631253943747,0.10028015516102329,53_370
0.006314061184381561,0.0902685583082195,53_371
0.002917237385206715,0.04572803424543897,53_372
,,53_373
0.01503315001619618,0.06959630361878406,53_376
0.0033866452602399405,0.06347272401591145,53_379
0.02066499869049042,0.1223902367084672,53_381
0.00385379360222651,0.06302445535983794,53_382
0.0035986554016207216,0.020093640625799433,53_383
0.0023180870531324216,0.02975066236472473,53_384
0.0039320427343746646,0.057437546751207456,53_385
0.05270237792072155,0.14353746388873015,53_386
0.005636794450136886,0.059761377013324485,53_387
0.007044428141279953,0.05253195873487096,53_389
0.0038680993338390556,0.10088823070238148,53_390
0.00632849444999005,0.07057086232422453,53_391
,,53_392
,,53_393
0.010848626548687765,0.10246921763529247,53_394
,,53_396
0.003852952736513984,0.03617964758335697,53_397
0.004172524040478177,0.054266532492879195,53_398
0.004311238796031211,0.10476526115797943,53_399
,,53_400
0.006075291035100781,0.0967141822890668,53_402
0.005281093364595349,0.061003352435348594,53_404
0.004454046664694429,0.061407511817382056,53_405
0.004986026644156547,0.0595170882995555,53_406
0.01089385579466503,0.08942470178720778,53_408
,,53_409
0.020485510085337697,0.09993376609328185,53_410
0.011815259436796444,0.06688326970280635,53_411
0.004835886618588614,0.04981313475044297,53_412
,,53_413
0.007246633968361441,0.08600084818070243,53_414
0.020472249414550434,0.09247173957611808,53_416
0.02477203030106341,0.16785069683990156,53_418
0.009222870503878733,0.0736311719930305,53_419
0.004677046958043159,0.140676224500313,53_422
0.00427920331730109,0.12369391275867456,53_425
0.0027036509909701186,0.05026416656411323,53_427
0.014685525742699958,0.09204182047666003,53_429
0.009510914494847028,0.08465077730474665,53_430
,,53_431
0.0035217315196939655,0.06132956183282647,53_432
0.003049421649307063,0.050893889131214815,53_433
0.011569673287782729,0.04476524897700184,53_434
0.011624754878988581,0.07571178178203279,53_435
0.020946882830451968,0.19104664441377397,53_436
,,53_439
,,53_440
0.008610388804834572,0.06778217355601049,53_441
0.004807294091822819,0.03803765660100711,53_442
0.002692130291696425,0.04390460244391538,53_443
0.004539619904906999,0.07624495094745112,53_444
0.004051179954532794,0.05212881560512503,53_445
,,53_446
0.004138898865048552,0.04972829828023657,53_447
0.008813733886929558,0.057133965265293324,53_448
0.006474867417288995,0.04080340779507905,54_0
,,54_1
0.009374302514537072,0.04624537779550073,54_3
0.011070181990815463,0.09354759184256603,54_4
0.00435927683562326,0.06425347474627888,54_5
0.007816242163047422,0.08449674732953562,54_6
0.002683974827794332,0.08255424858296201,54_8
0.0057662945651120665,0.047563844007925814,54_9
0.013611654665260825,0.005488754978538199,54_10
0.008555693593383972,0.06826377810476038,54_12
0.005082731405325223,0.04098542186127591,54_13
0.0063934418905979605,0.05513911872323984,54_14
0.008530579557382808,0.07719851105464648,54_15
0.0032404550755014703,0.03519108332392564,54_17
0.0029833951039323903,0.07971057245906456,54_19
0.004089924549023386,0.03922755223753694,54_21
0.0019389161092149229,0.05580834946269508,54_23
0.0019713838618384896,0.03677980419557424,54_24
0.003324541305091818,0.08179586849113793,54_25
0.003971183088386566,0.08594435210576012,54_26
0.00390870903398646,0.09843344643465674,54_27
0.004373802434858314,0.06731420286659832,54_28
0.00857748671978903,0.09027141502762592,54_29
0.003210175517249413,0.030265058630976345,54_31
0.0028270558804976997,0.0564564492789721,54_32
0.004248695573483961,0.053729140020631845,54_33
0.007690531949802036,0.10466129793840469,54_34
0.0028816670337645034,0.1060737641871271,54_36
0.018796638283048176,0.13535600985627982,54_38
0.005792373593773633,0.07339219211278923,54_39
0.008955218851232745,0.11371707456977541,54_40
0.003102724163554189,0.03254615516981321,54_41
0.0024701269366517067,0.044395757911107385,54_42
,,54_43
0.0042607419807612805,0.06331770320879873,54_44
0.005608596346312909,0.04266678284192439,54_45
0.005981615556475008,0.0627159076369896,54_46
0.0028621158160467386,0.037922406797253824,54_47
0.008245543477284501,0.061502784965010084,54_48
0.009847333038907417,0.1271942556144732,54_50
0.002232295396007145,0.04118223886698017,54_51
0.0018117704313568056,0.018531039171910867,54_52
0.002720360909412121,0.05364989262650856,54_53
0.003559935159973052,0.05634892741378421,54_54
0.009882768498073175,0.1037424805211509,54_58
0.00368877232071667,0.09838252782898214,54_60
0.0037789139108860103,0.03595596003463284,54_61
,,54_62
0.01192639978548657,0.06722407545208352,54_63
0.0027253732661166596,0.06213963860977235,54_65
0.0019051736173411405,0.0758103028252912,54_66
0.0022860369647889917,0.0827348381332701,54_68
,,54_69
,,54_70
0.019539566436665285,0.10710415630191099,54_71
,,54_72
0.013579556020528846,0.0833931166672875,54_73
0.0031222561841479962,0.049776957835060136,54_77
0.017490052662242454,0.07882019882750242,54_80
0.004137403989195786,0.0981006127655752,54_81
0.0053081353784395656,0.07533461983224461,54_83
,,54_87
0.002007877911130701,0.028727538556390264,54_90
0.0024548943203407765,0.06463158174623096,54_92
0.0037640134925915683,0.07699385793515356,54_94
0.005147726261321941,0.10870878285434175,54_95
0.0028621397491429674,0.09417400973301739,54_97
0.002628587206292159,0.05081898292371275,54_98
0.008980350973008462,0.09832994068120349,54_99
0.016534248107655074,0.34294562893762276,54_101
0.02581088787945215,0.07311233422880771,54_103
0.0023979207704117413,0.07238636942093986,54_104
0.00781780956102194,0.07221833397548266,54_105
0.0027652509609402244,0.07250246955058079,54_106
0.0024859275497069785,0.05598501094132392,54_107
0.006539622023817815,0.06962334816291246,54_109
0.017694404371743758,0.1121352721576179,54_110
0.004363174523077994,0.07088042123098146,54_112
,,54_113
0.002819452233807714,0.04773766968943546,54_114
0.004308376293679352,0.08747409035872217,54_117
0.009747969771332342,0.0867401863858928,54_119
,,54_121
,,54_122
0.005913860519928522,0.047642460211433056,54_123
0.0044344767243867525,0.1568024248353669,54_124
0.0049714925973735466,0.05415142316741508,54_125
0.007203902042274558,0.04523966063632721,54_126
0.0038016696490867107,0.039512125481082835,54_128
0.007497652125383927,0.10577122802348388,54_129
0.00426558035513937,0.06356775629840254,54_131
,,54_132
0.03130838180479575,0.10922326857983121,54_135
,,54_136
0.006585703727586635,0.08443347197835947,54_138
0.008700714231655023,0.049736192120269654,54_139
0.006350512730024474,0.04743050370582166,54_140
0.05510912291558567,0.10764127962830286,54_142
0.00668755573670809,0.051470189224112894,54_143
0.0033896093257300658,0.012642039588906126,54_144
0.004417863437946364,0.05987232969418173,54_146
0.004445265256714399,0.061180019169703795,54_147
0.0018683658746299872,0.052218791268250006,54_149
0.004361837356266047,0.03547970001442994,54_150
,,54_152
0.004139668550049484,0.04015436922040944,54_153
0.005841303340604304,0.04733516053059548,54_158
0.006566952021202715,0.04514284079008116,54_159
0.0057702235957944265,0.08433304707177863,54_160
0.0069143910361791254,0.0507277479654029,54_161
0.011401505365297647,0.06183762282557913,54_164
0.013163442043945792,0.07887394003407751,54_165
0.0044694686579774675,0.0496911809857499,54_167
0.012094559065337055,0.08040753220869586,54_168
0.004635806107944762,0.05152764862598439,54_169
0.013252410992111474,0.08938639638239348,54_170
,,54_171
,,54_173
,,54_174
0.007459319974623806,0.06953789391759997,54_175
0.00985776395587647,0.0815742539618962,54_176
0.0030047718479168494,0.052030296362090264,54_177
0.004037110323250727,0.037945686954296516,54_180
0.00489089637299862,0.11433214151714234,54_183
0.015276892791579719,0.1225584542580805,54_185
0.0029191232216622576,0.04573945710273122,54_186
0.006677495355283729,0.052262503336891315,54_187
,,54_188
0.00550276147967069,0.056968209807430226,54_189
,,54_190
0.013394645428212617,0.08188457421790665,54_191
0.009795237022883827,0.07414109365604346,54_192
0.00926467408521016,0.09862267150324623,54_193
0.01187773671156707,0.05207596000040824,54_194
0.018379227107844995,0.17297130574093766,54_196
,,54_197
0.0034893651191031843,0.07549750410154468,54_199
0.010777962874764707,0.06315960306325306,54_201
0.0352743975328608,0.1799494442279442,54_202
,,54_203
,,54_205
0.0032011792380655228,0.05754639233985475,54_207
0.0030778798562427576,0.034528991251048274,54_208
0.007229998451205932,0.06242047673429685,54_209
,,54_210
0.0033297984101758288,0.03306127292872554,54_211
0.010376356313091214,0.05518547341043154,54_212
,,54_214
0.007959748035297606,0.09741121218539708,54_215
0.002803414937315908,0.04491428100016926,54_216
0.0029489928418832624,0.030636266159545116,54_218
0.0019239383109438811,0.03850495197394847,54_219
0.004270662384546345,0.07050710295244735,54_220
,,54_221
0.002722762401771972,0.028703590081877697,54_222
0.01446610641096582,0.0782149956871996,54_223
0.005132053437937122,0.10305944968085227,54_224
0.012265071618812698,0.0665912597571539,54_225
0.0031356731438338887,0.05327228528590328,54_227
0.006089821986139569,0.07820830171620698,54_229
0.02549762166875588,0.10045490108019414,54_230
0.007413632459768951,0.07957018385156826,54_232
0.0027482103282277797,0.05637796608314466,54_233
0.005750907184609672,0.10225529607376652,54_235
0.011942806964879966,0.11958094240322852,54_236
0.010489192413418134,0.08208059686450128,54_237
0.0030694363008557943,0.08258974594394056,54_239
0.003664168269674661,0.04699417990084919,54_240
0.0029629528562783716,0.024329166403121504,54_241
,,54_242
,,54_244
0.010571359812829232,0.10939940199654381,54_245
0.004555999813523557,0.04301981581856292,54_246
0.011017754422329171,0.06476634164005216,54_248
0.004078826654773357,0.10954213084223778,54_250
0.0048884105375180805,0.06799015603163894,54_251
,,54_252
,,54_253
0.0025037542200617635,0.029772878885336748,54_254
0.008406307725618378,0.07307966328621243,54_259
,,54_260
0.00764472915719856,0.04484812224653195,54_261
0.0041078631286905485,0.08637099311778809,54_262
0.002640232197446124,0.024282686880592534,54_263
,,54_264
0.0073774451834988965,0.08814611577000293,54_267
0.016306545996788994,0.14203315885223936,54_269
0.0032778266838310883,0.04157697610079207,54_271
0.014514371538012865,0.09097296567261655,54_272
0.0075034689602772,0.05066034724059509,54_276
0.004757884794808728,0.1348283510625909,54_277
0.0024169072646546457,0.06847166689211381,54_278
0.0031822406846769356,0.06649421567724216,54_280
0.017238760670018116,0.06586756793560065,54_281
0.013692941574508798,0.1343957812715458,54_282
,,54_283
0.008258398390888896,0.0464892191782727,54_285
0.02578683059367011,0.15059339545624692,54_286
0.008037235591342512,0.06426764299540191,54_287
0.013965863019434746,0.05833785330832,54_288
0.0044897582820606395,0.07203996145803561,54_290
0.006151650373740952,0.11008130924303275,54_291
,,54_293
0.018348775296693414,0.0667741315263842,54_294
0.003204129417975659,0.04414200856965462,54_296
0.004639047079735401,0.05414563543439693,54_297
0.001647173867489666,0.027392337263898288,54_298
0.003131545526513,0.07787846986603762,54_299
0.016476218219794857,0.1296083100073396,54_300
0.0022736753377201424,0.09925139729678133,54_301
0.0014100190374386867,0.1627837104499518,54_302
0.02172962932227731,0.15737201419480917,54_303
0.01798639194739466,0.15831170287568438,54_304
0.01418817997652145,0.10154974245209167,54_305
,,54_306
0.005217933785760176,0.055185121144815844,54_307
,,54_309
0.0039392654595854035,0.03843980963336721,54_311
0.0035088083764902873,0.031950873350613175,54_312
0.007724372172378564,0.05154691404862008,54_313
0.0057619472215656746,0.09683644876255298,54_314
,,54_316
0.007849593528539287,0.10987932219415865,54_318
0.002596814208539162,0.05203755575455739,54_319
0.0051459952015516204,0.1408398093863971,54_320
0.003985769743202852,0.10039419141908656,54_321
0.004670702545388143,0.08420837481488512,54_322
0.02153877238254642,0.09789759369788954,54_323
0.014438496467838822,0.12717937743928986,54_324
0.005599628428312089,0.03790822911053109,54_325
,,54_326
0.007948430077600117,0.052666502235124216,54_328
,,54_329
0.008449082604541056,0.15415744713264495,54_331
0.005690808693429716,0.04591787168002529,54_333
0.005427083414721405,0.08038648515496669,54_334
0.0057589855116336975,0.07147022984363029,54_335
0.0034027582893273434,0.08417730363178251,54_336
0.005552622208180796,0.07402205142967323,54_337
0.011816835759234437,0.10276680795244177,54_338
0.010462973642831198,0.10181563015238806,54_339
0.015053209165842544,0.14009494039550738,54_340
,,54_341
0.007832626541440768,0.097755844030832,54_342
0.0036960080192717706,0.03362374018166309,54_343
0.12410788711747163,0.17566826371552832,54_344
0.009567364819715693,0.10164485719116564,54_345
0.004050548604218455,0.053625239684713936,54_346
0.011552794647774475,0.05132610420090593,54_347
0.015142596351118115,0.12255397509840757,54_348
0.0018011985393742802,0.060355266073271005,54_349
0.00792740003429919,0.04576162859566727,54_350
0.005042262865640769,0.05915321586587637,54_352
0.006234626231049504,0.04650306263526596,54_353
0.008831489516460848,0.1326114964384356,54_354
0.023039236299564243,0.04280453893695915,54_355
0.004935901540803278,0.05908961823885877,54_357
,,54_358
0.005772866713174547,0.12702198951089472,54_359
0.003352811060484644,0.12595147496825104,54_360
0.021347795362685155,0.16151148402546023,54_361
0.005402070910043129,0.05468632612526327,54_363
0.006186132367327215,0.07231478572367908,54_364
0.012218824188570595,0.17122637434882637,54_365
,,54_367
0.0037463626670759076,0.04465656410191222,54_368
0.010744998024897166,0.06490513834468724,54_369
0.014696569223182823,0.052105620612029564,54_370
0.003749993440229306,0.08089806740613105,54_371
0.0031224458044416237,0.06340872012179825,54_372
0.00335365774222471,0.10676913849884462,54_375
0.009311537994631585,0.030341963795219525,54_376
,,54_377
0.023614566077287624,0.07478888339070693,54_378
0.004420969050963447,0.0532838460167971,54_379
0.008503579981853535,0.14252109403991003,54_381
0.014622920916262435,0.09003635617111498,54_382
0.003424092210608544,0.08169323588790482,54_383
0.006901066120949536,0.10339417051752825,54_384
0.0027939393100203935,0.17294617738272766,54_386
0.003639300876518258,0.0643223238194278,54_389
0.0008415069031160417,0.1385175308123634,54_390
0.002229092489667223,0.03394378916560283,54_391
0.00411904035899937,0.059387180919162764,54_392
0.006468436526368975,0.050167639434498076,54_394
0.002985077006430375,0.03144128393132526,54_395
0.003471346216097325,0.027074605493344422,54_396
0.008045502212104058,0.07349608545834582,54_397
0.0063046120595490925,0.06370456562337079,54_398
0.0031218621794379866,0.034532185421709855,54_400
0.016904334485094624,0.08162677990203329,54_402
0.007240164893149864,0.07202885530786036,54_404
0.0031281612296419846,0.06193111406995609,54_405
0.02710327678787141,0.04913546846314978,54_406
0.0023629104251953596,0.0437157288487994,54_407
0.00496018850546343,0.049289904410460716,54_408
0.014434535280696935,0.10247013027319703,54_409
0.007726230116783042,0.08930602247275131,54_410
0.00564991650263757,0.11195960722126919,54_413
0.004971717928073806,0.07996537621337585,54_417
0.005716585987838253,0.03604022721844025,54_418
,,54_419
0.008873498050537313,0.11163928514316476,54_421
0.0070421890252628,0.13797221095741236,54_423
0.011007596166539147,0.08706229871405417,54_424
0.0037543380743677245,0.07396890544187928,54_425
0.002921122811938765,0.1512469488816362,54_426
0.029263725044364027,0.07352495464535846,54_427
0.006282540046017348,0.07889949690462425,54_428
0.004425652416598609,0.09682515520202103,54_430
0.005368485883899717,0.071102176183636,54_432
0.014396283692810766,0.11490558753555552,54_434
0.00896211419744214,0.12749378523440721,54_435
0.00859793893485374,0.0699513118285994,54_436
0.007833758225724793,0.07347568937152867,54_438
0.006057706194759322,0.1052824708970978,54_439
0.005995784360906006,0.05760989521521851,54_440
0.004449300679473688,0.056199594277054093,54_441
0.003772367815549698,0.04258536368378732,54_442
,,54_443
0.024515006807380016,0.1349982745395224,54_444
0.0025810426784199088,0.04915754014503008,54_445
0.003123061116390944,0.1669453347137232,54_446
,,54_447
0.005824911405912758,0.0337397600428261,54_448
0.004263209204566167,0.1674308228380278,55_1
0.004117810376927431,0.07925005418036109,55_3
0.005693711696515359,0.08018248772710006,55_4
0.025400348003063334,0.07044140862599373,55_5
0.002324500841262505,0.08585688263624863,55_6
0.004527556273615241,0.07114894700350866,55_7
0.0030993279817501983,0.07032784787754649,55_8
0.0021139541358115377,0.1399475334140662,55_11
,,55_13
0.007202756458827354,0.06899453707472877,55_15
0.011180743267108622,0.054495288799209486,55_16
0.0015542446449691826,0.14062327655297088,55_17
0.0037085752379682315,0.0881121325550885,55_18
0.00334604607895338,0.05135481786105161,55_19
0.007198535132692087,0.07146025947170381,55_22
0.010517065992877885,0.14952817048077535,55_24
0.006209606247669785,0.09836945744569389,55_25
0.005793351678663545,0.08026843985851073,55_26
0.0019995473161309204,0.08936109972974507,55_27
0.00330346915597527,0.041960986971793804,55_28
0.004094176456778345,0.07092721068701517,55_29
0.00374537775530446,0.070464204120016,55_30
,,55_35
0.006650004631833695,0.06497311680820866,55_36
0.035772112179634295,0.15817885698342596,55_37
0.0027289183967283193,0.12830740298672882,55_38
0.002006266235160529,0.030736024133525844,55_39
0.0033719370650591276,0.04642185112551042,55_41
,,55_42
0.00525176459833153,0.06609997580195114,55_43
0.0029659291631413914,0.07256377725274415,55_44
0.002828430559326343,0.0707617138415927,55_46
0.0016327047450984933,0.042300534876701656,55_48
0.0015914549040052912,0.018647256052973803,55_49
0.005654644570328062,0.05343937574544772,55_50
0.007901215664513933,0.10388263262066229,55_51
0.005553675833183461,0.11402201564278754,55_52
0.0059804325645438595,0.0717761978175063,55_53
0.005310726974888968,0.12338310676523409,55_54
0.012269596125723859,0.11500253405632087,55_55
,,55_56
0.002001646531832758,0.032714614114268147,55_57
0.007843403230585792,0.06364328078987647,55_58
0.013163808682146273,0.10319761207735625,55_60
0.00398897066247537,0.0424619274804872,55_61
,,55_62
0.0036981057971255784,0.06792402084370698,55_63
0.004608895223418578,0.048263276796637736,55_64
0.004278081480142844,0.06649863232389341,55_65
0.0030809813675827294,0.06084659818960465,55_66
,,55_67
0.0053271517360652275,0.06614584564417833,55_68
0.0015343623561985095,0.07172547835372743,55_69
0.004444408836959514,0.038500234232991724,55_70
,,55_71
0.013326211051569281,0.1749425660827093,55_72
,,55_73
0.005014205085821061,0.13457604551168126,55_74
0.005950161729343127,0.1855107695029302,55_76
0.004182148688025589,0.05708273884047927,55_78
0.0019013252936509878,0.10304221338413014,55_79
0.005499341350832184,0.07894435644568497,55_80
0.0034097215171440733,0.05228267035739159,55_81
,,55_82
0.0021533752691342053,0.052048631284935386,55_84
0.012820775505775473,0.16812222887554848,55_86
0.012691444834865694,0.07082124774874635,55_87
0.009792094822453511,0.07757349535379074,55_89
0.002624308098865238,0.029111898676015248,55_90
0.0024731643739961976,0.02242085895383485,55_91
0.02147860694047345,0.06081604254452692,55_92
0.006201927451904833,0.09145258795648695,55_94
0.005915917126879171,0.08203968824917429,55_96
0.002872134801837057,0.04856843190939878,55_97
0.005783995667509301,0.07557267226766917,55_98
,,55_99
0.005493447516446103,0.10834427772924395,55_101
0.0031022256315714637,0.05474843975897571,55_104
0.005768521123345655,0.07236908688356529,55_107
0.0024686766339760123,0.055271294276775,55_108
0.02308273600713904,0.2856980990135944,55_113
,,55_115
,,55_116
0.0027556926459919445,0.052159892092322906,55_117
,,55_118
0.0020938577678448573,0.04686164877250741,55_121
,,55_125
0.003133832573913974,0.04876859706406288,55_126
,,55_128
0.004013434445677632,0.13384945370217757,55_129
0.0037365779582574383,0.07602144562968773,55_132
0.004028031992755549,0.06740655138910218,55_133
0.012746269019656208,0.0878137388081936,55_134
,,55_136
0.0032594733180940864,0.05748271593553365,55_138
0.003794015945075285,0.05587981681436053,55_139
0.004527597605307116,0.059708598020475574,55_141
0.005900164791659098,0.15513867218459,55_142
0.004602909275839515,0.040491769347741645,55_143
0.004657116566591877,0.07065106892482788,55_144
0.014029378075246238,0.10187622534351937,55_145
0.009124581418994797,0.050809452768350416,55_147
0.00518726158222076,0.0521249959648322,55_148
,,55_149
0.0027592120609237734,0.05441609532646929,55_150
0.003367800108015523,0.04670845212311111,55_151
0.0038685513415053145,0.10197123511288188,55_152
0.0013856573915305068,0.028919049590355513,55_153
0.002959910919513775,0.05492225458170746,55_154
0.010212182364940653,0.09673299755682366,55_155
0.008134529074845681,0.0713733678417536,55_156
0.015204983046639517,0.03704173998105984,55_157
0.004854392749335236,0.07064118576846418,55_158
0.01173823973969947,0.13172606833471154,55_159
0.01825508930168518,0.12162466422942654,55_160
0.0029563080185654594,0.06433216682009649,55_162
0.006102006530018522,0.07931250855393453,55_164
0.0023893082491665022,0.032330560230169836,55_165
0.01766899448929454,0.17388553437738796,55_166
0.006485750889930967,0.04884828251770096,55_167
0.008372573153928045,0.10864626938873287,55_168
,,55_170
0.003987428271823041,0.06756243835904335,55_172
0.017846903574742164,0.08343722189631911,55_173
0.006612234895095104,0.11977075211990205,55_175
0.002045206469407187,0.08300043773820821,55_176
0.005002631431516532,0.07754481437636002,55_177
,,55_180
0.015140346416826564,0.05949366801102889,55_183
0.003642302528104104,0.061802339877196424,55_185
0.0452910093073653,0.1415879541198839,55_190
0.00271950345063898,0.07387741153565892,55_192
0.009643117342282476,0.06346551684369506,55_193
0.004179563824826554,0.05160566327396572,55_196
0.003577947037084868,0.19833453601702747,55_197
,,55_198
0.005609322873588942,0.044761592753594405,55_199
0.002723344282204019,0.054730790170727364,55_200
0.00414319027557256,0.05465080998308343,55_201
0.007755105680587768,0.059239431717287336,55_202
0.004765103903289274,0.1273606898477626,55_207
0.005455893940422816,0.053298770597924434,55_208
0.0023948357425863285,0.0361819164776564,55_210
0.010006679648686574,0.06383133581057367,55_211
0.0041804618889058325,0.08817501521301013,55_213
,,55_214
0.038273028769762754,0.2106926269477012,55_215
0.003329596560559621,0.08719986786603705,55_216
0.008173177132669799,0.057983907631235655,55_220
,,55_221
0.003955989120385529,0.14962530441545746,55_224
0.006971797325971736,0.09139247499445542,55_225
0.005574059239344639,0.06622396469604781,55_226
0.0040854797137702134,0.08294821965660802,55_227
0.011580554156074238,0.05831382202546909,55_228
0.009630240310268934,0.1324785413606859,55_230
0.007056540454911094,0.10025865798614858,55_232
0.004208286392625649,0.10165482293264108,55_233
0.007808140583868009,0.12936866102751116,55_234
0.007600519590790256,0.08385079007734708,55_236
0.005728332717672791,0.08733024875278274,55_237
0.004526402930927991,0.12494400676707876,55_238
0.0074153453854027135,0.07184408929367733,55_240
0.0024143838504532772,0.04907047160500662,55_241
0.010246300730863304,0.07903916294349107,55_247
0.01780191920760874,0.09963150938325942,55_254
0.004392063442350188,0.09408561798129243,55_255
0.005213846905425109,0.054081658439378746,55_256
0.0019647010981870723,0.08502297245624546,55_258
0.010922943398792233,0.11916821844507677,55_260
,,55_261
0.023468912247247807,0.092536063250122,55_263
0.010089407694659323,0.08357317793171207,55_265
0.0017287082565842918,0.06656650575641591,55_266
0.0016606306474003481,0.06776609200192546,55_267
0.003730514315709173,0.06562390750396419,55_268
0.007455254720840936,0.09880234047730306,55_269
,,55_272
0.009958887322814724,0.06243798561224472,55_273
0.0064083513338392215,0.12969779528212044,55_274
0.006445400884342578,0.0818491067022622,55_275
,,55_276
0.00713707472382894,0.06321789357516598,55_277
0.003817657029510063,0.04783523531355414,55_278
0.00456537391915825,0.038106425072337774,55_279
0.00443513592703104,0.06762857756337329,55_281
0.0041684176583660255,0.07974962647471875,55_282
0.01755731558212008,0.06481462606657899,55_283
0.011200097162733161,0.10827724678648698,55_286
0.022677785083350357,0.07933555462185181,55_287
,,55_288
0.007771016894437123,0.09318734842752151,55_289
0.006562737946566212,0.05882147746047771,55_290
0.008680401423600423,0.10610085476965787,55_291
,,55_292
0.005156283380784921,0.07440055966487683,55_293
,,55_294
,,55_295
0.0031873884114096258,0.07243891962010407,55_296
0.0023860860001916058,0.06499947088858378,55_297
0.049764269292074344,0.17574722815158886,55_298
0.0018281486857732862,0.024311612037063394,55_299
0.006239559315246478,0.10027641324626166,55_300
0.002359746792518263,0.04843454125596693,55_302
0.004270839414979726,0.05460623871439925,55_305
0.00522057685412414,0.03637669481397072,55_306
0.0014704850104847208,0.10429876648593857,55_307
0.009441731127552259,0.06258984903536975,55_308
0.0019715442620418847,0.028007084753498546,55_311
0.014511271083869985,0.08819561604098891,55_313
0.005683860535058268,0.07272720807483904,55_315
0.0141292559065723,0.12134495794985597,55_316
0.007662739639206727,0.08033771202314317,55_317
0.0026193754703045216,0.04051909483029241,55_318
0.009333840029047965,0.09784198654284458,55_319
0.0027027392387955003,0.06439522631459334,55_321
0.005345635909659643,0.05043081495950356,55_322
0.006134694139674937,0.10539140599705611,55_323
0.00825328367577456,0.041834283891056014,55_326
0.0023661646709830287,0.041171246939653156,55_329
0.006130978511887384,0.051739376434853594,55_332
0.0050507005525685785,0.08415509630025654,55_333
0.008042462615983221,0.0772531524655755,55_335
0.003250635378714423,0.029587750857960046,55_336
0.01447064676865436,0.08950887346478224,55_338
0.0045826495088229936,0.043655744570171344,55_341
0.008215737713092013,0.06890435816147537,55_342
0.0028465202903447105,0.08923208436090284,55_344
,,55_345
0.006532949529395383,0.07167084622863622,55_346
0.004076214971259822,0.05549135540996385,55_349
0.0054011311945953615,0.08923605967851889,55_350
0.0025129149220333947,0.061359416457210984,55_351
0.003991392542871714,0.06028182009053677,55_352
0.008644816093938463,0.0821990834943739,55_353
0.00790213454954594,0.11119333984091087,55_354
0.002090527611414892,0.03546548878372173,55_355
,,55_356
,,55_357
0.015741063804101455,0.17579533351593934,55_359
0.0034681821024058236,0.06921829633186818,55_364
0.005560022547348179,0.06731577615106216,55_365
0.004498900711562307,0.06643780484081185,55_366
0.008719727683510523,0.07348593580985423,55_367
0.005423116849080909,0.12278615404187002,55_368
0.003444620111967523,0.06941983046791445,55_369
0.006875449877371308,0.06454215488791057,55_371
0.008598350467778817,0.08872556753401133,55_372
0.0035124322870621486,0.04073281863049261,55_373
0.008523013068214373,0.07929595730011356,55_374
0.009180913860739938,0.0723534720779347,55_375
0.002052979329396075,0.043919014120651065,55_376
0.05798715396381434,0.03693010133918781,55_378
,,55_379
,,55_380
,,55_383
0.004005672084491546,0.046311594124719496,55_385
0.007794150632266254,0.09169524139772398,55_386
0.008889462239209547,0.06211115499206723,55_388
0.005321724981191201,0.057322039629888945,55_391
0.003605586726291982,0.03115083070569885,55_392
0.029286274382721807,0.11608030707238094,55_394
0.0030774223926048412,0.1378522528266768,55_396
0.014704516910052227,0.08529866527734441,55_397
0.0028969441054075063,0.04626055844891089,55_398
0.009482281979009225,0.050071930973941685,55_399
,,55_403
0.0418135266582932,0.12481199497095559,55_404
0.010761348237110871,0.049229054488276344,55_405
0.01735586258907247,0.03219934595343967,55_406
0.005418365832700988,0.08895568351564541,56_0
0.006867453087712265,0.13235464064228578,56_2
0.0060802644764428055,0.10212293360614609,56_3
,,56_4
,,56_6
0.002762108044147742,0.0692493671248362,56_7
0.0043832715158562295,0.08436458866492043,56_9
0.009870810948815246,0.09596566665393763,56_10
0.005280976823660095,0.06178088879599259,56_12
0.004576646638032885,0.09821582428232675,56_13
0.003877010705703683,0.048213034243732,56_14
0.0024024819977671442,0.02545512806104031,56_15
0.002410028650866139,0.07844947481924501,56_17
,,56_18
0.002073357832598269,0.03939292846007435,56_19
0.00225702901751806,0.03994094631403843,56_20
0.00316470126230298,0.04312298468171588,56_21
0.01021551490330478,0.15084549979928594,56_22
0.004996783750638662,0.04492053124725696,56_23
0.002726673575491091,0.06281244683738271,56_26
0.0033863723152028347,0.07543983285507068,56_27
0.003966534860317485,0.08548643564664812,56_28
0.014981302308690903,0.1781323307065305,56_29
0.009713537763311004,0.16213108409747717,56_30
0.009537348124106941,0.11364322595733269,56_32
0.005244579581347048,0.16877343850373708,56_34
0.004139755758651502,0.05430225880889926,56_35
0.005093188994817992,0.04601978946531473,56_36
0.005317736958770163,0.07821589118949196,56_37
0.015700364529433714,0.18135509669135802,56_38
,,56_39
0.03164144657667511,0.06268589254007605,56_40
0.030002762670797312,0.06344172074760064,56_41
,,56_42
,,56_43
0.004460192316685048,0.06927968608591037,56_45
0.005888436879586295,0.05144731890205941,56_46
0.014250633649167779,0.13098214821909987,56_47
0.0038933367276447394,0.039548073317663204,56_48
0.028031586411692615,0.10001301806731973,56_49
0.00764733862135582,0.08256246149691675,56_50
0.006395042417747542,0.06852578082889481,56_51
0.011182777745090366,0.0943695086189066,56_52
0.0030662725255879877,0.05254117576422964,56_54
0.0020727506129412034,0.0379151370115039,56_55
0.008854537252318134,0.11489311517979985,56_56
0.004419600076758011,0.07048999396321269,56_57
0.005366638939545347,0.046922203858180696,56_58
0.002297745484486174,0.03773800485198,56_59
0.002812487550143138,0.04778207118671753,56_61
0.008963755886204683,0.06823947475749254,56_62
0.007364772412451275,0.07289632965732788,56_63
0.0032761061699721475,0.043170836701654135,56_64
0.0070528616259105045,0.14124095549040055,56_65
0.005850254942007762,0.07316674309600248,56_66
0.0034429916548014347,0.05677568349713739,56_67
0.0030888879857257196,0.04313476001451266,56_68
0.004727044054476087,0.062408179343487524,56_69
0.006363311188278357,0.08733995899734988,56_70
0.006736802971781776,0.07880628812225914,56_71
0.007090920558602196,0.0734039200987895,56_72
0.012172125951523045,0.115684661643778,56_73
0.009090429117804284,0.06461957614893397,56_74
0.0040398762141718916,0.06690965329407277,56_75
0.003669004887331055,0.11726518902705003,56_76
0.0031416125602970113,0.04993825829819596,56_78
0.017121013723437457,0.10018328133304541,56_79
0.00748725507650637,0.06367289481509773,56_80
,,56_81
0.0026584239051828337,0.05029686877454894,56_82
0.00613141125582009,0.07030994098201436,56_84
0.0026696041966590917,0.03417083139760519,56_85
0.0048849592600035945,0.06113424433827269,56_86
0.003337279517341817,0.08303805432161575,56_87
0.01126599804842633,0.14576056887596975,56_88
0.007121982035957754,0.07482744372189731,56_89
0.002836134209481558,0.04577677281408295,56_90
0.002623231257850609,0.05892882254651945,56_91
0.003409427376660277,0.04739994914876614,56_92
0.008482056416354031,0.08561703213104332,56_94
0.004011481592314213,0.043095019170348255,56_95
,,56_96
0.0018461038423354813,0.04536240976000326,56_97
0.004486389645836629,0.055779004526625015,56_98
0.013640088645497716,0.10793018244300942,56_99
0.0032771055277292086,0.07026091620960861,56_100
0.01697161425564935,0.08305522057440881,56_101
0.002972755822317382,0.041813612994728154,56_102
0.004958508167345117,0.0486683252244224,56_104
0.00607668473699518,0.08899479339608897,56_107
0.014364306907906814,0.06890391698071288,56_108
0.0033397908369951026,0.09150659528222557,56_109
,,56_111
0.002705717813371609,0.040802259157761506,56_112
0.013044943019979834,0.12248352050078523,56_113
0.0032187114139852198,0.08380146916430486,56_115
0.004986269313622021,0.05433249993369256,56_117
0.002624799489576018,0.0216700431604593,56_118
0.003443131090715889,0.05707072997603902,56_119
0.005183021335796937,0.10288110787484764,56_120
0.005136059308185335,0.19660400474648826,56_121
0.006487167663217901,0.09257991111432745,56_122
0.026325333086795855,0.18281004939392206,56_123
,,56_124
0.0028236116594249736,0.05039822822417959,56_125
0.00443920377066753,0.0559479362884369,56_128
,,56_129
0.005120576457825316,0.04915047420997025,56_131
0.008141546303782384,0.12534016269703782,56_132
0.00604330246234974,0.13388106190744506,56_133
0.003066236406501184,0.042709165356249953,56_134
0.0023387711669152194,0.03648587612153013,56_135
0.005772895161374677,0.0628033831754569,56_136
0.005165219420391709,0.11390366963029525,56_137
0.003487414873040452,0.07194319950375332,56_139
0.0064356624281347325,0.05851404027366358,56_140
0.009298033481690861,0.08240263433713481,56_141
0.0034171722688306778,0.07261824956516955,56_142
0.004552217321721856,0.1444829611040831,56_144
0.007420294158007672,0.07666962584095628,56_147
0.006222295668493082,0.09076390271243272,56_149
0.0028264463074132063,0.03946868645731849,56_150
0.002603248486415308,0.04921126479990989,56_151
0.0032357526958750227,0.04726590504298375,56_152
0.004308910744078181,0.05850014874916312,56_153
0.008690164046496153,0.060963214650545966,56_154
0.0039296973509928305,0.07581866753219542,56_155
0.007690895396026489,0.050502071387684845,56_156
0.00884817350511085,0.05295624855677875,56_158
,,56_159
0.0022068744791732702,0.03685835274544548,56_160
0.004480394836783692,0.08388078779833588,56_161
0.004568216856346694,0.12993327393338064,56_162
0.008900427900176571,0.05699443424000836,56_163
0.0016081247582613485,0.03788188044094744,56_165
,,56_166
0.00583794979127626,0.12754949714330394,56_168
0.005524822672827526,0.07917393371136751,56_169
,,56_171
0.006851295243522815,0.0678577886823763,56_172
0.014233179449754448,0.10678338035744685,56_173
0.0023454327365567173,0.026126866670561293,56_177
0.006967427795790025,0.108825403750134,56_179
0.005553420452045492,0.09196587812387916,56_180
0.08444645965056378,0.20710404156092402,56_181
0.003244622417663191,0.0582545432007908,56_182
0.035827953073198734,0.22965157227950425,56_183
0.007633235692095531,0.09652161963158301,56_185
0.0025462190018397924,0.08576001193203973,56_188
0.019157104129451125,0.07132295578352839,56_189
0.004544833987017008,0.031113726914564124,56_190
0.002156100296398349,0.04144425366934591,56_191
0.004042070087820308,0.058431988304060406,56_194
0.0018675563361661683,0.028286729291613997,56_197
,,56_199
0.005325966880897174,0.051282676217092066,56_202
0.011581913899521889,0.10237925549726404,56_203
0.004768364915679615,0.029879503141489887,56_204
0.010956510215103141,0.037952819777154076,56_205
0.009661297312296395,0.05651227718094951,56_206
0.006233691874787312,0.09161562224251364,56_207
0.010168505138820989,0.07150772747979983,56_208
0.011633347299942004,0.06007692491758243,56_210
,,56_211
0.008816056699762572,0.06610424222537774,56_212
0.005193540566392312,0.07597975607305014,56_213
0.021019626881172187,0.1354204212539674,56_215
0.008158469686591301,0.08460629535445663,56_217
0.004716079048292658,0.12944918862011678,56_218
0.002246326462228976,0.0890714492992884,56_219
0.006628838011672983,0.13634843931343998,56_220
0.007266612450794126,0.040986910771131216,56_223
0.003796441087184544,0.061996430902627846,56_224
0.004218134423683779,0.06615382895241272,56_226
0.007353291632236649,0.07727092116532835,56_227
0.008571878227989453,0.07487003125111377,56_228
0.002987337101370419,0.0656912852550787,56_229
,,56_231
0.0035984133568234327,0.15336840334807014,56_232
,,56_233
0.09515723747019238,0.14766198986025209,56_234
0.02530654934945098,0.09789236381212746,56_236
0.00985017866277965,0.07414767957644806,56_237
0.00534933474043508,0.08344209762887506,56_238
0.01672031144672325,0.170539111233237,56_239
0.0036193232989825113,0.0746472567444754,56_240
0.005308203666012787,0.05410208963264349,56_241
0.0073031379055407035,0.10722579286742086,56_242
0.0063193637843031066,0.10547200534030729,56_243
0.02991127043861564,0.11363376489866518,56_244
0.0037201591287337127,0.02921829476920996,56_245
,,56_246
0.0032040910984307324,0.11318542752899761,56_247
0.004990699534659419,0.10347245701960615,56_248
0.004820931945812749,0.07521658957189437,56_250
,,56_251
0.006587285069685315,0.09383107990813026,56_252
,,56_253
0.004302659573870735,0.03862563613767578,56_254
0.006371252398585544,0.09346049756931891,56_255
0.014061496127255496,0.05053148461125925,56_256
0.002295267330669233,0.04598366699684048,56_258
0.0034234124477685915,0.09103496966752418,56_259
0.015949589610329197,0.12121591046434034,56_260
0.006555686175517864,0.050780628992042394,56_261
0.0197684400892257,0.07739528935442357,56_263
0.004328306363592072,0.0663654712512086,56_264
0.008114139972056133,0.09480660389294902,56_265
0.003097640825927553,0.0694339107311401,56_266
0.00786357216058737,0.04454730772665662,56_267
0.00541712720225991,0.1530716162598505,56_269
0.0032131842899830714,0.037016408877902876,56_270
0.004204410815982766,0.07506459427100512,56_271
0.003434587275696546,0.07966532054218106,56_272
0.006430706216529863,0.07339142319557167,56_273
0.0028234814947352537,0.06785445526307661,56_274
0.007161864449406638,0.044699521863268865,56_275
0.00265673237875286,0.023839855489833476,56_276
0.01854489860582125,0.2571552973200851,56_277
0.005416468277815992,0.04968611910644307,56_279
0.00871881903669808,0.058433322312887656,56_280
0.008661248772415597,0.04647043010849779,56_281
0.011006441385269588,0.07607241166966268,56_282
0.010938209078820317,0.08857830168367892,56_283
0.10307295624885972,0.235590700228689,56_284
0.007483139844172254,0.0795346318217051,56_285
0.011881329060350075,0.10526078102792073,56_287
0.0025190849902147114,0.025637730090698824,56_288
,,56_289
0.012916815578712193,0.08891611459327645,56_290
0.0018127749548711403,0.04149265045060309,56_293
0.0031436161566833687,0.11481291610186732,56_295
0.0048449646832159,0.06079840271851584,56_299
0.0036941239821308047,0.053331872147461434,56_301
0.005302816659230028,0.05595065971223353,56_302
0.007297700058987403,0.09165426616492939,56_303
0.009684285534487976,0.0666205164658472,56_304
0.004749881115024655,0.0806806331992208,56_305
0.03564372257811139,,56_306
0.0039432359532564866,0.06556184205404163,56_307
0.014404237600797723,0.1344816047081238,56_308
0.008340694831255059,0.11224507752724289,56_309
0.010884046336171575,0.07440779664356023,56_310
0.007734596985439113,0.06491400032762722,56_311
,,56_313
0.008799394072615645,0.07804181157853998,56_315
,,56_316
,,56_317
0.0057789121042071895,0.07209444763262458,56_318
0.00607874449961346,0.07009799014448828,56_319
,,56_320
0.0030209285395443103,0.07127449327869069,56_321
0.0038969043190415177,0.06553194075403664,56_322
0.008858636986022133,0.06529634627666829,56_323
0.02299747029896003,0.08736341669165527,56_325
0.004518953505106698,0.10302589099987737,56_326
0.007923002564618064,0.08311612852788709,56_327
0.0034449625827368932,0.048190667898155716,56_329
0.010262031138677867,0.10048893878452342,56_330
0.018282100144241427,0.1053746293213645,56_331
0.015478962563482091,0.06213050664721835,56_332
0.006034591415846651,0.04227019295678753,56_333
0.002688432549887169,0.07887620498846752,56_334
0.004953083353562543,0.07032987929300485,56_335
,,56_336
0.007502022492462781,0.12231860886360545,56_337
0.009649926709852584,0.0982608088279588,56_338
0.0030971557625444563,0.0518095985227887,56_340
0.006588088915732021,0.061932043045568395,56_341
,,56_346
0.004404328897295158,0.06328559801691983,56_347
0.0060155356908221675,0.07490781175848019,56_348
,,56_350
0.007491045660605969,0.09200316772298614,56_351
0.006700831134927051,0.05852156536871959,56_352
0.0020574654255476727,0.1002405697741141,56_355
0.004047098066126582,0.0312947859884961,56_356
0.005264503734583912,0.0609519982764359,56_357
0.007631698790225457,0.07048481822102959,56_358
0.028895552849798133,0.11447809907033217,56_359
0.012808596981737903,0.11914298639262605,56_360
,,56_361
0.009266239383830475,0.07469746164935614,56_362
0.010236272998746672,0.08547107192593278,56_364
0.019232288530710486,0.1479189159223704,56_365
,,56_366
0.014426979206378763,0.0893360884459604,56_368
0.014359561316236237,0.08798795138192476,56_369
0.014898686450443063,0.07625481546361888,56_370
0.0037435061588232056,0.041178795889582634,56_371
0.0027099900466230078,0.03623379106432441,56_372
0.014614364524716018,0.12769066828427336,56_374
0.0051099997685776,0.07330565649107026,57_0
0.002428503985260583,0.032828088207925626,57_2
,,57_3
0.0017731374158241027,0.019964452729758938,57_4
0.004690928069158529,0.05530082975676798,57_5
0.015121186721766341,0.09597190999127425,57_6
0.0034852693282842154,0.032796120152775714,57_7
0.0040644403915343795,0.059811933462308245,57_8
0.003936149031292685,0.07796586887840172,57_9
0.0029749411802064995,0.0724125961634335,57_10
0.004350776653316714,0.12888292437891605,57_11
0.010547238190666646,0.0620361975563763,57_12
0.0045856840152255504,0.07351330847828806,57_13
0.0034346877614475943,0.11146802815626382,57_14
0.002980146177586585,0.053632992373199316,57_15
0.0036590992218210887,0.04261174571830597,57_16
0.010353012977037748,0.07559099789025797,57_18
0.002613010699976012,0.05122580519341472,57_19
0.004859864350789413,0.13985112712283726,57_21
0.0032781239653200617,0.07134098845368388,57_22
0.02471773536962949,0.09228024790806551,57_23
0.006476861096857717,0.07955880521798543,57_24
0.0019155836525615616,0.07343326412423479,57_25
0.006267727137933055,0.07764967392195245,57_26
0.002818525358313952,0.03850578541476961,57_27
0.007622538647193957,0.10349798025569462,57_28
0.07762141770858917,0.2570458963389065,57_29
0.0020561656551374317,0.06479286875005452,57_30
0.002330865364950952,0.042203737415393044,57_34
0.0050636020797450105,0.09215285175914513,57_35
0.015036951703505708,0.12295284619405263,57_36
0.005498167365753274,0.05814684355860435,57_37
0.0027629020645848494,0.04389272934902821,57_38
0.005522415229026314,0.1370232664095184,57_40
0.008759909407049477,0.12890582565026704,57_41
0.0022029172260371196,0.05423127920472952,57_45
0.003202298673855753,0.044408638287001735,57_46
0.0034174003312047,0.04152559612982654,57_47
0.030662695622285283,0.15517257738422705,57_49
0.00365557594562651,0.06461233772589714,57_50
0.011008692863819418,0.07774499304985918,57_51
0.004790139149733542,0.04371898513242053,57_54
0.0031329648264352187,0.03620949579643545,57_56
0.039061633605808166,0.1260643115896126,57_59
0.009807108676165311,0.04786281380883128,57_60
0.005390934481227359,0.0874498349283254,57_61
0.014023460924462099,0.08704622408297787,57_62
0.008004014738973591,0.048790014848728594,57_63
0.003328307044143905,0.11219702972530556,57_64
0.025540487525556724,0.1486710822035247,57_65
0.0034400420516489203,0.07263642611440099,57_66
0.003129967158092703,0.08265546888727607,57_67
0.0024175964429391287,0.07587729753200981,57_68
0.005911771446258173,0.1874001070478449,57_69
0.0020687693768433857,0.04419211595412968,57_70
0.0062908679294831045,0.05886847989629697,57_71
0.010766078571849438,0.10439002597994444,57_72
0.0027060199711880515,0.039991833143822236,57_73
0.004241549133315906,0.050936715894184276,57_74
0.007108226082324982,0.07371672362413252,57_75
0.003444079913953426,0.07760652237640119,57_76
0.01289441960081621,0.05403449867117127,57_77
0.005270274577510482,0.1265968195774088,57_79
0.004335921250186062,0.05598284004126837,57_80
0.007874449156009777,0.060417716032746635,57_81
0.0026413353033080413,0.058211685630827605,57_82
0.012061719678699115,0.0863042863569189,57_83
0.020177516339533172,0.16375137317065813,57_85
0.003778481356915209,0.10899118223275374,57_86
0.0030129745333812466,0.06730090844430345,57_87
0.0035149596158818622,0.08068115934913343,57_88
0.004968536967499573,0.11183128554339129,57_91
0.0059505203025223465,0.06569037823732307,57_92
0.002678090332211593,0.0854120919607929,57_93
0.0026764946586822365,0.12411898613217376,57_96
0.007266261645870985,0.07299215595976713,57_98
0.017967825674791313,0.10858871590567298,57_101
,,57_103
0.003732555394155339,0.04965968131072712,57_104
0.004280745953691776,0.06448946031532161,57_105
0.004788369560299869,0.08098358724744208,57_106
0.004142039422558055,0.04593276636271018,57_108
0.03466723309632716,0.19720650368607234,57_110
0.0047098568844022,0.08764782196319383,57_111
0.005904008922262805,0.06616779210021795,57_113
0.004157794297970921,0.06466587019549967,57_114
0.004010483768243657,0.09482155356564363,57_115
0.0036194308881681613,0.07922976476597886,57_116
0.015410194046493093,0.06296395671081083,57_117
0.009174579162163767,0.08575542769277843,57_118
0.0036269360901037217,0.042268247323615005,57_119
0.003826434701851282,0.06562207549498605,57_120
0.0035352032984637973,0.08842372908487592,57_122
0.010670871650795328,0.09466111480699481,57_123
,,57_124
0.0060832338400109275,0.12771157426771637,57_125
0.004198065073588169,0.04183360361924505,57_126
0.002882271756658526,0.0733862091374026,57_127
0.0046384063866177746,0.09125944008263907,57_128
0.008933379514445,0.09050445061462915,57_130
0.002701696641141718,0.03760303279358271,57_131
0.008201589148178512,0.2886926399458931,57_132
0.004429313960328682,0.06952376757273741,57_134
,,57_135
0.007284326280417514,0.13577534748002684,57_136
0.010193390135187571,0.09638934157224317,57_137
0.0023006496478581912,0.29053416031688856,57_138
0.01903168149013291,0.09939453542442271,57_139
0.023785530051249604,0.10393556186524118,57_140
,,57_142
0.0029247027534652303,0.18786685854904908,57_143
0.006087018410171587,0.04330818341160172,57_144
0.0074212213293603935,0.08903461365908438,57_145
,,57_147
0.003614638969394188,0.06884983093248338,57_150
0.0050512888772413665,0.08650446491883247,57_151
0.009430222359517513,0.1046631573734269,57_153
0.012298476133544402,0.12436545575600873,57_154
0.03644061150004068,0.17789525901345687,57_158
0.0072551745237476074,0.0734870579167403,57_159
0.02250772322392774,0.055982659460901245,57_160
0.01563311324473373,0.07250733801846564,57_161
,,57_162
,,57_163
0.0055888104730681286,0.04409452500572329,57_164
,,57_165
0.029590730929425327,0.06367525232389148,57_166
0.006918503393145052,0.051077478958802054,57_167
0.002736736369253127,0.03322629607889756,57_168
0.0029055497353062468,0.04921839496472248,57_169
0.0027212734976680836,0.06721270461136648,57_171
,,57_173
0.015125365125232017,0.12170559775378315,57_174
0.00592274408954122,0.05921174658191724,57_175
,,57_176
0.005924366102913415,0.059881701865922315,57_177
0.004820306281862225,0.0437584281172212,57_178
0.009008528127022441,0.13215131440474845,57_180
0.003780435373474757,0.031795155392132374,57_181
0.00396483715925962,0.07479490446143044,57_182
0.003358054886378701,0.04681806337312658,57_183
0.003301143347908283,0.0884806046291951,57_184
,,57_185
0.005163245932055356,0.05691691038727575,57_186
0.004764627134371512,0.09773065428495518,57_187
,,57_188
,,57_189
0.005040961529636932,0.056948147919612446,57_190
0.002778285414649835,0.056122822123279084,57_191
0.0037784478277185377,0.06672429459005069,57_192
0.0047630091100210655,0.07747724634486562,57_193
0.003560898962052897,0.03760788534408392,57_195
0.0031688682426498603,0.06312756253396744,57_197
0.0025671713088232916,0.06628928626061491,57_199
0.00458951895349341,0.05553776904514997,57_200
0.007419736986464815,0.058710207829857725,57_202
0.00313090049268499,0.06443573971799006,57_203
,,57_204
0.003081348238592248,0.0593926800713626,57_205
0.0026118803798575144,0.06051553881952586,57_207
0.0036874306203515234,0.06050313711818962,57_208
,,57_209
0.013719457422161085,0.05657230195387002,57_210
0.007005504114914655,0.05464486028462546,57_212
0.009529823682666451,0.07943494445003156,57_213
0.025063850196392908,0.1650801202753925,57_214
0.005034583183831139,0.06655745005646539,57_216
0.0027609955397856203,0.043585599206862356,57_217
0.003308461419369876,0.06499908422090739,57_218
0.00392527166728918,0.0742875629779706,57_219
0.005272252203708741,0.126281628937927,57_220
0.005823298927565255,0.09724765325233722,57_221
0.0028652463010046254,0.04950243652300456,57_222
,,57_224
0.0034757029604455883,0.047227750136797246,57_226
0.0019151826063991697,0.05300658359420308,57_227
0.0029998924721778356,0.04850046108512237,57_229
0.007003679042847468,0.06372826244072319,57_230
0.004010027785661752,0.1160138729715328,57_231
0.0034280153490438064,0.08327368819850636,57_232
0.002728883095474823,0.0731080258847367,57_233
,,57_234
0.009243608351671604,0.09734545084116754,57_235
0.007841814641373745,0.08423290626873892,57_237
0.007956135801506467,0.08405920324255133,57_238
0.012264803670617745,0.13291941717185643,57_239
0.023454527527262684,0.07595629296101755,57_242
0.02308864621713156,0.14430151051144668,57_245
0.019522269915771197,0.144916051117531,57_246
0.004617600377108797,0.056981375470335584,57_247
0.011838875505673316,0.11290665692922844,57_248
0.006365673048679096,0.07121526861061565,57_250
0.006691484676408331,0.1042784168578928,57_252
0.0030161839777172092,0.04871158594780236,57_253
0.008585746671911126,0.07647343598312946,57_254
0.0042329573362442745,0.07228751626546084,57_255
0.018574137703546694,0.22568729310883992,57_256
0.005530112507431501,0.11759992016493642,57_257
0.0020840198468024223,0.05976965288345387,57_258
0.0029200316792947693,0.04340316255627962,57_259
0.008019453881762046,0.11197903803493965,57_260
0.00482222731445442,0.052577456617136,57_261
0.004688543011184339,0.0732322981619785,57_266
0.013315040033779802,0.09619111220325435,57_267
0.0030199410392762692,0.07768844323025112,57_268
0.0016545497822216418,0.0633600017527975,57_269
0.002738060413810506,0.03881814710177357,57_270
0.03948521819024926,0.22678366632499392,57_271
0.008645993779763324,0.09770711540377032,57_274
0.011390230761771697,0.07413325135374142,57_275
0.008070871952517404,0.08824943769828515,57_276
0.010431969971300524,0.08580470626014874,57_277
0.023696712375182224,0.07223217744668768,57_278
0.003927435144122508,0.06338410356875411,57_279
0.0024961264351025213,0.06586222444711667,57_282
0.00955742113073525,0.07833795600201984,57_283
0.0054701973433728705,0.08177209123370462,57_284
0.004688725809300727,0.0664583181327604,57_285
0.0031932371688067423,0.06113370866607171,57_286
0.013780681860997837,0.15117987636724864,57_287
0.003420760030298456,0.05306481100100205,57_288
0.013085577533720307,0.1098823131085875,57_290
0.007967288243376221,0.055583992823826714,57_293
,,57_295
0.002746709243639784,0.07825249477361604,57_296
0.007051139233168644,0.07997071397409457,57_298
0.004918933914554922,0.08971943593067905,57_299
0.01222339640143396,0.09162515477739926,57_300
0.00395075549943616,0.10928409208398285,57_302
0.004265668262552297,0.07074001830647889,57_303
0.0029555422313655368,0.050882146777753344,57_304
0.004864240424812462,0.05912470942186582,57_305
0.004099364348784614,0.05969147049858912,57_306
0.001376690025874167,0.04254006423991957,57_307
0.01227207689378845,0.105121647488272,57_309
0.003003055964538048,0.05405543542533794,57_310
0.009738490135318438,0.08620090692824763,57_312
0.00534014297957045,0.0790285460296207,57_313
0.0023408598651492875,0.08196620250498134,57_315
,,57_316
0.008389184508410445,0.06195755360356656,57_317
0.0021591882448247558,0.02607968545805343,57_318
0.0030918972235738943,0.04929469697431082,57_320
0.01713993820914801,0.1137162845876739,57_321
0.004693281321217382,0.07038683316576179,57_322
0.004504304018713241,0.06263974000687614,57_326
0.0031839686403665065,0.06098328284322885,57_327
0.006042066868093967,0.0651047868582321,57_328
0.005960355521616777,0.09373553090900594,57_330
0.0032924452428652108,0.06695036728435684,57_331
0.003608946148532063,0.04730756090100783,57_332
0.0030246813178476427,0.03355164129830184,57_333
0.012798060347217453,0.11107640288196989,57_334
0.002900770615615706,0.0665200683084796,57_336
0.0031177897125562832,0.05552794171893448,57_337
0.006938673271132834,0.08408945174490404,57_338
0.011488890920892822,0.07755352018972775,57_339
0.004985722719069397,0.09545074263097333,57_341
0.0028132924908543387,0.04474750591700597,57_342
0.005265648987437825,0.05279884792166482,57_344
0.003441977407379231,0.06623326646169132,57_345
0.014494069805013629,0.03265753300203644,57_346
0.0070363531088544675,0.055923196034921206,57_347
0.007621455202189119,0.04048064268848589,57_348
0.0025875607803157847,0.07239000692706221,58_0
0.0028541686985066035,0.08667313954835293,58_1
0.0015864175368146456,0.06823670736823213,58_2
0.04748395612543475,0.05635053527855481,58_3
,,58_4
0.003808866019253146,0.13216978491588355,58_6
0.00336776720238239,0.05615356241430534,58_7
,,58_8
0.002946979918019295,0.03617893559111424,58_9
0.010080545045496544,0.0923591263005259,58_10
0.002739073872263644,0.08289665177538111,58_12
0.004196401138618688,0.07607588707889536,58_15
0.008670039900169227,0.14098612536393618,58_16
0.0035814849091060615,0.08419788546670116,58_17
0.01845489979613983,0.1982261284684213,58_19
0.005415618000699734,0.12652065003724441,58_20
0.008554208531511646,0.02754077517731793,58_21
0.021770907312588354,0.18070346724136546,58_22
0.00327312196892,0.10990055044366617,58_23
,,58_24
0.008338726935110927,0.034491483361471266,58_25
,,58_26
,,58_28
0.015600990661887049,0.1367520621421028,58_29
0.005863355710169616,0.13954838344551201,58_30
0.012221506796162254,0.1976911110547629,58_31
0.017974953463191334,0.14893529813507805,58_32
0.05136229826889428,0.20362574644829892,58_33
,,58_34
0.0022256168630574035,0.02623433205780781,58_35
0.010244199796147402,0.13125390745307175,58_36
0.008169904906979135,0.1364240006566149,58_37
0.003551392205537011,0.058591443786346474,58_38
0.005016751372219928,0.09394513363538196,58_39
0.0344965393748938,0.16527914242892605,58_40
0.013898138406739605,0.09594220370631684,58_41
0.0048742345151374135,0.0385918818051092,58_43
0.0069505171920253885,0.1679165779795939,58_44
0.005303227398046233,0.1642966787774111,58_45
0.0052224105629004,0.10122376582169162,58_46
0.003912365973892355,0.1257273223889269,58_47
0.013352698414309448,0.20344327615043406,58_48
0.0034447384822746743,0.06948949664859884,58_49
,,58_50
,,58_51
,,58_52
,,58_53
0.02454569444546032,0.16737482267273066,58_55
0.007645900069011428,0.12673994538133557,58_57
0.0057931951649677575,0.1266231382487601,58_58
0.0239747849271999,0.16846249477906003,58_59
0.009705792197138286,0.15059572996341075,58_60
0.003911638327250134,0.10823273479847467,58_61
0.004650287014810954,0.08104128265353201,58_62
0.025154252210347103,0.07311875730120239,58_63
0.0033448647420328023,0.05600913848696777,58_64
0.004260955175743066,0.07567350713681541,58_67
0.0042158600807003475,0.11960447953417887,58_68
0.005333003024754355,0.07091714143986802,58_69
0.0028065382260778903,0.0534733337769785,58_71
0.019649153917578897,0.10670529736094002,58_76
0.004791641018270093,0.05971373978902169,58_78
0.00645776963722928,0.14742300209157155,58_79
0.0055536927720222255,0.041287453330240434,58_80
0.009718170835187594,0.1432658844292268,58_84
0.009425245090043268,0.08055023469361595,58_85
0.006871494593550117,0.04889216612309172,58_86
0.0032775723749836425,0.049035084989951384,58_87
0.0077685733692104434,0.057783546614736135,58_89
0.0023677635100259405,0.07954698330472104,58_90
0.016707048949230648,0.09327204553844538,58_92
0.01341723421533958,0.12631248514417867,58_93
0.0031389030796187024,0.07416691890820507,58_94
0.007139386502195673,0.059514161452202875,58_95
0.013674588051506948,0.09968821516104756,58_96
0.013574462623875383,0.11885492398889384,58_97
0.002202891321271556,0.048535686533168365,58_98
0.009163299957635688,0.13325324920777148,58_99
0.022829315038827753,0.14644989224536104,58_101
0.027674083537174654,0.1586757262021705,58_102
0.021353707577442434,0.11990537931597885,58_103
0.015262890204344546,0.12826913190518538,58_104
0.009484370839134101,0.12147742646364225,58_105
,,58_106
,,58_109
0.002442252062467165,0.021405981741660713,58_110
0.003186494953554823,0.04668170764113991,58_111
,,58_113
0.0033297822838217776,0.06181103340443152,58_114
0.017535885268114424,0.07127873174149366,58_115
0.004077453363426233,0.06447885979124231,58_116
0.0028718699843685237,0.038933586993963584,58_117
0.0027652071209056913,0.07118618956475013,58_119
,,58_120
,,58_121
0.003987740289783281,0.09164842518735027,58_122
0.0037209112427747213,0.05134784075121264,58_124
,,58_125
0.0019203670814646084,0.0605739719215677,58_126
0.0033840909434919497,0.04711452489322669,58_127
0.015740558456116337,0.09591852345875419,58_128
0.002840946775566702,0.06524488688985461,58_129
0.0028321711108126283,0.048312144384875,58_130
0.007312004587180582,0.07612837673499304,58_131
0.009954721343209681,0.11263844878383862,58_132
0.010006902474341281,0.0662207645303755,58_133
0.020630692642185044,0.08605012704760157,58_134
0.002578910699082195,0.03220851332126102,58_135
0.006870972020568743,0.11963196623333235,58_136
0.014863683206900366,0.09007925342608575,58_137
0.003161675766056827,0.07446542411583966,58_138
0.0035498821146520043,0.0470405913765159,58_139
0.0017358935087746993,0.09239197931274416,58_140
0.0024205231135316085,0.07697838132003147,58_141
,,58_142
0.0164270437339444,0.11255210057194344,58_143
0.011288743636452282,0.12085636574085709,58_145
,,58_146
0.04677418862106925,0.17271079663141464,58_151
0.0023469443228946243,0.07980020187574659,58_154
,,58_155
0.010303307216299632,0.053181355589990466,58_156
0.0027901634013563488,0.03789755343126506,58_157
0.004288658989107181,0.051485286286496436,58_158
,,58_159
0.013170616577460024,0.20487344226766518,58_161
,,58_162
0.006482040007869901,0.0856051126316047,58_164
0.010648145604068206,0.1714355232946592,58_165
0.017802791582921165,0.1428129872096733,58_166
0.013509692081190537,0.18888528031503532,58_167
0.045484843272559895,0.22892611326179882,58_168
0.02085652948925725,0.13269798512373177,58_169
0.006218105318152656,0.07413525937995155,58_171
0.0028565153850163816,0.06970208572595356,58_172
0.023784368418374592,0.257539035821722,58_173
0.002441275235921848,0.0738361175312244,58_174
0.005108961135411987,0.08049020427436845,58_175
0.0031531534451402486,0.05105553546436848,58_176
0.0037606966656128717,0.051317164460083955,58_177
,,58_178
0.002135892701691043,0.03502889887071169,58_179
0.006439666882573386,0.06899232144194706,58_180
0.0038274200776243403,0.11476838290991112,58_181
0.0019851136674911988,0.052511961829567626,58_182
0.0025384187489436495,0.06322292032653866,58_183
0.010082972941005323,0.1302707546091575,58_187
0.0049178830834758725,0.12748000661992037,58_188
0.02645314911360507,0.21107251402035232,58_189
0.0036730332404584175,0.07180196721173161,58_190
0.004465013173264696,0.05875338656883222,58_191
0.003735313512496659,0.06783213622613632,58_192
,,58_193
0.007415207863762618,0.05683632214402036,58_194
0.0047605880309978315,0.09253129931825514,58_195
0.005374113378194972,0.037040996606893625,58_196
0.004599199622030845,0.02586575405977622,58_197
,,58_198
0.002274414301394227,0.0343515551295867,58_200
0.005442095534399113,0.07492527109831898,58_201
0.009563860583997302,0.061705078989167605,58_203
0.004385760779325461,0.04947791588715886,58_204
0.0028108423641447036,0.04692061794613736,58_205
0.005043489388187048,0.0698970342431547,58_208
0.008774662075869525,0.06855387862337757,58_209
0.0031743965265035846,0.03982878215890204,58_210
0.007964365202606509,0.09865022982391401,58_211
0.0029583525034792657,0.04408739736334822,58_212
0.002457778751343067,0.03426119644516338,58_213
0.01932828974211556,0.13734925251545507,58_214
0.003563870465194967,0.05159387156168041,58_215
0.0029611482729191597,0.057244889488086294,58_216
0.0019502005576884766,0.07235442032743117,58_218
0.0022844868377976304,0.040516975579984106,58_219
0.0020167230682345658,0.04610054316634772,58_220
0.010302552979939204,0.13665848397856928,58_222
0.0026633405291934748,0.06780019432342112,58_225
0.005836204269182817,0.06357755269853117,58_226
0.0035333744433554107,0.038838287161528436,58_227
0.0028597255608716282,0.06144023388175221,58_228
0.010258528637658,0.09858225880438987,58_229
,,58_230
0.0030685448920176714,0.031924245316488915,58_231
0.0024937822696502365,0.059013104486588336,58_232
0.003871020234409163,0.07784877226391149,58_233
0.004084432002075433,0.04602958949637573,58_236
0.00961876760528656,0.07367111265750063,58_237
,,58_238
0.002470538393102874,0.06250418909931353,58_239
0.0054089700882329166,0.06839118802121473,58_240
0.004658622110238118,0.1376412189509948,58_241
0.004253549231076326,0.11711531075748506,58_242
0.006345620968880293,0.0558715405521541,58_243
0.004402818036779607,0.058586338753000254,58_244
0.003764854070339046,0.08000859092804072,58_245
0.002779571083126521,0.06604774486692887,58_247
0.00903263819173464,0.0627662466828621,58_248
0.007410401008258655,0.0524861914599797,58_249
0.004844404660000121,0.05553168271210778,58_251
0.02041298355005429,0.13280676153815912,58_253
0.005015619107511077,0.08255360661807676,58_254
0.024538665962254878,0.05775513677445288,58_255
0.0038677696677383118,0.029351164211274004,58_257
0.004156738376611824,0.05205814303732658,58_259
0.003124993403747237,0.03429023748199616,58_260
0.005105417219561087,0.059395899446816364,58_261
0.002511777628409381,0.04279293660243132,58_264
0.0018746123232116542,0.066371178311141,58_265
0.007314423076769637,0.19812416018697265,58_266
0.005213748611371259,0.05505674526832805,58_267
0.003214269094816458,0.0690565796262782,58_268
0.004978356711161781,0.0617788863048606,58_270
0.00734073869029501,0.0962895655160686,58_272
0.01228602975596427,0.1925883855457088,58_273
0.010323390594073445,0.16140384341129693,58_274
0.011177294057060787,0.1427580060018287,58_275
0.02161774768412427,0.2178045541353961,58_278
0.017537146375764034,0.14071082892362155,58_279
0.007976615308460347,0.09015639483048409,58_280
0.01406567793370094,0.08848631581621061,58_283
0.00407377226669383,0.04169650497687729,58_284
,,58_287
0.018379464569873737,0.14887343172623535,58_288
0.013888531863166671,0.09103706202042978,58_289
0.008211155068361281,0.09776421924740218,58_291
0.004653432918996377,0.06177808448790954,58_292
0.0036509008700206878,0.039192945713566664,58_293
0.00807048780784714,0.11917017529637873,58_295
0.002822711821534218,0.048278925546397816,58_297
,,58_298
0.008226592702699112,0.16626049733518272,58_299
0.0025543430112804004,0.0525439993448256,58_301
0.016401255084680603,0.09864239844634183,58_302
0.013324176003021118,0.08407012645343469,58_305
0.005423339845998312,0.07975533016548186,58_306
0.0025270327074323295,0.06813994006000632,58_307
0.007454943824669239,0.06873125485879589,58_308
0.005998840594009945,0.06842333137354503,58_309
0.0036618671442019113,0.10107481678523157,58_310
,,58_311
0.004663675088803016,0.05964108100834738,58_312
,,58_313
0.004362186280337533,0.08245969659852859,58_314
,,58_315
0.005421364114071774,0.10046486279869171,58_316
0.0024244960830714078,0.05480875976903708,58_317
0.008451279719159878,0.12159017922778095,58_318
,,58_320
0.0029518323467918857,0.027558193712017526,58_321
0.001960622205516493,0.0803624284404971,58_322
0.003744488933670895,0.01719436514147615,58_323
0.004085649771135465,0.0764714889962423,58_324
0.010470357014343623,0.1718533530174899,58_325
0.00840424922412781,0.05167423554296531,58_326
0.002531360036439812,0.12566806605280043,58_327
,,58_329
0.007930114311893258,0.08023869112841792,58_330
0.009401676857323803,0.07587990700601133,58_331
,,58_332
0.004797546765640429,0.0743901174993117,58_334
,,58_335
0.004084040787983486,0.10760152520550133,58_336
0.0040649049999138785,0.04525886893593494,58_337
0.01840077230831805,0.05176608092770785,58_338
0.004083546628213153,0.1585423238115968,58_341
0.004639309820097885,0.05273794015135016,58_344
0.0038082722569143684,0.13822541260353483,58_347
0.002351247146275627,0.033850554989623624,58_348
0.0039086557210915385,0.04362180678813921,58_349
0.0037188195199752026,0.041240034887258185,58_350
0.0029372430630343954,0.06911683411771781,58_352
0.004908883384457356,0.0989448906050948,58_353
0.002927630737088853,0.05157654019039279,58_354
0.004283309972723245,0.04336032092714877,58_356
0.004604253040808079,0.04188242344768239,58_357
0.009650941986508337,0.05610576582723328,58_358
0.0029279627295381166,0.0466938324472418,58_359
0.0048923650962967484,0.08471227338798266,59_0
,,59_1
0.004956246069542768,0.07270382787500469,59_3
0.0023169056755171927,0.06535828052019346,59_6
0.01653547839048786,0.07600659960440058,59_7
0.00871335909348047,0.12668090862537726,59_8
,,59_9
0.015549831361859374,0.1309851104176706,59_10
0.010751204065874537,0.12196935409454711,59_11
0.004635591691223642,0.08330837467740218,59_12
0.004690026549449448,0.12973164273877735,59_13
0.010492926057777895,0.08788538840200885,59_14
0.0057080488257182545,0.13479199218996585,59_15
0.006186507426259759,0.10644140759475601,59_16
0.003650555766443435,0.11498968364195493,59_17
0.0033139431379387973,0.10393426008175681,59_18
0.009363405661553012,0.10806496307933582,59_20
0.006094934325797411,0.1633130203306357,59_21
0.004114001921593373,0.0761973352558995,59_23
0.0027459436712310727,0.10609179962277247,59_24
0.002916328499672115,0.09259763718586682,59_25
0.008798661388900309,0.14887632100132392,59_26
,,59_29
0.002607116802481825,0.05008595539035084,59_30
0.004532862008428883,0.05394235428750728,59_31
0.011347337957416243,0.12168613414305489,59_33
0.003984542903903965,0.15152575838256876,59_34
0.00395185492156011,0.07135161305887308,59_35
0.010918065774038714,0.060304959510983344,59_36
0.01663558539454581,0.15145052636774306,59_37
0.004768894256564538,0.1034718624947441,59_38
0.0064991417692894255,0.13563561772937013,59_40
0.005423417764604822,0.14802212243718652,59_41
0.01422803295673778,0.10654686397711118,59_42
0.005376603768280259,0.07597138967192339,59_43
0.003547336933794281,0.09490705138613745,59_44
0.02247840406055786,0.15467587169404676,59_45
0.01234054410736733,0.10788365751239433,59_49
0.009666926480669826,0.09927843673483577,59_50
0.004147908053648111,0.08662758065225014,59_52
0.0023939776315083667,0.056733609139690735,59_53
0.006063816202732851,0.153135904805586,59_54
0.024477465610703106,0.1098764502641203,59_55
0.010315294601634396,0.13373733878860333,59_56
0.004357283798123158,0.12812104012734538,59_58
0.003521024396013426,0.08778229559270984,59_59
0.0053689998607406005,0.11839895412104924,59_60
0.01898631490288811,0.14180748631864545,59_61
0.00525713280284203,0.09518684393440688,59_62
0.001726238638137221,0.07884991094229182,59_63
0.020872550936446885,0.1914817024814106,59_64
0.001916096965526855,0.039254903022847405,59_66
0.007954777531249927,0.0783189280239576,59_68
0.004777068458222807,0.12062218772122886,59_71
0.00873576095794433,0.17152635986692846,59_72
0.008931436434253546,0.0430348130265194,59_73
0.003062653642036469,0.07359161442016969,59_75
0.005426898141012683,0.09519104306196002,59_77
0.004772935770453447,0.0718455204739863,59_78
0.009537607068518828,0.10506544121798055,59_81
0.002502118953258384,0.11182852960003843,59_83
0.007160555130082482,0.09695771996671218,59_85
0.004051001659495969,0.12595515473159521,59_88
,,59_91
0.019418757121582503,0.19392986445851526,59_93
0.025428250800407778,0.07924338603845825,59_94
0.00848101949680334,0.08812926180230986,59_96
0.009810600092623863,0.13094462716336205,59_98
0.005027790883080331,0.0910806423884834,59_99
0.007725791011651447,0.09203671207045885,59_100
,,59_101
0.014630247996592141,0.08627054798582455,59_103
0.01060342709141335,0.12066677606478388,59_104
0.005740685117764106,0.11553832848408722,59_105
0.0036417709587600574,0.09038464211255767,59_106
0.004280782503936244,0.077351488447705,59_107
0.006819969112996684,0.14534515562271252,59_108
0.004042836550629914,0.11655876250936721,59_110
0.004061072380549942,0.151829513328523,59_113
0.0038134609125708386,0.044629020641922985,59_114
,,59_115
0.012939438937391377,0.11064646930659082,59_116
0.007393369881206181,0.09065979232708055,59_117
0.006586426568881108,0.14714467738178594,59_120
0.011642803112718743,0.09609865138501497,59_121
0.009955541139108223,0.11606498724331832,59_122
0.004312800295455827,0.0974705503709268,59_124
0.005307201989988188,0.09304544394081284,59_125
0.010029911744682166,0.11470599928684402,59_126
0.0022891558477525276,0.0547427956378217,59_127
0.008967126693903607,0.14184937190352187,59_128
0.002449473431117038,0.08029311443815958,59_129
0.015609051311662377,0.14613532144144448,59_130
0.006582715624199178,0.09751773385660126,59_131
,,59_132
0.007982584457523267,0.12253931467980998,59_133
0.011518053828635973,0.1897305236000659,59_136
0.008783977285885551,0.08937849752376552,59_138
0.0032660464917393666,0.12974328358491974,59_139
0.010937584823508135,0.1238225061222981,59_140
0.004141485015679957,0.1329530460705659,59_142
,,59_143
0.005279991645786259,0.09993735962926678,59_144
0.004003375623747328,0.10814779461092336,59_146
0.007300448549002233,0.0701804286675097,59_147
0.005736751158942736,0.09800244028145699,59_149
0.009060333323193646,0.15638953004486145,59_150
0.005993909097951259,0.10770956556449186,59_151
0.011310462658058941,0.1737983699029441,59_152
0.020663843757666417,0.11196134136081687,59_153
0.008519479305908208,0.1075331052022495,59_154
0.006007873013963783,0.07773254865883883,59_155
0.010264035908082031,0.16932651874958793,59_156
0.03077547645064609,0.11834197518157366,59_157
0.00958286624815442,0.1301080591293143,59_158
0.02311412136482004,0.13521098297889925,59_159
0.0024050429900383,0.06950356841865139,59_160
0.011132135067946611,0.10720968495225079,59_161
0.0063139061525993665,0.1390606925897195,59_162
0.008554936810208337,0.16680055772579225,59_163
0.006915796011213613,0.14140398165614793,59_164
0.011598600126300825,0.0508286754507441,59_165
0.011381886626692752,0.11786678964149204,59_167
0.00348474410511167,0.0807115800066228,59_169
0.043560460747471,0.18243059646567478,59_171
0.007832489204365889,0.09255600958459144,59_173
0.003826367859817572,0.07794456064350623,59_174
0.01037440520447705,0.13452162051684077,59_175
0.017180148968070266,0.06305636975330393,59_178
0.01463583083979302,0.13330071266190047,59_179
0.004851469349632012,0.12795879086336856,59_180
0.018282963791408525,0.13360913320149415,59_181
0.010364156091158367,0.11342727851422502,59_182
0.004785868602783321,0.09039559945710429,59_183
0.003619180147449401,0.07098757530251099,59_185
0.005456629012958395,0.0930205962352885,59_186
0.005157299105470807,0.10321491565229088,59_187
0.004482248177916401,0.08145910606575085,59_188
0.009971069488767631,0.12784427548439567,59_190
0.01071272437223022,0.15195222153323928,59_191
0.0030707528977002123,0.2011043078666252,59_192
0.025731748877172847,0.16103003614969746,59_193
0.007806234169853001,0.05854751278746552,59_194
0.031093346895118973,0.1990478079675204,59_195
0.009426530895964399,0.10666108407116244,59_196
0.005943837606551503,0.1271106021100388,59_198
0.0033905734266096443,0.07940493166095604,59_199
0.009078640441863042,0.15275562794334968,59_201
0.01553400385049461,0.2417210519466986,59_202
0.00302228217394428,0.11084371387903459,59_203
,,59_207
0.01886979144355963,0.07708220178665098,59_208
,,59_209
0.00995204067841272,0.08206705869483222,59_210
0.004488816884285366,0.13852584088390565,59_212
0.007195369688724029,0.11415485669594076,59_213
0.008129180797263763,0.12857416237301722,59_214
0.006453125059525749,0.1127545997215564,59_215
0.010116093104370175,0.11732361617479775,59_216
0.009864270373097034,0.13564791995552616,59_218
0.007313831440464033,0.1339274087677651,59_220
0.013566255750532578,0.1067765090819117,59_221
0.007201209367768992,0.14057547742326976,59_222
0.005622410751552571,0.07014096126397315,59_223
,,59_224
0.022611818305258605,0.13232477726206113,59_225
,,59_226
0.0058911038189786834,0.11084397463399055,59_228
0.01579261752630192,0.10762297120378857,59_229
0.004242865083432836,0.07150692966192104,59_230
,,59_231
0.010561747913923395,0.09422021431113572,59_233
0.006690870539098782,0.0985955384688004,59_235
0.013143254040271578,0.1975670531435543,59_237
0.004558507102251289,0.10749304179882914,59_238
0.006155038993045204,0.045561739455476,59_239
0.010731947698800733,0.13873939374172048,59_241
0.01479093321482677,0.10342961274231618,59_243
0.06566003949530978,0.2097429557802964,59_244
0.017051470830464814,0.12677699531575315,59_245
0.0031535435852575863,0.10185767622742332,59_247
0.0021277593018429507,0.036943880569917535,59_248
,,59_249
0.006178443995317591,0.185415227774803,59_252
0.003213173718745747,0.15052562365596536,59_253
0.003580715658931019,0.083967113427497,59_254
0.007900286447428335,0.09157097185930206,59_256
0.009219266323447424,0.12233427953609875,59_257
0.007436788653768375,0.10386063954696954,59_258
0.002846413630515276,0.08489101220133209,59_259
0.01949850861262143,0.04911797973063223,59_260
0.011050706328783085,0.09978675967599811,59_261
0.003815455605817573,0.13348108099326014,59_262
0.016829634354825276,0.15413463577431757,59_263
0.013911678300215098,0.17798034338494068,59_264
0.003750101989115322,0.06882984634928811,59_265
0.0025181573660975477,0.11320295665459787,59_266
0.003246021538789117,0.09600659652755936,59_268
0.003999949328117507,0.0580824152156066,59_270
0.012477790332590836,0.14901989356914314,59_271
0.003826822635232054,0.09048031267698327,59_272
0.014315003535073346,0.1060454648136404,59_273
0.0036379225429395566,0.09121302865882974,59_274
0.016085925758120897,0.13125435097451066,59_275
0.0025606421407957207,0.1279046771535463,59_277
,,59_279
0.007565422311009213,0.14293433881830336,59_281
0.0038894112786291416,0.08939114804912113,59_282
0.005902683135086883,0.08017340365008012,59_284
0.006282794376146733,0.11472285726937154,59_285
0.003458524367907282,0.10676009474933902,59_286
0.0025888533310899423,0.103825523661405,59_287
0.0033141353429921574,0.14262503598149084,59_289
0.0052470709585981865,0.027646975952343122,59_290
0.03157160741934641,0.1921412983434818,59_291
0.00551073999817468,0.05034901007815494,59_292
0.005479377212689059,0.07920376858135748,59_293
0.013853595790581605,0.16306269750855892,59_295
0.00298141309657822,0.06576117893688622,59_297
,,59_299
0.002515235374804215,0.037040984495887566,59_301
0.003092837730157755,0.04413323042068401,59_302
0.0025731254668472266,0.04037510743251497,60_0
0.005285687735891601,0.0747441315027779,60_1
0.005728975288732806,0.0810865803800632,60_2
0.005960476531615196,0.11680486192558379,60_3
0.005830241488784303,0.07069466174152352,60_4
0.004654077513280819,0.06458159099354789,60_5
0.006461744259630836,0.14118932641075924,60_6
0.0036777586867921845,0.0566095293966378,60_10
0.009941325158835397,0.10018879058889267,60_11
0.01865140546657983,0.09527537296943837,60_12
0.0052106109677975505,0.04526493274133095,60_13
0.009187142544097871,0.0929298711153726,60_14
0.0019332936899894779,0.05959530355494154,60_17
0.011726346518971703,0.07013229933373182,60_18
0.005889589048089622,0.05395752161612983,60_20
0.004035494223225339,0.07772546600938496,60_26
0.002859204966138046,0.041421800969216827,60_28
0.0032530497033074566,0.06430372630779638,60_29
0.0020749053062110276,0.027206777431548278,60_30
0.003236248076300646,0.05367817955885654,60_31
,,60_32
0.0035464392192639718,0.0741399522706149,60_34
0.002459143795206681,0.08962549606443587,60_35
0.01483985515322318,0.06972886210587217,60_37
0.007205267720075608,0.04530932189043212,60_38
0.015975319256395122,0.1519846214674122,60_39
0.0036403457378404304,0.058065252218657264,60_40
0.003734378968765779,0.053096138148319406,60_41
0.01830158625248557,0.0957354741953974,60_42
0.003533654017634573,0.06014166768942092,60_43
0.010174937163991237,0.056648194664066585,60_44
0.004700159840482902,0.12519331743929576,60_51
0.007386714289947501,0.05833193850267105,60_52
0.0056854946017668925,0.06714871512583437,60_53
0.002484208035979039,0.050215355663176385,60_54
0.01308698883006705,0.06700796759198302,60_56
0.0025683451493159156,0.04479878272495181,60_57
0.003404128541155757,0.0408026794790459,60_59
0.03287598132890339,0.1356966954834906,60_60
0.010462819987517651,0.11542917264478061,60_61
0.004407070891945307,0.1050624459845161,60_63
0.002704532311691454,0.03730255121302835,60_64
0.0045866924369448985,0.07979181681741677,60_65
0.006353092312422867,0.06799892428206675,60_66
0.0032373945479205277,0.05526861522312418,60_67
0.02848156480628226,0.08642979810455806,60_68
0.0022234815033920306,0.03535498963723142,60_71
0.003471288075227996,0.06414267507827363,60_72
0.0074887069010101115,0.08378907945038089,60_74
0.0047111355203098846,0.07364983064783402,60_75
0.002736438709575831,0.053326304725385534,60_76
0.008288121398750417,0.12086850282871373,60_77
0.0041397487622917405,0.07660395306924168,60_78
0.0036335438143946055,0.01941786737752472,60_79
,,60_80
0.004609087648971964,0.0712009494621991,60_81
0.00507056856121869,0.021694791259941427,60_82
0.005159560470979634,0.060649458743647064,60_84
0.003026953089133936,0.06427135050213259,60_85
0.0028325964181081264,0.08551663272514723,60_86
0.005475549647264839,0.07660532063779851,60_87
0.008087218116735581,0.07300003465492177,60_89
0.013651057561821512,0.07942290793486537,60_90
0.00278120639959859,0.04427949590738124,60_91
0.0026135254333212,0.045385966401931106,60_92
0.0040960781665923185,0.060824358278494854,60_95
,,60_97
,,60_98
,,60_99
0.004076631159210711,0.04892384098439289,60_102
0.002498155938849098,0.03622487708879962,60_104
0.013561056939131556,0.1013918584444728,60_105
0.004465400939714368,0.05178115889609173,60_106
,,60_107
0.008675729987537592,0.08620790337773253,60_108
0.00213202859965848,0.07726605741599842,60_109
0.007132378895843118,0.0522362436710964,60_111
0.022573936683209277,0.2231639962962003,60_112
0.01476741270768546,0.12637366624932114,60_113
0.003316977502350935,0.17650618019720649,60_114
0.005511164449485382,0.11986751799728781,60_115
0.003363342528053349,0.0865882981558755,60_116
0.003955439702305586,0.06696156809633896,60_118
0.003313815034252494,0.07109545503155205,60_119
0.002979986083668055,0.07433931555445321,60_120
0.008021127722595148,0.076796986834179,60_121
0.039180532907652915,0.09147922582966389,60_123
0.0020214707084977553,0.10954254059940384,60_124
0.005168685128707545,0.038027283950348295,60_126
0.0031264446798557437,0.02781050169493472,60_127
0.00778805196481657,0.06612086539785522,60_128
0.003171944645071046,0.06182094274205429,60_130
0.003958458621803508,0.030475446848787256,60_131
0.005402726538098588,0.06537373742541237,60_132
0.005016230479239813,0.03323109232507,60_133
0.0025201888279178845,0.04726126356040684,60_134
0.011556819665430363,0.09439933560092074,60_135
0.003579783398870502,0.05981129468136319,60_136
0.005540333425628789,0.04098376419031087,60_137
0.0024820377283605306,0.03455963862285301,60_138
0.00349312058052628,0.060402437933922026,60_139
,,60_140
0.001724368572344087,0.03915136927381289,60_141
0.004106491763285494,0.07149909662096032,60_142
0.009941406968467388,0.053576260178306453,60_143
0.003433697174885744,0.090737432959243,60_145
,,60_146
0.0045782408774573,0.04807279103074502,60_147
0.0028320983724893665,0.06855759641970248,60_149
0.01601297996057695,0.04125001549944684,60_150
0.015615709570999028,0.05728879751603783,60_151
0.0030032821495971575,0.10127933749775644,60_152
0.0029890850251842777,0.05897287129214255,60_153
0.003243803576630506,0.044852116903723885,60_154
0.004570189098782526,0.06142101889933663,60_156
,,60_158
0.005228215088554799,0.03254728964225366,60_159
,,60_160
0.003932753183356994,0.03519360355715536,60_163
0.003841268787184326,0.08548643073388205,60_164
0.0036147085583247353,0.037508991295976755,60_165
0.0037258732509720754,0.07804337474427281,60_170
0.0029955737184643163,0.030338182349139906,60_172
0.004408299880561426,0.03950275815052743,60_173
0.001437970059518193,0.031279773731104105,60_175
0.0023327158445185835,0.04043248085990476,60_176
0.001891705649546895,0.022129554669195528,60_177
0.012746226758235765,0.08855434851602817,60_179
0.009979308780990863,0.10960613361567266,60_181
0.003764032407497008,0.04038881945370979,60_185
0.006163622156397806,0.05025823709865452,60_186
0.00237051082002922,0.030674698367358238,60_187
0.004712604335759296,0.07977024097372729,60_188
0.0027258275194610914,0.04630098382123997,60_189
0.00966507965787492,0.08667347050617852,60_190
0.0032501604661142477,0.11001029813440039,60_191
0.005121704097958428,0.088682932189536,60_192
0.00738415435198446,0.14874348788434816,60_193
0.007324369565920441,0.04155507506166617,60_195
0.003811853711889864,0.0797083628361518,60_196
0.0066856754560693215,0.06700690755744362,60_198
0.013460261191597843,0.09972133203166306,60_199
0.005875343815883302,0.07296268525253932,60_200
0.01109961637518942,0.12106098593950348,60_201
0.0031356596567826025,0.03354292024385125,60_202
0.003561891515962041,0.06238710401868973,60_203
0.003256089001468915,0.03931430762630948,60_204
0.0030702030963948063,0.041262290756727805,60_205
0.002217619792281528,0.051608929096313094,60_206
0.004422896229850613,0.0692054161560949,60_207
0.003224150144441988,0.040944764448464184,60_208
0.0020738264915849906,0.0606488044559971,60_209
0.00885364582537486,0.09951856274340044,60_211
0.010561845325469579,0.10512923616103363,60_212
0.011413238693945964,0.04736332198181539,60_213
0.0026224276374778098,0.04544618371252575,60_214
,,60_215
0.005736986949299461,0.04786520412079593,60_217
0.002574976895414717,0.048380505006798843,60_219
,,60_220
0.026484048168614615,0.17708329066387446,60_221
0.0023833497251752617,0.05186698597782817,60_222
,,60_223
0.0015522941340886274,0.05948031216981519,60_224
0.0033985963830099283,0.03874164004803337,60_230
0.0023998207248160626,0.04861996136597529,60_231
0.004135747020022099,0.0358218386708807,60_233
0.0025768404570330455,0.03991858831581713,60_234
0.004670146957263001,0.07193970059230863,60_236
0.005989508960048852,0.04473449567774464,60_237
0.002276188076543529,0.032735904641148166,60_238
0.003093955163113323,0.03891709699144899,60_239
0.0025768756707065764,0.042841653036530786,60_240
0.005551442057385366,0.1124186831438152,60_241
0.0031119419767669638,0.05819587620058002,60_242
0.007510207660863833,0.09790352976408312,60_243
0.009374842044867032,0.07616498495569093,60_244
0.008952224722765353,0.06839956341237782,60_245
0.006691726720446004,0.08619372509470101,60_246
0.0034821730425230713,0.07609795137718174,60_247
0.003756310623658886,0.04774144999900815,60_248
0.005726319183481557,0.08714143165344872,60_249
0.011045587843722908,0.12067315086355847,60_250
0.009640107319809807,0.21355823137762797,60_251
0.007669632492584779,0.0715731938739802,60_253
0.009536311348052138,0.05889680329748136,60_254
0.005333485420475334,0.08310793482547925,60_255
0.005071625707959299,0.08364677458431487,60_256
0.0032611647824648034,0.056677395622589,60_257
0.003939240092998994,0.11072727285663822,60_258
0.0020545257663825726,0.03112824053944258,60_259
0.007956604364315337,0.2116178661923608,60_260
,,60_261
0.0053560215062734545,0.058668989089061055,60_262
0.008894430098061132,0.0808082499112373,60_263
,,60_266
0.003523368534665979,0.052516274345062175,60_267
0.006423790862853028,0.12043375660752689,60_269
0.0018803668031082414,0.04742945390974776,60_270
0.009057958664309959,0.17124603468642607,60_271
,,60_273
,,60_274
0.008107583721575344,0.05739413381656226,60_275
0.004035409508545426,0.052589052087052106,60_276
0.0024727250959355627,0.03804810781518416,60_277
0.0046809149035838315,0.07858031892328138,60_279
0.015559422765152785,0.08692106143937338,60_280
0.00869495876500668,0.10104575482277592,60_281
0.005369110648305603,0.049292681807583734,60_282
0.0055342982023678855,0.07181467197977083,60_283
0.0034598947917037354,0.11353220099819063,60_284
0.008201659607844474,0.09890162571515121,60_285
0.005253813641427372,0.09753556101731102,60_286
0.00249488368896464,0.023578215351090358,60_287
0.003915866473631263,0.06017844738496809,60_288
0.08693700394176042,0.08799873650961873,60_292
0.016900896445761066,0.06564881482232371,60_293
0.002744115677151754,0.04404734238316694,60_294
0.0025706361551566127,0.06813992909151492,60_295
,,60_296
0.002844148863484999,0.06296889572209556,60_297
0.013730195188089388,0.10148826947030055,60_300
,,60_301
0.005613923424228913,0.0622876227617976,60_302
0.026808070509428194,0.12000940525580002,60_304
0.002182313415835265,0.037864755089902155,60_305
0.004508716497817016,0.054902786033654095,60_306
0.0042718590360901676,0.08890402841816361,60_308
0.009101204723475115,0.06349263642190588,60_309
0.003941923047600633,0.07445309831244039,60_310
0.003972243205458065,0.12618202409654686,60_312
0.0030746324968960632,0.07165710020956023,60_313
0.003989602000095535,0.1026426197871732,60_314
0.002749372408433057,0.062401877991461276,60_315
0.0032006618844815224,0.11282314882522697,60_317
0.005646499615105287,0.10880525059994622,60_318
0.002706649673883854,0.057215082257274466,60_319
,,60_320
0.0018861263908517471,0.027028680885870193,60_321
0.009659505709370578,0.08245257945265798,60_323
0.0030218631624777206,0.06674265233463535,60_326
0.0036760094623253235,0.05678210385706847,60_327
0.00570907315192891,0.04381958528688203,60_328
0.00680749492579553,0.05945499606138956,60_330
,,60_331
0.004075404297459708,0.057288809537925756,60_334
0.005843192820879484,0.08262536186479312,60_336
0.005426880540605867,0.04549023092154239,60_338
0.0029404732204571776,0.05725926733269742,60_339
0.0025896796218808187,0.028617204308928335,60_340
0.00394084936331812,0.04063850907458361,60_341
0.0021150986144542003,0.02344980936173952,60_342
0.0034734519084325243,0.03927771698885057,60_343
0.002112949470201828,0.038013805440446004,61_0
,,61_1
0.004780293000234831,0.069861361798994,61_3
0.006630068725866811,0.05218786250129242,61_4
0.006165980741221095,0.07508336636595649,61_6
0.0032277061496251607,0.047146599464389025,61_7
0.0030420922692214612,0.07681804890507715,61_8
0.0046865723264223275,0.09076123477687666,61_10
0.005514102295713249,0.073812376148013,61_11
0.0030301662755126825,0.03383277877531992,61_15
0.005490434971788855,0.10138838284969462,61_16
0.003514796664331379,0.06392695969317101,61_17
0.005901773360269662,0.05856703580438509,61_19
,,61_20
0.007010099153376749,0.17145053243792255,61_21
0.008823012990032388,0.07159389659418303,61_23
0.006536265162829893,0.05651350207378139,61_24
0.010555857079893365,0.07477949098643238,61_25
0.002525289289425604,0.05513043425303764,61_26
0.003760588028867921,0.08294853848749537,61_27
0.011976501782040211,0.06497134898727444,61_28
0.008578280237614545,0.13244721868945097,61_29
0.004452945442185041,0.06025077787424999,61_30
0.00444264842497088,0.11326175268575672,61_31
0.004077592737980809,0.07740889234631303,61_32
0.004407998195933091,0.06290479128635924,61_33
0.005295539423503668,0.0696787950698625,61_34
0.004808057706868015,0.04692295527641719,61_35
0.0041739777191494645,0.057041072937710026,61_36
0.006234545269163514,0.19643506723646467,61_37
0.011892456040408325,0.0737000037049796,61_38
0.0045849252897319104,0.17885984024268556,61_39
0.022893540852452366,0.1137376639864657,61_40
0.003483803807568581,0.18384317086664076,61_41
0.0043287219846575116,0.1013484590912098,61_44
0.02345037832619334,0.11101316962578577,61_47
0.0021667438504986247,0.05693918538476944,61_48
0.009237250856600316,0.09822224774577752,61_49
0.009398780042187757,0.05194548143278038,61_50
0.0017572810010300932,0.019359566580098454,61_51
0.03824618617261252,0.1430252362160126,61_53
0.011269793999219319,0.07759453484664357,61_54
0.0052939364789043875,0.09929596229905138,61_55
0.004245396554478482,0.0893008183534333,61_56
0.003334706300926734,0.09508091692094489,61_57
0.004556835349613656,0.09139240695958267,61_58
0.0034385484288594345,0.05839124171219125,61_60
0.004561260814756743,0.05488272901914627,61_61
0.003169818743463409,0.04212367692601843,61_62
0.0056222470322778405,0.11047387751162492,61_63
0.0025368697533394292,0.06911892170306654,61_64
0.008036820414590314,0.05448460203769811,61_65
,,61_66
0.004465410705329189,0.11375928192719377,61_67
0.002686398868929981,0.0560711443995219,61_68
0.0019465242594514235,0.044166729641448396,61_69
0.0041611294537015195,0.07175487173864933,61_71
0.002668130851392411,0.06174101130637651,61_73
0.0252680975325577,0.06546438965914442,61_74
0.01548054476162688,0.10829741756596277,61_75
0.011653842626036939,0.11682932834786651,61_78
,,61_79
0.0019417948041048185,0.05825619129233577,61_80
0.0025422131793279004,0.05201411934350514,61_82
0.004861681816756701,0.032639604210894575,61_83
0.004324677810680757,0.06310780696389076,61_86
0.0020821802228197196,0.01780806713322394,61_87
0.0049773188612628775,0.10331321368603477,61_89
0.015050091726869464,0.16251638917535596,61_90
0.007741825294123919,0.09350841976345713,61_91
0.0013623258122878728,0.08318009986078467,61_93
,,61_94
0.0023632631577995937,0.03257597738827681,61_95
0.00736990868652269,0.05459507455344006,61_96
0.01332970590247018,0.09274407504389125,61_97
0.0035483768086382655,0.04668902211431609,61_99
0.012804235111634654,0.06658043512650125,61_100
0.002651502949527015,0.04927799220448153,61_101
0.0034998101509743054,0.0446142876382044,61_103
,,61_104
0.002319396523110429,0.09863101279514883,61_106
0.007539095971422516,0.059380968426645746,61_107
0.009138236785874521,0.07222211743513098,61_108
0.017694703861187586,0.09955168303243067,61_111
,,61_112
0.00435798485391115,0.06985102462493618,61_113
0.006736394881576659,0.1229953699224509,61_114
0.00333026431615571,0.06667021530071637,61_115
0.0066446303952391724,0.05845056403186999,61_116
0.0038215307137912757,0.0879212281765259,61_118
0.00492156488859107,0.05715195664753341,61_119
,,61_120
0.0038539970761621,0.04507548604393683,61_121
0.006863138413818763,0.037135480674831245,61_122
0.0023655034337876253,0.03654347581457012,61_123
0.007815337365371882,0.06320153238376727,61_124
0.0034525245753325396,0.0558828378973846,61_125
0.004370111010282745,0.04560431446049228,61_126
0.006606551259868616,0.05127331034904327,61_127
0.012139431853411082,0.09706731790867508,61_130
0.024684585205974528,0.08612405063669755,61_131
0.006627132976106171,0.04256993942322515,61_132
0.030819277424581473,0.15147867460681774,61_133
,,61_135
0.0035811198010389953,0.05378820391015283,61_137
0.010323334470264928,0.11778218313457767,61_140
0.005236887704572901,0.09574142013780705,61_141
0.005211032852508958,0.08204062978777223,61_142
0.012827576587362935,0.09027887524293064,61_145
0.017487782597546263,0.1327924287841032,61_146
0.0017361658326309703,0.018829981532511718,61_150
0.0025563953091370024,0.04482190367583777,61_151
0.0112261992572944,0.08455367944701062,61_152
0.004961018156086803,0.08050529283669819,61_153
0.0035360346358529427,0.05421806101643393,61_154
,,61_155
,,61_156
0.012220226535102246,0.0894925024591112,61_157
0.006019239672533422,0.06888742305673053,61_158
0.0042560960212306475,0.10266380762301916,61_159
0.005768591137607441,0.06668238945432176,61_161
0.004791450236756264,0.07291028876476602,61_162
0.006728789929573937,0.08355653037867401,61_163
0.00653169557883124,0.061680614540966405,61_164
0.0033540937026080215,0.10277551238146355,61_165
0.0030505238817321706,0.0837984250396627,61_166
0.002977556423376666,0.010703382510752044,61_167
0.008232660389353157,0.08641207048256659,61_168
0.0064579001034803865,0.05130143106038105,61_169
0.004720575268114805,0.017825767258222217,61_170
,,61_172
0.015768456497789938,0.057042939039523885,61_173
0.0038994102095293343,0.07961207221190256,61_175
0.0028308430235509294,0.05061666439089604,61_176
0.0037694104023088958,0.06941180501298999,61_177
,,61_179
0.002025213842482925,0.04674354488154771,61_180
0.004478297387150649,0.05639049805658087,61_181
0.007209685544539505,0.06868814739558068,61_182
0.003954714383000529,0.06509352639121208,61_183
0.0029458574282581226,0.05652498659283911,61_184
0.01277318706742784,0.08085904162241472,61_185
,,61_186
0.003093348864170172,0.07431826449621816,61_187
0.005704949451891344,0.05853019602547131,61_188
0.002311599235302487,0.06436492987917013,61_190
0.013371073223202582,0.07201163853564282,61_191
0.0013778670758034545,0.024926405814022865,61_192
0.0017613337968506706,0.03650805538598031,61_193
0.003730634020785593,0.05024787450181348,61_194
0.0011070987662037963,0.016251493237581672,61_196
0.003049756279199598,0.07025021400085585,61_197
,,61_198
,,61_199
0.002994084429552674,0.03809914373961194,61_200
0.00866489723196789,0.1571044116344234,61_202
,,61_203
0.00507129622458569,0.05143491484481233,61_205
0.007197875748262104,0.07119538970416021,61_207
0.006663367780475148,0.0438180974680874,61_208
,,61_209
0.007141900724678397,0.11343539112127932,61_210
0.00335852423190034,0.043292603259084836,61_211
0.008048387881086411,0.0365702431156816,61_212
0.0067306079657767255,0.08242125417222833,61_213
0.004473636601690083,0.07018313954514037,61_214
0.015426906429036843,0.08212466004777456,61_215
0.001941349889855475,0.054344033248284775,61_216
0.046532904669183764,0.1526201775408589,61_217
0.0029673205086514372,0.04269893347680517,61_218
0.016949139043820487,0.09914484954707309,61_219
0.0028019500201038497,0.0730457162989368,61_220
0.025791519790052148,0.18203125347884952,61_221
0.0022460241998839207,0.046247654263607836,61_222
0.0031699827654808025,0.12065739090455468,61_223
0.010002010171705624,0.09068182294975491,61_224
,,61_225
0.01473779303509537,0.06544779091889909,61_226
0.005568037910414499,0.041734286638917824,61_227
0.009416875104569837,0.061085968743981055,61_228
0.008415277812274025,0.07399581681921392,61_230
0.0032770142608542206,0.0550953745850802,61_231
0.0023631064462961843,0.03321800927916041,61_232
0.006471666828399715,0.07295777065174595,61_233
0.004244417021179354,0.09182185113046122,61_234
0.005412687585342703,0.08711405147504643,61_235
0.0065749161002985395,0.0608821432070111,61_236
0.016674009913937915,0.15065096674733908,61_238
,,61_239
0.004462007931896162,0.03831421927029621,61_240
,,61_241
0.014153369599095139,0.07578145169674258,61_242
,,61_243
0.011114214086503713,0.07607805831313644,61_244
0.01918538278479577,0.08778291526668132,61_246
0.004334855616942514,0.057472159237081655,61_247
,,61_248
,,61_249
0.0030727815172749084,0.0440111181311648,61_250
0.005213220399792914,0.07605590156674909,61_251
0.004412175219569438,0.05528339637895641,61_253
0.011724800256305653,0.08382328798384708,61_255
0.003526287152764748,0.07309940764993922,61_257
0.005760927282255305,0.05623277724936109,61_258
0.014438752404792959,0.08782583540703469,61_259
0.005600235218745285,0.06628413138907414,61_260
0.007161335599592472,0.08299845629960574,61_261
0.001412421472807675,0.052607615669358676,61_262
,,61_263
0.00348177478506418,0.03598447716607887,61_264
0.00765684156498682,0.07106371362917671,61_265
0.009557846275219342,0.08279429147074494,61_266
0.03572435326454056,0.17433446159642021,61_267
0.002985621880181108,0.04121971344777938,61_268
0.0111912879759435,0.08389180033329109,61_269
0.0041953039865766885,0.04720999586128719,61_270
,,61_271
0.024021214242848664,0.048460924670247006,61_272
0.004930377782277637,0.09176425063038403,61_273
0.007284234076816284,0.09703800064019011,61_275
0.013035599917906385,0.04398169059552,61_276
,,61_277
0.0063909454540301905,0.10094587291685887,61_278
,,61_279
0.00483314037312487,0.04988906274273224,61_280
0.0019384884935626436,0.043724276685410596,61_281
0.034169690696836355,0.171011245352929,61_282
0.0043428703136618296,0.11601767944667908,61_284
0.003350084573307338,0.04121946119028754,61_286
0.011376538100068568,0.08560753426363822,61_291
0.01259352505695294,0.059337380720091426,61_292
0.013027062243777034,0.06453493714381571,61_293
0.004113130916224075,0.05899833269142937,61_294
0.02038178755210315,0.0795236923838245,61_295
0.019309412078143417,0.10521602029855515,61_297
0.003111368486103872,0.04946990565739293,61_298
0.002595042694209775,0.04433065653049809,61_299
0.003150030869373956,0.07079642374216016,61_300
0.003754012928072606,0.06823147963914215,61_301
0.015026757241365487,0.08534881966092407,61_302
0.008304399568036946,0.07105114082019032,61_306
0.006165761128920731,0.05609366723199537,61_308
,,61_310
,,61_311
0.001998568532071516,0.03574310752339681,61_312
,,61_313
0.014363879194246481,0.059054560088291186,61_315
0.048970677873480084,0.11132226743560528,61_316
0.0045859761970711115,0.05309972543020121,61_317
0.005520681894507122,0.12010480369960075,61_318
,,61_320
0.003178251086512646,0.04354022637548324,61_322
0.0018872285829515502,0.044886439038788466,61_323
0.016217083874726788,0.25563468387227806,61_325
,,61_327
0.04300493641094933,0.06939153742446427,61_328
0.008755057913936288,0.09637501063823442,61_329
0.005163680394893116,0.07371883900780027,61_330
0.0043695705531861485,0.08277227869970431,61_339
0.0043616943313835015,0.06612424099440664,61_340
,,61_341
0.003385393423860736,0.06914214794314465,61_342
0.01516618973129527,0.10062314671388702,61_344
,,61_346
0.013235448207130128,0.06659185310605013,61_347
0.0044393838638784695,0.06608516377569693,61_348
0.006579739327715121,0.08416521531967275,61_349
0.001772947865353055,0.03918163344117372,61_352
,,61_353
0.005723677374148575,0.07588933872491725,61_354
0.010245589278152846,0.07870788373932844,61_356
0.00294913345924525,0.1435528772209103,61_358
0.0040752832969847864,0.0335087588360975,61_361
0.008204971401224436,0.11611852053939926,61_362
0.0033624739233813856,0.0739491780974546,61_363
,,61_365
0.006192611801080821,0.12904702348299207,61_366
,,61_368
0.004464797242801552,0.0532166509281665,61_369
0.0029851845811136317,0.05004565182542741,61_370
0.004103695856571492,0.045429148599421716,61_371
0.02637627856688133,0.11003931940305056,61_372
0.010461644929748336,0.09816850838324571,61_374
0.0031902944135241353,0.0798959231310107,62_0
0.002335350800604346,0.08114397319766307,62_1
0.010704136565861031,0.07414162785335006,62_2
0.007424174489982662,0.08095894252103635,62_4
0.006343034392103448,0.09467585792923548,62_5
0.003934869336332116,0.057405875778179634,62_6
0.004432489090758943,0.07846949568762597,62_7
,,62_8
0.0031529256691515753,0.05435893166059132,62_9
0.0034612062644434165,0.028505843542178583,62_11
0.002994593054181876,0.044015189791077484,62_12
0.020666506399272665,0.18086694366965178,62_13
0.014881662445033191,0.07585202195151602,62_15
0.0029264008753305884,0.05219925807318068,62_16
,,62_17
0.0028019942018371454,0.08370774803550678,62_18
,,62_21
0.014698050414251918,0.11391455905892447,62_22
0.0037204484993806214,0.037993091463230204,62_24
0.0028169996167543097,0.03943957236410117,62_25
0.002759256780132929,0.03943101771122446,62_26
0.0030853081641465845,0.06918298219163255,62_27
0.011494168761160153,0.09636770655442256,62_29
0.00401089675152782,0.024459972785228448,62_31
0.004503742831874808,0.0970609801536311,62_32
0.0043763821220522995,0.07595750415763612,62_33
,,62_35
0.003922441842583925,0.04573525909957632,62_36
0.002917754061409797,0.05927813893690567,62_38
0.0014718074595171022,0.053286069536065475,62_41
0.005677851310212359,0.0849682265715612,62_42
0.0014444425243662798,0.02132397763958173,62_43
0.0066961604908034765,0.08015189573514385,62_44
0.0029135018439557544,0.06049762700121921,62_45
0.003026695958861983,0.05979308108415742,62_47
0.004596644115102041,0.04099242167576695,62_48
0.009891282116832515,0.03806646830417012,62_49
0.009519256565742098,0.06437278362046624,62_50
0.010780129155451908,0.056913394087510075,62_51
,,62_52
0.009013219400015784,0.042484056974815214,62_53
0.004001050113615199,0.04090548152793032,62_54
,,62_55
0.03988502451586933,0.18540981739619355,62_56
0.0024868591178442635,0.15900684135571289,62_57
0.007780635867716214,0.06417518867087664,62_59
0.002888898539362921,0.034772488442337185,62_60
0.0035636977674476937,0.06712420729756916,62_61
0.0030893148440182326,0.049065590415318536,62_63
0.007665007172541927,0.0880544118907138,62_64
0.014867208107086438,0.11747849694574664,62_65
0.0028725820632527826,0.049782147768020306,62_66
0.0069785698435741485,0.09619942302829686,62_67
0.007337206931027964,0.0598536315501156,62_68
0.0021974177936522703,0.07262017466299824,62_69
0.0018152694092025761,0.13013923541428352,62_70
0.0056790006592961325,0.0788147079753268,62_72
0.003930444698823922,0.05799183643802518,62_73
0.01583786045183137,0.07412960928322945,62_74
,,62_75
0.002856094675758133,0.07176101218174358,62_81
0.002020391584645352,0.05927733661138229,62_82
0.007035884224294188,0.1075372816427762,62_83
0.006896083952298758,0.07074639010419223,62_84
0.05506400798027655,0.21203566978663413,62_87
0.023729753725899912,0.12363342066446746,62_88
,,62_89
0.003616406357005593,0.04380079113412269,62_90
0.006478498808483884,0.06704108581287305,62_91
0.01048736162652825,0.08127644818033053,62_92
0.002774761742244058,0.04638965917308933,62_95
0.04260571172700794,0.13089722527396908,62_97
0.04910511678310858,0.1537519179725935,62_98
0.007569237423785189,0.052528032014405326,62_99
0.019484483611469,0.1142210421800018,62_100
0.0028123436705550535,0.03609615324505489,62_102
,,62_104
0.004114758988708391,0.06650590634059404,62_105
0.006622252263181195,0.10581219864678264,62_106
0.01639962397541526,0.10076172892917697,62_107
,,62_109
0.003974638148234053,0.06378160194894562,62_110
0.003188675494448915,0.04714189013017702,62_111
0.006028327512620034,,62_112
0.0048306131474634,0.061103952686125264,62_113
0.007739045736694779,0.0915127735211597,62_114
0.029359622381439132,0.20919788548941567,62_116
0.005370578393066801,0.08450515391395003,62_117
0.012789666292393625,0.16199701505956338,62_118
0.005124887852187366,0.0835887708584169,62_119
0.002343049656455603,0.029116016011050107,62_120
0.0027750177763927416,0.05208654141244026,62_121
0.02449062219948873,0.07939582791255638,62_122
0.004735929127121176,0.052382529561420296,62_123
0.003473542832249491,0.0358500038062619,62_124
0.002846823373025043,0.0471648713476089,62_125
0.007606705997708594,0.0861234182838515,62_126
0.004952499661428785,0.08143480995375886,62_127
0.007509524919006229,0.05836592884384707,62_128
0.0016862676169165439,0.027632472237444115,62_129
0.0026350797286130937,0.045756254266455826,62_130
0.0029360163884286083,0.052960764657765225,62_131
0.004348422388374458,0.06823859249629953,62_132
0.01564356564263057,0.07633326323443523,62_133
0.0026489120438329622,0.0390661410692199,62_134
,,62_135
0.0028650726113928476,0.045147647382928695,62_137
0.011268038683343386,0.08026307875902015,62_138
0.004256662850511653,0.052261276476334696,62_141
0.0028238848046671645,0.037982266553220255,62_142
0.003157648592225001,0.0500371080873461,62_143
0.003540561713271325,0.055615807018453,62_145
0.0024537697801102405,0.04366670849940361,62_146
0.0021256249722891984,0.04078032538740505,62_149
0.005267041516314019,0.06678088824401145,62_150
0.0063727916644432435,0.12438787262172675,62_151
0.0029380305118603804,0.06843505059922445,62_152
0.003833122370715626,0.08989879708512916,62_154
0.0032420428553877915,0.057531102021159915,62_155
0.017940687045077244,0.06336202698971573,62_156
0.003737203296444682,0.07886752744568722,62_157
,,62_158
0.003596393216648201,0.05822320344333119,62_159
,,62_160
0.022260957717359833,0.0679610322750405,62_161
0.006446313209121288,0.11947324957400765,62_162
0.010877915069348971,0.08019093677679742,62_163
0.013379729514735011,0.07847169073329645,62_164
0.007930976335702939,0.04582549162948657,62_165
0.0025170452267012818,0.04494053897213968,62_166
0.006048218976559404,0.07336540288916354,62_167
0.004481307320973106,0.0572603689566475,62_168
0.00356716290146773,0.12864655404680742,62_169
0.0031739465667699205,0.055696023534552386,62_171
0.006608462366286622,0.05920604271775281,62_172
0.010384719469202367,0.055844047771521826,62_173
0.0028668398647984142,0.0638868929282459,62_174
0.010617193988114955,0.07063408174198867,62_175
0.009055826527970648,0.045601563535428415,62_177
0.005125067700436551,0.04292934178013494,62_178
0.0036933612101411346,0.09577901493452831,62_179
0.0068096732787113305,0.12876530033454395,62_180
0.008109141616726075,0.08987895781375294,62_181
0.008277127202745484,0.06545796904521431,62_183
0.009147167452118857,0.05611863654834845,62_184
,,62_185
0.011746481176527471,0.08543889433321922,62_187
,,62_188
,,62_189
0.004908420220098096,0.07764436308927311,62_191
0.0052671565836283985,0.12764192936036264,62_192
0.0027739174516672586,0.047697856590973475,62_193
0.018487058322961398,0.07602259044722727,62_194
0.0020504977034040955,0.06807450064695834,62_195
,,62_196
0.01282825041214327,0.16664367856205045,62_197
,,62_198
0.004582059552690675,0.04813860191404174,62_199
0.003028262169770015,0.043913086317307316,62_200
0.011982706324513584,0.16688111227536973,62_201
0.004314628359840049,0.056339913235897716,62_204
0.003131815666903267,0.10381557847531196,62_205
0.005923366000480921,0.06287877297257419,62_206
0.024927581149041176,0.10221892340717609,62_207
0.004451607957994314,0.015596366564340465,62_209
0.011015710437626744,0.08976668697793456,62_210
0.011263834077163977,0.08047920914893562,62_211
0.001844216646051679,0.01877222006633246,62_212
0.00363480696101277,0.042246625449993726,62_213
0.0036906634850466307,0.08105659384195442,62_214
,,62_215
0.004468777878360003,0.05954932131615184,62_216
0.009563757932791446,0.11444413276629185,62_217
0.006233406268518517,0.05994798632396922,62_220
0.002478699485073669,0.10546681173365269,62_221
,,62_222
0.0048441390268294795,0.0959829862583369,62_224
0.006280067684446486,0.055434380907256386,62_227
,,62_229
0.007046298043130153,0.09071273562306591,62_231
0.0025886331273986553,0.05366849779429686,62_232
0.004612155780792593,0.0781265924558825,62_233
,,62_234
0.005294165605575671,0.09532883289665757,62_236
0.0035962543009392662,0.055562119380188714,62_237
,,62_238
0.014251004075555155,0.12099866721631425,62_239
0.019710703705716887,0.10665868446825119,62_240
0.006768911370865655,0.10279244863149152,62_241
0.0067088901872274925,0.13279701113837875,62_243
0.0028983939825061784,0.06972516737798355,62_244
0.0034433818570921318,0.012659100751132486,62_248
0.018934022419210352,0.11605241194107534,62_249
,,62_252
0.0072769049649849555,0.07723364210737477,62_253
0.0045088321385645,0.06409643625858225,62_255
0.00404936431318748,0.0658105928019045,62_256
0.004446958061201207,0.041915296625770766,62_257
0.003885396181827862,0.049500916090471254,62_258
0.008186927289546909,0.3304603832800832,62_259
0.005576050535727959,0.082175379204076,62_260
0.004908618924612107,0.07196701488538254,62_262
0.005189168516580878,0.09091203589448843,62_263
,,62_265
0.0021805220867367517,0.08669492810241833,62_267
0.00403841411385769,0.07788059542046356,62_268
0.007827351398922945,0.05808162796326008,62_269
0.008630818070429131,0.11266275559446629,62_271
0.0032103420254029156,0.048436675108528796,62_272
0.011175166636939219,0.06731586459388866,62_273
0.012692472917331938,0.13998004483674234,62_274
0.003543869131545949,0.021877443613768314,62_276
0.006318478928206926,0.08004908711304776,62_277
0.0038468402989651714,0.04009892523761734,62_280
0.007429419051689177,0.046213823490586906,62_281
,,62_282
0.009031290930792999,0.13497729088591032,62_283
0.003902026318672576,0.06186227095436063,62_286
0.0017513586283685722,0.05204500026225264,62_287
0.01131533360709731,0.10850272429263229,62_288
0.01916178864253892,0.13695818815768024,62_291
0.011763826156340248,0.07553909938813344,62_292
,,62_294
,,62_295
0.020374204191181744,0.10571062995668717,62_297
0.004087539564857508,0.04778604637967004,62_298
0.0032798655513840043,0.07787856114032463,62_300
0.009252696584339994,0.061138879458217416,62_301
0.003360136377090453,0.04112922359033901,62_302
0.012030445403169377,0.06668168100037374,62_303
0.004135237982871903,0.05524421831136471,62_304
0.0038608415911708977,0.07668142344007425,62_305
0.005185944365768135,0.08680217961349655,62_306
0.002693592599576146,0.04425113886356121,62_307
,,62_308
0.00935632365785975,0.13357907916401776,62_310
0.002339121377963146,0.05334265146196736,62_312
0.002745070778427386,0.027722435448837134,62_313
0.003006886552209456,0.01908947826644666,62_314
0.018357998958685583,0.17491532594027018,62_315
0.02082669050647128,0.19137095946538013,62_316
0.004168133238795763,0.08854634604202952,62_318
0.0013808191382764744,0.03276300640143529,62_319
0.005375588354992313,0.05613799979379118,62_320
0.0077134681670897294,0.04833292701797881,62_321
0.004055108707951646,0.07823735762794841,62_322
0.004130947035176115,0.06030065402447915,62_323
0.0031206936579923515,0.08154476574131954,62_324
0.0038600306818399187,0.042944136073581406,62_325
0.0048710150338080235,0.09224228882038768,62_326
,,62_327
,,62_329
0.004409411461815445,0.09921935577276311,62_330
0.0026683678129945094,0.037018030470663724,62_332
0.004013098616545722,0.10840146271609419,62_333
0.02182364411708612,0.10856957177122961,62_337
0.011062335540925625,0.11592518405175506,62_339
0.010390830502416916,0.06320769085976632,62_340
0.005296370148348799,0.03550125816592148,62_341
0.005701054553211827,0.07949784640932052,62_342
0.003238452341225485,0.06517850418449964,62_343
0.004090984335454056,0.05292486282294122,62_348
0.013249043896949536,0.05787294034229533,62_349
0.004211010178289519,0.07004729991496453,62_351
0.006874397979077226,0.06902545366939265,62_353
0.005885912330056398,0.05725070696284966,62_354
0.006807258934129914,0.08771060590279085,62_355
0.005146184393668573,0.11360622465514306,62_356
0.005290009285296585,0.08942861102416169,62_358
,,62_360
0.022797892670604503,0.0845599416175245,62_361
0.0038138675246697125,0.046667088205812106,62_362
0.007347795972328199,0.03854676469333177,63_0
0.008667468498669258,0.08923484865433622,63_2
,,63_4
0.010729986610604508,0.1298966506411355,63_5
0.0022754111007654413,0.05517954151510674,63_7
0.006128807299460007,0.06821381924641233,63_8
0.003591924217526457,0.11606739412079907,63_9
0.0074473324913117795,0.09446314238130693,63_11
,,63_13
,,63_14
0.0018877990003801817,0.02321372927082512,63_15
0.004781154471060659,0.060519432017255244,63_16
,,63_17
,,63_18
0.0037267996645849863,0.07775469493072994,63_19
0.004502299515884829,0.09042450604917211,63_20
0.007030750433495049,0.10767372429945864,63_21
0.005683803393120285,0.12315635581472004,63_22
0.003703879511678584,0.07793859427992494,63_23
0.007892570167166466,0.11525390383010597,63_24
,,63_25
0.002758166301224407,0.034259023893688026,63_26
0.002918245111638337,0.06247844381225308,63_27
,,63_29
0.005363238688817942,0.0815234147021758,63_31
0.009506906113096897,0.08865541195042527,63_32
0.007980656595391773,0.03489222637654573,63_34
0.0027028528150060014,0.04813843176731711,63_35
0.0053639741123966255,0.07115360330767118,63_36
0.0029144766779965895,0.034181888333367466,63_37
0.008273499499689554,0.11863166139849413,63_38
0.016233239126710493,0.06930477958197062,63_42
0.00525914348950554,0.05406337678170331,63_44
0.009705323902488822,0.10241074122096809,63_45
0.006301355416392807,0.08523541569763338,63_46
0.004218894956777552,0.09461299138288962,63_48
0.007408571884550842,0.10600445457226867,63_50
0.024089000811319355,0.10540248123003812,63_51
0.003077257800762216,0.05303775524684373,63_52
,,63_54
0.0016952565011882164,0.041003514637540484,63_56
0.006136230614024404,0.08769259602866152,63_57
0.0020803981652114632,0.04804629007103177,63_58
0.03588570437606049,0.17628054450721378,63_59
0.0029144803784922507,0.10306825502653733,63_60
0.002937585202384168,0.1395989057520598,63_63
0.001981322492894254,0.05345970419226289,63_64
0.002917210452059541,0.07442367544930598,63_65
,,63_66
0.013636998154017642,0.0851330590920597,63_67
0.003584089987521879,0.06722032122522367,63_68
0.004073418133289244,0.056741437229745395,63_69
0.0019250814958001656,0.10390013528959705,63_71
0.0027981944485926027,0.03958069430675442,63_72
0.0030696422827949685,0.08408829555173493,63_75
0.005321557411033457,0.0788876996662404,63_76
0.0018908509826520827,0.019086227030435162,63_77
0.003572198788841584,0.11220958037757753,63_79
0.002586454012662312,0.06200590256833562,63_80
0.0032282152798768777,0.05232825774410582,63_81
0.004577079908081415,0.07105200429694795,63_83
0.0028488715128691384,0.08748161611482683,63_84
0.003816552204434526,0.055144273159001125,63_85
0.006139354084830662,0.07892367091127524,63_88
0.007690735419588266,0.16186877708288763,63_89
,,63_90
0.0040332155688687895,0.09257958580371514,63_92
0.0032214755237588225,0.05820646051764785,63_93
0.0026640846009393228,0.03545571484636232,63_95
0.002573214385960443,0.04142564150882368,63_97
,,63_100
0.0033314856437636777,0.06979210964549341,63_101
0.0028124543478681,0.08304068000037486,63_102
0.007326902109520208,0.10820673474170604,63_104
0.004149642938853192,0.051615031675071706,63_105
0.003423761222636988,0.08549676513908282,63_106
,,63_107
0.0031859543366370468,0.03744932617963391,63_108
0.011307205129718844,0.1415244472958552,63_110
0.032591142283777255,0.1375422631272414,63_112
0.002517949006697809,0.053534129829650244,63_113
0.00375706501280382,0.05549350723774729,63_114
0.004056358453661928,0.09241753212423606,63_116
0.013486422654666177,0.13311072333442797,63_119
0.026780538569839717,0.3459264578040756,63_122
0.002537799507622901,0.058814894388745514,63_123
0.018857217570290952,0.15355376970982262,63_125
0.005351577101032795,0.08114490564426784,63_126
0.014420726449062008,0.06392038393355078,63_127
0.008645329659878919,0.13571016246234938,63_128
0.0028793310624811086,0.07721296459966272,63_129
0.01123064707241328,0.12800158061085623,63_130
0.0035462196135330765,0.05655015656465069,63_131
0.003050506250078421,0.17446066397864018,63_133
0.003557403311358823,0.06769293954298537,63_135
0.007987661055665736,0.06168132355299659,63_137
0.006921068176708226,0.05588067556974974,63_138
0.004586423758277107,0.04212561692165308,63_139
0.003452450679400532,0.07447146863182137,63_140
0.004039935229773365,0.0635632144346763,63_141
0.0046986929978530476,0.06621918028258923,63_145
0.002299590460597082,0.034816573701163735,63_147
,,63_148
0.0035103481321272596,0.04646935192075688,63_149
0.005919964685428112,0.04980132281424344,63_150
0.0033109792739975646,0.06995057236203223,63_151
0.003826440159091316,0.06543334887640154,63_152
0.003828866665905172,0.04889827296539057,63_153
,,63_154
0.00549620112733862,0.09080466945348363,63_155
0.009734458103205215,0.09757416872275476,63_156
0.0027654160304745766,0.052823933419108626,63_157
0.004925189026708747,0.10451087455547703,63_158
0.0057940582374699815,0.07959130548267049,63_159
0.004148784627087698,0.05053382811487692,63_160
0.0030488194006829277,0.06503489400118999,63_161
,,63_162
0.022928513644156646,0.06391618149223109,63_163
,,63_164
0.005892289700448305,0.05121508572437914,63_165
0.004911594026106945,0.06559800621705908,63_167
0.0033037980043816298,0.06078473119301217,63_168
0.007507703694148543,0.06710100331896748,63_169
,,63_170
0.001775362665761329,0.02632393058979223,63_171
0.006583432092290873,0.08313012103368338,63_172
,,63_173
0.005024382898074819,0.0632653328845849,63_175
0.02738591315673442,0.049707311208399246,63_176
0.007182642863308455,0.07042492464127632,63_177
0.0020702652102029167,0.052428383845203125,63_178
0.0041827751393396775,0.06417029224225448,63_179
0.002274907913070507,0.04550096353701778,63_182
0.006955517221314144,0.176049173665632,63_183
,,63_184
0.0018446146683151407,0.07064630947012294,63_186
0.010213030352778518,0.07076892592871376,63_187
0.003925164591979262,0.03523816187851421,63_188
0.0052125667515929815,0.059563085938662476,63_189
0.010411818411778071,0.08343954990019137,63_190
0.046995878427889395,0.14055519697343133,63_191
0.01153701466112618,0.09338654825227709,63_192
0.0039054024988172524,0.048472090943116004,63_194
0.004465619267436948,0.03284557125725573,63_195
0.007069411320189919,0.07017506402118888,63_196
0.0045008468372138245,0.12771554762212853,63_198
0.0045047200593666984,0.10042442291167542,63_199
0.011958307997607852,0.0671772331122282,63_200
0.00850186477776447,0.21959611800821258,63_201
0.020572971771777932,0.11313625013824109,63_202
0.004042860128329712,0.09048380580805049,63_203
0.0069374111135134826,0.08620408969889679,63_204
0.007218296006119608,0.06169178921880973,63_205
0.00393267246787142,0.13162534249987282,63_206
0.005194436914333994,0.10727404514524408,63_207
0.004794194706677384,0.04808155198084013,63_208
0.019300297199780707,0.09103509583802713,63_210
0.0016693285267879736,0.09312224425381319,63_211
0.00406127354712405,0.07588732690849041,63_212
0.013600547738681546,0.07371288529088188,63_213
0.004909053049259381,0.03912358394583435,63_214
0.010609546962347515,0.09438581975035687,63_215
0.0054799830915901,0.06209811837502111,63_216
,,63_217
0.005932758081939234,0.07212801602396901,63_218
0.008749698650034525,0.04158329045741976,63_219
0.007753445420519091,0.1790150439527339,63_220
,,63_221
0.006675104959964911,0.03348325223369878,63_223
0.007778569309533644,0.28192245101086955,63_224
0.0054796894998085125,0.08483827829451417,63_225
0.01165060978580841,0.05327693269023901,63_226
0.009943718054068115,0.06837295216060602,63_227
0.005044362989109953,0.04763898460152602,63_229
,,63_230
0.0054785200359998365,0.07237429844254145,63_231
0.0035634368477526043,0.06509394756604743,63_234
0.006261314613443164,0.05699005474747331,63_242
0.0028965913261633364,0.07617906840392062,63_244
0.0029772009664248826,0.028066480202753066,63_245
0.004821590605166684,0.061239176034968014,63_246
0.004519006344540361,0.06552362890619179,63_248
0.004324168049322423,0.06757487998038265,63_249
0.0037864422872946114,0.06062303878839882,63_253
0.014236122932007631,0.09488550320042938,63_254
0.0019427385164598,0.031786373084996614,63_256
0.001270118392664355,0.07224005072349637,63_257
0.010026096044536983,0.0696255557048799,63_259
0.006929999324043179,0.08704648208150058,63_260
0.009519954014585058,0.09600036660523217,63_261
,,63_262
0.007510486985153824,0.046169880565556376,63_264
0.010055863321247192,0.13601096667832227,63_265
0.0028393628551788568,0.036092260996878824,63_266
0.004402742965651536,0.06959545255753305,63_267
0.0036038483072858324,0.05230439338639714,63_268
0.00500062010584779,0.06707704554856102,63_269
,,63_270
0.012215260656382737,0.10623729259596289,63_271
0.03314433692992699,0.09212552298651144,63_272
0.01538828850251039,0.08482727157363755,63_273
0.004122733535204047,0.041121762302215675,63_274
0.0031747863215906905,0.06527576178939319,63_275
0.015593894633611865,0.10954479146191655,63_276
0.007977008315602002,0.06775812013487331,63_277
0.005014356399150631,0.07875642450181485,63_278
0.0035895562914788934,0.05331091610351681,63_279
0.004046834288222719,0.07546938444307713,63_280
0.0033567979860141626,0.07809434339297906,63_281
0.01139408509966229,0.06716038455805393,63_282
0.01298729545391698,0.05260245917880464,63_284
0.006800657933188519,0.1044080189925796,63_285
0.003042197603050364,0.06583657877696004,63_286
,,63_287
0.004415921319554218,0.07029682398869372,63_288
0.005750973342927935,0.06653919145631029,63_289
0.005551144395976315,0.062393428359801495,63_291
0.0035728064095407594,0.0662976768813995,63_292
0.006206779883251797,0.06253439395403693,63_293
0.005569842026145609,0.05986086931656782,63_296
0.008936863092051066,0.08750044204282759,63_297
0.00603349512540892,0.08013038332167255,63_299
0.005502557520915362,0.06322610336840935,63_303
0.018463656871879716,0.11894121303094785,63_305
0.0026069607037385034,0.03632920690441043,63_306
0.004817036610001218,0.05446250629116927,63_308
0.002765565661590677,0.07402808643022878,63_309
0.004880831902114919,0.060097691628604566,63_310
0.0035542534909793937,0.05969837646344898,63_311
0.002450463099716108,0.04453395458503185,63_312
0.023385349218051618,0.12490499733875585,63_313
0.001910920790798318,0.011967070979141865,63_314
0.008777982235302668,0.06500627824317094,63_315
0.014374754525941261,0.10125479232132956,63_318
,,63_319
0.004421417459571879,0.055159083981043265,63_320
0.012531990123344636,0.07338947848157489,63_321
0.001124638595250945,0.015112162332764035,63_322
0.002116326718672481,0.046427907733773144,63_323
0.0019964559701131854,0.028931725014661278,63_324
,,63_325
0.00659446515551489,0.06069835081882573,63_326
0.01002121201762958,0.089634985809755,63_327
0.003249286702744689,0.05290658135733933,63_330
0.0027889669157909547,0.06578560257497688,63_331
0.013331738364583639,0.07138723109891101,63_334
,,63_336
0.018286768567899563,0.08930056496931503,63_337
0.005101529073225511,0.047769397346502304,63_338
0.0030203610251540573,0.17102487240819436,63_339
0.003945348400567619,0.056935272744892296,63_340
0.018186741146787103,0.1353512858575476,63_341
0.003451012876421421,0.10490478371579043,63_342
0.008576386756395557,0.05309110675241726,63_344
,,63_345
0.04209111270871848,0.16245760328890085,63_346
0.01875004090120911,0.10766788032366995,63_347
0.0033422652761927506,0.04211158596458966,63_348
0.002861696477894038,0.06551986981682967,63_350
0.003597786581217714,0.08219991377471692,63_351
0.0013131342908898791,0.09133441993128824,63_352
0.001585106392909348,0.047222824787007726,63_353
0.0018546942157927323,0.07834996691152263,63_354
0.0020894174108683793,0.04830649124858202,63_355
0.01098823994330404,0.15161706308871611,63_356
0.010805442582464509,0.07363726456890604,63_358
0.005106450034596194,0.12229703900046965,63_359
0.004420795565958649,0.07495200707728845,63_361
0.004571556186203956,0.11009915998926013,63_363
0.004101765590484426,0.06956465262330962,63_364
,,63_365
0.003320775185256888,0.05452654862075929,63_366
0.0036697162389916567,0.04143449663921069,63_367
,,63_368
,,63_369
0.0073646146630216075,0.03876238869603442,63_370
0.007560626102306139,0.04535638572182012,63_371
,,64_0
0.010690794050586755,0.03826423636307905,64_2
0.008749383446966042,0.09462707892725436,64_3
0.005182456435591469,0.04203534954003909,64_4
0.0069555861322155785,0.06622929781493114,64_5
0.0035397752061057473,0.06893276336588332,64_6
0.004645884974073542,0.019192054346155257,64_7
0.030418564373070726,0.037352015801219045,64_9
,,64_10
0.005654743699845779,0.05248064011588324,64_12
0.003049473263252597,0.043518902416187256,64_13
0.010905307377711528,0.14166389912325988,64_14
0.005389439912886571,0.05678568099434361,64_15
0.016530796040393984,0.048267024744696824,64_17
,,64_19
0.05032502351482847,0.20575651634765527,64_20
,,64_21
0.016728954003778825,0.08458960400909248,64_22
0.010914192077521262,0.11963039944881129,64_23
0.006747769314897882,0.051641640258059826,64_25
0.0064111290870120345,0.15032515200710192,64_26
,,64_27
0.0022106653575031665,0.043760273360447584,64_28
0.005350995311720949,0.10034885003249028,64_29
,,64_30
0.003913676647637891,0.06512893660679622,64_32
,,64_33
0.0026124962779218697,0.04797224668441465,64_36
0.004058995353121346,0.09293069689535245,64_37
0.0039009949448039673,0.09304152256056152,64_39
0.003761050821914053,0.05634620027196762,64_41
,,64_43
0.005100507650623971,0.06480434135458835,64_44
,,64_45
0.0028032904751499024,0.06072743110607382,64_48
,,64_49
0.006376607114207975,0.07757375255208934,64_50
0.007842639521678796,0.08447378933540634,64_51
0.019425447727706446,0.16455534557764873,64_52
,,64_55
0.0038700091993793297,0.09905657581655637,64_59
0.014874763767145775,0.07292955728672235,64_61
0.002368899553118465,0.08410029533341512,64_63
0.013887312789728486,0.1771903189109865,64_64
,,64_65
,,64_67
0.004378099736916034,0.07227016516317353,64_68
,,64_71
0.011937566027623466,0.1392330128817076,64_72
,,64_73
0.001842610700428261,0.0604400118659891,64_76
0.0019087741517687807,0.03311732807577396,64_77
0.00705276963993579,0.08779461750554092,64_78
0.0111698787019069,0.09643172071526246,64_79
0.006984981860895406,0.0679844257948781,64_80
0.0033231636489677208,0.05659726810075605,64_81
0.004373368458988142,0.07231714419051362,64_82
0.002897721759333712,0.03734049509149234,64_84
0.003300460853155449,0.053035703083247926,64_86
0.011643284988860235,0.08615866409802932,64_88
0.006722070290761166,0.07871648317548179,64_89
0.015903140510345415,0.1074666978137132,64_90
0.021346880017114992,0.12013629390517304,64_91
,,64_92
0.004624907914243768,0.0383633080803658,64_93
0.007334561686864421,0.07829865720656297,64_94
0.0069426961982607446,0.05707004346189502,64_95
0.00708627776743193,0.08483092440360201,64_96
0.005562589362568022,0.10611400933338859,64_97
0.002338004913062272,0.04441762641126763,64_99
0.005899560164546252,0.07865108996764086,64_100
0.0033446133040415963,0.05076960438374051,64_101
,,64_103
0.001760915178665214,0.06398034406982361,64_105
0.0025689806875276314,0.08285225896230163,64_106
0.004660711161647495,0.07572262443167649,64_110
0.01787151895694074,0.08384917540065927,64_111
0.010505868529910013,0.054240342370651354,64_112
0.003924167809738928,0.054199710705738556,64_113
0.003414117031287478,0.07118938927033555,64_114
,,64_115
0.003896502715168409,0.10598750797572892,64_116
0.002618654764802519,0.06441114830092438,64_117
,,64_118
0.010047911120678685,0.12553491063252153,64_119
0.0037888279619760572,0.037470627957566796,64_120
0.013771431815256373,0.1416516266648906,64_121
0.03969903837411616,0.10296213211541028,64_122
,,64_123
0.00313562269661709,0.07092348063058887,64_124
0.003238183047238617,0.13584527745250935,64_125
0.003221124683160417,0.066303836315773,64_126
0.049365153852084634,0.23326490633526076,64_127
0.0033322353634807826,0.053387120336700296,64_128
0.010123950653381945,0.08425454091830224,64_129
0.005673806799977224,0.08227650130773405,64_130
0.01074763467999875,0.09367514577563622,64_131
0.00770628048208868,0.08451303029494822,64_132
0.012331463405677768,0.10623581790048825,64_133
0.014454016408183617,0.15524670336676014,64_134
0.007936534872079548,0.11486585303639142,64_137
0.006630627955243592,0.1108511373949204,64_139
0.003113060150062251,0.03956282945292403,64_140
0.0042283300978044735,0.061440187327835495,64_141
0.007229237910949995,0.1069416691331663,64_145
0.002272163728583606,0.05137198639278722,64_146
0.008638442875262298,0.058440983930074276,64_147
0.016767094668165033,0.044977937566949046,64_148
0.0034819158692532695,0.07745125352759871,64_149
0.013289878793049251,0.10091268120403879,64_150
0.009496906694038644,0.09637904956161553,64_151
0.0027381341907268303,0.07231917015145653,64_152
0.003056395641450733,0.03475383561565641,64_155
0.005357371892912635,0.0560223760091066,64_157
0.0057233973996258635,0.039362088946466714,64_158
0.004725242847195422,0.06385351858859845,64_159
0.0025488418886050056,0.05208506722203513,64_162
0.005304543756584425,0.05763927367123181,64_163
0.0036434941960728547,0.04845676780187279,64_164
0.007326956255184452,0.0772209350043401,64_166
0.007482612523388729,0.09663438405618063,64_167
0.008584135262319648,0.07272045768500003,64_168
0.008234272710294817,0.17254680285068277,64_169
0.010578110720017108,0.11979682767270594,64_170
,,64_171
0.012632510618444394,0.08829244210863989,64_172
0.009850005157064967,0.10157116863360643,64_173
0.003648134630378321,0.07504870454506507,64_174
0.003031395337304484,0.06445527697658714,64_175
0.002737656862493674,0.04615221723415216,64_176
0.00637444120949264,0.13491609307843727,64_178
0.015907186820535935,0.0404538908974596,64_179
0.00396712104916958,0.07295511582849641,64_181
,,64_182
,,64_183
0.005104812723373772,0.08275516445753656,64_184
0.007296739274436794,0.08448185493391684,64_185
0.00361277435505049,0.06267660606856866,64_186
0.003340446113001094,0.07347634501828458,64_189
0.00916663998701709,0.12537763390336681,64_190
0.002458066756613629,0.0666871671787536,64_191
0.0016124133678679581,0.06750413578989484,64_192
0.006297582188258294,0.08927972367239113,64_193
0.0028543101314865544,0.04928378558506849,64_194
0.014967827674536643,0.16375524095451865,64_196
0.019061598866563046,0.12108307847879299,64_198
0.006153275217028335,0.057548071666596375,64_199
,,64_200
0.0025190611822526175,0.1054130658841136,64_201
0.002680988326981598,0.056484619688083194,64_202
0.004209820687149415,0.06083463034810127,64_204
0.003918114669419721,0.058255931138044816,64_206
0.009550963314829948,0.1618552466635701,64_207
0.0038050087513056626,0.045313570227825097,64_208
0.009167403335941205,0.172428379077408,64_210
0.012589093337285064,0.21667713205072492,64_211
0.0054439261395582035,0.07800367681373853,64_212
0.004995135630224517,0.11880860465343364,64_213
,,64_215
0.007428451935415763,0.13849920900411544,64_216
0.005820740110778862,0.08659342349450629,64_217
0.004015173487817344,0.07290230581318421,64_219
,,64_220
0.006632284634615961,0.06118770542095144,64_221
0.0025215411828724697,0.08334710759525849,64_222
0.00482299546303349,0.07354589053569467,64_224
,,64_226
0.00497466023858792,0.07131358559840185,64_227
0.00524036916094224,0.05104478989845061,64_228
0.004113172974873135,0.051272760436768115,64_230
0.0026022854933846333,0.10386483769943002,64_231
0.009510325381942915,0.10697853385139382,64_233
0.01604036900569284,0.054385471001950764,64_234
0.004537808472349322,0.05807390795411098,64_235
0.0026240492439085763,0.0687677614116242,64_236
0.005775595752129726,0.07849480070563693,64_237
0.00656815516415754,0.08242634631648671,64_238
0.006725079899944339,0.05527860956122147,64_239
0.0021260956638003876,0.0648176938264807,64_240
0.004576499902234832,0.06481942915894981,64_241
0.026799317111555535,0.1961864989174356,64_243
0.004424470543583874,0.08629794731198198,64_244
0.005020716070311806,0.05098458721026333,64_246
0.006809718158465535,0.13331403316468535,64_247
0.006909563559857833,0.06554464229457967,64_250
,,64_251
0.0023363431257812438,0.03987502546756336,64_252
0.0032303581393506404,0.07860623346777527,64_253
0.00237313881515623,0.04495156715244033,64_255
0.003943064095173288,0.04253435253919924,64_256
0.0023963539194289617,0.07371898129496601,64_257
0.004523375646132521,0.08378266322551202,64_258
0.0035758992456903544,0.04963147749780744,64_260
,,64_261
0.006302172528451978,0.06734262092499474,64_262
,,64_263
0.009685896263248046,0.04153368839777113,64_267
0.0021819922150814134,0.04274598493089744,64_268
,,64_269
0.007912410948722382,0.0938265786773635,64_270
0.0036315299320298345,0.06000151305215136,64_271
0.00883005637217378,0.06786004479484073,64_273
0.0077486337742493335,0.0665315288737393,64_274
0.010459685212368904,0.12684163142948432,64_275
0.03187888047574926,0.1996371053985194,64_276
0.010434476310602351,0.09733651406405751,64_277
0.01499130339965419,0.11080769083443175,64_278
0.01496055084539524,0.0790228672448147,64_282
0.005936224371795732,0.05818570474627888,64_284
0.006059723814528347,0.046063615886002,64_285
,,64_286
0.009682450905116956,0.12495048924646557,64_287
0.008471394143012737,0.11397665268942035,64_288
0.005874101557280767,0.11388207724803902,64_289
,,64_291
0.003741636231416503,0.04408061756537848,64_292
0.01191720566477846,0.09729137861882874,64_293
0.004265512916052891,0.03451169754878697,64_295
0.006719878769152977,0.06638097989542452,64_296
,,64_297
0.014160086358903017,0.10524710481686261,64_298
0.0028408214277357126,0.03709861924561581,64_299
0.005445994087970167,0.06012399355457172,64_300
0.004268527819952421,0.037450549432238286,64_302
0.003568771714499999,0.024471845316468177,64_303
0.011343529147142319,0.16611577795455582,64_308
0.0034622639368433214,0.06973456690221932,64_310
0.01034767728870846,0.04363079828596703,64_313
0.005057506191981464,0.08739753821334671,64_314
0.00418785083462288,0.0734437525334037,64_316
0.004188722041609533,0.07836597886767345,64_317
0.001674547958779568,0.021097888866550268,64_318
0.003603022313401624,0.07045479164796076,64_320
0.0052149408887929,0.05209554767277061,64_321
0.0023496110356525405,0.045227160506267794,64_322
,,64_323
0.0033960625585275806,0.04671569614811765,64_325
0.004019447194413349,0.06323955546036188,64_326
0.007643903494216871,0.10728271400351858,64_327
0.008170294400852153,0.09851410045022395,64_328
0.0040407748526200635,0.07475366489493436,64_329
0.0026906731514644705,0.05226657139184789,64_330
0.0066615744920730385,0.06482525226755595,64_331
0.0025793049021690657,0.0685673443185411,64_332
0.004072940247121816,0.07867056737394094,64_334
,,64_335
0.006545895101963206,0.11205360003440049,64_336
0.005813251323869423,0.09050417362797541,64_337
0.0031720235717159736,0.02619652119153306,64_338
0.010424887016405057,0.06807603732999407,64_339
0.004155134331085577,0.06234031651503083,64_340
0.003759418577713482,0.054938244406784,64_342
0.00506442294265731,0.05967532370969657,64_344
0.0060392224637985355,0.07530847463530148,64_345
0.0032836976648752646,0.05074959913866131,64_346
0.00476650331952218,0.05333265236900959,64_347
0.001951798469949509,0.035069503685265395,64_348
0.004092828419315254,0.035248226068389565,64_349
0.0027481206428071167,0.06678053429827478,64_350
0.014183927614123223,0.07356096662992222,64_351
,,64_352
0.050885285874242056,0.1740269213435963,64_354
0.061005943954275166,0.16957046316549468,64_355
,,64_356
0.00301386466195991,0.04188815005238499,64_358
0.0017641369772663032,0.02014054217413806,64_360
,,64_361
,,64_362
,,64_363
,,64_364
,,64_366
0.014130186179190877,0.11969761814424679,64_368
0.003329782398134636,0.04139425527106379,64_369
,,64_370
0.0037096610093952627,0.05181720156982795,64_371
0.002170741624896829,0.04046252117833997,64_372
0.004185958623298168,0.06661957210231635,64_374
0.0030875514816481554,0.06478834260882904,64_375
0.009463284497470312,0.08989442597866087,64_378
0.0037905383656387836,0.04215292975014866,64_379
0.0026903907718034714,0.07390860794647572,64_380
,,64_381
0.0024968255907216437,0.037555841540825016,64_382
0.01033941264750073,0.07643662109673452,64_383
,,64_384
0.002895679070314108,0.030612629127257623,64_385
0.00920586994081351,0.18908314701221457,64_386
,,64_387
0.00981335434288896,0.051381128862153805,64_388
0.006031807662279053,0.06172963192815654,64_389
,,64_390
0.007083112254421756,0.15866024792090502,65_1
0.007854524160951653,0.11881451151893647,65_2
0.003496743412884171,0.06062890029742747,65_3
0.01143042632740466,0.09985989480062467,65_4
0.0011494176147515993,0.04359043034769151,65_5
0.0065736978996813805,0.07790595707878893,65_6
0.00315279291704378,0.0824380293049796,65_7
0.00691484074699777,0.09837575683448053,65_8
,,65_10
0.0030824751874083413,0.08531331097240848,65_11
0.00449608582116715,0.10393231618071332,65_12
0.007999844511708435,0.10239598171562937,65_16
,,65_17
,,65_18
,,65_19
,,65_21
0.02506387180425421,0.11481057231517407,65_22
0.032167920554130744,0.17885774912833485,65_23
0.009198761847338843,0.08297951191435687,65_24
0.013438882657116891,0.07996062039198575,65_25
0.008075060013643165,0.050865254302069965,65_29
,,65_31
,,65_32
0.0037914337113887924,0.03173856542919888,65_34
0.005868347513686806,0.12105082107174453,65_35
0.00179402415283569,0.03903319472589079,65_38
0.006323274812430115,0.07784871059018214,65_39
0.01789275110374808,0.12513893993875677,65_40
0.004976880650339079,0.06573968078971577,65_42
0.012182043819594748,0.1931834770349792,65_43
0.002043122876608952,0.0321155592685509,65_44
0.0036062951117691207,0.05367823153622412,65_45
0.003122677809114702,0.0463163729166843,65_46
0.0036152687190008108,0.07003890525343309,65_47
0.005571133172441924,0.09654641495793305,65_48
0.007419618189186829,0.11360469422775729,65_49
0.005493801319327341,0.10924048117739721,65_50
,,65_51
0.005387022552461402,0.12378457092680623,65_54
0.004617194713876824,0.02943724175780883,65_55
0.003457904517591253,0.07893934137180934,65_56
0.004022337488261124,0.0797583341870011,65_58
,,65_59
,,65_60
0.005687551892899939,0.08573409039416952,65_63
0.028816331506283047,0.09318559066012624,65_64
0.00565611708617622,0.04518915569248295,65_65
,,65_67
0.0024424193302942923,0.03156730627278244,65_68
0.00628291016123165,0.06071245893094172,65_69
0.030455974912823133,0.28816367797124404,65_71
0.010951588824590566,0.06739156465179415,65_72
,,65_73
0.010036007583850896,0.11204973043621526,65_74
0.010356833312168662,0.1093362082538498,65_76
0.012335786879269938,0.09577074745514313,65_78
,,65_79
0.0037775983365340602,0.04728890412097466,65_80
0.015703754622619928,0.07782287043261552,65_81
0.002828922572783271,0.05926734539004252,65_82
0.0037865111718643017,0.15829384961644363,65_83
0.0029622786624553823,0.09204712642613824,65_84
0.007655328604100675,0.11222175911593374,65_85
0.004097374651575143,0.06036860734122079,65_86
0.010154769456102008,0.08592273185834219,65_87
0.006453246674304081,0.08011009062023311,65_88
,,65_90
0.011027484017107401,0.09864745182582564,65_91
0.0038601772986526957,0.07365778180504451,65_94
0.027226833589719467,0.0858257796263924,65_95
,,65_96
0.0034765958347158484,0.06122064222606475,65_98
,,65_99
0.02345692310100955,0.1781206480553999,65_100
,,65_102
0.0036825982329667245,0.060384761557638576,65_105
0.00360320601790666,0.038081060903284676,65_106
,,65_107
0.0023767609994625335,0.04311110824126343,65_108
,,65_110
0.003726594227974266,0.0700947141182776,65_112
,,65_115
0.004990632487708419,0.09490718850508306,65_116
0.02893365401939664,0.08199015688719122,65_117
0.0027750077857273325,0.07364532867781258,65_119
0.011983672855356368,0.15426114206279712,65_123
,,65_124
0.003746856260396834,0.04794438929064699,65_126
0.0030371819357768387,0.048174133075840356,65_127
0.005663054652082071,0.06568355680883582,65_128
0.012710490686795327,0.07042030262480312,65_129
0.004238283087667753,0.056852249155773985,65_131
0.009069579982088391,0.056912116933471445,65_132
0.008035581563954355,0.056413502575054855,65_134
0.004494994990632468,0.04417948075615321,65_135
0.004102786549377887,0.046905899960618065,65_136
0.006572585683593325,0.05775832596882139,65_138
,,65_139
0.009533562921369013,0.08696220104266895,65_140
0.01003224817784288,0.04344518421598725,65_141
0.0038125178159215153,0.08210472417113387,65_143
0.0019876532647297197,0.0316938751390607,65_144
,,65_145
0.016388740386425547,0.14629537959999306,65_148
,,65_149
0.002979915231334477,0.055952544717530486,65_151
0.005808242023732772,0.12354793297734983,65_153
0.009856063097534798,0.15302746729446914,65_154
0.0039708694588685605,0.10081984390099644,65_155
0.00413207445316491,0.08965691839489255,65_156
,,65_158
0.00666597379460437,0.05752509314912768,65_159
0.004443194444278893,0.06585499587898176,65_160
0.007536498542561887,0.15451491249888705,65_162
0.004012585504235062,0.05443046619770158,65_163
0.011718637624925683,0.07842036701216931,65_165
0.004076785551149559,0.02347892291913747,65_166
,,65_167
0.004497461531146164,0.041013540779418316,65_168
0.018769088596367365,0.10981161449527017,65_170
0.006346089319862599,0.24102492354801336,65_171
0.002657858932703487,0.0315257614505562,65_173
0.005036846135604346,0.044733541114419406,65_174
0.0025861414903535864,0.032956315804564006,65_175
0.007484360655636303,0.042856012358211994,65_177
0.0037409764685909183,0.04824892271120571,65_178
0.002542160683423466,0.07192928537921336,65_179
0.003614043799904334,0.07140488139958633,65_180
0.010763082431346282,0.053011088142602934,65_182
0.0038334109550874165,0.05068074938797758,65_184
0.011259701387994035,0.07038190809793518,65_186
0.004000887912727007,0.05808953973203465,65_188
0.005016964088955594,0.054844653542113084,65_189
0.004417657166730535,0.04640372615992297,65_191
0.01813885140000309,0.22369288366736206,65_195
0.005000117509136642,0.0975922342757077,65_196
0.003353319030874976,0.04036874633125876,65_198
0.011274539836800459,0.09164001770740929,65_199
0.011742979273439027,0.03830587381038186,65_200
0.006394618512397884,0.09129169384822074,65_202
0.002529833313002194,0.04429024713596693,65_203
0.002305719117355809,0.019343238865912892,65_204
0.004140473237651038,0.05067404912737138,65_205
0.003498167346306485,0.06734986422962848,65_206
0.0046679916098150255,0.09498668111663859,65_208
,,65_210
0.005103162849320333,0.049804766698844545,65_211
0.005920192577729945,0.06363472418067374,65_213
0.003894334073774645,0.04694036585854441,65_215
0.007490015817162296,0.06377912167596159,65_217
0.005155764996010299,0.06761583918904347,65_218
0.014676967701610432,0.1665683666827248,65_219
0.006259348790751452,0.050460302889163346,65_220
0.0034721870836274516,0.055556802004471446,65_221
0.027288295700366873,0.12554491697132886,65_222
,,65_223
0.01228644583634884,0.07850707060569405,65_224
0.011446734613997353,0.10733900064070977,65_225
,,65_226
0.008053725675382126,0.09119048811880608,65_227
0.0028185078447906012,0.03727239284402951,65_228
0.012415837059932665,0.19077826094015657,65_229
0.029688847397127297,0.19104311227020823,65_230
0.005006741898747557,0.07249469770238887,65_232
0.0026794367330916125,0.026324005558187116,65_233
0.0049713993201830385,0.08216511780006122,65_234
0.003159952077040713,0.03345723124142828,65_235
0.002987293618288528,0.04172703262381348,65_236
0.00804335110150791,0.07755124933102407,65_237
0.0027137698306431094,0.041887249768021446,65_238
0.003860556017954455,0.07686194269097119,65_239
0.007856132364403558,0.16111816268945503,65_240
0.0029910507650513936,0.05076259605654199,65_241
0.019291273172788677,0.07688054753205818,65_242
0.012294292016541088,0.09768817309695946,65_243
0.00436728314430889,0.07999425065799438,65_244
0.004867019887360933,0.10036431000698309,65_245
0.009252819146538157,0.08933825471679653,65_246
0.0038549790109034653,0.12764738881463306,65_248
0.004010158346935578,0.16547355917155077,65_250
,,65_251
0.004820520345567041,0.11453035412085566,65_252
0.019263229738146655,0.13869703726534993,65_254
0.003402566785384115,0.1578904811533413,65_255
0.003631056217512622,0.05863963499269957,65_256
0.0030256742697403,0.0927145317747586,65_257
0.004295085816594784,0.072470331908175,65_259
0.003627318266582986,0.08859132113495996,65_264
0.0047089377690050635,0.04557126243279537,65_265
0.0032247433393462147,0.048671214649188714,65_266
0.005562513109993369,0.10302216508670546,65_267
0.0040183930704726515,0.0758845577935424,65_268
0.003857240831741835,0.1056002496327155,65_269
0.011999180641555212,0.08030879638489802,65_271
0.004173923331808831,0.06648141924793963,65_272
0.007555143151521275,0.050150153287673506,65_274
0.00696664838521923,0.0843808696276704,65_275
0.007037308685860964,0.0820113740627917,65_276
,,65_277
0.006394749605180766,0.09210719879922151,65_278
,,65_280
0.005958534124626161,0.08060092641037817,65_281
0.003934921590450484,0.08330770621119334,65_282
0.004557856669227384,0.0637691473334367,65_283
0.008690050238354534,0.0663940726211544,65_284
0.00735617125362061,0.04431776423585078,65_285
0.007954385667139584,0.07320130367527768,65_286
0.021711865575675678,0.09532082650972086,65_287
0.0030679460269445236,0.04795833248957049,65_288
0.001442755747509114,0.0657545775643792,65_289
0.012073697661949845,0.21059604315512478,65_290
0.007132530091567348,0.057454315533844176,65_291
0.0071148088080316,0.15205878156245745,65_293
0.005421704768249475,0.08665915463544388,65_294
0.0033057970829771387,0.09663098023196295,65_295
0.003784061217273772,0.0561822929840049,65_296
0.013759040023965666,0.17161524162000516,65_297
0.01203245206919817,0.40335758124745524,65_298
0.003774583083131162,0.07741756508200823,65_301
0.026874087980222266,0.1004910319992523,65_303
0.014692386691902166,0.13788634951329745,65_304
0.002643633901998457,0.06095257038060195,65_308
0.004749959915472486,0.1110692271676326,65_309
0.008873728038584069,0.09088892456503299,65_310
0.007604611028693002,0.06412969577346203,65_311
0.002871420702216287,0.0854314911348987,65_312
0.003932108873911683,0.07350110811588911,65_313
,,65_315
0.00538375826390449,0.05686462704862288,65_316
,,65_317
0.002443521114720509,0.0575183927247124,65_318
0.006564362448467213,0.05521872285759792,65_319
,,65_321
0.006483169304314894,0.06250987293083973,65_322
0.0036920863441762966,0.050731081357052586,65_323
0.016950796653354146,0.08862241259905262,65_324
,,65_326
0.004016161583767136,0.03849208194640094,65_328
0.011021848579190687,0.09680576012713962,65_329
0.011093242546067451,0.09149975538620443,65_330
,,65_331
0.006155427833662001,0.07121467389174288,65_332
0.010232165102122258,0.10778749679436615,65_333
0.014008423788805105,0.10271337506780338,65_334
0.0040242799524783145,0.06679144142569696,65_335
0.003761151966157414,0.05062908819010221,65_336
0.022920664242282677,0.09374171600219894,65_337
0.003952751206276804,0.038657941724091906,65_338
0.0054009786392058955,0.1084209607680455,65_339
0.0061842731034216945,0.05734980712460723,65_342
0.003562502934743284,0.05774157564320986,65_343
0.010396052491206346,0.07521934319501233,65_344
0.006133950561062587,0.10621813316263454,65_346
0.002943520380011917,0.10284403024530435,65_347
0.006571184040479053,0.053096088605005,65_348
0.007007929521918853,0.06657456221341883,65_349
0.014682811336077625,0.07079754660230864,65_350
0.0051688222978447055,0.04484555700600301,65_351
,,65_352
,,65_353
0.006387434645688807,0.0733481936014218,65_355
0.008021089905689088,0.09717168920724534,65_356
,,65_357
0.0011348144123557306,0.03015597346823546,65_358
0.0038945834274054145,0.032631851575082256,65_359
0.0045121012763641504,0.07000811510606139,65_361
0.008651142611331115,0.10825414258114813,65_362
0.003963740719016934,0.04302337854627444,65_363
0.010086101592082881,0.10810315421449566,65_365
,,65_366
0.01099695468532215,0.0684111959578194,65_367
0.004245643207784593,0.08529084900749925,65_369
0.00913362047816618,0.05637686473756416,65_370
,,65_371
0.015424381807520813,0.08706402443037929,65_372
0.0030859345418006484,0.03310025188117496,65_374
0.00434122726710381,0.07525613433898888,66_0
0.004945801659895645,0.13419427727543062,66_1
0.003064974657012248,0.07364155119251961,66_2
0.022489764439801226,0.13060895859811356,66_3
0.022141602324423033,0.04356816503651188,66_4
0.020048061489194035,0.11693277859448249,66_5
0.0027922609048047866,0.10247674216978434,66_6
0.0023882792846755645,0.03887186552641974,66_7
0.002279926597300387,0.0395122750068356,66_8
0.07567154759078848,0.14450485755010833,66_10
0.0014618959964641646,0.06324587776154258,66_11
,,66_14
,,66_15
0.01570020382618002,0.11337414886832349,66_16
,,66_17
0.008335116399575668,0.0762998985366568,66_18
0.0028974242095281414,0.09533370540410752,66_20
0.005695513285493037,0.06512773446504207,66_21
0.01303216360305185,0.10003767514859928,66_22
0.0028674677994612635,0.060709077693029655,66_25
0.005534358696360644,0.11818410652011267,66_26
0.0036632147254747494,0.049714430511931536,66_27
0.026063009734277404,0.19796935210228303,66_30
,,66_31
0.01019716994035616,0.13337054346651483,66_32
0.006075608486982806,0.07362497083526773,66_33
0.0019378852654878358,0.07442563424129316,66_34
0.006740091633031018,0.07740379424230268,66_35
0.05184706895409297,0.16956754745287617,66_36
0.007672847084609958,0.04876711038238672,66_37
0.002052573471375647,0.03060547921083337,66_38
0.006652834607148645,0.0878988306112218,66_39
0.00327659536050927,0.05652232222949766,66_41
,,66_42
0.003610355903148297,0.14306621833608515,66_43
0.0038724386449928597,0.07165474457100927,66_47
0.004880097733231495,0.04731690642131161,66_48
0.0025307084785481195,0.08918383773127159,66_49
0.005154529134134794,0.11401227318503986,66_50
0.010736606229876506,0.07909111706455883,66_51
0.0048743626239602066,0.11302566949271887,66_52
0.009741405943587233,0.10187406192846973,66_53
,,66_54
0.003184896898029755,0.0616768220533334,66_55
0.005360092467591427,0.07474211517078712,66_56
,,66_57
0.003325816513007687,0.07145827380484429,66_58
0.013476490397189496,0.09422730880045119,66_59
0.005382514543512488,0.1999852846386329,66_60
0.0023410292915830187,0.07260292932738109,66_61
0.007221597934758336,0.09225037436620365,66_62
0.005765991659279566,0.03794688864059358,66_63
,,66_64
0.023718541594640746,0.15183139683445576,66_66
0.012333440512249341,0.12286256940037893,66_67
,,66_70
0.0034934582900679172,0.12088868647705744,66_71
0.013145706765749733,0.08880340614463472,66_72
0.00815560234492842,0.13194555992998738,66_73
,,66_75
0.003347984658929372,0.04955789857273828,66_76
0.0009845626177084385,0.0417826123896423,66_77
0.009932373123764673,0.037055232347595994,66_78
0.003755117964326524,0.06809034362285396,66_80
0.005355639819863786,0.042917033153185014,66_82
0.0034032394351293364,0.0738394458461108,66_84
0.0072421130104410305,0.052495075337100607,66_85
0.021937786933564116,0.09180182826039728,66_86
,,66_87
0.01242204756499806,0.2538842960664031,66_88
,,66_89
,,66_90
0.007317318673602418,0.06885927702901243,66_94
,,66_97
0.0039039152475236513,0.07634893778610995,66_98
0.004970001677844139,0.09797366291728188,66_99
0.007601001333202022,0.04947769947128734,66_102
0.01815359752815968,0.10102308252705884,66_105
0.03369516236837995,0.24584994633558466,66_107
0.00377588988260163,0.07921961046549968,66_110
,,66_111
,,66_112
0.012944221704101614,0.2862716619903492,66_113
0.003212242386654693,0.07713064138403845,66_118
0.008348261894465612,0.0792511306482139,66_119
0.0026713956801225876,0.0761308191045706,66_120
0.0033205098219092582,0.07223669174804556,66_121
0.0076686850575099835,0.07393356389367006,66_124
0.001329261624186087,0.020698402062426482,66_125
0.003116612732271001,0.10642027606076881,66_126
0.004389500309361305,0.0616108676128166,66_128
0.007021380293064577,0.048862281404118676,66_130
,,66_131
0.0035401859745101583,0.07485118106768067,66_132
0.00584329264693607,0.07610127553151519,66_133
0.012246038623126934,0.07580184332056414,66_134
0.010048058965492468,0.08852282305653261,66_135
0.01783092781923663,0.031714689340800864,66_137
0.0040836305894025255,0.049156879922489696,66_138
0.0028598051963306106,0.0561093866244979,66_139
0.005876702505611833,0.0654027273633688,66_140
0.009816130744206142,0.11404203689941354,66_144
0.005600414442673801,0.09395066148036396,66_145
0.012606032993748434,0.0978062396081518,66_146
0.0032107999559524286,0.05813453787610772,66_148
0.004766029590214419,0.09088922308667165,66_152
0.0029697212442233315,0.05249187595277888,66_153
0.0067557928777189896,0.08586844321224976,66_155
0.009327269565193056,0.08086317798758721,66_156
,,66_157
0.003924244856161511,0.09314935365678596,66_159
0.0069628780532199645,0.08214726733322897,66_160
0.006725716629331514,0.05625682593372159,66_161
0.004702668347397738,0.053890386055048034,66_163
0.004396135146215036,0.11282186272673184,66_165
0.012997052494471997,0.07018154092497685,66_166
0.004190305302192583,0.04972380661578098,66_167
0.0028212880760012152,0.03310363208279372,66_168
0.012232347114672878,0.1719714445784706,66_169
0.0033568528007613396,0.05100508876039592,66_171
0.010633611883608483,0.13399374767876646,66_172
0.0069560332380519205,0.04914474060964356,66_173
0.003549563452608796,0.059614038767988715,66_176
0.0037179730210302867,0.05483143588203061,66_178
0.005757951851868272,0.08020135026171654,66_179
0.01028660580545068,0.06507900957380093,66_180
0.0034099009993604538,0.05974055180205151,66_181
0.0049785755957482665,0.0825137233715972,66_182
0.004508984333514782,0.0874154970006413,66_183
0.008342306191549246,0.08291171313906562,66_184
0.0037158948784786357,0.1316510775862584,66_186
,,66_187
0.008988981650464817,0.060499463832855475,66_188
0.008419914673392237,0.06086713973159819,66_189
0.01374313553305358,0.42466689570759913,66_190
0.005750393636204523,0.03826742899047806,66_191
0.0028271651123556968,0.0732414301122115,66_192
0.00456146655279986,0.05322827758439682,66_195
0.007264120836891283,0.09564707200832666,66_196
0.004266163850176298,0.0951059785829729,66_197
0.008633954389357308,0.07444057381015398,66_198
0.005514998262905563,0.060256433245073314,66_199
0.0031667660893785476,0.058853049179360295,66_201
0.004398110146265582,0.1431218777102279,66_202
0.0031588450062773475,0.05325275443607923,66_203
0.0028555935098085665,0.047011641031041856,66_207
0.004997247668668396,0.081366173897272,66_209
0.025080015733174737,0.11251055214417527,66_211
,,66_212
0.008674055428537207,0.058142950352133314,66_213
,,66_215
0.002690305590094962,0.04263331563874495,66_216
,,66_217
,,66_218
0.006306924065213771,0.09481245276445033,66_222
0.004261566999748604,0.06478620980836688,66_223
,,66_224
0.004060106607965284,0.04031164343076612,66_226
0.027695916582060894,0.12623576275529547,66_229
,,66_232
0.004547755440894081,0.06369092255248032,66_233
,,66_234
0.0035409059850232613,0.062170107548520336,66_235
0.008310794149080992,0.04044782650452866,66_236
0.008886231199502038,0.07984061380071046,66_237
0.014826930708253501,0.10361527663970083,66_240
0.002058601366239413,0.024189420426226838,66_241
0.0031338944202299454,0.0643265865339248,66_243
0.0033824692915565015,0.05282774452492562,66_244
0.0037839805068136927,0.061599090865667165,66_245
0.0015191370681971541,0.038644393539827175,66_246
0.006114944657698982,0.0772343736105405,66_248
0.0039369502222335396,0.10470128975100114,66_249
0.006451760368112039,0.11407573128298974,66_251
0.011023507338819781,0.07437744353835371,66_252
0.015757185731579176,0.11188120765936725,66_253
0.02878571392373332,0.1883759344563863,66_255
0.0058924745718072725,0.077022561494747,66_256
0.003931804883596332,0.03695227746035343,66_257
0.007095393300649574,0.07882934872003955,66_259
0.0035378553065517674,0.1014574875251827,66_261
0.0032011505735139384,0.07692157240589731,66_262
0.004343418541349282,0.0904156047460067,66_263
0.0037934363298960426,0.08026623021122939,66_264
0.01350998984796495,0.16484774823691803,66_265
0.005083685503304384,0.07074677722849468,66_266
0.004297091345465928,0.120047387418365,66_267
0.013128608561036405,0.0647633994465086,66_269
0.0035346035768231638,0.04890795101364587,66_271
0.004051209723709786,0.06453531385630076,66_272
0.0033292365258516883,0.09395346351951418,66_274
0.0029102533751069488,0.05812849394540203,66_275
,,66_276
0.0038196418058241478,0.07595033834313604,66_278
0.0375432385585917,0.23966884727502033,66_279
0.014798416525086278,0.11918623369593044,66_281
0.007315906581163344,0.07486523903198186,66_282
0.005731866718146961,0.07328895446743391,66_284
0.0034359204606349003,0.064568259251987,66_285
0.008880273537299093,0.06082400462889236,66_286
0.004479063991163733,0.04813591047954119,66_287
,,66_289
0.008268143292949896,0.14076171362756953,66_290
0.006130477588069456,0.05554134427054607,66_292
0.006351962782226813,0.1271326448556935,66_293
,,66_296
0.0026772214594127943,0.034984923334861834,66_297
0.0037066984523985505,0.07262084719108247,66_299
0.005699787076598147,0.0587914678496953,66_301
0.024524414275813974,0.10372056427043844,66_304
,,66_305
0.0038957444924319923,0.060131163165354586,66_306
0.015934521607414896,0.09698527071151189,66_308
0.0038873899916952418,0.08643178153907079,66_309
0.0029787852531005816,0.03838150635786091,66_310
0.002883555546394943,0.050887074346462696,66_311
,,66_313
0.002059668089024725,0.061149259900810375,66_314
0.00270444112253542,0.07245936529552557,66_315
0.005844694491954474,0.06954129876523149,66_321
,,66_322
0.0021879800817156785,0.035698856188472586,66_323
0.0038718479245792403,0.02404242960580238,66_324
0.004787462124243873,0.12368665834507775,66_325
0.00346673234373155,0.06624516047635214,66_326
0.005059447886102057,0.05250599128046954,66_329
0.00828239362389175,0.11210116685409653,66_330
0.0023894707395621705,0.029927605154249262,66_331
0.006229218222726396,0.07200814570930465,66_332
,,66_333
0.0030555800637802758,0.05909035439810783,66_335
0.0025632669227571955,0.058119905344489374,66_336
0.004641828824012997,0.0741069149470873,66_337
0.004740440109502841,0.045173083848745924,66_340
0.14910563821720926,0.4068316999974087,66_341
0.008208955713510947,0.05391905594344966,66_343
0.023242666919503725,0.08240455791875272,66_344
,,66_345
0.010285140521995756,0.055415420311203195,66_347
0.005034715110863022,0.04379501135192483,66_348
0.0036576425096993075,0.06970826236526188,66_350
0.0033210173504009052,0.053420957852841976,66_351
0.0024427947358292472,0.04864671889914906,66_352
,,66_353
0.004562430385415442,0.05300316975928195,66_354
0.006324231043386368,0.05861712112070283,66_357
0.005205105536894971,0.059081546161236,66_358
0.0036425795485055374,0.0643551822331213,66_359
0.012619967135407474,0.05705461305374704,66_361
0.0038679090966012566,0.07219689160290739,66_363
,,66_364
0.005558532589416439,0.07983776346307446,66_365
0.006830368837743545,0.07009673712869967,66_366
0.004460871073260117,0.07049513486812363,66_367
0.004875216048497395,0.060591296284258404,66_368
0.006755801344901531,0.05584285262719828,66_369
0.0036271118599118246,0.07486412127049671,66_370
0.007760326450687149,0.0881683040969251,66_371
,,66_374
0.003491451878573564,0.07076598729858945,66_375
0.004051391871999055,0.049257591980551255,66_376
0.005760437583614063,0.08485302047047219,66_377
0.011898437992451103,0.12881951680128542,66_379
0.006992116779361307,0.05802964035409018,66_380
0.0056624657342307415,0.09727528583590149,66_383
0.003305506140058089,0.07201421430444557,66_384
0.004284071306626449,0.06383539800133818,66_387
,,66_389
,,66_392
,,66_393
0.0024204288988412363,0.021159743101176336,66_394
0.013529157914967017,0.10170034966382928,66_395
0.0018865443926722387,0.06285664863296268,66_396
0.008075943050692137,0.07513607883616091,66_397
0.0020151486756338336,0.05700488901533106,66_399
0.011077655540919414,0.07457056597654821,66_400
0.002116309587395827,0.06888682909653933,66_401
0.007743619359279869,0.09709602661307823,66_402
0.01243405958617982,0.08591063921114447,66_403
0.0031678477354750273,0.10910643160293271,66_405
0.0020259683872362677,0.05354826285647381,66_406
0.004364666055315796,0.13075616690852362,66_409
,,66_410
0.03908106667621205,0.12456770661939981,66_411
0.017695144898796516,0.07342073030054193,66_412
0.007575381827041401,0.07892043765005007,66_414
0.012533683215598447,0.10328931945892755,66_415
,,66_416
0.007429748670049828,0.059226218814717346,66_418
0.020529221729755458,0.1946035922318489,66_422
0.001956166133873131,0.036083611266881276,66_423
0.0038563401531728075,0.04180951079771048,66_425
0.005394282295774575,0.042194296544747996,66_426
,,67_0
,,67_1
0.004081194066692376,0.04302975862967683,67_2
0.005748902277546669,0.12028945551189055,67_3
,,67_4
0.010897698368590029,0.031256193977996186,67_5
0.0011575697174418522,0.04060652058578791,67_6
0.009221642289027597,0.07519895282626117,67_7
0.005254179092115462,0.04637721483454899,67_8
0.005191933870372297,0.04313810645127841,67_11
0.0013437858947959078,0.03243528239631968,67_12
0.003495172651447254,0.10965048413612498,67_13
,,67_17
0.0065052088067037925,0.07720003277070067,67_18
0.0034837208798946784,0.06740181307410176,67_19
0.003614715552554848,0.06475170234437494,67_20
0.0033575562326450337,0.07064434881180721,67_22
0.0029104748902744303,0.04563040310347451,67_24
0.004096585532917473,0.09694444910882452,67_25
0.004463223145611979,0.060270911572310036,67_26
0.0034224822360616742,0.03476349861835726,67_27
,,67_28
0.017782635296153232,0.11208966012140997,67_29
0.002627067016859527,0.04094745076082424,67_30
0.007602120391237875,0.14221734813617434,67_31
0.00313093233668039,0.024949885543037547,67_32
0.0030300127294574596,0.047543487219984165,67_33
0.002892574934779826,0.05600602006960541,67_34
0.012265691381798356,0.11240348009005195,67_36
0.005614266952085839,0.1105260014515795,67_38
0.006952199166371674,0.08954997563649417,67_39
,,67_41
0.012862243562274656,0.07027604317805268,67_43
0.0026017967805587066,0.03031721546030333,67_44
0.0198322940915227,0.1346497423008522,67_45
0.0036019072359655753,0.03386030754269885,67_48
0.0054781476593715375,0.04375272893069238,67_49
0.021870333735732838,0.09071596318581293,67_51
,,67_52
0.0045835665345872485,0.11511674448181493,67_53
0.004821467862901934,0.05719473253573783,67_58
0.015117369823069984,0.10470865414749182,67_59
0.004845940039327563,0.06775362747561232,67_61
,,67_64
,,67_65
0.0011064624145780964,0.03438349113623305,67_66
0.013896792527146056,0.10705934820300818,67_67
0.003332268227659166,0.06347006354371468,67_68
0.005761317954205906,0.08525974238700965,67_69
0.00617041804814268,0.056035962566595,67_70
0.0038981895890610944,0.05136831908433088,67_71
0.006914994296218203,0.10345776020906808,67_72
0.0019359668404635504,0.03951504806726333,67_73
0.0013732697186763642,0.05253908425368517,67_74
0.0027342398810413287,0.06419353344387706,67_75
0.005343117453617917,0.051473280744457166,67_76
0.0033009788311598866,0.053551240383568025,67_77
0.006137671235068329,0.09800103730471253,67_78
0.00436470647968614,0.04855478344169408,67_79
0.00684568109698621,0.057805560783525216,67_80
0.0043743597047310664,0.09320935615896721,67_82
0.005001062190564115,0.07024964645253519,67_83
0.014709383380221788,0.09009060205555221,67_84
,,67_85
0.0034413764728065065,0.05646274101686151,67_87
0.008740172187516203,0.07281698736674326,67_88
,,67_89
0.03754433035441624,,67_91
0.003587200085251922,0.048064987822950794,67_92
0.01261055877679179,0.10795961960577441,67_93
0.0038653751002814553,0.08368137280836994,67_94
0.004272166060844297,0.08709024522379344,67_95
0.008161984849382877,0.09325973444713995,67_96
0.003156578456598559,0.04699640590645729,67_98
0.00945574287125023,0.1060519832057186,67_99
0.013609371208395239,0.1708528772015721,67_101
0.006581301796245689,0.09055428154121488,67_102
0.0029136335723058573,0.09760092897430286,67_103
0.003235198526241234,0.057858855902344096,67_104
0.004119953210849396,0.0592864961785053,67_105
0.006229470931916211,0.054044319537942205,67_106
0.0032183682519145705,0.0718265082424779,67_107
0.0025950263767179557,0.05152332656375523,67_108
0.003632877532349752,0.06001517154549523,67_109
0.003575896878038006,0.04319732735234244,67_110
0.003556219710112431,0.0859271218385057,67_111
0.0028079482582237096,0.05796096022876989,67_112
0.0096936981363786,0.07306221094732876,67_113
0.010998731636489213,0.07816888558683022,67_114
0.0015502847565111294,0.07272685409208222,67_115
0.0028088848781239093,0.031462886188090684,67_116
0.004205955626384785,0.05023567115183063,67_117
0.012002045634819275,0.08927208182576174,67_118
0.005420349580366251,0.0780895003222461,67_120
,,67_122
0.004392482474490337,0.039756863114194914,67_123
0.05695659379446565,0.434802799397819,67_124
0.007773345683550568,0.06846042667017764,67_125
0.003132019208207372,0.05647367129421915,67_126
0.04059807188847535,0.1556676183675192,67_127
0.0026665839562205,0.021258286083098987,67_128
,,67_129
0.0031695723846133866,0.03298133930188405,67_130
,,67_132
0.0023680245542550184,0.03414610215168057,67_133
0.003242223519438818,0.04649637609509641,67_134
0.004264941510372274,0.19152926434393905,67_136
0.0057712197020485774,0.07824584852703145,67_138
0.002232165928829201,0.03939366476303192,67_140
0.0022284724612682224,0.062090298239313085,67_142
0.002620381080649474,0.028582624906506614,67_143
0.005953575957184248,0.0701301528892697,67_144
0.009984529031928572,0.09187961982945402,67_145
0.004748448487170467,0.06858380804339723,67_146
0.008963675962704554,0.11687383421391674,67_147
0.0030925629326316803,0.07602414324103994,67_149
0.003998217675411418,0.06627647387414923,67_151
0.004211977465841686,0.10757637100347887,67_152
0.04219708342196076,0.09727160073236436,67_154
0.0031184563050214447,0.06939566083912427,67_155
0.002320563811574922,0.0723414033348359,67_156
0.0018438887326326014,0.04543550798444545,67_159
0.004812948677884789,0.06494866914665709,67_160
,,67_162
,,67_163
0.0036916113649695494,0.07853106183216813,67_164
0.006717458648308394,0.07675585965555569,67_165
0.011138867466243959,0.06638141202901547,67_166
0.008446511072639433,0.08876294545772798,67_167
0.007254323110005169,0.09274531205562928,67_168
0.0032989409037004727,0.03841861783871378,67_169
0.012044461181393025,0.1257284445276483,67_170
0.020585579782873318,0.08725354047599371,67_171
,,67_172
0.007295441189180648,0.09370257473100291,67_174
0.022209541126712987,0.18025433259258414,67_176
0.002260388363478909,0.10576678912595343,67_177
,,67_179
0.0029301504999884992,0.04095170888070384,67_180
0.008367514707138203,0.13782704557303524,67_181
0.0041107187334783685,0.050666928964186675,67_182
0.005698264558516183,0.055682348991251594,67_183
0.004161843804504163,0.04507232118448586,67_185
0.0016406128436913564,0.06712106392956137,67_186
0.005027814562525431,0.0900217227108403,67_187
,,67_188
0.0027703483600964767,0.0584801318207814,67_189
,,67_190
0.011927298988862805,0.08154205464620146,67_191
,,67_192
0.0030472705812704583,0.057179715237910524,67_193
,,67_194
0.004718874257913049,0.05936576965630011,67_197
0.018160362219250395,0.11350274788638923,67_198
0.002280925479889054,0.03430313864922357,67_199
0.0072057731473419906,0.06952595922039446,67_200
0.01166970816126116,0.1368634000833542,67_201
0.004781115177639626,0.05362200952694652,67_202
,,67_204
0.003276614830461569,0.07174262259823495,67_206
0.006519861384866449,0.06789223086239925,67_208
0.001928717201497164,0.04080600734071437,67_209
,,67_210
0.005433642447135177,0.09418305464305167,67_211
0.0060332297609775555,0.07044504153222213,67_212
0.007908436725096151,0.06365581463862602,67_213
0.0038200251293970338,0.07661472168819707,67_215
0.011656084624632128,0.18943515322423204,67_217
,,67_218
0.006088073141292717,0.1319537441786801,67_219
0.016051957328358492,0.12416799087766087,67_220
0.01027297471107282,0.09612585891902611,67_221
0.010192983603496455,0.07056431729452235,67_222
0.005126746074436346,0.08750707461568706,67_223
0.0040671144521914416,0.060868311074934206,67_224
0.005160917179372999,0.06109860228334893,67_225
0.0053434370055722895,0.08111713981475917,67_226
0.007040213502558737,0.15763700421173216,67_228
0.005431309304749842,0.20043136218650492,67_229
0.0035540227218207585,0.051461702604455276,67_230
0.00954267619256563,0.1704713965994762,67_231
0.0512421150523403,0.4530338072837574,67_232
0.012752879112139149,0.05441891946648073,67_233
0.017741563973740417,0.051874050491788185,67_236
0.002434298288090782,0.028824873870823803,67_237
,,67_238
0.003809837335639631,0.06421184089357951,67_239
0.004116955765424189,0.0666424840630679,67_240
0.004120181286836214,0.0673699653112993,67_243
0.0049498086046773065,0.054559913659113814,67_244
0.005846627339507308,0.07822558812783625,67_245
0.003942597057694384,0.041299955476511496,67_246
0.004023953239749886,0.053345111899886326,67_248
0.004385822569571365,0.03707541045418882,67_249
0.006442388679895363,0.08021366807891823,67_250
0.00614116882393187,0.041489935546239004,67_251
0.0060194078396377925,0.0960762406021451,67_252
0.002255025079521317,0.05877250916218647,67_253
0.010859860640479736,0.07576625330977003,67_255
0.005441030202360032,0.049356323359941605,67_257
0.0031422435170233806,0.05563201228884191,67_258
0.007727410652666169,0.11439560972657851,67_259
0.00493459291773967,0.059017653880100315,67_261
0.005772349881160471,0.07846467059011161,67_263
0.0039360996818501685,0.051991501336009764,67_264
0.003370612542664155,0.04768456921368768,67_267
0.0032592195312865246,0.07474401484620338,67_269
0.003907430755921122,0.07242275937601755,67_270
,,67_271
0.004768364328138704,0.14325541901473193,67_273
0.006554452770588242,0.04299660120284835,67_274
0.01068192830098387,0.09022365830095429,67_275
0.005471452569464527,0.06949373495842802,67_276
0.008401509316121929,0.07985043284973964,67_277
0.0074907109059788295,0.07142207331902825,67_278
0.009336603820760516,0.06828155009368544,67_279
0.010471279650015052,0.05409330645348968,67_280
0.0054337738474616515,0.09338067158420164,67_282
0.010024767570260293,0.05291750342641022,67_283
0.00414087698473592,0.09229934566515445,67_284
,,67_285
0.011998485348404631,0.07824595910294349,67_286
0.002175944537092963,0.05056017842855562,67_287
0.00423870487185713,0.04770173408580403,67_288
0.00796598635735007,0.06191547700730106,67_289
0.00959264920267186,0.05950421924646634,67_293
,,67_294
0.0040695294354830954,0.06950488125028323,67_295
0.0036867882727014654,0.03991504886447086,67_296
0.00268571712673966,0.04108970595534947,67_297
0.005207469583814205,0.07017384965002291,67_298
0.013033018151387339,0.05699991016890865,67_300
0.008644975999703916,0.11024779847694621,67_301
0.0026512956322979806,0.05086878774126652,67_302
0.005506930740690785,0.07577513325996513,67_303
0.004516544638915505,0.03905622648490335,67_304
0.007995374247402686,0.0994181632566674,67_305
,,67_306
0.003514208085945079,0.10535872526937315,67_307
0.002711697413970281,0.07525136555408618,67_308
0.0030541369010048886,0.08547875676853976,67_309
0.013158488735233512,0.07507614781704305,67_310
0.004754676492572949,0.05337182231487345,67_311
0.009366405924555682,0.03884928716759792,67_312
0.0025409138681605787,0.03399303343133828,67_313
0.004837173879462606,0.051731439833293494,67_314
0.006948048440356697,0.04816579232085597,67_315
0.003098738254355507,0.047787833056991545,67_316
0.005915382479578732,0.08463856426396925,67_317
0.005894060764652549,0.03591980119330523,67_318
0.015909961255314884,0.0690758502613208,67_319
0.0022931627086193325,0.08074026148000166,67_320
0.00649057650996008,0.07980055115566816,67_321
0.013201647661402055,0.052507692929336894,67_322
0.003301451944150767,0.07476347138101162,67_323
0.0033298775271575903,0.052071626668152154,67_324
0.003401678223176729,0.08462100917050294,67_326
0.004341399854539918,0.053320431284119035,67_329
0.003532600597871644,0.053946312380340734,67_330
0.003403672312476696,0.030605323749457063,67_331
0.003469570230158058,0.04508855165007424,67_332
0.0057981893244815,0.028578289463528934,67_334
0.008625122949345766,0.10016424009806683,67_335
0.004370303381889892,0.09549979181786881,67_337
0.002726989299898718,0.056188327299576506,67_338
0.004555712678233942,0.036725625303214327,67_341
0.004151108580703766,0.0438276731506009,67_342
0.00736185484529396,0.07415783799885456,67_344
0.007983840848857346,0.09825569627306012,67_345
0.012067250302809744,0.10588039944108815,67_346
0.029102762913952564,0.1427590475862935,67_347
0.011314343143137765,0.11261481681759204,67_348
0.0038072180722369376,0.10789489691789113,67_350
,,67_352
0.031000748991273284,0.08772631424400391,67_353
0.005198528149568486,0.05117650869653235,67_354
0.005424403224778873,0.07726721651560063,67_355
,,67_356
0.004266413307856833,0.025703087081691427,67_357
,,67_358
0.005304163578266929,0.06312827054161202,67_359
0.018081418936350492,0.06273179090283494,67_360
0.0018690992322059835,0.03852489405741331,67_361
0.028357477689958676,0.2343415333446769,67_362
0.00548944044283097,0.03261105682758319,67_363
0.006181677269603166,0.049802362344425734,67_364
0.007005582915642325,0.057066627657812966,67_365
0.005299780543119,0.052472971703234894,68_0
,,68_1
,,68_2
,,68_4
0.008130446604130636,0.10586202126238457,68_5
0.014693263085161888,0.12867869366611584,68_6
0.027534225783520935,0.06949560540351192,68_7
,,68_8
0.0036008008268074,0.052136795436661575,68_9
0.004778104613064137,0.06593095574964462,68_10
0.003932388132278048,0.03310765698763695,68_12
0.004084671147872817,0.061360297658190656,68_13
,,68_14
0.008161282663471433,0.06196932504788731,68_15
0.0025710379495436186,0.03487493522026682,68_16
0.0060938993467836485,0.07373301813741523,68_18
0.003950175455404593,0.06607090368531492,68_19
,,68_21
0.017493481076249075,0.08473163950326537,68_22
0.010096328864920156,0.1253171469825241,68_23
0.0055233626647080624,0.06948134991330628,68_24
0.0024966327454121013,0.044071006123708054,68_28
0.008782366557425578,0.0818258298356478,68_30
0.0024107174188882606,0.04910022111207602,68_31
0.003007845328179593,0.05890213718428362,68_32
0.006423330370193837,0.06195106635041387,68_33
0.011781905990812963,0.08832977578936306,68_34
0.0043580219321043235,0.051492766577450166,68_35
0.007522952417417307,0.06273680022129072,68_36
0.0038062611942478405,0.09048358353058158,68_37
0.007187423646321295,0.1036968940140491,68_38
0.002069716395111369,0.029896081297615142,68_39
0.021960129557106883,0.20457290593321534,68_40
0.004031969722560763,0.06318678389858662,68_41
0.002767365555142505,0.05484329297934804,68_42
0.003453927038637058,0.08892428790206258,68_43
0.008211944322067257,0.060338942870081624,68_44
0.0038261856619340746,0.06784995902622476,68_45
,,68_46
0.005650929832078449,0.08546751118427412,68_48
0.005093300048637864,0.08193476342133622,68_51
0.0023800661725008505,0.02931973196992596,68_52
0.004467298067416989,0.04983925294809017,68_53
0.011077383077799662,0.08038776909286917,68_56
0.004110023131104161,0.07892165461726071,68_57
0.0034550760111759335,0.046486471516852465,68_58
0.007220428162020776,0.13537534416080363,68_59
0.003059636228459712,0.056579199432908615,68_60
0.007809437009966863,0.10093388367121321,68_61
,,68_62
0.004534476474036926,0.0726720040807303,68_63
0.008120927643748128,0.06971790318402392,68_64
0.005875292029997921,0.11153397876846212,68_65
0.0043691460515599264,0.10474695040203094,68_66
,,68_69
0.010203170192527452,0.0930407440438934,68_71
,,68_72
0.007489491784916079,0.08418656002137151,68_74
0.007872564222560394,0.1029344058959529,68_75
0.009250729333082896,0.06533300898927506,68_76
0.009166236458841672,0.055815352308497955,68_77
0.003645978761660049,0.06917902284638576,68_78
0.043659231836210594,0.10843956347003783,68_79
0.0033217232937255673,0.04600234040869958,68_80
0.003835765427449855,0.06655474835576136,68_81
0.015512410203473569,0.0914922549719094,68_82
,,68_83
0.004675393388619823,0.07301329391399006,68_84
0.0057000079906285315,0.0668805647634708,68_86
0.008812753073746628,0.04279448692865606,68_88
0.003082206640068334,0.04574416152737332,68_89
0.007038292337052157,0.1486985807444674,68_90
0.005816101939216972,0.11596134958339122,68_91
0.003900921745847384,0.052332043727989344,68_92
0.003614396209819982,0.1020410340154454,68_93
0.018960877519849026,0.05469150724713644,68_96
0.004664996773329888,0.07975390890696238,68_97
0.005236947866523376,0.06942769542320627,68_99
0.004832137797358816,0.09691021039724874,68_100
0.01581888829328897,0.07267224305156372,68_101
,,68_104
0.004071651721866518,0.09478751697235853,68_105
0.002383900726491392,0.04860561956028792,68_106
0.0023190466384253212,0.07451175801709771,68_107
0.02808392283634383,0.1902411432168406,68_108
0.012785273133718557,0.14157963348554173,68_109
0.003022894947308361,0.06904930224512981,68_110
0.003815188450316064,0.09111900562338249,68_111
0.0031636396068317565,0.06268969721133073,68_112
0.0028135198171979556,0.04536690720981281,68_118
0.005004385923170844,0.045850248323297045,68_119
0.002186836698283794,0.028305046638319835,68_120
0.0031597649324934065,0.03393935598234445,68_122
0.019616687137435147,0.07104958079782078,68_124
0.0017885581456964902,0.015886681241512417,68_125
0.015906076321470532,0.11465267534908781,68_126
0.04241862086284172,0.20050955084495037,68_127
0.010028566753099578,0.060858956742542714,68_128
0.006677874062428637,0.07014804922738081,68_129
,,68_130
0.0026555953834231263,0.05874273191870168,68_131
,,68_132
0.0038740762511054027,0.06884549892437378,68_133
0.002233249873358141,0.04429514795073838,68_134
0.0034965381298460757,0.09252261614025713,68_135
0.005203204458227693,0.10136220969687035,68_136
,,68_139
0.005505694447389177,0.06389751802667597,68_140
,,68_142
0.00574674667017932,0.05633083301283957,68_146
0.013495595932540735,0.08682187559684669,68_147
,,68_150
0.003479205141374446,0.05979202623718603,68_151
0.0040538201313766705,0.10437098088419895,68_154
0.012728075441604897,0.09401422477577694,68_155
0.006669457197653544,0.18297234331189408,68_157
0.008746259055964647,0.07061489300933424,68_160
0.0024255604647763274,0.16576701920245407,68_161
0.0029211519120261368,0.06703443408816741,68_162
0.006274945163445396,0.07679350182412459,68_163
0.004199539274569411,0.05540628557208657,68_165
,,68_166
0.0031062149516483508,0.07924117301317159,68_167
0.001728655851414158,0.047583239111190126,68_168
0.002759877058799625,0.03725231588285287,68_169
0.002512361446939442,0.04336452097341303,68_170
0.003262694022498473,0.05184796641537232,68_171
0.013499756077204461,0.09277461210855609,68_172
,,68_174
0.005216251925135746,0.06460725726108847,68_175
0.009880295690109083,0.12756917463603168,68_177
0.0042775460279923265,0.06598312301671441,68_178
0.009434564858188796,0.04302321226988479,68_179
0.005950589940759967,0.042552806268518185,68_180
0.008236383151940002,0.059599617182483744,68_182
0.011583096969586978,0.06294421975052299,68_184
0.0020570608931027275,0.04682267400766778,68_185
0.011815925564002527,0.08056233265203067,68_189
,,68_190
0.002444791834911442,0.04950420251620663,68_192
0.006513100346735999,0.062313917839848715,68_193
0.005917442051244094,0.0517604266013064,68_194
0.008576111844118583,0.045029293729978936,68_196
0.0038499800600529004,0.06677449377403491,68_198
0.00391194128317855,0.05778080417778849,68_200
0.0032941711447534044,0.09245786319755814,68_201
0.002926592109905943,0.05282401473569497,68_205
0.00438690845003307,0.055517612108237344,68_206
0.015079968081248701,0.08813167877900849,68_207
0.00268634500776004,0.0338650629944283,68_208
0.005929095176245325,0.10949655967300422,68_209
0.004699307931846633,0.11425136772339642,68_210
0.019732848030541275,0.12071903214336224,68_211
0.003017421937812651,0.07829151180810874,68_212
0.0020009315087373826,0.08020673578563907,68_213
0.008598319378651837,0.07516900068861208,68_216
0.0129924743268314,0.1131305826951436,68_217
0.004595937021458451,0.057367280242012396,68_218
0.00735574676011996,0.10456483319868941,68_219
,,68_220
0.013180049226960491,0.09919136534706306,68_221
,,68_222
0.014163788088547971,0.09111795545022057,68_223
0.0037961586895033715,0.04902909183151278,68_224
0.003235081628914661,0.052993512673919094,68_225
0.0017783687774882147,0.019188257873850093,68_226
0.01295927150928159,0.1444585816720025,68_228
0.019676558862627203,0.22942054573021242,68_229
0.0045270014578484286,0.08689461113520587,68_231
0.0032681950141840166,0.051388882810195075,68_232
0.00309653903265593,0.07045670377711027,68_234
0.0038404025064918265,0.06670710558145897,68_235
0.002239829971144146,0.06070128946155149,68_236
0.011783301927791453,0.1638863136469366,68_237
0.021500582201433152,0.0775380147013534,68_238
0.0029417806494600246,0.0811076672326963,68_239
0.0027444822402723393,0.05840952723643934,68_240
,,68_242
0.0018770398944277906,0.04106262528452956,68_244
0.0021510958655490795,0.07143155870810229,68_245
0.00518202119305392,0.12748143609088047,68_246
0.008972932446184403,0.133534087322215,68_247
0.0074219181793432265,0.1057687339133246,68_248
0.0035434494480770158,0.06522074065348346,68_249
0.007134672213718905,0.05608306517233104,68_251
0.002617878790906798,0.028025615469601858,68_252
0.006038840773979688,0.12848368804283683,68_254
0.0049789808735904665,0.043280133420871586,68_255
0.008649732437078419,0.08669819944236934,68_256
0.008219186379368183,0.11270823389670401,68_258
0.004459439071157404,0.08132146078911384,68_259
0.0041880496614579805,0.05788367916083202,68_260
0.009619294312496154,0.08085725522742748,68_261
0.008916191042129361,0.10159137317093649,68_262
0.009149865708660575,0.15029706325849002,68_263
,,68_264
0.003954423361606419,0.10283089268385762,68_265
0.01615260411058283,0.12278955243733007,68_266
0.009157338126221276,0.08270355491827187,68_268
0.02525458258245228,0.0761478886260412,68_269
0.005169144884793361,0.07733595555034083,68_270
0.01037514269235453,0.06425813316765583,68_271
0.015493879970501858,0.18688382674064874,68_273
0.0024748510409983962,0.05517707585023485,68_274
0.007360643946861397,0.12896965011926834,68_275
0.0028916426199891107,0.03304875382127321,68_276
0.010700475799943718,0.0531287305636986,68_277
0.005441744446269058,0.08299290721464714,68_278
0.0041486371506490784,0.04301654826211096,68_279
0.008357531946601,0.0786778157074936,68_281
0.0029725593599792184,0.049172777749388843,68_282
0.009441641984782914,0.15090158130708647,68_284
0.008153962429667965,0.06922413076259429,68_285
0.0027251123501249564,0.03966687528730515,68_286
0.0031659632936836845,0.05893332419217187,68_288
0.011815347646703958,0.09511507005273795,68_289
0.012604425264070058,0.05995956011255025,68_290
0.015663736365125875,0.12145670834932465,68_291
0.013179998063066944,0.11126226950810421,68_294
,,68_295
,,68_296
0.0030650256357836955,0.04376113030844826,68_297
,,68_298
0.0074115156250701576,0.06317237760400153,68_299
0.00496559065504166,0.051435174724277624,68_300
0.003558190534462084,0.09592446243743272,68_301
0.0041715081740484805,0.047531350423602424,68_302
0.0032991919269527424,0.04896703025038593,68_303
0.005282374204024544,0.08461432066931192,68_305
0.009085281173519937,0.05373315868505941,68_306
0.00243555333983298,0.046657868082921154,68_307
0.005509889295803654,0.04329499055195566,68_308
0.004814672364655822,0.07647633005073551,68_309
0.010043828085089539,0.06681052435582467,68_310
0.0041117857353252275,0.046096591910565386,68_312
,,68_313
0.002620364088102857,0.03658352552252796,68_314
0.004035479088405821,0.07055994586713123,68_319
0.0025786608217379272,0.05212323751025576,68_320
0.004775195118835509,0.06160958614448996,68_323
0.011315649305064148,0.09705768048466003,68_324
,,68_325
0.0028089947931523706,0.12003825866110997,68_326
0.010940051661906054,0.06336090022949424,68_327
0.0053700300117884014,0.11009597173497557,68_328
0.0036770380714918776,0.09338991292000004,68_329
,,68_332
,,68_334
0.002930932399450746,0.055686607885855964,68_336
0.005254150177565382,0.06400849776595977,68_337
0.015033638431972918,0.08707861847915101,68_338
,,68_339
0.002482410385403493,0.03540915914217032,68_341
0.002763119534555802,0.07263322396744991,68_342
,,68_343
0.005123745801110535,0.07773421971815643,68_346
0.002701799994719288,0.02263550777012635,68_347
0.0026826007359086403,0.06981375912392476,68_349
0.0028846433765670333,0.02668483285081271,68_350
0.0031760138792150646,0.04055625010200574,68_351
0.003917886483227846,0.03414715825661472,68_352
0.01480343856033689,0.1531015712375862,69_1
,,69_3
0.0033048149195083784,0.05511018622956102,69_4
0.00831814969242586,0.0951005377535385,69_5
0.0028080684137327407,0.04797143936889752,69_6
0.007148375429628711,0.07679219559365276,69_8
0.004149310886407517,0.07060677425049977,69_10
0.0024458140490961804,0.07943198167835484,69_14
0.004513893956925468,0.10096201386387678,69_17
0.0038656898528653155,0.06792858873453667,69_18
0.011203088312832435,0.3132746373753245,69_19
0.009314019054925016,0.10231449647579037,69_20
0.0033838685687265745,0.13590916951465756,69_23
0.00491392001402731,0.09531024827708634,69_25
0.006978990965392564,0.08915374149128964,69_26
0.004499241242198604,0.08817473073057337,69_29
0.004732561100511543,0.10716922920307191,69_30
0.006768111988281266,0.06185765837839419,69_31
0.0031624497640365037,0.012750204029208108,69_32
0.002302428159780007,0.026736123670986017,69_33
0.002673213894769089,0.09285543138355909,69_34
0.005983304622919514,0.10918032475357473,69_35
0.006463659181574143,0.12399997095380316,69_36
0.014302768959945807,0.13196251893217503,69_37
0.004597300402176282,0.09786099567717262,69_38
0.013820072683370065,0.10013796792355087,69_39
0.006484530657648911,0.09449023589795881,69_40
0.0205230337575793,0.14229349205410072,69_41
0.00273716249871779,0.08548003316761411,69_42
0.012751078642705155,0.10671346580446958,69_43
0.011714334919583297,0.11043794789129265,69_44
0.021453224567916894,0.13626109156566243,69_45
0.004694454615988108,0.11538830674330906,69_47
0.002956250585663258,0.11267452456308817,69_48
0.0070722212930275355,0.10731114619790143,69_52
0.005024577669914424,0.07713053355402372,69_53
0.0036257705543251318,0.10486552027736952,69_55
0.008062504318993127,0.10574215487693683,69_56
0.004973676700937457,0.0718505410355228,69_57
0.009174238219396039,0.07520846010335623,69_58
0.006492532510460618,0.103599124436877,69_61
0.004603708045998144,0.10931505428137175,69_62
0.0025203105658782054,0.0555292963637852,69_63
0.0026144689286801666,0.08690723072957186,69_64
0.0020465907465863453,0.04199538804235218,69_65
0.0032198823047769917,0.05435515607878784,69_66
0.012994024093922227,0.07781206905194075,69_67
0.00477534359768434,0.09440090269563384,69_68
0.0018971474111354138,0.03711402093753391,69_69
0.003235023056562436,0.051952265037714655,69_71
0.008554694277208398,0.07977841631153473,69_72
0.0028246232701511255,0.0424843988386061,69_75
0.006518163514534033,0.08924575590244828,69_76
0.007340870724717608,0.24632525446659123,69_77
0.005390768868778846,0.06645627622699135,69_78
0.002896055026881154,0.10843028079326164,69_79
0.013865092309312509,0.11142742081576021,69_82
0.0019810807402488567,0.05500848913048639,69_83
0.01610621196274752,0.11142474767636378,69_84
0.007455739798870244,0.10399116468375069,69_86
0.007192703903141553,0.10665800454140954,69_87
0.011681808134477082,0.13011918536558195,69_88
0.0028126067078453527,0.057713650074332344,69_90
0.020583647711614837,0.16693656134303675,69_92
0.00366258573492656,0.062084626886569315,69_93
0.00700807030509836,0.11695190719453166,69_94
0.013184483241580724,0.1168491176209083,69_95
0.0023513102396842786,0.028689626443703282,69_98
,,69_100
0.008246318695243098,0.10150870071230667,69_101
,,69_102
0.008532114043067035,0.08117113756985485,69_103
0.004271510772702,0.0966413394963403,69_104
0.0036150493691297836,0.05983240411494638,69_105
0.012486805153108967,0.08408535446969365,69_106
0.004171625839502829,0.0540204391259331,69_107
0.0055614928846814335,0.08516262107340385,69_108
,,69_109
0.010394474474401888,0.10844207517284221,69_113
,,69_114
0.014674209203673764,0.14082980090411495,69_115
0.013834858017543115,0.07375015298908906,69_116
,,69_117
0.005863956940552165,0.06861337601016838,69_118
0.008553826461048016,0.13030966488500645,69_119
0.0028091685945807712,0.0504792626857657,69_122
0.010174656026514161,0.11247421375614368,69_123
0.004033522255973726,0.08801232365591038,69_124
0.0036049529750581968,0.04173350210795585,69_126
,,69_127
,,69_129
0.003104648518385214,0.08447984901234903,69_132
0.004789052676484624,0.1069564102289594,69_134
0.01947040833535315,0.08808621308913613,69_135
0.004142935557280963,0.04787049336418918,69_136
,,69_138
0.02883230321335993,0.08260827338077154,69_139
0.005557224084023587,0.05180909741925221,69_140
0.038513693496409804,0.10085947326914448,69_141
0.0032939478942742356,0.09365275514807457,69_143
0.005515970619418463,0.06820011217577227,69_148
0.005247715678936092,0.10696385761233293,69_149
0.006919176804704752,0.041866780991938454,69_151
0.007978043366204574,0.05389215226994236,69_152
0.0125419493594647,0.061589641188303006,69_153
0.005141822504381769,0.08154978050180255,69_155
0.006172554689995581,0.05288677410303744,69_156
0.003853664013579508,0.104123662899788,69_158
0.009890646024124003,0.22258171708312613,69_160
0.003870207215307277,0.06807513979140681,69_161
0.01177888974956499,0.1520411086081451,69_162
,,69_163
0.018847831821812138,0.12606591767622252,69_164
,,69_165
,,69_166
0.005664771490417657,0.08048009365643435,69_167
0.005624155236850162,0.1266698106400582,69_168
0.008890649927461036,0.10380062495680564,69_169
0.004346951209735556,0.13145009744456684,69_170
0.01206143906109956,0.16391977596692625,69_171
0.0248304233561549,0.1159594266325658,69_173
0.017666562426879858,0.1426720883162505,69_178
,,69_180
0.00455087297349347,0.08223713001047249,69_182
0.0023810715626340195,0.02871611914119509,69_185
0.004791751899108654,0.06383159430028365,69_186
0.0036059340762792545,0.07310938170558577,69_187
0.003488262743804248,0.08236929594220428,69_188
0.002148214427416681,0.05451563543995842,69_189
0.006911498039935008,0.11777818767962213,69_190
0.011506231326341586,0.08061357528576099,69_191
0.0121024233000466,0.10659388050007154,69_192
0.012239974592369333,0.10580305329550847,69_193
0.003682484223203734,0.09335549200857497,69_195
0.012051842558786836,0.09997884334225057,69_196
0.01768252327011774,0.10741911690988627,69_197
0.012743929166518942,0.12098243889283967,69_199
0.004191424686893522,0.07265719777902832,69_201
0.011260907256632943,0.05414222208555079,69_203
0.007999893668129624,0.043890461367760786,69_204
0.004250463756707344,0.07341298425218351,69_205
0.00499147488568813,0.05629096900608406,69_206
0.007349793603776386,0.08341829827056935,69_207
0.0038323783872526236,0.04331845339171443,69_208
0.004754894333592159,0.08145955357408519,69_209
,,69_211
0.013961672258959265,0.1094768713752827,69_212
0.0013701393699733146,0.08313515658414561,69_213
0.005826680636997074,0.06886317534666052,69_214
0.008879378685895747,0.06193747784183607,69_215
,,69_216
0.010005335119601125,0.12591952967966588,69_217
0.004004873826634029,0.06935464087448674,69_218
0.003728818226094061,0.06574541700973402,69_219
0.0028539046765160268,0.09114970927662452,69_220
0.00810879153945187,0.1174414742730035,69_223
0.009441403592778482,0.09431126169227896,69_224
0.003517518888096106,0.06302687155061576,69_227
,,69_228
,,69_229
0.010483592477715227,0.04344910953608132,69_230
0.004662683121060221,0.0684625285009377,69_231
0.0057039396272905935,0.036429733081027975,69_232
0.0055709099861760815,0.057478240607859145,69_233
0.0027889903308848424,0.04261619807228451,69_234
0.004495922346900178,0.06290447722676683,69_235
0.004651498180137145,0.09866570090715644,69_236
0.0184904274701566,0.11986988943837269,69_237
0.00913025190852545,0.13886383425355858,69_238
0.005071699710450975,0.07160774894512748,69_239
0.007236848068459732,0.07423528126394732,69_240
0.007626188838042519,0.09287031105255263,69_241
0.0038683374505726806,0.07050456253761256,69_242
0.00775180264106063,0.10997916267164226,69_243
0.004160916921940357,0.08134526941935354,69_245
0.007163253971639047,0.07719921163573229,69_246
0.004795916924396431,0.11174186572060603,69_247
0.004238803621389464,0.04343467109793022,69_248
0.012483391114852325,0.18028415515014556,69_249
0.004034143556333353,0.04635545634340358,69_250
0.0014705405752378068,0.019401308328938553,69_252
0.0035600862561845172,0.05827255318484816,69_253
0.003030813223560369,0.09851218045455239,69_254
0.021819829350563216,0.0768952309544299,69_255
0.00602082888952504,0.07870537530531571,69_256
0.018832214602632465,0.07629090071926771,69_257
0.030578315591875915,0.07613323215637743,69_258
0.003680405980430072,0.051661881269031616,69_259
0.0033585048644723344,0.09448022970636429,69_260
0.0048223313122905224,0.055891753492548324,69_261
0.0051170546925490765,0.07122332739534827,69_262
0.0021616972178650465,0.0760028895304257,69_263
0.002193413559166157,0.050147699674948906,69_264
0.02469265597771325,0.022238634875348377,69_266
0.0868780015615397,0.2741477055387962,69_267
0.004529127770963611,0.09521462351560044,69_268
0.0036885964588698407,0.04791782081122461,69_269
,,69_270
0.020724532679495578,0.1369533235977406,69_272
0.0022373093092437823,0.06455986852913245,69_273
0.011544945332857803,0.07371378128731443,69_275
0.011182149999867214,0.05600623219506628,69_276
0.003667046270981427,0.04856031460599965,69_277
,,69_278
0.011697178086489986,0.05741569579852648,69_279
0.014083181874003597,0.07714440432932367,69_280
0.00753938963806184,0.20805933025619747,69_281
,,69_282
0.03229716059703394,0.20361532391976275,69_283
0.0058250962861630595,0.05454100311042098,69_284
0.003888217746594904,0.17404098764828255,69_286
0.008621772525128251,0.19352308787680333,69_287
0.010984941530617008,0.09236611544608112,69_288
0.003215810802424494,0.08496581423336251,69_289
0.006795222891377323,0.14061993420418561,69_292
0.00419031785667631,0.09033400367037896,69_293
0.002412825090236335,0.05210406475249459,69_295
0.006050047279726066,0.04805274450782078,69_296
0.0045767985480790144,0.10551049703586779,69_297
0.005225428482773808,0.059152125838167216,69_298
0.00589449438460142,0.04847264448224268,69_299
0.003485013377794896,0.10559380373935273,69_301
0.014647723456174063,0.0957652746550975,69_303
,,69_304
0.006328877478145554,0.046029796474824115,69_305
0.013305541375061073,0.08538313159686166,69_306
0.0017061383086099124,0.04005068116669683,69_307
0.004624704344378789,0.11318278599649095,69_308
0.004214375306467647,0.042062489815806375,69_309
0.006924384608484004,0.0826163417619636,69_310
0.010390414521653948,0.17346226585796928,69_311
0.0035005508417025053,0.13435827321581176,69_312
0.019347920989585175,0.14851649670608622,69_313
0.025199395235981636,0.13574550607842137,69_314
0.0052091896885532955,0.05397856070509746,69_316
0.010353666787342009,0.15369098346070612,69_318
0.003634159533546789,0.09311292374545761,69_319
0.019746107968247967,0.0893611110492487,69_321
0.014157055052546738,0.11112354555821469,69_322
0.009933182332071286,0.0891357990372146,69_325
0.003480558381282633,0.056886829430048635,69_327
0.010184881733155005,0.10804778128576507,69_328
0.011904427065650727,0.19035745724123343,69_329
0.0032909852386971447,0.059045291555264445,69_330
,,69_332
0.002420330978300915,0.04897227657489625,69_333
,,69_334
0.0034703673151689875,0.052342542664815514,69_335
0.00865528563873824,0.10122273190059089,69_336
0.009115168254137277,0.07966972905536421,69_337
0.013339964291720128,0.09840023056380548,69_338
0.004428243684814582,0.046170234895411576,69_339
0.003110553126609483,0.06638691676301435,69_340
0.002831430898944435,0.03477874087122334,69_341
0.004923725414377623,0.06552572013850322,69_342
0.005067497719702992,0.08702675958282809,69_344
0.004673560256277268,0.13810206397008684,69_345
0.011097265878634443,0.1201000628152077,69_346
0.007387042532929313,0.1054283021185212,69_347
0.004528262103759997,0.04268327031545667,69_348
0.030734093777844702,0.02809645018604271,69_349
0.010178209611678011,0.09430824353021257,69_351
0.004815388597744536,0.05361045113309245,69_352
0.011232856765264879,0.07682374009271026,69_354
0.002371319505821524,0.0531752595705738,69_355
0.019495009197570235,0.11248089068624563,69_356
0.00337606006821122,0.06200688593089832,69_357
0.02585289599604467,0.0868367451762853,69_361
0.006083144913369286,0.2505670786100452,69_362
0.0024597749775359485,0.057654082978462376,69_364
0.004382367649401886,0.05405063890052738,69_365
0.0040755607986236436,0.06771062024439803,69_367
0.009200882959632357,0.07822690705369137,69_368
0.008553645366229502,0.13313337155382557,69_369
0.019516033847961804,0.19918090075240646,69_370
0.007425845158886696,0.11280532776943279,69_371
0.024857012427976777,0.20757438766372288,69_372
0.0012380265547426135,0.012924037705795881,69_375
0.0018548100447901535,0.03083658043757836,69_376
0.004556326723161917,0.10701944216406342,69_377
0.009439628069516457,0.12926460699468897,69_378
0.002886627752623968,0.14300846057147149,69_381
0.0020450175608793973,0.03157312864897956,69_383
0.0034636923422384316,0.033517889406555534,69_384
,,69_385
0.005337788503654184,0.045137128625594984,69_387
,,69_388
,,69_389
0.009789767278500597,0.0748540422732078,69_390
0.0025495479232322702,0.036023752837004895,69_392
0.003542185416086024,0.1559067853894956,69_394
0.006130394522465064,0.08005167306539572,69_395
0.013078841972404689,0.04189528679866801,69_397
0.0024578672444434835,0.056216391142896595,69_398
0.005611292244519428,0.06524443744872478,69_399
,,69_400
0.032919484533732765,0.09884702120746304,69_401
0.006360201764252142,0.059554837331115835,69_402
0.004693500602715578,0.053070144363944985,69_403
0.00560296622846446,0.035489889756084816,69_404
,,70_2
0.00444607522330689,0.077148562710182,70_4
0.004862270806879987,0.06326750543875477,70_6
,,70_9
0.0031599691659456326,0.06410552076167035,70_10
0.00400663381999232,0.07815784799391991,70_11
0.003013894997634285,0.06241813862111221,70_12
,,70_14
0.00271882757452482,0.06666251506084747,70_16
0.0026098443307223072,0.06188217788161111,70_17
,,70_18
0.0033306902845734853,0.08765481477048732,70_19
0.003383517829488242,0.09313470683361226,70_20
0.013904268478169507,0.04912497511081814,70_22
0.0033494591650580488,0.07569211952408818,70_23
0.0027951931416545866,0.05338824566312443,70_24
0.003963070259978136,0.06363241193735822,70_26
0.005457938830073538,0.09738375952995798,70_27
0.004363617828723576,0.06840208664738713,70_28
0.005347031163482714,0.08557526326678712,70_30
,,70_31
0.005723727158526622,0.06395669303911704,70_34
0.0021673872293258936,0.07040776330448117,70_35
,,70_37
0.0045577066567892115,0.0921769569984345,70_38
0.019183196979992878,0.018108300904971123,70_43
0.008541083159361735,0.07768256100384327,70_44
,,70_45
0.002688044331023102,0.03858255776133056,70_49
0.0019345886188545942,0.026300262396700032,70_50
0.0040919678935011925,0.10059451543572098,70_51
0.004800391763652063,0.060075850664439275,70_52
,,70_53
0.0061999044329141,0.10526888568867225,70_54
0.0030075851218499578,0.04635392845146115,70_55
,,70_56
0.004750532642180373,0.06347256585611676,70_57
0.011668082860888846,0.07983253633806474,70_58
0.003050290507070792,0.05671282589066101,70_59
0.003054878532655559,0.05301241326396842,70_60
0.0046332310063913985,0.10603904901896866,70_61
0.007392341649444957,0.07852133898174905,70_62
0.020646510668493916,0.11536384225220828,70_63
0.002332224858438396,0.06290650602024078,70_64
0.005422291691453314,0.0953689125943801,70_65
0.008124821766082648,0.04558626867355051,70_66
0.003940441804469914,0.07898528491365846,70_67
0.01477543189333216,0.13413528686970305,70_68
0.004262249299405504,0.12805772074304927,70_70
0.00810776020567985,0.05180587443748092,70_72
0.004274201857118297,0.06825467538624466,70_73
0.04758182920048286,0.17381644067586288,70_74
0.0068876563953993355,0.10081072290672259,70_77
0.013980072430607619,0.1242137852671151,70_81
0.005862749454351801,0.14385725312118644,70_83
0.004217454486343047,0.09617469249216891,70_84
0.0035215583352712163,0.05653478368357004,70_85
0.006987130374799513,0.05681073611146301,70_86
0.004414992811725167,0.06640527675991746,70_88
,,70_89
0.003665804458836686,0.08501470490309034,70_90
0.00213234528875445,0.07545611422044377,70_91
0.01596761140093448,0.17265293632323744,70_92
0.010657375951426894,0.1000010196692303,70_93
,,70_94
0.013434796909056867,0.11604164521300776,70_95
0.0032311370015681335,0.025977653558904464,70_96
0.003805602788774787,0.06042016015599718,70_98
0.014417877387300979,0.08208106826515622,70_99
0.005159268306262744,0.15966488475129165,70_100
,,70_101
0.011639182799737916,0.18798050584761292,70_102
0.0036579368464283958,0.08142347169273569,70_103
0.004727774701914825,0.057403544891493734,70_104
0.004692753481286338,0.07777589907368436,70_105
0.001533920728474904,0.08379584867466647,70_106
0.006590562268686332,0.10450873681298246,70_107
0.0029641462995006126,0.09636953703071445,70_108
,,70_109
0.00445060585230222,0.04641396475097227,70_110
0.020850554678454588,0.0851044630769701,70_111
0.009788741191576581,0.10192242260568747,70_112
0.008183744069468438,0.10076221502394853,70_113
,,70_114
0.006088179911072541,0.04880630821499153,70_115
0.0038159242675016827,0.06290030420474849,70_116
,,70_117
0.005567741639807151,0.14478986823530715,70_118
0.005149622272832974,0.04899202274030217,70_119
0.003532536067748606,0.04828551819304917,70_121
0.00517277352818067,0.097609932027428,70_122
0.014480349112190491,0.11266648985582703,70_123
0.005372992346892586,0.058679136801864394,70_125
0.010066342055750833,0.10227397913162813,70_126
0.004833504524288538,0.07563238046710548,70_127
0.004608034356353082,0.06925111275571234,70_129
0.008679133174249313,0.2019180942255275,70_130
,,70_131
0.005274097989761643,0.09871143142802953,70_132
0.0031061756800306183,0.0669359628678389,70_133
0.005921512460000988,0.06138134131222532,70_135
0.015560275723913655,0.05013475958659911,70_137
0.003340529275240761,0.08089561101730375,70_140
0.019204683615770195,0.16301773089988014,70_141
0.006392543402569717,0.08063739848706261,70_142
0.004774435978005301,0.0633860008262504,70_143
0.002541832067326337,0.03182573666678615,70_144
0.009334293014720703,0.10164715662827223,70_145
0.004207000033410754,0.04809741328396553,70_146
0.0018628292670380172,0.03664645517725442,70_147
0.0031000930637220497,0.06011099918919893,70_148
0.009202953852161001,0.12045087311940746,70_152
0.006409278992802967,0.09476128364440224,70_154
,,70_155
,,70_156
0.005372225711036435,0.03785756545483416,70_157
0.005273233382637804,0.0756093538255416,70_158
0.01247915237201679,0.08670492395570044,70_159
0.0018098257728910395,0.02154002562940081,70_161
0.008166002083880438,0.062102851406114934,70_162
0.012377377616185268,0.09077190000495458,70_163
,,70_164
0.003807782767457229,0.043298411933852886,70_165
0.006735459448457999,0.04455405090206585,70_166
,,70_167
0.0034402601057834884,0.0835297427024135,70_168
0.008551040000451005,0.3278602345926687,70_169
0.00738457881131304,0.07896679999057818,70_172
0.0015059388517431292,0.020815846740934094,70_173
0.007992659933840483,0.059504311353351706,70_174
0.003507608534676583,0.09018595776415679,70_175
0.008971137227937624,0.15639742887249222,70_178
,,70_179
0.020990527310091062,0.08560957888089214,70_181
0.00242032957886224,0.04671517352362778,70_182
0.004373483326004058,0.04837844635311886,70_184
0.003759678239772722,0.060600786534387455,70_185
0.004798149940829596,0.05572081651146265,70_186
0.0048320914824929485,0.09045729499790404,70_189
0.0039931891095882155,0.05877686208002089,70_194
0.020903179018473803,0.07977556933540779,70_197
0.0015821169163717016,0.04374922293254492,70_198
0.00763144287310752,0.056216405979042386,70_199
0.0068341858380754645,0.07458681881184878,70_200
0.004970432612853417,0.08909431339706766,70_202
0.003261574198162302,0.0690881978731113,70_204
0.0036798770081763682,0.05622124645904455,70_205
,,70_206
0.010656745956163631,0.08211397645018327,70_207
,,70_209
0.009449600830255051,0.09630766428408229,70_211
0.006121527404449743,0.07307687932387627,70_212
0.009493136883796986,0.06348332085682847,70_213
0.01091163241125826,0.18980184371106615,70_214
0.006036500377329576,0.10220793556612275,70_215
0.00343462495477724,0.112330627365381,70_216
0.0016491339419953581,0.05508578523122377,70_217
0.004704083611417206,0.06965722967457716,70_220
0.006059861803860578,0.04240330908148915,70_221
0.00576024212268054,0.06923465671575979,70_222
0.006301881415595138,0.10053535303018529,70_223
,,70_225
0.0028606341821655543,0.04460382289755499,70_226
0.006157845382021867,0.06788039592120304,70_227
0.007884052307042507,0.06288715223173663,70_228
0.008647652883766135,0.09294587829402085,70_229
0.010882979655031846,0.1379776407319114,70_230
0.015142085900652111,0.10775504108572251,70_231
0.016798313854463242,0.10948936661841457,70_232
0.005553746264111769,0.05576238966001367,70_234
0.006562978901744678,0.04355553637491201,70_235
0.008037632522668365,0.13118524484013533,70_236
0.005145763089161296,0.06354846781951008,70_238
0.009526856262803083,0.08848766579375554,70_239
0.002965249295758011,0.07656742827722089,70_240
0.003342562748540591,0.0582134355175179,70_242
0.003976887015546313,0.25304579493024865,70_243
,,70_245
0.0050128581108092604,0.049690214003038004,70_246
0.003107420592538254,0.04718255295344013,70_247
0.009534619288977647,0.1072746016197413,70_248
,,70_249
0.03675426801025396,0.188103061115283,70_250
0.013530700101429307,0.09961120436965396,70_251
0.004260147054234839,0.05255312512696639,70_252
0.004548499833603027,0.08037753011554519,70_253
,,70_256
0.0020563554377056696,0.033535039001702224,70_257
,,70_259
0.003799357016772386,0.05184067499959559,70_260
0.00496804960801597,0.08635189053785373,70_261
0.008854604807529566,0.06048055709315404,70_263
0.009317065908300778,0.06620915902050586,70_264
0.014276643016070031,0.09206726879424483,70_265
0.01631097078005075,0.1002223431018337,70_266
0.004180418038664473,0.06663687329605311,70_267
0.014208862784037263,0.11631914858415937,70_270
0.0032687816541829245,0.06919784701979097,70_271
0.003044488278073527,0.044237585164930544,70_272
0.003057565259040711,0.03318578385536593,70_273
0.002049397892194254,0.0483219134074535,70_274
0.003264195922002185,0.09385839016633861,70_275
0.005683700763594674,0.08826235467037821,70_276
0.002254211716990802,0.05953756614553655,70_277
0.0034468360199786533,0.05115784016484553,70_278
,,70_279
0.00503656104829706,0.06358020611519022,70_281
,,70_282
0.0040064811074837225,0.06791212367541409,70_283
0.004477123082342708,0.042213418012777615,70_284
0.004467220336428385,0.10677830620869817,70_286
,,70_287
0.0025437954351535713,0.08171328513568417,70_289
0.012654842988757254,0.10833970917043984,70_290
0.012881618297115097,0.10549465262463661,70_291
0.008928629208734537,0.07384279754441467,70_292
,,70_293
0.006393664171457426,0.09880737191523215,70_298
0.004905402406307148,0.05492802752607123,70_299
0.0059641551098902675,0.09606621036552936,70_301
0.01051791711129713,0.07359693871609409,70_302
0.0059480947021226666,0.047602052764311155,70_303
,,70_305
0.003640688569292842,0.05228302606837097,70_307
0.009948914370626895,0.07894239969994164,70_308
0.0047106884019471485,0.054358841987026785,70_310
0.002129569929999328,0.15377085218245673,70_311
,,70_313
0.003299594281235487,0.04996041456668384,70_314
0.0026578872236042352,0.04521667263486333,70_316
,,70_317
0.015744236368649595,0.15459281118873727,70_318
0.010094626754125384,0.06979806778656053,70_319
0.014165784100703705,0.2727957416006563,70_320
0.004830192705763088,0.06276312524233772,70_321
0.004113681635300358,0.07938744412648283,70_322
0.007467792244447942,0.10097609009260314,70_323
,,70_324
0.010907215578165678,0.09132117793345815,70_326
0.009165389656757023,0.05654363585675478,70_328
0.005761787191679659,0.0412194820802261,70_332
0.0037332300366466125,0.06078400606657834,70_333
0.0029647851010924167,0.026956746342603578,70_334
,,70_336
0.003012304074474243,0.0345873404317175,70_340
0.0027132584063186173,0.06122043575876137,70_341
0.002655927154808034,0.01847054791259783,70_342
0.0034569348726730506,0.060927063670177306,70_344
0.010083373133528488,0.06598642315301649,70_347
0.009494231402703123,0.06768696366029726,70_348
0.0030348816751232565,0.15979942933372474,70_349
0.0067908676578166205,0.12727835241821558,70_350
0.006480612253477091,0.10493917423394468,70_351
0.008602970857469023,0.12997237105257464,70_354
0.008371581370702775,0.08009849404135685,70_356
0.004932368738823962,0.0468215924809374,70_357
0.01128374636209085,0.1556251908444779,70_358
0.008852190029771265,0.08841876550042056,70_359
0.002467341705922285,0.06608243234043999,70_360
0.005980438169910799,0.11354445459477902,70_362
0.006735443994100643,0.06316386958162667,70_363
0.0021994066237419753,0.035741946487100544,70_365
0.0037207853035486262,0.05369622085994965,70_366
,,70_369
0.009327990630041008,0.030762751946858336,70_370
0.008845330367877716,0.056208923129871115,70_371
0.0029157541942904522,0.045198218438451496,71_0
0.0058701629315038376,0.08670069827827226,71_1
,,71_2
0.011537831066536051,0.10508221984623166,71_3
0.015459181877594479,0.11608275120753477,71_4
0.010409590099097995,0.07674810394567572,71_5
0.005734120519521783,0.09376770317368126,71_6
0.00493613988127698,0.11041912189798721,71_7
0.010935035984669108,0.07598119979560541,71_9
,,71_10
0.022652892873084148,0.12892533358605449,71_12
0.004929502252746455,0.09071230677081422,71_14
,,71_15
0.01387812615795908,0.14499189062692508,71_16
,,71_17
0.009095310264532993,0.08452031612190679,71_18
0.0017532730364157245,0.0678668907018555,71_19
0.011280705333150572,0.18367949077233503,71_20
0.013620783289075771,0.137062563546426,71_21
0.005468772055097336,0.13540431513716608,71_22
0.003999589007379021,0.107971135376341,71_23
0.0072154078286391565,0.10091569779048855,71_24
0.004521485112649359,0.09713236565029716,71_26
,,71_27
0.004468880648677538,0.09970621651663215,71_28
0.0039778360820308225,0.0560277837995816,71_29
0.005198712863242777,0.1328767021925436,71_30
0.004527544328325608,0.1588427998582789,71_31
0.004790855341974649,0.06420748107645843,71_32
0.019773169583635043,0.10821127639865785,71_35
0.004287695947431736,0.07895751832104221,71_37
0.0030138746289886543,0.04277856651730906,71_38
0.0051727842644672915,0.08422379819584919,71_39
0.012129135729564184,0.13464466658427363,71_40
,,71_41
0.01237388769894918,0.10818633276678585,71_42
0.006411957355398195,0.12925585642172957,71_43
0.0035197722237880627,0.10258507370780477,71_44
0.01981635605370211,0.18266012954043065,71_45
0.0036004946008114332,0.10149509578277133,71_46
0.032173957178295014,0.11124890965171194,71_47
0.00748348778297418,0.06870487511817577,71_48
0.010969162056302058,0.10628053378110212,71_49
0.005136506990287849,0.061619104639967205,71_52
0.005238121268694008,0.06551407336068457,71_54
0.0056333980317054945,0.1002317889858731,71_55
0.0017734153296168995,0.03240757575439841,71_57
0.002711638254255665,0.1038347120707625,71_59
0.0020159320699611465,0.07203412403302598,71_63
0.009736094361591513,0.054431702836967286,71_68
0.00927004451071661,0.10681714855722865,71_70
0.02312763863550589,0.11215057289855129,71_72
0.0019013542085631364,0.04969422385707284,71_74
,,71_76
0.005922877992745801,0.05633649774035294,71_77
0.0031281518515993375,0.04529542065119044,71_78
0.01727247060844526,0.15395422450340426,71_79
0.005310946029173982,0.0606925667163571,71_80
,,71_81
,,71_82
0.002196011021050654,0.028285703672895207,71_84
0.0069966720910216015,0.24785643842767768,71_85
,,71_86
0.0025411862238343816,0.055619192576250816,71_88
,,71_89
0.002176883227522217,0.02830846650038598,71_91
0.0033425145947620217,0.053713140602103825,71_92
0.005025543286901106,0.07030179748611391,71_93
0.004220669758353154,0.07937977594071605,71_95
0.010652788564992225,0.079955253284413,71_96
0.0075158472541444876,0.08108177330170509,71_98
0.009430804318653962,0.06630663125628247,71_99
0.0025614303466753243,0.03924979552449297,71_100
0.006865258565204231,0.11792155351757407,71_101
0.0027470334040867786,0.0670882417247823,71_102
0.005080444626481641,0.07125419405901626,71_103
0.002725323273292353,0.042917920065708465,71_104
0.004513289792138699,0.10697449996076715,71_105
0.0035965344711095977,0.04271549016681502,71_106
0.008518983983982481,0.057852978111857994,71_107
0.0029996652255337027,0.036640376132195784,71_108
0.0017652199448427038,0.08855845230435187,71_110
0.002644363614509008,0.0637875221181256,71_111
0.003629422936360603,0.07595900030282729,71_113
0.00209029818651346,0.05243348518400994,71_115
0.002100735847690761,0.0461206613504523,71_116
0.004875816113879075,0.08056598553212951,71_117
0.005530866223615113,0.08824919356315859,71_119
0.010013512894511191,0.09205291323344622,71_120
0.003453995843280533,0.07530147060764321,71_122
0.0047470593855662765,0.044004502683529526,71_123
0.005446264456351695,0.03696522924221955,71_124
0.0021155582219732775,0.043183880554328966,71_125
0.005790124873404008,0.05651322564852089,71_127
,,71_128
0.0022448860455207566,0.04224490684857169,71_129
0.007625500949653417,0.24161594322998442,71_132
,,71_133
0.010197653262549625,0.11576433382240461,71_134
0.003539785687079735,0.1342224461571915,71_135
0.015414042876540331,0.10725335114035761,71_137
0.008104208300728036,0.06419447441897645,71_138
0.003015089883402334,0.03848523744014467,71_139
0.0019670267330514912,0.03815159860115826,71_141
0.003018402217775032,0.04693109614691589,71_143
0.0055679178774483105,0.0492901112801937,71_144
0.001880963508822304,0.05810785752387316,71_145
0.0028894337801679076,0.15161685290428273,71_146
0.0022119535959295705,0.06173661009800997,71_147
0.0011369358299946313,0.02698844563353872,71_148
0.004748505597175547,0.2112120094769762,71_151
0.007132286474855801,0.06389629707387759,71_152
0.011742360676422743,0.18612017526749672,71_153
0.009747896241297488,0.06251116949227263,71_155
0.018004408103260226,0.07860309727483077,71_156
0.006460981594017249,0.16054739955862085,71_157
0.0036605355369102414,0.042388837161056944,71_158
0.0020822030217307694,0.028944390587507897,71_160
0.0044979117289343845,0.07842336175954533,71_161
0.001985257984172412,0.049648655092014285,71_164
0.002558875305613268,0.05781488150429256,71_165
0.030346685343644982,0.09404809601568336,71_168
0.009963577025666583,0.07908924222637115,71_169
0.005143627822038292,0.06470240485320307,71_170
0.004771132714675809,0.09370409587878685,71_171
0.006381048393506115,0.10918789017024937,71_173
0.003543560003241695,0.03805231024160952,71_174
0.020101143691258542,0.07087556920291356,71_175
0.012592664352329757,0.15796143296439552,71_176
0.00424157986099783,0.05071887552783697,71_177
0.005603470605684083,0.039478073727645925,71_178
0.009241912939952234,0.08621712502735514,71_179
0.014005525095181028,0.0676459221586424,71_183
0.004105498110474671,0.04234016896347696,71_184
0.005971435047013868,0.07949368466397755,71_185
0.0037062555816428718,0.034186758309757495,71_186
0.0101795295644411,0.08894731768182611,71_187
0.007538561000459676,0.06664383521364717,71_188
,,71_190
0.0033371854395970527,0.08400402798126701,71_191
0.008022034429672824,0.08464161897593525,71_192
0.0023972199694811567,0.025617094875900026,71_193
0.005337503742095891,0.05740191926712245,71_195
,,71_196
0.00904620906381523,0.0628055761286324,71_198
0.006976377018977976,0.07911089564150058,71_199
0.003536849784244058,0.05643969637339792,71_200
0.006762244865220782,0.10328079740866107,71_201
0.006808071914540496,0.16727789059697903,71_202
0.04219527263810643,0.15882622254106846,71_203
,,71_204
0.009793900995750919,0.0855658967711944,71_205
0.004199874027095831,0.14809180051871623,71_207
0.005378127054130037,0.22199329795077802,71_208
,,71_209
0.0073309773137513225,0.11506886507022147,71_210
0.005731924578340705,0.04240116521847805,71_211
,,71_213
0.0032478463586293202,0.07790786596314,71_214
0.0031029766116373067,0.06093737106636919,71_215
0.006741775929270408,0.05252127835718623,71_216
0.003714754980374792,0.039389894759755135,71_217
0.017218281173564057,0.1199957679273849,71_219
0.027685877879639092,0.23385018411717667,71_221
0.003906475354577287,0.09163778576987831,71_222
0.0038204184694533598,0.10399349308661789,71_223
0.0037856721124261638,0.03849703122700942,71_224
,,71_227
,,71_228
0.006549127328128792,0.10921142365843774,71_232
0.002909479596742906,0.08439668157767415,71_233
0.0016387650472045965,0.044135130647980345,71_235
0.003054336183029367,0.036910492613126344,71_237
0.01230674709947613,0.1106371643126794,71_238
0.0029153738355569485,0.2815920710689524,71_239
0.0028788504072413943,0.12122362429342667,71_240
,,71_241
,,71_242
0.004645044898244748,0.057822031859617755,71_243
0.004533993765212246,0.043781476434063174,71_244
0.004373862421670655,0.04665853499870867,71_245
0.0035589338707734015,0.10474398461572922,71_246
0.007868778364410047,0.0809867879033064,71_247
0.004785478574783059,0.07343269469755939,71_249
0.005229287809409695,0.09389162509082528,71_250
0.009355624123947507,0.08384434099910483,71_251
,,71_253
0.00448068854070984,0.052187954546297495,71_254
0.003169983940433461,0.03923641026507775,71_256
0.004794414697516004,0.06579185987810857,71_257
0.0058976526264065444,0.05188339929297502,71_258
0.0038696727892463096,0.055370287528223344,71_260
0.003519511231365412,0.04033817067979524,71_261
,,71_262
0.007012475868158118,0.06151136138099198,71_263
0.008898375396192544,0.06550182637359202,71_265
0.0029540118010192096,0.0360033383937609,71_267
0.0031348893579643436,0.06498880518734206,71_268
0.027959157250141437,0.09359410496253938,71_272
0.0017643583410999835,0.04953480646812118,71_275
0.0014178659846302759,0.08197337613018948,71_277
,,71_278
,,71_279
,,71_280
0.02065737440005223,0.17671412055950173,71_286
0.003574708782552655,0.02885527740738992,71_287
0.014599290311024764,0.050342936531861976,71_288
0.0034357740917605227,0.04572710217449478,71_289
0.0072649348564503054,0.0797959416271635,71_292
,,71_294
0.004693970286376394,0.13239960713748464,71_297
0.002357846123673347,0.050671779511439696,71_298
0.003339980964936332,0.03774310699248049,71_299
0.002408934424070524,0.05037436607671339,71_300
0.007961487849987754,0.07590542874509319,71_302
0.0031190116861141435,0.04560762474800972,71_303
,,71_304
,,71_305
0.0010923225928781682,0.02781004183291009,71_306
0.0024484672868497074,0.05542511656131325,71_310
0.0023123113776943637,0.02485271792475903,71_311
0.002859668110322148,0.037623150396155956,71_312
0.0022787979040044862,0.04215290934413933,71_313
0.013775031842847741,0.06892467505883366,71_314
0.027473979177225563,0.19946154759335608,72_0
0.0037399388032950506,0.0630510699900293,72_1
,,72_2
,,72_4
0.002908776060370416,0.0691714863898068,72_5
0.0032310502360237397,0.05993909257307038,72_6
0.004028954248216683,0.2081029087026328,72_7
,,72_8
0.002541891641947955,0.03633942260516392,72_10
0.0039052717749959547,0.08888396461364485,72_11
,,72_12
0.007872582985101469,0.12023791808664183,72_13
,,72_16
0.005720043125213281,0.14589055015170752,72_18
,,72_20
0.017615271423783697,0.115348208099683,72_21
0.004808030921738884,0.06216729175816922,72_22
,,72_23
0.0052823930834890965,0.055213010300140856,72_25
0.010728660061066451,0.1346194996208328,72_26
0.010806064192621532,0.04029512679550365,72_27
0.009694328057139887,0.12777173421276058,72_28
0.006012736878196756,0.038712156116462365,72_30
0.0022008437080170908,0.0690678563840966,72_31
,,72_32
0.004369716860617757,0.0646745339495804,72_33
,,72_34
0.013265454275758195,0.09718583099599598,72_35
,,72_36
0.007298840904914518,0.049595173332542916,72_37
0.002973988021661913,0.11944457887095529,72_38
0.01457328715675752,0.10981654341095115,72_39
0.010802935207297767,0.08204382065765484,72_40
,,72_41
0.003736401241708901,0.10821493869284583,72_44
0.01973116141308622,0.1473049337191656,72_46
0.01712021343815284,0.09876996978946005,72_48
0.003987973118452112,0.19272411113122345,72_49
0.00725493436451123,0.13834991116153272,72_50
0.0021765329140462546,0.03527254406949725,72_52
0.004065409159647809,0.04993877558716058,72_54
0.02026363806371913,0.11566236170431157,72_55
0.002559622173013552,0.0680938643217354,72_56
0.004237575224660072,0.06563078885119912,72_57
0.003256876255764183,0.03579293758261774,72_59
0.005048744984421755,0.09281385730671675,72_60
0.0028513213613419503,0.09029905451307553,72_61
0.0027272679130753703,0.03448777226960235,72_62
0.0035750317285576268,0.04654843129178209,72_63
0.009483191186836312,0.07430332968572828,72_64
0.00808509362381273,0.061317990437012866,72_67
0.003992582010691994,0.05651938379647864,72_68
,,72_69
0.0026790709502243293,0.11310315178298057,72_71
,,72_74
0.005885387964972668,0.10483419199519463,72_75
0.003616971572691907,0.07673065217334717,72_76
0.00399923475426978,0.07730800774121542,72_78
0.010481611269941038,0.13294426311085833,72_79
0.03104854957086865,0.16086566404947214,72_80
0.003961325802976191,0.04370254049453677,72_81
0.013245645727518887,0.10083978026838583,72_82
0.026378219557474346,0.1705651842326862,72_83
0.006543612875835739,0.08456596159405425,72_84
0.013307543873732099,0.07955464588616971,72_85
0.004707278522459612,0.07438302043834334,72_86
0.0018237584684874652,0.023520977257532077,72_90
0.004149310026527099,0.06336325993735688,72_91
0.011873886000018208,0.09798467628109278,72_92
0.015005334938338895,0.04858045430708976,72_93
0.004458957450493197,0.1028315222660623,72_94
0.01665943642104902,0.1269792673895328,72_97
,,72_98
0.008216782208692567,0.1191145615290189,72_99
0.005785204590731408,0.052166205558358894,72_100
0.008320409751759425,0.11354785538218758,72_102
0.0051296680356715104,0.06105956950996714,72_103
0.003478760336331458,0.0711642484252989,72_105
0.012316395165972785,0.16182630752870472,72_108
0.0088979226535122,0.20670052909014447,72_109
0.0056984870537187685,0.09627299183429587,72_110
0.004204081070446854,0.0779234132165504,72_112
0.0046064990012800325,0.06782658489075599,72_113
0.005081075449790435,0.09022948822312565,72_114
0.0018663081824073905,0.06128806776016682,72_115
0.0042707557405132985,0.08778755500320108,72_117
0.009144509036404284,0.07810766307826197,72_118
0.005813168585313507,0.060370934011358963,72_119
0.006525185266002546,0.0691803553982024,72_120
0.00703356147175867,0.1521723588952851,72_121
0.009166837282327733,0.09194384815134862,72_124
0.005015273375546728,0.06083690561572941,72_125
0.0044744297855055445,0.08769649746711097,72_126
0.0034041202951401303,0.03440807820255569,72_127
0.007280929400478874,0.09106967516291085,72_128
0.007337984253713458,0.13782818277833603,72_130
,,72_131
0.0037965192591526906,0.07667554525118181,72_132
0.002336184706009177,0.04888374103823324,72_133
0.0066772193908205164,0.0865426346534781,72_134
0.06130403211755718,0.31899341069338905,72_135
0.014465139926463488,0.12072014700131922,72_136
0.013765995537727239,0.05524492889666172,72_137
0.003601090678334516,0.11925161863700151,72_138
0.010596054128497949,0.07204088115663804,72_139
0.0027537250803305207,0.04858990561540572,72_140
0.006625807221572642,0.06344118268672509,72_141
,,72_142
0.004038818598770961,0.05390117577852576,72_143
0.006797306835293179,0.08512549596236585,72_144
0.0037708918639456765,0.07517444772991937,72_145
0.04974352064803579,0.1681298629535225,72_146
0.007875074636097948,0.09038030644141874,72_147
0.008914244014608903,0.08202162595723786,72_148
0.00568568417729013,0.07597037290138106,72_149
0.006152761324040564,0.080977956277763,72_150
0.013150015934708645,0.11797170604880665,72_152
0.009578360000762953,0.07468465812821984,72_153
0.006519843232067728,0.1298669091243369,72_154
0.005277941005062567,0.07497957343843334,72_155
0.005516875505567337,0.05062503818842847,72_156
,,72_158
0.006109976171015941,0.04527397813781916,72_160
0.005293892483509737,0.03605788037587589,72_161
0.007310600368147874,0.04973766298638384,72_162
0.008697048135174055,0.1094697303909411,72_167
0.004203097004054434,0.10064725775054713,72_168
,,72_169
0.0025008334948939,0.053323191359254,72_172
0.0022812122187042027,0.06147749218141283,72_176
,,72_177
0.0022616832732973036,0.06242960786289821,72_178
0.005586678710202009,0.06845948778602726,72_179
0.00883095411778922,0.12328635255238674,72_180
0.0053578466525780865,0.04033701845792911,72_183
0.0019708249052062085,0.058847357500245584,72_185
0.006808249746798006,0.1191435938787835,72_186
0.0047467218510358,0.0551608387571329,72_187
0.01057473274298438,0.09182382684941429,72_188
0.003305396977017715,0.06739409119652531,72_189
0.007607061936607129,0.057625225062385564,72_190
0.004453283140991531,0.08629268209802107,72_192
0.004274845246985204,0.0540206330995321,72_193
0.0042831913441538,0.08689036195457993,72_194
0.006612914635365447,0.06106259504577884,72_195
0.013034548317813293,0.08374777571089619,72_197
0.004325354627754809,0.050732449527313296,72_198
0.01075962186908218,0.07621490130693842,72_199
0.00773283475483464,0.07061923815621063,72_200
0.01934068522901467,0.08493583811733833,72_201
0.0034492976282164654,0.06163622920919616,72_202
0.009223850745686196,0.10581492388233664,72_204
0.011692053205428049,0.09239703036625624,72_206
0.0030744714275876446,0.0707858848924486,72_208
0.0027706067206262047,0.06747797825213583,72_211
0.018603696407885763,0.10935399846577944,72_212
0.005679902244612178,0.09197240575596186,72_213
0.0039695930684689506,0.05514347898269846,72_215
0.0051057006444718495,0.06598988702851563,72_216
0.004795736948913068,0.054126469266789226,72_217
0.011279744435193547,0.10375916198553892,72_218
0.00502431473850826,0.06517947078838142,72_219
0.0027828935186135946,0.04446000453321344,72_220
0.002221860713144801,0.061570596870833744,72_222
0.017496846111349548,0.10460955088036578,72_223
0.00393757576035546,0.01644719629119949,72_225
0.013729945471861672,0.12430887536770792,72_226
0.007417415080239171,0.0888978859615796,72_227
0.0027335643352203376,0.04271846245527506,72_229
0.016746955406778945,0.14077762196608576,72_230
0.0051332986909545545,0.0868793992265221,72_231
,,72_233
0.005439123525562091,0.06254940865659725,72_234
0.0032342318292433708,0.04015376883836806,72_235
0.0036610917447566314,0.04420110532973759,72_236
0.03087283264334167,0.10228935811940716,72_239
0.0035319606186194085,0.05487686539019229,72_240
0.004134413821072437,0.059782887232803165,72_241
0.0030162684044046885,0.053642678142127885,72_242
0.005784564526803901,0.08767165149261831,72_244
,,72_245
0.004377103576282417,0.06020238988138572,72_246
0.003241791528837799,0.06633668847180944,72_247
0.0030178868698462515,0.06259413721599248,72_248
0.005692396970335023,0.08439058108336087,72_249
0.0024497607774331253,0.049863032685288744,72_251
0.00286665118445985,0.06805591943896357,72_254
0.004493788424165633,0.053481745008092225,72_255
0.003487764707546327,0.046642424750997453,72_256
0.0029000861250065733,0.0777312682536928,72_257
0.00709919387127648,0.10644579101060189,72_259
0.003714643568465309,0.0625177252062855,72_261
0.013843600596402796,0.08977278839470622,72_262
0.02348334699661293,0.11627264755160734,72_265
0.00964699606015166,0.0680518854600113,72_266
,,72_268
0.013940983690227306,0.09728390143528791,72_269
0.003792001491157444,0.06347771775611892,72_270
0.0030610456084344245,0.12527188696535316,72_271
0.010276583683413824,0.09798488580534222,72_273
0.005737774605228561,0.08853890440046518,72_274
0.006087503696547773,0.044817622438043866,72_277
0.0031192754462931334,0.07998458178055698,72_278
0.005226255269743628,0.11363763049473936,72_279
,,72_281
0.012351645927201723,0.4070766992299245,72_282
0.006391276846830642,0.054950466891076036,72_283
0.0017368663421184567,0.04632350199184695,72_284
0.00883522838888546,0.10748751972910807,72_285
0.003626461849882757,0.03366984857300228,72_286
0.0024426917717774565,0.09465820163623295,72_288
0.049599605305193945,0.05604396566850704,72_289
0.007674953688589566,0.06108263674754484,72_290
0.006079896909198132,0.07418730124394593,72_293
0.013277339727519832,0.07404560107016962,72_295
0.0023591508237131215,0.05121324972774521,72_296
0.003357186877492609,0.04986823742554273,72_297
0.004130687415403849,0.06205493183919647,72_299
0.014848902111642383,0.065410852046867,72_300
0.003442283383783887,0.04838014819207737,72_301
0.003362859977497831,0.061460205574576106,72_302
0.0033129452317296536,0.04928428495284644,72_303
0.007128893279791752,0.08912896191571174,72_305
0.004503137698791893,0.04914251232639287,72_306
0.0027496031374715127,0.054677241236631306,72_307
0.0024583959874380427,0.04153750504258122,72_308
0.004723763722912289,0.05326382597446396,72_309
0.0030536261371131483,0.06530894413934785,72_310
0.0031992573649543186,0.08383815167219386,72_311
0.043678084663139966,0.16266056779206445,72_312
0.0033280829736394555,0.08485385485508051,72_314
0.020933921017716302,0.07978530337595136,72_315
0.004224453012772327,0.13428989844686062,72_316
0.003082416698153225,0.055694794922484026,72_318
0.004134323132472163,0.03997415759505209,72_321
0.002933658843970795,0.07975215558221,72_322
0.005217709045896733,0.2356892257839848,72_323
0.002618353759741515,0.038257506482995085,72_324
0.017843353380788612,0.0922712755137493,72_325
0.00604946674275114,0.08569349050301549,72_326
0.004828994807571563,0.0797886060913178,72_327
0.0031661141401326857,0.05807230645924761,72_328
0.0023693506983736147,0.03738109651273584,72_329
0.00566151521245043,0.06790011942146168,72_331
0.0064372489255056535,0.07288690756644041,72_332
0.0034640021450140393,0.04321646835182619,72_334
0.001732132073926122,0.022816492514207535,72_335
0.004873150550699321,0.03980376497775409,72_336
0.004993077369509155,0.06691558924113834,73_1
,,73_2
0.006842346288200902,0.09279182752180007,73_4
0.00505245432776913,0.044870352928536146,73_5
0.003739630639595982,0.0754370395595866,73_6
0.005994827539969704,0.05767279929911208,73_7
0.00598679093488664,0.08778804833518077,73_8
0.009398009339831464,0.08626217703285384,73_9
0.004105955778482239,0.09455214686161464,73_11
0.004805032873553996,0.03885135820733359,73_12
0.0058104200633158016,0.07025000416669526,73_13
0.007233059586343607,0.08255276106506966,73_15
0.009227710864575672,0.0819687234924794,73_16
0.012290759424524617,0.07564101219814007,73_18
0.006526239884134391,0.10759272737884697,73_19
0.011150037719140376,0.07131101213677812,73_21
0.004816631458000184,0.08344636070134046,73_22
0.003077445420710403,0.07108572767614635,73_23
,,73_25
0.002384632711451893,0.06131079315458167,73_29
0.04125277113743701,0.3063978602739818,73_30
0.007785497735776576,0.0482932553017419,73_31
0.005550581280331133,0.08189050756705203,73_32
0.004223418849171618,0.07413336877800279,73_33
0.013766853856953134,0.1273352632819096,73_35
0.009550974902801258,0.0629202203563119,73_36
0.004007087435204264,0.15296327238811194,73_37
,,73_38
0.01231704743512958,0.07301018260929329,73_39
0.004393928138497564,0.05317984019411352,73_40
0.012620247914383615,0.10370349821933807,73_41
0.0037069844178588235,0.056115987886315076,73_43
0.00629046488429725,0.0792362778754112,73_44
0.003630457828580482,0.06420728378163316,73_45
0.003371287049427695,0.044676889895261925,73_46
0.013497636641915221,0.10266047200608633,73_47
,,73_48
,,73_49
,,73_50
0.005076758318921835,0.08906163103454307,73_51
0.005038986699514796,0.06807476618783126,73_52
0.010316087870494524,0.07405123186646112,73_54
0.02169383717344686,0.1413943203217942,73_55
0.004793948574312383,0.05477514083627111,73_57
,,73_58
0.007609321479130089,0.08331247233786032,73_59
0.0028587186706103694,0.08474470772076208,73_60
0.009318286733467553,0.06611943738328792,73_61
0.003721495273786485,0.0828031389526707,73_62
0.010232178694492944,0.07640162597071767,73_63
0.011059994469528323,0.1008589573488377,73_64
0.003451840989792419,0.05954235899093149,73_66
0.005162394697016079,0.06431019990936226,73_67
0.012447832412727688,0.14900617927923118,73_68
0.0033645561945991366,0.04087375251638614,73_69
0.007594091778028307,0.05811228576312867,73_70
0.010048332538939735,0.06462628216978686,73_72
0.006745310994408487,0.05780748144196107,73_73
0.00516207425586849,0.048450864883120885,73_74
0.009177032905694684,0.08838124272292455,73_75
0.004962035357899899,0.08744544023536978,73_76
0.005567479336912145,0.03461540770823237,73_79
0.0025223358689359992,0.07080457394664039,73_80
0.019382244486266284,0.143435529156559,73_81
0.004120461056071055,0.06494331029018789,73_82
,,73_84
0.003047970002846525,0.04269025056683892,73_85
0.005702835067709725,0.04714747219080187,73_87
0.0027871045093566336,0.05225352305024666,73_88
0.04704562257193699,0.3126614702003255,73_91
0.0036985735387164253,0.026072951394022673,73_92
0.032319587757593866,0.11706907522193287,73_94
0.007529508584761707,0.036975477420373354,73_95
0.004221572086992613,0.12770033890320176,73_96
0.005505879622518466,0.06783549559867054,73_97
0.009006633902486308,0.06879042243609867,73_98
0.006100630439644237,0.05563941013360057,73_100
,,73_101
0.007645484865367436,0.07536054971788692,73_102
0.004047469903207818,0.05392005348528193,73_103
0.0124974190518316,0.05831226985041627,73_104
0.002806948116304211,0.04567053727319579,73_105
0.011732769023623505,0.06931969699583479,73_106
0.011140356038800805,0.05512241135252028,73_108
0.0032912458892084637,0.04505834759680653,73_110
0.005214740008809501,0.09626622443303069,73_111
0.01472567003121769,0.21965243995884226,73_112
0.0059374292182353015,0.03506871022521531,73_113
0.001645454861318029,0.019516809154486642,73_114
0.005219799831045492,0.09050682135785926,73_115
0.0030973324664959456,0.021237699356184074,73_116
0.006451125348770006,0.09546604369067563,73_117
0.003788914287892281,0.06796593646947287,73_118
0.003487879103301325,0.10121254623580365,73_119
,,73_121
,,73_122
0.003248629573082857,0.07716263152268264,73_123
0.009524709885152988,0.07180794343921222,73_124
0.03307341679374407,0.10802202163123366,73_125
0.0031673288044409063,0.06455968010136288,73_126
0.027894152430618803,0.10146659229053362,73_128
0.005346833530546333,0.06788076844371453,73_129
0.0035119598118908144,0.07501117512068925,73_130
0.0076656965196383545,0.08051192750419961,73_131
0.008172168351920877,0.07090296562952676,73_132
0.004896491255726138,0.06502107548974997,73_134
0.003055845267737431,0.0527668875903457,73_135
0.005325820686507983,0.12099923537174916,73_137
,,73_138
,,73_139
0.007679668634900457,0.05971803937656836,73_141
0.004565592411903115,0.02990520473354569,73_142
0.0055022496740437955,0.07769095103586454,73_143
0.0030026572006113064,0.0468766945782152,73_144
0.004132644010274698,0.036754292913798,73_145
0.008831108148351629,0.06524439486300575,73_147
0.004346314281703659,0.043611318843048016,73_148
0.004573014936602154,0.09360672303103364,73_149
0.002746308315397311,0.051158508035621955,73_150
0.003520073087794906,0.050236491911051735,73_151
0.0024921417892202966,0.039139108463992406,73_152
0.008952930178532116,0.04449146924085536,73_153
0.0030285943539849424,0.050372228342505924,73_157
0.003918988059079332,0.048093290208245654,73_158
,,73_160
0.008382964542440413,0.08812594442664078,73_162
0.008772349579772635,0.05951771200266647,73_164
0.006566558204817969,0.05858620122656621,73_165
0.004102313317340899,0.05014239207962428,73_168
0.002593369381369055,0.057769555519924784,73_169
0.002450757622943648,0.03869499836988143,73_170
0.003781822816196906,0.030759294610785883,73_171
,,73_172
0.00592628162668822,0.0651059075045803,73_174
0.009478281838749918,0.065762670266341,73_175
0.009406161234805935,0.06034073173076368,73_176
0.003985507239338929,0.059826958191083586,73_177
0.0031795793773089043,0.041120763076302004,73_178
0.01089139645652598,0.06937178580593144,73_179
0.0016952248984468895,0.03121545652734276,73_180
0.0039002355895555296,0.046249437342978345,73_181
0.0027082422898203192,0.03332360874651421,73_182
0.0025619342840381048,0.03936813751968621,73_183
0.005006678585417184,0.05018437972210749,73_184
0.0017741183700761651,0.03265414573412873,73_185
0.005734348005898743,0.07341968457566894,73_186
0.003804629258992185,0.06570230099032967,73_187
0.007779943191334478,0.06830069634153112,73_188
0.005429568943408414,0.059776408962615046,73_190
0.0055082996930999285,0.06302337432887901,73_191
0.006480010010936573,0.11639415258019124,73_193
,,73_195
0.006199746714367882,0.04427013484154762,73_197
0.003189023393164434,0.0555792189707824,73_198
0.004273600380817855,0.09312648545515505,73_200
0.003699893335367301,0.09924680711489785,73_201
0.009405106556999427,0.13103657073658692,73_202
0.004887282587185549,0.039461175263009525,73_204
0.007723755407868967,0.06856555154039444,73_205
0.045016141430577424,0.17188073394802877,73_206
0.004342796254367128,0.1132498141124022,73_207
0.013922521236031502,0.07255558189908635,73_212
0.0017241532972496721,0.05289513838336222,73_213
0.002868760117810176,0.040680347784842225,73_214
,,73_215
0.0331152848081717,0.2190489399686066,73_216
0.010143695540204004,0.05351974442006201,73_217
0.006519205772537278,0.07100838149982029,73_218
0.006170934226637383,0.0598398319278208,73_221
0.007237628880867168,0.05544915361655697,73_222
0.005731440122484151,0.07219281054483553,73_223
0.007418957830612288,0.07682863318150267,73_225
0.006205601748589988,0.07481932357256399,73_226
0.016089231845855693,0.08014156996133796,73_227
0.01693394342711283,0.10050258768408121,73_228
0.0019785236850174332,0.03100854573162211,73_229
0.011841793738283356,0.08176863931614865,73_230
0.002513752320898613,0.04439517268633925,73_231
0.007380283138492364,0.06727209580581493,73_232
0.0029095158666789657,0.05079023902157207,73_233
0.00426142980226266,0.05706396722263102,73_234
0.0032067959217922703,0.0516547996215326,73_235
0.008676034164846191,0.11254248149284506,73_236
0.002249063660196036,0.030314884586717817,73_237
,,73_238
0.012483389608872698,0.10896119834206125,73_239
0.009920846006264477,0.05763251156017556,73_240
0.005059160746667408,0.05910053768077165,73_243
0.006053457459820578,0.051753434835401124,73_244
0.009452323522101028,0.09880827956732025,73_245
0.004950210506194147,0.07323661301798136,73_246
0.005711725640123375,0.11547859434168294,73_247
0.010210697295869297,0.10846262795166102,73_250
0.006876557089129342,0.060190187131496695,73_252
0.00817320860439119,0.05104328673583895,73_253
0.0031104899264610512,0.04300296061508592,73_254
0.011112704771282284,0.08736974157956336,73_255
0.003213152702719074,0.0650963378129147,73_256
0.011589656177301145,0.08280609270809852,73_257
0.0077254810592136645,0.08695549290189773,73_258
0.004048439289412244,0.06045797782733966,73_259
0.0063069879260742295,0.05990020939060687,73_261
0.0027178182328133032,0.04619464869273788,73_264
0.0025734315773975817,0.05393027159228304,73_265
0.005473052154402239,0.051449201053541796,73_266
0.007761393026448929,0.06292299191146554,73_267
,,73_268
0.007270062362447856,0.0749688288475319,73_269
0.004199181121318214,0.0771627135137347,73_270
0.00337595721810055,0.05334616599118445,73_271
0.005560903899079143,0.04756845323592716,73_272
0.0034956610039662533,0.040466365553884054,73_273
0.0020773710268140993,0.043380743485809406,73_274
0.005105509841026183,0.0581496701555043,73_276
0.004889789928537092,0.06612478652778474,73_280
0.013897940054567034,0.08659360344289005,73_281
0.006656977379536683,0.08011947578601547,73_284
0.008089515348862436,0.05752266887556341,73_287
0.011595657068488056,0.04748734514946999,73_289
0.004943650052749462,0.059274956646152954,73_290
0.005275964436666109,0.059512240417711394,73_292
0.005920792116911,0.05284528183407188,73_293
0.004310402203702039,0.05776131344339997,73_294
0.0031072463488132,0.04728354294231397,73_295
0.007716174366542494,0.07520343092451807,73_296
0.005077249298697435,0.07831476665650607,73_297
0.006353706302304618,0.06232288562289676,73_298
0.0020806051772364674,0.027414683708832807,73_299
0.00679949113113344,0.06210730390566487,73_303
0.00400260356142188,0.04358689083270875,73_306
0.004241378893251769,0.056282527112010455,73_308
0.00787248245641978,0.05534846405443013,73_309
0.009388934939353954,0.06541986675799705,73_310
0.003548855365926452,0.03558625644764481,73_311
0.0033556336441662943,0.04565236991986741,73_313
0.005129601339813911,0.05382841688105029,73_314
0.009966870449561072,0.04917291970733582,73_315
0.003621797976606844,0.04885537978746382,73_316
0.011502385271007195,0.07371402050646439,73_317
0.007500733375419132,0.07291300353671504,73_318
0.009337088242853472,0.04978177929447336,73_319
0.01260693180356176,0.08047776186456763,73_320
0.006873979436658049,0.08113212635915255,73_321
0.010072642868814851,0.04614741705270903,73_323
0.006044675755623477,0.05725452905842359,73_324
0.007537240790351052,0.0779072403616648,73_327
0.008797153210362358,0.11415587933097728,73_328
0.0026382599745325627,0.04478841494746364,73_329
0.03206687069128753,0.11854667301873345,73_331
0.005777804600757344,0.10506014505543934,73_333
0.006513712463787626,0.12214217270957582,73_334
0.003903930202240169,0.05181495541904199,73_335
0.0034061839054178203,0.050765888818459705,73_336
0.007459695940552576,0.048041936761305054,73_337
0.003953036271065089,0.05741947426365962,73_338
0.00701716707927069,0.07516850300344284,73_340
0.004104219117060001,0.05587225455018334,73_341
0.006334402607965552,0.053218208341431934,73_342
,,73_346
0.005491942190162143,0.026291403412253986,73_347
0.009107133183436823,0.08916858328571386,73_349
0.0073030155799338825,0.10794837579699518,73_350
0.009554651384098408,0.06644612602952497,73_351
0.008010973576494395,0.08981329309875147,73_352
0.036075292304026695,0.10671649015855686,73_353
0.005559221523654593,0.048227750169336454,73_354
0.02638056578299139,0.10526950134643517,73_355
,,73_356
0.007269061536587628,0.06201806088330442,73_357
0.02166200129080749,0.0891381642137312,73_358
0.015842767435777616,0.19157266881958127,73_360
,,73_361
0.004119658011537672,0.04717750064366474,73_362
0.0030463588991874093,0.07858324332675888,73_364
,,73_365
0.002826673365926064,0.04201106963533661,73_366
0.0036691372371131445,0.09158896812125485,73_367
0.005592508928534018,0.08281529415840179,73_368
0.006050706918900024,0.05492118470519646,73_369
0.02938346952158984,0.20866729575491758,73_371
,,73_372
0.007278253095542028,0.08233196619047185,73_373
0.009880797714824436,0.05675654793148915,73_374
0.008106128298564412,0.050145196875372916,74_0
0.005867238843325324,0.12225013328603293,74_1
0.008367476806727859,0.06432285003575716,74_2
0.0033999144788820724,0.056430284602068885,74_3
0.0039512842446177065,0.07273076509899057,74_4
0.008144613068091666,0.0760803698096982,74_5
0.0024189816236036667,0.049395323202121616,74_7
0.0015815387121336597,0.03427375340767342,74_9
0.0038900020931489435,0.082260883336681,74_10
0.003596905321713662,0.0561902537070746,74_11
0.00924773883559919,0.1297558566792653,74_12
0.0029580854551650906,0.0449274405136824,74_13
,,74_16
,,74_17
,,74_18
0.00237726612271411,0.030443512775162027,74_19
0.005097279957651188,0.06806177414172991,74_20
0.0027431342295150736,0.023372310763538368,74_21
0.003504945365708996,0.0567783202652152,74_22
0.008239248075013816,0.05600537066700152,74_23
0.002948246233950565,0.04014663922295268,74_26
0.004135239173015873,0.04626495469541472,74_28
,,74_29
0.007292206108051631,0.0858697544039375,74_30
,,74_31
,,74_32
0.006093592524827274,0.06110511573803255,74_33
,,74_34
0.0026869403977474596,0.055741700502821095,74_35
0.057059102098774024,0.21688334188167355,74_39
0.004152900685962751,0.04182507148748203,74_40
0.009553585931262815,0.08465804520888844,74_41
0.004598268404456719,0.07464127420125871,74_42
,,74_45
0.007723552507402377,0.13976809720519362,74_47
0.0041817783708219345,0.05538630507777082,74_48
0.0030090204589000953,0.03473313827364514,74_49
0.002307685437481407,0.04021328628583271,74_50
0.004252715833437804,0.05679423360085038,74_51
0.0035648714953405167,0.05470780434589258,74_55
0.00220907131934227,0.048096442188026875,74_56
,,74_57
0.013517864663289365,0.125867948646304,74_58
0.005814369852994549,0.0554912122755581,74_60
0.0329069105808913,0.1087056403720821,74_61
0.0030398238134899135,0.06029779754583112,74_65
0.005318423340768745,0.08620764352162162,74_66
0.0076924464188114485,0.09488675184560687,74_67
0.0024756890127914425,0.0454866422212781,74_68
0.006772998519363321,0.11701858805307647,74_69
0.022100333394816065,0.19145273995958215,74_72
,,74_73
0.006903802661407113,0.05204291501216919,74_74
0.01266980768813074,0.10047180261889414,74_77
0.003072356666903677,0.06892986651703006,74_79
,,74_80
0.008369205549474712,0.09570077721328214,74_81
0.0049618759117058785,0.10748156487423031,74_82
0.020192597229887605,0.07657389205879893,74_83
0.02150268790837449,0.10615362480256763,74_84
0.0037185251173045297,0.041807724659372957,74_85
0.034917052304550694,0.10581171387746433,74_86
0.004335358135193997,0.07664133605954294,74_87
0.004825876644044893,0.03373020625970241,74_88
0.00724132125832637,0.050544680806741696,74_89
0.017126128760037475,0.18259691851280188,74_90
,,74_91
0.00340794254386853,0.05566293971208767,74_92
,,74_93
0.004718156762595034,0.08442623123011334,74_94
0.012829149965560716,0.08386753768759317,74_95
0.006210486656161285,0.06618236106383488,74_97
0.005361742152806784,0.11204461489216702,74_98
0.049226274456896105,0.14679629435493866,74_99
0.002779769293812241,0.046096393318330424,74_100
0.004853645383616328,0.07157566565468734,74_101
0.0031016981056055694,0.1865256095003684,74_102
0.005091584140235973,0.046417085139140064,74_103
0.0035853055319039016,0.06418740774211908,74_104
,,74_106
,,74_107
0.0032095311246523556,0.06012563217319878,74_108
0.0036311114474879944,0.06556008318949136,74_109
0.008277059727437136,0.08967381091239421,74_110
0.004655791808854064,0.06393251721192,74_111
0.004862663626859296,0.09049948586814327,74_113
0.0013402776623979346,0.05049503054637241,74_114
0.00320963578536841,0.04171757041861706,74_115
0.00234951850217702,0.04207321926251336,74_116
0.006565724609480787,0.06753726202125457,74_117
,,74_118
0.004413149647335232,0.0677602124561961,74_119
0.0023556896865831603,0.04174292680983101,74_120
0.002489619811146949,0.035445779555202186,74_122
,,74_123
0.002525357685208113,0.11421302282030812,74_124
0.005017938032868316,0.04781192801249674,74_126
0.015513568577610179,0.09081416240736756,74_127
0.006695085989808469,0.03821953690003607,74_130
0.006891412033310582,0.0142554448142739,74_131
0.0046390702132441,0.04161244927550721,74_132
0.008862164275937475,0.050932262240114136,74_133
0.01369717103511614,0.08104475748044264,74_134
0.004298387897665223,0.047604255545412005,74_136
0.004500405535859321,0.08068977893994322,74_137
0.007083836107026764,0.07109001062871241,74_138
0.004338789609503214,0.0522194673476754,74_140
0.005064346513113873,0.09036798386588102,74_141
0.010490154181501912,0.07852838014812216,74_142
0.014484148456327131,0.11699565844776855,74_143
0.0016697384485897927,0.050005338176021465,74_144
,,74_145
,,74_147
0.007516882985408136,0.0654727379621967,74_148
0.0025491898559247238,0.06498958740604766,74_149
0.0035621588040634653,0.04442594691167417,74_150
0.0017261361028821209,0.058184152078063635,74_153
,,74_154
0.009302866394727516,0.08371431207617738,74_155
0.0037556541076450146,0.039409771643384314,74_156
0.0033906483851085406,0.03719220028594182,74_157
0.00580830504334178,0.043970909716629404,74_158
0.0026310785269468995,0.06992414719160238,74_159
0.005010582031628342,0.06153445374073087,74_160
0.0028138942650364975,0.05861874820849429,74_161
0.0068128738980043485,0.08213729340884805,74_163
0.005513374324445467,0.03963407482291372,74_164
,,74_166
0.004962007755116639,0.04388147382893289,74_168
0.002607217677262363,0.0613848996612439,74_169
0.0047846882844878045,0.0802110686940726,74_170
,,74_171
0.005065237454770649,0.11543303442230594,74_172
0.0024099566338397233,0.053379341340849935,74_173
0.0033714510208207584,0.03611749829778176,74_174
0.023427677016582122,0.08883909655504024,74_175
0.007364691780290438,0.09191693908095949,74_176
0.008440204365407064,0.14053334043637056,74_177
0.005116944623720136,0.07536807707365745,74_178
0.0030951124278263656,0.053168049718997364,74_180
0.0044269114331616025,0.08357362552557898,74_182
0.013445902617525714,0.056448206373924906,74_183
0.005622611567286792,0.04191362503511306,74_184
0.0035613482013687097,0.06311805512961022,74_186
0.015756109572782572,0.06336599298861115,74_187
0.003391481096834088,0.03922066921182124,74_189
0.0030468274218838983,0.022909890494728188,74_190
0.002361711706461474,0.03146779680810188,74_191
0.003711657037300214,0.05023043008538054,74_192
0.005400483699382175,0.05383884685017264,74_193
0.007861062687836004,0.03350831469875661,74_194
0.02401500197832945,0.09470836485085181,74_195
0.0034470493985876067,0.07582685320780067,74_196
,,74_197
0.003800192444691963,0.041945015056760085,74_198
0.006243717301507622,0.07098781001260891,74_199
0.0031883095912977714,0.03472262892698648,74_205
0.0032669082039751746,0.053504777041527535,74_206
0.0020408960116959935,0.03447729925260654,74_209
0.004206273859914232,0.058936696177888305,74_211
0.0023007219824928765,0.026583481176856664,74_213
0.003751121778028946,0.035618513842214455,74_214
,,74_215
0.00514449187692331,0.05830474311991732,74_217
,,74_218
,,74_219
0.013889109058344664,0.0699443706382699,74_221
0.003691208660494109,0.05811127203553942,74_222
,,74_226
0.006467499405976778,0.04368961042334472,74_227
0.0048205843090516,0.09768505282115195,74_228
0.004877981677758186,0.0017177282238078234,74_229
0.002178843587527462,0.06164296427433074,74_232
,,74_233
0.0018455083256306612,0.09541331604693468,74_234
0.0042527128746779165,0.04159121950036353,74_236
0.00434898872613795,0.04368127992106709,74_237
0.008317284166748746,0.07645110137078236,74_238
0.0038430971306102563,0.056282471153038416,74_239
0.0019072852797686615,0.030652497606832137,74_242
0.0029676529920029627,0.044245425306805815,74_243
0.0018034842099958997,0.0348295109819883,74_244
0.0032334655070097914,0.03390608390878708,74_245
,,74_247
0.011562557438438729,0.12160643332800107,74_248
0.002474023682191561,0.15614523398958235,74_249
,,74_252
0.00895951942345923,0.059429658563098856,74_253
0.043099224994668145,0.126412715793203,74_254
0.005317212475021314,0.07793008712441281,74_255
0.006102656590981059,0.05275037012273341,74_256
0.0053033764851544716,0.07411956012144369,74_257
0.05515362942486698,0.12546393868791114,74_258
0.004723722566716904,0.08962300217309724,74_259
0.007691299942932548,0.06808045258199813,74_260
0.0060486497014540916,0.09618522370033453,74_261
0.002660072110079368,0.037781655391063575,74_262
0.07193902325398759,0.13366068389358315,74_263
0.00520193934265681,0.026176585371227898,74_264
0.005957627080504184,0.07893075548821775,74_265
0.011422411476224312,0.06420353977152876,74_266
0.0036321826698246075,0.07126084081455883,74_267
,,74_268
0.006897456473563044,0.09934523666978987,74_269
,,74_270
0.005482461967805902,0.09311494238485829,74_271
0.06951083967696854,0.22294379205190842,74_272
0.002561046008251623,0.08475379819506114,74_273
0.0022321233673142176,0.03481952011262598,74_274
0.0063805007811672055,0.08885794141074933,74_275
0.009457159945722944,0.08876353382360075,74_276
0.0059622448816945735,0.05399352243284386,74_277
0.012968040057969789,0.07207100184763472,74_278
0.006071395623394365,0.05024860851581196,74_280
0.002199642775414386,0.08976641495239288,74_281
0.008554733466995913,0.0635233921360048,74_282
0.0050253934173116735,0.055847940025891496,74_283
0.006003551169299174,0.05551459477453639,74_285
0.0027648595888916266,0.03931833145079067,74_286
0.0034161444125933808,0.05896070867016989,74_288
0.014639852430436197,0.08619036892953216,74_289
0.0029122763470039318,0.054398058053202386,74_290
0.01080440826738802,0.07257403012536781,74_292
0.00375494461636215,0.06793105739959512,74_294
0.010493170488243884,0.06808153993324267,74_295
,,74_296
,,74_297
0.006334432309595012,0.06082356593881402,74_298
0.008600332759294957,0.06535324716699185,74_299
0.009304946652823744,0.03194076275145041,74_300
0.0024295466851438053,0.04601510954299273,74_301
0.002594371501323224,0.03289333690717357,74_302
0.049713394755460424,0.09653618377037142,74_303
0.0067981806667192285,0.06355876092020574,74_305
0.002138338049573309,0.11817050598821789,74_309
0.008057906323724575,0.08462007104318824,74_313
0.0033552560954853046,0.07193344743527352,74_314
0.004813803483672698,0.07461742190489613,74_315
0.00578477697390356,0.05889082343825519,74_317
0.007043231957882886,0.14981472902877555,74_318
0.03480815397509624,0.15743293288468407,74_319
0.0028700086909034033,0.05059091466348667,74_320
0.007310727182384583,0.1292386275103076,74_322
0.0028928109029223844,0.04008238539752928,74_323
0.010255562385734121,0.20419032700622003,74_325
0.0031856746129167823,0.07309260596861626,74_327
0.0032388143195630145,0.048029398986280766,74_328
0.006462879484672518,0.0405011675556493,74_329
,,74_330
,,74_331
,,74_334
0.0054696068317835085,0.04020015983785231,74_336
0.00590280368742936,0.10696074055991803,74_337
0.006340519243606906,0.030682568036914853,74_338
0.016844924888812927,0.1289222700285407,74_339
,,74_341
0.0066965282413764945,0.06762000814633634,74_343
0.006183198292362598,0.06853768621626392,74_344
0.005539833605842802,0.06438496486919115,74_346
0.005389926939102303,0.05854194736603325,74_347
0.004691635343760368,0.04303792202638498,74_348
0.006419320575773303,0.05167370785389654,74_349
0.03769923597236537,0.1476736075612329,74_350
0.009107345334899986,0.053645090194017156,74_351
0.01406860698705584,0.10281404808713766,74_352
,,74_353
0.002461399089144559,0.035862220903270514,74_354
0.005232315673544233,0.04836001748315303,74_355
0.004897238444650769,0.08970189704183174,75_0
0.0088538637969857,0.07536803163473796,75_2
0.003077619628527382,0.12328784057691557,75_5
0.004142918606431561,0.06241661845486061,75_7
,,75_8
0.007313242642848321,0.0695342475481563,75_9
0.004177001891283583,0.08674984623638111,75_10
0.0021986123064478232,0.09320493681901973,75_12
0.007828348702460849,0.042821125126159355,75_13
,,75_14
0.002210499119005174,0.08069838603085185,75_15
0.00881818595486925,0.06206641758768151,75_16
0.00552055886439007,0.06263306363014655,75_17
0.005942864768796639,0.06289471188828404,75_18
0.0036223264883599306,0.055606457378685845,75_19
0.004899300813502655,0.05000140222609815,75_20
0.0063583831091639925,0.05729837264191268,75_21
0.010558596201945533,0.048915869050059575,75_22
0.0028043220735021906,0.05058004293805429,75_23
0.007120275046347382,0.15715720614289683,75_24
0.004208731391343869,0.05750355237785952,75_26
0.007877878376815537,0.09598417144908067,75_28
0.0016073608725713185,0.026202039523003574,75_29
0.010665792383394605,0.19201614391689162,75_30
0.0029604248062480897,0.055096855675187906,75_31
0.004209965666069789,0.07782606171002283,75_33
0.0029624973961789895,0.02982211478416894,75_34
0.00663325119655921,0.08006761666191059,75_35
0.010931224542805375,0.08209899691939507,75_36
0.002517192356715702,0.016338034812379415,75_37
0.004994256573535266,0.0800126293962092,75_38
0.003643159090858331,0.06002222003174924,75_42
0.003450163374239876,0.07627193489217966,75_43
0.00793539503684144,0.10161823794131956,75_44
,,75_45
0.005905883277836361,0.13910160255697082,75_47
0.0034162848047633878,0.07962624598038945,75_48
0.005040514399555475,0.057664619910119404,75_49
0.005143015450494395,0.07674055004994748,75_50
0.0034688799768920874,0.05535897413938671,75_51
0.0029535689358878847,0.047487303206524854,75_52
0.010951489965035694,0.06655761541101843,75_54
0.0031061831801349337,0.07430675113682744,75_56
0.0035954285619726493,0.05133433452732416,75_57
0.014194710141978279,0.11191233300183157,75_58
0.0036897326061078447,0.07127240717640859,75_59
0.0044220544978004275,0.051686016893282886,75_61
0.002719827564422687,0.05088766942884391,75_62
0.0030660181965302463,0.04831932218899699,75_64
0.011256509163903555,0.11464652618783355,75_67
0.005711182837075116,0.08725352923726727,75_68
0.001198349582922111,0.08425207123442452,75_69
0.006018938556671665,0.063163477159697,75_70
0.004302644405737389,0.08058227405185173,75_71
0.00467029089355328,0.029078176076980513,75_72
0.004798506724427496,0.042557047660824014,75_73
0.005398707474048927,0.061688981113696,75_74
0.0035935765829992147,0.07586340798786964,75_75
0.00546744150805888,0.04298965468829455,75_76
0.006148851411336478,0.08449519344021848,75_77
0.003352235628591463,0.06905582646239243,75_78
0.003951394050528463,0.05626028713479179,75_79
0.0044779468810224946,0.052645852694366224,75_80
0.012440057820402979,0.1039976915969072,75_81
0.0030603480272838853,0.06742644046389805,75_82
0.013019130272653926,0.06624694753154518,75_83
0.0035656984918337013,0.07733100490579592,75_84
0.004636049069441967,0.03934710829203052,75_85
0.0035444027230917855,0.05829548170670197,75_86
0.0037175618366495143,0.04751229605069447,75_87
0.009231292416265774,0.20801357055583536,75_88
0.02359383672295138,0.14467795361633837,75_89
0.007525113507327464,0.09832367246730352,75_90
0.0024560421930996854,0.03834957595870653,75_92
,,75_93
0.005243942877639877,0.08501935080561644,75_94
0.013469230168413083,0.11099475131539482,75_95
0.00674774182251318,0.1878421380920618,75_96
0.005262218645769004,0.05681090491124146,75_97
0.004424567803887556,0.062211074626581285,75_98
0.013145119421724008,0.12921643976456387,75_99
0.003881670077934897,0.07179905328010402,75_100
0.007573426338137083,0.07109611232710587,75_101
0.0073054961750803876,0.07054261129164678,75_102
0.006206445792365622,0.09987821982017016,75_103
0.005449058863115695,0.052086837156488826,75_105
0.004382835421496867,0.07214161948061665,75_106
0.005777753089308039,0.06935690357347375,75_107
0.008181971156507074,0.08161777834564783,75_109
0.008410086031108183,0.0712985484754081,75_110
0.0063855206529696475,0.06840481974608865,75_111
0.003937025701831863,0.06800208526547204,75_112
0.003463006249192949,0.0536143631773156,75_113
0.009752108839620388,0.08590659297611691,75_114
0.004093523859257782,0.0751247122382505,75_115
0.004178841599710299,0.05652126435194024,75_116
0.020721047590928725,0.09018381546320935,75_117
0.0063744246392148885,0.06934965765585747,75_118
,,75_119
0.003272746973329398,0.04252712668487411,75_120
0.003491843518801176,0.03811566632678189,75_121
0.00494597583422146,0.08399489232724891,75_124
0.008195663905906751,0.07248949804949333,75_125
0.0030712239108752672,0.06185098021291352,75_126
0.005214672753180286,0.06015514110924484,75_127
0.009316459738643257,0.0657173717303197,75_128
,,75_129
0.0038012459872628366,0.0905335127492662,75_131
0.0024472000085887934,0.05296806097410892,75_133
0.004184067630909404,0.06555657432428111,75_135
0.004822100445283612,0.05913901495650507,75_136
0.005910127896646464,0.07151466476650835,75_137
,,75_138
0.006374033762783124,0.07753430020176037,75_139
0.01269777495737683,0.09573201678908788,75_140
0.004896949829109689,0.04604266428588444,75_141
,,75_142
0.003236351752382042,0.045107465878522275,75_143
0.00490501933979101,0.12324374901685081,75_144
0.007045483015923284,0.060968513049256635,75_146
0.0040828618454523714,0.03434811921590378,75_148
0.006057100142747839,0.07448845603872463,75_149
0.008245604928658895,0.13744923143914317,75_150
0.002534249907842913,0.08402196356044742,75_152
0.0035174859582321524,0.10945778160271721,75_157
0.0028390735317227016,0.063138172682684,75_158
,,75_159
0.004405620307411492,0.05481198876735239,75_160
0.002539052863316272,0.029078417321717502,75_161
0.005943664620417565,0.06831769988799928,75_162
,,75_163
0.006987737672378708,0.15488437274753758,75_164
0.004422423033744387,0.056093948683213,75_165
0.004472410701319785,0.1149300852752467,75_167
0.0031100783661066923,0.08141523971978532,75_168
,,75_169
0.0024784645486179992,0.07208930274328208,75_170
0.004671641411678962,0.04201208811658254,75_173
,,75_174
0.0021659225167079163,0.030920218742286232,75_176
0.0013806944066506864,0.029903625879824612,75_181
0.0049908313229891825,0.11400274748559422,75_182
0.004465212116121066,0.053248927043848454,75_183
0.03398313079167062,0.16187076814464763,75_184
0.0018905503231630228,0.02294475864652936,75_186
,,75_187
0.0064370907779014545,0.05502835678745623,75_188
0.004904028012464806,0.21213439328961764,75_189
0.0033034320838083364,0.09385023949987781,75_190
0.001469566776377035,0.032592063677915104,75_194
0.005260389982874985,0.08919984691253896,75_196
0.014722751576553695,0.07219198024580119,75_197
0.007775953490179306,0.07340920372114182,75_198
0.045930953420199656,0.16846564376023276,75_199
0.0027879202686674266,0.05893440277377225,75_201
0.0027850195725019344,0.01593653149254905,75_202
0.0021294093302859224,0.031562511670141145,75_204
0.004475594451853997,0.051246921598018594,75_208
0.002117908048234564,0.03649724401535799,75_209
0.0028411524103032254,0.05116872681565427,75_212
0.003526973070126039,0.11979146080385904,75_213
0.004626871992765416,0.0924101487509549,75_214
0.010506936421923014,0.04933602749454389,75_216
0.006324155707625681,0.06004650043706732,75_217
0.002287525481567666,0.04870067280135202,75_218
,,75_219
,,75_220
0.005913142917019599,0.07062841935823784,75_221
0.0034198877731707383,0.16655820275438446,75_222
0.004518275519545464,0.045543807775470985,75_223
0.004601404499538474,0.05909380467693312,75_224
0.006108467044867809,0.07846001223893297,75_225
0.0039895068127029,0.07002119683198353,75_226
0.004064305621949878,0.07968496450654858,75_227
0.0072961802609405185,0.027979023269983586,75_228
,,75_229
0.010104236841990908,0.07599528076530439,75_230
0.003226424964311874,0.040208396602866195,75_231
0.009003689930155894,0.048310561773997805,75_232
0.0036758863853835325,0.04934352351720831,75_233
0.003237016839438444,0.09972673789392898,75_235
0.0042431044508098965,0.056391042736932906,75_236
0.0033145744717142166,0.058869082730143026,75_237
0.00667155353048604,0.0872693298009127,75_238
0.02180584019356399,0.15272283959393052,75_239
0.0046393109596167366,0.05311092441073927,75_240
0.0034730780172814307,0.0423785115651832,75_241
0.0018459410474319956,0.0778879055803238,75_242
0.004142036431922224,0.0333727304109041,75_243
0.0036097527993082606,0.07798000946107358,75_244
0.01205614280792198,0.1633125627569305,75_245
0.0027630815838776057,0.04750991698264651,75_246
0.0030441391757679596,0.07280984964752826,75_248
0.008549670806060441,0.05146481788555673,75_249
0.007835200674802858,0.07891797057014478,75_251
0.00485580978886516,0.0727823623001379,75_252
0.0044191383189087635,0.08609727626830398,75_253
0.007909058830369678,0.14120292376300117,75_256
0.0059029647599766555,0.07502604888057944,75_259
0.005489701721587499,0.10866333278278337,75_260
,,75_262
0.005226036917466648,0.06743520141805212,75_265
0.003014141217167736,0.042102995119757715,75_267
0.015606235933889542,0.07773127131967471,75_268
0.0027610383295513016,0.031057330086332238,75_269
0.010177519689951505,0.11992646727488976,75_272
0.003261046612406661,0.05249545608843816,75_274
0.00175559193967674,0.035505414161706994,75_275
0.005434501027438002,0.0770935346491732,75_276
0.009118603814869786,0.06843883028717895,75_278
0.0057162608572032475,0.16692577172075593,75_279
0.0058220214908574945,0.15261547046705903,75_280
0.003748754470211396,0.06246004363574329,75_282
0.016454479729622662,0.17701366199088903,75_283
0.0037116958850980887,0.10259714718282117,75_284
0.004219125855207371,0.08336201565549059,75_286
0.004851128664692909,0.05169512012145065,75_289
0.012233244342238065,0.15296766159902989,75_290
0.004944071207333583,0.07758369935759472,75_291
,,75_292
,,75_293
0.011846893714868563,0.09010103032902422,75_294
0.008924853483083561,0.08171739253216556,75_296
0.006950210791409907,0.08469398538850084,75_298
0.004796544005385506,0.03371010003929663,75_299
0.007258109405060206,0.07309308253484652,75_300
,,75_302
0.0030760290657857762,0.028708745408979632,75_303
,,75_304
0.0034204800669212863,0.036408331764664535,75_305
0.007013172935201638,0.034823470099229314,75_306
0.00441814587808636,0.06310428201248708,75_308
0.004857685307683604,0.08547347927981855,75_310
0.015156868530998098,0.16679155476883106,75_311
,,75_313
0.0034827519461283745,0.0704482618768394,75_315
,,75_316
,,75_317
0.004692363630264813,0.047019276427588,75_318
0.0024702409426698934,0.11757105901794469,75_319
0.009516577578750171,0.04864407860058679,75_320
0.0034633086527007654,0.031029203067242554,75_321
0.008859967102063016,0.05814202218873901,75_322
0.005658363399832096,0.09830000733183669,75_323
0.008155447280567165,0.06042118459639566,75_324
0.006533854037277391,0.15962087721215718,75_325
0.006458725825395746,0.057721197035089516,75_326
0.007300325934660882,0.145091149217917,75_327
0.010764674956059393,0.09673604819323584,75_330
0.004149085551945481,0.05690211287106431,75_332
0.0038029991996161227,0.06550938218427602,75_333
0.004200788932523303,0.05707576842974953,75_335
0.001934102729560638,0.023940170670419827,75_336
0.013179508009502362,0.08143969540051102,75_339
0.0035937128336964966,0.011501451229251359,75_340
,,75_342
0.0043936067709191284,0.03206198837099576,75_344
0.006803565525435787,0.060720336360613386,75_345
0.002898632751314757,0.04593057597882528,75_348
0.003944786910268025,0.053739698830763925,75_349
0.00506769177415123,0.06765806031498424,75_351
0.0055956075298198744,0.07620764740833454,75_352
0.008427398338143054,0.051032295183282284,75_353
,,76_0
0.004938607888524437,0.14246763517133754,76_2
,,76_3
0.0028700872352891683,0.03936457471576189,76_4
0.006398824589904079,0.04195427260940057,76_6
0.006703283731505804,0.0752428250486096,76_7
0.012265461230437615,0.23918951805416028,76_10
,,76_11
0.0025379331929403313,0.028119051319037032,76_13
0.012419210100428166,0.09450839752830144,76_14
0.003156895519496857,0.05226004675790524,76_15
0.003497578227324228,0.05240363203234118,76_16
0.002705123077217704,0.06999188095540954,76_17
0.001744398284703857,0.025098601030890948,76_18
0.0033740339564878887,0.03624872825499179,76_19
0.008780695535793035,0.0693227797142433,76_20
0.0036614729968315264,0.08640118190719674,76_22
0.0034322984192957703,0.04364812425030365,76_23
,,76_24
0.0036213133240172684,0.05145797494891911,76_25
,,76_26
0.004572821873132679,0.08594668468113552,76_30
0.0055967789319926785,0.05630046485515792,76_31
0.008300022394326869,0.1227509263428452,76_32
0.027286174844520134,0.2051139301657724,76_34
0.011135873960455225,0.12928127530889624,76_35
,,76_36
0.0025207762736021203,0.01201588757039155,76_37
0.005819827590074111,0.09009072806002302,76_38
0.003961873801257837,0.05412407732614526,76_39
0.0070277253231400515,0.08208163180676369,76_40
0.005296587507046566,0.07329608725819473,76_42
0.003240182748756503,0.05752739233735527,76_43
,,76_46
,,76_47
0.008277013705626378,0.09660377745095401,76_48
0.012433487689302908,0.11828248772712419,76_49
,,76_50
0.002504088658172812,0.05371302206602361,76_51
0.004650352239157884,0.06626819817680488,76_52
0.0020145347011231046,0.043191873650761346,76_53
0.0038255433136624275,0.03777390683830297,76_54
0.004601121761183556,0.054630932382164946,76_55
,,76_56
0.008545848087265134,0.08876229691518586,76_57
0.0037251021150530076,0.0840905598502421,76_58
0.007212598157724393,0.1315219335550472,76_60
,,76_61
0.0063628239638714185,0.055911003179593764,76_62
0.007991229506596774,0.07814867340518554,76_63
0.0022930577359982648,0.04612846864277583,76_64
,,76_65
0.004512743423805029,0.04671141037311888,76_66
0.005826669444077629,0.07664384153288327,76_67
0.01869187137980427,0.04462769078781695,76_68
0.01034744346674033,0.08970952453420403,76_69
0.009739647293860008,0.05780280471620022,76_70
0.00673167031184533,0.06137074825841341,76_71
0.0035527248474151786,0.0696928260171459,76_72
0.00797509317734782,0.07632916509770256,76_73
,,76_74
0.003124633233041341,0.083255950394188,76_75
0.004218750927265258,0.03686877685880101,76_77
0.012349138793004906,0.08813163254326867,76_78
,,76_79
,,76_80
0.025524204318597553,0.12750641956039901,76_81
0.0024785091239449566,0.12978512093116426,76_82
0.005104006483626261,0.03550320026848079,76_83
0.01387179518446007,0.06032617317531933,76_84
0.007233246872860886,0.09729965355864038,76_85
0.0054332534569364425,0.10442479268141605,76_87
0.004217555782174709,0.0721024979954045,76_88
0.002758458175571053,0.06336683016418651,76_89
0.0034901062860074787,0.10087735401676692,76_90
0.006280770520444072,0.1641815732491704,76_91
0.007599073839851935,0.07201123376562982,76_92
0.05285805839202108,0.18375938499138653,76_93
0.0021482217221145583,0.04926168203123687,76_94
0.0019720883719933848,0.03770341751369343,76_95
0.0038920996359372672,0.04465555893664444,76_96
0.006629306478374026,0.09179342472003048,76_97
0.03655415032990503,0.10471182085685528,76_98
0.01720115771137343,0.12578204844044732,76_100
0.005465209155031031,0.0931598468319176,76_101
0.010995571448620135,0.06885651152769158,76_103
0.016547814005061973,0.10360939370889886,76_104
0.038980810730427265,0.1893583264282957,76_105
,,76_106
0.010545416179318534,0.07542270153123416,76_107
0.004390679634868786,0.05391709524324308,76_108
0.0030175299591132902,0.1380409630541657,76_109
0.005818976016143964,0.08516092944462954,76_110
0.003318103930869298,0.035626468485439676,76_111
0.0074839693513707025,0.08600034582409585,76_112
0.0007787611765701563,0.022113539536965206,76_113
0.0052783535366655015,0.06508967567618552,76_114
0.003851728269788847,0.07465010444481554,76_115
0.0019516187827902406,0.05449358623394464,76_116
0.001969499966656012,0.03377646098270948,76_118
0.005861180079687432,0.046553670295925054,76_120
,,76_122
0.004291949579109823,0.045754733947048334,76_123
,,76_124
0.002792475739448645,0.06865586211406632,76_125
0.008703685967768575,0.08495117977586487,76_126
0.006009273701624389,0.06467202863304182,76_127
0.0031559826949832804,0.044179380626611295,76_129
0.0056043524114260815,0.04859155457463341,76_130
0.023031109113577447,0.3008911066723848,76_132
0.029263236294618147,0.18149025880033826,76_133
,,76_134
0.02878677932085862,0.09746474613572784,76_137
0.002432489540404499,0.043314676632098446,76_138
0.0036629446816129076,0.19116466898560383,76_139
,,76_140
0.01727988784112509,0.0657393470518518,76_141
,,76_143
,,76_144
,,76_146
0.015330344337163878,0.07634415257357367,76_148
0.003244703410205293,0.05216664278827454,76_149
0.003986427216334689,0.061260661626177514,76_151
0.010678540405015728,0.05776119692565685,76_152
0.013227365596678397,0.09121159415320777,76_153
0.00756457092735994,0.07932391251289037,76_154
0.004725682138840815,0.0898235698294008,76_155
0.0030752473358898113,0.04095880669020819,76_156
0.013892784542732916,0.08611812898164788,76_157
,,76_158
0.00235247776839633,0.02828379069456532,76_160
0.0027155521695770572,0.08467114018551397,76_161
0.006010985691292678,0.06548117584472239,76_163
0.005145357643345963,0.04315672326185446,76_164
0.019685314849904677,0.10075717616899495,76_166
0.030077277429481304,0.09025748133745262,76_167
0.013406677991111738,0.18316542531043878,76_170
,,76_171
0.0038145614925382083,0.07035226022988052,76_172
0.0023008535439717165,0.04758708119949648,76_174
0.004567540320488658,0.06712039684152121,76_175
0.010235952039580082,0.10268582195135789,76_176
0.004510478217191261,0.06021943155271714,76_177
0.00270453008644733,0.05063592881873803,76_178
0.006608290374568897,0.06344203673967308,76_179
0.007471114349319317,0.091466407740583,76_181
0.0025904219562702113,0.05140443436303025,76_182
0.002529688678482658,0.03248641072614837,76_183
0.006432509845880775,0.08789789573505899,76_184
,,76_185
0.0030965902720039144,0.10958288598723388,76_186
0.007050261842956579,0.06671547983570987,76_187
0.00395898421958491,0.05726263623169851,76_188
0.005152549412984091,0.0724824223953726,76_189
0.002721252681479134,0.03593144257249596,76_190
0.004422083988654677,0.03866117615075886,76_194
0.004289205941225238,0.07695040821261273,76_195
0.0022284893491251456,0.037752713709178785,76_196
0.0022408553789663435,0.024565986501697883,76_197
,,76_200
,,76_201
0.006345215325919188,0.06384081194439689,76_202
0.0030042838149595967,0.03103638677446156,76_206
0.004732266322962074,0.08688801673993486,76_207
0.0034983914569391796,0.038809100155186155,76_208
0.004452181325283376,0.034878530325409676,76_209
0.004659046412302409,0.07883292519297073,76_210
0.008772327655684944,0.06697558493003902,76_212
,,76_213
0.0035601295585195895,0.08433200470747003,76_214
,,76_215
0.002111410503469655,0.07043585851847647,76_217
0.0024681844373697203,0.04442655678984037,76_221
,,76_222
0.003981069125919632,0.01920970995004216,76_223
0.004231779278221783,0.051046960228310206,76_226
0.004767318956340285,0.07006177699589115,76_227
0.0018909277499747114,0.01257083297955905,76_228
0.0024533643396332646,0.04977496265881819,76_229
0.005734202579874031,0.1257284797321145,76_230
0.004995875923493769,0.06748549190790071,76_233
,,76_237
0.003185526101237585,0.04818094406002434,76_239
0.004886293091349977,0.09112829679814102,76_240
0.005533183038452962,0.04769849224225589,76_242
0.01013263958532194,0.07806070366951742,76_243
0.0029649551052867837,0.06528210437412085,76_244
0.0075349862689578955,0.09246058500709371,76_245
0.0025741901780175695,0.051324021165977146,76_247
0.007563746825784272,0.09653359987620304,76_248
0.002231418808184515,0.056199976657797655,76_251
0.0014190969347908388,0.07507826757434541,76_254
0.005642791217384855,0.07726566677809363,76_255
,,76_257
,,76_258
0.00238044052415676,0.03778738330907224,76_260
,,76_262
0.002613320266586703,0.04562258289988353,76_263
0.02492580628728786,0.16275270228488095,76_265
0.003550968869847121,0.08424338669331854,76_267
,,76_268
0.004301788119279758,0.07598557747174034,76_269
0.01471764113127794,0.0570584841372837,76_272
0.00561788018346227,0.08426503653399273,76_275
0.007359471043095247,0.10287967737415492,76_276
0.006252163102013375,0.07523090645329844,76_278
0.004919821582924432,0.1133572442894821,76_279
,,76_280
0.004306871995280813,0.041894346087782794,76_281
0.008685334618201503,0.13211066835501759,76_283
0.0033418017584842395,0.04240175721190578,76_284
0.006175136675727151,0.0937133665655968,76_285
0.005868948764434172,0.07704090057105462,76_286
,,76_287
0.006014304951897929,0.10668887577675654,76_288
0.007338387303775563,0.12494474985115087,76_290
,,76_291
0.0032594817413287747,0.07287842689421559,76_292
0.010738600825329667,0.05597495135149417,76_294
0.0031783125048733822,0.041876563888901874,76_296
0.01102580985347926,0.12607379767166874,76_297
,,76_300
0.003189826165641129,0.09134716527613775,76_301
0.004816524603565921,0.05826984378754762,76_302
0.00239471377856212,0.0276228108035321,76_303
,,76_304
0.013541655178422167,0.0999580681088012,76_305
0.009822990632424384,0.05589277494879627,76_306
,,76_307
,,76_309
0.006901884547507426,0.054740629209289945,76_310
0.005645794835643446,0.06799073354286347,76_311
0.005528059901893301,0.0556055499434482,76_312
0.004140932467958366,0.06270825065108603,76_313
0.006753216702580042,0.46389239420415246,76_314
,,76_315
0.01296197940339987,0.07369818011302694,76_316
0.0030800927903912698,0.05423410649553473,76_317
0.0035092298849770183,0.058866328722152875,76_318
,,76_319
,,76_320
0.0021568695793422535,0.04487225967021724,76_321
0.0038344999461838803,0.0768495917494421,76_322
0.0034911454563192348,0.03453564649811035,76_324
,,76_325
0.005268228010044041,0.08354918482851545,76_326
0.009930637588502104,0.11648955375601437,76_327
0.0023951074649185508,0.04776472615698903,76_329
,,76_330
,,76_331
0.004172321421156124,0.0663884576484567,76_332
0.0021407084011561116,0.042161611616369464,76_333
0.005179257505566902,0.10923564593301385,76_334
0.006648796427581569,0.12672053623368268,76_336
0.002900546431471321,0.044061056735466966,76_338
0.0027728294959038086,0.07511899830430195,76_339
0.007209584485035426,0.04469048283143925,76_340
0.010079148198724327,0.04443250424597348,76_341
0.0024180393185494484,0.03957186866827421,76_342
0.004644024391996623,0.03938176559996774,76_343
0.0029043879926830066,0.02056883533818534,76_344
0.005489067269673822,0.060909312413216794,77_0
0.006879122371206773,0.12040252092415814,77_1
,,77_2
0.007120846026813211,0.0751167946635906,77_3
0.007609786600719558,0.09458593153145822,77_4
0.005718791148486773,0.07976309902375044,77_5
0.0037993654148440817,0.04719877556213403,77_7
0.0024936098138275712,0.059602418532732473,77_8
0.018799075919648488,0.18642749846212237,77_9
0.014662410149450812,0.14782620387142287,77_10
0.0027553938559698285,0.059197799462795096,77_11
0.005144727947545564,0.06657357273311013,77_12
0.0034282648503632515,0.09785505406766419,77_13
0.0057281871660158235,0.07625813682517635,77_14
0.011739110002348424,0.10309455168846912,77_15
0.0045795359468469845,0.07496049102245884,77_17
0.002782755897289545,0.03286631465820312,77_20
0.0032016723142772115,0.131349444009673,77_21
0.013399620192743487,0.1126695898623208,77_22
0.0036905657560727502,0.10323016941480781,77_24
0.005342910853661005,0.095754876492749,77_26
0.008878839609619165,0.08771667958633825,77_30
0.004959871417564085,0.07464701825991524,77_31
0.011428905107244912,0.19927987742322556,77_32
0.022108167581274246,0.13821919724384787,77_33
0.004391487435787384,0.07331280474258665,77_35
0.008943949296720011,0.08537827882024507,77_36
0.004291076991391541,0.049981822199706864,77_37
0.005262171497485169,0.08568351431111296,77_39
0.00265386627278459,0.08556507680471284,77_40
0.0016858244811672517,0.10893512358369072,77_42
0.0069413584974447095,0.12728542184939537,77_43
0.006902620840973104,0.08965695821615437,77_44
0.018072127008939887,0.07737239647228035,77_45
0.00691011755323383,0.06793549582985486,77_46
0.003765204004802619,0.06941759871824758,77_47
0.0043607019132737,0.06839560076984828,77_48
0.011718651105233208,0.172536252415454,77_50
0.003382581628596091,0.08829633437417889,77_51
,,77_52
0.015022343621058348,0.24973737297334053,77_53
0.009004792928384957,0.13502088301502133,77_54
0.015346682288191577,0.0877106462347289,77_59
0.0323669789431087,0.21070983583354408,77_63
0.040620369884455915,0.15445107547969308,77_68
0.04505886684436982,0.24003821270863565,77_69
0.006346903475253974,0.10201731911995533,77_70
0.002716005458174105,0.0783545520645446,77_71
0.010469507717979786,0.09044538181149553,77_72
0.007240030006692758,0.08271856825885875,77_74
0.007894069829828128,0.08472312616023049,77_75
0.017658339855588432,0.162366051279128,77_76
0.016269608315686038,0.09887593772232398,77_77
0.010756168536878245,0.12474508585657279,77_78
0.0022696672084974194,0.0375705856295706,77_80
0.00685852016917186,0.08779510288937735,77_81
,,77_83
0.0038090026007856106,0.08200455750087902,77_84
,,77_86
0.002700927379854802,0.055020560532965494,77_87
0.00192357575292593,0.04025003124907158,77_88
0.008068009011214551,0.08275413054250551,77_89
0.010555722659224167,0.11848382313752238,77_90
0.009405420274142205,0.09211304180675182,77_91
,,77_92
0.012269424336445674,0.08570136773636813,77_93
0.015607222966219381,0.21081405206074535,77_94
0.004473237484194645,0.10830310357961713,77_95
,,77_96
0.009975697708006595,0.07214532351850741,77_98
0.003144051894829407,0.026425399813588206,77_99
0.006255580969713725,0.133743281161019,77_100
0.0033628717940536565,0.06915626807030213,77_101
0.002822390618257348,0.07655371417407902,77_102
0.003928367929408561,0.1469401656075882,77_103
0.00576924421121576,0.10772816312941608,77_104
0.004454389000564697,0.08170072295275996,77_105
0.04069750354724545,0.19707318176440636,77_106
0.006661796901526865,0.08604431499174592,77_108
0.003685453391175671,0.06921725032351689,77_109
,,77_110
,,77_113
0.025478044390679678,0.11364529231710598,77_114
0.005927916725806942,0.14404300521947128,77_116
0.014060554367347815,0.09803462487555548,77_118
0.005761981582904476,0.10841795256051505,77_119
,,77_121
0.006427499747010734,0.058950297837925034,77_122
0.0025476744450574273,0.048951960032116125,77_123
0.010855378715865747,0.15203839837600625,77_124
0.0033100258101098744,0.06766148641500548,77_125
0.002458844359813871,0.06410484221621437,77_131
0.011534858296232796,0.09294688558129817,77_132
,,77_133
0.001327870590537806,0.03398439263425685,77_135
0.002616748594788358,0.07781784927853637,77_136
0.006144141611547567,0.10924888655984595,77_138
0.006575172994190732,0.054075385899800064,77_139
0.00536913438862264,0.05738123362669436,77_140
0.009866850316519668,0.08914082942928422,77_144
0.03628214107757596,0.2903405115008435,77_145
0.005393156309361004,0.09126626160796038,77_146
0.004597483124703612,0.051259002481000564,77_147
0.004917625731239823,0.050146110392300956,77_148
0.0029146893689831936,0.0791350870369618,77_149
0.004659459817031449,0.0525222921446505,77_151
0.011429554468936004,0.09531201114521336,77_152
0.004285589639884146,0.06496843459294399,77_153
0.00885063799799022,0.08388904032431821,77_154
0.0038573773615760746,0.07001832146272877,77_155
0.019954022473975135,0.10401350014719528,77_156
0.004561396103457311,0.05324839086057134,77_157
0.004586054723963087,0.052417793058936034,77_158
0.00783518175022353,0.1077833495534427,77_159
0.0023313155193960947,0.06949051818407495,77_163
0.006118596534347789,0.06896429515995381,77_164
0.00419428568907674,0.04564937606078082,77_165
0.0031063587220074725,0.07635386862718813,77_166
0.0033466547216410105,0.040613424313462966,77_168
0.006418091191208761,0.11606264837245255,77_169
0.008053101998753868,0.06414123881415522,77_170
0.008204571817476967,0.09316907124249249,77_171
0.00539871649238199,0.039821356609907786,77_172
0.01644686005056727,0.10827443304691535,77_173
0.0067144629789470086,0.10248230118547691,77_176
0.005467426687806231,0.0756521959131706,77_177
,,77_180
0.007633057191250837,0.13953937249070814,77_181
0.006723520335293919,0.08470620862705133,77_182
0.010073681800908701,0.06933001265654255,77_183
,,77_185
0.010269214594782023,0.19435165899131812,77_186
0.014090572883081978,0.10899135015491905,77_187
0.0038477903977261457,0.05528707669514862,77_188
0.0008901423497192779,0.031629930289453115,77_189
0.008985198079818967,0.08139538991021004,77_191
,,77_192
0.017752350052098922,0.14413621337062923,77_193
0.005683785520325296,0.11809375078792297,77_194
0.02965105390877708,0.14801359625621968,77_195
,,77_196
0.0027098810432222937,0.07793610688085721,77_197
0.006372317602070117,0.09660737172269632,77_198
0.007204588764641235,0.09390244101044815,77_199
0.0187767225386474,0.1644625290500185,77_200
0.006093030217111999,0.18635205897758053,77_202
0.0030857084622216446,0.06474061542823022,77_203
0.00566415178956088,0.05955426458473628,77_205
0.004647382579208563,0.07054461648559796,77_206
0.005558476371348871,0.08177204746340182,77_207
,,77_208
0.016490971264222734,0.1319827213353759,77_210
0.005750444806705522,0.03743999847534969,77_212
0.00412513755428139,0.03521953246020877,77_214
0.011364948273156083,0.10377112135962936,77_215
0.0036470192223619327,0.051459223041948214,77_216
0.0059464646708456605,0.11326758936594168,77_219
0.014847024418826507,0.10394742444983393,77_220
0.006563068210982724,0.0912607767843754,77_221
0.006473810330622549,0.14966809984232504,77_222
0.0028830935267988387,0.08039766088170673,77_223
0.0028279959163006476,0.12105999410528766,77_224
0.004474844392708887,0.07808497236018426,77_225
0.005249721127191672,0.049737225893550334,77_227
0.0017063322851937506,0.03916396412701388,77_228
0.00335182962430159,0.08179817524507033,77_229
0.0202154718843623,0.10179646349584297,77_230
0.003123049863008121,0.11128704985017558,77_231
0.014007476474847536,0.0860126396687485,77_232
0.003604833380642485,0.1721417068827245,77_233
0.0030636186167383966,0.048117562715789756,77_234
0.012309462249764815,0.09616199894657769,77_235
0.005606324072821726,0.05859198010741429,77_237
0.013139109977611746,0.14034801312654377,77_238
0.004857362856859374,0.04812739942996919,77_240
0.002654525047917161,0.07554747615096669,77_241
0.0035863218758451472,0.1144567797617524,77_242
0.006471201850992569,0.0722488421956638,77_243
0.002240727079123526,0.03243535270440159,77_247
0.0031228949449565407,0.0605176437053733,77_249
0.004494873406221915,0.19983305776116422,77_251
0.006146686936217561,0.08868381594001505,77_253
0.008090906912527404,0.0857549474393014,77_254
0.0030915204833143798,0.06217061514265749,77_255
0.005775378243431064,0.09409465600987883,77_258
0.009199350057055406,0.0919228999831137,77_259
0.0052601458480838244,0.15877408089007178,77_260
0.006976215912515363,0.06089546731160136,77_261
0.0035509505191618444,0.040200595580968765,77_262
0.000984132357707551,0.04947880924810599,77_263
0.00542002304887228,0.06789035309390869,77_264
0.006518080667677896,0.04723996724380708,77_265
0.00642683740752335,0.14165788448959715,77_266
0.0037544089081453557,0.041120480503039125,77_267
0.006356544946541764,0.1423489383935694,77_268
0.010373690577834481,0.19874831321367828,77_269
0.00775157534720611,0.10893648080030671,77_270
0.0027795644824260956,0.03987266064408926,77_271
0.006177298939826497,0.11016854455108997,77_272
0.014075670680459203,0.06054463695918531,77_273
0.0026048357317142784,0.0756884927843334,77_274
0.006937021544858317,0.09103205959887711,77_275
0.003036122568323375,0.0971026921531337,77_276
,,77_278
0.00343821562944055,0.10412470379273472,77_279
0.0024137569175122623,0.03073074162588453,77_282
0.005866147652350633,0.04924327540942718,77_283
0.003952829332509946,0.07530514218004607,77_285
0.0049376436018594904,0.0612337186569747,77_286
0.006759971528694457,0.07264302642254396,77_287
0.009680335695112823,0.10793622732296299,77_289
0.003819066452943044,0.043216370078193594,77_290
0.0043713783061942,0.06549522418563843,77_292
0.0036241814602818037,0.06637112584526741,77_294
0.0049513897243360855,0.07425917008090044,77_295
0.002949820117993432,0.06198492934732018,77_296
0.008007654495042066,0.11078225459072959,77_297
0.005704692052868334,0.0769496543317294,77_298
0.010789007459155,0.12659696250620006,77_299
0.003017174738322254,0.021250476707994875,77_302
0.004890934135653679,0.055051025760079274,77_303
0.005685998673065455,0.022103771562371692,77_304
0.015234610133716416,0.12109586809857817,77_306
0.008000233310338955,0.08761898613314473,77_307
0.010106025890361742,0.11407927520197746,77_309
0.0027289192875975137,0.04118054399999963,77_310
0.004455471225577074,0.08650739970597006,77_311
0.007594008126528841,0.14938976691469322,77_312
0.0036340465277185925,0.07102069989474215,77_314
0.005537051844674726,0.09030327324973768,77_315
0.021431459345672827,0.16487710466830838,77_316
0.0028275757389591267,0.04432751164819067,77_317
0.008222504799724263,0.0724882020847531,77_318
0.005977780510439114,0.08779466751236197,77_319
0.003059153496245792,0.023527417244038337,77_320
0.010419125980502078,0.09583640627607105,77_321
0.013316657276684104,0.08441364281373409,77_323
0.006760662164942701,0.06169577609960087,77_324
0.009231150514393422,0.1216349845609205,77_325
0.0027506879801314256,0.03275434461257439,77_329
0.010385036814196459,0.11131968226353574,77_330
0.015118279617495806,0.07416724779887193,77_331
0.005589199681595051,0.046112048164954726,77_332
0.004797365333250954,0.07511249913789483,77_333
0.005649714793299897,0.06550589582416243,77_334
0.01741996658800886,0.09162240416581828,77_335
0.00645208094099893,0.05692317275898967,77_336
0.00982772872389703,0.05160467745050152,77_338
0.011994047836951861,0.0854823677212753,77_339
0.012565236756161207,0.13014198582924377,77_342
0.014194999475208768,0.13320486460418313,77_344
,,77_345
0.004005351707266717,0.16372698175660141,77_346
0.019852024847058114,0.14261097606728443,77_347
,,77_348
0.02235889740475319,0.1735584901969759,77_349
0.007038253812071762,0.12429671865678286,77_350
0.00664869493156614,0.11296310107289549,77_351
0.013253794089174549,0.11149876391915813,77_352
0.0030686263025061344,0.05904194027130333,77_354
0.0061660313144075345,0.07219040807743633,77_359
0.006482039136845706,0.06638285981136136,77_360
0.0029968470639785433,0.05167285372702708,77_361
0.012802360584065389,0.10401273301413072,77_363
0.002753751051697971,0.03159779435530213,77_364
0.01171978753333097,0.04442360919080203,77_366
0.005589155456436052,0.06562202856552858,77_367
,,78_0
0.003634751275445503,0.0755177773747045,78_1
0.024412734660344937,0.11970802860346316,78_2
0.005850495819161491,0.11522429605197822,78_3
0.003436177901165196,0.033756900811152395,78_8
0.0031195802220058268,0.049673395183825,78_10
,,78_11
,,78_12
0.004855606275902815,0.03986290658223931,78_13
0.005910967443628387,0.037223416286920386,78_14
0.00525508157400511,0.04786849554743775,78_15
0.0074832924089823965,0.14800329980537133,78_17
0.004843176211225849,0.09772073204393494,78_18
0.012601048629703194,0.10291204138543712,78_20
0.0025553433501057064,0.06592491378411522,78_22
0.003716455801335479,0.0530427115233756,78_24
0.003259211150818233,0.06687958275310271,78_25
0.0036538400132689513,0.05134368174566207,78_26
0.002376310315484585,0.08343152563853579,78_27
0.0032806155232894306,0.04603529947504897,78_28
0.009643792596085898,0.1339309458799891,78_29
0.007616839907955283,0.05997857246093411,78_30
,,78_31
0.024121800484291158,0.1305089653497875,78_32
,,78_34
0.0032216096271779657,0.04813720828693224,78_35
0.005866745791641215,0.06851400684536912,78_37
0.002929154100092336,0.053892080858812516,78_40
0.0021793030695675553,0.035840753177659,78_41
,,78_42
0.008188994704373486,0.07360348710814049,78_44
0.0035580342934581036,0.07030365704581325,78_45
0.004326517377675316,0.07387391313109684,78_47
0.0036076182348535944,0.054624697069526745,78_49
0.004244771270661956,0.0645230827748413,78_50
0.0032025591247158225,0.04491478295551475,78_51
0.0041088962296564144,0.06761608867407132,78_54
0.003293887513971977,0.0631447795143262,78_56
0.004557742387049196,0.06385707188661813,78_57
0.0037320735063718405,0.030582417630320904,78_58
0.007492310448798128,0.07967217160356749,78_59
,,78_60
0.003779679967860039,0.1152095865325425,78_61
0.006183893324710334,0.10359277395349306,78_62
0.003373534820316114,0.05224009812039065,78_63
0.0027150477640847386,0.03574442990298282,78_66
0.0075450113412207954,0.04770119099379585,78_67
0.0077374055637584324,0.11811831072721798,78_68
0.003687466623376817,0.04675292746509368,78_70
0.006337903241342,0.1575043807035274,78_71
0.01955688182802225,0.182470982521721,78_73
0.005761355493512267,0.06378193394327929,78_74
0.006527566445027525,0.10924336134703229,78_76
0.0026736706844337505,0.041749505572711926,78_77
0.005411886984957618,0.05796433741159709,78_78
0.006612157507630527,0.04771770224905345,78_79
0.002888098504155942,0.030789687242449473,78_81
0.010879766195037872,0.07926701492321207,78_82
0.005169852597071424,0.06189364030576199,78_83
,,78_84
0.004729799801686026,0.05145464904291454,78_86
0.006616226656646192,0.06325084206827783,78_87
0.004472710086723503,0.0953406180164095,78_88
0.007562514199801747,0.07178875894052048,78_89
,,78_90
0.007569642503327886,0.058775700620415136,78_91
0.003915854902875667,0.046163517651020676,78_92
,,78_94
0.007078312224491787,0.0980083096650217,78_95
0.004040443587793409,0.05676696494694623,78_96
0.010185736778979899,0.17751621891372302,78_98
0.0027480005848841537,0.08059119521443396,78_99
0.003411909839779847,0.04656810964321841,78_100
0.016619303216742938,0.12090770540564849,78_101
0.003025942134470906,0.04612588647401293,78_103
0.007810235110608654,0.056079797354857984,78_104
0.0051914903386801586,0.08911587644310137,78_106
0.0060350993989523,0.06975543323282775,78_107
0.0021308303800038984,0.040812809531444075,78_108
0.008717268961570938,0.07147842230968264,78_109
,,78_116
,,78_117
0.003860557211219454,0.0934661843709956,78_120
0.003754635096441372,0.0593347019377509,78_121
,,78_122
,,78_123
,,78_126
0.005136671839178475,0.08630778474981225,78_127
0.004757856245969648,0.084603372421101,78_128
0.0025166257114881798,0.027862204753147726,78_129
0.00646071576107839,0.06618295793664844,78_130
0.004332349705120058,0.02971354461687518,78_131
,,78_132
0.003846303432613544,0.05663098356882538,78_133
0.00842869158906527,0.1110766465761318,78_134
0.00905853283700166,0.08540543575796053,78_135
0.0019281696199822723,0.029217446541453935,78_137
0.004383931594133383,0.10229536094452954,78_138
0.007979457974087813,0.06715061488863514,78_139
0.009860735289517092,0.037880412660679805,78_140
0.009880770001297882,0.05834537903321462,78_141
0.006463053544756766,0.09288944858263484,78_142
0.009891903765159303,0.059197527015660945,78_143
0.0038517043728923876,0.0609609942569715,78_144
0.0044676210037628145,0.08183681366085677,78_145
0.0032987706982351745,0.03850653159239497,78_147
0.004707823994183322,0.05109938208283511,78_148
0.006538033496548915,0.03405243474791354,78_149
0.0034346248264060346,0.05674939535774893,78_150
0.004239919202429171,0.04297740582047431,78_153
,,78_154
0.004568928246872257,0.04188833690420523,78_155
0.0058731560058514955,0.13446321642247278,78_156
0.012210573904861943,0.10373197695144383,78_158
0.0027363129011991317,0.04516496061850216,78_159
0.004322311782422322,0.07234934067672533,78_161
0.006247256800513396,0.05765108768449241,78_162
0.0037798657370992634,0.03348876594168974,78_163
0.003486740247180491,0.04444204463648045,78_164
0.0035149626805122784,0.0817883639401707,78_166
0.00333097238855867,0.0415924604676318,78_167
0.0026702333656409153,0.022033470675904096,78_168
0.005118302637311188,0.13725882372527912,78_169
0.005662521079507601,0.06386006602307814,78_170
0.007385813981941047,0.08630832487385878,78_171
0.006982651735829265,0.10142099616545222,78_172
0.0033595176386185407,0.13866196478299359,78_173
0.0031061626494183867,0.03289347497579094,78_174
0.0034731109228892127,0.18636691427523977,78_175
0.00335499260555453,0.02571177636967699,78_176
0.006951334358181274,0.058275793982145614,78_177
0.00845515410100278,0.03999896165958655,78_178
0.003030066410892868,0.040780114444203944,78_179
0.007975801754567547,0.08685263702121598,78_180
,,78_181
0.016358146688206725,0.06840822086996541,78_182
0.009583005074595554,0.256696268531483,78_183
0.012715571837259423,0.0792195089234606,78_184
0.0018327663162077256,0.038694112317331546,78_185
0.00584692366271232,0.06797787173783522,78_187
0.009085658801728347,0.1074665041960517,78_188
0.006297048463394315,0.09243213956288802,78_189
0.010232732851523273,0.178678927224278,78_190
0.006534390776234357,0.06944331029394078,78_193
0.004273099885537456,0.08120054077489179,78_195
0.008966572323787652,0.22785237140417752,78_196
0.006025524876705795,0.038358785635386985,78_197
0.0028338610816610725,0.02934175055947767,78_198
0.004491186132917735,0.0517943492552565,78_199
0.0032559704486078795,0.06456180668400253,78_200
0.010875855960482881,0.05465407550110069,78_201
0.0041500078195096666,0.06319001830325634,78_202
0.0023452398254561278,0.02769273554713901,78_203
0.004452800477061616,0.05034101871409967,78_204
0.004363022051982508,0.058805013987848646,78_206
0.006676265547795105,0.07592721659534502,78_209
0.002979037323954825,0.06560375345779708,78_210
0.0026521987748205373,0.0781874249964267,78_211
0.0068020319362049235,0.08822626811183332,78_212
,,78_215
0.011850416492525299,0.12652087350674882,78_216
0.004790754193114019,0.06232420076774538,78_218
0.003565133193495183,0.04625859563658168,78_219
0.01114257877865991,0.11265989303386459,78_220
,,78_221
,,78_222
0.003588792876734592,0.09540167444316569,78_223
,,78_224
0.0032551438524579665,0.05376446028030933,78_225
0.007637762802859595,0.05696269586924122,78_227
0.004621574530747904,0.06271799509426072,78_228
0.006755079737764264,0.05667278509315585,78_229
,,78_230
0.004378212887218623,0.06181124054064443,78_231
0.0034965996125365492,0.09081474838103468,78_232
0.003694471469925659,0.07099998854237251,78_233
,,78_234
0.0035360202042748297,0.11148035799537541,78_235
0.004425886880375596,0.05573641271407267,78_236
0.002137493823434847,0.05959166546404603,78_239
,,78_240
0.003141342005218424,0.23671240609583974,78_241
0.009481656338173447,0.05580701298255982,78_242
0.007435897076363248,0.057802110137331913,78_246
,,78_247
,,78_248
0.0018182418340610977,0.01720318720721358,78_250
,,78_251
0.01617821640586826,0.11773294800418334,78_252
0.01353288055973351,0.08735766424408806,78_253
0.007084788447962535,0.05587351732129188,78_256
0.004285001988564568,0.0634967526945186,78_257
0.0017543735168299962,0.03262740761823706,78_260
0.006486286876310514,0.0942158241179145,78_261
,,78_262
0.0023347925767064855,0.042654103343224,78_263
0.02553753912245958,0.08914770374083628,78_264
0.010642682909222757,0.14967205613851015,78_265
,,78_267
0.002092868233722099,0.05983910492609183,78_269
0.0038842948687925734,0.04611704466511673,78_271
0.0028732646151447224,0.04057308946004936,78_272
0.005131587760080586,0.08733188215577457,78_273
0.005958338009176504,0.08904071292578807,78_274
0.005282663767972196,0.09057728479686983,78_275
0.003677407873789181,0.08524863291121307,78_277
0.004302878001266491,0.07199613441162461,78_278
0.0025266729945343743,0.045308600892702985,78_279
0.004067524020933871,0.03442384997728696,78_280
0.009959920776897417,0.06285626972909061,78_281
0.0037923665910658206,0.06351045663868145,78_282
0.0534854572871192,0.05882567945992758,78_283
0.002764462381979264,0.05618379913304294,78_284
0.015616431402175734,0.17493407185734916,78_285
0.0026847436466032482,0.09657637494605921,78_287
0.003159699634527231,0.03552036714350981,78_289
0.010273331045308406,0.08466420094294154,78_290
,,78_291
0.0143577058947962,0.06744670913810999,78_292
0.0020115283507273025,0.06789328922910653,78_295
,,78_297
0.0031862378968732057,0.04596000055178083,78_300
0.0036378346331981575,0.05686622226345712,78_301
0.010634800222375439,0.09546441016301563,78_302
,,78_303
,,78_304
0.002967805908279324,0.061239554647176245,78_305
0.003190919752057405,0.04401394336078549,78_309
0.0056925158440170745,0.06172588949508457,78_310
,,78_311
0.02485201859217996,0.08890656459908307,78_312
0.009317126506480287,0.10718300426906047,78_313
0.004709701146913668,0.08300668966371813,78_314
0.004090093277132128,0.06536766036301538,78_315
0.01655405758725449,0.11026295639375168,78_318
,,78_320
0.008154108054059956,0.06611227897531793,78_321
0.007241962965443115,0.0889851430370578,78_322
,,78_323
0.00441543105133972,0.057688030247861316,78_325
0.003146505226402524,0.055592592386439994,78_326
0.004145118607716995,0.03019218051039006,78_327
0.009581586729398944,0.11015625780850288,79_0
0.002939057219761611,0.04721929542067745,79_1
0.0059082674402325345,0.05075136944318861,79_4
,,79_6
,,79_7
0.013714196458851396,0.10453234834111624,79_8
0.003571110135767992,0.03479063555540405,79_9
0.0026812054707260427,0.04611810758956064,79_10
0.0024701742081038565,0.023166959113463493,79_11
0.0025099509148021034,0.08813086455729015,79_13
0.0031678551531086727,0.053458286392098396,79_15
0.007918419983160445,0.11945829052492501,79_16
0.005433843794170743,0.07208577720452927,79_17
0.007480488583152025,0.04555290573007544,79_18
0.011049537869463857,0.20216524591232368,79_19
0.007549557260022506,0.05265792426942609,79_20
0.0031155311969435265,0.0495569487778581,79_22
0.003373676437007542,0.07378819286093859,79_23
0.005764376707360406,0.0793499520059607,79_24
0.002524073531884175,0.04682527112856114,79_26
,,79_27
0.0036161656251185404,0.07062337976249836,79_28
0.003924714566510988,0.06534429219048343,79_29
0.02768534115124889,0.08556207712788803,79_30
0.0021901188285428316,0.04875702988296792,79_32
0.004929496415018658,0.049448517390594984,79_33
0.0043313763492221,0.07615443269295072,79_35
0.003315222476833024,0.07655108075063088,79_36
0.002117513414682138,0.034814620671510116,79_37
,,79_38
,,79_39
,,79_40
0.004177768462234759,0.06829473147478862,79_42
,,79_44
0.004017863278600285,0.07419313258038752,79_45
0.004279843776654579,0.06697703075066222,79_49
,,79_50
0.0033276280477657315,0.07086622225470615,79_52
,,79_54
,,79_55
0.005063290845021356,0.05088493674913613,79_56
0.014167060870555514,0.07908896606260142,79_57
0.019048808444863626,0.30199724921865695,79_58
0.0032449266935156117,0.04372032211779928,79_60
0.008615657879522034,0.0901310659893332,79_61
0.016643338582858495,0.1354881731095497,79_62
0.0029299617030540018,0.03761637036989299,79_63
0.020638877685811678,0.24614794920601085,79_64
0.0027407197932412916,0.04439243452795621,79_66
0.003548275913317956,0.045214189322523135,79_67
0.0031200917327708854,0.08355457735079559,79_68
0.0020473956312789133,0.06279705220327744,79_69
0.002669296890049666,0.03241322268363812,79_70
0.0052970769233509985,0.15443715756843227,79_74
,,79_77
,,79_79
0.0029039638930538,0.048792725689535965,79_80
0.004110242342518719,0.05519530327592912,79_81
,,79_82
0.0040462220381954185,0.0812607312055749,79_83
0.0471756538322769,0.07350566320356659,79_84
0.003979231956625434,0.07160532734367699,79_85
0.02877163965420969,0.2269137923402972,79_86
0.00894328668965075,0.08577149638633771,79_87
0.009450522102636248,0.22799668751459165,79_89
0.006472860122310988,0.1156744247882892,79_90
0.004651447852125376,0.06482194615582136,79_91
,,79_92
0.03572160405015294,0.08246746649765586,79_93
,,79_94
,,79_95
0.002683403503947986,0.04876644647298967,79_96
0.009088491528202104,0.12645745783100049,79_98
0.0035036823088066054,0.038827043648927466,79_100
0.005368875362916152,0.0639132870271072,79_101
0.01442268469693435,0.10988926536218324,79_102
0.005455594556804458,0.07088926011077099,79_104
0.008690764881607764,0.1675510039555177,79_105
,,79_106
0.010695553968190108,0.08991837423649592,79_107
0.0051358288662951114,0.05025061146525026,79_108
0.0075340393136295565,0.08460281101501195,79_109
0.009173955270463736,0.08700086812789404,79_110
0.0035715469478850275,0.03009764037611779,79_111
0.007100593711684212,0.131757508787115,79_113
0.004276480052934285,0.06360541090085371,79_114
0.00512676319423624,0.04967380228322122,79_116
,,79_117
0.004415594117406794,0.06996377057980174,79_118
0.009825999112908766,0.09401347267983187,79_120
0.014273492250192643,0.15404622795907658,79_121
,,79_122
0.01066093662074595,0.0822960952739302,79_125
0.006052904126983632,0.07593613472141018,79_126
0.013382727659286166,0.11358134909543643,79_127
0.0028340833114681918,0.06993332716972894,79_131
0.0047269055911965665,0.06622530822094017,79_135
0.0026916524319073798,0.04476573228620703,79_136
0.004646360671076322,0.03338728120238082,79_138
,,79_139
0.007250671128614165,0.049459262733977126,79_140
0.004047161926216466,0.01954135628539887,79_141
0.002896657381993413,0.03662754338364245,79_142
0.003862445835159538,0.045499093263741505,79_143
0.01138886883140025,0.0853682496967006,79_144
0.0063374593052888915,0.05672450046901242,79_145
0.008147000196843406,0.11942556515614916,79_146
0.006284121759221674,0.0584377225169815,79_147
0.005249311411502412,0.06614719505437971,79_148
,,79_149
0.016737278287149132,0.12057469971416432,79_150
0.002043298696004193,0.031597886788122295,79_151
0.005742189678179352,0.09630457891782879,79_152
0.0030211241513622457,0.05671322974433938,79_154
0.005641125623522034,0.05444319709408283,79_155
0.004918976194598122,0.08197573731643723,79_156
,,79_157
0.005279321393905244,0.08119842329583439,79_159
0.005426158684493865,0.1257593601329882,79_160
,,79_161
0.005763460690648782,0.09733540109330562,79_165
0.008721804629044245,0.06346207288281214,79_166
0.006962698621203546,0.043307688215630136,79_167
,,79_168
0.005824779309805445,0.07093629824108864,79_170
0.003851352215518733,0.05331697669880559,79_171
0.00950478439739769,0.08577603167376935,79_172
0.002902497039567127,0.046054914084784994,79_174
0.009299893091883022,0.07777899894505672,79_176
0.004850881820607391,0.02889395986014579,79_177
0.03290677787924886,0.10787244634940422,79_178
0.008914658914370783,0.11292175193262055,79_180
0.009817446524247025,0.09519280632111336,79_182
0.005949190608241682,0.03979425660074704,79_183
0.017296652804507536,0.09612317724504336,79_184
0.003024299987761609,0.038658612595923646,79_185
0.007341896528679826,0.07104074232826653,79_186
0.004036898476998318,0.05424149341038012,79_187
0.004820420625070011,0.08515070351445249,79_189
0.003897356390082237,0.0627820319120499,79_191
0.0023432190591829495,0.06967755941432145,79_192
0.005350541107851722,0.03637023975375223,79_193
0.01087045710119456,0.06421696974448478,79_194
0.004340191874410555,0.052854522587055655,79_195
0.007336883903680713,0.09358914980851601,79_196
0.00416053451879523,0.04034823410227513,79_197
0.006981380978806599,0.0465904032021853,79_198
0.0039637474580287,0.06273690982957343,79_200
0.005659061598875366,0.10440714731491132,79_202
0.005062232524003291,0.06047315485143919,79_203
0.00353086872533706,0.13230173654710314,79_205
0.007485340214100846,0.05970191074917517,79_206
0.0028167426815374754,0.035385529406521274,79_207
0.005642897172018264,0.050442234931216114,79_208
0.005548026029732934,0.05921602040291608,79_209
0.009840076539207451,0.05066435640150508,79_210
0.00911955654869139,0.08068546666597302,79_211
0.005137187634156436,0.051367053527121474,79_212
0.0033146143731924613,0.0471452464950711,79_213
0.006656231674503376,0.10057815742280132,79_214
0.003402253206827181,0.04277430982658128,79_215
0.010788739269755425,0.07283716978181926,79_217
0.001959372725122898,0.08319724105791598,79_218
0.0030104778368914608,0.08212078369087861,79_219
0.01108004959563349,0.07750752215353636,79_220
0.004288443383429891,0.055998421383822446,79_221
0.004281608353403347,0.04889600063341201,79_222
0.00504962363699848,0.04439791067598007,79_223
0.006355701372453907,0.06723041932298558,79_224
0.0023750646895912197,0.042558352193238426,79_225
0.030444981972861742,0.12430729604334533,79_227
0.0032834374864232274,0.0328965595836773,79_228
0.004421177874856412,0.08051106660107368,79_230
0.006625314566671674,0.1134250181413113,79_231
0.024867961106459585,0.18433495267315625,79_233
0.003601565353308965,0.1031571261984627,79_234
0.003301517410688198,0.05949776225844871,79_235
,,79_236
0.007479300807056693,0.05717271909076203,79_237
0.005613937082445317,0.0868972505411616,79_238
0.002589992738922641,0.05254856852692034,79_239
0.004229910561776828,0.04144515551127842,79_241
0.0032703888495287377,0.04702298336724855,79_242
,,79_245
,,79_246
0.003552171921299954,0.05256010428755688,79_247
0.010807554264605713,0.09154446060500802,79_248
0.0058469285846072,0.1110811468510716,79_249
0.0037192904262072965,0.07013264200984676,79_250
0.004595345383815741,0.038572101739062545,79_252
0.006567597806674644,0.06836509161799495,79_253
0.0020335086667491588,0.032004680535453495,79_254
0.0025283608900852936,0.04676792276673014,79_255
0.005118129528692404,0.08299651399650476,79_256
0.005317322033256575,0.0829971779042252,79_262
0.008012444586423643,0.03453679999201101,79_264
0.007210609548150481,0.07056174743916033,79_265
0.002740746461805591,0.06032388384437042,79_266
,,79_267
0.009040589175276077,0.056994637421074155,79_268
0.0059562696545505806,0.15805209103575138,79_270
0.007002950886613798,0.06646648777647579,79_271
,,79_273
,,79_274
,,79_275
0.0065627014478874535,0.06824337805271714,79_276
0.006562097856951789,0.050166954437783004,79_278
0.00660887075374519,0.05434563171345835,79_279
0.0032888067652144617,0.03518530768157444,79_281
0.00509460612259477,0.05856364664625156,79_283
0.004349612613196622,0.053773041432130485,79_284
0.006178003064989522,0.08850290589596709,79_285
0.0030861736243505407,0.0618304545485229,79_286
0.003479749011292044,0.04166285918138013,79_288
0.0061315357322991185,0.05370474308234061,79_289
0.0148377149144473,0.06150735757051423,79_293
0.008087414943296822,0.054804120982090726,79_294
0.005131358759821234,0.06016583262530346,79_295
0.007967326045313854,0.06794630877259512,79_298
,,79_300
0.005844514065785847,0.09025949140852144,79_301
0.004096845937485851,0.043300865836945694,79_304
0.006491851376262068,0.03969315053775112,79_305
0.024868877322503053,0.11736154759213575,79_306
0.0034212688783927486,0.07557387550499509,79_308
0.008034353256864786,0.05546006382516248,79_309
0.0027185896855403215,0.07099437016366834,79_310
0.0042858387642426546,0.06905385428017637,79_311
0.004342514781407338,0.040171384002570164,79_312
0.006821881395722354,0.08290814977777346,79_313
0.0027252906249943124,0.026752618502644796,79_315
0.003780183034362117,0.04730054927609223,79_316
0.005068926341491103,0.07348250312892488,79_317
0.003992501415337591,0.04238176172349457,79_318
0.0019360749529039284,0.031743617881675755,79_319
0.002591606694731825,0.05160468730511873,79_320
0.007903820333254317,0.028992594529290153,79_321
,,79_322
0.010857366781568595,0.057568992907373405,79_323
0.0021234497780841764,0.08489825912051913,79_324
0.006126830925975871,0.1489988049357317,79_325
0.00928450404065134,0.10775670593705512,79_326
0.004659284137749524,0.052232616933687304,79_327
0.004752453451554742,0.1013977340324312,79_328
0.010104351738823009,0.14490742014509847,79_329
0.018534152647054596,0.2125188853700356,79_330
0.004160216820852696,0.044501519301136286,79_331
,,79_333
0.004552323328054577,0.10584897012351185,79_334
0.003399195399421836,0.030393961823317033,79_336
0.005593391405839056,0.041968609824329164,79_337
0.00380292499733101,0.040166738598700666,79_338
0.0058628980286440655,0.07706725436827552,79_339
0.005016715447773676,0.039578459900689346,79_340
0.005558568326117899,0.07981717664132108,79_342
0.009962209933899811,0.05965899346896276,79_343
0.003554003036623438,0.041577354895298665,79_344
0.004402066777356325,0.06739322729379155,79_345
0.021697687748922955,0.14183976642732005,79_346
,,79_350
0.009990436275481959,0.04778477775321811,79_351
0.0035177030295889013,0.0572352625761642,79_353
,,79_355
,,79_356
0.007598933814295458,0.0851142905481878,79_357
0.002690647916570468,0.02932544298193448,79_359
0.010018018311940604,0.07008913872277966,79_360
0.0027868477297554478,0.10771494107602589,79_361
0.010066668095922575,0.051717540688354977,79_362
0.008037143395877975,0.05548635299019585,79_363
0.007502186260833002,0.05321734775920794,80_0
0.015457489842168702,0.09541273357311604,80_1
0.003941074840653875,0.07704424583219356,80_7
0.0019306535667092178,0.04218305807156858,80_10
0.005338453463903494,0.07174258762719307,80_11
,,80_12
0.00834229428586368,0.08609201747744777,80_13
0.0052193776116057095,0.09306104634106271,80_15
0.0021903810197690964,0.08451061425673716,80_16
0.008281907450878138,0.08928486205893754,80_17
,,80_19
0.009141834287069668,0.11116115316331036,80_20
,,80_21
0.008306157078561284,0.14864046535916775,80_23
0.0037317741086234225,0.058601058548750626,80_25
0.0011822128383735132,0.040141833965548886,80_26
0.002521616858526878,0.03654021934867979,80_27
0.003418852787028649,0.060762083418955594,80_29
0.0030623184322295894,0.0509860960474282,80_30
0.0051534580369091655,0.07972317364926425,80_31
,,80_33
0.011885396527392043,0.08979023288556642,80_34
0.002865417254769573,0.05039605154651423,80_35
0.0028111226690916073,0.06395418071413378,80_36
0.012469995072492928,0.107231616255792,80_37
0.010046540656364846,0.07431622346317097,80_38
0.0017323416189806312,0.03255387097430645,80_39
0.007777158802169144,0.088521077162981,80_40
,,80_41
0.002875632059854867,0.05607043972386403,80_42
0.01611375318957527,0.06751432238752673,80_43
,,80_46
0.0024305634590505586,0.11410695708759502,80_50
0.003076363849651939,0.050730415612858494,80_52
0.003929532241740217,0.04896922921458006,80_53
,,80_54
0.002919903125173999,0.07201467722196284,80_55
0.009056646055323326,0.08610341441261594,80_56
0.004730520487475212,0.09786320037983944,80_57
0.007159402189892195,0.08113737042018929,80_58
0.00616191750200997,0.09975038552180611,80_59
0.016433729123119984,0.20626422779620596,80_60
,,80_61
0.005645409000767762,0.0570472728516845,80_63
0.0006771869582230564,0.14428388340853684,80_64
,,80_66
0.0028060662523538994,0.039920083717342715,80_67
0.008047297101095913,0.17932518937264788,80_68
0.0030260705682409574,0.06474707592793491,80_69
0.009234471943159395,0.140597651324672,80_70
0.003409707617190687,0.05215566921328579,80_72
,,80_74
0.002555014797800675,0.08824006338140189,80_75
0.0034223380634594547,0.08525138107578233,80_77
0.006647832491613488,0.03473321957789145,80_78
0.0025981906768315246,0.08819984025835428,80_79
,,80_80
0.006899390324547388,0.04875494334481856,80_82
0.0030872392554203926,0.04428157964527887,80_83
0.004953607292526488,0.07091969156950673,80_84
0.0026599851294281866,0.0441305357807329,80_85
0.00384004838764632,0.07503649666173941,80_87
0.0035229470403212388,0.032168491701855,80_90
0.004367175993798218,0.05052008872028928,80_91
0.003850035832708792,0.047193896744176095,80_92
0.0037975671124088023,0.04440921691297942,80_93
0.004559198323549596,0.05548457227083984,80_94
0.005700016613345985,0.06982112765648461,80_95
0.01011473889774419,0.12666028911890578,80_96
0.003988101618408653,0.07374925570922514,80_97
0.0035238247029129094,0.07346003231622572,80_98
0.02642855962276493,0.2340842386190862,80_99
0.005807873347326019,0.07820121361037823,80_102
0.001394522753360052,0.0272723666830666,80_103
0.0025159426357577058,0.039838078290691324,80_105
0.003508995460615854,0.04696368406043797,80_108
0.005806790454160672,0.05548468706390468,80_110
0.007717003568657411,0.07141085045634082,80_112
0.016456563088128214,0.10594764630810428,80_116
0.0024191365417828726,0.03795498008706638,80_117
0.012553905280367528,0.06707894858971634,80_118
0.007098151859057226,0.07961060722948413,80_119
0.0023290461661261987,0.05439746852622363,80_120
0.009257838852463621,0.118700058961304,80_121
0.003085452600732833,0.07642858587969778,80_122
0.00899795781869795,0.07028715022592748,80_123
0.0027473518297891257,0.0703379731128652,80_124
0.0038331260271001633,0.06753107931752313,80_125
,,80_126
0.003752767836568465,0.04135398452289494,80_127
0.0023419820410161855,0.04150744578305903,80_128
0.0033260076103920947,0.07965252040978137,80_129
0.007520886979774221,0.05995431542753617,80_130
0.008402274681890138,0.0639878444551887,80_132
0.002992483195697675,0.04660771923912325,80_133
0.0032529298497447935,0.03561915291164167,80_135
0.010017109625321666,0.05885001021561812,80_137
0.004044527250798683,0.06222164606305934,80_138
0.0073922573543936925,0.05982095438757373,80_139
0.014318904068055471,0.05436822038769663,80_141
0.004014283373027738,0.04138175400442444,80_143
0.0030204256594025154,0.070285659201948,80_144
,,80_145
0.003171711290391009,0.04890023367111685,80_146
0.0051864126253142896,0.08995486538433296,80_147
0.0047680750633096,0.053358974705013315,80_148
0.00526746313277655,0.08378702139622349,80_149
0.002958108357188208,0.020496809013377793,80_152
,,80_153
0.005193314883920241,0.05185084141299861,80_154
0.0019630248897694242,0.04265544127321592,80_156
0.003823399227613613,0.06118298020378566,80_157
0.003348591926147783,0.07363881226661466,80_158
0.009438384652137187,0.07174856725866446,80_159
0.0043379258914080085,0.035071609154436675,80_160
0.0044426745812415555,0.161566806427498,80_161
0.0058731629237003665,0.06766202305239519,80_162
0.003679020265155098,0.07057168226779495,80_163
0.0021059174219673947,0.019979200742734817,80_164
0.005079788629521961,0.05592090207853325,80_165
0.0078101691587509955,0.10816793513229454,80_166
0.003974467228468246,0.05287764376048014,80_167
0.0023309568452461312,0.05593898947295111,80_168
0.007538961727283381,0.05376468934675842,80_169
0.020138716082487514,0.13191376675990318,80_170
0.004043349402003077,0.06285995400995817,80_172
0.004869058650148453,0.055815411499233254,80_173
,,80_174
0.0033970523046601055,0.05345645969908285,80_175
0.00424230056559162,0.05446815872798866,80_177
0.004921877710661782,0.054169304495336,80_178
0.003579025210016694,0.053262198390998924,80_179
,,80_180
,,80_181
0.007471140058728193,0.10970694699685969,80_182
0.0040555659185620594,0.06697569302496582,80_183
0.0028726748550410935,0.05217454047678342,80_184
0.004174295264023443,0.060986535505843244,80_186
,,80_187
0.005336508531516597,0.08124259573967185,80_188
0.005466555963683491,0.07066008690018939,80_189
,,80_190
0.020379638180784893,0.06558060397721013,80_191
0.004128833012623485,0.05644663272652747,80_192
0.004912369439853834,0.07026156021126455,80_193
0.005706669104842466,0.059867668053971944,80_194
0.003330781083241477,0.03473246065772734,80_195
0.002838628937400018,0.053101967860280146,80_196
0.005622788605451977,0.05331427695256215,80_197
0.003002919032446776,0.18207727539391785,80_198
0.0071354880098543835,0.07121607967556531,80_199
0.011926388660463763,0.062233677103674834,80_200
,,80_201
0.004474241372379234,0.07131905317914457,80_202
0.004514374756676185,0.058261969294195345,80_203
0.00173586050437987,0.028755334290121497,80_204
0.0038250125379497143,0.053166167883922644,80_205
0.004177988253305653,0.05928127412210286,80_206
0.00299693256411591,0.04395902184441801,80_207
0.002542237611520928,0.06783161861040404,80_210
0.004142855334544786,0.0759288994470091,80_211
,,80_212
0.007052435607697949,0.09670125625306644,80_213
,,80_214
0.002598162798383046,0.03892801314314296,80_215
0.008760523780452986,0.06802407949426957,80_217
0.021818650504875504,0.1792812405702839,80_218
0.016718557302655344,0.08993396151386146,80_219
0.004954551947450516,0.08548963695913447,80_220
0.002597482777707835,0.03357148101956786,80_221
0.0017766659896006865,0.028392953183740893,80_223
,,80_225
0.0020957440784512204,0.033338966510233,80_227
0.012008419251970208,0.04289129111307932,80_228
,,80_229
0.003440355164627247,0.04646638486881753,80_230
0.012741763420228595,0.06575193974887902,80_233
0.003735229436427158,0.0419296848010367,80_234
,,80_235
0.004475107694148395,0.07065976435271829,80_236
0.0031637251375940248,0.0776252123688993,80_238
0.006737342899525963,0.06390302558471676,80_239
0.006163100835078744,0.09342590920266684,80_240
0.005126504554904129,0.06592532346945229,80_241
0.00470645746408438,0.08415893545719513,80_242
0.0022036567246548266,0.05950549324606867,80_245
0.004211369697151306,0.05128436254332354,80_246
0.0031594515270597268,0.07271340975371571,80_248
0.00746245752038349,0.0608911760607867,80_249
0.002468262275312781,0.05491217196524085,80_250
0.006114247964797179,0.10112416868618995,80_251
,,80_252
0.004237899824607902,0.0725018353563904,80_254
0.038828964357640904,0.061078984015446786,80_255
0.0037219289433233684,0.04518732857454732,80_257
0.013557679044163728,0.1098644846098567,80_258
0.002635783148077598,0.0509141901714441,80_259
0.0075183707654208915,0.08013702617165458,80_260
0.0032478495035855636,0.18937799231375146,80_261
0.018291270119612773,0.16872745842684606,80_262
0.0024369764926345534,0.05074503461475971,80_263
0.0023285993579612247,0.03698031111411734,80_264
0.002583109983660574,0.051408503331540345,80_265
0.005570493675312588,0.04817926632627613,80_268
0.008559787390578853,0.06821792010139331,80_269
0.005359536411607717,0.06647333382600405,80_270
0.0035454773909348574,0.1005010323206167,80_271
,,80_272
0.009267471713169521,0.08155439865807736,80_273
0.007052691381091451,0.06786121802700462,80_274
0.006999010843861319,0.04857771760977889,80_275
0.014662938262541565,0.09726485221650406,80_276
0.015945210615769444,0.11783863816480412,80_278
,,80_281
0.0026844305941360557,0.04534228678629386,80_282
0.0034407757996105107,0.0744875272031898,80_283
0.00614693723260366,0.05328252686321336,80_285
,,80_286
0.012453556491279027,0.09600716971107813,80_287
0.004074124669605904,0.06951890032338406,80_289
0.0016144827562779916,0.03080442407752722,80_290
0.012604407846568542,0.08630400396819386,80_295
,,80_302
0.004967100337407054,0.045037496629548916,80_303
0.003945162316120283,0.05130910371341002,80_304
0.004079083333751212,0.05594398343567821,80_305
0.0018793016651545266,0.04095926424048182,80_307
0.0072701457204440946,0.0752826816679162,80_308
0.0039888086824482,0.04705600398883673,80_309
0.006710396526180104,0.12377176776895624,80_310
0.006521101333290372,0.06122238082986203,80_311
,,80_315
0.0030778155991219767,0.11001958761625526,80_316
0.014614530068263338,0.07602556826040703,80_317
,,80_318
0.029361774738640718,0.09147268919305356,80_319
,,80_320
0.010401034884570264,0.03335283256057285,80_321
0.004258121359579853,0.11520389207854498,80_322
0.0023932537050793032,0.04551898415808556,80_324
0.0032119942560924772,0.04286317760220782,80_326
0.012235988965653886,0.12912088904530386,80_328
0.02715745644236572,0.08977840194798063,80_329
0.0436087137559284,0.193455104307946,80_331
0.005135739288071583,0.04618730595695915,80_332
0.006900631336883417,0.04621831785559407,80_333
