nid,episode,text,sarcasm,audio_path
51_1,51,"Like, I saw the track list and at the top, like, not at the top, like, song number four is like, they don't know I did it. And it's sung by, like, the current most suspicious person. But it's, it's actually, like, it's full of double meanings, but it's referring to something completely unrelated to the murder.",1,/Users/minjoolee/Downloads/MUStARD/PodSarc/all_processed/overly-sarcastic-podcast__ospod-episode-51/ospod-episode-51_1.mp3
51_2,51,"It's like, I've been secretly donating my salary to a local pet shelter. They don't know I did it.",0,/Users/minjoolee/Downloads/MUStARD/PodSarc/all_processed/overly-sarcastic-podcast__ospod-episode-51/ospod-episode-51_2.mp3
51_5,51,"Usually we're separated by oceans and stars, but now we're in the same space, so, uh.",0,/Users/minjoolee/Downloads/MUStARD/PodSarc/all_processed/overly-sarcastic-podcast__ospod-episode-51/ospod-episode-51_5.mp3
51_6,51,"Audio quality, yay! But no, uh, Redd, why are we, why are we hanging out, uh, this weekend?",1,/Users/minjoolee/Downloads/MUStARD/PodSarc/all_processed/overly-sarcastic-podcast__ospod-episode-51/ospod-episode-51_6.mp3
51_15,51,"as a bit of a convention aficionado, at least before.",0,/Users/minjoolee/Downloads/MUStARD/PodSarc/all_processed/overly-sarcastic-podcast__ospod-episode-51/ospod-episode-51_15.mp3
51_19,51,"really my flavor so much, it's, there's like, I tend to operate at like a six on an energy scale and most anime cons tend to average about a 15, so.",0,/Users/minjoolee/Downloads/MUStARD/PodSarc/all_processed/overly-sarcastic-podcast__ospod-episode-51/ospod-episode-51_19.mp3
51_24,51,"No, I, I had a blast, cause I mean, you know, we, we've done the trope talks, we've done the streams, we've done podcasts and all kinds of stuff, but being in front of people is, it's a different ball game.",0,/Users/minjoolee/Downloads/MUStARD/PodSarc/all_processed/overly-sarcastic-podcast__ospod-episode-51/ospod-episode-51_24.mp3
51_25,51," Yeah, for sure.",0,/Users/minjoolee/Downloads/MUStARD/PodSarc/all_processed/overly-sarcastic-podcast__ospod-episode-51/ospod-episode-51_25.mp3
51_28,51,"Yeah. Finger puppets. Yeah, we got finger puppets of like the whole OSP crew. It was wonderful.",0,/Users/minjoolee/Downloads/MUStARD/PodSarc/all_processed/overly-sarcastic-podcast__ospod-episode-51/ospod-episode-51_28.mp3
51_29,51,"Yeah. One, it is definitely true. Like, live feedback from a panel audience is a lot of fun. Cause I noticed, like, both of us were like, we're gonna make the audience laugh.",0,/Users/minjoolee/Downloads/MUStARD/PodSarc/all_processed/overly-sarcastic-podcast__ospod-episode-51/ospod-episode-51_29.mp3
51_30,51,"And a lot of people we were on panels with weren't really, they didn't seem to have that same objection, objective, but I was like, it's gonna happen.",0,/Users/minjoolee/Downloads/MUStARD/PodSarc/all_processed/overly-sarcastic-podcast__ospod-episode-51/ospod-episode-51_30.mp3
51_31,51,"Yeah. We got it. We had some good, some good jokes and callbacks and stuff. Yeah.",0,/Users/minjoolee/Downloads/MUStARD/PodSarc/all_processed/overly-sarcastic-podcast__ospod-episode-51/ospod-episode-51_31.mp3
51_33,51,"Big ups to the health and safety at ChiCon and WorldCon, that was really fantastic.",1,/Users/minjoolee/Downloads/MUStARD/PodSarc/all_processed/overly-sarcastic-podcast__ospod-episode-51/ospod-episode-51_33.mp3
51_35,51,"But, uh, yeah, so first there was, uh, the, our part of the, uh, one musical scene collab, uh, organized by Nando V Movies, uh, who does one of these every year, and it's always an absolute delight to participate in. Uh, and it gave me an excuse to talk about the greatest movie known to man, Kung Fu Panda 2, the one with the peacock guy voiced by Gary Oldman.",0,/Users/minjoolee/Downloads/MUStARD/PodSarc/all_processed/overly-sarcastic-podcast__ospod-episode-51/ospod-episode-51_35.mp3
51_36,51,"Oh, I, I didn't know that was Gary Oldman. Yeah, Lord Shen, Gary Oldman. Oh my god.",0,/Users/minjoolee/Downloads/MUStARD/PodSarc/all_processed/overly-sarcastic-podcast__ospod-episode-51/ospod-episode-51_36.mp3
51_45,51,"Uh, like, I did choir, it's like, I, I, I did bass, so like, I can't sing the main line of any of the popular songs. Yeah, like, put me on Hellfire, I'm great, but anyway, yeah, so no, I mean, you know.",1,/Users/minjoolee/Downloads/MUStARD/PodSarc/all_processed/overly-sarcastic-podcast__ospod-episode-51/ospod-episode-51_45.mp3
51_48,51,"Yeah, it was very fun. Um, I had a lot of fun just getting to sort of unpack",0,/Users/minjoolee/Downloads/MUStARD/PodSarc/all_processed/overly-sarcastic-podcast__ospod-episode-51/ospod-episode-51_48.mp3
51_51,51,Oh yeah.,0,/Users/minjoolee/Downloads/MUStARD/PodSarc/all_processed/overly-sarcastic-podcast__ospod-episode-51/ospod-episode-51_51.mp3
51_52,51,"uh, compromise, where it's like the first like five minutes are like, okay, here's my script. Here's two pages that I wrote up about this just kind of on my phone while I was listening through it, like with full headphones, like, all right, wow, what is that?",1,/Users/minjoolee/Downloads/MUStARD/PodSarc/all_processed/overly-sarcastic-podcast__ospod-episode-51/ospod-episode-51_52.mp3
51_56,51,"When we do this next year, how are we going to go about it? Because doing those scenes for us was super fun. Yeah. Being able to be like, oh, here's our way that we can talk about like extremely like deep dive popular media.",0,/Users/minjoolee/Downloads/MUStARD/PodSarc/all_processed/overly-sarcastic-podcast__ospod-episode-51/ospod-episode-51_56.mp3
51_58,51,"The detailed diatribes are really, really coming to their own, I think.",1,/Users/minjoolee/Downloads/MUStARD/PodSarc/all_processed/overly-sarcastic-podcast__ospod-episode-51/ospod-episode-51_58.mp3
51_59,51,"Um, you know, they're, every one of our videos is someone's favorite, and hearing people be like, yo, the detailed diatribes are so good, I really like them, you know, uh, it's, it is super cool, uh, to hear that, so.",0,/Users/minjoolee/Downloads/MUStARD/PodSarc/all_processed/overly-sarcastic-podcast__ospod-episode-51/ospod-episode-51_59.mp3
51_61,51,"Yeah, I, I, I don't necessarily want to phrase it as just that we were really busy, and I phrased it as that in the past, so I'm not like, yeah, yeah, but, um.",0,/Users/minjoolee/Downloads/MUStARD/PodSarc/all_processed/overly-sarcastic-podcast__ospod-episode-51/ospod-episode-51_61.mp3
51_66,51,"You know, he's just the coolest and he's a sweetheart and I like these stories about him and it's fun and it makes me mad when people don't get him. Uh, and then, but even then it's like, I just like him because he's got a good heart and he's like, he, he's a very important force for good. And then you were like, yeah, and it's cool how he rescues people. And I was like, what the fuck? Why didn't I, what? Um, cause it's like, that's absolutely true. It sounds obvious and.",0,/Users/minjoolee/Downloads/MUStARD/PodSarc/all_processed/overly-sarcastic-podcast__ospod-episode-51/ospod-episode-51_66.mp3
51_68,51,"It's easy to sort of lose sight of, you know? It's so foundational. You stop realizing how absolutely important it is. It's like a, it's like a retaining wall in a building. It's like, it's been there forever. We can probably knock it down and everything will be fine. Um, and just the sheer fact that Superman is not only like a better person when he rescues people.",1,/Users/minjoolee/Downloads/MUStARD/PodSarc/all_processed/overly-sarcastic-podcast__ospod-episode-51/ospod-episode-51_68.mp3
51_69,51,"His stories are more interesting. It was like, Oh yeah, that.",1,/Users/minjoolee/Downloads/MUStARD/PodSarc/all_processed/overly-sarcastic-podcast__ospod-episode-51/ospod-episode-51_69.mp3
51_74,51,There's only so much you can do with that and it really runs the risk of kind of warfing him because it's like either he instantly wins or he gets swatted around way more than somebody faster than a speeding bullet and more powerful than a locomotive probably should be.,1,/Users/minjoolee/Downloads/MUStARD/PodSarc/all_processed/overly-sarcastic-podcast__ospod-episode-51/ospod-episode-51_74.mp3
51_75,51, Yeah. Yeah. Yeah.,0,/Users/minjoolee/Downloads/MUStARD/PodSarc/all_processed/overly-sarcastic-podcast__ospod-episode-51/ospod-episode-51_75.mp3
51_77,51,"Yeah, having him be the ultimate firefighter and the ultimate, you know, saving person is",0,/Users/minjoolee/Downloads/MUStARD/PodSarc/all_processed/overly-sarcastic-podcast__ospod-episode-51/ospod-episode-51_77.mp3
51_79,51,He can do almost everything and he's such a Swiss army knife.,0,/Users/minjoolee/Downloads/MUStARD/PodSarc/all_processed/overly-sarcastic-podcast__ospod-episode-51/ospod-episode-51_79.mp3
51_80,51,And he is so uninteresting in combat because even though some commenters made it to the point that in various continuities he did receive,0,/Users/minjoolee/Downloads/MUStARD/PodSarc/all_processed/overly-sarcastic-podcast__ospod-episode-51/ospod-episode-51_80.mp3
51_87,51,"Superman will just go punch it. Like, the Justice League writer's room had a lot of problems with power, stuff like that. One of the, like, in jokes I guess they had was, is this going to be the week where we let",1,/Users/minjoolee/Downloads/MUStARD/PodSarc/all_processed/overly-sarcastic-podcast__ospod-episode-51/ospod-episode-51_87.mp3
51_88,51,"Green lantern make a road so flash can throw something into the sun and make it not be a problem anymore. And they finally let him do it in the finale because they were like, we can't, if we establish this precedent, we are never going to be able to have a threat in this series again. Um, and Superman is kind of like that, but like personified. So giving him stuff to do that isn't punch the bad guy until the bad guy stops or give the other leaguers something to do that adds more meaning to",1,/Users/minjoolee/Downloads/MUStARD/PodSarc/all_processed/overly-sarcastic-podcast__ospod-episode-51/ospod-episode-51_88.mp3
51_89,51,"Superman's punch the bad guy until the bad guy stops actions make him more interesting. The, the episode of Justice League that I brought up as, like, required viewing on that episode was, um,",0,/Users/minjoolee/Downloads/MUStARD/PodSarc/all_processed/overly-sarcastic-podcast__ospod-episode-51/ospod-episode-51_89.mp3
51_93,51,"Which is great because we do positions up. He says Superman, I've come to kill you. Is this a bad time? And it's like, it literally is rescheduled. I'm, I'm open to that. So like everyone else is evacuating everyone from the island while Superman's getting his ass kicked in an active volcano. And they're like, Superman, do you need any help in there? And he's like, no, evacuate the island. I'm, I'll handle this. Um.",1,/Users/minjoolee/Downloads/MUStARD/PodSarc/all_processed/overly-sarcastic-podcast__ospod-episode-51/ospod-episode-51_93.mp3
51_96,51,"Just because, like, you know, the mystery of what is the point of Superman feels like a question that shouldn't be this complicated.",1,/Users/minjoolee/Downloads/MUStARD/PodSarc/all_processed/overly-sarcastic-podcast__ospod-episode-51/ospod-episode-51_96.mp3
51_102,51,"It's like, even if it's good satire, it's like, uh, I don't need this.",1,/Users/minjoolee/Downloads/MUStARD/PodSarc/all_processed/overly-sarcastic-podcast__ospod-episode-51/ospod-episode-51_102.mp3
51_106,51,"It's like you read the fucking Little Match Girl and you're like, Oh, at least she still hoped for a better world in the end. And it's like, I don't care. She died and it was sad. This, this story didn't reward her hopeful endeavors, but some stories do. And this is kind of a separation between like a grimdark narrative and a grim, like a really dark and grim narrative that still recognizes that there was a world beyond that.",0,/Users/minjoolee/Downloads/MUStARD/PodSarc/all_processed/overly-sarcastic-podcast__ospod-episode-51/ospod-episode-51_106.mp3
51_114,51,"Would we like to, uh, as we jump into the sort of announcements portion of the podcast, we don't really have anything to announce right this second.",0,/Users/minjoolee/Downloads/MUStARD/PodSarc/all_processed/overly-sarcastic-podcast__ospod-episode-51/ospod-episode-51_114.mp3
51_118,51,stuff that I didn't experience from the perspective of someone who's exclusively validating that.,0,/Users/minjoolee/Downloads/MUStARD/PodSarc/all_processed/overly-sarcastic-podcast__ospod-episode-51/ospod-episode-51_118.mp3
51_119,51,"And, uh, I just think that his videos in general deserve more. I mean, every single one of them goes like turbo viral at this point. So I'm not sure he really needs the boost, but, uh, I think he's got like, uh, like a milestone if he hits like a million subs or something like that. So just, yeah, you know, show him some love. Yeah.",0,/Users/minjoolee/Downloads/MUStARD/PodSarc/all_processed/overly-sarcastic-podcast__ospod-episode-51/ospod-episode-51_119.mp3
51_120,51,"Very fun. So I think with that we can, uh, skedaddle over to the Q&A portion of the podcast.",0,/Users/minjoolee/Downloads/MUStARD/PodSarc/all_processed/overly-sarcastic-podcast__ospod-episode-51/ospod-episode-51_120.mp3
51_122,51,"Uh, this question comes from Shark Flynn. To all, with the rumors of Joker 2 being a musical, what non-musical movie would you like to see get a musical sequel? Oh boy. Is that true?",1,/Users/minjoolee/Downloads/MUStARD/PodSarc/all_processed/overly-sarcastic-podcast__ospod-episode-51/ospod-episode-51_122.mp3
51_123,51,"Apparently, yeah. Lady Gaga was cast as Harley Quinn. It was like a whole thing.",1,/Users/minjoolee/Downloads/MUStARD/PodSarc/all_processed/overly-sarcastic-podcast__ospod-episode-51/ospod-episode-51_123.mp3
51_124,51,"But she's been doing, isn't she in House of Gucci? Is that a musical?",1,/Users/minjoolee/Downloads/MUStARD/PodSarc/all_processed/overly-sarcastic-podcast__ospod-episode-51/ospod-episode-51_124.mp3
51_125,51,Lady Gaga is apparently a spectacular actress. That doesn't surprise me.,0,/Users/minjoolee/Downloads/MUStARD/PodSarc/all_processed/overly-sarcastic-podcast__ospod-episode-51/ospod-episode-51_125.mp3
51_128,51,movie that is not a musical would benefit from being a musical.,0,/Users/minjoolee/Downloads/MUStARD/PodSarc/all_processed/overly-sarcastic-podcast__ospod-episode-51/ospod-episode-51_128.mp3
51_129,51,There is a song the good folks sing. That's a musical. So I feel like it wouldn't be too hard to make a Batman sequel that was a musical.,0,/Users/minjoolee/Downloads/MUStARD/PodSarc/all_processed/overly-sarcastic-podcast__ospod-episode-51/ospod-episode-51_129.mp3
51_136,51,"It's like, what happens if we just played all of our songs backwards?",1,/Users/minjoolee/Downloads/MUStARD/PodSarc/all_processed/overly-sarcastic-podcast__ospod-episode-51/ospod-episode-51_136.mp3
51_143,51,"A regency. Yeah, yeah, yeah. A regency, yeah, like a modern regency. Like a regency romance, but like, set in a different time period.",0,/Users/minjoolee/Downloads/MUStARD/PodSarc/all_processed/overly-sarcastic-podcast__ospod-episode-51/ospod-episode-51_143.mp3
51_148,51,"That's like shit you do in a D and D game. It's fun and campy. I don't know. I kind of like it. Um, that show plays pretty fast and loose with, you know, historical accuracy anyway. So what's a little bit more.",0,/Users/minjoolee/Downloads/MUStARD/PodSarc/all_processed/overly-sarcastic-podcast__ospod-episode-51/ospod-episode-51_148.mp3
51_156,51,"It's like, I've been secretly donating my salary to a local pet shelter. They don't know I did it.",0,/Users/minjoolee/Downloads/MUStARD/PodSarc/all_processed/overly-sarcastic-podcast__ospod-episode-51/ospod-episode-51_156.mp3
51_157,51,"And you can tell it's cuz an I want song. They want to donate their money. That's the secret. Right. Rather than an I am song. Yeah. I, I.",0,/Users/minjoolee/Downloads/MUStARD/PodSarc/all_processed/overly-sarcastic-podcast__ospod-episode-51/ospod-episode-51_157.mp3
51_159,51,"Yeah, I think any murder mystery series is primed for a musical. I feel like it's a genre.",0,/Users/minjoolee/Downloads/MUStARD/PodSarc/all_processed/overly-sarcastic-podcast__ospod-episode-51/ospod-episode-51_159.mp3
51_164,51,"Some, someone's got their little red and blue plushie pins. What, what power-ups are they getting? What boons in their video game? This is a good question, because we've answered something.",1,/Users/minjoolee/Downloads/MUStARD/PodSarc/all_processed/overly-sarcastic-podcast__ospod-episode-51/ospod-episode-51_164.mp3
51_170,51,"You know exactly what information you were looking for in that book, and it's just in your head immediately. You can just osmos knowledge.",1,/Users/minjoolee/Downloads/MUStARD/PodSarc/all_processed/overly-sarcastic-podcast__ospod-episode-51/ospod-episode-51_170.mp3
51_172,51,"But in my head, all I can imagine is, like, you brush your elbow against, like, a fiction book you were reading, and you're like, the, the entire ending page flashed in your mind, and you're like, oh, fuck!",0,/Users/minjoolee/Downloads/MUStARD/PodSarc/all_processed/overly-sarcastic-podcast__ospod-episode-51/ospod-episode-51_172.mp3
51_173,51,"Or just like someone goes to a library, just like putting their hands on all the books, like I'm learning.",1,/Users/minjoolee/Downloads/MUStARD/PodSarc/all_processed/overly-sarcastic-podcast__ospod-episode-51/ospod-episode-51_173.mp3
51_177,51,Let's you jump high. Anyone who plays without items doesn't understand what Smash Bros is all about. All right.,1,/Users/minjoolee/Downloads/MUStARD/PodSarc/all_processed/overly-sarcastic-podcast__ospod-episode-51/ospod-episode-51_177.mp3
51_184,51,"I can still do a kip up. It just hurts my neck the next day. Uh, but, uh, yes.",0,/Users/minjoolee/Downloads/MUStARD/PodSarc/all_processed/overly-sarcastic-podcast__ospod-episode-51/ospod-episode-51_184.mp3
51_185,51,"And then, like, the implications of the book thing is, like, if someone really wants to just bother you, they can, like, throw some, like, trashy tabloid magazine or smutty book at you, and they're like, ah, ah, gross.",1,/Users/minjoolee/Downloads/MUStARD/PodSarc/all_processed/overly-sarcastic-podcast__ospod-episode-51/ospod-episode-51_185.mp3
51_200,51,Exactly.,0,/Users/minjoolee/Downloads/MUStARD/PodSarc/all_processed/overly-sarcastic-podcast__ospod-episode-51/ospod-episode-51_200.mp3
51_214,51,"I wonder why they might have wanted to throw more parties. Uh, and it's like, all right, I'm not going to say, like, categorically, this happened specifically because of that, but I can kind of be like, I think that all the context and audience needs to understand the general gist of, like,",0,/Users/minjoolee/Downloads/MUStARD/PodSarc/all_processed/overly-sarcastic-podcast__ospod-episode-51/ospod-episode-51_214.mp3
51_215,51,What got Dionysus over the hump to being this sort of like perpetually drunk party boy?,0,/Users/minjoolee/Downloads/MUStARD/PodSarc/all_processed/overly-sarcastic-podcast__ospod-episode-51/ospod-episode-51_215.mp3
51_216,51,"All I need to say is, it's Rome, baby. They were doing that stuff on the ranks.",1,/Users/minjoolee/Downloads/MUStARD/PodSarc/all_processed/overly-sarcastic-podcast__ospod-episode-51/ospod-episode-51_216.mp3
51_218,51,"Yeah, we did it. Yeah. Let's get crunk. Yeah, I also.",0,/Users/minjoolee/Downloads/MUStARD/PodSarc/all_processed/overly-sarcastic-podcast__ospod-episode-51/ospod-episode-51_218.mp3
51_221,51,"For six years, that was all, and they, they had a lot to say about it, but like, if you pick something suitably niche, you can spend six years working on that.",0,/Users/minjoolee/Downloads/MUStARD/PodSarc/all_processed/overly-sarcastic-podcast__ospod-episode-51/ospod-episode-51_221.mp3
51_227,51,"Good stuff. Research is a lot of fun, but yeah, very easy to get off the rails. Uh, this next question comes from L to Blue. What are some historical figures that knew how to party?",0,/Users/minjoolee/Downloads/MUStARD/PodSarc/all_processed/overly-sarcastic-podcast__ospod-episode-51/ospod-episode-51_227.mp3
51_241,51,"Yeah. Um, Marquis de Sade went, went, went pretty hard.",1,/Users/minjoolee/Downloads/MUStARD/PodSarc/all_processed/overly-sarcastic-podcast__ospod-episode-51/ospod-episode-51_241.mp3
51_242,51,"The Roman emperors knew how to party, that's for sure. They, they knew how to drain a treasury on, on one big night. Also, like, if you watch any of Max Miller Tasting History's videos on, like,",1,/Users/minjoolee/Downloads/MUStARD/PodSarc/all_processed/overly-sarcastic-podcast__ospod-episode-51/ospod-episode-51_242.mp3
51_243,51,"medieval feasts, like, the amount of money that went into, like, any given Tuesday where they're feeding, like, Knights of the Realm, table for 500, with like, 17 course meals, like.",1,/Users/minjoolee/Downloads/MUStARD/PodSarc/all_processed/overly-sarcastic-podcast__ospod-episode-51/ospod-episode-51_243.mp3
51_246,51,"We're prepping for the feast, but my lord has provided us far insufficient quantities of pheasants, and he's like, alright, fuck off, let's get this gun.",1,/Users/minjoolee/Downloads/MUStARD/PodSarc/all_processed/overly-sarcastic-podcast__ospod-episode-51/ospod-episode-51_246.mp3
51_248,51,"Yeah, basically, any medieval court, and then any Victorian person. Perfect. And then also, like, the whole, like, Renaissance European aristocracy. Yeah.",0,/Users/minjoolee/Downloads/MUStARD/PodSarc/all_processed/overly-sarcastic-podcast__ospod-episode-51/ospod-episode-51_248.mp3
51_249,51,So those are where you should go back in time if you know you're looking to party.,1,/Users/minjoolee/Downloads/MUStARD/PodSarc/all_processed/overly-sarcastic-podcast__ospod-episode-51/ospod-episode-51_249.mp3
51_251,51,"Any advice on how to make the big day go as smoothly as possible? Perhaps any gift recommendations for the happy couple? Blue, please don't say swords. This couple is not fit for war yet. Love the channel, love the pod, and hope you have a good day. So, uh, we were, we were grooms mates.",0,/Users/minjoolee/Downloads/MUStARD/PodSarc/all_processed/overly-sarcastic-podcast__ospod-episode-51/ospod-episode-51_251.mp3
51_252,51,"Yeah, not quite the same.",0,/Users/minjoolee/Downloads/MUStARD/PodSarc/all_processed/overly-sarcastic-podcast__ospod-episode-51/ospod-episode-51_252.mp3
51_260,51,"as a, uh, as an ally to the happy couple. What this means is that it is your duty to stand stalwart and true and prepare for whatever fates make inspire against them on this, their wedding day.",1,/Users/minjoolee/Downloads/MUStARD/PodSarc/all_processed/overly-sarcastic-podcast__ospod-episode-51/ospod-episode-51_260.mp3
51_261,51,"Yeah, yeah.",0,/Users/minjoolee/Downloads/MUStARD/PodSarc/all_processed/overly-sarcastic-podcast__ospod-episode-51/ospod-episode-51_261.mp3
51_271,51,"Yes, I guess don't act.",1,/Users/minjoolee/Downloads/MUStARD/PodSarc/all_processed/overly-sarcastic-podcast__ospod-episode-51/ospod-episode-51_271.mp3
51_285,51,"Yes, mm-hm.",0,/Users/minjoolee/Downloads/MUStARD/PodSarc/all_processed/overly-sarcastic-podcast__ospod-episode-51/ospod-episode-51_285.mp3
51_288,51,I have questions about this. Yeah. I've heard Winx Club name dropped and I saw stuff about the live action remake nobody liked. What are the rules of this world?,0,/Users/minjoolee/Downloads/MUStARD/PodSarc/all_processed/overly-sarcastic-podcast__ospod-episode-51/ospod-episode-51_288.mp3
51_296,51,"For the sake of remaining consistent, I'll go with the answer I gave on the Tumblr ask for the specific, like, the gimmick, the thing, which would be sound because I am of the opinion that if you like clash fists or weapons together, it should produce a visible shockwave and it's upsetting that it doesn't. So that would be the one thing I adjust.",0,/Users/minjoolee/Downloads/MUStARD/PodSarc/all_processed/overly-sarcastic-podcast__ospod-episode-51/ospod-episode-51_296.mp3
51_299,51,"The red one in Wings Club is also the music and sound fairy, so thematically it's all coming together. Yeah, we're already paralleling.",0,/Users/minjoolee/Downloads/MUStARD/PodSarc/all_processed/overly-sarcastic-podcast__ospod-episode-51/ospod-episode-51_299.mp3
51_310,51,"Wait, wait, wait, wait, wait, wait, wait, wait, wait, wait, wait, wait, wait, wait, wait, wait, wait, wait, wait, wait, wait, wait, wait, wait, wait, wait, wait, wait, wait, wait, wait.",0,/Users/minjoolee/Downloads/MUStARD/PodSarc/all_processed/overly-sarcastic-podcast__ospod-episode-51/ospod-episode-51_310.mp3
51_311,51,"Like, you know, red's got sound, blue. But we would have to be called lights, camera, action, and I can do the action. Yeah, lights, camera, action.",1,/Users/minjoolee/Downloads/MUStARD/PodSarc/all_processed/overly-sarcastic-podcast__ospod-episode-51/ospod-episode-51_311.mp3
51_316,51,"Yeah. Uh, awesome. Well, that is all the time we have on the podcast today. Red, are you ready to do the outro?",0,/Users/minjoolee/Downloads/MUStARD/PodSarc/all_processed/overly-sarcastic-podcast__ospod-episode-51/ospod-episode-51_316.mp3
51_317,51,I'm always ready. That's why they call me action.,1,/Users/minjoolee/Downloads/MUStARD/PodSarc/all_processed/overly-sarcastic-podcast__ospod-episode-51/ospod-episode-51_317.mp3
51_320,51,And this has been an Overly Sarcastic Podcast!,0,/Users/minjoolee/Downloads/MUStARD/PodSarc/all_processed/overly-sarcastic-podcast__ospod-episode-51/ospod-episode-51_320.mp3
51_322,51,"We'll be back on September 21st with another thrilling installment, but if you missed us before then, be sure to check out Overly Sarcastic Productions on YouTube.",0,/Users/minjoolee/Downloads/MUStARD/PodSarc/all_processed/overly-sarcastic-podcast__ospod-episode-51/ospod-episode-51_322.mp3
52_3,52,I thought it was a burn on the fact that I actually can't make croissants as admitted earlier.,1,/Users/minjoolee/Downloads/MUStARD/PodSarc/all_processed/overly-sarcastic-podcast__ospod-episode-52/ospod-episode-52_3.mp3
52_8,52,"Uh, what a good cat. I'm distracted now. I'm looking at my adorable cat. Uh, we, we're, we're gonna go with not only you, not only Indigo, but also basically like the entire green and",0,/Users/minjoolee/Downloads/MUStARD/PodSarc/all_processed/overly-sarcastic-podcast__ospod-episode-52/ospod-episode-52_8.mp3
52_11,52,"Uh, Cleo drank from my water glass, so. Oh no! So I don't feel comfortable being like, yeah, let's down the hatch, so. But I'm good. I just needed to get that out of my system so I can talk properly. Let's go.",0,/Users/minjoolee/Downloads/MUStARD/PodSarc/all_processed/overly-sarcastic-podcast__ospod-episode-52/ospod-episode-52_11.mp3
52_12,52,"So, also, you know, we're gonna dress up in ridiculous costumes and, and walk around and have fun and, and ogle swords and I, I told, um, Noir to bully me into buying an ocarina, so that'll be a good time.",0,/Users/minjoolee/Downloads/MUStARD/PodSarc/all_processed/overly-sarcastic-podcast__ospod-episode-52/ospod-episode-52_12.mp3
52_15,52,"But these are black, these are black, so people probably won't notice. Yeah.",1,/Users/minjoolee/Downloads/MUStARD/PodSarc/all_processed/overly-sarcastic-podcast__ospod-episode-52/ospod-episode-52_15.mp3
52_18,52,that was quite,0,/Users/minjoolee/Downloads/MUStARD/PodSarc/all_processed/overly-sarcastic-podcast__ospod-episode-52/ospod-episode-52_18.mp3
52_26,52,"So that was a lot of fun. And I, I honestly, I'd sort of forgotten that the pages as I finished them would go up several days before the video did, because in my head I was like, the Deus Ex Machina video is going to go up.",0,/Users/minjoolee/Downloads/MUStARD/PodSarc/all_processed/overly-sarcastic-podcast__ospod-episode-52/ospod-episode-52_26.mp3
52_39,52,"You know, for, for as much as I will sass, that's George RR Martin's bread and butter, and he's really good at that. Uh, there's a reason why everyone agrees that the last two seasons of the show, when he stopped really having written the characters that far,",0,/Users/minjoolee/Downloads/MUStARD/PodSarc/all_processed/overly-sarcastic-podcast__ospod-episode-52/ospod-episode-52_39.mp3
52_41,52,"And then, uh, a lot of, like, dystopias and post-apocalyptic narratives are theme-driven storytelling, where, like, not a lot happens, and none of the characters are likable or relatable.",0,/Users/minjoolee/Downloads/MUStARD/PodSarc/all_processed/overly-sarcastic-podcast__ospod-episode-52/ospod-episode-52_41.mp3
52_44,52,"Oh, you know, uh, the, uh, the giant eagles don't actually count. They don't actually count as Deus Ex Machina, and it's like, well, okay, let's unpack this. If, if people think they do, why do they think that? Why do they feel that way, even if they aren't?",0,/Users/minjoolee/Downloads/MUStARD/PodSarc/all_processed/overly-sarcastic-podcast__ospod-episode-52/ospod-episode-52_44.mp3
52_52,52,"But if someone finds a 20 on the street, it's like, that's, that's unrealistic. It's like, how dare the story solve something that the character should have had to work for? I think there's an interesting comparison to be found in Dungeons and Dragons, because there are a lot of times when, you know, you're at the table and you're in some objectively kind of bullshitty situation.",0,/Users/minjoolee/Downloads/MUStARD/PodSarc/all_processed/overly-sarcastic-podcast__ospod-episode-52/ospod-episode-52_52.mp3
52_53,52,But you and the other players or the characters in the story manage to make it work because someone gets really lucky and rolls a nat 20.,0,/Users/minjoolee/Downloads/MUStARD/PodSarc/all_processed/overly-sarcastic-podcast__ospod-episode-52/ospod-episode-52_53.mp3
52_57,52,"author, when all the audience sees is whatever the author puts on the page, there's no understanding of what was happening behind, and then you can get things where it's like, oh, this bullshit, where it's like in D&D, it's like, that's, that's, the game is right there in those moments.",0,/Users/minjoolee/Downloads/MUStARD/PodSarc/all_processed/overly-sarcastic-podcast__ospod-episode-52/ospod-episode-52_57.mp3
52_64,52,"Yeah, and audience.",0,/Users/minjoolee/Downloads/MUStARD/PodSarc/all_processed/overly-sarcastic-podcast__ospod-episode-52/ospod-episode-52_64.mp3
52_65,52,"I can get him down with chip damage. No, none of that shit. Thank you.",1,/Users/minjoolee/Downloads/MUStARD/PodSarc/all_processed/overly-sarcastic-podcast__ospod-episode-52/ospod-episode-52_65.mp3
52_71,52,"Yeah, definitely. There are some tropes that get, that get icky on principle and this is, is not one of them.",0,/Users/minjoolee/Downloads/MUStARD/PodSarc/all_processed/overly-sarcastic-podcast__ospod-episode-52/ospod-episode-52_71.mp3
52_74,52,"And it's not just like, oh, I'm lazy, I'm gonna write that these characters get out of here and it's no big deal. It's like, you know.",1,/Users/minjoolee/Downloads/MUStARD/PodSarc/all_processed/overly-sarcastic-podcast__ospod-episode-52/ospod-episode-52_74.mp3
52_92,52,and more focused or zoomed way out and consolidated. So I originally made a four-part series on Venice that was bad.,0,/Users/minjoolee/Downloads/MUStARD/PodSarc/all_processed/overly-sarcastic-podcast__ospod-episode-52/ospod-episode-52_92.mp3
52_94,52,"Um, and then, you know, I, I get the fancy new visuals because some of the, uh, the early maps for those Rome videos are, are, are quite bad. Um, because I, I, everything was way too saturated. Go back, you'll, you'll, you'll see it. Um, but yeah, I, I'm just so satisfied seeing the way that,",0,/Users/minjoolee/Downloads/MUStARD/PodSarc/all_processed/overly-sarcastic-podcast__ospod-episode-52/ospod-episode-52_94.mp3
52_98,52,"Yeah. I think that your approach to this, uh, came through because when.",0,/Users/minjoolee/Downloads/MUStARD/PodSarc/all_processed/overly-sarcastic-podcast__ospod-episode-52/ospod-episode-52_98.mp3
52_99,52,"I've mentioned this, I think, but the, uh, the full Trojan War video was your idea. Yes.",0,/Users/minjoolee/Downloads/MUStARD/PodSarc/all_processed/overly-sarcastic-podcast__ospod-episode-52/ospod-episode-52_99.mp3
52_103,52,"It's like, Iliad book one, Patroclus dies, Hector dies, the end.",1,/Users/minjoolee/Downloads/MUStARD/PodSarc/all_processed/overly-sarcastic-podcast__ospod-episode-52/ospod-episode-52_103.mp3
52_104,52,"Nothing else is important in the grand scheme of things. I mean, one of the funniest things about the Iliad, and I don't want to completely derail this onto this other thing that I know a little bit more about, but it's got so much of like,",0,/Users/minjoolee/Downloads/MUStARD/PodSarc/all_processed/overly-sarcastic-podcast__ospod-episode-52/ospod-episode-52_104.mp3
52_113,52,"Yeah, there's a lot to be said for, like, you know, Roman, you know.",0,/Users/minjoolee/Downloads/MUStARD/PodSarc/all_processed/overly-sarcastic-podcast__ospod-episode-52/ospod-episode-52_113.mp3
52_129,52,"Uh, but yeah, so that's, uh, yes, so check out pitch meeting because they're really funny. I mean, I'm like the last person on earth to realize, so I'm sure you all know, but, um.",0,/Users/minjoolee/Downloads/MUStARD/PodSarc/all_processed/overly-sarcastic-podcast__ospod-episode-52/ospod-episode-52_129.mp3
52_130,52,I've been had and called out. So let's move on to the Q&A portion of the podcast.,1,/Users/minjoolee/Downloads/MUStARD/PodSarc/all_processed/overly-sarcastic-podcast__ospod-episode-52/ospod-episode-52_130.mp3
52_139,52,"Okay. Excellent. Um, so.",0,/Users/minjoolee/Downloads/MUStARD/PodSarc/all_processed/overly-sarcastic-podcast__ospod-episode-52/ospod-episode-52_139.mp3
52_140,52,"Yeah, exactly. Um, the thing with Rome is if you, I'm assuming two days each. If you're doing one day in Rome and one day in Florence, God help you. Um, just, just walk and see what you see. Uh, because there's no way, yeah. Um, let's assume you got two days in each. If you want to do the Vatican Museum, that is a day.",0,/Users/minjoolee/Downloads/MUStARD/PodSarc/all_processed/overly-sarcastic-podcast__ospod-episode-52/ospod-episode-52_140.mp3
52_141,52,That is fully a day. There is so much shit. It's 11 miles of corridors inside. A half a square mile parcel of land.,0,/Users/minjoolee/Downloads/MUStARD/PodSarc/all_processed/overly-sarcastic-podcast__ospod-episode-52/ospod-episode-52_141.mp3
52_143,52,"Go into the Colosseum if you want, but really go into the Roman Forum, because you can just walk around in the ruins. You get the ticket for the Roman Forum the same place you get the ticket for the Colosseum, and it's, it's great. You're also going to want to go to the Arapacus, which is kind of near the Vatican. It's, it's up in the campus marshes. It's kind of along the river. Um, that's pretty sweet. They opened up the Mausoleum of Augustus, but like, eh. Um, genuinely, just walk around, see what you see.",0,/Users/minjoolee/Downloads/MUStARD/PodSarc/all_processed/overly-sarcastic-podcast__ospod-episode-52/ospod-episode-52_143.mp3
52_153,52,"Every once in a while we gotta re-up it, just to give you the chance to like, much like doing the re-sumrise, to give you the opportunity to draw some more connections.",0,/Users/minjoolee/Downloads/MUStARD/PodSarc/all_processed/overly-sarcastic-podcast__ospod-episode-52/ospod-episode-52_153.mp3
52_154,52,"Exactly. Upgrade my, yeah. If you're in Rome, no, not for two days, nevermind.",0,/Users/minjoolee/Downloads/MUStARD/PodSarc/all_processed/overly-sarcastic-podcast__ospod-episode-52/ospod-episode-52_154.mp3
52_161,52,"But, uh, yeah, baking, I'm quite good at cooking. I am only starting to become.",0,/Users/minjoolee/Downloads/MUStARD/PodSarc/all_processed/overly-sarcastic-podcast__ospod-episode-52/ospod-episode-52_161.mp3
52_166,52,"But, uh, baking, I, I think I'm a little better at. I, I hate making a mess, so baking is also, like, kind of tough for me. Yeah. Because, like, there's flour everywhere. Yeah.",0,/Users/minjoolee/Downloads/MUStARD/PodSarc/all_processed/overly-sarcastic-podcast__ospod-episode-52/ospod-episode-52_166.mp3
52_167,52,There's stuff on the cookbook now. The hardest part of baking.,0,/Users/minjoolee/Downloads/MUStARD/PodSarc/all_processed/overly-sarcastic-podcast__ospod-episode-52/ospod-episode-52_167.mp3
52_169,52,"graphite on rough paper, I also hate. Uh, sorry, charcoal on rough paper, same problem. Flower on crusty bread makes me want to crawl out of my own skin.",0,/Users/minjoolee/Downloads/MUStARD/PodSarc/all_processed/overly-sarcastic-podcast__ospod-episode-52/ospod-episode-52_169.mp3
52_172,52,Ridiculous levels of finnickiness. Yes. That I don't want to plumb because it's like.,1,/Users/minjoolee/Downloads/MUStARD/PodSarc/all_processed/overly-sarcastic-podcast__ospod-episode-52/ospod-episode-52_172.mp3
52_173,52,"zero points, so.",1,/Users/minjoolee/Downloads/MUStARD/PodSarc/all_processed/overly-sarcastic-podcast__ospod-episode-52/ospod-episode-52_173.mp3
52_177,52,"I thought it was a burn on the fact that I actually can't make croissants as admitted earlier. Oh, okay.",0,/Users/minjoolee/Downloads/MUStARD/PodSarc/all_processed/overly-sarcastic-podcast__ospod-episode-52/ospod-episode-52_177.mp3
52_180,52,"Yeah, there we go.",0,/Users/minjoolee/Downloads/MUStARD/PodSarc/all_processed/overly-sarcastic-podcast__ospod-episode-52/ospod-episode-52_180.mp3
52_182,52,"Oh, the signature recipe thing. That was part of the question, right? Yes, yes, yes.",0,/Users/minjoolee/Downloads/MUStARD/PodSarc/all_processed/overly-sarcastic-podcast__ospod-episode-52/ospod-episode-52_182.mp3
52_189,52,"It's still workable, but, uh, it's best to let that cool off a little bit before we pour it over.",0,/Users/minjoolee/Downloads/MUStARD/PodSarc/all_processed/overly-sarcastic-podcast__ospod-episode-52/ospod-episode-52_189.mp3
52_192,52,"which is, it's a little different. The thing is chocolate is really, really weirdly complex. It's technically a wax, I think. Yeah. And it has like six different crystal arrangements, which is why tempering it is such a pain in the butt because it's like, you want arrangement number five, which means if you get it too hot, it goes into arrangement six instead. It's a mess. But, um,",0,/Users/minjoolee/Downloads/MUStARD/PodSarc/all_processed/overly-sarcastic-podcast__ospod-episode-52/ospod-episode-52_192.mp3
52_199,52,"Which is fine, except I, you know, I'm one person, so I have a lot of leftovers hanging about.",1,/Users/minjoolee/Downloads/MUStARD/PodSarc/all_processed/overly-sarcastic-podcast__ospod-episode-52/ospod-episode-52_199.mp3
52_210,52,"When we still had Patreon open for like, shibby commissions, uh, I, a couple times people were like, hey, can you draw this angel from Supernatural? And I'm like, heck yeah, let me look up what this guy looks like. It's just a fucking guy. He's just a guy. He doesn't look at all interesting.",0,/Users/minjoolee/Downloads/MUStARD/PodSarc/all_processed/overly-sarcastic-podcast__ospod-episode-52/ospod-episode-52_210.mp3
52_216,52,A being that represents something. You can incorporate that thing into their appearance in unusual ways rather than just like.,0,/Users/minjoolee/Downloads/MUStARD/PodSarc/all_processed/overly-sarcastic-podcast__ospod-episode-52/ospod-episode-52_216.mp3
52_218,52,"This isn't like a dunk. I haven't even watched Rings of Power, but I have seen like some stuff be like these ancient ethereal beings look just kind of like people in Abercrombie and Fitch, like leftovers. So, um.",0,/Users/minjoolee/Downloads/MUStARD/PodSarc/all_processed/overly-sarcastic-podcast__ospod-episode-52/ospod-episode-52_218.mp3
52_221,52,"And all the, like, supernatural results, and then I'll get to, like, okay, this is from an illustrated version of, like, the prose at, uh,",0,/Users/minjoolee/Downloads/MUStARD/PodSarc/all_processed/overly-sarcastic-podcast__ospod-episode-52/ospod-episode-52_221.mp3
52_224,52,"This is also something I learned when I was doing some research. I was trying to find a painting of two deities. And when I looked up Mars and Venus, I found lots of beautiful Renaissance and Baroque art. And when I looked up Aries and Aphrodite, I found fan art and",0,/Users/minjoolee/Downloads/MUStARD/PodSarc/all_processed/overly-sarcastic-podcast__ospod-episode-52/ospod-episode-52_224.mp3
52_227,52,"That's what I was thinking, too.",0,/Users/minjoolee/Downloads/MUStARD/PodSarc/all_processed/overly-sarcastic-podcast__ospod-episode-52/ospod-episode-52_227.mp3
52_231,52,"I made them elves, for God's sake. I basically made it so that the Aesir have, like, little human rounded ears, and then everybody else gets pointy elf ears. And that's me. That's not accurate to the 1800s. Why the fuck would that be? As far as I can tell, Tolkien is the one who originated the leaf-shaped ears concept. Uh, but I just liked it. Oh my God.",0,/Users/minjoolee/Downloads/MUStARD/PodSarc/all_processed/overly-sarcastic-podcast__ospod-episode-52/ospod-episode-52_231.mp3
52_232,52,"I saw a few people be like, he didn't specify what leaves you guys, which led to some horrifying fan.",0,/Users/minjoolee/Downloads/MUStARD/PodSarc/all_processed/overly-sarcastic-podcast__ospod-episode-52/ospod-episode-52_232.mp3
52_234,52,"I mean,",0,/Users/minjoolee/Downloads/MUStARD/PodSarc/all_processed/overly-sarcastic-podcast__ospod-episode-52/ospod-episode-52_234.mp3
52_235,52,"I mean, you're, you're right, but also.",0,/Users/minjoolee/Downloads/MUStARD/PodSarc/all_processed/overly-sarcastic-podcast__ospod-episode-52/ospod-episode-52_235.mp3
52_242,52,"It's like, did he try to fuck me? It's probably Apollo. There's a bunch of options.",0,/Users/minjoolee/Downloads/MUStARD/PodSarc/all_processed/overly-sarcastic-podcast__ospod-episode-52/ospod-episode-52_242.mp3
52_249,52,"Um, I mean, I've said for years that the only requirement I have for music that I like is good beat, strong electric guitar. Um, and even that's a little bit negotiable. Strong guitar, really. Um, so.",0,/Users/minjoolee/Downloads/MUStARD/PodSarc/all_processed/overly-sarcastic-podcast__ospod-episode-52/ospod-episode-52_249.mp3
52_251,52,"Everyone who thinks that, anyone who thinks that orchestral rock isn't the coolest thing ever is lying to themselves and to you.",0,/Users/minjoolee/Downloads/MUStARD/PodSarc/all_processed/overly-sarcastic-podcast__ospod-episode-52/ospod-episode-52_251.mp3
52_259,52,that's okay.,0,/Users/minjoolee/Downloads/MUStARD/PodSarc/all_processed/overly-sarcastic-podcast__ospod-episode-52/ospod-episode-52_259.mp3
52_260,52,"I listen to more Crush 40 now, but that's Sonic's fault.",0,/Users/minjoolee/Downloads/MUStARD/PodSarc/all_processed/overly-sarcastic-podcast__ospod-episode-52/ospod-episode-52_260.mp3
52_263,52,"Yeah, as a, as a teenager, I was very much into like the, the Lincoln Park zone and, and adjacent bands of, of similar, uh, or slightly lesser, um, like,",0,/Users/minjoolee/Downloads/MUStARD/PodSarc/all_processed/overly-sarcastic-podcast__ospod-episode-52/ospod-episode-52_263.mp3
52_264,52,"Emo, I'm 14 and this is deepness. Um, yeah.",1,/Users/minjoolee/Downloads/MUStARD/PodSarc/all_processed/overly-sarcastic-podcast__ospod-episode-52/ospod-episode-52_264.mp3
52_265,52,That came up a lot recently in my life. Yeah.,1,/Users/minjoolee/Downloads/MUStARD/PodSarc/all_processed/overly-sarcastic-podcast__ospod-episode-52/ospod-episode-52_265.mp3
52_266,52,"You know what? Let me just pull up my iTunes right this minute. Yeah, go ahead. Just see what we got.",0,/Users/minjoolee/Downloads/MUStARD/PodSarc/all_processed/overly-sarcastic-podcast__ospod-episode-52/ospod-episode-52_266.mp3
52_267,52,"Yeah, go ahead. While you're doing that, of course, recently, the, the, the meme has been that I've, I've pivoted quite strongly to orchestral video game OSTs. Yeah. Because I just, I, I, I love listening to them. It's the only kind of music I can listen to while I work because if there are words in, I, I can't, I can't focus. It's what's my focus and I'm terrible. Um, but with just like sounds and no, no, no talking or singing, mm, we're good. So.",0,/Users/minjoolee/Downloads/MUStARD/PodSarc/all_processed/overly-sarcastic-podcast__ospod-episode-52/ospod-episode-52_267.mp3
52_270,52,Give it back to me. Yeah. Yeah.,0,/Users/minjoolee/Downloads/MUStARD/PodSarc/all_processed/overly-sarcastic-podcast__ospod-episode-52/ospod-episode-52_270.mp3
52_271,52,"Um, and the, and inexplicably alongside everything else, take a hint from the Victorious show. Oh my god.",0,/Users/minjoolee/Downloads/MUStARD/PodSarc/all_processed/overly-sarcastic-podcast__ospod-episode-52/ospod-episode-52_271.mp3
52_274,52,"I think it was just like a woman version of Chicago or something. But, uh, there's a song in which she says, I think I'll call this town Chicago. And that's, I didn't watch the episode, but I saw that clip and it's lived in my head ever since.",0,/Users/minjoolee/Downloads/MUStARD/PodSarc/all_processed/overly-sarcastic-podcast__ospod-episode-52/ospod-episode-52_274.mp3
52_275,52,"That's very funny. I've never watched Victorious. Uh, but I have watched all, like, 13 hours of the Quinton Reviews. Like, what, 17 hours now? Uh, Quinton Reviews, Victorious, and affiliated stuff. Um.",0,/Users/minjoolee/Downloads/MUStARD/PodSarc/all_processed/overly-sarcastic-podcast__ospod-episode-52/ospod-episode-52_275.mp3
52_276,52,"Anyway, I didn't know what Victorious was, I just knew the song was a banger, so I acquired it.",0,/Users/minjoolee/Downloads/MUStARD/PodSarc/all_processed/overly-sarcastic-podcast__ospod-episode-52/ospod-episode-52_276.mp3
52_280,52,"Yeah, yeah, I keep the tea flowing. I order a big bowl of ramen.",0,/Users/minjoolee/Downloads/MUStARD/PodSarc/all_processed/overly-sarcastic-podcast__ospod-episode-52/ospod-episode-52_280.mp3
52_281,52,"Uh, I curl up on the couch with the all MST3K all the time channel.",0,/Users/minjoolee/Downloads/MUStARD/PodSarc/all_processed/overly-sarcastic-podcast__ospod-episode-52/ospod-episode-52_281.mp3
52_282,52,"Uh, and I just kind of wait until my body stops betraying me.",1,/Users/minjoolee/Downloads/MUStARD/PodSarc/all_processed/overly-sarcastic-podcast__ospod-episode-52/ospod-episode-52_282.mp3
52_283,52,"Yeah, I kind of similarly, uh, I go for a big bowl of soup, cauliflower soup if I have it, bringing it, bringing it back around. Um, tea, this is probably when I could, the second, second most.",0,/Users/minjoolee/Downloads/MUStARD/PodSarc/all_processed/overly-sarcastic-podcast__ospod-episode-52/ospod-episode-52_283.mp3
52_288,52,"Yeah, for me, I like to play video games that I've played before. Cause even in general, I, I don't, I, I don't like to, to, to do new things. I mean, sometimes I do, but it's like, if I can play or watch something that I know I like, why wouldn't I?",0,/Users/minjoolee/Downloads/MUStARD/PodSarc/all_processed/overly-sarcastic-podcast__ospod-episode-52/ospod-episode-52_288.mp3
52_291,52,This is my own Sisyphusian torment. I keep trying to get people to watch Leverage now. I've given up on reboot.,1,/Users/minjoolee/Downloads/MUStARD/PodSarc/all_processed/overly-sarcastic-podcast__ospod-episode-52/ospod-episode-52_291.mp3
52_293,52,"Like, five different people when we were at ChiCon were like, Hey, I started watching Reboot on your recommendation. I'm like, Oh my God, you do exist. I know it.",0,/Users/minjoolee/Downloads/MUStARD/PodSarc/all_processed/overly-sarcastic-podcast__ospod-episode-52/ospod-episode-52_293.mp3
52_297,52,"When, when I got COVID in the spring, I was in that, like, first wave of like, wait a minute. Rebound cases are a thing. Oh no. So the first time I'm like,",0,/Users/minjoolee/Downloads/MUStARD/PodSarc/all_processed/overly-sarcastic-podcast__ospod-episode-52/ospod-episode-52_297.mp3
52_300,52,"Cause that's how, like, I spite being sick by being productive anyway. Not because I feel like I need to tie my worth to productivity, but it's like,",0,/Users/minjoolee/Downloads/MUStARD/PodSarc/all_processed/overly-sarcastic-podcast__ospod-episode-52/ospod-episode-52_300.mp3
52_301,52,This makes me feel powerful that I have beaten you.,0,/Users/minjoolee/Downloads/MUStARD/PodSarc/all_processed/overly-sarcastic-podcast__ospod-episode-52/ospod-episode-52_301.mp3
52_302,52,"I've bested you in single combat and now you must relent. Battle in the center of the mind. Yes, yes, yes, yes, yes, yes.",1,/Users/minjoolee/Downloads/MUStARD/PodSarc/all_processed/overly-sarcastic-podcast__ospod-episode-52/ospod-episode-52_302.mp3
52_308,52,"The Last of Us Part 1 is one of my favorite games, probably ever. I will never play The Last of Us Part 2 because I have a vague understanding of what happens.",0,/Users/minjoolee/Downloads/MUStARD/PodSarc/all_processed/overly-sarcastic-podcast__ospod-episode-52/ospod-episode-52_308.mp3
52_314,52,"And I thought, okay, yeah, yeah, I don't mind that. But most zombie apocalypse stories don't do that. What they do is they whittle humanity down to like, we're just gonna stay on this one base, but if anyone ever leaves any of these gates open, we're all fucked. And it's like, okay.",1,/Users/minjoolee/Downloads/MUStARD/PodSarc/all_processed/overly-sarcastic-podcast__ospod-episode-52/ospod-episode-52_314.mp3
52_318,52,"zombie apocalypses are so annoying. I actually, I, I just used this as an example in a trope talk. I, um, actually finished recently. How crazy is that? Uh, but you won't see it for another couple of months, uh, of essentially when stories pay lip service to the concept of hope and then smack you in the face for believing in it. The what if episode about what if zombies, uh,",0,/Users/minjoolee/Downloads/MUStARD/PodSarc/all_processed/overly-sarcastic-podcast__ospod-episode-52/ospod-episode-52_318.mp3
52_321,52,"Uh, yeah, the good thing is, zombie apocalypses aren't real and can't happen that way, because, God.",1,/Users/minjoolee/Downloads/MUStARD/PodSarc/all_processed/overly-sarcastic-podcast__ospod-episode-52/ospod-episode-52_321.mp3
52_324,52,"You're done. As soon as that happens, it's game over. It's game. Any city's gonna collapse.",0,/Users/minjoolee/Downloads/MUStARD/PodSarc/all_processed/overly-sarcastic-podcast__ospod-episode-52/ospod-episode-52_324.mp3
52_325,52,"It's game, any city is gonna collapse.",0,/Users/minjoolee/Downloads/MUStARD/PodSarc/all_processed/overly-sarcastic-podcast__ospod-episode-52/ospod-episode-52_325.mp3
52_330,52,"Yeah, sorry to the, to the, the lovely person who asked this question. It's just that we...",0,/Users/minjoolee/Downloads/MUStARD/PodSarc/all_processed/overly-sarcastic-podcast__ospod-episode-52/ospod-episode-52_330.mp3
52_334,52,"Because it has to. The only zombie apocalypse story that I genuinely liked was one that had an actual, like, win condition. Uh, cause most, like, classic zombie apocalypses don't do that. Once you, it's like, oh, you're a zombie, so you're dead and then your body's falling apart. Like, even if you cure that, the person's dead.",0,/Users/minjoolee/Downloads/MUStARD/PodSarc/all_processed/overly-sarcastic-podcast__ospod-episode-52/ospod-episode-52_334.mp3
52_336,52,"And so they got to play all of the horrifying tropes straight. They got to do every single, like, person concealing a bite in the survivor hideout, who then converts the entire, like, cabal of survivors.",0,/Users/minjoolee/Downloads/MUStARD/PodSarc/all_processed/overly-sarcastic-podcast__ospod-episode-52/ospod-episode-52_336.mp3
52_340,52, Yeah. Mm-hm.,0,/Users/minjoolee/Downloads/MUStARD/PodSarc/all_processed/overly-sarcastic-podcast__ospod-episode-52/ospod-episode-52_340.mp3
52_342,52,"But, they're still in there, so you can't kill them, makes combat scenarios more interesting to write. Yeah. And you actually have a win condition, so it's not just will the protagonist get eaten, it's can they stop and undo this. So, uh, watch She-Ra Season 5. Yes. And the other four seasons too. And the other four seasons too.",0,/Users/minjoolee/Downloads/MUStARD/PodSarc/all_processed/overly-sarcastic-podcast__ospod-episode-52/ospod-episode-52_342.mp3
52_343,52,"Uh, and, uh, don't, uh, zombies are dumb. They're stupid. And read the Sonic IDW comics.",1,/Users/minjoolee/Downloads/MUStARD/PodSarc/all_processed/overly-sarcastic-podcast__ospod-episode-52/ospod-episode-52_343.mp3
52_347,52,"The focus is not placed on the zombie apocalypse scenario so much. Um, just to, just to give zombies a smidge of credit here, because I don't want to disregard them entirely, but I, I do, like, I get that you guys are saying the hopelessness of the standard scenario is extremely frustrating. I don't personally love it either.",0,/Users/minjoolee/Downloads/MUStARD/PodSarc/all_processed/overly-sarcastic-podcast__ospod-episode-52/ospod-episode-52_347.mp3
52_351,52,"guesswork. I don't necessarily know if, you know, you need to hear everything about it, but that's, you know, entirely fair.",0,/Users/minjoolee/Downloads/MUStARD/PodSarc/all_processed/overly-sarcastic-podcast__ospod-episode-52/ospod-episode-52_351.mp3
52_359,52,"Which is not, that's not, like, un-overcomeable. It's just.",0,/Users/minjoolee/Downloads/MUStARD/PodSarc/all_processed/overly-sarcastic-podcast__ospod-episode-52/ospod-episode-52_359.mp3
52_370,52,It's lazy. It feels lazy and it's just trying to screw over characters because there's really no expectation.,0,/Users/minjoolee/Downloads/MUStARD/PodSarc/all_processed/overly-sarcastic-podcast__ospod-episode-52/ospod-episode-52_370.mp3
52_371,52,"In the long term, that any of those guys are gonna survive. Like, that's not how zombie apocalypses work. That's not.",0,/Users/minjoolee/Downloads/MUStARD/PodSarc/all_processed/overly-sarcastic-podcast__ospod-episode-52/ospod-episode-52_371.mp3
52_376,52,"Yeah, and on that, uh, happy ending. Red, are you ready to take us out with this?",0,/Users/minjoolee/Downloads/MUStARD/PodSarc/all_processed/overly-sarcastic-podcast__ospod-episode-52/ospod-episode-52_376.mp3
52_379,52,"I know, but then I'd have to watch a bunch of them. No, I'm joking, I'm joking. Thank you all so much for listening. Uh, we'll be back in two weeks with another episode with the- Told It's Done! Yeah, with a guest. Uh, so that'll be cool.",0,/Users/minjoolee/Downloads/MUStARD/PodSarc/all_processed/overly-sarcastic-podcast__ospod-episode-52/ospod-episode-52_379.mp3
52_382,52,"Yeah, we had a couple detailed diatribes. We had the, uh, the one marvelous scene. Uh, we had the two million. One musical scene. And then the two million.",0,/Users/minjoolee/Downloads/MUStARD/PodSarc/all_processed/overly-sarcastic-podcast__ospod-episode-52/ospod-episode-52_382.mp3
52_383,52,"And then the two million video. But yes, we're basically back on track for, for more regularly scheduled content.",0,/Users/minjoolee/Downloads/MUStARD/PodSarc/all_processed/overly-sarcastic-podcast__ospod-episode-52/ospod-episode-52_383.mp3
53_0,53,"This is a long con, but I would basically...",0,/Users/minjoolee/Downloads/MUStARD/PodSarc/all_processed/overly-sarcastic-podcast__ospod-episode-53/ospod-episode-53_0.mp3
53_2,53,"years, and then I'd like to go away for like, like a couple months.",0,/Users/minjoolee/Downloads/MUStARD/PodSarc/all_processed/overly-sarcastic-podcast__ospod-episode-53/ospod-episode-53_2.mp3
53_7,53,"Yeah, yeah.",0,/Users/minjoolee/Downloads/MUStARD/PodSarc/all_processed/overly-sarcastic-podcast__ospod-episode-53/ospod-episode-53_7.mp3
53_11,53,"Yeah, I, I stumbled onto your channel, um, however many months back with your video on if you are a time traveler and happen to be going to the Coliseum, how do you get the good seats? And I saw that video. I'm like, I'm in, I'm in, show me everything. That could be more your shit if it tried. Yeah, exactly. So I'm a huge fan of your work. I love everything you do and I'm so excited to have you on the show today. I am ever so slightly worried. It's like sending in a really important assignment. It's like, Oh God, I hope they don't hate it.",0,/Users/minjoolee/Downloads/MUStARD/PodSarc/all_processed/overly-sarcastic-podcast__ospod-episode-53/ospod-episode-53_11.mp3
53_12,53,"But, uh, no, this is, uh, this is very fun. Oh, thanks so much.",0,/Users/minjoolee/Downloads/MUStARD/PodSarc/all_processed/overly-sarcastic-podcast__ospod-episode-53/ospod-episode-53_12.mp3
53_18,53,"I always feel like in the study of history, part of what makes it easy to sort of like have your eyes glaze over, and by you, I mean me, uh, is when it takes like a depersonalized top-down approach of like, here's 3000 years of history and here's the basic gist and like a couple important names that popped up.",0,/Users/minjoolee/Downloads/MUStARD/PodSarc/all_processed/overly-sarcastic-podcast__ospod-episode-53/ospod-episode-53_18.mp3
53_20,53,"Rather than the sum total of all of human experience, which we are living right now.",0,/Users/minjoolee/Downloads/MUStARD/PodSarc/all_processed/overly-sarcastic-podcast__ospod-episode-53/ospod-episode-53_20.mp3
53_23,53,"Yeah, and if you break your bones getting into a scuffle in said bat neighborhood at 9pm, what kind of medical care are you gonna be getting? Yeah!",1,/Users/minjoolee/Downloads/MUStARD/PodSarc/all_processed/overly-sarcastic-podcast__ospod-episode-53/ospod-episode-53_23.mp3
53_24,53,"Hey, here's why you'll die from that medical care. Yeah. And, uh, exactly. Like the whole idea that this will be on the test is the attitude you approach history from, uh, just ruins so many people. Um, you know, it ruins history in the minds of so many people. And so if I can dispel some of that, then I'm doing the right thing on YouTube.",0,/Users/minjoolee/Downloads/MUStARD/PodSarc/all_processed/overly-sarcastic-podcast__ospod-episode-53/ospod-episode-53_24.mp3
53_27,53,"Yeah, but, um, well, fun stuff. Reasons I, I love doing this job so much. But, uh, Redd, uh, jumping onto the other side of the world, uh, you had a video most recently on the myth of Tokoyo and the sea monster. This is the kind of myth that I feel like a lot of other",0,/Users/minjoolee/Downloads/MUStARD/PodSarc/all_processed/overly-sarcastic-podcast__ospod-episode-53/ospod-episode-53_27.mp3
53_28,53,"More famous myths trace their mythological lineage back to, you know? That's kind of the vibe I got on this one.",0,/Users/minjoolee/Downloads/MUStARD/PodSarc/all_processed/overly-sarcastic-podcast__ospod-episode-53/ospod-episode-53_28.mp3
53_38,53,"Um, but yeah, no, it was, uh, it was cool. It was one of those myths slash folktales where, like, it's pretty short. I sort of needed to, you know, stretch it out just a smidge to get anything worthy of like a video out of it.",0,/Users/minjoolee/Downloads/MUStARD/PodSarc/all_processed/overly-sarcastic-podcast__ospod-episode-53/ospod-episode-53_38.mp3
53_48,53,"1470 during the Sengoku period found this really, really big fish.",1,/Users/minjoolee/Downloads/MUStARD/PodSarc/all_processed/overly-sarcastic-podcast__ospod-episode-53/ospod-episode-53_48.mp3
53_55,53,"You hit a wall. There's nothing about that. There's no context. There's no who told the story, who told these groups of stories. You don't get anything like that. So you sort of just end up hitting a wall about like,",0,/Users/minjoolee/Downloads/MUStARD/PodSarc/all_processed/overly-sarcastic-podcast__ospod-episode-53/ospod-episode-53_55.mp3
53_77,53,"I can't, I mean, you know, the, to the historians on this call, like, you know, there's never enough context. You can never put everything into one video. So.",1,/Users/minjoolee/Downloads/MUStARD/PodSarc/all_processed/overly-sarcastic-podcast__ospod-episode-53/ospod-episode-53_77.mp3
53_78,53,"You know, it's kind of like, where do I cut myself off? Where do I stop? And the answer is, you kind of have to make that call because you're never going to reach a point where you're like, that's it. I've done it. Everything there is to know about Rome.",1,/Users/minjoolee/Downloads/MUStARD/PodSarc/all_processed/overly-sarcastic-podcast__ospod-episode-53/ospod-episode-53_78.mp3
53_83,53,"that, that context would have really made it seem much more powerful when he showed up and started wearing kimonos and posing. Anyway, uh, so yeah, that, that about covers my side of things. Uh, I feel like the rest of this is probably gonna be a little more heavily historically skewed, uh, which is good. Alright, let's go.",0,/Users/minjoolee/Downloads/MUStARD/PodSarc/all_processed/overly-sarcastic-podcast__ospod-episode-53/ospod-episode-53_83.mp3
53_84,53,"Which is good. Let's go, Garrett. Let's go! A limbering up over here. Yeah, so. I, I had. Oh, sorry. That, uh, that infinite carpet of research summarizes my grad school experience pretty aptly. Ah, yes. So, I do sympathize.",0,/Users/minjoolee/Downloads/MUStARD/PodSarc/all_processed/overly-sarcastic-podcast__ospod-episode-53/ospod-episode-53_84.mp3
53_96,53,"All this stuff that I, even still, I didn't even touch any of that. It's like, just as he's emperor, how does he justify him being a king? Apparently, with some, some temples and stuff.",1,/Users/minjoolee/Downloads/MUStARD/PodSarc/all_processed/overly-sarcastic-podcast__ospod-episode-53/ospod-episode-53_96.mp3
53_97,53,"I, I enjoyed it, but oh man, that was, that was a big one. That, that video, I, I could definitely feel like running away from me under my feet and I only barely was able to kind of like lasso it into place by the time I got to the, the end of page three on the script and I'm like, no, we're done, we're done. This is where it ends.",0,/Users/minjoolee/Downloads/MUStARD/PodSarc/all_processed/overly-sarcastic-podcast__ospod-episode-53/ospod-episode-53_97.mp3
53_102,53,"outside, why it's cool. So there needs to be just enough context to be like, no, no, you don't understand. This is actually very notable because of like, you know, 500 years of other stuff. But trust me, this is gonna be good. It's gonna be worth it. And striking that balance to like, keep an audience not bored is, uh, it's the razor thin line that we walk every day.",0,/Users/minjoolee/Downloads/MUStARD/PodSarc/all_processed/overly-sarcastic-podcast__ospod-episode-53/ospod-episode-53_102.mp3
53_117,53,"Yeah, no, absolutely. I mean, I haven't gotten a handle on it yet. And I, I should know what I'm doing at this point, after all those, you know, desperate years of grad school, right? Uh, but, um, you know, even, you know, just for the sheer scale of ancient city, you know, there's, you may have seen it before. There's this on the outskirts of the old city, a place called Monte Distaccio. It's about 150 foot high.",0,/Users/minjoolee/Downloads/MUStARD/PodSarc/all_processed/overly-sarcastic-podcast__ospod-episode-53/ospod-episode-53_117.mp3
53_126,53,"Oh, that hurts me. But I understand why. It's like, there's too much of it, you know? Yeah, I mean, it's just different.",0,/Users/minjoolee/Downloads/MUStARD/PodSarc/all_processed/overly-sarcastic-podcast__ospod-episode-53/ospod-episode-53_126.mp3
53_129,53,Very not accustomed to there being layers and layers of known history everywhere I go.,0,/Users/minjoolee/Downloads/MUStARD/PodSarc/all_processed/overly-sarcastic-podcast__ospod-episode-53/ospod-episode-53_129.mp3
53_130,53,"Like, obviously, America has been populated for a very long time, but as part of the colonial effort, there was like a concerted effort to sort of sweep all that under the rug and be like, Oh, it was untamed nature before we got here. Just miles of forests and deer and nobody else. Uh, so like, you don't.",1,/Users/minjoolee/Downloads/MUStARD/PodSarc/all_processed/overly-sarcastic-podcast__ospod-episode-53/ospod-episode-53_130.mp3
53_133,53,"covered in dirt, and now it's part of the landscape. You just don't get, you know.",0,/Users/minjoolee/Downloads/MUStARD/PodSarc/all_processed/overly-sarcastic-podcast__ospod-episode-53/ospod-episode-53_133.mp3
53_136,53,"and some dirt just kinda starts growing over it, and now that's a hill.",0,/Users/minjoolee/Downloads/MUStARD/PodSarc/all_processed/overly-sarcastic-podcast__ospod-episode-53/ospod-episode-53_136.mp3
53_138,53,"Well, there's that thing about that, like, mosaic they found under, like, a, a field in a farm. It's just like a mosaic that used to be a floor. Yeah. Yeah. All the time.",0,/Users/minjoolee/Downloads/MUStARD/PodSarc/all_processed/overly-sarcastic-podcast__ospod-episode-53/ospod-episode-53_138.mp3
53_144,53,"five, forty-three, population zero after the Physicots kicked them out. Um, yeah, literally abandoned for a couple months. Um, but like, when, when the population retracts that much, there's just so much stuff that's going to be unused. And even a couple generations, like, Red, you joke, but like, yeah, it's like, that's Gaia's now. No one's using that house cause they're not enough people to need that house. So, and then a hundred years later when it's like, oh, we could actually use that house. It's like, oh, there's just dirt on the floor. Okay. Weird. Whatever. And then you wouldn't even think to dig down.",1,/Users/minjoolee/Downloads/MUStARD/PodSarc/all_processed/overly-sarcastic-podcast__ospod-episode-53/ospod-episode-53_144.mp3
53_147,53,"Well, actually, you can see it in Detroit. Um, I, I worked there for a while. Um, well, you go look on the roof of like an abandoned building, you see these, the roof trees, you know, growing up along the edges of the, the eaves. Yeah. In windblown dust. That's the beginning of Gaia reclaiming her own. Yeah. What's interesting is.",0,/Users/minjoolee/Downloads/MUStARD/PodSarc/all_processed/overly-sarcastic-podcast__ospod-episode-53/ospod-episode-53_147.mp3
53_148,53,"What's interesting is I, I take a lot of trains and trains tend to cut through more unused parts of cities. So I see a lot of the sort of back end and it's like, that's just a whole, like half a warehouse. Cause the rest of it was burned down a while ago, it looks like, and nobody's done anything about it. So, okay then. So.",0,/Users/minjoolee/Downloads/MUStARD/PodSarc/all_processed/overly-sarcastic-podcast__ospod-episode-53/ospod-episode-53_148.mp3
53_151,53,"Thriving and built up cities where the problem is that there's not enough space for all the new stuff rather than there's so much old stuff that's just kind of falling over because nobody's, nobody wants to do anything with it. That's unheard of to me. So.",0,/Users/minjoolee/Downloads/MUStARD/PodSarc/all_processed/overly-sarcastic-podcast__ospod-episode-53/ospod-episode-53_151.mp3
53_156,53,"That was not street level. Uh, so, and it used to be raised on a pedestal, um, in the ancient day. Yeah. So absolutely wild. But one of the things I did want to mention specifically on the, the, the subject of like Augustan propaganda specifically, because that was kind of the through line. And I tried to like, every time I said like, this is really cool. I like made a point to undercut myself and say, and this is propaganda used to justify a political regime.",1,/Users/minjoolee/Downloads/MUStARD/PodSarc/all_processed/overly-sarcastic-podcast__ospod-episode-53/ospod-episode-53_156.mp3
53_157,53,"at various people's expense, uh, and you know, it's very easy to say, you know, Rome before Augustus, not a fun place to live, Rome after Augustus, maybe a better place to live.",1,/Users/minjoolee/Downloads/MUStARD/PodSarc/all_processed/overly-sarcastic-podcast__ospod-episode-53/ospod-episode-53_157.mp3
53_160,53,"No, those were the features. The oppression of people outside of the city of Rome who can do things for us through their labor and, like, exploitation.",0,/Users/minjoolee/Downloads/MUStARD/PodSarc/all_processed/overly-sarcastic-podcast__ospod-episode-53/ospod-episode-53_160.mp3
53_165,53,"But if you look back in the right places, you will find that pretty much at all points in history, there have been people advocating for what we consider modern standards. Like, hey, maybe enslaving people is bad. Hey, maybe people should have bodily autonomy. Maybe we shouldn't just keep conquering people. Maybe that's bad, actually. There, this argument is ongoing.",0,/Users/minjoolee/Downloads/MUStARD/PodSarc/all_processed/overly-sarcastic-podcast__ospod-episode-53/ospod-episode-53_165.mp3
53_168,53,"I swear, there's nothing that will make me dismiss you faster than, we can't hold old stuff to the standards of new stuff. Why can't we use our current knowledge?",0,/Users/minjoolee/Downloads/MUStARD/PodSarc/all_processed/overly-sarcastic-podcast__ospod-episode-53/ospod-episode-53_168.mp3
53_169,53,"Why, why are you limiting yourself like that? Whatever. Anyway, I'm preaching to the choir here. I'm sorry. You guys need to be convinced that people should be studying history.",0,/Users/minjoolee/Downloads/MUStARD/PodSarc/all_processed/overly-sarcastic-podcast__ospod-episode-53/ospod-episode-53_169.mp3
53_170,53,"We're, we're in too deep, whatever. But, uh, yeah, so that was, that was my nonsense for, for the past week. I, I had a good time with that one. I, I enjoyed it a lot. Um, it's, it's always a treat to talk about architecture, of course. I'm getting, I'm getting pegged as, as, uh, an architecture bitch, and it's not, it's not wrong. Uh, no, I'm, you know, given the context of what I just said, I'll, I'll let that one stand.",0,/Users/minjoolee/Downloads/MUStARD/PodSarc/all_processed/overly-sarcastic-podcast__ospod-episode-53/ospod-episode-53_170.mp3
53_173,53,"Yeah, yeah, we're stuck in. So, uh, Garrett, um, what would you like to tell us about either one of your most recent videos? Um, either something you've got coming up? Um, what do you want to chat about? You got a captive audience.",0,/Users/minjoolee/Downloads/MUStARD/PodSarc/all_processed/overly-sarcastic-podcast__ospod-episode-53/ospod-episode-53_173.mp3
53_174,53,"Alright, yeah, dangerous place. I used to lecture, of course, college students. Oh no. This is a comfortable space for me.",0,/Users/minjoolee/Downloads/MUStARD/PodSarc/all_processed/overly-sarcastic-podcast__ospod-episode-53/ospod-episode-53_174.mp3
53_179,53,"You know, of course, those are pretty spectacular, so, you know, they kind of overshadow the rest. But, um, in fact, three in bathtubs, or in baths, rather, that was a surprising fact, right?",0,/Users/minjoolee/Downloads/MUStARD/PodSarc/all_processed/overly-sarcastic-podcast__ospod-episode-53/ospod-episode-53_179.mp3
53_180,53,"Because communism is one, I don't know who the other two are off the top of my heads.",0,/Users/minjoolee/Downloads/MUStARD/PodSarc/all_processed/overly-sarcastic-podcast__ospod-episode-53/ospod-episode-53_180.mp3
53_181,53,"It's like, if you're gonna kill someone, you're gonna pick a time where they are defenseless and probably unarmed and unguarded. So that does actually, that tracks. If anything, I'm surprised that's not higher.",0,/Users/minjoolee/Downloads/MUStARD/PodSarc/all_processed/overly-sarcastic-podcast__ospod-episode-53/ospod-episode-53_181.mp3
53_182,53,"Oh, right, yeah, yeah, so, like, like, comments like you said is strangled kind of like in his palace bath. Um, another guy is just kind of drowned by his wife's minions as he's laying in the bathtub. Oh. Uh, an empress is suffocated by having the doors slam shut on the bath and they crank the heat up and then she just, you know, dies of dehydration. Jesus.",0,/Users/minjoolee/Downloads/MUStARD/PodSarc/all_processed/overly-sarcastic-podcast__ospod-episode-53/ospod-episode-53_182.mp3
53_183,53,"And, uh, one guy is actually brained with a bath bucket. They have like a, in the sauna, they have like a wooden bucket. They just knock him over the head with it.",1,/Users/minjoolee/Downloads/MUStARD/PodSarc/all_processed/overly-sarcastic-podcast__ospod-episode-53/ospod-episode-53_183.mp3
53_184,53,"No, no, it's like, well, we've got a bucket. And so, so anyway, um, it was.",0,/Users/minjoolee/Downloads/MUStARD/PodSarc/all_processed/overly-sarcastic-podcast__ospod-episode-53/ospod-episode-53_184.mp3
53_190,53,"starting with Augustus, so Caesar doesn't count, we don't start off at double speed. Um, I think the empire ends in like, like, 67 or 69 AD. Um, because the year of the four emperors, like, boom, it's basically over after that. Um, so it's like, oh my God. And then, you know, even though there's like 400 years before the fall of the West, forgetting the Byzantines entirely, in like that,",1,/Users/minjoolee/Downloads/MUStARD/PodSarc/all_processed/overly-sarcastic-podcast__ospod-episode-53/ospod-episode-53_190.mp3
53_191,53,That elapses within like a year once you have that many multipliers on.,0,/Users/minjoolee/Downloads/MUStARD/PodSarc/all_processed/overly-sarcastic-podcast__ospod-episode-53/ospod-episode-53_191.mp3
53_193,53,"Oh, yeah.",0,/Users/minjoolee/Downloads/MUStARD/PodSarc/all_processed/overly-sarcastic-podcast__ospod-episode-53/ospod-episode-53_193.mp3
53_195,53,"That was a huge industry in the evil period where they were like, okay, well, the only thing we can make is, is lime for plaster, so let's get those statues and smash them up.",1,/Users/minjoolee/Downloads/MUStARD/PodSarc/all_processed/overly-sarcastic-podcast__ospod-episode-53/ospod-episode-53_195.mp3
53_196,53,"That's actually a great story, too. I'm sure you've read it before. Um, so with the, the, uh,",0,/Users/minjoolee/Downloads/MUStARD/PodSarc/all_processed/overly-sarcastic-podcast__ospod-episode-53/ospod-episode-53_196.mp3
53_198,53,I think I had repressed that because it was sad.,1,/Users/minjoolee/Downloads/MUStARD/PodSarc/all_processed/overly-sarcastic-podcast__ospod-episode-53/ospod-episode-53_198.mp3
53_202,53,"And that was another thing that, of course, some of these are smashed deliberately. In Egypt, in particular, there's this idea that the spirit inside a statue breathes through the nose. And if you smash the nose, it kills the statue. Oh, wow.",0,/Users/minjoolee/Downloads/MUStARD/PodSarc/all_processed/overly-sarcastic-podcast__ospod-episode-53/ospod-episode-53_202.mp3
53_211,53,"I've been trying to be so cool about it, but she's just chilling. She's just going for it.",1,/Users/minjoolee/Downloads/MUStARD/PodSarc/all_processed/overly-sarcastic-podcast__ospod-episode-53/ospod-episode-53_211.mp3
53_212,53,"Yeah. Uh, I'm, I'm very excited to see that one. Uh, that should be, that should be a fun one. Oh, thank you. Yeah. That should be fun to make too. Hopefully.",0,/Users/minjoolee/Downloads/MUStARD/PodSarc/all_processed/overly-sarcastic-podcast__ospod-episode-53/ospod-episode-53_212.mp3
53_213,53,"And speaking of, uh, I believe we've just entered the plugs part of the podcast. So where can people watch this upcoming video?",0,/Users/minjoolee/Downloads/MUStARD/PodSarc/all_processed/overly-sarcastic-podcast__ospod-episode-53/ospod-episode-53_213.mp3
53_214,53,"Well, I'm so glad you asked. Um, and that is on, uh, Tolandstone is my YouTube channel.",1,/Users/minjoolee/Downloads/MUStARD/PodSarc/all_processed/overly-sarcastic-podcast__ospod-episode-53/ospod-episode-53_214.mp3
53_215,53,"Um, and, uh, I have a book as well, which I plug relentlessly. So if you watch a single video through, you'll see that. But just to head that off at the pass, that is, uh, naked statues, fat gladiators, and war elephants. Uh, and it answers, um, a series of frequently asked questions about the Greeks and Romans, such as, um,",1,/Users/minjoolee/Downloads/MUStARD/PodSarc/all_processed/overly-sarcastic-podcast__ospod-episode-53/ospod-episode-53_215.mp3
53_229,53,I haven't bookmarked any sites as notably untrustworthy because I mistrust all websites on principle.,1,/Users/minjoolee/Downloads/MUStARD/PodSarc/all_processed/overly-sarcastic-podcast__ospod-episode-53/ospod-episode-53_229.mp3
53_233,53,"But yeah, that's basically me covered. Perseus Tufts, Project Gutenberg Archive.org. So.",0,/Users/minjoolee/Downloads/MUStARD/PodSarc/all_processed/overly-sarcastic-podcast__ospod-episode-53/ospod-episode-53_233.mp3
53_240,53,Mm-hm.,0,/Users/minjoolee/Downloads/MUStARD/PodSarc/all_processed/overly-sarcastic-podcast__ospod-episode-53/ospod-episode-53_240.mp3
53_243,53,"You know, if you have a text that you're reading through, whether it's a history or a literature or whatever else, or a mythology book, um, like, you know, a copy of the Alien and the Odyssey, and it comes with an introduction, read the introduction! Odds are it's gonna be better than whatever nonsense you can find online.",1,/Users/minjoolee/Downloads/MUStARD/PodSarc/all_processed/overly-sarcastic-podcast__ospod-episode-53/ospod-episode-53_243.mp3
53_245,53,"Tumblr, god damn it, Tumblr.",0,/Users/minjoolee/Downloads/MUStARD/PodSarc/all_processed/overly-sarcastic-podcast__ospod-episode-53/ospod-episode-53_245.mp3
53_246,53,"Anytime there's a post on Tumblr that's like, here's a thing about mythology or here's a fun, real fact about history. Every time I'm like, this is funny. And I send it to Blue and you're like, Oh my God, this again. Oh, the misinformation boils my blood. And I'm like, yeah, it's pretty dumb.",0,/Users/minjoolee/Downloads/MUStARD/PodSarc/all_processed/overly-sarcastic-podcast__ospod-episode-53/ospod-episode-53_246.mp3
53_249,53,"It's, it's so funny.",0,/Users/minjoolee/Downloads/MUStARD/PodSarc/all_processed/overly-sarcastic-podcast__ospod-episode-53/ospod-episode-53_249.mp3
53_259,53,"I forgot the guy's name, exactly.",0,/Users/minjoolee/Downloads/MUStARD/PodSarc/all_processed/overly-sarcastic-podcast__ospod-episode-53/ospod-episode-53_259.mp3
53_263,53,"I, I, I shouldn't speak too aggressively and too loudly in the presence of someone who knows so much more about Ephesus than I do, but that was the one that I was like, oh my gosh, you guys, don't, don't come with this stuff, this is bad.",0,/Users/minjoolee/Downloads/MUStARD/PodSarc/all_processed/overly-sarcastic-podcast__ospod-episode-53/ospod-episode-53_263.mp3
53_270,53,"Exactly. Oh, God. Well, kind of related to the conversation.",0,/Users/minjoolee/Downloads/MUStARD/PodSarc/all_processed/overly-sarcastic-podcast__ospod-episode-53/ospod-episode-53_270.mp3
53_280,53,"Oh, man. Oh, that's a classic. Yeah. Um, I, I would.",0,/Users/minjoolee/Downloads/MUStARD/PodSarc/all_processed/overly-sarcastic-podcast__ospod-episode-53/ospod-episode-53_280.mp3
53_282,53,"Yeah, yeah.",0,/Users/minjoolee/Downloads/MUStARD/PodSarc/all_processed/overly-sarcastic-podcast__ospod-episode-53/ospod-episode-53_282.mp3
53_292,53,"Yeah, yeah, put a little pause in front of hand.",0,/Users/minjoolee/Downloads/MUStARD/PodSarc/all_processed/overly-sarcastic-podcast__ospod-episode-53/ospod-episode-53_292.mp3
53_296,53,That's a fun one. Yeah.,0,/Users/minjoolee/Downloads/MUStARD/PodSarc/all_processed/overly-sarcastic-podcast__ospod-episode-53/ospod-episode-53_296.mp3
53_306,53,Okay. That's wholesome. Yes.,0,/Users/minjoolee/Downloads/MUStARD/PodSarc/all_processed/overly-sarcastic-podcast__ospod-episode-53/ospod-episode-53_306.mp3
53_309,53,"It's so funny that people think I'm an angrier person than you are, just because when you get mad, it's a rare occasion, but the spikes are so much higher. Oh, God.",0,/Users/minjoolee/Downloads/MUStARD/PodSarc/all_processed/overly-sarcastic-podcast__ospod-episode-53/ospod-episode-53_309.mp3
53_310,53,"Yeah, I don't know. Um, I think, like, getting together with the bros around a campfire and just like shit talking for hours. Yeah, that one's always fun. Um, just a good, like, honestly, the,",0,/Users/minjoolee/Downloads/MUStARD/PodSarc/all_processed/overly-sarcastic-podcast__ospod-episode-53/ospod-episode-53_310.mp3
53_313,53,"Obviously. Uh, and it's just cool to me that that seems to be one of the oldest things we've ever done. You know?",0,/Users/minjoolee/Downloads/MUStARD/PodSarc/all_processed/overly-sarcastic-podcast__ospod-episode-53/ospod-episode-53_313.mp3
53_314,53,"Bards and storytellers and, and all that jazz. That's, that's old shit.",0,/Users/minjoolee/Downloads/MUStARD/PodSarc/all_processed/overly-sarcastic-podcast__ospod-episode-53/ospod-episode-53_314.mp3
53_323,53,"I also like that, uh, the, the tradition of, like, scathing reviews of bad media is old. Because, like, oh, what was this about? Uh, I was, I was looking into,",0,/Users/minjoolee/Downloads/MUStARD/PodSarc/all_processed/overly-sarcastic-podcast__ospod-episode-53/ospod-episode-53_323.mp3
53_326,53,"Oh, yes.",0,/Users/minjoolee/Downloads/MUStARD/PodSarc/all_processed/overly-sarcastic-podcast__ospod-episode-53/ospod-episode-53_326.mp3
53_327,53,"comparing it to like, a washing woman or something like that, ringing something out. And it's like, what are you doing, man? And I'm like, yes, yes, give it to me. Uh, so I, I love that, um,",0,/Users/minjoolee/Downloads/MUStARD/PodSarc/all_processed/overly-sarcastic-podcast__ospod-episode-53/ospod-episode-53_327.mp3
53_330,53,"I, I love that that has been so consistent. People just are really want to make sure that this wall has a permanent marker of them. And I think that that's so cool. Uh, but the tradition that I have never. Kids doodling on their home.",0,/Users/minjoolee/Downloads/MUStARD/PodSarc/all_processed/overly-sarcastic-podcast__ospod-episode-53/ospod-episode-53_330.mp3
53_333,53,"Okay, but like, if you were that person, and then the boat sank.",0,/Users/minjoolee/Downloads/MUStARD/PodSarc/all_processed/overly-sarcastic-podcast__ospod-episode-53/ospod-episode-53_333.mp3
53_338,53,"Um, like, good stuff. Love the tradition. So this next question comes from Bimir Heghi.",0,/Users/minjoolee/Downloads/MUStARD/PodSarc/all_processed/overly-sarcastic-podcast__ospod-episode-53/ospod-episode-53_338.mp3
53_341,53,"Like, the important bits, but every time you notice more stuff, like I think I was three rewatches in before I was like, there's a train whistle in the ending of every opening, and that means something. Um, but when I was little, the thing I went back to every year was Scary Godmother, the comics, not the terrifying 3D animated movie.",1,/Users/minjoolee/Downloads/MUStARD/PodSarc/all_processed/overly-sarcastic-podcast__ospod-episode-53/ospod-episode-53_341.mp3
53_348,53,"There's like, there's that kind of prose, like, right around the turn of like, the, the 1900s, where like, everybody was a really good writer.",0,/Users/minjoolee/Downloads/MUStARD/PodSarc/all_processed/overly-sarcastic-podcast__ospod-episode-53/ospod-episode-53_348.mp3
53_349,53,"Just casually. It's like, man, I miss that. Yeah, I was.",0,/Users/minjoolee/Downloads/MUStARD/PodSarc/all_processed/overly-sarcastic-podcast__ospod-episode-53/ospod-episode-53_349.mp3
53_352,53,"Creative Commons, no licensing stuff that you can put in the background of episodes of other stuff. So it feels seasonally appropriate to watch it as though I am living in a different movie. Oh, of course. I don't know if that makes sense.",1,/Users/minjoolee/Downloads/MUStARD/PodSarc/all_processed/overly-sarcastic-podcast__ospod-episode-53/ospod-episode-53_352.mp3
53_354,53,"It's the best. It's just, it's just Halloween Dante. It's perfect.",0,/Users/minjoolee/Downloads/MUStARD/PodSarc/all_processed/overly-sarcastic-podcast__ospod-episode-53/ospod-episode-53_354.mp3
53_355,53,"It really captures a lot of what I love about the season, uh, in that it is very cute and very whimsical and very autumnal and bone-wrenchingly horrifying the more you think about it. And I just love a good piece of media that can really pull off both sides of that coin.",0,/Users/minjoolee/Downloads/MUStARD/PodSarc/all_processed/overly-sarcastic-podcast__ospod-episode-53/ospod-episode-53_355.mp3
53_358,53,"metric, where it's like, if the events didn't happen to the letter, it's inaccurate. So, like, gladiator is inaccurate. You know, it didn't happen that way.",0,/Users/minjoolee/Downloads/MUStARD/PodSarc/all_processed/overly-sarcastic-podcast__ospod-episode-53/ospod-episode-53_358.mp3
53_366,53,"That's, that's not how this specifically played out. And it's like, yeah, that's a little stupid. That's like the pretense of the story. You know, that's, that's just suspension of disbelief at that point. But sometimes it's like, alright.",1,/Users/minjoolee/Downloads/MUStARD/PodSarc/all_processed/overly-sarcastic-podcast__ospod-episode-53/ospod-episode-53_366.mp3
53_367,53,I don't like that you're trying to justify that you included this weird or gross thing under the banner of It's Authentic when it isn't.,0,/Users/minjoolee/Downloads/MUStARD/PodSarc/all_processed/overly-sarcastic-podcast__ospod-episode-53/ospod-episode-53_367.mp3
53_368,53,"Much larger discussion about Kingdom Come Deliverance specifically. Oh, really?",0,/Users/minjoolee/Downloads/MUStARD/PodSarc/all_processed/overly-sarcastic-podcast__ospod-episode-53/ospod-episode-53_368.mp3
53_374,53,"It can be kind of fun to just sort of score points off of a piece of media, which is why I'm a little suspicious of the easy criticism, but sometimes it's like,",0,/Users/minjoolee/Downloads/MUStARD/PodSarc/all_processed/overly-sarcastic-podcast__ospod-episode-53/ospod-episode-53_374.mp3
53_375,53,"No, that was stupid. And I don't like that you're pretending like that was historical when it wasn't. Like that's, that's what makes it not work for me. It's like, if you're lying to me, I'm going to get mad. But if you're just kind of letting the story stand, then I don't mind that so much. Yeah.",0,/Users/minjoolee/Downloads/MUStARD/PodSarc/all_processed/overly-sarcastic-podcast__ospod-episode-53/ospod-episode-53_375.mp3
53_377,53,Mm-hm.,0,/Users/minjoolee/Downloads/MUStARD/PodSarc/all_processed/overly-sarcastic-podcast__ospod-episode-53/ospod-episode-53_377.mp3
53_378,53,"Yeah, yeah.",0,/Users/minjoolee/Downloads/MUStARD/PodSarc/all_processed/overly-sarcastic-podcast__ospod-episode-53/ospod-episode-53_378.mp3
53_380,53,"The absolute comfort and strangeness of returning from a place of constant anxiety and stress and nightmares to home. And I was like, ooh, the World War I veterans.",0,/Users/minjoolee/Downloads/MUStARD/PodSarc/all_processed/overly-sarcastic-podcast__ospod-episode-53/ospod-episode-53_380.mp3
53_388,53,"That is basically the card they play of like, look, it's gritty, it's realistic, it's like, no, this is less descriptive of actual medieval historical systems than Tolkien, because Tolkien understood how, you know, how states operated, um, how, um, you know, like, lands,",1,/Users/minjoolee/Downloads/MUStARD/PodSarc/all_processed/overly-sarcastic-podcast__ospod-episode-53/ospod-episode-53_388.mp3
53_395,53,"People enjoy it. It's good. Like, I'm, I'm just worried for what will happen. Yeah.",0,/Users/minjoolee/Downloads/MUStARD/PodSarc/all_processed/overly-sarcastic-podcast__ospod-episode-53/ospod-episode-53_395.mp3
53_401,53,"Yep, uh, I am watching House of the Dragon, but I'm waiting until it's over to cast any judgment on it, because I'm like, I remember what happened last time when I watched The Throne's, and I'm not gonna be taking any statements ahead of time.",1,/Users/minjoolee/Downloads/MUStARD/PodSarc/all_processed/overly-sarcastic-podcast__ospod-episode-53/ospod-episode-53_401.mp3
53_403,53,"I want rings of power to be good. I was a little turned away when they were like, here are all my elf boys. And I was like,",1,/Users/minjoolee/Downloads/MUStARD/PodSarc/all_processed/overly-sarcastic-podcast__ospod-episode-53/ospod-episode-53_403.mp3
53_407,53,"Love this design though. Damn. Yeah, lots of money.",0,/Users/minjoolee/Downloads/MUStARD/PodSarc/all_processed/overly-sarcastic-podcast__ospod-episode-53/ospod-episode-53_407.mp3
53_415,53,"I'm, I'm exhausted and I'm starving and my entire body hurts because I haven't moved in eight hours, but I'm going to sleep so well tonight because I finally feel like I did as much as I could have done in that. And on the flip side.",0,/Users/minjoolee/Downloads/MUStARD/PodSarc/all_processed/overly-sarcastic-podcast__ospod-episode-53/ospod-episode-53_415.mp3
53_417,53,reach my full potential and do absolutely everything I could conceivably do. I'm like.,0,/Users/minjoolee/Downloads/MUStARD/PodSarc/all_processed/overly-sarcastic-podcast__ospod-episode-53/ospod-episode-53_417.mp3
53_420,53,"I would probably have to say that mine is my pathological inability to relax, ever. Um, because like, if, if I could be doing something,",1,/Users/minjoolee/Downloads/MUStARD/PodSarc/all_processed/overly-sarcastic-podcast__ospod-episode-53/ospod-episode-53_420.mp3
53_421,53,"I'm gonna wanna do that thing, and I can only relax if I am so exhausted that I literally cannot do anything else at which point I just fall asleep, or if I am traveling, and I have not been traveling lately, so I essentially am just like, well, I could either play video games, or just do more stuff.",0,/Users/minjoolee/Downloads/MUStARD/PodSarc/all_processed/overly-sarcastic-podcast__ospod-episode-53/ospod-episode-53_421.mp3
53_423,53,"Yeah, and you know, I personally keep a lot of project plate spinning specifically because that way when I am doing work, I can like,",0,/Users/minjoolee/Downloads/MUStARD/PodSarc/all_processed/overly-sarcastic-podcast__ospod-episode-53/ospod-episode-53_423.mp3
53_424,53,"I'm like, Oh, I'm tired of this. I got to put it down and do this other work instead. Uh, cause that way it can all be progress.",0,/Users/minjoolee/Downloads/MUStARD/PodSarc/all_processed/overly-sarcastic-podcast__ospod-episode-53/ospod-episode-53_424.mp3
53_426,53,"Do we have any, like, smaller superpowers that are less just like, my work ethic, the way my brain works, you know, little things?",1,/Users/minjoolee/Downloads/MUStARD/PodSarc/all_processed/overly-sarcastic-podcast__ospod-episode-53/ospod-episode-53_426.mp3
53_428,53,"I catch on within, like, a bar of the intro. Like, oh, it's this. Cool. That guy's playing Careless Whisper on the saxophone. That's great.",0,/Users/minjoolee/Downloads/MUStARD/PodSarc/all_processed/overly-sarcastic-podcast__ospod-episode-53/ospod-episode-53_428.mp3
53_437,53,"Yeah, I used to do a quiz bowl in college, you know, that the Team Jeopardy thing. And so, yeah, that's the greatest attribute you can have. Honestly, I think that kind of fly paper memory. Things just kind of stick to it. It's like, why is that still there?",0,/Users/minjoolee/Downloads/MUStARD/PodSarc/all_processed/overly-sarcastic-podcast__ospod-episode-53/ospod-episode-53_437.mp3
53_438,53,"Yeah, I have a similar blessing or curse. I don't know. But yeah, these little things that stick in there. It's like, oh, and often when I'm writing a chapter or writing a video, right. These little.",0,/Users/minjoolee/Downloads/MUStARD/PodSarc/all_processed/overly-sarcastic-podcast__ospod-episode-53/ospod-episode-53_438.mp3
54_2,54,"He peels off on a motorcycle and he's just yelling, I'm the joker!",1,/Users/minjoolee/Downloads/MUStARD/PodSarc/all_processed/overly-sarcastic-podcast__ospod-episode-54/ospod-episode-54_2.mp3
54_7,54,I got a full mug of coffee to get me through this and I'm already halfway through it so I think I miscalculated.,0,/Users/minjoolee/Downloads/MUStARD/PodSarc/all_processed/overly-sarcastic-podcast__ospod-episode-54/ospod-episode-54_7.mp3
54_11,54,We're going into this Q&A dry. Anyway.,0,/Users/minjoolee/Downloads/MUStARD/PodSarc/all_processed/overly-sarcastic-podcast__ospod-episode-54/ospod-episode-54_11.mp3
54_16,54,"I make music for them. I, I do a whole bunch of stuff and it's a really fun company to work for. We make, uh, internet video games, um, and wait, no, wait, we make video game internet content. Ah, there we go.",1,/Users/minjoolee/Downloads/MUStARD/PodSarc/all_processed/overly-sarcastic-podcast__ospod-episode-54/ospod-episode-54_16.mp3
54_18,54,"Yay. This is, this is great for us as well. We, we love your work. The, the first video that I saw you on in Funhass, I'm like, oh my god, this guy rules.",0,/Users/minjoolee/Downloads/MUStARD/PodSarc/all_processed/overly-sarcastic-podcast__ospod-episode-54/ospod-episode-54_18.mp3
54_20,54,"Yeah, yeah.",0,/Users/minjoolee/Downloads/MUStARD/PodSarc/all_processed/overly-sarcastic-podcast__ospod-episode-54/ospod-episode-54_20.mp3
54_22,54,"It was good. Sorry. My brain is a little stuck on, like, I feel like we need a new word for the phrase Renaissance man, because, like, so many internet content creators that we know do, like, five million different things, but, like, boss bitch. Yeah, I guess that works.",1,/Users/minjoolee/Downloads/MUStARD/PodSarc/all_processed/overly-sarcastic-podcast__ospod-episode-54/ospod-episode-54_22.mp3
54_30,54,"I, uh, I, I enjoyed that one quite a bit. It was a good one.",0,/Users/minjoolee/Downloads/MUStARD/PodSarc/all_processed/overly-sarcastic-podcast__ospod-episode-54/ospod-episode-54_30.mp3
54_35,54,"I mean, genuinely, like, that is the plot, so.",0,/Users/minjoolee/Downloads/MUStARD/PodSarc/all_processed/overly-sarcastic-podcast__ospod-episode-54/ospod-episode-54_35.mp3
54_37,54,"There are so many think pieces from like the last 300 years where people are like, tragedy as a genre is over, and it's like, why?",1,/Users/minjoolee/Downloads/MUStARD/PodSarc/all_processed/overly-sarcastic-podcast__ospod-episode-54/ospod-episode-54_37.mp3
54_49,54,"Yeah. Yeah. That would be pretty funny. Um, but, uh.",0,/Users/minjoolee/Downloads/MUStARD/PodSarc/all_processed/overly-sarcastic-podcast__ospod-episode-54/ospod-episode-54_49.mp3
54_55,54,"It's, it's, it's only the next logical step in the progression.",0,/Users/minjoolee/Downloads/MUStARD/PodSarc/all_processed/overly-sarcastic-podcast__ospod-episode-54/ospod-episode-54_55.mp3
54_56,54,"No, I was just gonna say, it's actually more logical because, I mean, think about any big, uh, character arc defining moment in your life. You don't just, like, take it and hold on to it and be sweet about it. Now you just, like, pick up your phone and you text your friend. You know, like, it's, everything that we do as humans actually undercuts the sincerity of human emotions.",0,/Users/minjoolee/Downloads/MUStARD/PodSarc/all_processed/overly-sarcastic-podcast__ospod-episode-54/ospod-episode-54_56.mp3
54_57,54,"Yeah, I mean, in order to communicate it on some level, you are undercutting the, uh, the purity of the emotion that you experience. But it does strike me that a lot of martial arts movies and stories in general seem to exist in an alternate universe where people are just constantly beating each other up in very intricate ways and it's not worth commenting on. Uh, and I think that if that sort of thing happened in,",1,/Users/minjoolee/Downloads/MUStARD/PodSarc/all_processed/overly-sarcastic-podcast__ospod-episode-54/ospod-episode-54_57.mp3
54_59,54,"But I'd also love to see the version of the Jackie Chan movie where it's just two of the mooks in the back of a fight. Like, they don't actually get up to go hit the guy and then after, like, Jackie Chan gets away or whatever they're like.",1,/Users/minjoolee/Downloads/MUStARD/PodSarc/all_processed/overly-sarcastic-podcast__ospod-episode-54/ospod-episode-54_59.mp3
54_64,54,"They, like, jump a little funny, and one of their knees goes, and they're like, ah, fuck, okay, time out, Jesus Christ.",1,/Users/minjoolee/Downloads/MUStARD/PodSarc/all_processed/overly-sarcastic-podcast__ospod-episode-54/ospod-episode-54_64.mp3
54_67,54,"Yeah. Whoo, boy. Yeah.",0,/Users/minjoolee/Downloads/MUStARD/PodSarc/all_processed/overly-sarcastic-podcast__ospod-episode-54/ospod-episode-54_67.mp3
54_74,54,"Well, I had fun with my video, but, uh, the funny thing about Blue's video is that at time of recording, uh, it's not going up for another three days.",0,/Users/minjoolee/Downloads/MUStARD/PodSarc/all_processed/overly-sarcastic-podcast__ospod-episode-54/ospod-episode-54_74.mp3
54_75,54,"Yeah, um, such as life. But honestly, I've gotten really good at cold reading the reaction to my Rome videos because people are like, wow.",1,/Users/minjoolee/Downloads/MUStARD/PodSarc/all_processed/overly-sarcastic-podcast__ospod-episode-54/ospod-episode-54_75.mp3
54_76,54,"Rome, and then some people are like, get new material, and then I do, and then they don't watch those videos as much, which is weird.",1,/Users/minjoolee/Downloads/MUStARD/PodSarc/all_processed/overly-sarcastic-podcast__ospod-episode-54/ospod-episode-54_76.mp3
54_78,54,"Basically the guy who made the entire concept of the Roman Empire, like, work.",0,/Users/minjoolee/Downloads/MUStARD/PodSarc/all_processed/overly-sarcastic-podcast__ospod-episode-54/ospod-episode-54_78.mp3
54_79,54,"Because early Roman literature was, was cool. It was fun. They had, like, they invented the sitcom. Plautus and his comedies are really, really funny. Um, they had, you know, oratory, which is admittedly kind of boring because it's, you know, the joke with Cicero is, like, wait six hours to hear the verb. But the poetry of, of Virgil, I, I found",1,/Users/minjoolee/Downloads/MUStARD/PodSarc/all_processed/overly-sarcastic-podcast__ospod-episode-54/ospod-episode-54_79.mp3
54_82,54,"Like, high class poetry. And that's just impressive, so I, uh.",0,/Users/minjoolee/Downloads/MUStARD/PodSarc/all_processed/overly-sarcastic-podcast__ospod-episode-54/ospod-episode-54_82.mp3
54_84,54,"You ever participate in a conversation where you know, like, you're too stupid to actually add anything to the conversation?",0,/Users/minjoolee/Downloads/MUStARD/PodSarc/all_processed/overly-sarcastic-podcast__ospod-episode-54/ospod-episode-54_84.mp3
54_85,54,Constantly. I'm like the token not history person when we have history people on.,0,/Users/minjoolee/Downloads/MUStARD/PodSarc/all_processed/overly-sarcastic-podcast__ospod-episode-54/ospod-episode-54_85.mp3
54_86,54,"This is, this is it for me. And also I gotta let you know, it's not like I'm not trying. Currently on one of the podcasts I run, we're doing an examination of like early Rome and why it fits into a bunch of other stuff. And, uh, I don't know what you're talking about, dog.",1,/Users/minjoolee/Downloads/MUStARD/PodSarc/all_processed/overly-sarcastic-podcast__ospod-episode-54/ospod-episode-54_86.mp3
54_88,54,"The unofficial threequel, you know, the Iliad, the Odyssey, and then, like, 800 years later, the Aeneid.",0,/Users/minjoolee/Downloads/MUStARD/PodSarc/all_processed/overly-sarcastic-podcast__ospod-episode-54/ospod-episode-54_88.mp3
54_89,54,"And it's cool. It's, I mean, you know, I have a video about it that's pretty old. I think it's still probably good. I haven't rewatched it in a while.",1,/Users/minjoolee/Downloads/MUStARD/PodSarc/all_processed/overly-sarcastic-podcast__ospod-episode-54/ospod-episode-54_89.mp3
54_91,54,"Yeah, he, actually, he was, um, he was born earlier than Augustus, so, so quick, quick-o recap. Uh, boy is born and learns to be a lawyer, uh, around the time when Caesar gets assassinated, so he says, fuck that, leaves, goes to study philosophy and write poetry.",0,/Users/minjoolee/Downloads/MUStARD/PodSarc/all_processed/overly-sarcastic-podcast__ospod-episode-54/ospod-episode-54_91.mp3
54_93,54,"But also, it's, like, weirdly interlaced with a lot of, like, fiercely political commentary on, like, farms getting confiscated to pay for veterans of Octavian's, soon to be Augustus's, campaigns. Because after he'd beat the assassins, uh, in a later battle, he's like, okay, soldiers, I will pay you with",0,/Users/minjoolee/Downloads/MUStARD/PodSarc/all_processed/overly-sarcastic-podcast__ospod-episode-54/ospod-episode-54_93.mp3
54_96,54,"All you got is pissed off peasants, and they don't have combat training. Or how to use sharp objects.",1,/Users/minjoolee/Downloads/MUStARD/PodSarc/all_processed/overly-sarcastic-podcast__ospod-episode-54/ospod-episode-54_96.mp3
54_100,54,Love bees.,1,/Users/minjoolee/Downloads/MUStARD/PodSarc/all_processed/overly-sarcastic-podcast__ospod-episode-54/ospod-episode-54_100.mp3
54_102,54,"I'm of the opinion that a lot of the best writing comes from people who don't have a lot going on in their lives. Like when they're, they're tending a farm or they're spending a lot of time staring at the stars and they're like, I've got an idea.",1,/Users/minjoolee/Downloads/MUStARD/PodSarc/all_processed/overly-sarcastic-podcast__ospod-episode-54/ospod-episode-54_102.mp3
54_108,54,"But, yeah, no, bees are, are individually adorable, but very, have you ever seen bees get trapped in flowers with a little butt sticking out? It's so cute. It's so, yeah.",0,/Users/minjoolee/Downloads/MUStARD/PodSarc/all_processed/overly-sarcastic-podcast__ospod-episode-54/ospod-episode-54_108.mp3
54_111,54,"after the first two, they'd start, like, sending messages. Like, don't go into the pink.",1,/Users/minjoolee/Downloads/MUStARD/PodSarc/all_processed/overly-sarcastic-podcast__ospod-episode-54/ospod-episode-54_111.mp3
54_115,54,"I mean, at least bees are serving a higher purpose of some kind. Anyway, it's very funny that Virgil was like,",1,/Users/minjoolee/Downloads/MUStARD/PodSarc/all_processed/overly-sarcastic-podcast__ospod-episode-54/ospod-episode-54_115.mp3
54_116,54,Propaganda for Rome. Yeah. I did have a lot of fun. I admittedly could have talked a lot more about like why the Aeneid works and is good because I kind of had to.,0,/Users/minjoolee/Downloads/MUStARD/PodSarc/all_processed/overly-sarcastic-podcast__ospod-episode-54/ospod-episode-54_116.mp3
54_118,54,"I, I can't. I didn't have the time for that one in the cards this time. So, go read it. Go read the damn thing. It's fun.",0,/Users/minjoolee/Downloads/MUStARD/PodSarc/all_processed/overly-sarcastic-podcast__ospod-episode-54/ospod-episode-54_118.mp3
54_120,54,writing its own history and its glorious destiny and why all this stuff was incredibly good and having all these really good poets and stuff being like Rome is the greatest so that even after Rome fell,0,/Users/minjoolee/Downloads/MUStARD/PodSarc/all_processed/overly-sarcastic-podcast__ospod-episode-54/ospod-episode-54_120.mp3
54_127,54,"Yeah, it's about equality. What about her story?",1,/Users/minjoolee/Downloads/MUStARD/PodSarc/all_processed/overly-sarcastic-podcast__ospod-episode-54/ospod-episode-54_127.mp3
54_130,54,"In Robert Jordan's Wheel of Time series, the island where all the powerful lady lake wizards live is shaped like a whole ass vagina with like a little tower where the quid is and everyone's like,",0,/Users/minjoolee/Downloads/MUStARD/PodSarc/all_processed/overly-sarcastic-podcast__ospod-episode-54/ospod-episode-54_130.mp3
54_133,54,"You know, I'm just like thinking about pussy a whole bunch. Writing books about it.",1,/Users/minjoolee/Downloads/MUStARD/PodSarc/all_processed/overly-sarcastic-podcast__ospod-episode-54/ospod-episode-54_133.mp3
54_134,54,"Well, I, the worst part is I told you this was gonna happen before we started recording.",0,/Users/minjoolee/Downloads/MUStARD/PodSarc/all_processed/overly-sarcastic-podcast__ospod-episode-54/ospod-episode-54_134.mp3
54_137,54,I love it. I love it. Match the energy. We gotta escalate.,0,/Users/minjoolee/Downloads/MUStARD/PodSarc/all_processed/overly-sarcastic-podcast__ospod-episode-54/ospod-episode-54_137.mp3
54_141,54,"Both, uh, like a lot of indigenous and Native American mythology, but also just like different tropes from stories, which is how I came in contact with this thing called trope talk. Not a bit, by the way. Uh, this is very real. And I started like using, uh, those videos and a lot of other stuff that I would read to sort of build out the mythology and the lore of this world. Um, and then I realized that I liked it too much that I didn't want to give it to Nickelodeon. So I scrapped it and saved it for myself.",0,/Users/minjoolee/Downloads/MUStARD/PodSarc/all_processed/overly-sarcastic-podcast__ospod-episode-54/ospod-episode-54_141.mp3
54_145,54,What a system.,0,/Users/minjoolee/Downloads/MUStARD/PodSarc/all_processed/overly-sarcastic-podcast__ospod-episode-54/ospod-episode-54_145.mp3
54_148,54,"Well, that is so kind of you, because genuinely, as I've been watching through the, uh, the first few episodes, it is so much fun. And I've been enjoying it so much. So that is, that is very, I didn't make the trope talks, but I, I still find validation from that sentence. So thank you, Armando. I appreciate it.",0,/Users/minjoolee/Downloads/MUStARD/PodSarc/all_processed/overly-sarcastic-podcast__ospod-episode-54/ospod-episode-54_148.mp3
54_151,54,"Ooh, it'll be.",0,/Users/minjoolee/Downloads/MUStARD/PodSarc/all_processed/overly-sarcastic-podcast__ospod-episode-54/ospod-episode-54_151.mp3
54_154,54,"Dan Schneider, who is another funhouse couture that I, that I work with, who is, uh, awesome. He is doing a more, uh, fantasy themed show. Um, it is, uh, like.",0,/Users/minjoolee/Downloads/MUStARD/PodSarc/all_processed/overly-sarcastic-podcast__ospod-episode-54/ospod-episode-54_154.mp3
54_155,54,"It's very much like Lord of the Rings, uh, old or this new, like Game of Thrones, prequel style stuff, like very fantasy, you know, the Hobbit where like you're following three halflings as they meet a bunch of weird, kooky characters. Like I play a troll whose name is Antrolio Gutierrez. Uh, and boy is it just like a really fun time. And, uh, I got to help him write it and I used a little bit, I cribbed some stuff off a trope talk again.",1,/Users/minjoolee/Downloads/MUStARD/PodSarc/all_processed/overly-sarcastic-podcast__ospod-episode-54/ospod-episode-54_155.mp3
54_156,54,"again, cause that's, it's good, it's useful information.",0,/Users/minjoolee/Downloads/MUStARD/PodSarc/all_processed/overly-sarcastic-podcast__ospod-episode-54/ospod-episode-54_156.mp3
54_157,54,"It's what they're for. I'm glad they're, they're serving that purpose. I mean, honestly, when I make them, it's just cause I love talking about this stuff. I love finding patterns in different storytelling and being like, this one worked really well. This one, I'm not sure why. Let's figure out why. And then when actual writers are like, this is a useful resource. I'm like, Oh, thank God someone's getting something out of this.",0,/Users/minjoolee/Downloads/MUStARD/PodSarc/all_processed/overly-sarcastic-podcast__ospod-episode-54/ospod-episode-54_157.mp3
54_162,54,"Yep, yep, this is the lull, and then everything ramps up. Yeah, so.",0,/Users/minjoolee/Downloads/MUStARD/PodSarc/all_processed/overly-sarcastic-podcast__ospod-episode-54/ospod-episode-54_162.mp3
54_163,54,"Yeah, so, uh, must be Dice Season 2. It's gonna be really fun. Uh, it's, it has been really fun. They're mostly filmed. Um, I'm, it's, it's one of those, uh, crazy productions that I cannot believe that they let us do. Um, I mean, it, it was written by myself and Dan, uh, mostly Dan, and I, I just kinda like helped with character stuff.",0,/Users/minjoolee/Downloads/MUStARD/PodSarc/all_processed/overly-sarcastic-podcast__ospod-episode-54/ospod-episode-54_163.mp3
54_166,54,"Yeah, yeah, yeah, yeah, yeah. Right, sorry, yes, boss ass bitch, yes. People who compose music scare the crap out of me because it's one art form I've never been able to get even the slightest bit of an ear for, so I'm just always very impressed.",0,/Users/minjoolee/Downloads/MUStARD/PodSarc/all_processed/overly-sarcastic-podcast__ospod-episode-54/ospod-episode-54_166.mp3
54_172,54,"It's all Dan, it's all Dan. Yeah.",0,/Users/minjoolee/Downloads/MUStARD/PodSarc/all_processed/overly-sarcastic-podcast__ospod-episode-54/ospod-episode-54_172.mp3
54_178,54,"Yeah, yeah.",0,/Users/minjoolee/Downloads/MUStARD/PodSarc/all_processed/overly-sarcastic-podcast__ospod-episode-54/ospod-episode-54_178.mp3
54_179,54,"And it's like, well, you have to make fucking content first and then you can come to me and tell me what I can do. So.",1,/Users/minjoolee/Downloads/MUStARD/PodSarc/all_processed/overly-sarcastic-podcast__ospod-episode-54/ospod-episode-54_179.mp3
54_181,54,"Um, one season.",0,/Users/minjoolee/Downloads/MUStARD/PodSarc/all_processed/overly-sarcastic-podcast__ospod-episode-54/ospod-episode-54_181.mp3
54_182,54,"So it's about picking your battles. Sometimes you have a show and you're like, this is too good. I don't want to give your, I don't want to let you have it because then I won't get to do X, Y, or Z correctly. And sometimes you're like, I'm willing to fight this battle and I'll make this with you, uh, because I know I can beat you in a fight.",1,/Users/minjoolee/Downloads/MUStARD/PodSarc/all_processed/overly-sarcastic-podcast__ospod-episode-54/ospod-episode-54_182.mp3
54_184,54,"Alright. I'm, I'm even more excited for, for season two of Must Be Dice now. Um, so that is coming out.",0,/Users/minjoolee/Downloads/MUStARD/PodSarc/all_processed/overly-sarcastic-podcast__ospod-episode-54/ospod-episode-54_184.mp3
54_195,54,"Yeah, yeah.",0,/Users/minjoolee/Downloads/MUStARD/PodSarc/all_processed/overly-sarcastic-podcast__ospod-episode-54/ospod-episode-54_195.mp3
54_198,54,"Or, or mold. So, like, really decrepit houses I wouldn't want to live in because they're dirty, but a haunted house I would gladly live in if it was nice.",1,/Users/minjoolee/Downloads/MUStARD/PodSarc/all_processed/overly-sarcastic-podcast__ospod-episode-54/ospod-episode-54_198.mp3
54_200,54,"Well, look, here's the thing. I recently stayed in like a refurbished old Victorian house as like a, like a bed and breakfast. And I was making so many jokes about like, oh, this place is haunted for sure. And nothing spooky happened. And I felt so let down. So you have to understand where I'm at at this. Like if it was actually haunted, I'd be thrilled.",1,/Users/minjoolee/Downloads/MUStARD/PodSarc/all_processed/overly-sarcastic-podcast__ospod-episode-54/ospod-episode-54_200.mp3
54_204,54,That's just what L.A.'s like at this point.,0,/Users/minjoolee/Downloads/MUStARD/PodSarc/all_processed/overly-sarcastic-podcast__ospod-episode-54/ospod-episode-54_204.mp3
54_206,54,"Eventually, it pauses and you hear a double tap.",0,/Users/minjoolee/Downloads/MUStARD/PodSarc/all_processed/overly-sarcastic-podcast__ospod-episode-54/ospod-episode-54_206.mp3
54_213,54,"Uh, it's June, my guy. I don't know why this, uh, it shouldn't be this cold. And then they disclosed to me because they have to that, uh, the previous tenant died in the home, uh, to which I asked. And again, this is a beautiful Los Angeles apartment in the heart of Hollywood, California.",1,/Users/minjoolee/Downloads/MUStARD/PodSarc/all_processed/overly-sarcastic-podcast__ospod-episode-54/ospod-episode-54_213.mp3
54_217,54,"Yeah. Well, that was the thing is that they got offended that I asked if I could get a discount. And then I, my follow up question was, well, how died? What were they? And they went, what are you talking about? And I went, like a murder or like a dot? Like, were they just old? Like, how did they die?",1,/Users/minjoolee/Downloads/MUStARD/PodSarc/all_processed/overly-sarcastic-podcast__ospod-episode-54/ospod-episode-54_217.mp3
54_226,54,"That one frequency that makes your eyeballs vibrate a little bit so you see, like, shadow people. Just, like, make sure nothing like that is happening and you're fucking fine.",0,/Users/minjoolee/Downloads/MUStARD/PodSarc/all_processed/overly-sarcastic-podcast__ospod-episode-54/ospod-episode-54_226.mp3
54_228,54,"I think that's the thing. Like, if, if I had at any point been predisposed to believe in ghosts, that would have stopped in college when my sleep schedule was so, so awful that I was regularly hitting the levels of sleep depth where you start seeing shadow people. Uh, and I just got so used to it that like I'd see someone and I'd look and there'd be nobody there and I'm like, Oh yeah.",1,/Users/minjoolee/Downloads/MUStARD/PodSarc/all_processed/overly-sarcastic-podcast__ospod-episode-54/ospod-episode-54_228.mp3
54_231,54,Yeah. I would live in a haunted apartment if the rent was good in a good location.,0,/Users/minjoolee/Downloads/MUStARD/PodSarc/all_processed/overly-sarcastic-podcast__ospod-episode-54/ospod-episode-54_231.mp3
54_234,54,"I don't care if they're not either. No, this shit doesn't scare me. Like, yeah, go ahead and be in the corner. I'm still going to be a gross asshole. I don't care. Like, how often.",1,/Users/minjoolee/Downloads/MUStARD/PodSarc/all_processed/overly-sarcastic-podcast__ospod-episode-54/ospod-episode-54_234.mp3
54_238,54,I feel like the ghost would try to exercise me.,1,/Users/minjoolee/Downloads/MUStARD/PodSarc/all_processed/overly-sarcastic-podcast__ospod-episode-54/ospod-episode-54_238.mp3
54_243,54,"after your mortal coil is shuffled out. Yeah, you just. Make sure your carbon monoxide detector has fresh batteries in it. It's very important.",0,/Users/minjoolee/Downloads/MUStARD/PodSarc/all_processed/overly-sarcastic-podcast__ospod-episode-54/ospod-episode-54_243.mp3
54_247,54,"Have you never lived with these two? Okay. My cousin, my cousin has this and it's great because he'll like post Instagram stories and in it, he'll just like, Hey, what's up y'all? I'm just hanging out. You know, doing my thing.",1,/Users/minjoolee/Downloads/MUStARD/PodSarc/all_processed/overly-sarcastic-podcast__ospod-episode-54/ospod-episode-54_247.mp3
54_249,54,"I think we are all so dedicated to like, good recording quality, but like, the thought of that.",0,/Users/minjoolee/Downloads/MUStARD/PodSarc/all_processed/overly-sarcastic-podcast__ospod-episode-54/ospod-episode-54_249.mp3
54_255,54,"This question comes from Athena06, for both slash all, who would play you in a movie about your life and for Blue specifically, why is it Benedict Cumberbatch? Oh, I have to read the questions as they are.",1,/Users/minjoolee/Downloads/MUStARD/PodSarc/all_processed/overly-sarcastic-podcast__ospod-episode-54/ospod-episode-54_255.mp3
54_256,54,"I'm sorry, Blue. Yeah, I, uh, one time I did, uh, this is, we covered this in a video a very long time ago. I, I took a little, like a face, like, melder and put Adam Driver and Benedict Cumberbatch. It is literally a picture of me. Yeah.",1,/Users/minjoolee/Downloads/MUStARD/PodSarc/all_processed/overly-sarcastic-podcast__ospod-episode-54/ospod-episode-54_256.mp3
54_257,54,"I, I, I still have that photo on my computer. Like the, the computer spit it out and it's like.",0,/Users/minjoolee/Downloads/MUStARD/PodSarc/all_processed/overly-sarcastic-podcast__ospod-episode-54/ospod-episode-54_257.mp3
54_258,54,"Here's what they look like. I'm like, that, fuck, fuck. I'm gonna say. God damn it.",0,/Users/minjoolee/Downloads/MUStARD/PodSarc/all_processed/overly-sarcastic-podcast__ospod-episode-54/ospod-episode-54_258.mp3
54_265,54,"So, if you're making a movie of my life, it's gotta be Shailene Woodley. In that exact outfit.",0,/Users/minjoolee/Downloads/MUStARD/PodSarc/all_processed/overly-sarcastic-podcast__ospod-episode-54/ospod-episode-54_265.mp3
54_266,54,"It's Henry Cavill, but from the first 20 minutes of Captain America. That's, that's it. That's it.",1,/Users/minjoolee/Downloads/MUStARD/PodSarc/all_processed/overly-sarcastic-podcast__ospod-episode-54/ospod-episode-54_266.mp3
54_268,54,"Steve Rogers is what you're saying. Yeah, pretty super seer of Henry Cavill.",0,/Users/minjoolee/Downloads/MUStARD/PodSarc/all_processed/overly-sarcastic-podcast__ospod-episode-54/ospod-episode-54_268.mp3
54_270,54,"I would never tell you, you look so much like Hermione. So, uh, if Emma Watson still had the hair, it'd be Emma Watson, but, again.",0,/Users/minjoolee/Downloads/MUStARD/PodSarc/all_processed/overly-sarcastic-podcast__ospod-episode-54/ospod-episode-54_270.mp3
54_273,54,"Like, if it's a movie about how you guys created this, like, media empire that actually, like, helped a bunch of people create, like, other content, and it's, like, this really cool, uplifting story, then, like, I would see them not casting you weird. They'd probably be, like, like, I could see you being played by Dave Franco. You know what I mean? Like.",0,/Users/minjoolee/Downloads/MUStARD/PodSarc/all_processed/overly-sarcastic-podcast__ospod-episode-54/ospod-episode-54_273.mp3
54_274,54,That's the good friend. Yeah. That's so far. The good friend goes so far.,0,/Users/minjoolee/Downloads/MUStARD/PodSarc/all_processed/overly-sarcastic-podcast__ospod-episode-54/ospod-episode-54_274.mp3
54_275,54,"Yeah, yeah, yeah, yeah, yeah.",0,/Users/minjoolee/Downloads/MUStARD/PodSarc/all_processed/overly-sarcastic-podcast__ospod-episode-54/ospod-episode-54_275.mp3
54_279,54,I love. Okay. Okay.,0,/Users/minjoolee/Downloads/MUStARD/PodSarc/all_processed/overly-sarcastic-podcast__ospod-episode-54/ospod-episode-54_279.mp3
54_284,54,Yeah. Yeah. Yeah.,0,/Users/minjoolee/Downloads/MUStARD/PodSarc/all_processed/overly-sarcastic-podcast__ospod-episode-54/ospod-episode-54_284.mp3
54_289,54,"Yeah, I think that, it's a two-fold question. Basically, I'm saying, like, if it's a good movie, Manny for Modern Family. If it's a bad movie where it's about all the crimes I committed that I haven't been arrested for yet, then it's going to be Felipe Esparza.",1,/Users/minjoolee/Downloads/MUStARD/PodSarc/all_processed/overly-sarcastic-podcast__ospod-episode-54/ospod-episode-54_289.mp3
54_292,54,"that, that be who plays me in a movie, um.",0,/Users/minjoolee/Downloads/MUStARD/PodSarc/all_processed/overly-sarcastic-podcast__ospod-episode-54/ospod-episode-54_292.mp3
54_295,54,"No, no, I mean, Taylor Lautner playing his theoretical. I don't know if Taylor Lautner has any cousins, so I can't make that claim. I'm not gonna look up his name.",1,/Users/minjoolee/Downloads/MUStARD/PodSarc/all_processed/overly-sarcastic-podcast__ospod-episode-54/ospod-episode-54_295.mp3
54_308,54,"We can move on, but I just forgot how hot Taylor Lautner was.",0,/Users/minjoolee/Downloads/MUStARD/PodSarc/all_processed/overly-sarcastic-podcast__ospod-episode-54/ospod-episode-54_308.mp3
54_310,54,"I swear, I'm not trying to be mean. I'm an artist. I pay attention to how people's faces are arranged. And he happens to look a little bit like somebody squinched in his features, but in a way that's very striking.",1,/Users/minjoolee/Downloads/MUStARD/PodSarc/all_processed/overly-sarcastic-podcast__ospod-episode-54/ospod-episode-54_310.mp3
54_315,54,"I'm looking at him. Apparently, he's, uh, returning to acting in Home Team on Netflix as a long-suffering peewee coach. What's weird about him, and I don't know how to explain this, is that his face looks like 2005.",0,/Users/minjoolee/Downloads/MUStARD/PodSarc/all_processed/overly-sarcastic-podcast__ospod-episode-54/ospod-episode-54_315.mp3
54_317,54,"He's, he's changed up the hair throughout the years. He just like, his, something about his face, it just, it's like, it's hot, but it's not like modern day hot. It's like 2005 hot.",0,/Users/minjoolee/Downloads/MUStARD/PodSarc/all_processed/overly-sarcastic-podcast__ospod-episode-54/ospod-episode-54_317.mp3
54_327,54,"He peels off on a motorcycle and he's just yelling, I'm the Joker!",1,/Users/minjoolee/Downloads/MUStARD/PodSarc/all_processed/overly-sarcastic-podcast__ospod-episode-54/ospod-episode-54_327.mp3
54_330,54,It's over. It's done. Get out of here. Get the hook. None of us are right.,1,/Users/minjoolee/Downloads/MUStARD/PodSarc/all_processed/overly-sarcastic-podcast__ospod-episode-54/ospod-episode-54_330.mp3
54_332,54,"Hold on, who puts the milk in first?",0,/Users/minjoolee/Downloads/MUStARD/PodSarc/all_processed/overly-sarcastic-podcast__ospod-episode-54/ospod-episode-54_332.mp3
54_351,54,"Uh, Chippendale Rescue Rangers? Oh, yeah. Chippendales. Yeah, that one.",0,/Users/minjoolee/Downloads/MUStARD/PodSarc/all_processed/overly-sarcastic-podcast__ospod-episode-54/ospod-episode-54_351.mp3
54_356,54,"I actually thought of the correct answer for me. I think I agree that I am not wacky enough to be a Muppet, but I am EXACTLY a Fraggle.",1,/Users/minjoolee/Downloads/MUStARD/PodSarc/all_processed/overly-sarcastic-podcast__ospod-episode-54/ospod-episode-54_356.mp3
54_362,54,"Exactly. Indigo, what you got? Uh, on all levels except physical, I am already gonzo, so I feel like I'm going muppet.",1,/Users/minjoolee/Downloads/MUStARD/PodSarc/all_processed/overly-sarcastic-podcast__ospod-episode-54/ospod-episode-54_362.mp3
54_366,54,So that was my favorite part of every Muppet Show episode when they would make a special Muppet version of the guest star. That was always just solid gold.,0,/Users/minjoolee/Downloads/MUStARD/PodSarc/all_processed/overly-sarcastic-podcast__ospod-episode-54/ospod-episode-54_366.mp3
54_373,54,Yeah. Oh.,0,/Users/minjoolee/Downloads/MUStARD/PodSarc/all_processed/overly-sarcastic-podcast__ospod-episode-54/ospod-episode-54_373.mp3
54_374,54,"Well, we didn't know where the ocean was at the point.",0,/Users/minjoolee/Downloads/MUStARD/PodSarc/all_processed/overly-sarcastic-podcast__ospod-episode-54/ospod-episode-54_374.mp3
54_380,54,"That's a respectable trade-off. I can accept this, uh, this truce at this time.",0,/Users/minjoolee/Downloads/MUStARD/PodSarc/all_processed/overly-sarcastic-podcast__ospod-episode-54/ospod-episode-54_380.mp3
54_385,54,"I'm gonna pretend like I'm not devastated, uh, and I'm gonna say that I want the masquerade tattoo, which is a magical tattoo that you can redesign while it's still on your body, uh, and, uh, also you can, uh, use it to cast disguise self, which I don't think I would use.",1,/Users/minjoolee/Downloads/MUStARD/PodSarc/all_processed/overly-sarcastic-podcast__ospod-episode-54/ospod-episode-54_385.mp3
54_387,54,"So many years that I'm not sure I actually hold this opinion anymore. I've wanted like one of those rad shoulder tattoos, but I feel like you need a certain base level of buffness to really pull one of those off. And I haven't reached that level yet. So.",1,/Users/minjoolee/Downloads/MUStARD/PodSarc/all_processed/overly-sarcastic-podcast__ospod-episode-54/ospod-episode-54_387.mp3
54_388,54,"I think that having the option to be like, am I feeling it? No, I'm not ripped enough yet. Put it somewhere else for now. I just think that would be very.",1,/Users/minjoolee/Downloads/MUStARD/PodSarc/all_processed/overly-sarcastic-podcast__ospod-episode-54/ospod-episode-54_388.mp3
54_393,54,"Uh, and I actually recently tested them all out to make sure I didn't have a reaction, and they didn't wash off fully, so I still have weird little fucked up marks on my arm. Uh, so that's a long tangent for why, uh, this magic item is the best choice, cause I can kind of just have it anyway.",1,/Users/minjoolee/Downloads/MUStARD/PodSarc/all_processed/overly-sarcastic-podcast__ospod-episode-54/ospod-episode-54_393.mp3
54_399,54,"And that fucking rocked. You can, at any time, if you can peepee, you can listen in. And I think that that rocks. I think it's an awesome tool and I utilize the hell out of it.",1,/Users/minjoolee/Downloads/MUStARD/PodSarc/all_processed/overly-sarcastic-podcast__ospod-episode-54/ospod-episode-54_399.mp3
54_401,54,"Yeah, I know. I'm the one who pulled the question and asked it. And I know I produce and play on a Dungeons and Dragons podcast regularly, but, uh, I don't know the magic items by heart. So I just pulled up D&D Beyond on my phone and was like, what are some cool stuff that you can do? Cause the only one I know is- Oh, you know what? I've decided I want",0,/Users/minjoolee/Downloads/MUStARD/PodSarc/all_processed/overly-sarcastic-podcast__ospod-episode-54/ospod-episode-54_401.mp3
54_403,54,Nice. Nice.,0,/Users/minjoolee/Downloads/MUStARD/PodSarc/all_processed/overly-sarcastic-podcast__ospod-episode-54/ospod-episode-54_403.mp3
54_411,54,Did you guys know that the folding boat from Norse mythology is also an item in D&D 5e called folding boat? It is. Wait. Yes.,0,/Users/minjoolee/Downloads/MUStARD/PodSarc/all_processed/overly-sarcastic-podcast__ospod-episode-54/ospod-episode-54_411.mp3
54_412,54,"A boat that folds up, yeah, uh, 12 inches long, six inches wide and six inches deep. That's eminently manageable. It weighs four pounds.",0,/Users/minjoolee/Downloads/MUStARD/PodSarc/all_processed/overly-sarcastic-podcast__ospod-episode-54/ospod-episode-54_412.mp3
54_414,54,"You fold it kind of wrong, and you fold something in the wrong order. So, like, there's the prow, just, like, sticking out in an odd angle. There's, like, one math. It's like, when you get in, like, a-",0,/Users/minjoolee/Downloads/MUStARD/PodSarc/all_processed/overly-sarcastic-podcast__ospod-episode-54/ospod-episode-54_414.mp3
54_415,54,"Like a Transformers toy, but you kind of don't have it in the right order. So like the head is still sticking out of something weird. Yeah.",0,/Users/minjoolee/Downloads/MUStARD/PodSarc/all_processed/overly-sarcastic-podcast__ospod-episode-54/ospod-episode-54_415.mp3
54_416,54,"Yes, I do think a strong contender is the, uh, marvelous pigments where they just let you paint something and then it becomes real. Just, there's a lot of flexibility in that. Um, and it's free art supplies, which, paint's expensive, man. It gets up there. Yes, that's true. Let's see, I just did a...",0,/Users/minjoolee/Downloads/MUStARD/PodSarc/all_processed/overly-sarcastic-podcast__ospod-episode-54/ospod-episode-54_416.mp3
54_420,54,"Oh, thank you.",0,/Users/minjoolee/Downloads/MUStARD/PodSarc/all_processed/overly-sarcastic-podcast__ospod-episode-54/ospod-episode-54_420.mp3
54_422,54,"Like, no, my gimmick, my bit!",0,/Users/minjoolee/Downloads/MUStARD/PodSarc/all_processed/overly-sarcastic-podcast__ospod-episode-54/ospod-episode-54_422.mp3
54_429,54,Whoo! All media is recursive. It just comes looping back around.,1,/Users/minjoolee/Downloads/MUStARD/PodSarc/all_processed/overly-sarcastic-podcast__ospod-episode-54/ospod-episode-54_429.mp3
54_431,54,"I think what's even better is that if you watch those really young in your formative years, you're just like, wow, basketball is magical.",1,/Users/minjoolee/Downloads/MUStARD/PodSarc/all_processed/overly-sarcastic-podcast__ospod-episode-54/ospod-episode-54_431.mp3
54_433,54,"Oh, man. Oh, fantastic.",0,/Users/minjoolee/Downloads/MUStARD/PodSarc/all_processed/overly-sarcastic-podcast__ospod-episode-54/ospod-episode-54_433.mp3
54_437,54,do our outro as nicely as you can.,1,/Users/minjoolee/Downloads/MUStARD/PodSarc/all_processed/overly-sarcastic-podcast__ospod-episode-54/ospod-episode-54_437.mp3
55_0,55,"And then, meanwhile, it's like, I'm trying and failing to explain blood types to Van Helsing, cause I don't understand it all that well, and I don't have internet in the past, so I'm just like, look, it's just, sometimes the blood doesn't play well with others, okay?",1,/Users/minjoolee/Downloads/MUStARD/PodSarc/all_processed/overly-sarcastic-podcast__ospod-episode-55/ospod-episode-55_0.mp3
55_2,55,"The last time we were on this recording platform, we had a lot more people on and the whole thing crashed.",1,/Users/minjoolee/Downloads/MUStARD/PodSarc/all_processed/overly-sarcastic-podcast__ospod-episode-55/ospod-episode-55_2.mp3
55_9,55,"Yes, all, is it I, All Saints Day followed by All Souls Day? I believe that's correct. Yes. So this is All Souls Day, which I think would be spookier than All Saints Day, right?",0,/Users/minjoolee/Downloads/MUStARD/PodSarc/all_processed/overly-sarcastic-podcast__ospod-episode-55/ospod-episode-55_9.mp3
55_10,55,November 1st is All Saints Day. November 2nd is All Souls Day. This is the content that you come to us.,0,/Users/minjoolee/Downloads/MUStARD/PodSarc/all_processed/overly-sarcastic-podcast__ospod-episode-55/ospod-episode-55_10.mp3
55_12,55,"Oh, today's Tuesday. Oh my God. Can we, can we start over? Absolutely not.",0,/Users/minjoolee/Downloads/MUStARD/PodSarc/all_processed/overly-sarcastic-podcast__ospod-episode-55/ospod-episode-55_12.mp3
55_14,55,"Well, if we put it to paper, maybe we'd be having a little bit less of a hard time with it.",1,/Users/minjoolee/Downloads/MUStARD/PodSarc/all_processed/overly-sarcastic-podcast__ospod-episode-55/ospod-episode-55_14.mp3
55_20,55,"I'm like, uh, I'll, I'll tweet now, I hate Twitter, nevermind. Um, and now I, I only feel validated, but, uh, we went to Italy, uh, we went to Florence and Padova and Venice, and we did get to actually go see the Doge's Palace in person, like, that I was promising from the video last year, so that was...",1,/Users/minjoolee/Downloads/MUStARD/PodSarc/all_processed/overly-sarcastic-podcast__ospod-episode-55/ospod-episode-55_20.mp3
55_21,55,a super super fun time. It had been like eight years since I'd been in,0,/Users/minjoolee/Downloads/MUStARD/PodSarc/all_processed/overly-sarcastic-podcast__ospod-episode-55/ospod-episode-55_21.mp3
55_23,55,"three years since I was last in Florence, and it's, it's still.",0,/Users/minjoolee/Downloads/MUStARD/PodSarc/all_processed/overly-sarcastic-podcast__ospod-episode-55/ospod-episode-55_23.mp3
55_31,55,"Yes, uh, it feels like an eternity ago, because of all the stuff that we had to do in the last week, but, uh,",0,/Users/minjoolee/Downloads/MUStARD/PodSarc/all_processed/overly-sarcastic-podcast__ospod-episode-55/ospod-episode-55_31.mp3
55_32,55,"About two weeks ago, uh, I finished a video that had haunted my existence for about two years. Uh, the very last of the Patreon requested videos from before we changed how our tier structuring works. Uh, the saga of Gret here, the strong, or the Gretis saga, depending on who you ask and how Scandinavian you are. Um,",1,/Users/minjoolee/Downloads/MUStARD/PodSarc/all_processed/overly-sarcastic-podcast__ospod-episode-55/ospod-episode-55_32.mp3
55_33,55,"So that was a, that was a fun one. And I'll be honest, it outperformed, uh, all of my wildest dreams for this thing, because I, I've said before that, uh, I've observed that if I do a video about a subject that most people know about, that's like a household name, you know, like,",0,/Users/minjoolee/Downloads/MUStARD/PodSarc/all_processed/overly-sarcastic-podcast__ospod-episode-55/ospod-episode-55_33.mp3
55_34,55,"Perseus, Medea, you know, the big Greek, uh, heroes and stuff like that. People,",0,/Users/minjoolee/Downloads/MUStARD/PodSarc/all_processed/overly-sarcastic-podcast__ospod-episode-55/ospod-episode-55_34.mp3
55_40,55,"what, oh yes, the lampshading video, uh, be in the number one spot, but that, that makes sense.",0,/Users/minjoolee/Downloads/MUStARD/PodSarc/all_processed/overly-sarcastic-podcast__ospod-episode-55/ospod-episode-55_40.mp3
55_45,55,I can see the Matrix where the Matrix is enjoying the book.,1,/Users/minjoolee/Downloads/MUStARD/PodSarc/all_processed/overly-sarcastic-podcast__ospod-episode-55/ospod-episode-55_45.mp3
55_47,55,"cause it was like, there's, there's just stuff about his like, his grandpa, something, tree foot, and like, how they had a fight with some pirates and his leg got cut off and then they did some other stuff and it's like, he's not ever showing up again. I think his sword is referenced, but it's,",1,/Users/minjoolee/Downloads/MUStARD/PodSarc/all_processed/overly-sarcastic-podcast__ospod-episode-55/ospod-episode-55_47.mp3
55_59,55,"was probably metaphorical at most. Let's, let's, what, what, like, tangible, definitely real things can we filter out? And it's like, who is related to who? What family feuds were like,",1,/Users/minjoolee/Downloads/MUStARD/PodSarc/all_processed/overly-sarcastic-podcast__ospod-episode-55/ospod-episode-55_59.mp3
55_75,55,the cliff side and Gretir invented the weimote strap to hold his sword while he sidled over and then he wrestled the bear and sliced off its paw and they fell down the cliff and then he went and,1,/Users/minjoolee/Downloads/MUStARD/PodSarc/all_processed/overly-sarcastic-podcast__ospod-episode-55/ospod-episode-55_75.mp3
55_77,55,"I think we cut out some of the people he just fully killed too, like a lot of those. He got into an argument, he did his thing, you know, somebody insulted him or his dad, he killed him, you know how it is.",1,/Users/minjoolee/Downloads/MUStARD/PodSarc/all_processed/overly-sarcastic-podcast__ospod-episode-55/ospod-episode-55_77.mp3
55_83,55,"You know, a script in there was, it, it was not my favorite, uh, experience, historically speaking, but it was interesting and we, we got a good video out of it, which is good. And I now know a lot more about Icelandic sagas than I ever expected to, which is always a fun, fun bonus.",1,/Users/minjoolee/Downloads/MUStARD/PodSarc/all_processed/overly-sarcastic-podcast__ospod-episode-55/ospod-episode-55_83.mp3
55_85,55,"Really, like, nuts. From a historiologist, or, his-",0,/Users/minjoolee/Downloads/MUStARD/PodSarc/all_processed/overly-sarcastic-podcast__ospod-episode-55/ospod-episode-55_85.mp3
55_88,55,"Um, that a modern audience really demands from the medium, so.",0,/Users/minjoolee/Downloads/MUStARD/PodSarc/all_processed/overly-sarcastic-podcast__ospod-episode-55/ospod-episode-55_88.mp3
55_93,55,"Yeah, the full play. And when we released it, we were like, this one's gonna, this one's gonna be slow to grow in the views department.",0,/Users/minjoolee/Downloads/MUStARD/PodSarc/all_processed/overly-sarcastic-podcast__ospod-episode-55/ospod-episode-55_93.mp3
55_95,55,"Or at least just the funniest bits. Like, I'm sure there were like smiles or like laughs in there. Uh, I saw one, cause I, you know, going through it.",0,/Users/minjoolee/Downloads/MUStARD/PodSarc/all_processed/overly-sarcastic-podcast__ospod-episode-55/ospod-episode-55_95.mp3
55_100,55,"Wait a minute, um, but I mean, there's so many little bits, which is why you should still watch the full version if you want to get the full experience and not, uh, um, and, and not, not settle for, for Jesse. You should watch both multiple times. Um, I mean, it's so funny. There are some things that, like, I didn't catch on my first watch through, like, Red, um, you did a slow zoom on, um,",0,/Users/minjoolee/Downloads/MUStARD/PodSarc/all_processed/overly-sarcastic-podcast__ospod-episode-55/ospod-episode-55_100.mp3
55_102,55,"As Kermit, yes. So will thy words. Fuck. Fuck. Yeah.",0,/Users/minjoolee/Downloads/MUStARD/PodSarc/all_processed/overly-sarcastic-podcast__ospod-episode-55/ospod-episode-55_102.mp3
55_103,55,"And we both, like, do the exact same, like, five stages of grief facial expressions.",1,/Users/minjoolee/Downloads/MUStARD/PodSarc/all_processed/overly-sarcastic-podcast__ospod-episode-55/ospod-episode-55_103.mp3
55_105,55,"I was like, wow.",0,/Users/minjoolee/Downloads/MUStARD/PodSarc/all_processed/overly-sarcastic-podcast__ospod-episode-55/ospod-episode-55_105.mp3
55_106,55,"It's, it's very funny. Um, it was,",0,/Users/minjoolee/Downloads/MUStARD/PodSarc/all_processed/overly-sarcastic-podcast__ospod-episode-55/ospod-episode-55_106.mp3
55_109,55,"Let's do it. Let's do it right. Let's, let's, let's video it up. Let's do it seriously. Let's, uh, let's get some time to edit if we, if we screw anything up too badly. Let's make sure our technical difficulties don't potentially destroy us, uh, which, well, you know.",1,/Users/minjoolee/Downloads/MUStARD/PodSarc/all_processed/overly-sarcastic-podcast__ospod-episode-55/ospod-episode-55_109.mp3
55_110,55,"Basically, like, streams are already complicated enough when it's just us sticking around, and then it's like, we had so many guests, we had so many, like, video channels at the same time, we weren't even sure how to route it for a few days, and then it was like, okay, yeah, we're,",0,/Users/minjoolee/Downloads/MUStARD/PodSarc/all_processed/overly-sarcastic-podcast__ospod-episode-55/ospod-episode-55_110.mp3
55_111,55,"We're gonna get this right, we're gonna cut it together, we're gonna take like three days to get it all smoothed out, and then we're gonna make this bad boy happen.",1,/Users/minjoolee/Downloads/MUStARD/PodSarc/all_processed/overly-sarcastic-podcast__ospod-episode-55/ospod-episode-55_111.mp3
55_112,55,"Plays by, by our good friend the Bard, we could do for various occasions in the future.",0,/Users/minjoolee/Downloads/MUStARD/PodSarc/all_processed/overly-sarcastic-podcast__ospod-episode-55/ospod-episode-55_112.mp3
55_114,55,Truly far too much fun for us to not do it again.,0,/Users/minjoolee/Downloads/MUStARD/PodSarc/all_processed/overly-sarcastic-podcast__ospod-episode-55/ospod-episode-55_114.mp3
55_119,55,"Yeah, exactly.",0,/Users/minjoolee/Downloads/MUStARD/PodSarc/all_processed/overly-sarcastic-podcast__ospod-episode-55/ospod-episode-55_119.mp3
55_120,55,"Yeah, exactly. And, you know, I think as soon as Kermit, uh, popped up on screen, I was like, okay, now I know what kind of experience we're getting.",0,/Users/minjoolee/Downloads/MUStARD/PodSarc/all_processed/overly-sarcastic-podcast__ospod-episode-55/ospod-episode-55_120.mp3
55_122,55,And the anticipation for when that puppet would be revealed mid recording was what kept me going.,0,/Users/minjoolee/Downloads/MUStARD/PodSarc/all_processed/overly-sarcastic-podcast__ospod-episode-55/ospod-episode-55_122.mp3
55_123,55,"I'm glad that, yeah, I mean, we, we knew that you guys were plotting, uh, I just, I couldn't have anticipated what we ended up dealing with, and it was just so beautiful.",0,/Users/minjoolee/Downloads/MUStARD/PodSarc/all_processed/overly-sarcastic-podcast__ospod-episode-55/ospod-episode-55_123.mp3
55_124,55,"Yeah, Joe Kat's whole wiggler head for, for Banquo, which of course made every scene where I had to act opposite his ghost extremely fun for me.",0,/Users/minjoolee/Downloads/MUStARD/PodSarc/all_processed/overly-sarcastic-podcast__ospod-episode-55/ospod-episode-55_124.mp3
55_127,55,"The, the script, it's more like guidelines than what you call actual rules.",1,/Users/minjoolee/Downloads/MUStARD/PodSarc/all_processed/overly-sarcastic-podcast__ospod-episode-55/ospod-episode-55_127.mp3
55_130,55,"Yeah. So that was solid gold. And like, honestly, just such talented people. Uh, really top quality voice work. Uh, Keluna pulling out the scariest, like, golem slash moaning myrtle.",0,/Users/minjoolee/Downloads/MUStARD/PodSarc/all_processed/overly-sarcastic-podcast__ospod-episode-55/ospod-episode-55_130.mp3
55_131,55,"Yeah. Like, as soon as she started talking, I was like, Oh, no!",0,/Users/minjoolee/Downloads/MUStARD/PodSarc/all_processed/overly-sarcastic-podcast__ospod-episode-55/ospod-episode-55_131.mp3
55_135,55,"52 videos a year on, you know, the mainline stuff.",0,/Users/minjoolee/Downloads/MUStARD/PodSarc/all_processed/overly-sarcastic-podcast__ospod-episode-55/ospod-episode-55_135.mp3
55_137,55,"That is the stuff that deep channel lore is built on, like the college hell.",1,/Users/minjoolee/Downloads/MUStARD/PodSarc/all_processed/overly-sarcastic-podcast__ospod-episode-55/ospod-episode-55_137.mp3
55_140,55,"So yeah, we, we had a great time with that. Uh, it's up if you missed it. Uh, and if you don't have two and a half hours, the highlight reel is also up as of like yesterday when this goes up today.",0,/Users/minjoolee/Downloads/MUStARD/PodSarc/all_processed/overly-sarcastic-podcast__ospod-episode-55/ospod-episode-55_140.mp3
55_146,55,"Yeah, Kermit, the, the source of Kermit. Um, so just, it's a great time. And for, uh, the Halloween special, Indigo DM'd a Call of Cthulhu one-shot that we all played, uh, that just went out, like yesterday. Uh, is the video gonna be up?",0,/Users/minjoolee/Downloads/MUStARD/PodSarc/all_processed/overly-sarcastic-podcast__ospod-episode-55/ospod-episode-55_146.mp3
55_161,55,Right.,0,/Users/minjoolee/Downloads/MUStARD/PodSarc/all_processed/overly-sarcastic-podcast__ospod-episode-55/ospod-episode-55_161.mp3
55_163,55,"They're in a fixed stock, so again, if you like them, grab them. We can't guarantee how long they'll be in for. They are in the warehouse, so they'll ship out pretty quickly, which is great.",0,/Users/minjoolee/Downloads/MUStARD/PodSarc/all_processed/overly-sarcastic-podcast__ospod-episode-55/ospod-episode-55_163.mp3
55_169,55,"I ate half of a Twix bar mid recording the first half of this episode. And I'm really, that's what I'm running on. But, uh, the lightning round is a segment where we go through some of the pieces of media, the TV shows, books, movies, et cetera, video games, yada, yada, yada, that you all have asked if we have seen. Ancient Samarian playtime.",1,/Users/minjoolee/Downloads/MUStARD/PodSarc/all_processed/overly-sarcastic-podcast__ospod-episode-55/ospod-episode-55_169.mp3
55_171,55,"Yeah. That's the one where they bring back the villain from the first one. Uh, and it was just really cool that the real return casting. Okay.",1,/Users/minjoolee/Downloads/MUStARD/PodSarc/all_processed/overly-sarcastic-podcast__ospod-episode-55/ospod-episode-55_171.mp3
55_174,55,"No, obviously not. You shouldn't take that intentionally.",0,/Users/minjoolee/Downloads/MUStARD/PodSarc/all_processed/overly-sarcastic-podcast__ospod-episode-55/ospod-episode-55_174.mp3
55_178,55,"I've seen it. It's fun. Uh, glitch productions.",0,/Users/minjoolee/Downloads/MUStARD/PodSarc/all_processed/overly-sarcastic-podcast__ospod-episode-55/ospod-episode-55_178.mp3
55_179,55,"Oh, uh, I mean, I, I know it exists. I've been online, but, uh.",1,/Users/minjoolee/Downloads/MUStARD/PodSarc/all_processed/overly-sarcastic-podcast__ospod-episode-55/ospod-episode-55_179.mp3
55_181,55,"I, I just heard actually Johnson, and I was like, who the fuck do we know named Johnson?",0,/Users/minjoolee/Downloads/MUStARD/PodSarc/all_processed/overly-sarcastic-podcast__ospod-episode-55/ospod-episode-55_181.mp3
55_182,55,"But, uh, that's cool. Uh, period romance isn't really my thing, so.",0,/Users/minjoolee/Downloads/MUStARD/PodSarc/all_processed/overly-sarcastic-podcast__ospod-episode-55/ospod-episode-55_182.mp3
55_184,55,"American born Chinese by Jean Yuen Yang. Jean, Jean, Yuen, Yang, my bad.",0,/Users/minjoolee/Downloads/MUStARD/PodSarc/all_processed/overly-sarcastic-podcast__ospod-episode-55/ospod-episode-55_184.mp3
55_186,55,"So, it seems great.",0,/Users/minjoolee/Downloads/MUStARD/PodSarc/all_processed/overly-sarcastic-podcast__ospod-episode-55/ospod-episode-55_186.mp3
55_187,55,"I had to look it up, but yes, I've actually read this whole thing. Uh, it's, it, it's pretty heavy, but yeah.",0,/Users/minjoolee/Downloads/MUStARD/PodSarc/all_processed/overly-sarcastic-podcast__ospod-episode-55/ospod-episode-55_187.mp3
55_188,55,"Good stuff. Barbie, life in the dream house.",0,/Users/minjoolee/Downloads/MUStARD/PodSarc/all_processed/overly-sarcastic-podcast__ospod-episode-55/ospod-episode-55_188.mp3
55_189,55,"But, uh, thanks. I watched some of the Barbie Princess movies when I was little. Uh, but I think Barbie Dreamhouse is like, it's more like a Barbie sitcom, right?",0,/Users/minjoolee/Downloads/MUStARD/PodSarc/all_processed/overly-sarcastic-podcast__ospod-episode-55/ospod-episode-55_189.mp3
55_191,55,"I do love the meme where it's like Barbie's closet and then they photoshop in like, you were a soldier in the Byzantine army and she's like, you weren't? They have like the whole like catafract armor on one of the coat hangers.",1,/Users/minjoolee/Downloads/MUStARD/PodSarc/all_processed/overly-sarcastic-podcast__ospod-episode-55/ospod-episode-55_191.mp3
55_194,55,"Please spell it so I can Google it to see if I know this person. C-L-A-M-A-V-I, space, D-E, space, P-R-O-F-U-N-D-I-S.",0,/Users/minjoolee/Downloads/MUStARD/PodSarc/all_processed/overly-sarcastic-podcast__ospod-episode-55/ospod-episode-55_194.mp3
55_195,55,"No, but thanks. No, sorry. I guess they do music. That's kind of cool. Oh, nice. Yeah, they, they look, they look neat, but, uh, no, I haven't seen them yet.",0,/Users/minjoolee/Downloads/MUStARD/PodSarc/all_processed/overly-sarcastic-podcast__ospod-episode-55/ospod-episode-55_195.mp3
55_203,55,"Yes, I know they exist, but that doesn't mean I've heard any of their stuff.",0,/Users/minjoolee/Downloads/MUStARD/PodSarc/all_processed/overly-sarcastic-podcast__ospod-episode-55/ospod-episode-55_203.mp3
55_204,55,"Oh, uh, I mean, I know it exists. Uh, isn't one of those guys in Smash Bros? Uh, yes. Shulph, right? Yeah.",0,/Users/minjoolee/Downloads/MUStARD/PodSarc/all_processed/overly-sarcastic-podcast__ospod-episode-55/ospod-episode-55_204.mp3
55_205,55,"Some of the armor sets from it are like DLC and Breath of the Wild or like bonus content. Oh, yeah.",0,/Users/minjoolee/Downloads/MUStARD/PodSarc/all_processed/overly-sarcastic-podcast__ospod-episode-55/ospod-episode-55_205.mp3
55_206,55,"Oh, yeah, yeah, the meteors with the, with the chests. Uh, well, I guess we know it exists by proxy, like friends of friends. This one is rough. Uh, the Northmen?",1,/Users/minjoolee/Downloads/MUStARD/PodSarc/all_processed/overly-sarcastic-podcast__ospod-episode-55/ospod-episode-55_206.mp3
55_209,55,"thank god. Oh, we love that channel. Yeah. So fun. I love the running",0,/Users/minjoolee/Downloads/MUStARD/PodSarc/all_processed/overly-sarcastic-podcast__ospod-episode-55/ospod-episode-55_209.mp3
55_212,55,"And there's the, uh, Castlevania one where Simon Belmont, uh, rips the head off the mummy and uses it to rappel down the castle and it cuts back to the inside of the mummy's body. It's just, it's just spinning and flopping against the floor because it, yeah. So, uh, yes, we love Terminal Montage. Everyone should watch the video.",0,/Users/minjoolee/Downloads/MUStARD/PodSarc/all_processed/overly-sarcastic-podcast__ospod-episode-55/ospod-episode-55_212.mp3
55_217,55,"Well, we'll let you speed along to that, so we'll end the lightning round here on that positive note.",0,/Users/minjoolee/Downloads/MUStARD/PodSarc/all_processed/overly-sarcastic-podcast__ospod-episode-55/ospod-episode-55_217.mp3
55_218,55,"Because I, I have a deep feeling, looking at my running spreadsheet of all of the stuff that's been asked. I don't think the next three, any of them.",0,/Users/minjoolee/Downloads/MUStARD/PodSarc/all_processed/overly-sarcastic-podcast__ospod-episode-55/ospod-episode-55_218.mp3
55_219,55,"So we'll just jump into some Q&A questions. Please continue to submit media for the lightning round. If you haven't heard yours yet, I promise we'll get to it. It's a very, very long list. Um, and I hope you all enjoyed this segment. We'll be back in five episodes with more of it, but.",0,/Users/minjoolee/Downloads/MUStARD/PodSarc/all_processed/overly-sarcastic-podcast__ospod-episode-55/ospod-episode-55_219.mp3
55_222,55,"Oh, boy. Who's, who's gone first?",0,/Users/minjoolee/Downloads/MUStARD/PodSarc/all_processed/overly-sarcastic-podcast__ospod-episode-55/ospod-episode-55_222.mp3
55_223,55,I have historically stated that I would die first in a horror movie due to my propensity to make terrible decisions but I actually think because of who I am as a person,1,/Users/minjoolee/Downloads/MUStARD/PodSarc/all_processed/overly-sarcastic-podcast__ospod-episode-55/ospod-episode-55_223.mp3
55_229,55,"I'm too aware of what's going to happen. I can't stay to the end because I can't have any dramatic realizations midway through, which I think means we're kind of landing on maybe Sian is the final girl of the OSP.",1,/Users/minjoolee/Downloads/MUStARD/PodSarc/all_processed/overly-sarcastic-podcast__ospod-episode-55/ospod-episode-55_229.mp3
55_231,55,"Most, most likely what happens is like we all die and then it like cuts to cyan in a different room just like, like doing some like yarn work, like not even",1,/Users/minjoolee/Downloads/MUStARD/PodSarc/all_processed/overly-sarcastic-podcast__ospod-episode-55/ospod-episode-55_231.mp3
55_235,55,"Recognizing the game and choosing not to play, to not engage in mutually assured horror movie destruction, wins!",1,/Users/minjoolee/Downloads/MUStARD/PodSarc/all_processed/overly-sarcastic-podcast__ospod-episode-55/ospod-episode-55_235.mp3
55_239,55,"Or, she goes crafting feral and turns the cottage into a fortress.",1,/Users/minjoolee/Downloads/MUStARD/PodSarc/all_processed/overly-sarcastic-podcast__ospod-episode-55/ospod-episode-55_239.mp3
55_242,55,"Yes, although the question of course remains, what exactly are we fighting?",0,/Users/minjoolee/Downloads/MUStARD/PodSarc/all_processed/overly-sarcastic-podcast__ospod-episode-55/ospod-episode-55_242.mp3
55_243,55,"What are we fighting? That's, that's really the crux of this whole thing, isn't it?",0,/Users/minjoolee/Downloads/MUStARD/PodSarc/all_processed/overly-sarcastic-podcast__ospod-episode-55/ospod-episode-55_243.mp3
55_244,55,"Oh, yes, a hundred percent. Daniel Green.",0,/Users/minjoolee/Downloads/MUStARD/PodSarc/all_processed/overly-sarcastic-podcast__ospod-episode-55/ospod-episode-55_244.mp3
55_245,55,"Like, just to narrow things down. I think we all hate zombies too much to have any fun in like a zombie story. I think we'd work better with some kind of like,",1,/Users/minjoolee/Downloads/MUStARD/PodSarc/all_processed/overly-sarcastic-podcast__ospod-episode-55/ospod-episode-55_245.mp3
55_246,55,"near incomprehensible, but ultimately a single thread, like,",0,/Users/minjoolee/Downloads/MUStARD/PodSarc/all_processed/overly-sarcastic-podcast__ospod-episode-55/ospod-episode-55_246.mp3
55_248,55,"There's some reason personifying it as the person who broke us on the podcast is just an odd twist, but I, I like it. I, I have a big fondness for the kind of horror where it's like, it's trying to imitate people and failing just slightly. Uh, like a creepy deep fake or, you know, one of those, Oh, there's someone yelling for help in the woods, but it's on like a five minute loop. And I just noticed that, you know, that kind of like, that's the good creepy shit that I like. Uh, so I think I'd like to, in a horror movie setting, that would be my, my arch nemesis. And then I could come back as a spooky, like,",0,/Users/minjoolee/Downloads/MUStARD/PodSarc/all_processed/overly-sarcastic-podcast__ospod-episode-55/ospod-episode-55_248.mp3
55_249,55,"Yeah, that's the thing.",0,/Users/minjoolee/Downloads/MUStARD/PodSarc/all_processed/overly-sarcastic-podcast__ospod-episode-55/ospod-episode-55_249.mp3
55_250,55,There is something fun about if you know that your horror franchise of choice is going to become a franchise and like there will be a next gen sequel down the line. If you get killed off vaguely off screen or even a little bit.,1,/Users/minjoolee/Downloads/MUStARD/PodSarc/all_processed/overly-sarcastic-podcast__ospod-episode-55/ospod-episode-55_250.mp3
55_251,55,"Not quite explicitly in the first movie. There's a non-zero chance that you make a cameo later on. And I do think that's the ideal role to fulfill. I think kind of like on the other end of the spectrum from Red, I really like super pulpy, like, tropey.",0,/Users/minjoolee/Downloads/MUStARD/PodSarc/all_processed/overly-sarcastic-podcast__ospod-episode-55/ospod-episode-55_251.mp3
55_252,55,"More fun than horror, horror. Um, so for me, the idea of a villain, or in this case, Daniel Green, uh, hunting us down and killing us, but playing into all of the, like, Friday the 13th tropes would be so, so fun.",1,/Users/minjoolee/Downloads/MUStARD/PodSarc/all_processed/overly-sarcastic-podcast__ospod-episode-55/ospod-episode-55_252.mp3
55_253,55,"Those bad guys are just guys, you know?",1,/Users/minjoolee/Downloads/MUStARD/PodSarc/all_processed/overly-sarcastic-podcast__ospod-episode-55/ospod-episode-55_253.mp3
55_257,55,"Cuz he's just standing there, and then you get shot.",1,/Users/minjoolee/Downloads/MUStARD/PodSarc/all_processed/overly-sarcastic-podcast__ospod-episode-55/ospod-episode-55_257.mp3
55_259,55,"And then it deflates around him, uh, because there's a hole in it now.",1,/Users/minjoolee/Downloads/MUStARD/PodSarc/all_processed/overly-sarcastic-podcast__ospod-episode-55/ospod-episode-55_259.mp3
55_262,55,"I mean, have you seen like all the knives that he holds as microphones? The man emanates danger. That's a good point.",0,/Users/minjoolee/Downloads/MUStARD/PodSarc/all_processed/overly-sarcastic-podcast__ospod-episode-55/ospod-episode-55_262.mp3
55_264,55,"We do it like, it's like the upgrade from alien to aliens, right? So movie one, it's just one of our friends in an inflatable among us suit with a gun.",1,/Users/minjoolee/Downloads/MUStARD/PodSarc/all_processed/overly-sarcastic-podcast__ospod-episode-55/ospod-episode-55_264.mp3
55_270,55,"Um, it was like a white mesh, so I could see out through it from the dark inside the suit, but, uh, people couldn't see in. Very cool. It was a marvel of design, really.",0,/Users/minjoolee/Downloads/MUStARD/PodSarc/all_processed/overly-sarcastic-podcast__ospod-episode-55/ospod-episode-55_270.mp3
55_271,55,"That's cool. I'm astounded I haven't seen a picture of that all. That's been so fun. I, practically speaking, the most, like, life transformative costume that I ever had was in high school, where one day I decided to dress as Nathan Drake.",0,/Users/minjoolee/Downloads/MUStARD/PodSarc/all_processed/overly-sarcastic-podcast__ospod-episode-55/ospod-episode-55_271.mp3
55_280,55,"I think this, like, I really do think, like, this year, I'm like, ooh, that's a Halloween costume. Like, that right there.",0,/Users/minjoolee/Downloads/MUStARD/PodSarc/all_processed/overly-sarcastic-podcast__ospod-episode-55/ospod-episode-55_280.mp3
55_284,55,"Yeah. Cthulhu mythos, I'll take it. You know, like, I, I'm a big fan of the eldritch horror and the, the good thing about those nightmare scenarios is they're typically too big to particularly care too much about individual people. Like, one thing that makes zombie apocalypses suck so much is how intensely personal they get, but like,",0,/Users/minjoolee/Downloads/MUStARD/PodSarc/all_processed/overly-sarcastic-podcast__ospod-episode-55/ospod-episode-55_284.mp3
55_285,55,"With Cthulhuid horrors, it's like, the problem is that, you know, it's incomprehensibly vast and you're so tiny, it doesn't even know that you're there. But to you, this is the most important thing that's ever happened to you. And I just feel like it would be really easy to fucking, like, mind your business and just be fine.",0,/Users/minjoolee/Downloads/MUStARD/PodSarc/all_processed/overly-sarcastic-podcast__ospod-episode-55/ospod-episode-55_285.mp3
55_301,55,"I just don't need to work at a summer camp. I think that's okay for me to. I think, yeah, I think that's a good aspiration to have.",1,/Users/minjoolee/Downloads/MUStARD/PodSarc/all_processed/overly-sarcastic-podcast__ospod-episode-55/ospod-episode-55_301.mp3
55_303,55,"Yeah. Although like, like a Jaws situation would maybe be fun too, because then you're just like having a fun summer at the beach. And also there's a giant shark swimming around doing.",0,/Users/minjoolee/Downloads/MUStARD/PodSarc/all_processed/overly-sarcastic-podcast__ospod-episode-55/ospod-episode-55_303.mp3
55_304,55,"shark stuff, or ooh, or like any of those like really bad straight to sci-fi channel, like mega shark movies. Ooh, I love those. Maybe that's the, maybe that's the universe for me. I think what we need is.",1,/Users/minjoolee/Downloads/MUStARD/PodSarc/all_processed/overly-sarcastic-podcast__ospod-episode-55/ospod-episode-55_304.mp3
55_309,55,"Um, aside from my, my, my expert life hacks, um, I",0,/Users/minjoolee/Downloads/MUStARD/PodSarc/all_processed/overly-sarcastic-podcast__ospod-episode-55/ospod-episode-55_309.mp3
55_310,55,"I don't know if, if the Divine Comedy, or at least the Inferno counts as a horror setting, but that would be fascinating to just kind of like wander around in like Dante style. Um, obviously a lot less fun if I'm getting eternally punished for, for my sins and faults as a human. Um.",1,/Users/minjoolee/Downloads/MUStARD/PodSarc/all_processed/overly-sarcastic-podcast__ospod-episode-55/ospod-episode-55_310.mp3
55_312,55,"I would love to be, like, one of those, like, behind the scenes, like, tech guys.",0,/Users/minjoolee/Downloads/MUStARD/PodSarc/all_processed/overly-sarcastic-podcast__ospod-episode-55/ospod-episode-55_312.mp3
55_314,55,"You know, Chris Hemsworth and all these guys like trying to, you know, bang out in this cab and like, whatever, man, you do you. And then it's just like this whole warehouse full of like, like NASA style people like trying to make sure that the show goes properly. I'd love to be one of those little guys in like the NASA bay. Just like doing that.",1,/Users/minjoolee/Downloads/MUStARD/PodSarc/all_processed/overly-sarcastic-podcast__ospod-episode-55/ospod-episode-55_314.mp3
55_320,55,"I don't know how to phrase this in a way that doesn't sound mean, but I do not dream of cosplay most of the time.",1,/Users/minjoolee/Downloads/MUStARD/PodSarc/all_processed/overly-sarcastic-podcast__ospod-episode-55/ospod-episode-55_320.mp3
55_324,55,"Uh, I think I got as far as looking up like a foam cut pattern for how to do it. Then I was like, I'm busy. Um, and it just never went anywhere.",0,/Users/minjoolee/Downloads/MUStARD/PodSarc/all_processed/overly-sarcastic-podcast__ospod-episode-55/ospod-episode-55_324.mp3
55_325,55,"I got shit going on, but like, I, it's an ideal costume for me because I already have most of it. I just need the outer coat, uh, yeah. And maybe like, trim up some bangs or something.",0,/Users/minjoolee/Downloads/MUStARD/PodSarc/all_processed/overly-sarcastic-podcast__ospod-episode-55/ospod-episode-55_325.mp3
55_327,55,"It doesn't look as cool as, like, in the, like, the fantasy shows and stuff, so, yeah, um.",0,/Users/minjoolee/Downloads/MUStARD/PodSarc/all_processed/overly-sarcastic-podcast__ospod-episode-55/ospod-episode-55_327.mp3
55_328,55,"Hey, when Miss, uh, as, uh, Way of Kings and like Mistborn and the Sanders verse gets bigger and they start getting, like, movies, you should be able to buy a full set of that, like, shard plate, right? Yeah.",1,/Users/minjoolee/Downloads/MUStARD/PodSarc/all_processed/overly-sarcastic-podcast__ospod-episode-55/ospod-episode-55_328.mp3
55_330,55,"Yeah, I gotta say endless respect to the people at conventions I see in like full samurai armor because it's clear that this is like the one day of the year that they get to pull that out of storage.",1,/Users/minjoolee/Downloads/MUStARD/PodSarc/all_processed/overly-sarcastic-podcast__ospod-episode-55/ospod-episode-55_330.mp3
55_331,55,"Same vibe with anyone at the Ren Fair walking around in, like, full plate mail, like, props. You are sweating buckets. But, damn, that's some good armor.",1,/Users/minjoolee/Downloads/MUStARD/PodSarc/all_processed/overly-sarcastic-podcast__ospod-episode-55/ospod-episode-55_331.mp3
55_334,55,"clue the movie specifically, but you got to get the full crew. Like you can't have anyone missing if you're doing that, except for maybe Mr. Body.",0,/Users/minjoolee/Downloads/MUStARD/PodSarc/all_processed/overly-sarcastic-podcast__ospod-episode-55/ospod-episode-55_334.mp3
55_337,55,"I think that this one, you know, it's touching on your old friend and mine. That's right. We're going back to the time heist, baby. This question comes from Pink Leo.",0,/Users/minjoolee/Downloads/MUStARD/PodSarc/all_processed/overly-sarcastic-podcast__ospod-episode-55/ospod-episode-55_337.mp3
55_339,55,"Is this in the rebooted continuity? Because we've established time heist 1, 2, and 3.",1,/Users/minjoolee/Downloads/MUStARD/PodSarc/all_processed/overly-sarcastic-podcast__ospod-episode-55/ospod-episode-55_339.mp3
55_340,55,"And then we had, no, cause we, we had a TV show.",0,/Users/minjoolee/Downloads/MUStARD/PodSarc/all_processed/overly-sarcastic-podcast__ospod-episode-55/ospod-episode-55_340.mp3
55_343,55,"Also, just sort of its own thing on the side that can draw from whatever continuities it feels like. Like, I do feel like this is where we have the freedom to truly pull whatever we want in.",1,/Users/minjoolee/Downloads/MUStARD/PodSarc/all_processed/overly-sarcastic-podcast__ospod-episode-55/ospod-episode-55_343.mp3
55_347,55,"history change, fuckery. I think it would be really funny if we accidentally stumbled into Dracula. Just the plot. Like, we're minding our own fucking business at like the turn of the 1800s into the 1900s. I don't even know why we'd be in England at the correct time, but like.",1,/Users/minjoolee/Downloads/MUStARD/PodSarc/all_processed/overly-sarcastic-podcast__ospod-episode-55/ospod-episode-55_347.mp3
55_348,55,We end up just like Dracula's plot to invade England is happening in the background and we just keep stumbling into it.,1,/Users/minjoolee/Downloads/MUStARD/PodSarc/all_processed/overly-sarcastic-podcast__ospod-episode-55/ospod-episode-55_348.mp3
55_358,55,"Like, we are the ghouls.",0,/Users/minjoolee/Downloads/MUStARD/PodSarc/all_processed/overly-sarcastic-podcast__ospod-episode-55/ospod-episode-55_358.mp3
55_360,55,I'm sure they've done that in Scooby-Doo on multiple occasions.,0,/Users/minjoolee/Downloads/MUStARD/PodSarc/all_processed/overly-sarcastic-podcast__ospod-episode-55/ospod-episode-55_360.mp3
55_361,55,And we could hang out with Dr. Van Helsing whenever he's not on screen. She's like.,0,/Users/minjoolee/Downloads/MUStARD/PodSarc/all_processed/overly-sarcastic-podcast__ospod-episode-55/ospod-episode-55_361.mp3
55_362,55,"Because it's canonical in the book that he doesn't actually know all that much about vampires. He's operating on superstition. But we, from the future, we know lots about vampires. A lot of it's probably wrong though.",1,/Users/minjoolee/Downloads/MUStARD/PodSarc/all_processed/overly-sarcastic-podcast__ospod-episode-55/ospod-episode-55_362.mp3
55_363,55,"I'd like to sit down with, uh, Quincy Morris and just compare accents for a while. I think that could be really fun for everyone involved.",0,/Users/minjoolee/Downloads/MUStARD/PodSarc/all_processed/overly-sarcastic-podcast__ospod-episode-55/ospod-episode-55_363.mp3
55_370,55,"He looks sad. That's probably Alucard. That could be, yeah.",1,/Users/minjoolee/Downloads/MUStARD/PodSarc/all_processed/overly-sarcastic-podcast__ospod-episode-55/ospod-episode-55_370.mp3
55_377,55,"So, I think, I think that absolutely works, especially if Blue, you're in the Castlevania continuity, so you've been in the castle for a lot of this, like, doing the crazy magical shit.",0,/Users/minjoolee/Downloads/MUStARD/PodSarc/all_processed/overly-sarcastic-podcast__ospod-episode-55/ospod-episode-55_377.mp3
55_381,55,"And then, meanwhile, it's like, I'm trying and failing to explain blood types to Van Helsing, cause I don't understand it all that well, and I don't have internet in the past, so I'm just like, look, it's just, some of the, sometimes the blood doesn't play well with others, okay? I finally.",0,/Users/minjoolee/Downloads/MUStARD/PodSarc/all_processed/overly-sarcastic-podcast__ospod-episode-55/ospod-episode-55_381.mp3
55_382,55,I finally get to fix Hugh Jackman's wig in Van Helsing. I bring a brush with me.,1,/Users/minjoolee/Downloads/MUStARD/PodSarc/all_processed/overly-sarcastic-podcast__ospod-episode-55/ospod-episode-55_382.mp3
55_384,55,"And that's just, that's not like a big plot point. It's just a truth in the back of all the subsequent movies. It's like, oh yeah, the Indigo character also is a werewolf.",1,/Users/minjoolee/Downloads/MUStARD/PodSarc/all_processed/overly-sarcastic-podcast__ospod-episode-55/ospod-episode-55_384.mp3
55_387,55,"Just like, first of all, start latching your windows and like, or stay in a hotel, for God's sake. And like, second of all, if you're describing your female friend.",1,/Users/minjoolee/Downloads/MUStARD/PodSarc/all_processed/overly-sarcastic-podcast__ospod-episode-55/ospod-episode-55_387.mp3
55_389,55,"Someone actually gets sent to, like, Nosferatu instead of Dracula by mistake, and it's like, wait a minute.",0,/Users/minjoolee/Downloads/MUStARD/PodSarc/all_processed/overly-sarcastic-podcast__ospod-episode-55/ospod-episode-55_389.mp3
55_390,55,"Um, alright, well, I, I love this Time Heist Halloween special concept, uh.",0,/Users/minjoolee/Downloads/MUStARD/PodSarc/all_processed/overly-sarcastic-podcast__ospod-episode-55/ospod-episode-55_390.mp3
55_393,55,"I can't use the morning star. Yeah. You should come back with a nicer coat. And it's like, where'd you get that? It's like, I actually found proto-volante. It's great.",0,/Users/minjoolee/Downloads/MUStARD/PodSarc/all_processed/overly-sarcastic-podcast__ospod-episode-55/ospod-episode-55_393.mp3
55_395,55,"It didn't have the crest, it didn't match my pants, you know how it is, yeah.",0,/Users/minjoolee/Downloads/MUStARD/PodSarc/all_processed/overly-sarcastic-podcast__ospod-episode-55/ospod-episode-55_395.mp3
55_400,55,"Before November 9th, there is a chance that you will be one of the 10 lucky winners for the gold pin 10th anniversary special edition drawing thingy. Lost track of that sentence midway through.",0,/Users/minjoolee/Downloads/MUStARD/PodSarc/all_processed/overly-sarcastic-podcast__ospod-episode-55/ospod-episode-55_400.mp3
55_401,55,"Good. Yes. Uh, I, I, I mean, you know, it's really about the journey and not the destination. And I think that basically covers our bases. So until next time, I've been ready.",0,/Users/minjoolee/Downloads/MUStARD/PodSarc/all_processed/overly-sarcastic-podcast__ospod-episode-55/ospod-episode-55_401.mp3
55_402,55,"This has been a very spooky, overly sarcastic podcast.",0,/Users/minjoolee/Downloads/MUStARD/PodSarc/all_processed/overly-sarcastic-podcast__ospod-episode-55/ospod-episode-55_402.mp3
56_1,56,"Okay, you know what? Red, I think you've got mine beat. That's pretty damn good.",0,/Users/minjoolee/Downloads/MUStARD/PodSarc/all_processed/overly-sarcastic-podcast__ospod-episode-56/ospod-episode-56_1.mp3
56_5,56,"Hello everybody and welcome to another episode of the, uh, overly sarcastic podcast. I almost forgot the title of our own show.",1,/Users/minjoolee/Downloads/MUStARD/PodSarc/all_processed/overly-sarcastic-podcast__ospod-episode-56/ospod-episode-56_5.mp3
56_8,56,"I made my first batch of cocoa for the season, so I'm, I'm, I'm enjoying the fruits of my labors over here.",1,/Users/minjoolee/Downloads/MUStARD/PodSarc/all_processed/overly-sarcastic-podcast__ospod-episode-56/ospod-episode-56_8.mp3
56_11,56,"Oh, yeah.",0,/Users/minjoolee/Downloads/MUStARD/PodSarc/all_processed/overly-sarcastic-podcast__ospod-episode-56/ospod-episode-56_11.mp3
56_16,56,Yeah. Yeah. Yeah.,0,/Users/minjoolee/Downloads/MUStARD/PodSarc/all_processed/overly-sarcastic-podcast__ospod-episode-56/ospod-episode-56_16.mp3
56_24,56,"I would like to imagine Ozymandias writing in a letter to, like, the time crew, like,",0,/Users/minjoolee/Downloads/MUStARD/PodSarc/all_processed/overly-sarcastic-podcast__ospod-episode-56/ospod-episode-56_24.mp3
56_25,56,Don't you know who I am?,1,/Users/minjoolee/Downloads/MUStARD/PodSarc/all_processed/overly-sarcastic-podcast__ospod-episode-56/ospod-episode-56_25.mp3
56_31,56,What part of this is fun? Why is this working? I don't understand.,0,/Users/minjoolee/Downloads/MUStARD/PodSarc/all_processed/overly-sarcastic-podcast__ospod-episode-56/ospod-episode-56_31.mp3
56_33,56,"Got some valuable input from the crew. Can confirm. Yes. Consider that checked off. Yeah, good.",0,/Users/minjoolee/Downloads/MUStARD/PodSarc/all_processed/overly-sarcastic-podcast__ospod-episode-56/ospod-episode-56_33.mp3
56_44,56,"Which means, you know, everyone who's going into this game is going into it like with a character handcrafted to die spectacularly and fuck up as much stuff as they can on the way down.",1,/Users/minjoolee/Downloads/MUStARD/PodSarc/all_processed/overly-sarcastic-podcast__ospod-episode-56/ospod-episode-56_44.mp3
56_53,56,"time skips to just being like, kind of evil all the time, and only ever makes the most evil choice possible, whenever given the opportunity to do so.",1,/Users/minjoolee/Downloads/MUStARD/PodSarc/all_processed/overly-sarcastic-podcast__ospod-episode-56/ospod-episode-56_53.mp3
56_60,56,"So, like, holding it to that standard is unfair, especially because so much of the fun of that story is the dramatic irony of what's coming. You can tell that because that's why they kept hitting the imperial march button every time Anakin glowered at the camera. They were like, the audience is going to love this.",1,/Users/minjoolee/Downloads/MUStARD/PodSarc/all_processed/overly-sarcastic-podcast__ospod-episode-56/ospod-episode-56_60.mp3
56_77,56,"As far as critical role goes, it's a very, you know, compact package. It is.",0,/Users/minjoolee/Downloads/MUStARD/PodSarc/all_processed/overly-sarcastic-podcast__ospod-episode-56/ospod-episode-56_77.mp3
56_83,56,"Yeah, the other side of that is like, okay, so the Roman Empire fell. What the hell happens next? Um, because, you know, on, on paper, we, we talk all this, this game about, you know, the fall of Rome.",0,/Users/minjoolee/Downloads/MUStARD/PodSarc/all_processed/overly-sarcastic-podcast__ospod-episode-56/ospod-episode-56_83.mp3
56_93,56,"Oh, yeah.",0,/Users/minjoolee/Downloads/MUStARD/PodSarc/all_processed/overly-sarcastic-podcast__ospod-episode-56/ospod-episode-56_93.mp3
56_103,56,"And I don't know the validity of this, because, of course, all these discussions of, like, old niche, quote, unquote, pagan beliefs are a little bit.",0,/Users/minjoolee/Downloads/MUStARD/PodSarc/all_processed/overly-sarcastic-podcast__ospod-episode-56/ospod-episode-56_103.mp3
56_105,56,"Is it because we're forsaking our gods for this other god? Is that, are we in trouble? Uh, because, you know, if your city is burning around your ears and the, you know, the, the Goths and the Visigoths and the Ostrogoths are all like piling on, it's like,",0,/Users/minjoolee/Downloads/MUStARD/PodSarc/all_processed/overly-sarcastic-podcast__ospod-episode-56/ospod-episode-56_105.mp3
56_106,56,"Jupiter, I'm really, really sorry.",1,/Users/minjoolee/Downloads/MUStARD/PodSarc/all_processed/overly-sarcastic-podcast__ospod-episode-56/ospod-episode-56_106.mp3
56_110,56,"Those are ancient myths from ancient Greece. But in ancient Greece, those were ancient myths from",0,/Users/minjoolee/Downloads/MUStARD/PodSarc/all_processed/overly-sarcastic-podcast__ospod-episode-56/ospod-episode-56_110.mp3
56_114,56,"and, and titans walking the earth, and it's all mythological.",0,/Users/minjoolee/Downloads/MUStARD/PodSarc/all_processed/overly-sarcastic-podcast__ospod-episode-56/ospod-episode-56_114.mp3
56_116,56,"important overhaul, because we've never",0,/Users/minjoolee/Downloads/MUStARD/PodSarc/all_processed/overly-sarcastic-podcast__ospod-episode-56/ospod-episode-56_116.mp3
56_126,56,"gold, right there, so.",0,/Users/minjoolee/Downloads/MUStARD/PodSarc/all_processed/overly-sarcastic-podcast__ospod-episode-56/ospod-episode-56_126.mp3
56_127,56,So interesting by virtue of how complex it is that it becomes nearly impossible to actually get a good handle on if you don't.,0,/Users/minjoolee/Downloads/MUStARD/PodSarc/all_processed/overly-sarcastic-podcast__ospod-episode-56/ospod-episode-56_127.mp3
56_130,56,"Yeah, why wouldn't they be? And, but seeing how we got to that from the popes aren't in charge. In fact, the emperor's not in charge. The barbarian guy's in charge. It was, it's a cool, transformative moment and it serves as a stealth prequel for pope fights. So I, I had a lot of fun putting that together as a, a gentle coda to my, to my Roman imperial, um, series. So.",0,/Users/minjoolee/Downloads/MUStARD/PodSarc/all_processed/overly-sarcastic-podcast__ospod-episode-56/ospod-episode-56_130.mp3
56_138,56,"that is not anywhere near as interesting as how much time it takes, but if you would like the pins, they are in stock, they are available. We're selling out of the Artemis and Apollo ones pretty fast.",0,/Users/minjoolee/Downloads/MUStARD/PodSarc/all_processed/overly-sarcastic-podcast__ospod-episode-56/ospod-episode-56_138.mp3
56_143,56,"Totally valid. Those will be in stock, um, on sale.",0,/Users/minjoolee/Downloads/MUStARD/PodSarc/all_processed/overly-sarcastic-podcast__ospod-episode-56/ospod-episode-56_143.mp3
56_145,56,"so, so, so nice. I'm, I'm really excited for, for people to get their hands on those too. I think, um, I think they're gonna like them a lot. Uh, but we can, we can pivot away from the plug now.",0,/Users/minjoolee/Downloads/MUStARD/PodSarc/all_processed/overly-sarcastic-podcast__ospod-episode-56/ospod-episode-56_145.mp3
56_146,56,"Nice calm pool that we've just established. I've also been lobbying to at some point do a run of silver lined pins because I think that looks better on the cool toned ones. And I think it would be cool to have like a, like a gold Apollo and a silver Artemis outline pin. And, and, you know, uh, so I've just been adding many more complications, but for now.",0,/Users/minjoolee/Downloads/MUStARD/PodSarc/all_processed/overly-sarcastic-podcast__ospod-episode-56/ospod-episode-56_146.mp3
56_148,56,"And the, the intermediate, the thing that we sometimes do on these episodes when we have time and we remember that it's a thing we do is the recommendation of things that we've been watching recently that we've been enjoying.",1,/Users/minjoolee/Downloads/MUStARD/PodSarc/all_processed/overly-sarcastic-podcast__ospod-episode-56/ospod-episode-56_148.mp3
56_157,56,"Wow, I can't believe GTA 6 had that leaked footage thing happen. It's just, it's fun. It sustains me. I'm gonna try and find like a specific video that would be good to recommend of the recent ones that I've checked through.",1,/Users/minjoolee/Downloads/MUStARD/PodSarc/all_processed/overly-sarcastic-podcast__ospod-episode-56/ospod-episode-56_157.mp3
56_164,56,"I'm sure someone will tell me, inevitably, as always happens. Uh, Blue asked for it. So if you had to write a non-basketball related airbud pitch,",1,/Users/minjoolee/Downloads/MUStARD/PodSarc/all_processed/overly-sarcastic-podcast__ospod-episode-56/ospod-episode-56_164.mp3
56_167,56,I think on the episode with Armando the joke was like a dog runs for president or something.,0,/Users/minjoolee/Downloads/MUStARD/PodSarc/all_processed/overly-sarcastic-podcast__ospod-episode-56/ospod-episode-56_167.mp3
56_170,56,"Right, we need world building. Yeah, exactly.",0,/Users/minjoolee/Downloads/MUStARD/PodSarc/all_processed/overly-sarcastic-podcast__ospod-episode-56/ospod-episode-56_170.mp3
56_174,56,"In, in this hypothetical pitch, like, to make this Air Bud, uh, movie equivalent to the time period in which it came out, the dog could compete on American Idol. And then you get your, you know, your cameos in the American Idol judges. We get your, yeah. I mean, that guy was in trouble.",1,/Users/minjoolee/Downloads/MUStARD/PodSarc/all_processed/overly-sarcastic-podcast__ospod-episode-56/ospod-episode-56_174.mp3
56_175,56,"Wow, that's insane.",0,/Users/minjoolee/Downloads/MUStARD/PodSarc/all_processed/overly-sarcastic-podcast__ospod-episode-56/ospod-episode-56_175.mp3
56_176,56,"Anyway, that's not related there, bud, but it did feel like an appropriate moment to share this fun fact.",0,/Users/minjoolee/Downloads/MUStARD/PodSarc/all_processed/overly-sarcastic-podcast__ospod-episode-56/ospod-episode-56_176.mp3
56_178,56,"Okay, you know what? Red, I think you've got mine beat. That's pretty damn good. Yeah.",0,/Users/minjoolee/Downloads/MUStARD/PodSarc/all_processed/overly-sarcastic-podcast__ospod-episode-56/ospod-episode-56_178.mp3
56_184,56,"But it's like one of those, um, it's like the bib with like two little shirt buttons and then like only the tie. Yeah.",0,/Users/minjoolee/Downloads/MUStARD/PodSarc/all_processed/overly-sarcastic-podcast__ospod-episode-56/ospod-episode-56_184.mp3
56_186,56,I want fan art of Pope Bud and Legally Bud. Please send us,1,/Users/minjoolee/Downloads/MUStARD/PodSarc/all_processed/overly-sarcastic-podcast__ospod-episode-56/ospod-episode-56_186.mp3
56_187,56,"Please send us the poster for the hypothetical movie, Pope Bud.",1,/Users/minjoolee/Downloads/MUStARD/PodSarc/all_processed/overly-sarcastic-podcast__ospod-episode-56/ospod-episode-56_187.mp3
56_192,56,"Uh, and I believe I did, at one point, watch Pokemon, the first movie, Mewtwo Returns. Yes, with the dramatic speech in it that we all, every 90's kid has to burn into their brain. Yeah, it's not the circumstances of one's birth. Yeah, Dan Green killing it. Ash gets turned to stone, and then all the Pokemon cry, and he comes back to life, and it's fine.",1,/Users/minjoolee/Downloads/MUStARD/PodSarc/all_processed/overly-sarcastic-podcast__ospod-episode-56/ospod-episode-56_192.mp3
56_193,56,"Uh, so that's all I got. Uh, I exclusively choose Pokemon teams based on aesthetic and not at all type matchups. I don't know which types are good or bad against other types.",1,/Users/minjoolee/Downloads/MUStARD/PodSarc/all_processed/overly-sarcastic-podcast__ospod-episode-56/ospod-episode-56_193.mp3
56_195,56,"And I believe my, my companion in Pokemon Go is an omenite named DrSquidPhD, just because, uh.",0,/Users/minjoolee/Downloads/MUStARD/PodSarc/all_processed/overly-sarcastic-podcast__ospod-episode-56/ospod-episode-56_195.mp3
56_196,56,"When I saw that, I was like, what the fuck is that thing? Uh, and that's how you know, uh, I, I needed that. Um.",0,/Users/minjoolee/Downloads/MUStARD/PodSarc/all_processed/overly-sarcastic-podcast__ospod-episode-56/ospod-episode-56_196.mp3
56_198,56,"Yeah. They're all just my, my beloved friends, uh, that I selected solely for aesthetic purposes.",0,/Users/minjoolee/Downloads/MUStARD/PodSarc/all_processed/overly-sarcastic-podcast__ospod-episode-56/ospod-episode-56_198.mp3
56_200,56,"Oh yeah, yeah, yeah, I, I have my all Evie's backup team. Nice.",0,/Users/minjoolee/Downloads/MUStARD/PodSarc/all_processed/overly-sarcastic-podcast__ospod-episode-56/ospod-episode-56_200.mp3
56_201,56,I have a bunch of Pikachu's in different hats for the seasons. Good.,0,/Users/minjoolee/Downloads/MUStARD/PodSarc/all_processed/overly-sarcastic-podcast__ospod-episode-56/ospod-episode-56_201.mp3
56_209,56,"I think I'd like to, I'd like to amend my previous answer. All those things are still true about my gym, but you only get it by doing one of those spooky, like creepy pasta, out of bounds glitches. Uh, and like you expect it to be like creepy and ghost type, but it's just like, Oh, you're not supposed to be back here.",1,/Users/minjoolee/Downloads/MUStARD/PodSarc/all_processed/overly-sarcastic-podcast__ospod-episode-56/ospod-episode-56_209.mp3
56_214,56,"that's very much on theme, you know, it's a lot of ice stuff and like all the challenges are ice related and then you get to fight me, the gym leader, lots of puns so you would",1,/Users/minjoolee/Downloads/MUStARD/PodSarc/all_processed/overly-sarcastic-podcast__ospod-episode-56/ospod-episode-56_214.mp3
56_216,56,"Wrong stage of wooder, bitch. I like how.",0,/Users/minjoolee/Downloads/MUStARD/PodSarc/all_processed/overly-sarcastic-podcast__ospod-episode-56/ospod-episode-56_216.mp3
56_221,56,A Pokemon gym leader and actually make a gym that is like interesting mechanically to play and like a good Dark Souls game is a joke at the expense of the player. I would want to have a bait and switch ice type water type gym.,1,/Users/minjoolee/Downloads/MUStARD/PodSarc/all_processed/overly-sarcastic-podcast__ospod-episode-56/ospod-episode-56_221.mp3
56_222,56,"Nice. I can't, I can't, I can't, I can't, I can't, I can't, I can't, I can't.",0,/Users/minjoolee/Downloads/MUStARD/PodSarc/all_processed/overly-sarcastic-podcast__ospod-episode-56/ospod-episode-56_222.mp3
56_225,56,"Old woman shakes fist at the sky about children's video game. But let's move on to another question. This comes from Primus405. For all turkey stuffing, cranberry sauce, sweet potato casserole and mashed potatoes. One has to go. And why is it cranberry sauce? So, uh, regardless of how this user feels, which one of these items on the Thanksgiving list are you taking off the table?",1,/Users/minjoolee/Downloads/MUStARD/PodSarc/all_processed/overly-sarcastic-podcast__ospod-episode-56/ospod-episode-56_225.mp3
56_230,56,"I do, I feel like I got a, I don't have the same affinity for cranberry sauce that Red does. So if I was picking at this table, I would bump it. But I also don't believe that like a gelatinous texture belongs on the table. I have the same problem with mint jelly and like Greek Easter. It's just, it's just the one texture that shouldn't be there. And, uh.",0,/Users/minjoolee/Downloads/MUStARD/PodSarc/all_processed/overly-sarcastic-podcast__ospod-episode-56/ospod-episode-56_230.mp3
56_235,56,"Yeah, looking forward to another day of the year when I get to stuff myself on food I did not have to make. But speaking of stuffing ourselves, we have many questions yet to come. So here comes another one from Geekdom.",0,/Users/minjoolee/Downloads/MUStARD/PodSarc/all_processed/overly-sarcastic-podcast__ospod-episode-56/ospod-episode-56_235.mp3
56_249,56,"You're kind of Zeno's paradoxing your way into never actually making progress. You keep retreading the parts you've already done. So I'm bad at that, but this is great if you're doing incremental progress on a long-form story, because that means that like, when I reread the storyboards that I have for the next chunk of the comic, the parts that aren't finalized and on the site yet.",1,/Users/minjoolee/Downloads/MUStARD/PodSarc/all_processed/overly-sarcastic-podcast__ospod-episode-56/ospod-episode-56_249.mp3
56_257,56,"Yeah, I, having had a little more experience with the more like, you know, first draft, second draft, third draft, final draft, hope it's good, and then maybe try to publish, um,",0,/Users/minjoolee/Downloads/MUStARD/PodSarc/all_processed/overly-sarcastic-podcast__ospod-episode-56/ospod-episode-56_257.mp3
56_262,56,"take a week or two off, take a month or two off, heck, take a year off depending on what kind of project it is, come back with fresh eyes and be like, okay, cool, because you'll have in your head what your broad intentions were, and then you can go through it",0,/Users/minjoolee/Downloads/MUStARD/PodSarc/all_processed/overly-sarcastic-podcast__ospod-episode-56/ospod-episode-56_262.mp3
56_268,56,"800 page, whatever, mega-book, is, eh, eh, um, maybe we have that much world-building in our, our various, you know, notes files, but will that all go into a book that will work and make sense?",1,/Users/minjoolee/Downloads/MUStARD/PodSarc/all_processed/overly-sarcastic-podcast__ospod-episode-56/ospod-episode-56_268.mp3
56_278,56,I'm the only audience for this and I already know what's going on so it's okay.,1,/Users/minjoolee/Downloads/MUStARD/PodSarc/all_processed/overly-sarcastic-podcast__ospod-episode-56/ospod-episode-56_278.mp3
56_286,56,Yeah. Yeah. Yeah.,0,/Users/minjoolee/Downloads/MUStARD/PodSarc/all_processed/overly-sarcastic-podcast__ospod-episode-56/ospod-episode-56_286.mp3
56_291,56,"Oh, so.",0,/Users/minjoolee/Downloads/MUStARD/PodSarc/all_processed/overly-sarcastic-podcast__ospod-episode-56/ospod-episode-56_291.mp3
56_292,56,That's so interesting. That's like a really interesting question. Yeah.,0,/Users/minjoolee/Downloads/MUStARD/PodSarc/all_processed/overly-sarcastic-podcast__ospod-episode-56/ospod-episode-56_292.mp3
56_294,56,"hm, and what would I nitpick about it?",0,/Users/minjoolee/Downloads/MUStARD/PodSarc/all_processed/overly-sarcastic-podcast__ospod-episode-56/ospod-episode-56_294.mp3
56_296,56,"Uh, meta thing, uh, there are a lot of stories that I like or like shows where I think that like the first X seasons of it are flawless. And then they should have just stopped. Yes. But.",0,/Users/minjoolee/Downloads/MUStARD/PodSarc/all_processed/overly-sarcastic-podcast__ospod-episode-56/ospod-episode-56_296.mp3
56_297,56,"All the post-canon content, like all the comics that they tie in have to follow the continuity of the later bad seasons.",1,/Users/minjoolee/Downloads/MUStARD/PodSarc/all_processed/overly-sarcastic-podcast__ospod-episode-56/ospod-episode-56_297.mp3
56_298,56,Which means all of the content you get in the status quo that I like.,1,/Users/minjoolee/Downloads/MUStARD/PodSarc/all_processed/overly-sarcastic-podcast__ospod-episode-56/ospod-episode-56_298.mp3
56_300,56,"The last season is really bad, and then there are tie-in comics and stuff, but, and like a sequel series that is truly abysmal. Cause if you're building off of a bad foundation, it's gonna stay bad for the most part.",0,/Users/minjoolee/Downloads/MUStARD/PodSarc/all_processed/overly-sarcastic-podcast__ospod-episode-56/ospod-episode-56_300.mp3
56_312,56,"And like, the rest of the character writing is so good. It's just that bit where it's like.",0,/Users/minjoolee/Downloads/MUStARD/PodSarc/all_processed/overly-sarcastic-podcast__ospod-episode-56/ospod-episode-56_312.mp3
56_314,56,"Yeah, this is not, I want to preface this, not my favorite piece of media, not even really in the top 50, but it is a nitpick that I have that bugs me",0,/Users/minjoolee/Downloads/MUStARD/PodSarc/all_processed/overly-sarcastic-podcast__ospod-episode-56/ospod-episode-56_314.mp3
56_324,56,"Everybody loves Captain America. Everybody trusts him. Replacing him with a scroll makes sense. The problem is, as the scroll, like,",0,/Users/minjoolee/Downloads/MUStARD/PodSarc/all_processed/overly-sarcastic-podcast__ospod-episode-56/ospod-episode-56_324.mp3
56_328,56,"They defeat the Skrull invasion. They don't go get the Hulk. He's still in a government prison. Eventually they go and get the Hulk. And then when they get him out, he's acting kind of weird. And he keeps like grabbing at the back of his neck and he keeps going into weird rages. And it's so obvious that he's being like, he's got like a chip in his head that's like setting off his rage to make him untrusted. And then this other Hulk shows up, a red Hulk, who's like, Hey guys, I'm just like the Hulk, but better and more reasonable and like military trained. And they're like,",1,/Users/minjoolee/Downloads/MUStARD/PodSarc/all_processed/overly-sarcastic-podcast__ospod-episode-56/ospod-episode-56_328.mp3
56_339,56,"We've got time for one last question here, and this one is for Blue, so Red, you've got some time to prepare for the outro. Limber up. Get my stretches in. From Lucifer Morningstar to Blue, if you ate dark lunch, what would be your ideal meal?",1,/Users/minjoolee/Downloads/MUStARD/PodSarc/all_processed/overly-sarcastic-podcast__ospod-episode-56/ospod-episode-56_339.mp3
56_342,56,"Like, where do you, where do you let this out?",0,/Users/minjoolee/Downloads/MUStARD/PodSarc/all_processed/overly-sarcastic-podcast__ospod-episode-56/ospod-episode-56_342.mp3
56_343,56,"Um, so, I probably, in keeping with that, would not have a very robust or extravagant dark lunch, but.",0,/Users/minjoolee/Downloads/MUStARD/PodSarc/all_processed/overly-sarcastic-podcast__ospod-episode-56/ospod-episode-56_343.mp3
56_344,56,"I would probably, like, preempt the next breakfast. So, like, a bagel would be good and enough carbs that it would just knock me out that late at night.",0,/Users/minjoolee/Downloads/MUStARD/PodSarc/all_processed/overly-sarcastic-podcast__ospod-episode-56/ospod-episode-56_344.mp3
56_345,56,"Uh, maybe like a bowl of cereal I've had a couple times, just like, you know, it's, it's 1 a.m. Oh, fuck, I'll have some cereal. Um, sneaky, like early breakfast is essentially the, the, the rare handful of times where I have had dark lunch. It's almost always just, just pre-breakfast breakfast.",1,/Users/minjoolee/Downloads/MUStARD/PodSarc/all_processed/overly-sarcastic-podcast__ospod-episode-56/ospod-episode-56_345.mp3
56_349,56,"Sometimes I'll like wake up because I, I, I had dinner at a weird time and then I went to bed way later. So like, I was already like 90% of the way to the next time you need to eat. And then I fell asleep and slept through it. So I wake up and my body's like, what the fuck is happening?",0,/Users/minjoolee/Downloads/MUStARD/PodSarc/all_processed/overly-sarcastic-podcast__ospod-episode-56/ospod-episode-56_349.mp3
56_353,56,"Nothing too crazy, like sometimes with lunch, that's when you start getting the meals that are really heavy, just like big bricks of stuff.",1,/Users/minjoolee/Downloads/MUStARD/PodSarc/all_processed/overly-sarcastic-podcast__ospod-episode-56/ospod-episode-56_353.mp3
56_354,56,"and, or like, that's when you get things that are like, it's like a salad with like a whole chunk of meat on it or something like that. Like, around lunch is when those start becoming acceptable things.",0,/Users/minjoolee/Downloads/MUStARD/PodSarc/all_processed/overly-sarcastic-podcast__ospod-episode-56/ospod-episode-56_354.mp3
56_363,56,"And then you lay the two pieces of sandwich bread, like, next to each other, in the, the liquid egg of the omelet. So, it's like, egg and then sandwich.",0,/Users/minjoolee/Downloads/MUStARD/PodSarc/all_processed/overly-sarcastic-podcast__ospod-episode-56/ospod-episode-56_363.mp3
56_367,56,"You know how it is with TikTok, like.",1,/Users/minjoolee/Downloads/MUStARD/PodSarc/all_processed/overly-sarcastic-podcast__ospod-episode-56/ospod-episode-56_367.mp3
56_373,56,"Thanks so much for listening to this week's episode of the Overly Sarcastic Podcast. We'll be back on November 30th with another thrilling installment featuring special guest Yellow, uh, aka Ludo History. But if you missed us before then, check out Overly Sarcastic Productions on YouTube.",1,/Users/minjoolee/Downloads/MUStARD/PodSarc/all_processed/overly-sarcastic-podcast__ospod-episode-56/ospod-episode-56_373.mp3
57_1,57,I have a degree in this. I'd also be running the other direction of TVH.,1,/Users/minjoolee/Downloads/MUStARD/PodSarc/all_processed/overly-sarcastic-podcast__ospod-episode-57/ospod-episode-57_1.mp3
57_17,57,Yikes. Oh my god.,0,/Users/minjoolee/Downloads/MUStARD/PodSarc/all_processed/overly-sarcastic-podcast__ospod-episode-57/ospod-episode-57_17.mp3
57_20,57,"Yeah, that one was a nice, fun, relatively short little, uh, little vignette. Uh, the fun thing about Greek myths is they are either decade-spanning odysseys, or they are a funny thing happened one time, and that's all you get.",1,/Users/minjoolee/Downloads/MUStARD/PodSarc/all_processed/overly-sarcastic-podcast__ospod-episode-57/ospod-episode-57_20.mp3
57_31,57,"So I had fun with that one, and it looked like, uh, most of our audience didn't know.",0,/Users/minjoolee/Downloads/MUStARD/PodSarc/all_processed/overly-sarcastic-podcast__ospod-episode-57/ospod-episode-57_31.mp3
57_32,57,"literally, as I said, it was revealed to me in a dream. I got a text from Billy, who was the guy who in the discord all the time says it was revealed to me in a dream as a joke because there was actually an Egyptian source. I think Manet though. Yeah.",1,/Users/minjoolee/Downloads/MUStARD/PodSarc/all_processed/overly-sarcastic-podcast__ospod-episode-57/ospod-episode-57_32.mp3
57_33,57,"Who said that? Wow. Billy, get out of my head.",0,/Users/minjoolee/Downloads/MUStARD/PodSarc/all_processed/overly-sarcastic-podcast__ospod-episode-57/ospod-episode-57_33.mp3
57_39,57,"like, yeah, yeah. Yeah, this thing's like a Pokemon evolution. Like, this is the, uh, this is the Alolan Kirby. Uh, and the, the, the one thing I, the fun fact I didn't mention in the video is that that specific Daedalus is supposed to have an owl head, which is why it has the little V-shaped smile mouth, cause it's supposed to be a little beak. Uh, which, which means what it actually is, is the, the tube owl, uh, hoodie from the owl house.",1,/Users/minjoolee/Downloads/MUStARD/PodSarc/all_processed/overly-sarcastic-podcast__ospod-episode-57/ospod-episode-57_39.mp3
57_42,57,"Like a description of what it is. So in this case, it's like the Daedalus Festival. And that's like, nobody's going to know what that means.",1,/Users/minjoolee/Downloads/MUStARD/PodSarc/all_processed/overly-sarcastic-podcast__ospod-episode-57/ospod-episode-57_42.mp3
57_43,57,"Even in ancient Greece, they barely knew what that meant. Okay, what, what else do we got? Uh, okay, uh, like the, the, the, Zeus and Hera have a fight. No, that's not specific enough.",1,/Users/minjoolee/Downloads/MUStARD/PodSarc/all_processed/overly-sarcastic-podcast__ospod-episode-57/ospod-episode-57_43.mp3
57_44,57,"This isn't like when we were doing the, the golden net myth with Aphrodite and Hephaestus and Ares, where it was like, we could title this almost anything, and it would be spicy. Like, you know, I think I just did, what, the Aphrodite affair or something like that? The Ares affair. The Ares affair.",1,/Users/minjoolee/Downloads/MUStARD/PodSarc/all_processed/overly-sarcastic-podcast__ospod-episode-57/ospod-episode-57_44.mp3
57_48,57,"hold on, yeah, maximum spice for flavors. So that was a lot of fun. Uh, and honestly, like the short ones are always good because I, you know, they're pretty quick to illustrate so I can kind of go ham on it a little bit. Although this one, there wasn't really much to make too complicated.",0,/Users/minjoolee/Downloads/MUStARD/PodSarc/all_processed/overly-sarcastic-podcast__ospod-episode-57/ospod-episode-57_48.mp3
57_52,57,"You know, everyone knows that if you flatten a character down to just, like, the sort of flanderized, like, haha, Zeus is always a hornball, et cetera, et cetera, it's like,",1,/Users/minjoolee/Downloads/MUStARD/PodSarc/all_processed/overly-sarcastic-podcast__ospod-episode-57/ospod-episode-57_52.mp3
57_53,57,"half of that conversation is about how ridiculous and weird they act when you look at them from that perspective and it's like, yes, that's because that's not the way they are intended.",1,/Users/minjoolee/Downloads/MUStARD/PodSarc/all_processed/overly-sarcastic-podcast__ospod-episode-57/ospod-episode-57_53.mp3
57_55,57,"You know, a thousand years of Greek mythology, you're not supposed to be.",0,/Users/minjoolee/Downloads/MUStARD/PodSarc/all_processed/overly-sarcastic-podcast__ospod-episode-57/ospod-episode-57_55.mp3
57_57,57,What was once a living religion from the perspective of a modern day book series?,1,/Users/minjoolee/Downloads/MUStARD/PodSarc/all_processed/overly-sarcastic-podcast__ospod-episode-57/ospod-episode-57_57.mp3
57_58,57,You are going to be confused and disappointed and frequently angry.,0,/Users/minjoolee/Downloads/MUStARD/PodSarc/all_processed/overly-sarcastic-podcast__ospod-episode-57/ospod-episode-57_58.mp3
57_78,57,"Spoil the ending of God of War 2018 and the first five hours of God of War Ragnarok. Uh, the big reveal from the end of God of War was that this Atreus kiddo is Loki. And the way that they wrap that up into the North's myths by inserting Kratos into the role of Farbautu, cruel striker, was like, oh, this is a clever thing. And then in this game, we open up with Atreus being like, who the hell is Loki? What do I do?",1,/Users/minjoolee/Downloads/MUStARD/PodSarc/all_processed/overly-sarcastic-podcast__ospod-episode-57/ospod-episode-57_78.mp3
57_84,57,"I, I think I saw like a, like a Tumblr post that named it like a Shrouding Ekov's Gunblade or something like that. We don't need to get into this. Um, the point is like.",1,/Users/minjoolee/Downloads/MUStARD/PodSarc/all_processed/overly-sarcastic-podcast__ospod-episode-57/ospod-episode-57_84.mp3
57_89,57,"They're doing a little bit of column A, a little bit of column B. Parts I played ahead, they just fully break the mythology.",0,/Users/minjoolee/Downloads/MUStARD/PodSarc/all_processed/overly-sarcastic-podcast__ospod-episode-57/ospod-episode-57_89.mp3
57_90,57,"Well, you know, you can break the mythology while still keeping the individual bits out of order.",1,/Users/minjoolee/Downloads/MUStARD/PodSarc/all_processed/overly-sarcastic-podcast__ospod-episode-57/ospod-episode-57_90.mp3
57_94,57,"Interesting fights and having an interesting meditation on how these characters relate to each other. Uh, right. Doing good storytelling work, just not necessarily great mythology work or great representations of how complicated and interesting even like the very obscure figures can be.",1,/Users/minjoolee/Downloads/MUStARD/PodSarc/all_processed/overly-sarcastic-podcast__ospod-episode-57/ospod-episode-57_94.mp3
57_95,57,"In God of War's defense, they've never really done that.",1,/Users/minjoolee/Downloads/MUStARD/PodSarc/all_processed/overly-sarcastic-podcast__ospod-episode-57/ospod-episode-57_95.mp3
57_97,57,"Okay, sure. Um, I, I'm holding out hope that they will circle back to the cool bits of the Ragnarok mythos and it'll be like, Oh, so that thing from there is actually here. Whoa. But I'm not holding my breath and it's not going to ruin my day if they don't.",1,/Users/minjoolee/Downloads/MUStARD/PodSarc/all_processed/overly-sarcastic-podcast__ospod-episode-57/ospod-episode-57_97.mp3
57_99,57,"Ooh, the most surprising thing? Um.",0,/Users/minjoolee/Downloads/MUStARD/PodSarc/all_processed/overly-sarcastic-podcast__ospod-episode-57/ospod-episode-57_99.mp3
57_100,57,"Some of the cuts they're making, right? It's the duality of mythology. All the big important figures get completely trampled over, uh, get introduced, get thrown away. And then they make some randoms, like incredibly deep cuts, uh, that are really like thoughtfully done and interesting. And I'm just like,",1,/Users/minjoolee/Downloads/MUStARD/PodSarc/all_processed/overly-sarcastic-podcast__ospod-episode-57/ospod-episode-57_100.mp3
57_102,57,a handful of sources as this ginormous whale that lives somewhere in the Baltic that is so big that only two of it live in the entire world.,1,/Users/minjoolee/Downloads/MUStARD/PodSarc/all_processed/overly-sarcastic-podcast__ospod-episode-57/ospod-episode-57_102.mp3
57_107,57,"of a lot of people who are very deep into mythology and know a lot of the fun facts about it, but ultimately the needs of the gameplay are a little bit like, you, you've got to be able to slaughter your way through a room of interchangeable bad guys or occasionally circle around an arena with one bad guy and then chop its head off. Uh, so like everything can be really interesting up to a point. Yup. You know, none of us have finished the game yet. We'll see how they bring it home. Uh, so.",1,/Users/minjoolee/Downloads/MUStARD/PodSarc/all_processed/overly-sarcastic-podcast__ospod-episode-57/ospod-episode-57_107.mp3
57_109,57,"Because yeah, we've, we've got a crazy cool lineup. I'm so happy about all the guests agreed to and.",0,/Users/minjoolee/Downloads/MUStARD/PodSarc/all_processed/overly-sarcastic-podcast__ospod-episode-57/ospod-episode-57_109.mp3
57_112,57,"That's very cool. I'm absolutely delighted that they've all agreed to come on, uh, and.",0,/Users/minjoolee/Downloads/MUStARD/PodSarc/all_processed/overly-sarcastic-podcast__ospod-episode-57/ospod-episode-57_112.mp3
57_121,57,milestone of two million of you guys. Wow. And then also the looming 10th anniversary of the first,0,/Users/minjoolee/Downloads/MUStARD/PodSarc/all_processed/overly-sarcastic-podcast__ospod-episode-57/ospod-episode-57_121.mp3
57_129,57,"No, yeah, it was interesting. Uh, I think that your idea to frame it as like 10 lessons slash 11 lessons, you know, if we index at zero, uh, was, uh, was a really good one because it, it helped us kind of structure the discussion.",0,/Users/minjoolee/Downloads/MUStARD/PodSarc/all_processed/overly-sarcastic-podcast__ospod-episode-57/ospod-episode-57_129.mp3
57_133,57,fun discussion.,0,/Users/minjoolee/Downloads/MUStARD/PodSarc/all_processed/overly-sarcastic-podcast__ospod-episode-57/ospod-episode-57_133.mp3
57_141,57,"Hey, kid. Yeah. So, like, obviously, like, at the time, I, like, that would be rude. And then after it's like, well, there's no point. Like, why, why would I bring that up? Everything's going great. But with the retrospective, it's like, Oh man, I almost fucked this up by not letting that happen. Um.",1,/Users/minjoolee/Downloads/MUStARD/PodSarc/all_processed/overly-sarcastic-podcast__ospod-episode-57/ospod-episode-57_141.mp3
57_146,57,"In that case, the flip side of that is that it was absolutely the right call, and me doing my own thing works way better.",0,/Users/minjoolee/Downloads/MUStARD/PodSarc/all_processed/overly-sarcastic-podcast__ospod-episode-57/ospod-episode-57_146.mp3
57_148,57,"deeper into academia than what we do. Like we, we sort of do a lot of things on the surface with like little dives into individual parts. And you're a lot better at getting like very methodical and in the weeds and in space where like my eyes glaze over like two levels down.",0,/Users/minjoolee/Downloads/MUStARD/PodSarc/all_processed/overly-sarcastic-podcast__ospod-episode-57/ospod-episode-57_148.mp3
57_149,57,"Blue struggles with anything outside of the Mediterranean, so, um, and when we were having this conversation, like, the thing is, not to, like, pull back the curtain too far, but it's a fairly regular occurrence that someone will be like, hey, I want to join your channel, I have an idea for what I can do, and it would be my niche, and we're almost always like,",1,/Users/minjoolee/Downloads/MUStARD/PodSarc/all_processed/overly-sarcastic-podcast__ospod-episode-57/ospod-episode-57_149.mp3
57_152,57,"It's honestly worked super well and right. The long form content is just something that, I mean.",0,/Users/minjoolee/Downloads/MUStARD/PodSarc/all_processed/overly-sarcastic-podcast__ospod-episode-57/ospod-episode-57_152.mp3
57_155,57,"That was a long ways out. No, not so much. I think what was really cool about the way that you do your stuff and how it probably would not have.",0,/Users/minjoolee/Downloads/MUStARD/PodSarc/all_processed/overly-sarcastic-podcast__ospod-episode-57/ospod-episode-57_155.mp3
57_157,57,"We are also bad at dealing with like, uh, coordinating with, uh, with collabs and guests and stuff. We've done it a few times and the ones that we've done, we liked.",0,/Users/minjoolee/Downloads/MUStARD/PodSarc/all_processed/overly-sarcastic-podcast__ospod-episode-57/ospod-episode-57_157.mp3
57_170,57,mm-hm.,0,/Users/minjoolee/Downloads/MUStARD/PodSarc/all_processed/overly-sarcastic-podcast__ospod-episode-57/ospod-episode-57_170.mp3
57_172,57,"and, uh, otherwise, um, pins!",0,/Users/minjoolee/Downloads/MUStARD/PodSarc/all_processed/overly-sarcastic-podcast__ospod-episode-57/ospod-episode-57_172.mp3
57_179,57,"Yeah. So I guess in this case, history, Norse style.",0,/Users/minjoolee/Downloads/MUStARD/PodSarc/all_processed/overly-sarcastic-podcast__ospod-episode-57/ospod-episode-57_179.mp3
57_194,57,"temper my own excitement for this thing that I just discovered and thought was super cool and fun and wanted to tell the world about with the fact that, um, these societies were full of terrible people and did terrible things and the people nowadays who think that these societies",0,/Users/minjoolee/Downloads/MUStARD/PodSarc/all_processed/overly-sarcastic-podcast__ospod-episode-57/ospod-episode-57_194.mp3
57_196,57,"I can simultaneously recognize the things about ancient Greece and Rome that are really, really cool, while also laughing in their face about the things that are dumb, which is a very effective way to disarm the ideology around",0,/Users/minjoolee/Downloads/MUStARD/PodSarc/all_processed/overly-sarcastic-podcast__ospod-episode-57/ospod-episode-57_196.mp3
57_198,57,"I, I, the endless screaming, uh, in the background there is in fact me, uh, at my entire field. Uh, but no, I'm actually going to have a different take, uh, on, you know, being a streamer and how you'd like do history in games. Cause.",1,/Users/minjoolee/Downloads/MUStARD/PodSarc/all_processed/overly-sarcastic-podcast__ospod-episode-57/ospod-episode-57_198.mp3
57_201,57,"Right. You have to, like, unravel the whole game. Exactly. Yeah.",0,/Users/minjoolee/Downloads/MUStARD/PodSarc/all_processed/overly-sarcastic-podcast__ospod-episode-57/ospod-episode-57_201.mp3
57_206,57,Showcasing that skill set is itself?,0,/Users/minjoolee/Downloads/MUStARD/PodSarc/all_processed/overly-sarcastic-podcast__ospod-episode-57/ospod-episode-57_206.mp3
57_211,57,"I, hold on. I've got something on this. Let's go dig this up. Let me go pull up JSTOR in the middle of a stream and then actually go through that process is more impressive to show where.",0,/Users/minjoolee/Downloads/MUStARD/PodSarc/all_processed/overly-sarcastic-podcast__ospod-episode-57/ospod-episode-57_211.mp3
57_215,57,"Ugh, terrifying. Alright, well, we've got a bunch of other questions to get through today. This one comes from SpaceCatStar56 to Yellow. You probably get this question a lot, but how did you get interested in history?",0,/Users/minjoolee/Downloads/MUStARD/PodSarc/all_processed/overly-sarcastic-podcast__ospod-episode-57/ospod-episode-57_215.mp3
57_223,57,"Well, I won't say that it was pretty well, that was when it locked it in, um, because I did terrify a tour guide at Mount Vernon by knowing way too much about the Marquis de Lafayette already at that point.",1,/Users/minjoolee/Downloads/MUStARD/PodSarc/all_processed/overly-sarcastic-podcast__ospod-episode-57/ospod-episode-57_223.mp3
57_225,57,"I also went to Colonial Williamsburg as a youth, although I'd also been to several Renaissance Fairs at that point and found the whole thing rather underwhelming as a result.",1,/Users/minjoolee/Downloads/MUStARD/PodSarc/all_processed/overly-sarcastic-podcast__ospod-episode-57/ospod-episode-57_225.mp3
57_228,57,Right. I didn't know that about you.,0,/Users/minjoolee/Downloads/MUStARD/PodSarc/all_processed/overly-sarcastic-podcast__ospod-episode-57/ospod-episode-57_228.mp3
57_236,57,"So in my mind, it is hard to take those things and separate them. Cause I'm like, no, that's a guy I know.",0,/Users/minjoolee/Downloads/MUStARD/PodSarc/all_processed/overly-sarcastic-podcast__ospod-episode-57/ospod-episode-57_236.mp3
57_240,57,"So, we were on a, a, a walking tour of downtown Philadelphia as you do with everybody impersonating all, all the guys, whole, whole gang, uh, you know, the boys, uh, just sign in some declarations of like, fuck the king or whatever, um, and,",1,/Users/minjoolee/Downloads/MUStARD/PodSarc/all_processed/overly-sarcastic-podcast__ospod-episode-57/ospod-episode-57_240.mp3
57_241,57,"Yeah, yeah.",0,/Users/minjoolee/Downloads/MUStARD/PodSarc/all_processed/overly-sarcastic-podcast__ospod-episode-57/ospod-episode-57_241.mp3
57_243,57,"delaying all of us. So, eventually, after that, we had our meal and I was like, hey, Mr. Jefferson, to, to fight against, uh, the British, do you think that we should go and invade England? He's like, you know, no one's proposed that, but it could work. He's like, would that be a good strategy to win the war? He's like, I don't.",1,/Users/minjoolee/Downloads/MUStARD/PodSarc/all_processed/overly-sarcastic-podcast__ospod-episode-57/ospod-episode-57_243.mp3
57_244,57,"I don't know if we have manpower to divert for that one, but you know, we can always give it a shot.",1,/Users/minjoolee/Downloads/MUStARD/PodSarc/all_processed/overly-sarcastic-podcast__ospod-episode-57/ospod-episode-57_244.mp3
57_249,57,I like the part of National Treasure that happened in New York City. The end? Yeah.,0,/Users/minjoolee/Downloads/MUStARD/PodSarc/all_processed/overly-sarcastic-podcast__ospod-episode-57/ospod-episode-57_249.mp3
57_251,57,"Yeah, that came up on the, uh, MovieStruck episode about the National Treasure of Summoner. Oh yeah. But, uh, we've got more questions to get through before this becomes just, uh, inadvertently Indigo hijacks the podcast to talk about Philadelphia for more time. Uh, this question comes from Marsh2all. Who has the YouTube play buttons?",1,/Users/minjoolee/Downloads/MUStARD/PodSarc/all_processed/overly-sarcastic-podcast__ospod-episode-57/ospod-episode-57_251.mp3
57_262,57,"And then, I had some, like, kitchen Greek from going to visit, you know, my grandparents every year. So, like, enough to not starve in a house, but not enough to get anything done. Um, but then, of course, having studied some ancient Greek, like, yeah, like, I can read a little bit of the New Testament, but don't make me order food at a restaurant. I don't know the right verb forms for casual conversation. Um, so, like, I, the only one that I would say I can speak",1,/Users/minjoolee/Downloads/MUStARD/PodSarc/all_processed/overly-sarcastic-podcast__ospod-episode-57/ospod-episode-57_262.mp3
57_263,57,"is Italian. But even still, if you talk back at me a little too fast, I'm gone.",1,/Users/minjoolee/Downloads/MUStARD/PodSarc/all_processed/overly-sarcastic-podcast__ospod-episode-57/ospod-episode-57_263.mp3
57_264,57,Yeah. I have enough trouble understanding conversational English if too many people are talking at once. Don't add another language on top of that.,1,/Users/minjoolee/Downloads/MUStARD/PodSarc/all_processed/overly-sarcastic-podcast__ospod-episode-57/ospod-episode-57_264.mp3
57_265,57,"Yeah, uh, I learned Spanish, uh, all through middle and high school. Not that that means I can speak it. Uh, I can sort of understand it. Uh, I learned, I took a year of Japanese and I've had it on Duolingo, uh, ever since. So I.",1,/Users/minjoolee/Downloads/MUStARD/PodSarc/all_processed/overly-sarcastic-podcast__ospod-episode-57/ospod-episode-57_265.mp3
57_265,57,"Yeah, uh, I learned Spanish, uh, all through middle and high school. Not that that means I can speak it. Uh, I can sort of understand it. Uh, I learned, I took a year of Japanese and I've had it on Duolingo, uh, ever since. So I.",1,/Users/minjoolee/Downloads/MUStARD/PodSarc/all_processed/overly-sarcastic-podcast__ospod-episode-57/ospod-episode-57_265.mp3
57_272,57,And then it made perfect sense that they were furious about it.,1,/Users/minjoolee/Downloads/MUStARD/PodSarc/all_processed/overly-sarcastic-podcast__ospod-episode-57/ospod-episode-57_272.mp3
57_273,57,"And I have, uh, I have tried and failed to learn ASL. Uh, I believe in preschool I actually had a teacher that, uh, taught us some of it. And then I think someone, uh, mixed up which class I was in because they pushed me on stage with another class that was doing a performance of a song, singing it and with ASL, and I didn't know what the hell I was supposed to do. So that's right. I literally lived a nightmare, but I was so young, I barely understood it. Uh, so that's why I'm not good at ASL.",0,/Users/minjoolee/Downloads/MUStARD/PodSarc/all_processed/overly-sarcastic-podcast__ospod-episode-57/ospod-episode-57_273.mp3
57_280,57,Mm-hm.,0,/Users/minjoolee/Downloads/MUStARD/PodSarc/all_processed/overly-sarcastic-podcast__ospod-episode-57/ospod-episode-57_280.mp3
57_281,57,"Earlier that year, I had spent a week in Mexico in like a full immersion by force kind of thing because, uh,",1,/Users/minjoolee/Downloads/MUStARD/PodSarc/all_processed/overly-sarcastic-podcast__ospod-episode-57/ospod-episode-57_281.mp3
57_289,57,"get big enough to make a book out of. I could, I, my master's thesis was 50 pages. That was, that's about as much as that master's thesis could take, uh, before I was just adding stuff in for the sake of it. So, right now I don't really have any plans for that, but yeah, I'm not, uh, no. If, if I go back into academia proper, I'm not opposed to that idea, but right now, uh, right, I've put out",0,/Users/minjoolee/Downloads/MUStARD/PodSarc/all_processed/overly-sarcastic-podcast__ospod-episode-57/ospod-episode-57_289.mp3
57_291,57,"Yeah, there, there is books worth of content on the assembled library of your stream VODs, but it's streams, and it's presented in such a way that there, there's no way to, to like, take a transcript of that and turn it into a book. It's, it is so paired to the medium of streaming that it, sorry, Cleo's doing some more crime in the other room, that it wouldn't work any other way.",0,/Users/minjoolee/Downloads/MUStARD/PodSarc/all_processed/overly-sarcastic-podcast__ospod-episode-57/ospod-episode-57_291.mp3
57_292,57,This next question comes from tomato cannot into productive.,1,/Users/minjoolee/Downloads/MUStARD/PodSarc/all_processed/overly-sarcastic-podcast__ospod-episode-57/ospod-episode-57_292.mp3
57_294,57,"I, I, Honda wasn't just all the Twilight Princess when I was in high school.",0,/Users/minjoolee/Downloads/MUStARD/PodSarc/all_processed/overly-sarcastic-podcast__ospod-episode-57/ospod-episode-57_294.mp3
57_297,57,"I'm not intentionally 100%, sorry, sorry, I'm not intentionally 100%ing Breath of the Wild, but I am, uh, the first time I played through it, I once again got far too invested in saving my girl Zelda, so I kind of just sped through it as quickly as I could, uh, but now I, it's been long enough and I'm taking my sweet time, you know, I'm getting all the memories, uh, I mean, I got all the memories last time, cause otherwise it's not the true ending, you know, uh,",1,/Users/minjoolee/Downloads/MUStARD/PodSarc/all_processed/overly-sarcastic-podcast__ospod-episode-57/ospod-episode-57_297.mp3
57_301,57,"I was the best final ninja. Um, but that was a flash game. I was the finalist ninja. Yeah. Yeah. Uh, but that was a flash game. So I don't think it counts. Hey, they said any game in any way. It counts.",0,/Users/minjoolee/Downloads/MUStARD/PodSarc/all_processed/overly-sarcastic-podcast__ospod-episode-57/ospod-episode-57_301.mp3
57_308,57,"Yeah. Actually, I think I did the whole World of Light run in Smash Bros. Ultimate. Uh, just to unlock all the characters. Cause I didn't realize you could unlock them by not doing that. Um, so. I played through 75% of that friggin' map before they let me have my boy Ike. Um, anyway. Yeah.",1,/Users/minjoolee/Downloads/MUStARD/PodSarc/all_processed/overly-sarcastic-podcast__ospod-episode-57/ospod-episode-57_308.mp3
57_311,57,"And the DLC. This is, don't, don't do it. Don't do it. I don't recommend it.",0,/Users/minjoolee/Downloads/MUStARD/PodSarc/all_processed/overly-sarcastic-podcast__ospod-episode-57/ospod-episode-57_311.mp3
57_314,57,Don't 100% complete something unless it's fun for you. Don't do what I'm doing.,0,/Users/minjoolee/Downloads/MUStARD/PodSarc/all_processed/overly-sarcastic-podcast__ospod-episode-57/ospod-episode-57_314.mp3
57_319,57,"They advertise the Solstheim questline to you so aggressively. No, they just sent a couple guys after me.",0,/Users/minjoolee/Downloads/MUStARD/PodSarc/all_processed/overly-sarcastic-podcast__ospod-episode-57/ospod-episode-57_319.mp3
57_323,57,"It's one of, like, two or three active quest lines you will have at that point, so it's like, I guess.",0,/Users/minjoolee/Downloads/MUStARD/PodSarc/all_processed/overly-sarcastic-podcast__ospod-episode-57/ospod-episode-57_323.mp3
57_324,57,"I play every game by typically, uh, following the main quest line until I get bored and then I find the closest mountain and I start climbing it, which is why Breath of the Wild is the ideal game and, uh, Skyrim routinely punishes me by throwing dragons at my face, uh, which is how I kept getting all these Daedric quests without realizing at one point I was like getting",1,/Users/minjoolee/Downloads/MUStARD/PodSarc/all_processed/overly-sarcastic-podcast__ospod-episode-57/ospod-episode-57_324.mp3
57_325,57,"Blasted by a dragon, and I just raided the trunk really quickly, like, get all the stuff.",0,/Users/minjoolee/Downloads/MUStARD/PodSarc/all_processed/overly-sarcastic-podcast__ospod-episode-57/ospod-episode-57_325.mp3
57_329,57,I have a degree in this. I'd also be running the other direction of TVH.,1,/Users/minjoolee/Downloads/MUStARD/PodSarc/all_processed/overly-sarcastic-podcast__ospod-episode-57/ospod-episode-57_329.mp3
57_335,57,"I think, yeah, Idun and her husband Bragi are almost certainly the only correct choice.",0,/Users/minjoolee/Downloads/MUStARD/PodSarc/all_processed/overly-sarcastic-podcast__ospod-episode-57/ospod-episode-57_335.mp3
57_340,57,"As long as you go in that direction with a microphone while you are also saying the outro, you can run.",1,/Users/minjoolee/Downloads/MUStARD/PodSarc/all_processed/overly-sarcastic-podcast__ospod-episode-57/ospod-episode-57_340.mp3
57_343,57,"We'll also, as always, be back on Friday with more videos. Also, check out the currently going Lunar History God of War streams, because those are an absolute party.",1,/Users/minjoolee/Downloads/MUStARD/PodSarc/all_processed/overly-sarcastic-podcast__ospod-episode-57/ospod-episode-57_343.mp3
58_5,58,"Oh, don't worry. I have another podcast in the evening that will also be seeing a share of The Brew.",1,/Users/minjoolee/Downloads/MUStARD/PodSarc/all_processed/overly-sarcastic-podcast__ospod-episode-58/ospod-episode-58_5.mp3
58_11,58,Find it. Put them on every horizontal surface in my living space.,1,/Users/minjoolee/Downloads/MUStARD/PodSarc/all_processed/overly-sarcastic-podcast__ospod-episode-58/ospod-episode-58_11.mp3
58_13,58,"So, like, every display piece I own is like, this stays in the box for at least another week or two until I get some clean horizontal surfaces, and then, and then. Then.",0,/Users/minjoolee/Downloads/MUStARD/PodSarc/all_processed/overly-sarcastic-podcast__ospod-episode-58/ospod-episode-58_13.mp3
58_14,58,Ben. Ben. Ben. Ben. Ben. Ben. Ben. Ben. Ben. Ben. Ben. Ben. Ben. Ben. Ben. Ben. Ben.,0,/Users/minjoolee/Downloads/MUStARD/PodSarc/all_processed/overly-sarcastic-podcast__ospod-episode-58/ospod-episode-58_14.mp3
58_18,58,"boom. This is, this is what I think the future is. You know, I'm not, I am no, I am by no means any sort of like further VR advocate because.",1,/Users/minjoolee/Downloads/MUStARD/PodSarc/all_processed/overly-sarcastic-podcast__ospod-episode-58/ospod-episode-58_18.mp3
58_27,58,"Yeah. I have historically, uh, I, I've tried to mess around with 3D modelers like Blender before. And the biggest thing that's always frustrated me is A, the incredibly complicated control schemes and B, like, I can't make, I don't know what part of it I'm grabbing. I hate this. So, endless respect to everybody who like 3D animates and models for a living. But I, I definitely think that the VR approach is a, it's a very unique, but",0,/Users/minjoolee/Downloads/MUStARD/PodSarc/all_processed/overly-sarcastic-podcast__ospod-episode-58/ospod-episode-58_27.mp3
58_42,58,"Yeah, you drill a little hole in like the ankle of the statue or like in the heel and it just boop comes right out, which is how they found like Greek statues. Like, why are there like,",0,/Users/minjoolee/Downloads/MUStARD/PodSarc/all_processed/overly-sarcastic-podcast__ospod-episode-58/ospod-episode-58_42.mp3
58_54,58,"Yeah. And that was basically just like, just let us know exactly what Pantone color you want the enamel to be and we'll just take it from there. It's like, okay, great. Uh, so just kind of learning about the actual physicality of how this works was a real treat for me. It was, it was like a, how it's made that we were in.",0,/Users/minjoolee/Downloads/MUStARD/PodSarc/all_processed/overly-sarcastic-podcast__ospod-episode-58/ospod-episode-58_54.mp3
58_56,58,"Gosh, you know, it, like, no one ever talks about it. No one ever talks about, like, how our stuff is made, you know, and just, I, I come from mechanical engineering and it's just.",0,/Users/minjoolee/Downloads/MUStARD/PodSarc/all_processed/overly-sarcastic-podcast__ospod-episode-58/ospod-episode-58_56.mp3
58_65,58,"But, uh, anyway, uh, but yes, it's so cool, so fun. Everybody definitely check out, uh, Doom Co. Designs. You've got, obviously, along with the monkeys, there's a bunch of other stuff you sculpted, mostly tardigrades, which is extremely cool, but also other things.",0,/Users/minjoolee/Downloads/MUStARD/PodSarc/all_processed/overly-sarcastic-podcast__ospod-episode-58/ospod-episode-58_65.mp3
58_66,58,"Yeah, yeah.",0,/Users/minjoolee/Downloads/MUStARD/PodSarc/all_processed/overly-sarcastic-podcast__ospod-episode-58/ospod-episode-58_66.mp3
58_70,58,"The packaging design is really, really fun, you know. It's so fun. Yeah. Yeah.",0,/Users/minjoolee/Downloads/MUStARD/PodSarc/all_processed/overly-sarcastic-podcast__ospod-episode-58/ospod-episode-58_70.mp3
58_72,58,"you had idiot plots, which was a fun one, the thumbnail. Cause usually you will like use.",1,/Users/minjoolee/Downloads/MUStARD/PodSarc/all_processed/overly-sarcastic-podcast__ospod-episode-58/ospod-episode-58_72.mp3
58_73,58,"Um, you know, some, some characters from the video for the thumbnail of the Trope Talks. Um, sometimes you draw them, but for most times, like, you know, you pull a character image. And this one was probably one of the most evocative because it's just like Batman v Superman. There it is.",1,/Users/minjoolee/Downloads/MUStARD/PodSarc/all_processed/overly-sarcastic-podcast__ospod-episode-58/ospod-episode-58_73.mp3
58_74,58,"There it is, baby. I mean, Thumbnailing the Trope Talks is the hardest part because they often cover so much ground and sometimes the examples that are like most important aren't necessarily things that thumbnail easily. But in this case, I was like, should I just?",0,/Users/minjoolee/Downloads/MUStARD/PodSarc/all_processed/overly-sarcastic-podcast__ospod-episode-58/ospod-episode-58_74.mp3
58_75,58,"Should I just go for it? Should I just do the spiciest, clickbait-iest option? And it ended up being good because that is kind of the example I kept coming back to in that video. Not because I enjoy particularly dunking on that movie. It's, it's not, it's not that. Like there's.",1,/Users/minjoolee/Downloads/MUStARD/PodSarc/all_processed/overly-sarcastic-podcast__ospod-episode-58/ospod-episode-58_75.mp3
58_77,58,"It's just such a really textbook good example of the specific thing I was talking about, of like, if you have the characters and then you make them behave in a certain way for the plot to happen, the audience notices that it's stupid and weird, and then, like,",1,/Users/minjoolee/Downloads/MUStARD/PodSarc/all_processed/overly-sarcastic-podcast__ospod-episode-58/ospod-episode-58_77.mp3
58_81,58,I dunno. I think the average person on the street would probably.,0,/Users/minjoolee/Downloads/MUStARD/PodSarc/all_processed/overly-sarcastic-podcast__ospod-episode-58/ospod-episode-58_81.mp3
58_82,58,"throw up, uh, a better broad scale, like fodder plot.",0,/Users/minjoolee/Downloads/MUStARD/PodSarc/all_processed/overly-sarcastic-podcast__ospod-episode-58/ospod-episode-58_82.mp3
58_83,58,"I mean, if you look at it, it's, it's, it's so clear that what they started with is we need to make Batman fight Superman.",1,/Users/minjoolee/Downloads/MUStARD/PodSarc/all_processed/overly-sarcastic-podcast__ospod-episode-58/ospod-episode-58_83.mp3
58_88,58,"Shazam? Super good. Yeah. No one watched it, but Shazam is really good.",0,/Users/minjoolee/Downloads/MUStARD/PodSarc/all_processed/overly-sarcastic-podcast__ospod-episode-58/ospod-episode-58_88.mp3
58_91,58,"that's the thing, like, when they slowed down, when it stopped being so clearly obligation, things got good, uh, but Batman v Superman was kind of like the, the platonic ideal of",1,/Users/minjoolee/Downloads/MUStARD/PodSarc/all_processed/overly-sarcastic-podcast__ospod-episode-58/ospod-episode-58_91.mp3
58_100,58,"Yeah, yeah, yeah.",0,/Users/minjoolee/Downloads/MUStARD/PodSarc/all_processed/overly-sarcastic-podcast__ospod-episode-58/ospod-episode-58_100.mp3
58_107,58,"I would win this story. I could do this. I would, I'd be the best.",1,/Users/minjoolee/Downloads/MUStARD/PodSarc/all_processed/overly-sarcastic-podcast__ospod-episode-58/ospod-episode-58_107.mp3
58_108,58,"at Macbeth, I'd be so good at it, or, or, I mean, it's the old, like, well, if I had the Death Note, I'd never get caught, you know, shit like that. And it's like, it's, it's a fun thought experiment, but it's not a school of criticism. It's just a fun thing to do. It's, it's fanfic. Uh, and when you're, when you're approaching a story like, well, if I was in Romeo and Juliet, I'd just get the girl. It's like, yeah, maybe, but then it wouldn't be Romeo and Juliet. It would be, you know.",1,/Users/minjoolee/Downloads/MUStARD/PodSarc/all_processed/overly-sarcastic-podcast__ospod-episode-58/ospod-episode-58_108.mp3
58_112,58,"would have a great time killing Claudius, and, uh.",0,/Users/minjoolee/Downloads/MUStARD/PodSarc/all_processed/overly-sarcastic-podcast__ospod-episode-58/ospod-episode-58_112.mp3
58_118,58,"Yeah, no, no spice in this one, really. Um, it's just very simple. Yeah, it was a hijinks video. Yeah.",0,/Users/minjoolee/Downloads/MUStARD/PodSarc/all_processed/overly-sarcastic-podcast__ospod-episode-58/ospod-episode-58_118.mp3
58_123,58,"Yes, because no, he wasn't. Yeah, so, like, that doesn't really count. Like, in Roman, you know, legends, yes, but, uh, in, in history, you know, attested.",0,/Users/minjoolee/Downloads/MUStARD/PodSarc/all_processed/overly-sarcastic-podcast__ospod-episode-58/ospod-episode-58_123.mp3
58_144,58,"I'm just gonna leave that. I'm just gonna let that speak for itself and whatever associations the audience wants to make is what they have brought to the table. Cause I don't need to make that point. The point makes itself. That's true. Yeah. And that's an element of, of my, my historical storytelling that I feel like I've gotten a lot better at is cause like five years ago, I would have hammered that into the dirt.",1,/Users/minjoolee/Downloads/MUStARD/PodSarc/all_processed/overly-sarcastic-podcast__ospod-episode-58/ospod-episode-58_144.mp3
58_147,58,"I got to the part where it's like, yeah. And then they stormed in to stop the vote. And I was like, haha. And then, and then they started killing people. And I was like, huh.",0,/Users/minjoolee/Downloads/MUStARD/PodSarc/all_processed/overly-sarcastic-podcast__ospod-episode-58/ospod-episode-58_147.mp3
58_148,58,"Okay, gotta get through the rest of the script. Um, it's just, it's all fun and games until, uh, until, you know, you know, we don't need to, but I thought that was really interesting. Like the, cause you're right. The approach you took, I think was ideal. Cause it's like, I'm just, I'm just laying out what happened. And, uh, you know.",0,/Users/minjoolee/Downloads/MUStARD/PodSarc/all_processed/overly-sarcastic-podcast__ospod-episode-58/ospod-episode-58_148.mp3
58_149,58,"you know, you know. Oh, for sure.",0,/Users/minjoolee/Downloads/MUStARD/PodSarc/all_processed/overly-sarcastic-podcast__ospod-episode-58/ospod-episode-58_149.mp3
58_150,58,That's the good thing about it. I would be surprised if that's not the case to you.,0,/Users/minjoolee/Downloads/MUStARD/PodSarc/all_processed/overly-sarcastic-podcast__ospod-episode-58/ospod-episode-58_150.mp3
58_152,58,"If you put point A and point B out and then let the audience connect them, they'll remember it much more strongly than if you put it out and then drew the connection. It was like, look at that. That's nuts. Because then they'll remember, ah, this person was really trying to make a point.",1,/Users/minjoolee/Downloads/MUStARD/PodSarc/all_processed/overly-sarcastic-podcast__ospod-episode-58/ospod-episode-58_152.mp3
58_153,58,"It's, it's just, it's, it's interesting. You know, this is the kind of stuff that we've.",0,/Users/minjoolee/Downloads/MUStARD/PodSarc/all_processed/overly-sarcastic-podcast__ospod-episode-58/ospod-episode-58_153.mp3
58_160,58,"Like, getting close to breaking some laws. Like, Gaius was doing some, like, real big shit.",1,/Users/minjoolee/Downloads/MUStARD/PodSarc/all_processed/overly-sarcastic-podcast__ospod-episode-58/ospod-episode-58_160.mp3
58_163,58,"Don't apply to the modern, you know, interpretation of like, Oh, you know, January 6th kind of stuff.",0,/Users/minjoolee/Downloads/MUStARD/PodSarc/all_processed/overly-sarcastic-podcast__ospod-episode-58/ospod-episode-58_163.mp3
58_170,58,"So, I don't know what that ultimately says, but it's a thing.",1,/Users/minjoolee/Downloads/MUStARD/PodSarc/all_processed/overly-sarcastic-podcast__ospod-episode-58/ospod-episode-58_170.mp3
58_184,58,"Yeah, most definitely. Uh, we have got, uh.",0,/Users/minjoolee/Downloads/MUStARD/PodSarc/all_processed/overly-sarcastic-podcast__ospod-episode-58/ospod-episode-58_184.mp3
58_185,58,"I want to say, uh, the colorway name I chose was put off because he's a bit put off by something over to the left.",1,/Users/minjoolee/Downloads/MUStARD/PodSarc/all_processed/overly-sarcastic-podcast__ospod-episode-58/ospod-episode-58_185.mp3
58_186,58,"And, uh, crystal blue for December. Nice, uh, a nice cold, wintry colorway. Yeah. Yeah. Limited edition of 35 pieces and, um,",0,/Users/minjoolee/Downloads/MUStARD/PodSarc/all_processed/overly-sarcastic-podcast__ospod-episode-58/ospod-episode-58_186.mp3
58_199,58,The voice of a man. I'm 26.,1,/Users/minjoolee/Downloads/MUStARD/PodSarc/all_processed/overly-sarcastic-podcast__ospod-episode-58/ospod-episode-58_199.mp3
58_202,58,"You know, that you can just, like, stretch your bones out.",1,/Users/minjoolee/Downloads/MUStARD/PodSarc/all_processed/overly-sarcastic-podcast__ospod-episode-58/ospod-episode-58_202.mp3
58_206,58,Some of our needs don't work. A $10 drugstore microwaveable heat pad.,1,/Users/minjoolee/Downloads/MUStARD/PodSarc/all_processed/overly-sarcastic-podcast__ospod-episode-58/ospod-episode-58_206.mp3
58_207,58,"But anyway, uh, the thing is, like, I can't become that person who just recommends yoga. I can't. I refuse. But genuinely, like, if it's because.",1,/Users/minjoolee/Downloads/MUStARD/PodSarc/all_processed/overly-sarcastic-podcast__ospod-episode-58/ospod-episode-58_207.mp3
58_217,58,"However, the reason I feel personally victimized by this question is that within the context of me having just moved, I did hurt several parts of my body trying to lift heavy things. Because the difficulty of moving is that you have a lot of heavy things you have to lift and not a lot of time in which to do it.",1,/Users/minjoolee/Downloads/MUStARD/PodSarc/all_processed/overly-sarcastic-podcast__ospod-episode-58/ospod-episode-58_217.mp3
58_221,58,"have the opportunity to get the best form on each lift because everything is shaped weird. So I did acutely hurt several parts of my legs, arms, back, and shoulders in the course of the last, like,",1,/Users/minjoolee/Downloads/MUStARD/PodSarc/all_processed/overly-sarcastic-podcast__ospod-episode-58/ospod-episode-58_221.mp3
58_223,58,"But typically, no, my strategy is just sleep it off and try not to, like, further injure myself by doing bullshit.",1,/Users/minjoolee/Downloads/MUStARD/PodSarc/all_processed/overly-sarcastic-podcast__ospod-episode-58/ospod-episode-58_223.mp3
58_224,58,"I feel like we're hating on the beanbag strategy here, but it has been monumentally successful for me and my chronic pain issue.",1,/Users/minjoolee/Downloads/MUStARD/PodSarc/all_processed/overly-sarcastic-podcast__ospod-episode-58/ospod-episode-58_224.mp3
58_234,58,"It's the same principle, but with, you know, joint pain. Uh, we got more questions to get to.",1,/Users/minjoolee/Downloads/MUStARD/PodSarc/all_processed/overly-sarcastic-podcast__ospod-episode-58/ospod-episode-58_234.mp3
58_235,58,"Well, I think it's too off the rails. Devastating. This question comes from Eam.",0,/Users/minjoolee/Downloads/MUStARD/PodSarc/all_processed/overly-sarcastic-podcast__ospod-episode-58/ospod-episode-58_235.mp3
58_246,58,"wanna keep track of, uh, but don't necessarily need 24-7, but if I bookmark them, they'll just get lost in the crush, so.",0,/Users/minjoolee/Downloads/MUStARD/PodSarc/all_processed/overly-sarcastic-podcast__ospod-episode-58/ospod-episode-58_246.mp3
58_250,58,Y'all got any more of that ram?,1,/Users/minjoolee/Downloads/MUStARD/PodSarc/all_processed/overly-sarcastic-podcast__ospod-episode-58/ospod-episode-58_250.mp3
58_252,58,"Everyone made fun of me for, for doing Firefox, but it's, it's nice. It doesn't destroy my computer. I can actually run other programs while I have my browser open.",1,/Users/minjoolee/Downloads/MUStARD/PodSarc/all_processed/overly-sarcastic-podcast__ospod-episode-58/ospod-episode-58_252.mp3
58_256,58,"But the short answer is lots of tabs, as is the way of the world these days. Um, this question comes from Queak the Undead to both. What are your comfort films? The ones you go to, to watch that never fail to cheer you up, or at the very least feel better when you're going through a rough patch. So what's like a comforting film you like to watch if you've had a bad day?",1,/Users/minjoolee/Downloads/MUStARD/PodSarc/all_processed/overly-sarcastic-podcast__ospod-episode-58/ospod-episode-58_256.mp3
58_258,58,"Yeah, go for it. Well, I'll try to think of mine because I don't, um, yeah, you go first. I'll, I'll think.",0,/Users/minjoolee/Downloads/MUStARD/PodSarc/all_processed/overly-sarcastic-podcast__ospod-episode-58/ospod-episode-58_258.mp3
58_262,58,"Like, everybody else is also an acclaimed screen actor. Anyway, I'm rambling because those movies are so good and I like them so much.",0,/Users/minjoolee/Downloads/MUStARD/PodSarc/all_processed/overly-sarcastic-podcast__ospod-episode-58/ospod-episode-58_262.mp3
58_263,58,"That was the really funny part about Marvel's What If, is a lot of the reviews were like, a lot of the cast is reprising their roles. A lot of them were very bad voice actors. Like, some people killed it. Some people absolutely nailed it in that show. And it's like,",1,/Users/minjoolee/Downloads/MUStARD/PodSarc/all_processed/overly-sarcastic-podcast__ospod-episode-58/ospod-episode-58_263.mp3
58_269,58,"I'm kind of stuck here now, aren't I? Um, but for, for me, comfort games is a very nice way to go about.",1,/Users/minjoolee/Downloads/MUStARD/PodSarc/all_processed/overly-sarcastic-podcast__ospod-episode-58/ospod-episode-58_269.mp3
58_271,58,"And early in the year, I'm like, you know what I need? I need to go back and play some Astro's Playroom. That shit was great.",0,/Users/minjoolee/Downloads/MUStARD/PodSarc/all_processed/overly-sarcastic-podcast__ospod-episode-58/ospod-episode-58_271.mp3
58_276,58,"kind of dark, like, stage plays and morality explorations. Oh my God. Love it. Deep Space Nine. It is the peak of Star Trek. If anyone, if anyone out there is trying to get into Trek, um, so, so worth it.",0,/Users/minjoolee/Downloads/MUStARD/PodSarc/all_processed/overly-sarcastic-podcast__ospod-episode-58/ospod-episode-58_276.mp3
58_277,58,"Ooh, that's a hot take. I think TNG tends to be the one that it gets described as like peak trek, but.",0,/Users/minjoolee/Downloads/MUStARD/PodSarc/all_processed/overly-sarcastic-podcast__ospod-episode-58/ospod-episode-58_277.mp3
58_281,58,"God, it's, when it works, it works. And it is just, it is so moving to, to a degree that like TNG just kind of can't get to, but yeah.",0,/Users/minjoolee/Downloads/MUStARD/PodSarc/all_processed/overly-sarcastic-podcast__ospod-episode-58/ospod-episode-58_281.mp3
58_282,58,"Yeah, TNG. It's a little more weird shit of the week. Uh, so that definitely makes sense. Yeah. Ingo, you got something? I watch a lot of movies. Uh.",0,/Users/minjoolee/Downloads/MUStARD/PodSarc/all_processed/overly-sarcastic-podcast__ospod-episode-58/ospod-episode-58_282.mp3
58_285,58,"I mean, the Ghibli movies are always very comforting, but honestly, I usually go for like a Fast and the Furious, or like a Bloodshot. Something like good Vin Diesel, mindless actions, like fun stunts. I don't have to pay attention because I know where it's going. It's, that's good. Or like Mission Impossible kind of falls into that category for me too sometimes where it's like, I've seen these a thousand times. I know exactly where this is going.",1,/Users/minjoolee/Downloads/MUStARD/PodSarc/all_processed/overly-sarcastic-podcast__ospod-episode-58/ospod-episode-58_285.mp3
58_286,58,"Um, I can turn my brain off. I don't have to think too deeply at any one point. And I know it's not going to emotionally get me necessarily. Um.",0,/Users/minjoolee/Downloads/MUStARD/PodSarc/all_processed/overly-sarcastic-podcast__ospod-episode-58/ospod-episode-58_286.mp3
58_290,58,"Oh, yeah.",0,/Users/minjoolee/Downloads/MUStARD/PodSarc/all_processed/overly-sarcastic-podcast__ospod-episode-58/ospod-episode-58_290.mp3
58_294,58,"Well, I think mine still has to be hedgehog with knife, right? Like.",0,/Users/minjoolee/Downloads/MUStARD/PodSarc/all_processed/overly-sarcastic-podcast__ospod-episode-58/ospod-episode-58_294.mp3
58_296,58,"Uh, maybe the knife hedgehog is like for my royal vizier. Um.",0,/Users/minjoolee/Downloads/MUStARD/PodSarc/all_processed/overly-sarcastic-podcast__ospod-episode-58/ospod-episode-58_296.mp3
58_300,58,"Can't be, can't be too dour and, and, uh, grim, despite my company name.",0,/Users/minjoolee/Downloads/MUStARD/PodSarc/all_processed/overly-sarcastic-podcast__ospod-episode-58/ospod-episode-58_300.mp3
58_303,58,"Yeah. Um, it's like, don't go here. Mojave Desert? No, you don't want to. Yeah. Um, I, let's see. Uh, for me, uh, I, I don't want to do something like terribly, terribly obvious because I would probably",0,/Users/minjoolee/Downloads/MUStARD/PodSarc/all_processed/overly-sarcastic-podcast__ospod-episode-58/ospod-episode-58_303.mp3
58_304,58,"Like, be annoyed at myself for being too basic.",0,/Users/minjoolee/Downloads/MUStARD/PodSarc/all_processed/overly-sarcastic-podcast__ospod-episode-58/ospod-episode-58_304.mp3
58_319,58,"in, in the winter, like, burning some trees, drinking mead, having fun, uh, or it's Saturnalia and everyone does role reversal and just gets absolutely shattered drunk in the streets.",0,/Users/minjoolee/Downloads/MUStARD/PodSarc/all_processed/overly-sarcastic-podcast__ospod-episode-58/ospod-episode-58_319.mp3
58_328,58,It's good for the joints.,1,/Users/minjoolee/Downloads/MUStARD/PodSarc/all_processed/overly-sarcastic-podcast__ospod-episode-58/ospod-episode-58_328.mp3
58_333,58,"I, as a Greek, have the legal and gastronomical authority to designate good oregano, and at every point, I will take the opportunity to assess and make that determination.",1,/Users/minjoolee/Downloads/MUStARD/PodSarc/all_processed/overly-sarcastic-podcast__ospod-episode-58/ospod-episode-58_333.mp3
58_339,58,"I wasn't sure if this was going to be your last question or not, so it is actually going to be the last one.",0,/Users/minjoolee/Downloads/MUStARD/PodSarc/all_processed/overly-sarcastic-podcast__ospod-episode-58/ospod-episode-58_339.mp3
58_340,58,Really? Did you really,0,/Users/minjoolee/Downloads/MUStARD/PodSarc/all_processed/overly-sarcastic-podcast__ospod-episode-58/ospod-episode-58_340.mp3
58_342,58,"Wow. Good work, everybody.",0,/Users/minjoolee/Downloads/MUStARD/PodSarc/all_processed/overly-sarcastic-podcast__ospod-episode-58/ospod-episode-58_342.mp3
58_343,58,"Yeah, but that's roaring to a stop. That's the end of the podcast, right? Are you ready to take us home?",1,/Users/minjoolee/Downloads/MUStARD/PodSarc/all_processed/overly-sarcastic-podcast__ospod-episode-58/ospod-episode-58_343.mp3
58_345,58,"Second week of January. You heard it here first, folks. Uh, and of course we will be back on Friday with a video, which I think is one of.",0,/Users/minjoolee/Downloads/MUStARD/PodSarc/all_processed/overly-sarcastic-podcast__ospod-episode-58/ospod-episode-58_345.mp3
58_346,58,"Yeah. Yeah. Yeah. Oh, I remember this one. It's a fun one. Yeah, it's a fun one.",0,/Users/minjoolee/Downloads/MUStARD/PodSarc/all_processed/overly-sarcastic-podcast__ospod-episode-58/ospod-episode-58_346.mp3
58_351,58,"Yeah, real quick, uh, Ken's work.",0,/Users/minjoolee/Downloads/MUStARD/PodSarc/all_processed/overly-sarcastic-podcast__ospod-episode-58/ospod-episode-58_351.mp3
58_355,58,"And thanks so much again, Kent, for joining us. And this has been an Overly Sarcastic Podcast.",0,/Users/minjoolee/Downloads/MUStARD/PodSarc/all_processed/overly-sarcastic-podcast__ospod-episode-58/ospod-episode-58_355.mp3
59_2,59,"Yeah, I am the bitch. I am the bitch. And this, this should be established.",1,/Users/minjoolee/Downloads/MUStARD/PodSarc/all_processed/overly-sarcastic-podcast__ospod-episode-59/ospod-episode-59_2.mp3
59_4,59,"So far, slightly similar to 2021.",1,/Users/minjoolee/Downloads/MUStARD/PodSarc/all_processed/overly-sarcastic-podcast__ospod-episode-59/ospod-episode-59_4.mp3
59_5,59,"Getting a lot of, getting a lot of early 2021 vibes. We woke up this morning to a message like, hey.",1,/Users/minjoolee/Downloads/MUStARD/PodSarc/all_processed/overly-sarcastic-podcast__ospod-episode-59/ospod-episode-59_5.mp3
59_19,59,Yeah. Yeah. Yeah.,0,/Users/minjoolee/Downloads/MUStARD/PodSarc/all_processed/overly-sarcastic-podcast__ospod-episode-59/ospod-episode-59_19.mp3
59_22,59,"Um, yeah.",0,/Users/minjoolee/Downloads/MUStARD/PodSarc/all_processed/overly-sarcastic-podcast__ospod-episode-59/ospod-episode-59_22.mp3
59_27,59,"You had quite the banger of a video go up, uh, before the end of the year.",0,/Users/minjoolee/Downloads/MUStARD/PodSarc/all_processed/overly-sarcastic-podcast__ospod-episode-59/ospod-episode-59_27.mp3
59_28,59,"You'll wait in suspense, uh, for that one. But yeah, I had, um, a video that was red. This was your idea, I think.",0,/Users/minjoolee/Downloads/MUStARD/PodSarc/all_processed/overly-sarcastic-podcast__ospod-episode-59/ospod-episode-59_28.mp3
59_32,59,There is one rabbit hole later.,1,/Users/minjoolee/Downloads/MUStARD/PodSarc/all_processed/overly-sarcastic-podcast__ospod-episode-59/ospod-episode-59_32.mp3
59_39,59,"You get the sort of documented he was born at this point, probably. Again, it's usually a very small amount of information. And then you get all the stuff that was added on after they became a saint. And it's like, well, okay. All right. So how much of this probably really happened? Well, not that part or this part, but you know, it's so cool.",0,/Users/minjoolee/Downloads/MUStARD/PodSarc/all_processed/overly-sarcastic-podcast__ospod-episode-59/ospod-episode-59_39.mp3
59_46,59,That's amazing. Yes.,0,/Users/minjoolee/Downloads/MUStARD/PodSarc/all_processed/overly-sarcastic-podcast__ospod-episode-59/ospod-episode-59_46.mp3
59_47,59,"He wasn't there. Unfortunately, he just wasn't.",0,/Users/minjoolee/Downloads/MUStARD/PodSarc/all_processed/overly-sarcastic-podcast__ospod-episode-59/ospod-episode-59_47.mp3
59_48,59,"you know, a gazillion and a half different roll calls but they cluster into two broad categories.",1,/Users/minjoolee/Downloads/MUStARD/PodSarc/all_processed/overly-sarcastic-podcast__ospod-episode-59/ospod-episode-59_48.mp3
59_51,59,"the, Michael, uh, the, the Byzantine scholar was writing the Hageography. Right. Like, people are like, wait, how is Saint Nicholas not at the Council of Nicaea? He must have been! And then they put him in, and it's like, okay, well, you made that up. He wasn't actually there. Like, he's on none of the selected lists.",1,/Users/minjoolee/Downloads/MUStARD/PodSarc/all_processed/overly-sarcastic-podcast__ospod-episode-59/ospod-episode-59_51.mp3
59_57,59,"Weirdly sticking by this. And some people are like, I can't believe that they're trying to get rid of this. Like, uh, here, here we go. So I just.",0,/Users/minjoolee/Downloads/MUStARD/PodSarc/all_processed/overly-sarcastic-podcast__ospod-episode-59/ospod-episode-59_57.mp3
59_65,59,"Uh, the adventure of fighting the six-eared macaque, which was a lot of fun. Uh, because, um.",0,/Users/minjoolee/Downloads/MUStARD/PodSarc/all_processed/overly-sarcastic-podcast__ospod-episode-59/ospod-episode-59_65.mp3
59_67,59,character in the Lego Monkey Kid cartoon. Yeah.,0,/Users/minjoolee/Downloads/MUStARD/PodSarc/all_processed/overly-sarcastic-podcast__ospod-episode-59/ospod-episode-59_67.mp3
59_69,59,"This is like classic Journey to the West stuff. It's a random episodic adventure with a really weird gimmick villain. Uh, and this one goes all the way to the top, baby. Sometimes Kuan Yin can help, sometimes somebody else can help, but this time they had to go straight to the Buddha. And he was like, Oh yeah, it's this guy. This is this weirdo. Uh, there's like horror. I saw a few people in the comments being like, wait a minute. Is this where they got the thing with?",1,/Users/minjoolee/Downloads/MUStARD/PodSarc/all_processed/overly-sarcastic-podcast__ospod-episode-59/ospod-episode-59_69.mp3
59_70,59,"Raditz just showing up on Earth and being like Goku, uh, Kakarot, there's actually two other, say, I mean, yeah, Saiyans, uh, they're, yeah, there's more, there's four of us total and we're all weird and from space and have weird powers. Um, and you're like the lamest one or something. If people are like, wait, is that the four spiritual primates? And it's like, yes, yes, that is the four spiritual primates. I had that same breakdown like two years ago when I made that connection for the first time.",0,/Users/minjoolee/Downloads/MUStARD/PodSarc/all_processed/overly-sarcastic-podcast__ospod-episode-59/ospod-episode-59_70.mp3
59_74,59,"Uh, what was it? Was it Quan Yin who tries the migraine spell for the first time? And I'm like, oh, this is going to reveal him. And you're like, actually, no. Smart thinking. Like, damn it.",0,/Users/minjoolee/Downloads/MUStARD/PodSarc/all_processed/overly-sarcastic-podcast__ospod-episode-59/ospod-episode-59_74.mp3
59_76,59,"used as, like, a raw material for a lot of modern storytelling. And part of what's so surprising about reading it is how much of it is so modern. But you also get things that are, like, the prototype versions of modern tropes. Because if this were the modern version, the migrant spell would have revealed him. It would have been like, oh, that's how we find the fake. Or, like, it would have been a piece of information that only he knows. But it's like, sorry, the six-eared macaque's, um, imitation style is perfect.",1,/Users/minjoolee/Downloads/MUStARD/PodSarc/all_processed/overly-sarcastic-podcast__ospod-episode-59/ospod-episode-59_76.mp3
59_79,59,"with the full intention that you don't know which one is monkey and you wrote both of them to say the most monkey thing possible. Exactly, yeah.",0,/Users/minjoolee/Downloads/MUStARD/PodSarc/all_processed/overly-sarcastic-podcast__ospod-episode-59/ospod-episode-59_79.mp3
59_80,59,"Exactly. Yeah. I, I don't, I write the first monkey style and be like, this is peak monkey. And then I'd be like, but it's actually the fake. So how would the real monkey respond to it? And it was good. Cause there were people who were like, do you think she's always able to tell which one is which? And it's like, no, no, because I didn't want you to be able to tell, uh, because the number one way to write, uh,",1,/Users/minjoolee/Downloads/MUStARD/PodSarc/all_processed/overly-sarcastic-podcast__ospod-episode-59/ospod-episode-59_80.mp3
59_82,59,"until he's revealed. So that was, that was fun.",0,/Users/minjoolee/Downloads/MUStARD/PodSarc/all_processed/overly-sarcastic-podcast__ospod-episode-59/ospod-episode-59_82.mp3
59_84,59,There is not a single panel of the fight where they are not talking.,0,/Users/minjoolee/Downloads/MUStARD/PodSarc/all_processed/overly-sarcastic-podcast__ospod-episode-59/ospod-episode-59_84.mp3
59_86,59,"There's a lot of Chinese art where it's like, this is clearly supposed to be a lion, but it was sculpted by somebody who's only heard about them by reputation.",1,/Users/minjoolee/Downloads/MUStARD/PodSarc/all_processed/overly-sarcastic-podcast__ospod-episode-59/ospod-episode-59_86.mp3
59_87,59,"Uh, so they've got these really scary bug eyes, and the huge fangs that curve outward, and the, and the sort of pebbly mane, and it's like, that's not, mm, okay, sure. But in this case, it's like, these things are supposed to look kind of like a dog, with like a unicorn horn.",1,/Users/minjoolee/Downloads/MUStARD/PodSarc/all_processed/overly-sarcastic-podcast__ospod-episode-59/ospod-episode-59_87.mp3
59_89,59,"He looked so cool. Uh, and, uh, it was one of those cases where I looked it up and that's how I discovered that somewhere there's a pretty anime boy with that name because he was everywhere in the results.",0,/Users/minjoolee/Downloads/MUStARD/PodSarc/all_processed/overly-sarcastic-podcast__ospod-episode-59/ospod-episode-59_89.mp3
59_90,59,"This is the case for a lot of Journey to the West tertiary characters. I'll just look it up randomly. It's like, Oh, who's this handsome gentleman? But not the thing I'm looking for. That's for darn sure.",1,/Users/minjoolee/Downloads/MUStARD/PodSarc/all_processed/overly-sarcastic-podcast__ospod-episode-59/ospod-episode-59_90.mp3
59_92,59,"Uh, it's very strongly demanded, but then it's like, I, I don't.",0,/Users/minjoolee/Downloads/MUStARD/PodSarc/all_processed/overly-sarcastic-podcast__ospod-episode-59/ospod-episode-59_92.mp3
59_95,59,We can't all get what we want.,1,/Users/minjoolee/Downloads/MUStARD/PodSarc/all_processed/overly-sarcastic-podcast__ospod-episode-59/ospod-episode-59_95.mp3
59_97,59,"There's this, like, theory that actually the true Sun Wukong was the one that was killed and he was replaced by the six-year macaque because the six-year macaque was better behaved and the Buddha, like, conspired to do. And I'm like, okay, first of all.",1,/Users/minjoolee/Downloads/MUStARD/PodSarc/all_processed/overly-sarcastic-podcast__ospod-episode-59/ospod-episode-59_97.mp3
59_102,59,It's a metaphor for how in life we all get killed and replaced.,1,/Users/minjoolee/Downloads/MUStARD/PodSarc/all_processed/overly-sarcastic-podcast__ospod-episode-59/ospod-episode-59_102.mp3
59_109,59,is the reason the story exists. Yeah.,0,/Users/minjoolee/Downloads/MUStARD/PodSarc/all_processed/overly-sarcastic-podcast__ospod-episode-59/ospod-episode-59_109.mp3
59_111,59,"Where did you get that idea from? Oh, you know, the chapter titles that say things like the monkey of the mind, the horse of the will, you know, uh, it's, it's very over. It's like Tripitaka falls off the horse because he loses his will to go on, or rather his will to go on loses him because he fell off of it. Uh, or in this case, it's like two minds battle, the true and the false. It's like, yeah.",0,/Users/minjoolee/Downloads/MUStARD/PodSarc/all_processed/overly-sarcastic-podcast__ospod-episode-59/ospod-episode-59_111.mp3
59_112,59,"The reason why he is so powerful but so reckless and hard to control is because that's how your brain works! That's what your mind does, especially mine!",0,/Users/minjoolee/Downloads/MUStARD/PodSarc/all_processed/overly-sarcastic-podcast__ospod-episode-59/ospod-episode-59_112.mp3
59_118,59,"It's like, that would suck. That's probably why they didn't do that. So like, if, if that bugs you as much as it bugs me, don't worry. It's not canon. Sun Wukong is the same all the way through. Buddha is not a weird manipulative liar. And the story wouldn't work that way.",0,/Users/minjoolee/Downloads/MUStARD/PodSarc/all_processed/overly-sarcastic-podcast__ospod-episode-59/ospod-episode-59_118.mp3
59_119,59,"Anyway, so. I had a good time, except for the people who were like, hey, did you know? It's like, I did know. It's not true. Anyway, so that's, that's my piece, roughly said.",0,/Users/minjoolee/Downloads/MUStARD/PodSarc/all_processed/overly-sarcastic-podcast__ospod-episode-59/ospod-episode-59_119.mp3
59_123,59,"So when I posted my Santa video, people were like, Oh, I wish this was a journey to the West. I'm like, buddy, wait, like.",0,/Users/minjoolee/Downloads/MUStARD/PodSarc/all_processed/overly-sarcastic-podcast__ospod-episode-59/ospod-episode-59_123.mp3
59_134,59,"There are tales of love, hatred, and betrayal that stretch back a decade.",1,/Users/minjoolee/Downloads/MUStARD/PodSarc/all_processed/overly-sarcastic-podcast__ospod-episode-59/ospod-episode-59_134.mp3
59_135,59,"Yeah. So, your new meat, everyone is gonna want to get a sniff of you. That was like, alright, cool. Uh, so, like, everybody was like, hey, you're new. That's cool. I'm this. And I was like, oh my God, there's so many fucking people. Um, uh, and this was a group where I was like, these guys are chill.",0,/Users/minjoolee/Downloads/MUStARD/PodSarc/all_processed/overly-sarcastic-podcast__ospod-episode-59/ospod-episode-59_135.mp3
59_137,59,"Yeah, cause like, there are some of our friends who like, became like, the core of our like, seven or eight person friend group, um, by the end of the year, or by the end of college, or end of high school, Jesus Christ.",0,/Users/minjoolee/Downloads/MUStARD/PodSarc/all_processed/overly-sarcastic-podcast__ospod-episode-59/ospod-episode-59_137.mp3
59_141,59,"Oh, yeah, I know exactly who you're talking about. The instant vibes.",0,/Users/minjoolee/Downloads/MUStARD/PodSarc/all_processed/overly-sarcastic-podcast__ospod-episode-59/ospod-episode-59_141.mp3
59_145,59,"You know, when, when you're new, uh, in a group like that, everyone is sort of like, whoa, Nellie. And then within a week or two, some of them get bored of you and just don't talk to you anymore. It's like, well, I don't want to be the weird person here who's like, Hey, best friend, we hung out for 20 minutes on day one. Why aren't we talking anymore? So, you know, it's, it's.",1,/Users/minjoolee/Downloads/MUStARD/PodSarc/all_processed/overly-sarcastic-podcast__ospod-episode-59/ospod-episode-59_145.mp3
59_148,59,"Uh, no idea, you were just, and I guess it's up to you to interpret it as you wish.",0,/Users/minjoolee/Downloads/MUStARD/PodSarc/all_processed/overly-sarcastic-podcast__ospod-episode-59/ospod-episode-59_148.mp3
59_166,59,"Ooh, it rotates. Yeah. Rotates a lot. Um, uh, I guess recently my shuffle mix has been a lot of, um,",0,/Users/minjoolee/Downloads/MUStARD/PodSarc/all_processed/overly-sarcastic-podcast__ospod-episode-59/ospod-episode-59_166.mp3
59_168,59,"Oh, it's great. It's great. There's a reason why I listen to it so much.",0,/Users/minjoolee/Downloads/MUStARD/PodSarc/all_processed/overly-sarcastic-podcast__ospod-episode-59/ospod-episode-59_168.mp3
59_170,59,"Uh, because, it's, oh, no, no, no, no, that's not what I wanted to do. Please ignore the Markiplier video that's playing right now.",0,/Users/minjoolee/Downloads/MUStARD/PodSarc/all_processed/overly-sarcastic-podcast__ospod-episode-59/ospod-episode-59_170.mp3
59_172,59,"Yeah. It's honestly as, you know, somebody who's been doing this for 10 years, like it is incredibly inspiring to see somebody else.",0,/Users/minjoolee/Downloads/MUStARD/PodSarc/all_processed/overly-sarcastic-podcast__ospod-episode-59/ospod-episode-59_172.mp3
59_176,59,You are the basic bitch. I am the bitch. I am the bitch.,0,/Users/minjoolee/Downloads/MUStARD/PodSarc/all_processed/overly-sarcastic-podcast__ospod-episode-59/ospod-episode-59_176.mp3
59_177,59,"Yeah, I, I am the bitch. I am the bitch, and this, this should be established. Um. That's a perfect sound bite to beat the cult open for this episode. Journey, Abzu, Packlist, all that stuff. Assassin's Creed. Absolute classics. Sorry, what was that Indigo?",0,/Users/minjoolee/Downloads/MUStARD/PodSarc/all_processed/overly-sarcastic-podcast__ospod-episode-59/ospod-episode-59_177.mp3
59_184,59,"And the, uh, oh, god, uh, I've recommended this before. Uh, it's the electro, it's the electro swing final countdown. Uh, it's just so good.",0,/Users/minjoolee/Downloads/MUStARD/PodSarc/all_processed/overly-sarcastic-podcast__ospod-episode-59/ospod-episode-59_184.mp3
59_189,59,"Taiwanese and Chinese artists, um, because when I was learning Mandarin, I was like, maybe if I listen to the music, it will help me learn it. And what it helped me learn is how to say the lyrics to one song and, uh, no other useful text, but it does it because it's a different language. Kind of like could be background noise, but now 99% of my job is editing audio. Uh, so I'm just listening to the raw, unedited, rolling with difficulty episodes these days.",0,/Users/minjoolee/Downloads/MUStARD/PodSarc/all_processed/overly-sarcastic-podcast__ospod-episode-59/ospod-episode-59_189.mp3
59_197,59,"Yeah. And, uh, Bobby Broccoli, uh, who does videos about, uh, like, like fraud and drama in the science community, which you wouldn't think there would be much, I guess, if you don't know much about scientists, but whole baby, there's a lot. Uh, the, the man who tried to fake an element is one I watched recently and it's rough in a, in a very.",0,/Users/minjoolee/Downloads/MUStARD/PodSarc/all_processed/overly-sarcastic-podcast__ospod-episode-59/ospod-episode-59_197.mp3
59_200,59,I also am one of like probably five people remaining on earth who likes ASMR.,1,/Users/minjoolee/Downloads/MUStARD/PodSarc/all_processed/overly-sarcastic-podcast__ospod-episode-59/ospod-episode-59_200.mp3
59_204,59,"No, no, there's a larger Venn diagram of porn ASMR and a smaller Venn diagram of actual relaxing ASMR.",0,/Users/minjoolee/Downloads/MUStARD/PodSarc/all_processed/overly-sarcastic-podcast__ospod-episode-59/ospod-episode-59_204.mp3
59_205,59,What's the overlap between those two things? ASMR?,1,/Users/minjoolee/Downloads/MUStARD/PodSarc/all_processed/overly-sarcastic-podcast__ospod-episode-59/ospod-episode-59_205.mp3
59_206,59,"Yeah, it's, it's, it's just a large circle and then a smaller circle off to the side.",1,/Users/minjoolee/Downloads/MUStARD/PodSarc/all_processed/overly-sarcastic-podcast__ospod-episode-59/ospod-episode-59_206.mp3
59_211,59,"Yeah. He's, he's definitely, I think he's my number one for how much fun I have with posing him. Cause he's so dynamic.",0,/Users/minjoolee/Downloads/MUStARD/PodSarc/all_processed/overly-sarcastic-podcast__ospod-episode-59/ospod-episode-59_211.mp3
59_217,59,"off screen from this cut, he's holding a severed head and monkey's like the biggest beaming smile.",1,/Users/minjoolee/Downloads/MUStARD/PodSarc/all_processed/overly-sarcastic-podcast__ospod-episode-59/ospod-episode-59_217.mp3
59_219,59,It was clean. There was nothing on it. Anyway. Yes. So yeah. Yeah. I think that's the easy win.,1,/Users/minjoolee/Downloads/MUStARD/PodSarc/all_processed/overly-sarcastic-podcast__ospod-episode-59/ospod-episode-59_219.mp3
59_227,59,"Yeah, I don't really want to take my chances being in trope talk tragedy. Yeah.",0,/Users/minjoolee/Downloads/MUStARD/PodSarc/all_processed/overly-sarcastic-podcast__ospod-episode-59/ospod-episode-59_227.mp3
59_232,59,"I'm just imagining, like, you get dropped into trope talk conservation of ninjutsu, and then, like, you have, like, a weapon wheel, but it's different, like, household objects. It's like, okay, I can either pick a soup ladle, or a ring light, or...",1,/Users/minjoolee/Downloads/MUStARD/PodSarc/all_processed/overly-sarcastic-podcast__ospod-episode-59/ospod-episode-59_232.mp3
59_234,59,"Being isekai'd, it's real hit or miss. It depends. I feel like.",0,/Users/minjoolee/Downloads/MUStARD/PodSarc/all_processed/overly-sarcastic-podcast__ospod-episode-59/ospod-episode-59_234.mp3
59_236,59,"Just like the, nope, I'm not gonna finish that one either.",0,/Users/minjoolee/Downloads/MUStARD/PodSarc/all_processed/overly-sarcastic-podcast__ospod-episode-59/ospod-episode-59_236.mp3
59_240,59,Wow.,0,/Users/minjoolee/Downloads/MUStARD/PodSarc/all_processed/overly-sarcastic-podcast__ospod-episode-59/ospod-episode-59_240.mp3
59_242,59,It's my most like old Greek lady trope in that I feel very strongly that my baklava is the best baklava.,0,/Users/minjoolee/Downloads/MUStARD/PodSarc/all_processed/overly-sarcastic-podcast__ospod-episode-59/ospod-episode-59_242.mp3
59_246,59,"Thanks, Mediterranean Genetics. Love you. Um, but I like a dessert that I feel like is not very common, uh, in, in its consumption thereof. Uh, like a glass of chocolate milk.",1,/Users/minjoolee/Downloads/MUStARD/PodSarc/all_processed/overly-sarcastic-podcast__ospod-episode-59/ospod-episode-59_246.mp3
59_250,59,I buy chocolate milk because I'm an adult and I'm allowed to make that decision. It's not a dessert. It's a nice thing that I like.,0,/Users/minjoolee/Downloads/MUStARD/PodSarc/all_processed/overly-sarcastic-podcast__ospod-episode-59/ospod-episode-59_250.mp3
59_251,59,"But it's fine, I respect you anyway. I don't, I don't wanna.",0,/Users/minjoolee/Downloads/MUStARD/PodSarc/all_processed/overly-sarcastic-podcast__ospod-episode-59/ospod-episode-59_251.mp3
59_255,59,"Multiple people I know have commented on how much dessert I order. And this is always because I'm on vacation when I'm hanging out with them and therefore eating more dessert than average, but they always feel the need to be like, Oh man, so much dessert. Yeah. Sorry. I enjoy sweet things, AKA the taste of good anyway. Uh, so I have a lot of desserts that I love. Uh, the, the most like over the top one is definitely like a really good, like chocolate fudge sundae is like, that's if I have like nothing else in my body, then it's like, yes, that's, that's going to be it. Um,",0,/Users/minjoolee/Downloads/MUStARD/PodSarc/all_processed/overly-sarcastic-podcast__ospod-episode-59/ospod-episode-59_255.mp3
59_267,59,"I do feel like, though, it's a testament to how much, like, you guys are able to cover each other's kind of blind spots. Like, if you each have a video that's maybe coming into, like, the territory of what the other is more of an expert in, you can kind of cross over and help each other. And that's, it's neat. It's neat when it happens. Yeah, no, it's fun. Channel synergy.",0,/Users/minjoolee/Downloads/MUStARD/PodSarc/all_processed/overly-sarcastic-podcast__ospod-episode-59/ospod-episode-59_267.mp3
59_269,59,"Oh, yeah.",0,/Users/minjoolee/Downloads/MUStARD/PodSarc/all_processed/overly-sarcastic-podcast__ospod-episode-59/ospod-episode-59_269.mp3
59_276,59,"It is more often that we discuss things back and forth and help figure stuff out through the process of discussing it rather than it's like, I ask for Red to descend from on high and tell me about the gods for the, yeah.",1,/Users/minjoolee/Downloads/MUStARD/PodSarc/all_processed/overly-sarcastic-podcast__ospod-episode-59/ospod-episode-59_276.mp3
59_278,59,"Red help, I need thing. Please provide. I need five pages.",0,/Users/minjoolee/Downloads/MUStARD/PodSarc/all_processed/overly-sarcastic-podcast__ospod-episode-59/ospod-episode-59_278.mp3
59_280,59,"Well, we've got time for one last question here today. This one comes from Otz to, oh, wait, Roman numerals. Uh, V1, VI. Six. Six. Yes. Otz, six. I hope that's right, and if it's not, never know. Uh, to all, what is your favorite way to eat potatoes?",0,/Users/minjoolee/Downloads/MUStARD/PodSarc/all_processed/overly-sarcastic-podcast__ospod-episode-59/ospod-episode-59_280.mp3
59_283,59,"I want to shout out, um, potatoes in like a malabra with that hot pot. Also very excellent. It just soaks that right on up. Um, but I gotta go with you guys. Mashed is a hundred percent the. Optional potato delivery system.",0,/Users/minjoolee/Downloads/MUStARD/PodSarc/all_processed/overly-sarcastic-podcast__ospod-episode-59/ospod-episode-59_283.mp3
59_288,59,You don't have hard-hitting potato experiences? She's never given me the lab cat treatment before. This is such a magical moment for me.,0,/Users/minjoolee/Downloads/MUStARD/PodSarc/all_processed/overly-sarcastic-podcast__ospod-episode-59/ospod-episode-59_288.mp3
59_294,59,"You think you can help me out with this, Cleo? You think your beans can assist me? She is full of bees right now. She's buzzing away like, Oh, there's, there's, there's sharp things happening.",0,/Users/minjoolee/Downloads/MUStARD/PodSarc/all_processed/overly-sarcastic-podcast__ospod-episode-59/ospod-episode-59_294.mp3
59_296,59,"with another episode of the Overly Sarcastic Podcast discussing whatever our next two videos are going to be. That's sharp. Okay. Thank you, Cleo.",0,/Users/minjoolee/Downloads/MUStARD/PodSarc/all_processed/overly-sarcastic-podcast__ospod-episode-59/ospod-episode-59_296.mp3
59_298,59,"I've taken to calling her ya little weirdo when she gets a little too close to the toes. Anyway, uh, I think we've basically covered our bases. Yeah, no, pretty solidly. Perfect. Um, well, in that case, uh, I've been Red.",0,/Users/minjoolee/Downloads/MUStARD/PodSarc/all_processed/overly-sarcastic-podcast__ospod-episode-59/ospod-episode-59_298.mp3
59_300,59,Hasn't it? She's so fucking cute right now. You guys better be jealous of me.,0,/Users/minjoolee/Downloads/MUStARD/PodSarc/all_processed/overly-sarcastic-podcast__ospod-episode-59/ospod-episode-59_300.mp3
60_7,60,"Boy, am I, was that an accidental segue? Cause I did not plan that.",0,/Users/minjoolee/Downloads/MUStARD/PodSarc/all_processed/overly-sarcastic-podcast__ospod-episode-60/ospod-episode-60_7.mp3
60_8,60,"Well, given the amount of love we have in our hearts for Zelda overall, and Breath of the Wild specifically, I feel like an accidental plug was inevitable.",1,/Users/minjoolee/Downloads/MUStARD/PodSarc/all_processed/overly-sarcastic-podcast__ospod-episode-60/ospod-episode-60_8.mp3
60_9,60,There's just so much Zelda stuff in and around our various places of residence that it's going to come up eventually.,1,/Users/minjoolee/Downloads/MUStARD/PodSarc/all_processed/overly-sarcastic-podcast__ospod-episode-60/ospod-episode-60_9.mp3
60_15,60,"You know, it would be more embarrassing doing that in the master trials, uh, and, uh,",1,/Users/minjoolee/Downloads/MUStARD/PodSarc/all_processed/overly-sarcastic-podcast__ospod-episode-60/ospod-episode-60_15.mp3
60_16,60,Being so angry that you never go back to playing the master trials again.,1,/Users/minjoolee/Downloads/MUStARD/PodSarc/all_processed/overly-sarcastic-podcast__ospod-episode-60/ospod-episode-60_16.mp3
60_19,60,"Anyway, yes, we're not gonna do the master trials. At least not for a friggin' hot minute.",0,/Users/minjoolee/Downloads/MUStARD/PodSarc/all_processed/overly-sarcastic-podcast__ospod-episode-60/ospod-episode-60_19.mp3
60_21,60,"Yeah, you, you served my transition, but I mean, basically, yeah, uh, we had, we had two videos.",1,/Users/minjoolee/Downloads/MUStARD/PodSarc/all_processed/overly-sarcastic-podcast__ospod-episode-60/ospod-episode-60_21.mp3
60_22,60,"Well, guess I'm done here. Uh, we, um, we had two, two regular videos, uh, in January. We are taking it a little bit light, uh, as mentioned, but we did have two back-to-back boys, uh, in these past two weeks. So, Red, let's talk about some tropes. We had the, um,",0,/Users/minjoolee/Downloads/MUStARD/PodSarc/all_processed/overly-sarcastic-podcast__ospod-episode-60/ospod-episode-60_22.mp3
60_23,60,"Power up. Sometimes I get confused because I read the trope talk scripts ahead of when they go up and sometimes I forget, like, which, which scripts did I most recently read and which video actually came out last week. So, like, I have three videos concurrently in my head, even though one of them just came out. Two of them won't be out for another month, at least. At least, yeah.",0,/Users/minjoolee/Downloads/MUStARD/PodSarc/all_processed/overly-sarcastic-podcast__ospod-episode-60/ospod-episode-60_23.mp3
60_24,60,"At least, yeah. One of them's, one of them's a chonky boy. Anyway, uh, yeah, so, it was...",0,/Users/minjoolee/Downloads/MUStARD/PodSarc/all_processed/overly-sarcastic-podcast__ospod-episode-60/ospod-episode-60_24.mp3
60_25,60,"It was fun. Uh, power-ups is such a weird subject. Um, it's, you know, it.",0,/Users/minjoolee/Downloads/MUStARD/PodSarc/all_processed/overly-sarcastic-podcast__ospod-episode-60/ospod-episode-60_25.mp3
60_27,60,"I, I try to have at least a little bit of a diversity of, of media in the examples I use because I have watched things that aren't anime. I promise it's not all just like nineties shonen jump shit in my brain. It's not only that. Uh, but sometimes it's hard to prove that. Um.",1,/Users/minjoolee/Downloads/MUStARD/PodSarc/all_processed/overly-sarcastic-podcast__ospod-episode-60/ospod-episode-60_27.mp3
60_33,60,"video. There's a lot of parts of it where it's like, this is from, you know, a movie. This is from a Western cartoon. They're not all shown in anime. I promise. I, I toned it down significantly, but like it's.",1,/Users/minjoolee/Downloads/MUStARD/PodSarc/all_processed/overly-sarcastic-podcast__ospod-episode-60/ospod-episode-60_33.mp3
60_36,60,"You got, well, I could have also done exclusively footage from Bleach, which is the one where it's like the writer kept coming up with new fun things and then being like, how do I make my main character also this? So it's like, first he's a Shinagami and then he's a holo and then he's a,",1,/Users/minjoolee/Downloads/MUStARD/PodSarc/all_processed/overly-sarcastic-podcast__ospod-episode-60/ospod-episode-60_36.mp3
60_45,60,"Whenever it's like, oh, the power was within you all along, it's like, doesn't that?",0,/Users/minjoolee/Downloads/MUStARD/PodSarc/all_processed/overly-sarcastic-podcast__ospod-episode-60/ospod-episode-60_45.mp3
60_46,60,"Not mean that you are tacitly responsible for all the bad stuff that happened when you were not powered up. Like, if you could have done this at any time.",0,/Users/minjoolee/Downloads/MUStARD/PodSarc/all_processed/overly-sarcastic-podcast__ospod-episode-60/ospod-episode-60_46.mp3
60_47,60,"And then they're showing how bad it is that, you know, how dire the straights are before you get the, could have, you know, was within you all on power up. Doesn't that mean that all that bad stuff that you now, you know, could have stopped, but obviously didn't? Is that not?",1,/Users/minjoolee/Downloads/MUStARD/PodSarc/all_processed/overly-sarcastic-podcast__ospod-episode-60/ospod-episode-60_47.mp3
60_48,60,"your fault, or at least would it not make sense for the hero to be like, oh shit, that is my fault, because heroes are always doing that, you know? Like, I never see that explored, especially when it's like, oh no, my friend, like, died, and that powered me up, and it's like, if,",1,/Users/minjoolee/Downloads/MUStARD/PodSarc/all_processed/overly-sarcastic-podcast__ospod-episode-60/ospod-episode-60_48.mp3
60_49,60,"So, Rhett, imagine if you will, um, a train track that diverges in half, and on one side are five people tied down, on the other side is one, and you have the power within you all along to pull the lever. Is that murder?",0,/Users/minjoolee/Downloads/MUStARD/PodSarc/all_processed/overly-sarcastic-podcast__ospod-episode-60/ospod-episode-60_49.mp3
60_50,60,"God damn it. My point is hero complexes make, have, protagonists have had guilt complexes for dumber shit, and this is the kind of thing where it's like,",0,/Users/minjoolee/Downloads/MUStARD/PodSarc/all_processed/overly-sarcastic-podcast__ospod-episode-60/ospod-episode-60_50.mp3
60_55,60,"The power was within you all along. This is such a disappointing payoff for some reason, even though this should be a big combination, is because",0,/Users/minjoolee/Downloads/MUStARD/PodSarc/all_processed/overly-sarcastic-podcast__ospod-episode-60/ospod-episode-60_55.mp3
60_58,60,That's the sequel to the like 80s fantasy movie Willow. And the second episode is when I tapped out because the entire episode is this.,0,/Users/minjoolee/Downloads/MUStARD/PodSarc/all_processed/overly-sarcastic-podcast__ospod-episode-60/ospod-episode-60_58.mp3
60_62,60,"It's the hand of the author on the audience's mouth going, shh, I'm not ready yet. We'll be able to go forward in a second. Yeah.",0,/Users/minjoolee/Downloads/MUStARD/PodSarc/all_processed/overly-sarcastic-podcast__ospod-episode-60/ospod-episode-60_62.mp3
60_69,60,"Yeah, so, so, I, I love, uh, Shonen villain sunglasses man, and I'm gonna find every excuse I can to include him in future videos. Yeah.",0,/Users/minjoolee/Downloads/MUStARD/PodSarc/all_processed/overly-sarcastic-podcast__ospod-episode-60/ospod-episode-60_69.mp3
60_70,60,"So, so that was my, uh, my chunk of the channel handled in the last couple of weeks, and you had a very fun one.",0,/Users/minjoolee/Downloads/MUStARD/PodSarc/all_processed/overly-sarcastic-podcast__ospod-episode-60/ospod-episode-60_70.mp3
60_73,60,"Uh, the convention hall was, like, right next to the Tribune Tower, and I was looking at it, and I was like, like, I've looked at this building many times before, but, like, god damn, and, like, a switch flipped in my head. I'm like, I gotta, I gotta talk about this, because, like, I looked online, there's, like, a couple little two-minute videos of, like, oh, there's a Tribune Tower, it's in, like, no, someone needs to be gushing about this building, which, holy shit. Every year, Chicago runs, like, a what's the most beautiful building in the city, and this 200, or, sorry, this, this, um, this 1922 hundred-year-old building",0,/Users/minjoolee/Downloads/MUStARD/PodSarc/all_processed/overly-sarcastic-podcast__ospod-episode-60/ospod-episode-60_73.mp3
60_83,60,"you know, design plate number 196, Adolf Loos, Nice, France. And I'm like, okay, that's a weird name for a French guy, but whatever. And I didn't think to check that. And the comments are like, Adolf Loos was super Austrian. I'm like, what? How did I miss that? So I found like, oh, the design was submitted for like the few years that he was living in Nice. And I'm like, damn it. So that was my one goo for the video, but, um.",0,/Users/minjoolee/Downloads/MUStARD/PodSarc/all_processed/overly-sarcastic-podcast__ospod-episode-60/ospod-episode-60_83.mp3
60_88,60,"It is generally the number one sign. Yeah. A tourist is the person in the city who's looking up with like, wow, wonder and joy in their heart. Anyway. Yeah. So it was a very fun video. And honestly, it's such a gorgeous building. Uh, it's, it like, it, that whole chunk of Chicago is just really pretty. A lot of really nice old videos. Yeah.",0,/Users/minjoolee/Downloads/MUStARD/PodSarc/all_processed/overly-sarcastic-podcast__ospod-episode-60/ospod-episode-60_88.mp3
60_93,60,"Well, guys, imagine if you like fishing, it's pretty neat. Um, there are a lot of live fish in it, which is nuts, but. Cool.",0,/Users/minjoolee/Downloads/MUStARD/PodSarc/all_processed/overly-sarcastic-podcast__ospod-episode-60/ospod-episode-60_93.mp3
60_94,60,"Interesting. Yeah, no, I mean more like Blade Runner shit, like Dystopia, like Dwarf the Skyline. Seemed pretty dystopic to me. Batman Beyond stuff, you know, building so big, they make the old skyscrapers look teeny weeny, but no housing stuff.",0,/Users/minjoolee/Downloads/MUStARD/PodSarc/all_processed/overly-sarcastic-podcast__ospod-episode-60/ospod-episode-60_94.mp3
60_96,60,"Yeah, the thing is what they're gonna do is they're probably gonna do a ziggurat and then they're gonna put a tower in it because that way you get more floor space and you can rent it as condos.",1,/Users/minjoolee/Downloads/MUStARD/PodSarc/all_processed/overly-sarcastic-podcast__ospod-episode-60/ospod-episode-60_96.mp3
60_100,60,"That's, that's why if you've ever considered the Jedi temple, it looks very weird. It's a ziggurat with towers on, it's a ziggurat with minarets, that does not make sense!",1,/Users/minjoolee/Downloads/MUStARD/PodSarc/all_processed/overly-sarcastic-podcast__ospod-episode-60/ospod-episode-60_100.mp3
60_101,60,"But, you know, like, we've gotten kind of used to modern skyscrapers. A lot of them are just like glass and steel, you know, a shape projected upward into a cylindrical prism, I guess.",1,/Users/minjoolee/Downloads/MUStARD/PodSarc/all_processed/overly-sarcastic-podcast__ospod-episode-60/ospod-episode-60_101.mp3
60_103,60,"Yeah, yeah.",0,/Users/minjoolee/Downloads/MUStARD/PodSarc/all_processed/overly-sarcastic-podcast__ospod-episode-60/ospod-episode-60_103.mp3
60_110,60,"So the sound carries. It's a communicator. Ding, ding, come get your news. Uh, it, it works. I think that the little thematic points were kind of fun to include.",1,/Users/minjoolee/Downloads/MUStARD/PodSarc/all_processed/overly-sarcastic-podcast__ospod-episode-60/ospod-episode-60_110.mp3
60_117,60,"But, uh, I did want to mention a couple comments that I got were like, what do you mean accusing the Tribune Tower of imperialism? Those, those, the stones on it weren't stolen. It's like,",0,/Users/minjoolee/Downloads/MUStARD/PodSarc/all_processed/overly-sarcastic-podcast__ospod-episode-60/ospod-episode-60_117.mp3
60_122,60,"The implied thread is like, if you go on a mission, uh, for the Tribune to go cover some story as a correspondent, and you don't come back with some rock from a place, I'll be disappointed. So it's like, acquire it by honorable means. Uh.",1,/Users/minjoolee/Downloads/MUStARD/PodSarc/all_processed/overly-sarcastic-podcast__ospod-episode-60/ospod-episode-60_122.mp3
60_125,60,"Yeah, so, I mean. Exactly. So, the.",0,/Users/minjoolee/Downloads/MUStARD/PodSarc/all_processed/overly-sarcastic-podcast__ospod-episode-60/ospod-episode-60_125.mp3
60_129,60,"Yeah, so we're just pushing ahead the, the, uh, bi-weekly pod schedule, just a little bit, so there's a tri-weekly gap.",0,/Users/minjoolee/Downloads/MUStARD/PodSarc/all_processed/overly-sarcastic-podcast__ospod-episode-60/ospod-episode-60_129.mp3
60_144,60,"It's cool, check it out. Uh, The Unexpectables, D&D actual play podcast. Ah, no, but I've heard about it. Oh, no, this is, hm.",0,/Users/minjoolee/Downloads/MUStARD/PodSarc/all_processed/overly-sarcastic-podcast__ospod-episode-60/ospod-episode-60_144.mp3
60_148,60,"Romeo x Juliet. Romeo plus Juliet. Oh yeah. Crosscode, the video game. No.",0,/Users/minjoolee/Downloads/MUStARD/PodSarc/all_processed/overly-sarcastic-podcast__ospod-episode-60/ospod-episode-60_148.mp3
60_155,60,"The TTRPG game, anyone can wear the mask. No.",0,/Users/minjoolee/Downloads/MUStARD/PodSarc/all_processed/overly-sarcastic-podcast__ospod-episode-60/ospod-episode-60_155.mp3
60_157,60,"Gilgamesh or Ember Knight, a webtoon. Uh, no.",0,/Users/minjoolee/Downloads/MUStARD/PodSarc/all_processed/overly-sarcastic-podcast__ospod-episode-60/ospod-episode-60_157.mp3
60_161,60,"Of all the other Dimension 20 shows that I haven't seen, that is the one that I most want to watch.",0,/Users/minjoolee/Downloads/MUStARD/PodSarc/all_processed/overly-sarcastic-podcast__ospod-episode-60/ospod-episode-60_161.mp3
60_162,60,"Oh, it's so fun. Yeah. Uh, Cars, the movie.",0,/Users/minjoolee/Downloads/MUStARD/PodSarc/all_processed/overly-sarcastic-podcast__ospod-episode-60/ospod-episode-60_162.mp3
60_166,60,"No, it's deliberate. Like the, the ghost story dub is like the first like shitpost abridged series, but that was the official quote unquote dub. And it's like, really? There was like a real story here. You couldn't, nah, it's funny. I don't know. I'm a little bit torn on official parody.",1,/Users/minjoolee/Downloads/MUStARD/PodSarc/all_processed/overly-sarcastic-podcast__ospod-episode-60/ospod-episode-60_166.mp3
60_167,60,"If you have not seen Weird, the Al Jankovic story yet, highly recommend. It's not what they asked about in this lightning realm, but that movie is so funny. Obviously I've seen the fight scene where Daniel Radcliffe fights a bunch of dudes.",1,/Users/minjoolee/Downloads/MUStARD/PodSarc/all_processed/overly-sarcastic-podcast__ospod-episode-60/ospod-episode-60_167.mp3
60_168,60,"Oh my god, if it's so much more than that red. Like, the whole thing is a perfectly constructed parody of a biopic in the way that only a Weird Al biopic could pull off. Uh, but that's, you know, not.",0,/Users/minjoolee/Downloads/MUStARD/PodSarc/all_processed/overly-sarcastic-podcast__ospod-episode-60/ospod-episode-60_168.mp3
60_169,60,I really do want to see it. I didn't realize it came out. I must have missed it.,0,/Users/minjoolee/Downloads/MUStARD/PodSarc/all_processed/overly-sarcastic-podcast__ospod-episode-60/ospod-episode-60_169.mp3
60_171,60,"Oh, just a second. Let me look this up just so I know exactly what we're talking about, because this might be something I know about, but it also might not be.",0,/Users/minjoolee/Downloads/MUStARD/PodSarc/all_processed/overly-sarcastic-podcast__ospod-episode-60/ospod-episode-60_171.mp3
60_174,60,"I have actually watched this now. As of, like, last week, I watched the whole thing instead of doing any work that day.",1,/Users/minjoolee/Downloads/MUStARD/PodSarc/all_processed/overly-sarcastic-podcast__ospod-episode-60/ospod-episode-60_174.mp3
60_178,60,"It is extremely cool that they committed so hard to, like, there was no intelligible dialogue in this show. Because it's, it's, it's a logical progression of everything that, again, he's working towards. It's like,",1,/Users/minjoolee/Downloads/MUStARD/PodSarc/all_processed/overly-sarcastic-podcast__ospod-episode-60/ospod-episode-60_178.mp3
60_180,60,"In that video, he's like, hm, yes, I see. I will find it. And then I'm done for the day.",1,/Users/minjoolee/Downloads/MUStARD/PodSarc/all_processed/overly-sarcastic-podcast__ospod-episode-60/ospod-episode-60_180.mp3
60_182,60,"Yeah, and in Primal, uh, of course, the main character is a caveman, and his partner is a dinosaur, uh, so he only communicates by yelling, and she only communicates by roaring, uh, and you get so used to this, that it's just body language and facial expression and stuff, that when a real human being shows up in the season one finale and is, like, speaking her own language, you have no idea what she's saying, and you know you're never gonna figure it out, because you've gotten so in the head of the main characters, uh, who don't even have names outside of the episode descriptions, because obviously nobody would",1,/Users/minjoolee/Downloads/MUStARD/PodSarc/all_processed/overly-sarcastic-podcast__ospod-episode-60/ospod-episode-60_182.mp3
60_183,60,"But it's like, the, the caveman is called Spear and the dinosaur is called Fang, but only if you read the episode descriptions.",1,/Users/minjoolee/Downloads/MUStARD/PodSarc/all_processed/overly-sarcastic-podcast__ospod-episode-60/ospod-episode-60_183.mp3
60_184,60,"And then season two has a lot more people, but they're also all speaking languages that the audience is not expected to know. And you know that Spear's not getting a goddamn word out of it. He's, he's like, he figured out the name of the lady he likes and that's all you get. Uh, and it's funny cause she does the little like, you know, you, Tars and me Jane thing to try and like get him to kind of open up and he just does not respond to it at all. Um,",1,/Users/minjoolee/Downloads/MUStARD/PodSarc/all_processed/overly-sarcastic-podcast__ospod-episode-60/ospod-episode-60_184.mp3
60_194,60,"I mean, you know, the most important part of the hero's journey is coming back fundamentally changed to the beginning.",1,/Users/minjoolee/Downloads/MUStARD/PodSarc/all_processed/overly-sarcastic-podcast__ospod-episode-60/ospod-episode-60_194.mp3
60_197,60,"Um, and the game continuously sets up him having all these arguments with Machiavelli. But Ezio's always wrong. Like, every time he's like, oh, you see, Machiavelli, I should not have killed Rodrigo Borgia because I was getting over my revenge quest to Machiavelli. It's like, okay, great!",1,/Users/minjoolee/Downloads/MUStARD/PodSarc/all_processed/overly-sarcastic-podcast__ospod-episode-60/ospod-episode-60_197.mp3
60_210,60,"Uh, and in the process of researching it, I concluded that there was no way I could handle it without doing a colonialism about it.",1,/Users/minjoolee/Downloads/MUStARD/PodSarc/all_processed/overly-sarcastic-podcast__ospod-episode-60/ospod-episode-60_210.mp3
60_216,60,"Yeah, yeah.",0,/Users/minjoolee/Downloads/MUStARD/PodSarc/all_processed/overly-sarcastic-podcast__ospod-episode-60/ospod-episode-60_216.mp3
60_218,60,"So there's, and it's, it's this very, very complicated space that is very difficult for an outsider to understand because that information is not actually supposed to be publicly available at all. And whenever the anthropologist went to Australia, they were like, yes, tell me more about your sky-themed",1,/Users/minjoolee/Downloads/MUStARD/PodSarc/all_processed/overly-sarcastic-podcast__ospod-episode-60/ospod-episode-60_218.mp3
60_225,60,"You know, the voices of the people who want to tell those stories and have the right to rather than try and sift through the nightmare research rabbit holes of like, can I find a source for this story that wasn't written by some white guy who didn't cite his fucking sources and won't even specify the name of the storyteller who told this to him?",0,/Users/minjoolee/Downloads/MUStARD/PodSarc/all_processed/overly-sarcastic-podcast__ospod-episode-60/ospod-episode-60_225.mp3
60_226,60,"Or even like, their people and the name of their group? Like, why am I, how am I supposed to trust any of that?",1,/Users/minjoolee/Downloads/MUStARD/PodSarc/all_processed/overly-sarcastic-podcast__ospod-episode-60/ospod-episode-60_226.mp3
60_227,60,"Actually, that's a second rabbit hole I found while I was researching that. There was another reason I was like, I gotta get the fuck out of here. Cause after a while you're like, Oh, this is a primary source. This person is an expert on this native culture and they themselves are from this tribe. And then you get arguments about people who are like, well, are they? I don't know. Like you find these forums of people trying to debunk like the Native American heritage of",1,/Users/minjoolee/Downloads/MUStARD/PodSarc/all_processed/overly-sarcastic-podcast__ospod-episode-60/ospod-episode-60_227.mp3
60_228,60,"Supposed experts in fields. And I'm like, I don't want to touch this.",0,/Users/minjoolee/Downloads/MUStARD/PodSarc/all_processed/overly-sarcastic-podcast__ospod-episode-60/ospod-episode-60_228.mp3
60_229,60,"Even after getting through all that, like, imagine that the video were to be made. You get people like, oh, like song lines. Like, yeah, there are like some sailing songs that guide you through where you're supposed to sail in like certain areas. It's like, it's not the same. You will be tempted to think that they are similar. They super duper aren't.",1,/Users/minjoolee/Downloads/MUStARD/PodSarc/all_processed/overly-sarcastic-podcast__ospod-episode-60/ospod-episode-60_229.mp3
60_232,60,"That's very much not my circus, not my monkeys. I don't, I don't touch that. And I, I've concluded that that is probably best.",0,/Users/minjoolee/Downloads/MUStARD/PodSarc/all_processed/overly-sarcastic-podcast__ospod-episode-60/ospod-episode-60_232.mp3
60_235,60,"But then, elevating, ah, yes, you don't have a literary culture, therefore you don't count. And that's obviously not what anyone's saying, but it gets...",0,/Users/minjoolee/Downloads/MUStARD/PodSarc/all_processed/overly-sarcastic-podcast__ospod-episode-60/ospod-episode-60_235.mp3
60_252,60,"I would not be doing a video on this character unless I was framing it as like a Valentine's Day thing, so. Yeah.",1,/Users/minjoolee/Downloads/MUStARD/PodSarc/all_processed/overly-sarcastic-podcast__ospod-episode-60/ospod-episode-60_252.mp3
60_264,60,"Yeah, the best fictional dome, there aren't a lot that I can conjure to mind except for, and I didn't watch Rings of Power, um, but there's whatever the, I don't, I don't know where the fuck the cities are, is, is it like,",0,/Users/minjoolee/Downloads/MUStARD/PodSarc/all_processed/overly-sarcastic-podcast__ospod-episode-60/ospod-episode-60_264.mp3
60_265,60,"I don't know, is the big city, is the big city in rings of power, is the elf one? I don't fucking know, man. But there was this ginormous dome that's basically.",0,/Users/minjoolee/Downloads/MUStARD/PodSarc/all_processed/overly-sarcastic-podcast__ospod-episode-60/ospod-episode-60_265.mp3
60_268,60,"I think it might not have been called Minas Tirith at the time. I was just listening through Fellowship of the Ring and they're taking their sweet fucking time at the Council of Elrond. But there was something about like, and they were called Minas something and Minas something. And then a bunch of other shit happened. And this one was renamed Minas Morgul. And this one was Minas Tirith. And anyway, so.",0,/Users/minjoolee/Downloads/MUStARD/PodSarc/all_processed/overly-sarcastic-podcast__ospod-episode-60/ospod-episode-60_268.mp3
60_272,60,"Yeah, as far as favorite fictional dome, I cannot conjure any others to mind right now. I can.",0,/Users/minjoolee/Downloads/MUStARD/PodSarc/all_processed/overly-sarcastic-podcast__ospod-episode-60/ospod-episode-60_272.mp3
60_278,60,"It's ice Venice. What do you expect from me? Um, cause it, it also, it, it makes sense. It is a waterbender city where they can control water and ice. So basically they can make all the structures that they want. It's very easy to move around with a canal based city, much easier than streets. If you can just will canals into existence.",1,/Users/minjoolee/Downloads/MUStARD/PodSarc/all_processed/overly-sarcastic-podcast__ospod-episode-60/ospod-episode-60_278.mp3
60_289,60,"Yeah. My hair's been very, very poofy, um, lately. I can't exactly clock why I keep going to my barber and I keep telling him like, don't!",0,/Users/minjoolee/Downloads/MUStARD/PodSarc/all_processed/overly-sarcastic-podcast__ospod-episode-60/ospod-episode-60_289.mp3
60_290,60,"Don't take out the length, but like, like, try to thin it out a little bit, and then we do! But then it's still poofy, I'm like, fucking Mediterranean hair, god.",1,/Users/minjoolee/Downloads/MUStARD/PodSarc/all_processed/overly-sarcastic-podcast__ospod-episode-60/ospod-episode-60_290.mp3
60_291,60,"the volume, yeah.",0,/Users/minjoolee/Downloads/MUStARD/PodSarc/all_processed/overly-sarcastic-podcast__ospod-episode-60/ospod-episode-60_291.mp3
60_298,60,"Well, this is why I think that being the one playing the game on Friday is gonna really help rebalance the ecosystem. Shift the dynamic around.",0,/Users/minjoolee/Downloads/MUStARD/PodSarc/all_processed/overly-sarcastic-podcast__ospod-episode-60/ospod-episode-60_298.mp3
60_299,60,"I think the, the height of the bad boy saga last year was, was pretty brutal to indigo, but it's, it's come around to me being the butt of the joke.",1,/Users/minjoolee/Downloads/MUStARD/PodSarc/all_processed/overly-sarcastic-podcast__ospod-episode-60/ospod-episode-60_299.mp3
60_303,60,"No, it just says biography. Who's chronicling your life? Story? Question mark.",1,/Users/minjoolee/Downloads/MUStARD/PodSarc/all_processed/overly-sarcastic-podcast__ospod-episode-60/ospod-episode-60_303.mp3
60_307,60,"We were very lucky enough to meet Xi Zhan, Jie Zhao at, um. Yes. Chai Con. And they very patiently listened to me talk about bloodshot in a professional setting for far too long. So I feel like they've really gotten into the psyche of Indigo. So if any modern author is going to write this up, I want it to be them. Yes. Beautiful. Yeah.",0,/Users/minjoolee/Downloads/MUStARD/PodSarc/all_processed/overly-sarcastic-podcast__ospod-episode-60/ospod-episode-60_307.mp3
60_311,60,Unwisely attempted to climb minus morgul and fell off or some shit.,1,/Users/minjoolee/Downloads/MUStARD/PodSarc/all_processed/overly-sarcastic-podcast__ospod-episode-60/ospod-episode-60_311.mp3
60_316,60,"Yeah. Yeah. Um, I'm looking on my shelf to try and see who I want representing me. Um, I think.",0,/Users/minjoolee/Downloads/MUStARD/PodSarc/all_processed/overly-sarcastic-podcast__ospod-episode-60/ospod-episode-60_316.mp3
60_322,60,"take an existential crisis and then put it in the form of a physical journey through, you know, a quasi-divine place, depends on whether you consider hell divine, but, uh, yeah, it's like me going for a walk to the store, but it's actually a metaphor for all my life struggles.",1,/Users/minjoolee/Downloads/MUStARD/PodSarc/all_processed/overly-sarcastic-podcast__ospod-episode-60/ospod-episode-60_322.mp3
60_324,60,"Oh, actually, you know what? Uh, I would, I would love to be the main character in an Aristophanes play. I would not come out of it well, but it would be really funny.",1,/Users/minjoolee/Downloads/MUStARD/PodSarc/all_processed/overly-sarcastic-podcast__ospod-episode-60/ospod-episode-60_324.mp3
60_325,60,"Yeah, I feel like the goal with all of our respective biographies is not that we look good, it's that it's entertaining to the people who come after.",1,/Users/minjoolee/Downloads/MUStARD/PodSarc/all_processed/overly-sarcastic-podcast__ospod-episode-60/ospod-episode-60_325.mp3
60_329,60,"Awesome. Well, on that note, I think it's time to wrap up, uh.",0,/Users/minjoolee/Downloads/MUStARD/PodSarc/all_processed/overly-sarcastic-podcast__ospod-episode-60/ospod-episode-60_329.mp3
60_332,60,"You know, we're taking our normal week off after that. And so it's three weeks. And then after that, it'll just be more every two weeks, bi-weekly, not that bi-weekly, the other bi-weekly.",0,/Users/minjoolee/Downloads/MUStARD/PodSarc/all_processed/overly-sarcastic-podcast__ospod-episode-60/ospod-episode-60_332.mp3
60_333,60,"Wait, but not, but not that bi-weekly. Not that bi-weekly.",1,/Users/minjoolee/Downloads/MUStARD/PodSarc/all_processed/overly-sarcastic-podcast__ospod-episode-60/ospod-episode-60_333.mp3
60_335,60,"Every Friday, for the most part, they'll be normal. Obviously, this Friday, it's going to be a little bit weird, assuming I can get everything plugged into the right places and not, uh,",1,/Users/minjoolee/Downloads/MUStARD/PodSarc/all_processed/overly-sarcastic-podcast__ospod-episode-60/ospod-episode-60_335.mp3
60_337,60,"As long as your internet doesn't die partway through the stream, you'll be better than I was a few weeks back.",1,/Users/minjoolee/Downloads/MUStARD/PodSarc/all_processed/overly-sarcastic-podcast__ospod-episode-60/ospod-episode-60_337.mp3
61_2,61,That's a horrible Lord of the Rings fan dub. I wasn't that fan art.,1,/Users/minjoolee/Downloads/MUStARD/PodSarc/all_processed/overly-sarcastic-podcast__ospod-episode-61/ospod-episode-61_2.mp3
61_5,61,"Oh, oh god, no, how, like, are, are we talking minutes or hours?",0,/Users/minjoolee/Downloads/MUStARD/PodSarc/all_processed/overly-sarcastic-podcast__ospod-episode-61/ospod-episode-61_5.mp3
61_9,61,What's yet today? This is the tea that I forgot on the bookshelf yesterday.,1,/Users/minjoolee/Downloads/MUStARD/PodSarc/all_processed/overly-sarcastic-podcast__ospod-episode-61/ospod-episode-61_9.mp3
61_12,61,"$10,000 for earthquake relief. That was great. Thanks to Cyan for helping organize that one. And, uh, basically, um.",1,/Users/minjoolee/Downloads/MUStARD/PodSarc/all_processed/overly-sarcastic-podcast__ospod-episode-61/ospod-episode-61_12.mp3
61_13,61,"Uh, bringing me up off of the floor, where I was very tiredly sitting for most of that afternoon. Like, I can't do it. So I, it's just like, okay, honey, we're going to get you some tea. Let's make a grilled cheese. I, I, I believe in you. And then it ended up being great.",0,/Users/minjoolee/Downloads/MUStARD/PodSarc/all_processed/overly-sarcastic-podcast__ospod-episode-61/ospod-episode-61_13.mp3
61_14,61,"Truly appropriate for the season, but, uh, I guess this is going up after Valentine's Day, but you know, you know.",1,/Users/minjoolee/Downloads/MUStARD/PodSarc/all_processed/overly-sarcastic-podcast__ospod-episode-61/ospod-episode-61_14.mp3
61_18,61,"Yeah, Midgard Basecamp, which is like, technically all of it's Midgard, mythologically speaking.",0,/Users/minjoolee/Downloads/MUStARD/PodSarc/all_processed/overly-sarcastic-podcast__ospod-episode-61/ospod-episode-61_18.mp3
61_22,61,"That was my favorite part of the trip, too. Everyone clearly thought that, like, we were going to die because, uh, our driver was a very cavalier, extremely cool dude. Uh, and then, like, we'd been driving across little rivulets that had cut across. Cause we, we were off the roads at this point, but there were paths. There were like trails that had clearly been marked out.",1,/Users/minjoolee/Downloads/MUStARD/PodSarc/all_processed/overly-sarcastic-podcast__ospod-episode-61/ospod-episode-61_22.mp3
61_42,61,"Red and I, uh, camped out outside cause it was, you know, like 30% chance of auroras, but it was so windy and rainy and snowy the whole time we were there. There was cloud cover. They say in Iceland, you know, if you don't like the weather, wait five minutes. But of course that means you only have about five minutes of clear sky at a time. Yeah. Um, so we were out there at like 1 a.m. and we're just like chatting. Uh, we walked back outside after the snow stopped and, you know, we're talking about random stuff and I look up and I'm like, Hey, Red, is that?",1,/Users/minjoolee/Downloads/MUStARD/PodSarc/all_processed/overly-sarcastic-podcast__ospod-episode-61/ospod-episode-61_42.mp3
61_43,61,"Is that look kind of green to you? So, like, take a picture, like, look at it. Yeah, I guess send it to the group chat. And then people come, like, running out in their coats, like, two minutes later. Like, where is it?",1,/Users/minjoolee/Downloads/MUStARD/PodSarc/all_processed/overly-sarcastic-podcast__ospod-episode-61/ospod-episode-61_43.mp3
61_45,61,"We were definitely in that sort of situation where it's like, I was kind of expecting it to look like all the photographs. But of course, all the photographs are the most spectacular that it ever gets when it's a full like corona. Um, and so instead what you actually see is like, Oh, that looks like a cloud, but it's kind of at a funny angle to the other clouds. And it's maybe a funny color. And there are nights where it gets that intense, but that first one, like it was, it was only our phone's night site that was like, Oh yeah. Yeah. That's green, baby. Well,",1,/Users/minjoolee/Downloads/MUStARD/PodSarc/all_processed/overly-sarcastic-podcast__ospod-episode-61/ospod-episode-61_45.mp3
61_46,61,"First for all of us, Blue saw it on the plane ride over and it was as apparently spectacular as it looks in all the photos. Yes, yes.",0,/Users/minjoolee/Downloads/MUStARD/PodSarc/all_processed/overly-sarcastic-podcast__ospod-episode-61/ospod-episode-61_46.mp3
61_52,61,"My day is ruined. 30 seconds after I took the picture, it had completely changed.",1,/Users/minjoolee/Downloads/MUStARD/PodSarc/all_processed/overly-sarcastic-podcast__ospod-episode-61/ospod-episode-61_52.mp3
61_59,61,"And I, I quickly got into the, uh, the, the space of, you know, Henry VIII scholarship and, and looking at, like, what is the kind of pop history picture? Watched Sixth the Musical for Research, very much enjoyed it. Um, and I kind of found myself thinking, this topic is already a little bit done to death.",0,/Users/minjoolee/Downloads/MUStARD/PodSarc/all_processed/overly-sarcastic-podcast__ospod-episode-61/ospod-episode-61_59.mp3
61_70,61,"And that makes him worse. Yeah. That's really the astounding thing is, is, I think the angle that I was able to justify as I was talking to you, Red, like, oh, like, th-",0,/Users/minjoolee/Downloads/MUStARD/PodSarc/all_processed/overly-sarcastic-podcast__ospod-episode-61/ospod-episode-61_70.mp3
61_72,61,Mm-hm.,0,/Users/minjoolee/Downloads/MUStARD/PodSarc/all_processed/overly-sarcastic-podcast__ospod-episode-61/ospod-episode-61_72.mp3
61_76,61,"Where, there's just, there's, there's so much there. And a lot of people try to brush it off like, oh, you have to give him credit because he got that jousting injury that gave him like this brain damage that affected his behavior later in life. The first thing he did when he became king was kill a bunch of his dad's advisors.",1,/Users/minjoolee/Downloads/MUStARD/PodSarc/all_processed/overly-sarcastic-podcast__ospod-episode-61/ospod-episode-61_76.mp3
61_77,61,It's not like he suddenly got worse when he got that injury. He was always that malicious. He just kept it in check because he had.,0,/Users/minjoolee/Downloads/MUStARD/PodSarc/all_processed/overly-sarcastic-podcast__ospod-episode-61/ospod-episode-61_77.mp3
61_81,61,"Especially when it's like, this is a funny haha, you know. People get defined by, like, the one most memorable thing.",0,/Users/minjoolee/Downloads/MUStARD/PodSarc/all_processed/overly-sarcastic-podcast__ospod-episode-61/ospod-episode-61_81.mp3
61_84,61,"and had reasons for everything they did. And the fact that this person who, you know, it's kind of cool that with, with Henry VIII, like, you start off and you're like, oh, he sounds like a selfish, horny asshole. And then you kind of dig deep and you're like, he is, but knowing the details makes him worse. It's like, like, haha, selfish, horny asshole. He may as well be a Looney Tunes character at that point, but like, then you unpack the actual person, you know, who, who grew up in this environment.",1,/Users/minjoolee/Downloads/MUStARD/PodSarc/all_processed/overly-sarcastic-podcast__ospod-episode-61/ospod-episode-61_84.mp3
61_85,61,"gained this absolute power, did all these terrible things, and it's like, hm.",0,/Users/minjoolee/Downloads/MUStARD/PodSarc/all_processed/overly-sarcastic-podcast__ospod-episode-61/ospod-episode-61_85.mp3
61_88,61,"So if somebody is like, oh, they were born bad, or like, they've just always been like this, some people are just evil, you know, then it's like,",1,/Users/minjoolee/Downloads/MUStARD/PodSarc/all_processed/overly-sarcastic-podcast__ospod-episode-61/ospod-episode-61_88.mp3
61_92,61,"You can tell that he has a logic. Yeah, and you can tell that he's just so",1,/Users/minjoolee/Downloads/MUStARD/PodSarc/all_processed/overly-sarcastic-podcast__ospod-episode-61/ospod-episode-61_92.mp3
61_98,61,"A lot of icky history starts with, with that premise.",1,/Users/minjoolee/Downloads/MUStARD/PodSarc/all_processed/overly-sarcastic-podcast__ospod-episode-61/ospod-episode-61_98.mp3
61_102,61,"I don't quite understand what the, what the joke about the mommy was. I'm like, Oh, dad, that's a, it's, it's, it's an internet joke. He's like, okay, whatever. I'm like, Oh, bless you.",0,/Users/minjoolee/Downloads/MUStARD/PodSarc/all_processed/overly-sarcastic-podcast__ospod-episode-61/ospod-episode-61_102.mp3
61_105,61,"point is that I do dunk on him with the memes, and I try to explain, like, there was more going on here. Um, so I, I can understand anyone's disappointment with, uh, with the structure of this video. Um, I, I do think I, I've, I've once again learned the, the allure and the danger of those kinds of, like, slightly confrontational videos, because this was my best performing history video since The Dark Ages Were Fine, actually, which was a confrontational tone that I still look back and I'm like,",1,/Users/minjoolee/Downloads/MUStARD/PodSarc/all_processed/overly-sarcastic-podcast__ospod-episode-61/ospod-episode-61_105.mp3
61_109,61,"That's why we, uh, that's why we don't do that. But Red, tell us about the newest trope.",0,/Users/minjoolee/Downloads/MUStARD/PodSarc/all_processed/overly-sarcastic-podcast__ospod-episode-61/ospod-episode-61_109.mp3
61_110,61,"Yeah, the trope talk on The Heart, a video topic that I've gone on the record in previous podcasts saying I didn't think I could make a video about. Character growth.",1,/Users/minjoolee/Downloads/MUStARD/PodSarc/all_processed/overly-sarcastic-podcast__ospod-episode-61/ospod-episode-61_110.mp3
61_117,61,"They only recently developed a personality and I'd have to talk about the chick and that's a mess and people on the internet might yell at me for being a woman with opinions about how women have historically been treated and characterized like that affects me for some fucking reason. And I don't know if I want to deal with that. And then it's like, well, hold on, but actually this is good to that. There's good stuff there. That's actually well worth exploring that, that this archetype started off almost as an accident.",1,/Users/minjoolee/Downloads/MUStARD/PodSarc/all_processed/overly-sarcastic-podcast__ospod-episode-61/ospod-episode-61_117.mp3
61_128,61,"Alec Hardison is the first person who is like, yeah, I've got our secret base. I did all the money laundering we need to get everything in order. I've done all our back taxes for the last 30 years. So nobody's going to think we're suspicious. Here's our head pieces. This is the person I'm in love with. And this is the other person I'd die for. And we all hang out. I have two hands. This is fantastic. And I'm like, yeah.",1,/Users/minjoolee/Downloads/MUStARD/PodSarc/all_processed/overly-sarcastic-podcast__ospod-episode-61/ospod-episode-61_128.mp3
61_129,61,"Fuck yeah, Hardison! You're the heart of this group! This is incredible! And sure to form in, uh, in season four, the crazy season where they start getting really experimental because they're like, well, we have had three seasons of formula, let's start getting weird with it. Uh, there's an episode where he's put in grave danger and everyone freaks the fuck out and rescues him. And that's, uh, that's the thing I used as the example. And, uh,",1,/Users/minjoolee/Downloads/MUStARD/PodSarc/all_processed/overly-sarcastic-podcast__ospod-episode-61/ospod-episode-61_129.mp3
61_134,61,"yeah, yeah.",0,/Users/minjoolee/Downloads/MUStARD/PodSarc/all_processed/overly-sarcastic-podcast__ospod-episode-61/ospod-episode-61_134.mp3
61_136,61,"Yeah. And if you treat it like a template, you're going to get stories that are very paid by the numbers. They're not always bad, but they're always very, have been done before. So.",0,/Users/minjoolee/Downloads/MUStARD/PodSarc/all_processed/overly-sarcastic-podcast__ospod-episode-61/ospod-episode-61_136.mp3
61_138,61,"the, the set up and then reveal of, like, explaining what kinds of scenarios you would put a heart character in if they are not defined by their combat capability. And then when you say, and thus we've established the heart to damsel pipeline.",1,/Users/minjoolee/Downloads/MUStARD/PodSarc/all_processed/overly-sarcastic-podcast__ospod-episode-61/ospod-episode-61_138.mp3
61_139,61,"I feel like I heard everyone in the audience, their heads just went",0,/Users/minjoolee/Downloads/MUStARD/PodSarc/all_processed/overly-sarcastic-podcast__ospod-episode-61/ospod-episode-61_139.mp3
61_143,61,"Yeah, okay, that makes perfect sense. Now I understand why these are the guys that are always getting kidnapped. Okay, cool.",0,/Users/minjoolee/Downloads/MUStARD/PodSarc/all_processed/overly-sarcastic-podcast__ospod-episode-61/ospod-episode-61_143.mp3
61_144,61,"I guess in my head, I didn't even think of that as a reveal, but I guess I could have put a little QED after it and it would have worked just as well.",1,/Users/minjoolee/Downloads/MUStARD/PodSarc/all_processed/overly-sarcastic-podcast__ospod-episode-61/ospod-episode-61_144.mp3
61_147,61,"but wait, there is no video called trope talk the leader, therefore.",1,/Users/minjoolee/Downloads/MUStARD/PodSarc/all_processed/overly-sarcastic-podcast__ospod-episode-61/ospod-episode-61_147.mp3
61_148,61,"Yeah, no, you're right. I mean, I've sort of wibbled it around a little bit. There's no trope talk on the big guy either, because I did powerhouses instead, and those aren't always the same thing. Um, but, uh, the,",0,/Users/minjoolee/Downloads/MUStARD/PodSarc/all_processed/overly-sarcastic-podcast__ospod-episode-61/ospod-episode-61_148.mp3
61_149,61,"Well, for instance, Earth's Mightiest Heroes is the example I kept using. Thor is the power, oops, sorry, bumped my microphone. Thor is the powerhouse. Hulk is the big guy. They're different things. Uh, Hulk is not reliable enough to be the powerhouse because he constantly runs off half-cocked and gets mad and, you know, sulks and vanishes for entire seasons. So.",0,/Users/minjoolee/Downloads/MUStARD/PodSarc/all_processed/overly-sarcastic-podcast__ospod-episode-61/ospod-episode-61_149.mp3
61_160,61,"If I can, again, I might convince myself otherwise. If I can think of enough to talk about with respect to what the point of the leader is, I might, but it would be like making a video about the protagonist. That's way too much and way too little at the same time.",1,/Users/minjoolee/Downloads/MUStARD/PodSarc/all_processed/overly-sarcastic-podcast__ospod-episode-61/ospod-episode-61_160.mp3
61_171,61,"For Valentine's Day, it's happening. Oh, yeah, yeah.",0,/Users/minjoolee/Downloads/MUStARD/PodSarc/all_processed/overly-sarcastic-podcast__ospod-episode-61/ospod-episode-61_171.mp3
61_174,61,"presumably like this in history, we just don't have as much on them. Um, but, like, seeing, like, a, a, a king and queen pair, emperor and empress, where they were stronger as a team than either of them ever were on their own, um, it is remarkable, and there are a lot of reasons to feel like Justinian did a lot of bad stuff, actually, like, strictly speaking, he was de-acclaimed by the populace in Constantinople at the Nica Riots, and he murdered his way through keeping power, so he really, like, shouldn't still be emperor, but,",1,/Users/minjoolee/Downloads/MUStARD/PodSarc/all_processed/overly-sarcastic-podcast__ospod-episode-61/ospod-episode-61_174.mp3
61_178,61,"Like, this may surprise the viewers, but I don't tend to pay all that much attention to couples in history and mythology. And most of them are messes, especially in the mythology side of things, where it's like, if you're lucky, maybe this character has a consistent consort. If you're not, who the fuck knows? So, uh.",1,/Users/minjoolee/Downloads/MUStARD/PodSarc/all_processed/overly-sarcastic-podcast__ospod-episode-61/ospod-episode-61_178.mp3
61_189,61,"In their roles as king and queen of the underworld, they seem very functional.",0,/Users/minjoolee/Downloads/MUStARD/PodSarc/all_processed/overly-sarcastic-podcast__ospod-episode-61/ospod-episode-61_189.mp3
61_195,61,"Be pretty weird for her to do that accidentally. Maybe this is just her way of picking her husband, which is cute.",1,/Users/minjoolee/Downloads/MUStARD/PodSarc/all_processed/overly-sarcastic-podcast__ospod-episode-61/ospod-episode-61_195.mp3
61_201,61,"As someone who has done some fiber crafts in my life, people have no idea how long that shit takes. So absolutely, girl, Penelope, use that to your advantage. We love to see it.",0,/Users/minjoolee/Downloads/MUStARD/PodSarc/all_processed/overly-sarcastic-podcast__ospod-episode-61/ospod-episode-61_201.mp3
61_204,61,"Oh, and, uh, Typhon and, uh, Echidna? I believe. They had a cute little monster thing going. Like.",0,/Users/minjoolee/Downloads/MUStARD/PodSarc/all_processed/overly-sarcastic-podcast__ospod-episode-61/ospod-episode-61_204.mp3
61_206,61,"Oh, what are the two, the, um, once a year they get to meet up in this garden?",0,/Users/minjoolee/Downloads/MUStARD/PodSarc/all_processed/overly-sarcastic-podcast__ospod-episode-61/ospod-episode-61_206.mp3
61_229,61,"Speak with someone every single day to still have a meaningful connection with them. Um, maybe you could talk more than once a year. I don't know. But, you know, you really have to decide like.",1,/Users/minjoolee/Downloads/MUStARD/PodSarc/all_processed/overly-sarcastic-podcast__ospod-episode-61/ospod-episode-61_229.mp3
61_237,61,"needs and timings for that. Uh, so I'm one of those people that basically responds to messages immediately, unless I'm like incapacitated or have no internet or like dead. Uh, but there are plenty of people I know who don't know that there's a conversations I've had with like some of my best friends where I.",1,/Users/minjoolee/Downloads/MUStARD/PodSarc/all_processed/overly-sarcastic-podcast__ospod-episode-61/ospod-episode-61_237.mp3
61_245,61,The bridge doesn't get built. That's fine. You still tried.,0,/Users/minjoolee/Downloads/MUStARD/PodSarc/all_processed/overly-sarcastic-podcast__ospod-episode-61/ospod-episode-61_245.mp3
61_252,61,"I'd love to chat with you. I don't really have the time right now, but I just want you to know that I was like thinking about you and hope you're doing well. And he said the exact same thing. We're like, great. Awesome. And then that was like, we're good. That was it.",1,/Users/minjoolee/Downloads/MUStARD/PodSarc/all_processed/overly-sarcastic-podcast__ospod-episode-61/ospod-episode-61_252.mp3
61_254,61,"And it's great, but like, sometimes I'll just be like, Hey man, I was thinking about you, you know, if you're in the area, I'd love to hang out. And he'll be like, I was thinking about you too. Here's a show recommendation or like a YouTube video, some interesting engineering thing. And I'm like, yeah, yeah. Cause I think.",1,/Users/minjoolee/Downloads/MUStARD/PodSarc/all_processed/overly-sarcastic-podcast__ospod-episode-61/ospod-episode-61_254.mp3
61_256,61,"So, how lovely. They were thinking of me. I'd love to respond. Um, and also, Blue, I want to kind of expand on what you said about like, your friendship might manifest differently.",1,/Users/minjoolee/Downloads/MUStARD/PodSarc/all_processed/overly-sarcastic-podcast__ospod-episode-61/ospod-episode-61_256.mp3
61_274,61,"I think if you're a wizard, you can choose to look like a hobbit, cause they're basically angels, right? Like, it's not like Gandalf is actually an old guy.",1,/Users/minjoolee/Downloads/MUStARD/PodSarc/all_processed/overly-sarcastic-podcast__ospod-episode-61/ospod-episode-61_274.mp3
61_283,61,"Like, if you're, that actually I'm into. Uh, so in my boom. And I'll keep the audio quality nice and good, folks. Yeah. Standing in the pose, arms up. You've all seen it in a TV show where they have a TV set suspiciously in it as well. Um, uh, so let's do, why don't we all have picked them. Shall we do the bit? And my boom pole.",1,/Users/minjoolee/Downloads/MUStARD/PodSarc/all_processed/overly-sarcastic-podcast__ospod-episode-61/ospod-episode-61_283.mp3
61_285,61,"I was that fan art on my desk by Monday. Uh, this next question comes from that one girl. Two blue. What was your approach to planning your wedding? I've recently gotten engaged and I have no idea where to start. Oh, congratulations. Congratulations.",0,/Users/minjoolee/Downloads/MUStARD/PodSarc/all_processed/overly-sarcastic-podcast__ospod-episode-61/ospod-episode-61_285.mp3
61_287,61,"Work expands to fit the time is a thing that I've heard a lot of people say, and I don't always agree with it, but with weddings, it does. So like, if you have like a three month turnaround to plan the wedding first, yikes. Um, but like, you're going to get the essentials down and not really going to focus so much on like the nitty details. That's.",1,/Users/minjoolee/Downloads/MUStARD/PodSarc/all_processed/overly-sarcastic-podcast__ospod-episode-61/ospod-episode-61_287.mp3
61_288,61,"like, look, for three months, that, fine, that's fine. You get your venue, you get your food.",0,/Users/minjoolee/Downloads/MUStARD/PodSarc/all_processed/overly-sarcastic-podcast__ospod-episode-61/ospod-episode-61_288.mp3
61_289,61,"No, no, no, I'm just, I'm just, like, giving an extreme shortcase.",0,/Users/minjoolee/Downloads/MUStARD/PodSarc/all_processed/overly-sarcastic-podcast__ospod-episode-61/ospod-episode-61_289.mp3
61_290,61,"Basically, the most bare-bones plan is fine. That's fine. Like, you get, have, have fun.",0,/Users/minjoolee/Downloads/MUStARD/PodSarc/all_processed/overly-sarcastic-podcast__ospod-episode-61/ospod-episode-61_290.mp3
61_296,61,"Yeah, yeah.",0,/Users/minjoolee/Downloads/MUStARD/PodSarc/all_processed/overly-sarcastic-podcast__ospod-episode-61/ospod-episode-61_296.mp3
61_303,61,"Oh my god. Fonts. Whole, I don't even think about fonts. Wow.",1,/Users/minjoolee/Downloads/MUStARD/PodSarc/all_processed/overly-sarcastic-podcast__ospod-episode-61/ospod-episode-61_303.mp3
61_304,61,"I mean, we, we did, but I, I, I forgot. I forgot we had the fun conversation.",0,/Users/minjoolee/Downloads/MUStARD/PodSarc/all_processed/overly-sarcastic-podcast__ospod-episode-61/ospod-episode-61_304.mp3
61_305,61,"Well, I think, you know, it's one of those adrenaline things. Like, once you're done, the whole thing just shuffles out of your brain. Cause your brain's like, Jesus Christ, I've been waiting, I've been holding",0,/Users/minjoolee/Downloads/MUStARD/PodSarc/all_processed/overly-sarcastic-podcast__ospod-episode-61/ospod-episode-61_305.mp3
61_307,61,That's my advice to an unmarried woman. Have fun with it!,0,/Users/minjoolee/Downloads/MUStARD/PodSarc/all_processed/overly-sarcastic-podcast__ospod-episode-61/ospod-episode-61_307.mp3
61_309,61,"We'll move on to another question before we get too into the tea. Uh, but yeah, congratulations again on your engagement. This question. Enjoy it.",1,/Users/minjoolee/Downloads/MUStARD/PodSarc/all_processed/overly-sarcastic-podcast__ospod-episode-61/ospod-episode-61_309.mp3
61_314,61,"I had to realize, semi-recently, that when people have crushes on characters, that doesn't mean they want to start dressing more like them. Which made me re-evaluate a lot of my fictional character quote unquote crushes. Uh. Not necessarily. Yeah, turns out that's not really what that was.",1,/Users/minjoolee/Downloads/MUStARD/PodSarc/all_processed/overly-sarcastic-podcast__ospod-episode-61/ospod-episode-61_314.mp3
61_319,61,"Where, well, no, but like, he's just, he's just green arrow from arrow, but now he's Casey Jones. That wasn't something.",1,/Users/minjoolee/Downloads/MUStARD/PodSarc/all_processed/overly-sarcastic-podcast__ospod-episode-61/ospod-episode-61_319.mp3
61_321,61,"No, this one was live action and it might have been the fucking, the Mel Bay one. Yeah. It might've been the Bay, the Bayamenti. Uh, which is probably why I know that. Anyway, short answer. Not really. Cause it turns out the definition is not what I thought it was. Eh, that's valid.",1,/Users/minjoolee/Downloads/MUStARD/PodSarc/all_processed/overly-sarcastic-podcast__ospod-episode-61/ospod-episode-61_321.mp3
61_324,61,"Blue, the amount of times I have heard the story of you having a crush on Katy Perry, for you to not have just- That came later. That came later. That was middle school and high school.",1,/Users/minjoolee/Downloads/MUStARD/PodSarc/all_processed/overly-sarcastic-podcast__ospod-episode-61/ospod-episode-61_324.mp3
61_326,61,"Yeah, she is. All these dark haired, blue eyed ladies. No, I get it.",0,/Users/minjoolee/Downloads/MUStARD/PodSarc/all_processed/overly-sarcastic-podcast__ospod-episode-61/ospod-episode-61_326.mp3
61_331,61,"Okay, but, like, semi-real answer. Well, no. I mean, it still doesn't count.",0,/Users/minjoolee/Downloads/MUStARD/PodSarc/all_processed/overly-sarcastic-podcast__ospod-episode-61/ospod-episode-61_331.mp3
61_332,61,"But like, obviously, I've watched the Mummy movies and I have eyes, so, like, yeah. Everyone in the Mummy movies.",1,/Users/minjoolee/Downloads/MUStARD/PodSarc/all_processed/overly-sarcastic-podcast__ospod-episode-61/ospod-episode-61_332.mp3
61_333,61,"Does it count as having a crush if I just want them to kiss each other? Like, I feel like that's, you know. Like, it's a very hands-off approach. It's just, everyone in that movie is hot. What am I supposed to, except for the brother. But everyone else in that movie is hot.",1,/Users/minjoolee/Downloads/MUStARD/PodSarc/all_processed/overly-sarcastic-podcast__ospod-episode-61/ospod-episode-61_333.mp3
61_334,61,"Listen, that movie is hot. This is Jonathan Erasure.",1,/Users/minjoolee/Downloads/MUStARD/PodSarc/all_processed/overly-sarcastic-podcast__ospod-episode-61/ospod-episode-61_334.mp3
61_335,61,"Yeah. He's valid. I'm sorry. He hangs out with Ardeth Bay too much for me to pay attention to him. Oh, yeah.",0,/Users/minjoolee/Downloads/MUStARD/PodSarc/all_processed/overly-sarcastic-podcast__ospod-episode-61/ospod-episode-61_335.mp3
61_336,61,"I realize this is a generational thing, cause my dad has a huge celebrity crush on Emily Blunt, so this goes up the chain. This goes back.",0,/Users/minjoolee/Downloads/MUStARD/PodSarc/all_processed/overly-sarcastic-podcast__ospod-episode-61/ospod-episode-61_336.mp3
61_337,61,"Incredible. Well, let's. God. We've gotta. Oh, and, uh, pyro, pyro, pyroqueen.",0,/Users/minjoolee/Downloads/MUStARD/PodSarc/all_processed/overly-sarcastic-podcast__ospod-episode-61/ospod-episode-61_337.mp3
61_338,61,"Oh, and, uh, pirate, pirate queen Elizabeth Swan. Oh, well, yes, of course. I mean, obviously, yeah. Yeah.",0,/Users/minjoolee/Downloads/MUStARD/PodSarc/all_processed/overly-sarcastic-podcast__ospod-episode-61/ospod-episode-61_338.mp3
61_343,61,Everyone has to watch the Brian David Gilbert making all the Breath of the Wild foods before coming to a conclusion.,1,/Users/minjoolee/Downloads/MUStARD/PodSarc/all_processed/overly-sarcastic-podcast__ospod-episode-61/ospod-episode-61_343.mp3
61_345,61,"I feel like I, maybe it's just cause I'm a noted soup bitch, but the creamy hard soup does look particularly tasty to me. I feel like I want to know what it tastes like so bad. It's a mystery and I want to solve it.",0,/Users/minjoolee/Downloads/MUStARD/PodSarc/all_processed/overly-sarcastic-podcast__ospod-episode-61/ospod-episode-61_345.mp3
61_350,61,"That is the one mechanic I think is missing from Breath of the Wild is being able to bulk cook food. Especially if you're making a bunch of the same thing. I'm like, just let me make like six of these.",1,/Users/minjoolee/Downloads/MUStARD/PodSarc/all_processed/overly-sarcastic-podcast__ospod-episode-61/ospod-episode-61_350.mp3
61_351,61,"I did experiment with it. If you use multiple bundles of wood in the same recipe, it still only restores a quarter of a heart. So just not worth it. But yeah.",0,/Users/minjoolee/Downloads/MUStARD/PodSarc/all_processed/overly-sarcastic-podcast__ospod-episode-61/ospod-episode-61_351.mp3
61_355,61,"Zelda's like, Link, what the fuck are you doing? He's like, they're cooked. Get off my ass. I'm in a survival.",1,/Users/minjoolee/Downloads/MUStARD/PodSarc/all_processed/overly-sarcastic-podcast__ospod-episode-61/ospod-episode-61_355.mp3
61_357,61,"Anyway. Yeah. Yeah. So pie, soup. If anyone's got the recipe for creamy heart soup, feel free to DM me with that. Tweet at me or something. I do want to make it is the thing. I just haven't found the reliable source yet.",1,/Users/minjoolee/Downloads/MUStARD/PodSarc/all_processed/overly-sarcastic-podcast__ospod-episode-61/ospod-episode-61_357.mp3
61_359,61,"All the rice bowls where it's just like meat and rice. I'm like, yeah, that looks delicious. Like, that would be tasty. I could make it right now. Yeah.",1,/Users/minjoolee/Downloads/MUStARD/PodSarc/all_processed/overly-sarcastic-podcast__ospod-episode-61/ospod-episode-61_359.mp3
61_360,61,"I like the, uh, the omelets. The omelets are nice. It's always nice. Also, you can, uh, you can cook a hard-boiled egg by taking a bird egg and putting it in a hot spring. Uh, there's a little mini, uh, environmental storytelling tutorial for that under Hyrule Castle.",1,/Users/minjoolee/Downloads/MUStARD/PodSarc/all_processed/overly-sarcastic-podcast__ospod-episode-61/ospod-episode-61_360.mp3
61_364,61,"That was one of the funniest things that's ever happened to us though, to be fair.",0,/Users/minjoolee/Downloads/MUStARD/PodSarc/all_processed/overly-sarcastic-podcast__ospod-episode-61/ospod-episode-61_364.mp3
61_367,61,"Yeah, but, uh, needless to say, the food in the rest of the wild generally looks pretty good, so I'm looking forward to seeing what culinary delights Tears of the Kingdom brings us, but that's a question for another time, because we have to wrap up this podcast. So Red, are you ready to take us out?",0,/Users/minjoolee/Downloads/MUStARD/PodSarc/all_processed/overly-sarcastic-podcast__ospod-episode-61/ospod-episode-61_367.mp3
61_373,61,"Thanks so much for listening to this week's episode of the Overly Sarcastic Podcast. We'll be back on March 1st with another thrilling installment, but if you missed us before then,",1,/Users/minjoolee/Downloads/MUStARD/PodSarc/all_processed/overly-sarcastic-podcast__ospod-episode-61/ospod-episode-61_373.mp3
62_3,62,It's just the pool noodle that Christopher Judge was holding when he was doing all those scenes.,1,/Users/minjoolee/Downloads/MUStARD/PodSarc/all_processed/overly-sarcastic-podcast__ospod-episode-62/ospod-episode-62_3.mp3
62_10,62,I fear for what your evenings are gonna look like this week.,0,/Users/minjoolee/Downloads/MUStARD/PodSarc/all_processed/overly-sarcastic-podcast__ospod-episode-62/ospod-episode-62_10.mp3
62_14,62,"Those are amateur numbers, my friend. Uh, the best day of the week I had recently, uh, I was up till five doing assorted scripty things. Cause that was the night that I'd finished a video and I was like, Oh, I think I'll, I'll save that.",1,/Users/minjoolee/Downloads/MUStARD/PodSarc/all_processed/overly-sarcastic-podcast__ospod-episode-62/ospod-episode-62_14.mp3
62_19,62,"Yeah, the worst feeling, not the worst feeling, but like the, the dangerous feeling is when I wake up and I see I've got like six or seven messages from you of like different things spaced throughout the night. And then I will usually respond like, oh no, the worst thing is when you see it immediately.",1,/Users/minjoolee/Downloads/MUStARD/PodSarc/all_processed/overly-sarcastic-podcast__ospod-episode-62/ospod-episode-62_19.mp3
62_20,62,"It's got the same energy as when people have been watching the Breath of the Wild stream VODs and all say like, Oh yeah, I think I'll end it right on the hour. And there's like,",1,/Users/minjoolee/Downloads/MUStARD/PodSarc/all_processed/overly-sarcastic-podcast__ospod-episode-62/ospod-episode-62_20.mp3
62_23,62,So what do we stay up all night doing? Videos on the channel! Yeah!,0,/Users/minjoolee/Downloads/MUStARD/PodSarc/all_processed/overly-sarcastic-podcast__ospod-episode-62/ospod-episode-62_23.mp3
62_28,62,Nice. Yeah. Yeah.,0,/Users/minjoolee/Downloads/MUStARD/PodSarc/all_processed/overly-sarcastic-podcast__ospod-episode-62/ospod-episode-62_28.mp3
62_30,62,Wow.,0,/Users/minjoolee/Downloads/MUStARD/PodSarc/all_processed/overly-sarcastic-podcast__ospod-episode-62/ospod-episode-62_30.mp3
62_34,62,"really enjoyed it. Not that I thought it was a bad video, but, like, I, I can't always tell, like,",0,/Users/minjoolee/Downloads/MUStARD/PodSarc/all_processed/overly-sarcastic-podcast__ospod-episode-62/ospod-episode-62_34.mp3
62_37,62,"was pleasantly surprised by how many people were like, wow, this is like a really.",0,/Users/minjoolee/Downloads/MUStARD/PodSarc/all_processed/overly-sarcastic-podcast__ospod-episode-62/ospod-episode-62_37.mp3
62_39,62,"Yeah, yeah.",0,/Users/minjoolee/Downloads/MUStARD/PodSarc/all_processed/overly-sarcastic-podcast__ospod-episode-62/ospod-episode-62_39.mp3
62_40,62,videos where someone might be tempted to come in with an axe to grind.,0,/Users/minjoolee/Downloads/MUStARD/PodSarc/all_processed/overly-sarcastic-podcast__ospod-episode-62/ospod-episode-62_40.mp3
62_46,62,"Um, I think it's a, it's a formula you've used before. Uh, we.",0,/Users/minjoolee/Downloads/MUStARD/PodSarc/all_processed/overly-sarcastic-podcast__ospod-episode-62/ospod-episode-62_46.mp3
62_58,62,"Yes, you're selecting for an audience that wants to fight rather than an audience that wants to learn.",0,/Users/minjoolee/Downloads/MUStARD/PodSarc/all_processed/overly-sarcastic-podcast__ospod-episode-62/ospod-episode-62_58.mp3
62_62,62,"Everything's, uh, uh, an ecological. Yeah, everything.",0,/Users/minjoolee/Downloads/MUStARD/PodSarc/all_processed/overly-sarcastic-podcast__ospod-episode-62/ospod-episode-62_62.mp3
62_71,62,"Also, I just wanted to point out that the city of Uruk, the greatest city in the world in ancient Babylon, you know, Gilgamesh stuff, three and a half square miles, says it right in the poem. It's three and a half square miles.",1,/Users/minjoolee/Downloads/MUStARD/PodSarc/all_processed/overly-sarcastic-podcast__ospod-episode-62/ospod-episode-62_71.mp3
62_76,62,"Yeah, yeah, yeah.",0,/Users/minjoolee/Downloads/MUStARD/PodSarc/all_processed/overly-sarcastic-podcast__ospod-episode-62/ospod-episode-62_76.mp3
62_77,62,"Well, really, what is there to say? God, I had so much fucking fun with this video.",0,/Users/minjoolee/Downloads/MUStARD/PodSarc/all_processed/overly-sarcastic-podcast__ospod-episode-62/ospod-episode-62_77.mp3
62_78,62,"I, every time I set up one of these things, it's just an opportunity for me to talk more about space. I'm always like, they're going to call me out on this. They're going to notice that like nearly half the video has nothing to do with the myth and it's just about space. And then people are like, Hey, can you do more space? And I'm like, more space? I mean.",1,/Users/minjoolee/Downloads/MUStARD/PodSarc/all_processed/overly-sarcastic-podcast__ospod-episode-62/ospod-episode-62_78.mp3
62_79,62,"You know, how much more could there really be? But, oh boy.",0,/Users/minjoolee/Downloads/MUStARD/PodSarc/all_processed/overly-sarcastic-podcast__ospod-episode-62/ospod-episode-62_79.mp3
62_80,62,"Yeah, I had a ton of fun with this one. Uh, all that stuff at the beginning about like, this is probably the first constellation you learn about. That was straight from, you know, personal experience. I grew up in a city.",1,/Users/minjoolee/Downloads/MUStARD/PodSarc/all_processed/overly-sarcastic-podcast__ospod-episode-62/ospod-episode-62_80.mp3
62_85,62,When your parents make you put a coat over your Halloween costume when you go outside.,1,/Users/minjoolee/Downloads/MUStARD/PodSarc/all_processed/overly-sarcastic-podcast__ospod-episode-62/ospod-episode-62_85.mp3
62_86,62,"Oh, yeah.",0,/Users/minjoolee/Downloads/MUStARD/PodSarc/all_processed/overly-sarcastic-podcast__ospod-episode-62/ospod-episode-62_86.mp3
62_93,62,"Right at 4am, just like, looks up at the bear. Ma'am. Yeah.",1,/Users/minjoolee/Downloads/MUStARD/PodSarc/all_processed/overly-sarcastic-podcast__ospod-episode-62/ospod-episode-62_93.mp3
62_94,62,"Evening. Oh, God. I had so much fun. Uh, cause.",0,/Users/minjoolee/Downloads/MUStARD/PodSarc/all_processed/overly-sarcastic-podcast__ospod-episode-62/ospod-episode-62_94.mp3
62_96,62,"Go a little conspiracy boardy. Uh, something about connecting the dots of the stars leading to the thumbtacks and string. But no, because the thing is, it's tempting to be like every culture sees this as this. And the answer to that is no, no.",1,/Users/minjoolee/Downloads/MUStARD/PodSarc/all_processed/overly-sarcastic-podcast__ospod-episode-62/ospod-episode-62_96.mp3
62_101,62,"Yeah, the pixel resolutions all walk. Um, but then it's, you got the, you got Taurus, the bull of heaven, you know, referenced as early as the Epic of Yolkmash, which has been coming up a lot in my tangents recently for some reason.",0,/Users/minjoolee/Downloads/MUStARD/PodSarc/all_processed/overly-sarcastic-podcast__ospod-episode-62/ospod-episode-62_101.mp3
62_103,62,"And I, I've seen people express, like, confusion and frustration about it a little bit, because of course the running gag is like,",0,/Users/minjoolee/Downloads/MUStARD/PodSarc/all_processed/overly-sarcastic-podcast__ospod-episode-62/ospod-episode-62_103.mp3
62_108,62,"How important it is to know those things when you're, for instance, a pre-calendar civilization. You're maybe just starting to figure out agriculture.",1,/Users/minjoolee/Downloads/MUStARD/PodSarc/all_processed/overly-sarcastic-podcast__ospod-episode-62/ospod-episode-62_108.mp3
62_115,62,"You start paying attention to what signals tie in with what weather. You start noticing that the heliacal rising of Sirius means something important is about to happen. You know, you, you figure these things out and then it's like, well, how do you tell the stars apart? Ultimately speaking, they all look the same. They're little dots. Some of them are brighter. A couple of them are red. That's it.",1,/Users/minjoolee/Downloads/MUStARD/PodSarc/all_processed/overly-sarcastic-podcast__ospod-episode-62/ospod-episode-62_115.mp3
62_136,62,"Yeah. There were a couple of people in the comments pointing out, like, Avid is sometimes nicer, you know, there's a few versions where, like, apparently, uh, the way Avid told the abduction of Persephone, uh, specifically, Hades is, uh, arrow strikes him with the arrow of love. So Hades, like, has almost no choice in the matter, but, and it's like, is that better? I don't know.",1,/Users/minjoolee/Downloads/MUStARD/PodSarc/all_processed/overly-sarcastic-podcast__ospod-episode-62/ospod-episode-62_136.mp3
62_139,62,"Oh, jeez. On the subject of, of the myth as we're transitioning to the announcements portion of the podcast, uh, we do have a pin, um, a very fun new pin design that Red whipped up. Um, I, I don't want to steal the spotlight anymore because you, you are rightly very proud of this design that we've got here.",1,/Users/minjoolee/Downloads/MUStARD/PodSarc/all_processed/overly-sarcastic-podcast__ospod-episode-62/ospod-episode-62_139.mp3
62_140,62,"I had so much fun with this. Basically, we asked crowd made like, Hey, I know this is a long shot, but like,",0,/Users/minjoolee/Downloads/MUStARD/PodSarc/all_processed/overly-sarcastic-podcast__ospod-episode-62/ospod-episode-62_140.mp3
62_144,62,"I'm like, this is great. Also, this is like the same, like, is it immoral to sell dice because that's too addictive?",0,/Users/minjoolee/Downloads/MUStARD/PodSarc/all_processed/overly-sarcastic-podcast__ospod-episode-62/ospod-episode-62_144.mp3
62_147,62,My buddy. Yes.,0,/Users/minjoolee/Downloads/MUStARD/PodSarc/all_processed/overly-sarcastic-podcast__ospod-episode-62/ospod-episode-62_147.mp3
62_148,62,"Yes, please, please. The fun thing about the stained glass style, specifically for enamel pins, is that, uh, the stylistic considerations are basically the same.",0,/Users/minjoolee/Downloads/MUStARD/PodSarc/all_processed/overly-sarcastic-podcast__ospod-episode-62/ospod-episode-62_148.mp3
62_153,62,That's going to drive me up the wall. Nobody else is going to care. I'm going to care.,1,/Users/minjoolee/Downloads/MUStARD/PodSarc/all_processed/overly-sarcastic-podcast__ospod-episode-62/ospod-episode-62_153.mp3
62_170,62,"Because, you know, Google and YouTube were like changing the ways that channels",0,/Users/minjoolee/Downloads/MUStARD/PodSarc/all_processed/overly-sarcastic-podcast__ospod-episode-62/ospod-episode-62_170.mp3
62_176,62,"I really like, and of course, like, basic bitch answer incoming, um, but I really like historical fiction specifically with a very strong sense of place, because then the best part is you can not only, like, read the story and enjoy it for, like, the merits of the story or whatever people read books for, um, but then you can go to the place, and that's a cool thing, and you can actually, like, be able to retrace that for yourself, and,",1,/Users/minjoolee/Downloads/MUStARD/PodSarc/all_processed/overly-sarcastic-podcast__ospod-episode-62/ospod-episode-62_176.mp3
62_182,62,"Or, like, the secret place where all the wizards hang out.",0,/Users/minjoolee/Downloads/MUStARD/PodSarc/all_processed/overly-sarcastic-podcast__ospod-episode-62/ospod-episode-62_182.mp3
62_186,62,"And for the same reasons, I like mystery a lot, because people around me are constantly dying under mysterious circumstances, and I have to solve it. No, I, I like, I like solving a mystery.",1,/Users/minjoolee/Downloads/MUStARD/PodSarc/all_processed/overly-sarcastic-podcast__ospod-episode-62/ospod-episode-62_186.mp3
62_190,62,I also like when mysteries get stacked onto other genres. Yeah.,0,/Users/minjoolee/Downloads/MUStARD/PodSarc/all_processed/overly-sarcastic-podcast__ospod-episode-62/ospod-episode-62_190.mp3
62_202,62,"Yes, compared to academic scholarship, because there's a, there's a whole thing of, like, do people deliberately write academic scholarship, like, to be hard to understand, to create an in-group and an out-group? Uh, and there's a whole, like, classism arguments to be had there, but as far as, like,",1,/Users/minjoolee/Downloads/MUStARD/PodSarc/all_processed/overly-sarcastic-podcast__ospod-episode-62/ospod-episode-62_202.mp3
62_203,62,"actionable advice, which I was being asked for.",1,/Users/minjoolee/Downloads/MUStARD/PodSarc/all_processed/overly-sarcastic-podcast__ospod-episode-62/ospod-episode-62_203.mp3
62_208,62,"I used to just liberally highlight an entire article. Like I printed it out. I'm sorry. It's a waste of paper, but I printed everything out and then I would liberally highlight just to force my eyes to be staring at the words. And I found that that helps just force yourself through an article. Um, obviously for the understanding side.",0,/Users/minjoolee/Downloads/MUStARD/PodSarc/all_processed/overly-sarcastic-podcast__ospod-episode-62/ospod-episode-62_208.mp3
62_218,62,"reading a sentence and then writing down like the bullet points of that sentence. And then the next sentence, bullet points of that sentence. Cause that just.",1,/Users/minjoolee/Downloads/MUStARD/PodSarc/all_processed/overly-sarcastic-podcast__ospod-episode-62/ospod-episode-62_218.mp3
62_219,62,"That just sort of turns your brain into a little pass-through valve where it's like, you're never processing it. You're just transferring some words from one side of the page to the other.",0,/Users/minjoolee/Downloads/MUStARD/PodSarc/all_processed/overly-sarcastic-podcast__ospod-episode-62/ospod-episode-62_219.mp3
62_223,62,"Yeah. It's one of those things where you like, the more you do it, you're going to eventually find strategies that work. But like a lot of things in academia, sometimes you just kind of have to throw shit at the wall and see what sticks until you figure that out. Um, so try a lot.",0,/Users/minjoolee/Downloads/MUStARD/PodSarc/all_processed/overly-sarcastic-podcast__ospod-episode-62/ospod-episode-62_223.mp3
62_225,62,"Uh, sympathy for reading scholarship is that most people who write scholarship are not good writers.",1,/Users/minjoolee/Downloads/MUStARD/PodSarc/all_processed/overly-sarcastic-podcast__ospod-episode-62/ospod-episode-62_225.mp3
62_226,62,"Yes. At all. In fact, part of the reason why they do that.",0,/Users/minjoolee/Downloads/MUStARD/PodSarc/all_processed/overly-sarcastic-podcast__ospod-episode-62/ospod-episode-62_226.mp3
62_228,62,"Well, the thing is, you're not wrong, but I feel like there's a bit of a dichotomy here, because on the one hand, yes, you can get pretty far in academia without ever having to make something that a human being can read.",1,/Users/minjoolee/Downloads/MUStARD/PodSarc/all_processed/overly-sarcastic-podcast__ospod-episode-62/ospod-episode-62_228.mp3
62_230,62,"There's been a few jokes about this in the current discourse about like AI work where it's like, you know what I call a set of instructions so precise that they cannot possibly be done wrong by a computer? I call it code. That's what code is for.",1,/Users/minjoolee/Downloads/MUStARD/PodSarc/all_processed/overly-sarcastic-podcast__ospod-episode-62/ospod-episode-62_230.mp3
62_235,62,"You know, I think it would be a little bit unreasonable to ask for that these, that these academics and researchers also be excellent writers.",1,/Users/minjoolee/Downloads/MUStARD/PodSarc/all_processed/overly-sarcastic-podcast__ospod-episode-62/ospod-episode-62_235.mp3
62_242,62,"This is the thing that all professors suffer from, which is why teaching is also its own skill, and why a lot of academics hate having to teach, because they're not actually good at it.",1,/Users/minjoolee/Downloads/MUStARD/PodSarc/all_processed/overly-sarcastic-podcast__ospod-episode-62/ospod-episode-62_242.mp3
62_245,62,"high level scholarship, reading, learning, creating on your own end is just reading other people's scholarship. It is finicky.",0,/Users/minjoolee/Downloads/MUStARD/PodSarc/all_processed/overly-sarcastic-podcast__ospod-episode-62/ospod-episode-62_245.mp3
62_246,62,Good luck. You're not doing anything wrong. This is already hard.,0,/Users/minjoolee/Downloads/MUStARD/PodSarc/all_processed/overly-sarcastic-podcast__ospod-episode-62/ospod-episode-62_246.mp3
62_247,62,"And now for something completely different. This question comes from Mistake2all. What original prop from a movie or TV show would you want to own? For me, it is the pre-VFX Jar Jar Bank suit. So any prop from a movie, TV show.",1,/Users/minjoolee/Downloads/MUStARD/PodSarc/all_processed/overly-sarcastic-podcast__ospod-episode-62/ospod-episode-62_247.mp3
62_250,62,that's so wrong.,1,/Users/minjoolee/Downloads/MUStARD/PodSarc/all_processed/overly-sarcastic-podcast__ospod-episode-62/ospod-episode-62_250.mp3
62_251,62,"You've seen that GIF of, with, with Rey with the lightsaber and it comes out all floppy. She's like, just.",1,/Users/minjoolee/Downloads/MUStARD/PodSarc/all_processed/overly-sarcastic-podcast__ospod-episode-62/ospod-episode-62_251.mp3
62_254,62,"Like, the actual lightstick prop they put the VFX on of, like, the fucking, like, lightsaber keyblade and, like, the scissors on the end. Like, I want that.",0,/Users/minjoolee/Downloads/MUStARD/PodSarc/all_processed/overly-sarcastic-podcast__ospod-episode-62/ospod-episode-62_254.mp3
62_261,62,"Um, no, I mean, any, the real answer is like any sword from Lord of the Rings. I want to put that shit on my wall, obviously, you know? Um, but like, niche stuff, uh, some of the baby bottle pops they used for product placement in speed racer would be super funny. I imagine that they're terrible by now, but just like on the shelf.",1,/Users/minjoolee/Downloads/MUStARD/PodSarc/all_processed/overly-sarcastic-podcast__ospod-episode-62/ospod-episode-62_261.mp3
62_264,62,"Yeah. Cause what was it that, like, he had a, a special sword that he was like, okay, kids, like, please don't play with this. I made a copy for you. And one day he went to the store and there was a little ding in it. And he's like, they had fun. That's okay.",1,/Users/minjoolee/Downloads/MUStARD/PodSarc/all_processed/overly-sarcastic-podcast__ospod-episode-62/ospod-episode-62_264.mp3
62_266,62,"Oh, man. Fun diversity of answers we had there.",1,/Users/minjoolee/Downloads/MUStARD/PodSarc/all_processed/overly-sarcastic-podcast__ospod-episode-62/ospod-episode-62_266.mp3
62_270,62,It's just the pool noodle that Christopher Judge was holding when he was doing all those scenes.,1,/Users/minjoolee/Downloads/MUStARD/PodSarc/all_processed/overly-sarcastic-podcast__ospod-episode-62/ospod-episode-62_270.mp3
62_275,62,"Oh boy, this one's a toughie, uh, cause it really depends. Um, obviously like medieval England, that stuff's pretty easy. There's all kinds of things, uh, you can get for that. Um, uh.",1,/Users/minjoolee/Downloads/MUStARD/PodSarc/all_processed/overly-sarcastic-podcast__ospod-episode-62/ospod-episode-62_275.mp3
62_278,62,"Exactly picture perfect. Uh, and if, as long as there's like precedent for the thing I'm doing, I tend to be all right with it. Um.",1,/Users/minjoolee/Downloads/MUStARD/PodSarc/all_processed/overly-sarcastic-podcast__ospod-episode-62/ospod-episode-62_278.mp3
62_279,62,"Egypt, there's tons and tons of primary sources of like the clothing and stuff like that. So I just try and evoke that as much as possible. Usually with a little bit less exposed titty, but that's just my personal preference and also YouTube. Um.",1,/Users/minjoolee/Downloads/MUStARD/PodSarc/all_processed/overly-sarcastic-podcast__ospod-episode-62/ospod-episode-62_279.mp3
62_284,62,despite the best efforts of my mother. I can't sew. I don't understand clothes or fashion. I wear the same tank top and pants combo in every fabric I own.,1,/Users/minjoolee/Downloads/MUStARD/PodSarc/all_processed/overly-sarcastic-podcast__ospod-episode-62/ospod-episode-62_284.mp3
62_285,62,"So when I design clothes, it is very much from the standpoint of like those who can't do teach. So when I'm looking at the cultural",0,/Users/minjoolee/Downloads/MUStARD/PodSarc/all_processed/overly-sarcastic-podcast__ospod-episode-62/ospod-episode-62_285.mp3
62_289,62,"When you kind of get a feel for that, you can be a little bit creative with it. So everyone's not wearing the exact same outfit and everybody's not wearing something that you lifted straight from, like one of those old color in fashion plate, medieval.",0,/Users/minjoolee/Downloads/MUStARD/PodSarc/all_processed/overly-sarcastic-podcast__ospod-episode-62/ospod-episode-62_289.mp3
62_290,62,"Things that, that might not be universal experience. That might be my mom again. But like, you know what I mean. So, so you don't have to be photorealistic every time. If you get a general feel for like, what's the rough topology of clothing in this culture?",0,/Users/minjoolee/Downloads/MUStARD/PodSarc/all_processed/overly-sarcastic-podcast__ospod-episode-62/ospod-episode-62_290.mp3
62_293,62,"When I was doing, what was it? I think it was, uh, Kusanagi no Tsurugi, the grass cutter video. Um, the source I went to for that was, uh, was not a primary source. It wasn't even a secondary source.",1,/Users/minjoolee/Downloads/MUStARD/PodSarc/all_processed/overly-sarcastic-podcast__ospod-episode-62/ospod-episode-62_293.mp3
62_296,62,"really knows his stuff when it comes to Japanese history and, uh,",0,/Users/minjoolee/Downloads/MUStARD/PodSarc/all_processed/overly-sarcastic-podcast__ospod-episode-62/ospod-episode-62_296.mp3
62_299,62,"like, meiji restoration era characters. And I was like, yeah, yeah, I can, I can draw on this. This works great. So.",0,/Users/minjoolee/Downloads/MUStARD/PodSarc/all_processed/overly-sarcastic-podcast__ospod-episode-62/ospod-episode-62_299.mp3
62_309,62,"There's, it's always possible that I'll be a little creative and accidentally stumble into something that's, that's really bad.",1,/Users/minjoolee/Downloads/MUStARD/PodSarc/all_processed/overly-sarcastic-podcast__ospod-episode-62/ospod-episode-62_309.mp3
62_311,62,"Uh, that's fine, but folding it the other way, uh, is only for the dead. So, um.",0,/Users/minjoolee/Downloads/MUStARD/PodSarc/all_processed/overly-sarcastic-podcast__ospod-episode-62/ospod-episode-62_311.mp3
62_317,62,"Yeah, cool.",0,/Users/minjoolee/Downloads/MUStARD/PodSarc/all_processed/overly-sarcastic-podcast__ospod-episode-62/ospod-episode-62_317.mp3
62_328,62,I want to break dance. I want to be like a ninja turtle rolling around on the shelf.,1,/Users/minjoolee/Downloads/MUStARD/PodSarc/all_processed/overly-sarcastic-podcast__ospod-episode-62/ospod-episode-62_328.mp3
62_331,62,"But with, with Pitt and Link, it's more annoying because their range is better.",0,/Users/minjoolee/Downloads/MUStARD/PodSarc/all_processed/overly-sarcastic-podcast__ospod-episode-62/ospod-episode-62_331.mp3
62_334,62,"I mean, one of us has to dab, right? Like, there's a lot of, uh, there's like four taunt directions, so we, we can fill a lot of slots this way.",0,/Users/minjoolee/Downloads/MUStARD/PodSarc/all_processed/overly-sarcastic-podcast__ospod-episode-62/ospod-episode-62_334.mp3
62_335,62,"Up, left, dab, up, right, dab, down, left, dab, down, right, dab.",0,/Users/minjoolee/Downloads/MUStARD/PodSarc/all_processed/overly-sarcastic-podcast__ospod-episode-62/ospod-episode-62_335.mp3
62_336,62,"Oh yeah, when you do the squat dab. Um. I think in one taunt, I'd like to hold Ziggy up, like in The Lion King. Simba. Just present. I love that. She's a little like wiggle.",0,/Users/minjoolee/Downloads/MUStARD/PodSarc/all_processed/overly-sarcastic-podcast__ospod-episode-62/ospod-episode-62_336.mp3
62_338,62,"So I've not, I've definitely done that at least once.",0,/Users/minjoolee/Downloads/MUStARD/PodSarc/all_processed/overly-sarcastic-podcast__ospod-episode-62/ospod-episode-62_338.mp3
62_344,62,"I have no idea who this is, and now I'm desperate to know.",0,/Users/minjoolee/Downloads/MUStARD/PodSarc/all_processed/overly-sarcastic-podcast__ospod-episode-62/ospod-episode-62_344.mp3
62_345,62,"Yeah, we can get it this way. I do like the idea of like a big dramatic hair flip being a taunt. Like that seems like you can imagine it flowing behind. Someone gets too close. They take like one point. Oh yeah, yeah.",1,/Users/minjoolee/Downloads/MUStARD/PodSarc/all_processed/overly-sarcastic-podcast__ospod-episode-62/ospod-episode-62_345.mp3
62_346,62,"I've had that happen in High Winds before, so. There's an area of effect.",0,/Users/minjoolee/Downloads/MUStARD/PodSarc/all_processed/overly-sarcastic-podcast__ospod-episode-62/ospod-episode-62_346.mp3
62_347,62,"Red, one time you had a long coat and we were walking through a narrow street and it was so windy that the tail of your coat hit me in the face. Yes.",1,/Users/minjoolee/Downloads/MUStARD/PodSarc/all_processed/overly-sarcastic-podcast__ospod-episode-62/ospod-episode-62_347.mp3
62_350,62,"Cyberpunk was onto something. It's always, uh.",0,/Users/minjoolee/Downloads/MUStARD/PodSarc/all_processed/overly-sarcastic-podcast__ospod-episode-62/ospod-episode-62_350.mp3
62_352,62,"Well, if we're reaching the end of the taunt list read, do you think that perhaps you could take us out of this podcast then?",0,/Users/minjoolee/Downloads/MUStARD/PodSarc/all_processed/overly-sarcastic-podcast__ospod-episode-62/ospod-episode-62_352.mp3
62_357,62,"Yes, check out pins. They're on our crowd made shop. They're always fun and super cool. Um.",0,/Users/minjoolee/Downloads/MUStARD/PodSarc/all_processed/overly-sarcastic-podcast__ospod-episode-62/ospod-episode-62_357.mp3
62_359,62,"And this is a dab, which is my taunt. You're, you can't see it. You're going to have to imagine it. Hiya! Alright.",0,/Users/minjoolee/Downloads/MUStARD/PodSarc/all_processed/overly-sarcastic-podcast__ospod-episode-62/ospod-episode-62_359.mp3
63_1,63,And a little timer on my phone. And right now in the center of all of this is a cat which keeps trying to bite the light laptop.,0,/Users/minjoolee/Downloads/MUStARD/PodSarc/all_processed/overly-sarcastic-podcast__ospod-episode-63/ospod-episode-63_1.mp3
63_3,63,"This next question comes from Ziggy. Dear Indigo, when are you gonna feed me next?",0,/Users/minjoolee/Downloads/MUStARD/PodSarc/all_processed/overly-sarcastic-podcast__ospod-episode-63/ospod-episode-63_3.mp3
63_6,63,"Wonderful. I, I've got some nice soothing jasmine tea and I, I did not come off of a work hell ride, but earlier today, I watched all of arcane in a day.",1,/Users/minjoolee/Downloads/MUStARD/PodSarc/all_processed/overly-sarcastic-podcast__ospod-episode-63/ospod-episode-63_6.mp3
63_10,63,Yeah. I've connected dots.,1,/Users/minjoolee/Downloads/MUStARD/PodSarc/all_processed/overly-sarcastic-podcast__ospod-episode-63/ospod-episode-63_10.mp3
63_12,63,"I almost tweeted that last night, and I'm like, that's so fucking dumb. Someone will have already said it. And if I tweeted, people are going to be like, oh, please, you, you tweet once a year and you steal someone else's joke. And I'm like, I'm not going to play that game. I don't want to, even if it was original, it's not worth the price of getting dunked on in case it wasn't.",0,/Users/minjoolee/Downloads/MUStARD/PodSarc/all_processed/overly-sarcastic-podcast__ospod-episode-63/ospod-episode-63_12.mp3
63_28,63,I didn't realize the consequences of my actions.,1,/Users/minjoolee/Downloads/MUStARD/PodSarc/all_processed/overly-sarcastic-podcast__ospod-episode-63/ospod-episode-63_28.mp3
63_30,63,"Yeah, yeah. Anyway, I've, uh, I've updated the description so that the top line is like, hey, big uncensored spoilers for God of War Ragnarok. Sorry, I didn't say this sooner. So, uh, for the 300,000 of you that have already watched the video, sorry.",1,/Users/minjoolee/Downloads/MUStARD/PodSarc/all_processed/overly-sarcastic-podcast__ospod-episode-63/ospod-episode-63_30.mp3
63_33,63,And it's so funny because it's so niche and nobody else to my knowledge has watched the show.,1,/Users/minjoolee/Downloads/MUStARD/PodSarc/all_processed/overly-sarcastic-podcast__ospod-episode-63/ospod-episode-63_33.mp3
63_39,63,"Yeah, so that's when I started writing up like, why do I hate this so much? I've seen third act betrayals that work. Why does this one annoy me? And it was just the classic example of like, oh, the character who's a traitor acts like a completely different person pre and post reveal.",0,/Users/minjoolee/Downloads/MUStARD/PodSarc/all_processed/overly-sarcastic-podcast__ospod-episode-63/ospod-episode-63_39.mp3
63_40,63,"Uh, up to and including having, like, moments when she's all alone, where she seems to be, like, just reinforcing the, the lie only for the benefit of the audience. And I was like, that's just straight up cheating.",0,/Users/minjoolee/Downloads/MUStARD/PodSarc/all_processed/overly-sarcastic-podcast__ospod-episode-63/ospod-episode-63_40.mp3
63_41,63,"The clip that you, you pulled that really made me think, oh wow, like, that's just deceptive storytelling was, um, uh, the Prince in Frozen.",0,/Users/minjoolee/Downloads/MUStARD/PodSarc/all_processed/overly-sarcastic-podcast__ospod-episode-63/ospod-episode-63_41.mp3
63_43,63,"There's nothing inherently wrong with lying to your audience. Um, but it's, it's one of those.",0,/Users/minjoolee/Downloads/MUStARD/PodSarc/all_processed/overly-sarcastic-podcast__ospod-episode-63/ospod-episode-63_43.mp3
63_47,63,"Nothing about them is true, actually, but they don't.",1,/Users/minjoolee/Downloads/MUStARD/PodSarc/all_processed/overly-sarcastic-podcast__ospod-episode-63/ospod-episode-63_47.mp3
63_49,63,"The only times we see them doing that li- or like, oh, they do a little, oh, you think this character's like this, but actually they're doing this trope where it's like, oh, he's a, he's a, he's a nice, sensible authority figure, but then also he's a badass, this is anime, and then it's like, wait a fucking second, actually, this is, this is much more sinister than I thought.",0,/Users/minjoolee/Downloads/MUStARD/PodSarc/all_processed/overly-sarcastic-podcast__ospod-episode-63/ospod-episode-63_49.mp3
63_53,63,"Yeah. I had fun with the, uh, the little cut in frames for this one. Cause I had a lot of examples to use. And also this one was like.",0,/Users/minjoolee/Downloads/MUStARD/PodSarc/all_processed/overly-sarcastic-podcast__ospod-episode-63/ospod-episode-63_53.mp3
63_55,63,By its very nature. Talking about this trope means that there will be spoilers literally everywhere.,1,/Users/minjoolee/Downloads/MUStARD/PodSarc/all_processed/overly-sarcastic-podcast__ospod-episode-63/ospod-episode-63_55.mp3
63_61,63,"Uh, a betrayal of an organization that has raised someone from birth.",0,/Users/minjoolee/Downloads/MUStARD/PodSarc/all_processed/overly-sarcastic-podcast__ospod-episode-63/ospod-episode-63_61.mp3
63_62,63,"Yeah, yeah. Yeah.",0,/Users/minjoolee/Downloads/MUStARD/PodSarc/all_processed/overly-sarcastic-podcast__ospod-episode-63/ospod-episode-63_62.mp3
63_70,63,"It's very hard for me to then be like, hold on, I can't actually just let this go as far as it can go, because that's not how anything but math works. I have to actually put a, a common sense limiter on it. Anyway.",1,/Users/minjoolee/Downloads/MUStARD/PodSarc/all_processed/overly-sarcastic-podcast__ospod-episode-63/ospod-episode-63_70.mp3
63_73,63,"No, you're right. That was entirely my fault. You misled me.",0,/Users/minjoolee/Downloads/MUStARD/PodSarc/all_processed/overly-sarcastic-podcast__ospod-episode-63/ospod-episode-63_73.mp3
63_74,63,You misled me. Your machinations lay undetected.,1,/Users/minjoolee/Downloads/MUStARD/PodSarc/all_processed/overly-sarcastic-podcast__ospod-episode-63/ospod-episode-63_74.mp3
63_78,63,"And sure enough, there were other people who were doing the exact same thing, so I shouted them out at the beginning of the Detail Diatribe of like, hey, like, fat Brett.",1,/Users/minjoolee/Downloads/MUStARD/PodSarc/all_processed/overly-sarcastic-podcast__ospod-episode-63/ospod-episode-63_78.mp3
63_82,63,"the drop near spear, because that's really cool. But I feel like I've only got like five minutes of material on that. It's just a cool spear. That's kind of where it starts and ends. Yeah. Um, and then eventually I read, I was talking to you and I was like, Oh,",1,/Users/minjoolee/Downloads/MUStARD/PodSarc/all_processed/overly-sarcastic-podcast__ospod-episode-63/ospod-episode-63_82.mp3
63_86,63,"The betrayals run deep. Yeah. Cause there's, there's a lot bound up in, in that in itself that.",0,/Users/minjoolee/Downloads/MUStARD/PodSarc/all_processed/overly-sarcastic-podcast__ospod-episode-63/ospod-episode-63_86.mp3
63_87,63,"easily could have sustained another, you know, video essay or two, but talking about how, you know, fate is a literary device.",0,/Users/minjoolee/Downloads/MUStARD/PodSarc/all_processed/overly-sarcastic-podcast__ospod-episode-63/ospod-episode-63_87.mp3
63_91,63,Endless violence out in various directions. Yeah.,0,/Users/minjoolee/Downloads/MUStARD/PodSarc/all_processed/overly-sarcastic-podcast__ospod-episode-63/ospod-episode-63_91.mp3
63_94,63,"You know, nurture and encourage his own unique perspective on the world and trust him. And that's beautiful. That's beautiful character development. Creator's like, I don't need to become good at this. I just need to listen to my son who is already good at this. Um.",0,/Users/minjoolee/Downloads/MUStARD/PodSarc/all_processed/overly-sarcastic-podcast__ospod-episode-63/ospod-episode-63_94.mp3
63_96,63,Yeah. Yeah. Yeah.,0,/Users/minjoolee/Downloads/MUStARD/PodSarc/all_processed/overly-sarcastic-podcast__ospod-episode-63/ospod-episode-63_96.mp3
63_98,63,"Yeah, it's right there, isn't it? It's there the whole time. Um, and, uh, we,",0,/Users/minjoolee/Downloads/MUStARD/PodSarc/all_processed/overly-sarcastic-podcast__ospod-episode-63/ospod-episode-63_98.mp3
63_99,63,I guess spoiler alert for a thing we're gonna record like tomorrow.,1,/Users/minjoolee/Downloads/MUStARD/PodSarc/all_processed/overly-sarcastic-podcast__ospod-episode-63/ospod-episode-63_99.mp3
63_103,63,"Yeah, this was the axiom they built the plot out from. Cause not every story has one. You know, a lot of stories are just.",0,/Users/minjoolee/Downloads/MUStARD/PodSarc/all_processed/overly-sarcastic-podcast__ospod-episode-63/ospod-episode-63_103.mp3
63_109,63,"Like, uh, my dad's a lawyer, shirts and shorts combo, and, um.",1,/Users/minjoolee/Downloads/MUStARD/PodSarc/all_processed/overly-sarcastic-podcast__ospod-episode-63/ospod-episode-63_109.mp3
63_111,63,"But they still make you feel a little bad about it. Not because he sucks. Not because he has any redeeming qualities, but because Kratos feels a little bad about it.",1,/Users/minjoolee/Downloads/MUStARD/PodSarc/all_processed/overly-sarcastic-podcast__ospod-episode-63/ospod-episode-63_111.mp3
63_115,63,This is what it looks like when you kill gods. I can extrapolate this to the entire Greek pantheon. I think I get it now. Yeah.,0,/Users/minjoolee/Downloads/MUStARD/PodSarc/all_processed/overly-sarcastic-podcast__ospod-episode-63/ospod-episode-63_115.mp3
63_117,63,"Because that makes it real. Like, you can have a character be like, oh, you know, I, I had to, like,",0,/Users/minjoolee/Downloads/MUStARD/PodSarc/all_processed/overly-sarcastic-podcast__ospod-episode-63/ospod-episode-63_117.mp3
63_118,63,"I've done some terrible things. It's like, yeah, but you know, you're a nice guy now. And then you actually see it play out and you're like, Ooh, you did some terrible things. I'm kind of seeing you differently now. And like what I love about God of War is of course, we, the audience have probably seen Kratos do all those terrible things have in fact enabled him at every turn, perhaps made a game of it. You could say, um,",1,/Users/minjoolee/Downloads/MUStARD/PodSarc/all_processed/overly-sarcastic-podcast__ospod-episode-63/ospod-episode-63_118.mp3
63_120,63,"Oh. Oh, so when you say you were a bad guy.",1,/Users/minjoolee/Downloads/MUStARD/PodSarc/all_processed/overly-sarcastic-podcast__ospod-episode-63/ospod-episode-63_120.mp3
63_121,63,"It's not just like, yeah, I'm edgy with a tragic backstory. You actually murdered a lot of people in cold blood, gleefully even.",1,/Users/minjoolee/Downloads/MUStARD/PodSarc/all_processed/overly-sarcastic-podcast__ospod-episode-63/ospod-episode-63_121.mp3
63_124,63,"Well, son, you know, your dad, uh, committed a genocide. That's kind of problematic, don't you think?",1,/Users/minjoolee/Downloads/MUStARD/PodSarc/all_processed/overly-sarcastic-podcast__ospod-episode-63/ospod-episode-63_124.mp3
63_132,63,Validation. Vindication. I feel so happy.,0,/Users/minjoolee/Downloads/MUStARD/PodSarc/all_processed/overly-sarcastic-podcast__ospod-episode-63/ospod-episode-63_132.mp3
63_134,63,"Yeah, that's, that's honestly, I can pinpoint the exact moment I have passed where I was like, wait, you can just like make your own t-shirts, right? And that was the beginning of the end for me. But, um.",1,/Users/minjoolee/Downloads/MUStARD/PodSarc/all_processed/overly-sarcastic-podcast__ospod-episode-63/ospod-episode-63_134.mp3
63_136,63,"Yeah, so that's exciting. Uh, and they will be back for Black Friday because we always do a new release. So if you missed it, it's not the end of the world. Uh, if you want to avoid prohibitively high shipping costs to other countries, for instance,",0,/Users/minjoolee/Downloads/MUStARD/PodSarc/all_processed/overly-sarcastic-podcast__ospod-episode-63/ospod-episode-63_136.mp3
63_142,63,"So that was cool. That was a little bit like, Oh my God, I'm on TV. Um, you know, big DiCaprio pointing meme. Uh, so I do highly recommend if you ever watched Dragon Ball Bridge and thought it was funny. I do recommend the four star bento rewatch cause it's just a lot of fun. Um,",0,/Users/minjoolee/Downloads/MUStARD/PodSarc/all_processed/overly-sarcastic-podcast__ospod-episode-63/ospod-episode-63_142.mp3
63_143,63,"And it's just always cool seeing the behind-the-scenes creative process for something like that. And also they shouted us out, so that was extremely exciting for me. Very, very good. Um, yeah, so.",1,/Users/minjoolee/Downloads/MUStARD/PodSarc/all_processed/overly-sarcastic-podcast__ospod-episode-63/ospod-episode-63_143.mp3
63_144,63,"And then as far as, um, uh, other least sarcastic, uh, productions, not quite, uh, the channel itself, but, uh, some of the gang.",0,/Users/minjoolee/Downloads/MUStARD/PodSarc/all_processed/overly-sarcastic-podcast__ospod-episode-63/ospod-episode-63_144.mp3
63_146,63,"Yes, the, uh, season three finale of Rolling with Difficulty is coming out this Friday? This Friday. Yeah, so.",0,/Users/minjoolee/Downloads/MUStARD/PodSarc/all_processed/overly-sarcastic-podcast__ospod-episode-63/ospod-episode-63_146.mp3
63_166,63,"It's been a rough year. We're upping the interest. It's now an hour and a half, actually, in the spring.",1,/Users/minjoolee/Downloads/MUStARD/PodSarc/all_processed/overly-sarcastic-podcast__ospod-episode-63/ospod-episode-63_166.mp3
63_174,63,"Yeah, yeah.",0,/Users/minjoolee/Downloads/MUStARD/PodSarc/all_processed/overly-sarcastic-podcast__ospod-episode-63/ospod-episode-63_174.mp3
63_180,63,This next question comes from gluten-free pumpkin spice latte. How does one master the art of being able to talk fast?,0,/Users/minjoolee/Downloads/MUStARD/PodSarc/all_processed/overly-sarcastic-podcast__ospod-episode-63/ospod-episode-63_180.mp3
63_181,63,"Well, it helps if you grow up in a family where everybody already talks fast. So the only way to win in conversations is to talk faster.",1,/Users/minjoolee/Downloads/MUStARD/PodSarc/all_processed/overly-sarcastic-podcast__ospod-episode-63/ospod-episode-63_181.mp3
63_185,63,Say that I was too slow. Yet. Whenever my parents would like show off the videos to like their like age friends to be like.,1,/Users/minjoolee/Downloads/MUStARD/PodSarc/all_processed/overly-sarcastic-podcast__ospod-episode-63/ospod-episode-63_185.mp3
63_193,63,"Um, and I guess, you know, I wouldn't recommend actually putting marbles in your mouth as a choking hazard, but the point is, like, there are,",0,/Users/minjoolee/Downloads/MUStARD/PodSarc/all_processed/overly-sarcastic-podcast__ospod-episode-63/ospod-episode-63_193.mp3
63_197,63,"vocal exercises, pronunciation exercises, tongue twisters, um, having orthodontia doesn't hurt. Cause it kind of forces you to, it's, it's, you know, it's, it's like.",1,/Users/minjoolee/Downloads/MUStARD/PodSarc/all_processed/overly-sarcastic-podcast__ospod-episode-63/ospod-episode-63_197.mp3
63_209,63,"video essay is like a final project and like a film studies class, like very gen ed kind of thing. Um, but I did it and I edited it the way that I edited every other video at that point in time, which was cutting out all the breaths. And I too got called out in front of the class for talking too fast. The professor was like, your project was really good, but you talk like.",0,/Users/minjoolee/Downloads/MUStARD/PodSarc/all_processed/overly-sarcastic-podcast__ospod-episode-63/ospod-episode-63_209.mp3
63_222,63,"This next question comes from Ziggy. Dear Indigo, when are you gonna feed me next?",0,/Users/minjoolee/Downloads/MUStARD/PodSarc/all_processed/overly-sarcastic-podcast__ospod-episode-63/ospod-episode-63_222.mp3
63_228,63,"Uh, my old videos would work really well if, if combined into a larger story, the impetus for the, the resummarized series. Um, so I took my, after I finished my whole like 11 part Rome thing, haha, there will be more. Uh, I was like, I can put these together. I can create a narrative. So like my, my Punic Wars, my Roman Republic, my Julius Caesar video, they all fit together. That's one narrative. My Augustus trio that fits together. That's one narrative. My, my Roman Empire that, that fits together. That's, that's one narrative.",0,/Users/minjoolee/Downloads/MUStARD/PodSarc/all_processed/overly-sarcastic-podcast__ospod-episode-63/ospod-episode-63_228.mp3
63_232,63,made a video with just an insane tale and views. I'm like.,0,/Users/minjoolee/Downloads/MUStARD/PodSarc/all_processed/overly-sarcastic-podcast__ospod-episode-63/ospod-episode-63_232.mp3
63_233,63,"Oh, shit. And I only noticed like the other day. Oh, wow. This video.",0,/Users/minjoolee/Downloads/MUStARD/PodSarc/all_processed/overly-sarcastic-podcast__ospod-episode-63/ospod-episode-63_233.mp3
63_235,63,"Rome resummarized as my second most viewed video of all time. Oh, wait, shit, that's actually really awesome. Yeah.",0,/Users/minjoolee/Downloads/MUStARD/PodSarc/all_processed/overly-sarcastic-podcast__ospod-episode-63/ospod-episode-63_235.mp3
63_236,63,"Trojan War for me. Uh, I was like, Oh, I just don't know what it would be. But then it was like, wait a fucking second. It's, it's kind of a magnum opus recently on age restricted. Uh, it was, it was age restricted for like a month and a half during which time it got almost no views and zero revenue, but they fixed it. It's back now. And there's",1,/Users/minjoolee/Downloads/MUStARD/PodSarc/all_processed/overly-sarcastic-podcast__ospod-episode-63/ospod-episode-63_236.mp3
63_237,63,"So now there's a, a super great time to introduce new people to the channel through that.",0,/Users/minjoolee/Downloads/MUStARD/PodSarc/all_processed/overly-sarcastic-podcast__ospod-episode-63/ospod-episode-63_237.mp3
63_238,63,"Yeah, you want to watch the Trojan War video that gives you the whole thing front to back, including a little Iliad speedrun, any percent in the middle, which is, uh, which is pretty fun. I think those are all really great.",1,/Users/minjoolee/Downloads/MUStARD/PodSarc/all_processed/overly-sarcastic-podcast__ospod-episode-63/ospod-episode-63_238.mp3
63_239,63,"I think those are all really great. Um. Quico, um, Odyssey and Aeneid. Yeah.",0,/Users/minjoolee/Downloads/MUStARD/PodSarc/all_processed/overly-sarcastic-podcast__ospod-episode-63/ospod-episode-63_239.mp3
63_240,63,"Yeah, yeah, yeah.",0,/Users/minjoolee/Downloads/MUStARD/PodSarc/all_processed/overly-sarcastic-podcast__ospod-episode-63/ospod-episode-63_240.mp3
63_241,63,"Indigo, I have to ask. Does your microphone look like that because your cat chews on it? Yes. Okay. 100%. Cool.",0,/Users/minjoolee/Downloads/MUStARD/PodSarc/all_processed/overly-sarcastic-podcast__ospod-episode-63/ospod-episode-63_241.mp3
63_243,63,"and I'll look over. And because it's nighttime, all the lights are out. So she just sort of becomes like a darker blob than the background around her. Just a dark blob, full mouth over the microphone, chewing.",1,/Users/minjoolee/Downloads/MUStARD/PodSarc/all_processed/overly-sarcastic-podcast__ospod-episode-63/ospod-episode-63_243.mp3
63_247,63,"Super fun. I did have a lot of fun with that one. I had a lot of fun super cutting those streams in particular. Um. Yeah. I swear, I'm working on the path of swan still. It's happening. It's so long.",1,/Users/minjoolee/Downloads/MUStARD/PodSarc/all_processed/overly-sarcastic-podcast__ospod-episode-63/ospod-episode-63_247.mp3
63_250,63,"So first of all, white noise generators are basically magic. Uh, it annoys me so much that I keep forgetting that they work so well for me and then rediscovering it.",0,/Users/minjoolee/Downloads/MUStARD/PodSarc/all_processed/overly-sarcastic-podcast__ospod-episode-63/ospod-episode-63_250.mp3
63_251,63,"Um, I've also had some luck using them to be able to help myself focus in the background. Uh, but that's a dangerous game. Cause sometimes I'll figure that out when it's seven hours later. And I'm like, why is my brain not making me do other things? Oh, fuck the white noise generator. Um, but like legitimately, I got one of those little like, like, I don't know.",0,/Users/minjoolee/Downloads/MUStARD/PodSarc/all_processed/overly-sarcastic-podcast__ospod-episode-63/ospod-episode-63_251.mp3
63_252,63,"gameified self care apps and it has like soundscapes and it's just like, yeah, I'll just play half an hour of rain noise. And I always pass out before it's done, which is, you know, one of the easy ways to be like, Oh, it's working.",1,/Users/minjoolee/Downloads/MUStARD/PodSarc/all_processed/overly-sarcastic-podcast__ospod-episode-63/ospod-episode-63_252.mp3
63_255,63,7 to 10 minute high impact exercise thing. Just wear out your body.,0,/Users/minjoolee/Downloads/MUStARD/PodSarc/all_processed/overly-sarcastic-podcast__ospod-episode-63/ospod-episode-63_255.mp3
63_258,63,"So, you sleep deeper if you are physically tired. Uh, and sometimes if, especially if you've kind of been like inside all day or sitting down all day, this is the thing I run into, you know, it's like, I like exercising, but I oftentimes don't work it into my schedule. So it's like, okay. And I'm just like, I'm lying there. I was like, Oh, my body hurts because I've just, I haven't been using it. And I'm like, all right, this is fucking stupid. Just get up and do some pushups. Um.",0,/Users/minjoolee/Downloads/MUStARD/PodSarc/all_processed/overly-sarcastic-podcast__ospod-episode-63/ospod-episode-63_258.mp3
63_263,63,"Oh, no, no, no, no, no swiping up. Cause then I know it's there, lurking, closing the tab has finality.",0,/Users/minjoolee/Downloads/MUStARD/PodSarc/all_processed/overly-sarcastic-podcast__ospod-episode-63/ospod-episode-63_263.mp3
63_283,63,"I'll be honest, I respect the existence of horny ASMR. Like, I know everything has a horny version, but that one actually, like, I understand why they went horny for that.",1,/Users/minjoolee/Downloads/MUStARD/PodSarc/all_processed/overly-sarcastic-podcast__ospod-episode-63/ospod-episode-63_283.mp3
63_290,63,Team OSP to all of you who might sleep.,0,/Users/minjoolee/Downloads/MUStARD/PodSarc/all_processed/overly-sarcastic-podcast__ospod-episode-63/ospod-episode-63_290.mp3
63_294,63,"Oh boy. We got time for one more question before we take it home here. We gotta, we gotta.",0,/Users/minjoolee/Downloads/MUStARD/PodSarc/all_processed/overly-sarcastic-podcast__ospod-episode-63/ospod-episode-63_294.mp3
63_295,63,"move on to, uh, this one from Lord Cacatron.",0,/Users/minjoolee/Downloads/MUStARD/PodSarc/all_processed/overly-sarcastic-podcast__ospod-episode-63/ospod-episode-63_295.mp3
63_298,63,"I feel like for rooftop, the rain is an extra hazard. Cause like someone's gonna fall off and die.",0,/Users/minjoolee/Downloads/MUStARD/PodSarc/all_processed/overly-sarcastic-podcast__ospod-episode-63/ospod-episode-63_298.mp3
63_300,63,"This is kind of still a fun rivalry, but like Rain is like, Oh, the feelings are bad. And so am I. Um.",1,/Users/minjoolee/Downloads/MUStARD/PodSarc/all_processed/overly-sarcastic-podcast__ospod-episode-63/ospod-episode-63_300.mp3
63_301,63,"And it's gotta be one of the greatest hits of Linkin Park. I mean, I was one of those mid 2000s AMV babies. Like, of course, how could I resist? That's the good shit.",1,/Users/minjoolee/Downloads/MUStARD/PodSarc/all_processed/overly-sarcastic-podcast__ospod-episode-63/ospod-episode-63_301.mp3
63_302,63,"first time I heard Lincoln Park was for a Starscream AMV and then the second time I heard Lincoln Park was a Sasuke AMV and I was like, Oh, I get it.",1,/Users/minjoolee/Downloads/MUStARD/PodSarc/all_processed/overly-sarcastic-podcast__ospod-episode-63/ospod-episode-63_302.mp3
63_304,63,"Yeah. Nothing but rock. Yeah. Oh, man. Yeah.",0,/Users/minjoolee/Downloads/MUStARD/PodSarc/all_processed/overly-sarcastic-podcast__ospod-episode-63/ospod-episode-63_304.mp3
63_307,63,"Because option one is just, I want a big, big drag race. Okay.",0,/Users/minjoolee/Downloads/MUStARD/PodSarc/all_processed/overly-sarcastic-podcast__ospod-episode-63/ospod-episode-63_307.mp3
63_316,63,"Jesse, what the fuck are you talking about? Is the only thing that comes to mind right now.",0,/Users/minjoolee/Downloads/MUStARD/PodSarc/all_processed/overly-sarcastic-podcast__ospod-episode-63/ospod-episode-63_316.mp3
63_317,63,"Honestly, anything where Ewan McGregor gets a voice over work is probably",0,/Users/minjoolee/Downloads/MUStARD/PodSarc/all_processed/overly-sarcastic-podcast__ospod-episode-63/ospod-episode-63_317.mp3
63_328,63,"Yeah, yeah.",0,/Users/minjoolee/Downloads/MUStARD/PodSarc/all_processed/overly-sarcastic-podcast__ospod-episode-63/ospod-episode-63_328.mp3
63_329,63,"Yeah, some, some nonsense, like, uh, a chateau that's, like, on fire, uh, could be a nursery. Um, is that okay? I don't really know. Um, it's still fun. It's one of those, one of those kinds of scenarios, uh, is, is.",1,/Users/minjoolee/Downloads/MUStARD/PodSarc/all_processed/overly-sarcastic-podcast__ospod-episode-63/ospod-episode-63_329.mp3
63_332,63,"Cause it's the same effect as like, with, with the weather being dramatic, but it's just like, okay, no, like the entire environment is, is, is just fucked. It's just fucked. Yeah.",0,/Users/minjoolee/Downloads/MUStARD/PodSarc/all_processed/overly-sarcastic-podcast__ospod-episode-63/ospod-episode-63_332.mp3
63_333,63,"It's just fucked. Yeah. So for the soundtrack, that feels like it needs full orchestra. Like, you can't do it in a park with a collapsing tower. Yeah.",0,/Users/minjoolee/Downloads/MUStARD/PodSarc/all_processed/overly-sarcastic-podcast__ospod-episode-63/ospod-episode-63_333.mp3
63_335,63,"That's what I was thinking, yeah, because this, this is a situation that really rewards one-liners and dialogue. Like, presumably there are parts where the fight separates because like the, the environment's collapsing in a specific way and then like, you know, reunites and then the fight and the argument continues and.",0,/Users/minjoolee/Downloads/MUStARD/PodSarc/all_processed/overly-sarcastic-podcast__ospod-episode-63/ospod-episode-63_335.mp3
63_343,63,"I was, I would say reverse it. I assume you're probably only in the castle. Jesus Christ. I think you're only in the train, like, briefly, like you swing through one window.",1,/Users/minjoolee/Downloads/MUStARD/PodSarc/all_processed/overly-sarcastic-podcast__ospod-episode-63/ospod-episode-63_343.mp3
63_349,63,"I don't want to hear anything from you, coin socks McGee.",0,/Users/minjoolee/Downloads/MUStARD/PodSarc/all_processed/overly-sarcastic-podcast__ospod-episode-63/ospod-episode-63_349.mp3
63_357,63,"But the victory of getting you to watch Arcane, actually, in one sitting, is, is, it's counterbalancing everything for me.",0,/Users/minjoolee/Downloads/MUStARD/PodSarc/all_processed/overly-sarcastic-podcast__ospod-episode-63/ospod-episode-63_357.mp3
63_360,63,"Vi's design really benefited from the touch of a lesbian. I said, it's, it's important that everybody knows. Anyway. It's a hundred percent true also.",1,/Users/minjoolee/Downloads/MUStARD/PodSarc/all_processed/overly-sarcastic-podcast__ospod-episode-63/ospod-episode-63_360.mp3
63_362,63,Vi benefiting by the touch of a lesbian sounds like out of context spoilers.,0,/Users/minjoolee/Downloads/MUStARD/PodSarc/all_processed/overly-sarcastic-podcast__ospod-episode-63/ospod-episode-63_362.mp3
64_1,64,Please make two playlists where it's like 70 God of the Dead and one that music from Kirby and then one 70 that music from Kirby and one God of the Dead and put it on shuffle. So you'll eventually get caught by it.,1,/Users/minjoolee/Downloads/MUStARD/PodSarc/all_processed/overly-sarcastic-podcast__ospod-episode-64/ospod-episode-64_1.mp3
64_8,64,"Yeah, but, uh, I, I'm also, uh, hittin' the T, uh, this, this week because last Thursday I had the Indigo, don't give me that look, uh.",1,/Users/minjoolee/Downloads/MUStARD/PodSarc/all_processed/overly-sarcastic-podcast__ospod-episode-64/ospod-episode-64_8.mp3
64_11,64,"Um, but I, I was on a panel at PAX, uh, video game thing, which is the most non-boomer counterpoint I could possibly make. Uh, me and, and Adam, uh, Luda History had a, a panel together that was called Historians Playing Historical Games. Why Do We Hurt Ourselves? It was at, uh,",1,/Users/minjoolee/Downloads/MUStARD/PodSarc/all_processed/overly-sarcastic-podcast__ospod-episode-64/ospod-episode-64_11.mp3
64_16,64,"So, it was very fun. I had a great time.",0,/Users/minjoolee/Downloads/MUStARD/PodSarc/all_processed/overly-sarcastic-podcast__ospod-episode-64/ospod-episode-64_16.mp3
64_18,64,"I have to know, when did this interest in chess first bloom? Because, because I.",0,/Users/minjoolee/Downloads/MUStARD/PodSarc/all_processed/overly-sarcastic-podcast__ospod-episode-64/ospod-episode-64_18.mp3
64_24,64,"That's a video for a future time. First off, we gotta, uh, jump back to something else that was actually in camera, because we did, uh, a little, a little theatrical performance, uh, these past couple weeks, did we not?",0,/Users/minjoolee/Downloads/MUStARD/PodSarc/all_processed/overly-sarcastic-podcast__ospod-episode-64/ospod-episode-64_24.mp3
64_31,64,Just disappears into the background for Brutus to be loudly gay.,1,/Users/minjoolee/Downloads/MUStARD/PodSarc/all_processed/overly-sarcastic-podcast__ospod-episode-64/ospod-episode-64_31.mp3
64_34,64,"He does, yeah. Uh, and it's, I mean, you know, there, there's discussion about, like, Mark Antony's button arm of Caesar, you know, we, we kill Caesar, Mark Antony can't do shit, like a little sock puppet, uh, which was also present. Uh, man, I think Dwar absolutely stole the show.",1,/Users/minjoolee/Downloads/MUStARD/PodSarc/all_processed/overly-sarcastic-podcast__ospod-episode-64/ospod-episode-64_34.mp3
64_35,64,"Every time we get the theater kid to participate in theater, for some reason, he just kills it.",0,/Users/minjoolee/Downloads/MUStARD/PodSarc/all_processed/overly-sarcastic-podcast__ospod-episode-64/ospod-episode-64_35.mp3
64_38,64,"Full love for everybody's performances in the comments, where so many people are like, oh my god, like, I loved, like, Tim playing every woman he's ever met at once. I loved, you know, Kaluna is ditto, Cyan is a ghost. Um, all, so many things were, were, were so fun. It was great to see everybody latching onto their own little favorite bits of the performance, like, Indigo, your bit with, with, uh, with Noir of like the,",1,/Users/minjoolee/Downloads/MUStARD/PodSarc/all_processed/overly-sarcastic-podcast__ospod-episode-64/ospod-episode-64_38.mp3
64_40,64,"Yeah, that was so funny.",0,/Users/minjoolee/Downloads/MUStARD/PodSarc/all_processed/overly-sarcastic-podcast__ospod-episode-64/ospod-episode-64_40.mp3
64_42,64,"Yeah. It was so fun seeing how all of those bits had someone whose bit it was their favorite, uh, which was really, really cool to see.",0,/Users/minjoolee/Downloads/MUStARD/PodSarc/all_processed/overly-sarcastic-podcast__ospod-episode-64/ospod-episode-64_42.mp3
64_46,64,"Yes. Marlon Brando production of. The Marlon Brando Caesar, yeah.",0,/Users/minjoolee/Downloads/MUStARD/PodSarc/all_processed/overly-sarcastic-podcast__ospod-episode-64/ospod-episode-64_46.mp3
64_47,64,"Right. Which is the one that I used in the video for ages ago, but also it's where I stole the delivery of Cry Havoc and Let's Lift the Dogs of War. Cause I remember just hearing it be like, Oh, that's a banger. I got to file that away for future reference in like 12 years from now.",1,/Users/minjoolee/Downloads/MUStARD/PodSarc/all_processed/overly-sarcastic-podcast__ospod-episode-64/ospod-episode-64_47.mp3
64_53,64,"I gotta respect the crime. It's, it's very impressive.",0,/Users/minjoolee/Downloads/MUStARD/PodSarc/all_processed/overly-sarcastic-podcast__ospod-episode-64/ospod-episode-64_53.mp3
64_54,64,"Wildly impressive. And then to do it in, in, like, reconstructed classical pronunciation. Holy fuck. Yeah.",0,/Users/minjoolee/Downloads/MUStARD/PodSarc/all_processed/overly-sarcastic-podcast__ospod-episode-64/ospod-episode-64_54.mp3
64_56,64,"Yeah, no, it was, it was really fun. And we had a great time. Like every time we get to do one of these and just sort of like call up our like buds of the channel and be like, Hey.",1,/Users/minjoolee/Downloads/MUStARD/PodSarc/all_processed/overly-sarcastic-podcast__ospod-episode-64/ospod-episode-64_56.mp3
64_57,64,"You wanna, like, hang out and, uh, make us break character for a while? Um. Oh, boy. It was hard not breaking character. Which?",0,/Users/minjoolee/Downloads/MUStARD/PodSarc/all_processed/overly-sarcastic-podcast__ospod-episode-64/ospod-episode-64_57.mp3
64_58,64,"Which is really fun to see. I'm like, yup, now the bit has apotheosis. This is it.",0,/Users/minjoolee/Downloads/MUStARD/PodSarc/all_processed/overly-sarcastic-podcast__ospod-episode-64/ospod-episode-64_58.mp3
64_60,64,"Yeah, exactly. Also, just a higher density of funny per minute watched. So made perfect sense. We were like, let's just flip it this time. You know, the full one's there for those who seek it. But, you know.",0,/Users/minjoolee/Downloads/MUStARD/PodSarc/all_processed/overly-sarcastic-podcast__ospod-episode-64/ospod-episode-64_60.mp3
64_62,64,"And if you're Tim, you learn that it's all Greek to me. It came from a Shakespeare play.",0,/Users/minjoolee/Downloads/MUStARD/PodSarc/all_processed/overly-sarcastic-podcast__ospod-episode-64/ospod-episode-64_62.mp3
64_66,64,"These real performance people, you know, reading it out loud for realsies shows like this is very fun and genuinely a wonderful piece of literature in addition to, you know,",1,/Users/minjoolee/Downloads/MUStARD/PodSarc/all_processed/overly-sarcastic-podcast__ospod-episode-64/ospod-episode-64_66.mp3
64_69,64,And sometimes a really not great piece of art seems to sort of be just elevated because it's pretty fun.,1,/Users/minjoolee/Downloads/MUStARD/PodSarc/all_processed/overly-sarcastic-podcast__ospod-episode-64/ospod-episode-64_69.mp3
64_70,64,"But sometimes the things that are really, really popular are actually really, really good. And the things that are all canceled before their time are actually only fine. Uh, like the, the number of times where I've like read like a comic or, or like a manga or, you know, a story and people were like, Oh, it's so sad that this was canceled after three issues. I'm like, no, it's not. I'm sorry. It died at the right time. And sometimes things get resurrected that shouldn't have been like Young Justice, but that's okay. Um, and in this case, it's like Shakespeare's that good. Shakespeare's actually that good. There's a reason it's timeless.",1,/Users/minjoolee/Downloads/MUStARD/PodSarc/all_processed/overly-sarcastic-podcast__ospod-episode-64/ospod-episode-64_70.mp3
64_74,64,"But, um, in any case, that was, uh, that was a very long, uh, video, a pair of them, in fact, but, um, let's jump halfway across the globe to read your most recent video on a Japanese folktale.",0,/Users/minjoolee/Downloads/MUStARD/PodSarc/all_processed/overly-sarcastic-podcast__ospod-episode-64/ospod-episode-64_74.mp3
64_75,64,"Yes, the, the tale of Shibetaro, which, uh, I had, I had a fun time with. I wasn't.",0,/Users/minjoolee/Downloads/MUStARD/PodSarc/all_processed/overly-sarcastic-podcast__ospod-episode-64/ospod-episode-64_75.mp3
64_83,64,"That was the case with Takoyo in The Sea Monster where I was like, I can't find anything. And some of it might just be because this, this Brit didn't know how he was spelling anything and didn't know what anybody was saying to him or how to write it. And that's why I can't look it up. But also, you never know with this stuff, man. I mean.",1,/Users/minjoolee/Downloads/MUStARD/PodSarc/all_processed/overly-sarcastic-podcast__ospod-episode-64/ospod-episode-64_83.mp3
64_85,64,"Yeah, that's, um, Perseus and Andromeda?",0,/Users/minjoolee/Downloads/MUStARD/PodSarc/all_processed/overly-sarcastic-podcast__ospod-episode-64/ospod-episode-64_85.mp3
64_87,64,"There are several of them. It's Grimms, right? Uh, no. He was one of the Grimms Brothers?",0,/Users/minjoolee/Downloads/MUStARD/PodSarc/all_processed/overly-sarcastic-podcast__ospod-episode-64/ospod-episode-64_87.mp3
64_98,64,"Uh, or he'll flood the village. You know, it's that kind of thing. It's, it's an old story.",1,/Users/minjoolee/Downloads/MUStARD/PodSarc/all_processed/overly-sarcastic-podcast__ospod-episode-64/ospod-episode-64_98.mp3
64_102,64,Took me an embarrassingly long time to figure out what I could do for the ending song. Cause I was like.,0,/Users/minjoolee/Downloads/MUStARD/PodSarc/all_processed/overly-sarcastic-podcast__ospod-episode-64/ospod-episode-64_102.mp3
64_104,64,"So that worked out great. I had fun. I've always waited for an excuse to perform every, like, is that good?",1,/Users/minjoolee/Downloads/MUStARD/PodSarc/all_processed/overly-sarcastic-podcast__ospod-episode-64/ospod-episode-64_104.mp3
64_107,64,"Yeah, so, it was fun. And, uh, the, the writer of that book, Zach Davison, actually, like, somebody, like, pinged him on Twitter about it. He was like, oh, that's fun. Nice video. I was like, yeah, nice book. We had this nice, this nice little, like, yeah. Oh, that's super cool. Love that.",0,/Users/minjoolee/Downloads/MUStARD/PodSarc/all_processed/overly-sarcastic-podcast__ospod-episode-64/ospod-episode-64_107.mp3
64_108,64,"But yeah, I definitely recommend it. It's got a very fun, like, accessible tone.",0,/Users/minjoolee/Downloads/MUStARD/PodSarc/all_processed/overly-sarcastic-podcast__ospod-episode-64/ospod-episode-64_108.mp3
64_109,64,"I think, like, when I was reading the intro and it was like, if you've watched anime, you might be aware of the fact that cat girls exist. I was like, oh, I already like this guy.",0,/Users/minjoolee/Downloads/MUStARD/PodSarc/all_processed/overly-sarcastic-podcast__ospod-episode-64/ospod-episode-64_109.mp3
64_135,64,"Anyway. It's an art form, uh, in, in scholarship and presentation.",1,/Users/minjoolee/Downloads/MUStARD/PodSarc/all_processed/overly-sarcastic-podcast__ospod-episode-64/ospod-episode-64_135.mp3
64_136,64,"Which is why Shibetaro was so relaxing. Cause it's just like, I'm just going to tell this story. This is how it is. Yeah, sorry. There's only so much context I can get. So. Very fun case.",1,/Users/minjoolee/Downloads/MUStARD/PodSarc/all_processed/overly-sarcastic-podcast__ospod-episode-64/ospod-episode-64_136.mp3
64_138,64,Oh boy.,0,/Users/minjoolee/Downloads/MUStARD/PodSarc/all_processed/overly-sarcastic-podcast__ospod-episode-64/ospod-episode-64_138.mp3
64_142,64,"In a way that makes sense. Um, so, very fascinating stuff. Great, worth a watch.",0,/Users/minjoolee/Downloads/MUStARD/PodSarc/all_processed/overly-sarcastic-podcast__ospod-episode-64/ospod-episode-64_142.mp3
64_143,64,"I feel like there's this image of academia as like a bunch of like old stuffy white guys in tweed suits sitting around a table being like, and we can never acknowledge that the gays were real, uh, but it's like,",1,/Users/minjoolee/Downloads/MUStARD/PodSarc/all_processed/overly-sarcastic-podcast__ospod-episode-64/ospod-episode-64_143.mp3
64_144,64,"That, that's like, that's like a subsection of academia, but there's a ton of people in academia from all walks of life. And like, the idea that, oh, an academic said this, therefore you can't trust it. That's just how conspiracy theorists get you. The idea is like, look, if this makes a modicum of logical sense, that's how you know they're trying to manipulate you.",0,/Users/minjoolee/Downloads/MUStARD/PodSarc/all_processed/overly-sarcastic-podcast__ospod-episode-64/ospod-episode-64_144.mp3
64_153,64,"But there's a lot of real good stuff out there, especially recently. Um, Hollow Knight's great. I wish.",0,/Users/minjoolee/Downloads/MUStARD/PodSarc/all_processed/overly-sarcastic-podcast__ospod-episode-64/ospod-episode-64_153.mp3
64_154,64,I wish Beethoven could have listened to the Hollow Knight soundtrack. I feel like he really would have liked it.,1,/Users/minjoolee/Downloads/MUStARD/PodSarc/all_processed/overly-sarcastic-podcast__ospod-episode-64/ospod-episode-64_154.mp3
64_156,64,"You want to really get some work done? Cause I have an answer to this that I think this is for all the ADHD girlies out there. Uh, I have two tracks on one playlist that just loop. It's.",0,/Users/minjoolee/Downloads/MUStARD/PodSarc/all_processed/overly-sarcastic-podcast__ospod-episode-64/ospod-episode-64_156.mp3
64_160,64,"Those two looping. My God, the boot whiplash. I love it. But the tone is remarkably similar. Yes. BPM or something just like really works together.",1,/Users/minjoolee/Downloads/MUStARD/PodSarc/all_processed/overly-sarcastic-podcast__ospod-episode-64/ospod-episode-64_160.mp3
64_161,64,Please make two playlists where it's like 70 God of the Dead and one that music from Kirby and then one 70 that music from Kirby and one God of the Dead and put it on shuffle. So you'll eventually get caught by it.,1,/Users/minjoolee/Downloads/MUStARD/PodSarc/all_processed/overly-sarcastic-podcast__ospod-episode-64/ospod-episode-64_161.mp3
64_165,64,"That's just, if I really need to kill like six hours, just kind of loop that. Yeah.",0,/Users/minjoolee/Downloads/MUStARD/PodSarc/all_processed/overly-sarcastic-podcast__ospod-episode-64/ospod-episode-64_165.mp3
64_177,64,"Something that's been bothering them about the way a lot of dialogue is written nowadays, and they just don't know what this nameless terror is, but I've put a word to it.",1,/Users/minjoolee/Downloads/MUStARD/PodSarc/all_processed/overly-sarcastic-podcast__ospod-episode-64/ospod-episode-64_177.mp3
64_180,64,"Oh boy. I gotta keep this one brisk. I can feel myself losing it. But the point is, like, I usually write up a script on something.",0,/Users/minjoolee/Downloads/MUStARD/PodSarc/all_processed/overly-sarcastic-podcast__ospod-episode-64/ospod-episode-64_180.mp3
64_187,64,"Hey, the idea that there are entire races of fantasy beings that are 100% evil.",0,/Users/minjoolee/Downloads/MUStARD/PodSarc/all_processed/overly-sarcastic-podcast__ospod-episode-64/ospod-episode-64_187.mp3
64_188,64,"is a little bit fucked, maybe. Maybe that's weird. Maybe that's bad. It's like, it's, it's tempting. Oh man, Lord of the Rings slaps. It's so helpful to just have.",1,/Users/minjoolee/Downloads/MUStARD/PodSarc/all_processed/overly-sarcastic-podcast__ospod-episode-64/ospod-episode-64_188.mp3
64_195,64,"living, thinking beings, uh, just non-stop.",0,/Users/minjoolee/Downloads/MUStARD/PodSarc/all_processed/overly-sarcastic-podcast__ospod-episode-64/ospod-episode-64_195.mp3
64_197,64,"So, personhood is, like, relative, I see. And I think I sort of just eventually came down on the, like, side of everything that's person-y and clearly thinks as a person. And once I started treating my fantasy world like that,",0,/Users/minjoolee/Downloads/MUStARD/PodSarc/all_processed/overly-sarcastic-podcast__ospod-episode-64/ospod-episode-64_197.mp3
64_203,64,"I kind of think that this thing is, is actually not a great thing to include in a story, or wow, I really see the value of this thing that I previously didn't get.",1,/Users/minjoolee/Downloads/MUStARD/PodSarc/all_processed/overly-sarcastic-podcast__ospod-episode-64/ospod-episode-64_203.mp3
64_205,64,"answer will, will kind of tangent off and then come back to the center. Uh, the way that I think about videos is every time I, I work on a video, I want to try to make one thing better than last time. And usually it's small. Back in the beginning times, it was like, I want to actually like edit the music on this one. Like it used to be really big steps and now each individual step is smaller, which, which is good. That means progress, um, in a perverse kind of way. But I also think about that in my own.",1,/Users/minjoolee/Downloads/MUStARD/PodSarc/all_processed/overly-sarcastic-podcast__ospod-episode-64/ospod-episode-64_205.mp3
64_209,64,"Maybe I can find something to do with this in the next thing I'm working on, so it's not like I have to burn everything down and restart, but it's like, oh, for the next project, maybe I focus on this idea instead. So, yeah.",0,/Users/minjoolee/Downloads/MUStARD/PodSarc/all_processed/overly-sarcastic-podcast__ospod-episode-64/ospod-episode-64_209.mp3
64_214,64,"I feel like that's really where all of this is for me. The number of times I've had like an artistic revelation and I'm like, Oh my God, this changes everything. Like that's not small. I almost never have that with the actual process of the writing unless I figure out like,",0,/Users/minjoolee/Downloads/MUStARD/PodSarc/all_processed/overly-sarcastic-podcast__ospod-episode-64/ospod-episode-64_214.mp3
64_218,64,"I need to deal with the elephant in the room about how, like, I need to touch on the female characters thing again, that people always yell at me about, and I just, man, I just really don't know what there is to talk about, about how this previously flat,",0,/Users/minjoolee/Downloads/MUStARD/PodSarc/all_processed/overly-sarcastic-podcast__ospod-episode-64/ospod-episode-64_218.mp3
64_223,64,"Since then, that's been my go-to strategy for background trees. Stuff like that.",0,/Users/minjoolee/Downloads/MUStARD/PodSarc/all_processed/overly-sarcastic-podcast__ospod-episode-64/ospod-episode-64_223.mp3
64_225,64,"But, like, there's one panel there where there's trees. And I was like, let me try something. And it ended up looking great. And, you know, that'll let me try something. Oh, that worked great. I'll just integrate this into my style from now on.",0,/Users/minjoolee/Downloads/MUStARD/PodSarc/all_processed/overly-sarcastic-podcast__ospod-episode-64/ospod-episode-64_225.mp3
64_229,64,"If you were to put any of the OS players in their respective roles in an actual production of the plays you've performed thus far, who would it be? Personally, I think Noir playing Julius Caesar in Latin will always be a top pick. Best wishes to you guys and continue to be awesome. So we had to put someone I assume giving the performance that they gave.",1,/Users/minjoolee/Downloads/MUStARD/PodSarc/all_processed/overly-sarcastic-podcast__ospod-episode-64/ospod-episode-64_229.mp3
64_232,64,"minimum. Oh, boy.",0,/Users/minjoolee/Downloads/MUStARD/PodSarc/all_processed/overly-sarcastic-podcast__ospod-episode-64/ospod-episode-64_232.mp3
64_242,64,Mm-hmm.,0,/Users/minjoolee/Downloads/MUStARD/PodSarc/all_processed/overly-sarcastic-podcast__ospod-episode-64/ospod-episode-64_242.mp3
64_245,64,"I will never forget my reading of, uh, of Puck's Lines as Joey Wheeler. That was just so funny.",0,/Users/minjoolee/Downloads/MUStARD/PodSarc/all_processed/overly-sarcastic-podcast__ospod-episode-64/ospod-episode-64_245.mp3
64_248,64,"But I think that's a great logic to put onto the witches. Um, in a much less logical part of me, I would love to see, uh,",1,/Users/minjoolee/Downloads/MUStARD/PodSarc/all_processed/overly-sarcastic-podcast__ospod-episode-64/ospod-episode-64_248.mp3
64_249,64,"The Kermit puppet make its, cause that's just sort of a backdoor Muppets movie is letting Noir as Kermit.",1,/Users/minjoolee/Downloads/MUStARD/PodSarc/all_processed/overly-sarcastic-podcast__ospod-episode-64/ospod-episode-64_249.mp3
64_254,64,"that's, that's why it works.",0,/Users/minjoolee/Downloads/MUStARD/PodSarc/all_processed/overly-sarcastic-podcast__ospod-episode-64/ospod-episode-64_254.mp3
64_259,64,"That would be extremely cool, but I felt like that would be like the weak sauce answer. I didn't want that to be the answer.",1,/Users/minjoolee/Downloads/MUStARD/PodSarc/all_processed/overly-sarcastic-podcast__ospod-episode-64/ospod-episode-64_259.mp3
64_264,64,"Yeah, no, I, I had a good time with those and I'm glad they worked because boy, howdy, that's the, like, being the only, like, straight man performer in the, in the cast of clowns is like, it, it's, it's kind of the easy job, but also that means when you get to be serious, you kind of have to kill it. Otherwise everyone's like, Oh, this is boring. Um, but, uh, yeah, yeah, did my best. Um, also, I, this is a tangent, but the thing about like, Oh, what if they all had Pokemon just remind me, like, I feel like there's this really popular, just like fan, like, what if everyone just had a little guy? Cause then that's all the Pokemon",1,/Users/minjoolee/Downloads/MUStARD/PodSarc/all_processed/overly-sarcastic-podcast__ospod-episode-64/ospod-episode-64_264.mp3
64_265,64,"Come on, guys. And that's all the like, Damon, His Dark Materials guys. And like, it's always just like, what if every character had their assigned weird little guy? What would that look like? And I mean, it's, it's correct. I love all of those little like, AUs. Cause it's like, how does this not change the plot at all? And what little guy would they select?",1,/Users/minjoolee/Downloads/MUStARD/PodSarc/all_processed/overly-sarcastic-podcast__ospod-episode-64/ospod-episode-64_265.mp3
64_266,64,Everyone deserves to have a little guy. The weird little dude school of character creation.,0,/Users/minjoolee/Downloads/MUStARD/PodSarc/all_processed/overly-sarcastic-podcast__ospod-episode-64/ospod-episode-64_266.mp3
64_272,64,"Oh no. We're coming for you. Watch out. We're spreading. Ah, geez.",0,/Users/minjoolee/Downloads/MUStARD/PodSarc/all_processed/overly-sarcastic-podcast__ospod-episode-64/ospod-episode-64_272.mp3
64_279,64,"It's, it was very high school, is it? Like, saying it immediately slams me back to the high school senior lounge GTA on the TV. There's just no escaping it. But like, like, saying something ironically is the gateway to saying it unironically. So it's, yeah, it's, it's happening. I can feel it.",0,/Users/minjoolee/Downloads/MUStARD/PodSarc/all_processed/overly-sarcastic-podcast__ospod-episode-64/ospod-episode-64_279.mp3
64_280,64,"Also, um, Noice, uh, from Keen Peel. I think I got you on that, too.",0,/Users/minjoolee/Downloads/MUStARD/PodSarc/all_processed/overly-sarcastic-podcast__ospod-episode-64/ospod-episode-64_280.mp3
64_281,64,I still type out noise more than I say it. You do. Yeah.,0,/Users/minjoolee/Downloads/MUStARD/PodSarc/all_processed/overly-sarcastic-podcast__ospod-episode-64/ospod-episode-64_281.mp3
64_283,64,I can't help it. I'm a sponge for these things. I can't resist. Words will just pig my head.,0,/Users/minjoolee/Downloads/MUStARD/PodSarc/all_processed/overly-sarcastic-podcast__ospod-episode-64/ospod-episode-64_283.mp3
64_290,64,"I had, um, I applied for a video producer job at Polygon and I didn't get it and I have, as of this date, still forgotten to take that video application down. It's not good. I shouldn't have gotten the job.",1,/Users/minjoolee/Downloads/MUStARD/PodSarc/all_processed/overly-sarcastic-podcast__ospod-episode-64/ospod-episode-64_290.mp3
64_294,64,"It's just so pleasing. Um, yeah. But yeah, it's just kind of a spin cycle of verbal ticks in this group. You know, whatever one of us does, we all start doing within a month.",1,/Users/minjoolee/Downloads/MUStARD/PodSarc/all_processed/overly-sarcastic-podcast__ospod-episode-64/ospod-episode-64_294.mp3
64_301,64,"10 characters in every scene. Yeah. You just have to double cast people. Uh, the Scottish play was a little bit easier for that, but, um.",0,/Users/minjoolee/Downloads/MUStARD/PodSarc/all_processed/overly-sarcastic-podcast__ospod-episode-64/ospod-episode-64_301.mp3
64_304,64,"Significant woman parts because I find it incredibly funny when he plays every woman all at once. But, um, and like, Noir had the current puppet and we're like, Oh, we should probably give him.",1,/Users/minjoolee/Downloads/MUStARD/PodSarc/all_processed/overly-sarcastic-podcast__ospod-episode-64/ospod-episode-64_304.mp3
64_305,64,"Caesar, I might be able to make a difference. Designated dead guy. Designated dead guy.",0,/Users/minjoolee/Downloads/MUStARD/PodSarc/all_processed/overly-sarcastic-podcast__ospod-episode-64/ospod-episode-64_305.mp3
64_306,64,"I was blown away that he didn't, but yeah, there's, it's, it's not, um.",0,/Users/minjoolee/Downloads/MUStARD/PodSarc/all_processed/overly-sarcastic-podcast__ospod-episode-64/ospod-episode-64_306.mp3
64_307,64,"Yeah, yeah, yeah.",0,/Users/minjoolee/Downloads/MUStARD/PodSarc/all_processed/overly-sarcastic-podcast__ospod-episode-64/ospod-episode-64_307.mp3
64_309,64,"Uh, well, we have time, I think, for one last question here before we sign off for this podcast. Uh, this one comes from Scarlet Nova. To all, what is the dumbest hill you'll die on?",0,/Users/minjoolee/Downloads/MUStARD/PodSarc/all_processed/overly-sarcastic-podcast__ospod-episode-64/ospod-episode-64_309.mp3
64_311,64,"I do this so often, it's hard to pick.",0,/Users/minjoolee/Downloads/MUStARD/PodSarc/all_processed/overly-sarcastic-podcast__ospod-episode-64/ospod-episode-64_311.mp3
64_312,64,"Because this isn't just a hot take, this is like, where do we, like, throw down the gloves?",0,/Users/minjoolee/Downloads/MUStARD/PodSarc/all_processed/overly-sarcastic-podcast__ospod-episode-64/ospod-episode-64_312.mp3
64_315,64,"Because it was like, people would be like, Oh, that movie's bad. I'd watch it. I'm like, I'm having a great time. What's wrong with you? So it's like, Hey, show me more movies that are bad. Maybe they're actually good. Sometimes that happens. Sometimes.",1,/Users/minjoolee/Downloads/MUStARD/PodSarc/all_processed/overly-sarcastic-podcast__ospod-episode-64/ospod-episode-64_315.mp3
64_319,64,"Every time I see a fishing mini game in a video game, I, I think of you Indigo, and it was.",0,/Users/minjoolee/Downloads/MUStARD/PodSarc/all_processed/overly-sarcastic-podcast__ospod-episode-64/ospod-episode-64_319.mp3
64_324,64,"Hades. Well, this is reminding me of some Fire Emblem insist on having fishing mini games all the goddamn time. I don't understand, but the obsession with Fire Emblem fans and fishing is. All right.",1,/Users/minjoolee/Downloads/MUStARD/PodSarc/all_processed/overly-sarcastic-podcast__ospod-episode-64/ospod-episode-64_324.mp3
64_333,64,"Because then you can figure out why those parts are working, especially in contrast to the parts around it that absolutely aren't.",1,/Users/minjoolee/Downloads/MUStARD/PodSarc/all_processed/overly-sarcastic-podcast__ospod-episode-64/ospod-episode-64_333.mp3
64_341,64,"Just ripping things to shreds for shits and gigs, uh, is not helpful. I think it can be fun, but it's not helpful and that's important. That's a distinction that needs to be drawn.",0,/Users/minjoolee/Downloads/MUStARD/PodSarc/all_processed/overly-sarcastic-podcast__ospod-episode-64/ospod-episode-64_341.mp3
64_343,64,"is like, somebody loves that. Somebody got something out of that.",0,/Users/minjoolee/Downloads/MUStARD/PodSarc/all_processed/overly-sarcastic-podcast__ospod-episode-64/ospod-episode-64_343.mp3
64_353,64,"These are so many hills that are, I would, in the context of this question, not dumb. Those are very.",0,/Users/minjoolee/Downloads/MUStARD/PodSarc/all_processed/overly-sarcastic-podcast__ospod-episode-64/ospod-episode-64_353.mp3
64_357,64,"My, maybe my dumb hill. And again, I don't know if this is like, too not dumb of a thing, but like, I find.",0,/Users/minjoolee/Downloads/MUStARD/PodSarc/all_processed/overly-sarcastic-podcast__ospod-episode-64/ospod-episode-64_357.mp3
64_359,64,"You have to caveat that before the, before the audience rips you to shreds.",0,/Users/minjoolee/Downloads/MUStARD/PodSarc/all_processed/overly-sarcastic-podcast__ospod-episode-64/ospod-episode-64_359.mp3
64_365,64,because I think it's very crunchy and slow and antithetical to role playing and takes a disproportionate amount of the time away from like actual character stuff and it fucks over anyone who doesn't have a combat class.,0,/Users/minjoolee/Downloads/MUStARD/PodSarc/all_processed/overly-sarcastic-podcast__ospod-episode-64/ospod-episode-64_365.mp3
64_367,64,"But that is a different, this is a, this is a hill both of us could die on is that bars are cool and that also combat is slow.",0,/Users/minjoolee/Downloads/MUStARD/PodSarc/all_processed/overly-sarcastic-podcast__ospod-episode-64/ospod-episode-64_367.mp3
64_373,64,"And there's going to be more videos out, uh, every Friday as per the huge, um.",1,/Users/minjoolee/Downloads/MUStARD/PodSarc/all_processed/overly-sarcastic-podcast__ospod-episode-64/ospod-episode-64_373.mp3
64_376,64,"Check out the video we recommended, uh, and other stuff as well. Um, you know how it is. YouTube is fun. There's a lot of good stuff on there. I don't know why YouTube is.",1,/Users/minjoolee/Downloads/MUStARD/PodSarc/all_processed/overly-sarcastic-podcast__ospod-episode-64/ospod-episode-64_376.mp3
64_377,64,"We should, we should post videos there sometime. I think it could really take off.",1,/Users/minjoolee/Downloads/MUStARD/PodSarc/all_processed/overly-sarcastic-podcast__ospod-episode-64/ospod-episode-64_377.mp3
65_0,65,"I want a squirrel divine beast. I don't know how it's gonna work. I just, I need to start with this concept and world build it out to fit, but like, the concept of squirrel divine beast.",0,/Users/minjoolee/Downloads/MUStARD/PodSarc/all_processed/overly-sarcastic-podcast__ospod-episode-65/ospod-episode-65_0.mp3
65_9,65,"Every intro, somehow we find a way to make Blue hurt with Red's tea commentary. It's okay.",0,/Users/minjoolee/Downloads/MUStARD/PodSarc/all_processed/overly-sarcastic-podcast__ospod-episode-65/ospod-episode-65_9.mp3
65_13,65,"So, we are, like, cold reading the heck out of these videos. We're really, like, taking strong guesses at what the top comments are gonna be, attempting to quote them verbatim before they're even written. Uh, but, essentially, we've seen each other's videos. Uh, we're gonna talk about them, but, uh, if there was any, uh, spicy business or particularly fun insights in the comments of these videos,",1,/Users/minjoolee/Downloads/MUStARD/PodSarc/all_processed/overly-sarcastic-podcast__ospod-episode-65/ospod-episode-65_13.mp3
65_14,65,"We don't know. We haven't seen him yet. We haven't figured out how to do future scrying, but we can take a look into the past history of telecommunications and how that winds up affecting the stories we tell. So, Red, talk to us about this very rabbit-holy trope talk that I had a blast watching.",1,/Users/minjoolee/Downloads/MUStARD/PodSarc/all_processed/overly-sarcastic-podcast__ospod-episode-65/ospod-episode-65_14.mp3
65_15,65,"Oh, I'm so glad, uh, cause I had a blast doing it. Uh, but there were a few times through the process where I was like, does this make any sense? Is this good? Um, so.",1,/Users/minjoolee/Downloads/MUStARD/PodSarc/all_processed/overly-sarcastic-podcast__ospod-episode-65/ospod-episode-65_15.mp3
65_20,65,Most dangerous self-affirmation. This is simple.,1,/Users/minjoolee/Downloads/MUStARD/PodSarc/all_processed/overly-sarcastic-podcast__ospod-episode-65/ospod-episode-65_20.mp3
65_26,65,Paradigm. I should text Blue about this. Wait a second!,0,/Users/minjoolee/Downloads/MUStARD/PodSarc/all_processed/overly-sarcastic-podcast__ospod-episode-65/ospod-episode-65_26.mp3
65_27,65,"This wasn't exactly the most shocking revelation in the world, I guess, but it was one of those things that I think was interesting because of how used to it we are now. You know, now that cell phones have been very",0,/Users/minjoolee/Downloads/MUStARD/PodSarc/all_processed/overly-sarcastic-podcast__ospod-episode-65/ospod-episode-65_27.mp3
65_28,65,Yeah. Yeah. Yeah.,0,/Users/minjoolee/Downloads/MUStARD/PodSarc/all_processed/overly-sarcastic-podcast__ospod-episode-65/ospod-episode-65_28.mp3
65_30,65,"It's, it's this weird balance of, oh god, that's horrifying, and.",0,/Users/minjoolee/Downloads/MUStARD/PodSarc/all_processed/overly-sarcastic-podcast__ospod-episode-65/ospod-episode-65_30.mp3
65_33,65,"And basically, instead of having, oh, we gotta run a scam on this guy, the bad guy of the week.",0,/Users/minjoolee/Downloads/MUStARD/PodSarc/all_processed/overly-sarcastic-podcast__ospod-episode-65/ospod-episode-65_33.mp3
65_36,65,"And there's a bit, there's a bit, I've mentioned this before, the trope where you have the funny haha character be the one who freaks out and this is a way to signify, like, this is really, really bad. They do that. Uh, Hardison, the funny haha hacker character is the one who's like, Oh God, that's like, that would be millions dead. This is unthinkable. And I was just sitting there, June of 2020, like, wow.",1,/Users/minjoolee/Downloads/MUStARD/PodSarc/all_processed/overly-sarcastic-podcast__ospod-episode-65/ospod-episode-65_36.mp3
65_37,65,"Like, yeah, but also, Hardison. Yeah, but also, you know, it's, yeah.",0,/Users/minjoolee/Downloads/MUStARD/PodSarc/all_processed/overly-sarcastic-podcast__ospod-episode-65/ospod-episode-65_37.mp3
65_41,65,"But you still gotta eat. You still gotta do your job and you know, all that stuff. So it was just an odd little feeling of like, that hits different. But also like, if you'd shown that episode to somebody in 1918.",1,/Users/minjoolee/Downloads/MUStARD/PodSarc/all_processed/overly-sarcastic-podcast__ospod-episode-65/ospod-episode-65_41.mp3
65_52,65,"You look at a cell phone, you're like, you can call somebody instantly from anywhere in the world, as long as you have battery and service and stuff like that. Whatever. That's fine.",1,/Users/minjoolee/Downloads/MUStARD/PodSarc/all_processed/overly-sarcastic-podcast__ospod-episode-65/ospod-episode-65_52.mp3
65_53,65,"And then it's like, but there is still a limitation. The limitation is they have to pick up the phone at the right time. They have a window of time in which they need to be able to receive the call. And you know what doesn't have that problem? Texting!",1,/Users/minjoolee/Downloads/MUStARD/PodSarc/all_processed/overly-sarcastic-podcast__ospod-episode-65/ospod-episode-65_53.mp3
65_57,65,"We just want to send letters really, really, really well.",1,/Users/minjoolee/Downloads/MUStARD/PodSarc/all_processed/overly-sarcastic-podcast__ospod-episode-65/ospod-episode-65_57.mp3
65_61,65,Right. Mm.,0,/Users/minjoolee/Downloads/MUStARD/PodSarc/all_processed/overly-sarcastic-podcast__ospod-episode-65/ospod-episode-65_61.mp3
65_62,65,"the, the, the educational exercise is really cool. And I felt a little bit of a vibe of like with the, um.",0,/Users/minjoolee/Downloads/MUStARD/PodSarc/all_processed/overly-sarcastic-podcast__ospod-episode-65/ospod-episode-65_62.mp3
65_66,65,"Beautiful and incredible and amazing things we've gotten used to. And it can take a little bit of work to sort of be like, no, hold on. Like, I, I know my pattern recognizing brain knows what I'm looking at, but like,",1,/Users/minjoolee/Downloads/MUStARD/PodSarc/all_processed/overly-sarcastic-podcast__ospod-episode-65/ospod-episode-65_66.mp3
65_70,65,"It was probably one of my favorite Trump talks. I'm excited to see what the audience says once we get, once we catch up with the present.",1,/Users/minjoolee/Downloads/MUStARD/PodSarc/all_processed/overly-sarcastic-podcast__ospod-episode-65/ospod-episode-65_70.mp3
65_75,65,"But for various reasons, we just can't pull it together. You know, there's, there's pirates. There's no trade. Everything's in ruins. It would take so much work to rebuild. It's.",1,/Users/minjoolee/Downloads/MUStARD/PodSarc/all_processed/overly-sarcastic-podcast__ospod-episode-65/ospod-episode-65_75.mp3
65_77,65,"Yeah, for some reason the phrase ancient apocalypse is in my head. Not sure where it came from. I don't think we should use that specifically though. That was the logic there.",1,/Users/minjoolee/Downloads/MUStARD/PodSarc/all_processed/overly-sarcastic-podcast__ospod-episode-65/ospod-episode-65_77.mp3
65_89,65,"No, Moses has a gun, but like one year I was like, yeah, the plague of the firstborn is really bad, but wouldn't it be extra cool if the Pharaoh himself was a firstborn and then he dies? And I was like, why would there be an age limit on the plague of the firstborn? And, you know, my parents had to be like, no, no, that's not really, but like, that's the thing. It's like, that's a huge change. It's like, yeah, the Pharaoh dies because of that. I made that up.",1,/Users/minjoolee/Downloads/MUStARD/PodSarc/all_processed/overly-sarcastic-podcast__ospod-episode-65/ospod-episode-65_89.mp3
65_92,65,"Later archaeologists are like, we can see in the poet Red's retelling there's a strong anti-Pharaoh bias that seeps into modifications made to the plot.",1,/Users/minjoolee/Downloads/MUStARD/PodSarc/all_processed/overly-sarcastic-podcast__ospod-episode-65/ospod-episode-65_92.mp3
65_93,65,We can presume that chapter 10 was added later.,1,/Users/minjoolee/Downloads/MUStARD/PodSarc/all_processed/overly-sarcastic-podcast__ospod-episode-65/ospod-episode-65_93.mp3
65_97,65,"That probably really happened, especially since we found Troy, and it's been burned.",0,/Users/minjoolee/Downloads/MUStARD/PodSarc/all_processed/overly-sarcastic-podcast__ospod-episode-65/ospod-episode-65_97.mp3
65_101,65,Yeah. Yeah. Yeah.,0,/Users/minjoolee/Downloads/MUStARD/PodSarc/all_processed/overly-sarcastic-podcast__ospod-episode-65/ospod-episode-65_101.mp3
65_103,65,"If Shakespeare can do it, so can I. Um, but like this, this, this, this vibe of just pure,",1,/Users/minjoolee/Downloads/MUStARD/PodSarc/all_processed/overly-sarcastic-podcast__ospod-episode-65/ospod-episode-65_103.mp3
65_104,65,"Dolor, uh, and sadness and sorrow for the lost civilization.",0,/Users/minjoolee/Downloads/MUStARD/PodSarc/all_processed/overly-sarcastic-podcast__ospod-episode-65/ospod-episode-65_104.mp3
65_109,65,"original tellers would have either consciously or subconsciously had in their minds. So, it's like that, that's probably a whole other video is explaining like what the fuck is Aphrodite's deal in this war.",1,/Users/minjoolee/Downloads/MUStARD/PodSarc/all_processed/overly-sarcastic-podcast__ospod-episode-65/ospod-episode-65_109.mp3
65_111,65,"Oh, yeah.",0,/Users/minjoolee/Downloads/MUStARD/PodSarc/all_processed/overly-sarcastic-podcast__ospod-episode-65/ospod-episode-65_111.mp3
65_113,65,"Yeah, I guess some knowledge is just truly lost.",0,/Users/minjoolee/Downloads/MUStARD/PodSarc/all_processed/overly-sarcastic-podcast__ospod-episode-65/ospod-episode-65_113.mp3
65_114,65,"But I really did, um, have a good time, uh, talking through this, this whole.",0,/Users/minjoolee/Downloads/MUStARD/PodSarc/all_processed/overly-sarcastic-podcast__ospod-episode-65/ospod-episode-65_114.mp3
65_118,65,"in the Aegean, copper or tin. Yeah. Cause the two chemical components for bronze are copper and tin. And I remembered from somewhere.",0,/Users/minjoolee/Downloads/MUStARD/PodSarc/all_processed/overly-sarcastic-podcast__ospod-episode-65/ospod-episode-65_118.mp3
65_120,65,"getting a full bronze-based economy going, you need more. And I was researching, like, what the heck? So I nearly convinced myself of this, like, oh, the Mycenaeans invaded.",1,/Users/minjoolee/Downloads/MUStARD/PodSarc/all_processed/overly-sarcastic-podcast__ospod-episode-65/ospod-episode-65_120.mp3
65_121,65,and then it all fell apart anyway.,0,/Users/minjoolee/Downloads/MUStARD/PodSarc/all_processed/overly-sarcastic-podcast__ospod-episode-65/ospod-episode-65_121.mp3
65_122,65,"And Cornwall? Cool. I'm just gonna, I'm gonna cut this out. So I like, I added this thing at the last minute thinking I was on to something brilliant. I'm like, no, hold on. I need to research this more before I go spouting anything. So I, I just ripped it out.",0,/Users/minjoolee/Downloads/MUStARD/PodSarc/all_processed/overly-sarcastic-podcast__ospod-episode-65/ospod-episode-65_122.mp3
65_125,65,Cause they come from different places and therefore bronze fell off the map. Irons underneath everywhere in central Greece. So there you go.,1,/Users/minjoolee/Downloads/MUStARD/PodSarc/all_processed/overly-sarcastic-podcast__ospod-episode-65/ospod-episode-65_125.mp3
65_130,65,"And, uh, those of you who haven't received your Ursa major pins should be getting them soon because they're, uh, currently in the process of shipping out. So that's very exciting. We're looking forward to getting those little glow in the dark guys. Super, super jazzed to see how those turn out.",1,/Users/minjoolee/Downloads/MUStARD/PodSarc/all_processed/overly-sarcastic-podcast__ospod-episode-65/ospod-episode-65_130.mp3
65_133,65,"But, uh, very excited for that. Cause man, I love those pins. They're so shiny. They go click clack. That's great. But that's all we've got to announce on our side of things. And we can hop over to the Q and A portion of the podcast.",1,/Users/minjoolee/Downloads/MUStARD/PodSarc/all_processed/overly-sarcastic-podcast__ospod-episode-65/ospod-episode-65_133.mp3
65_137,65,"So without further ado, love, death, and robots. Uh, no.",0,/Users/minjoolee/Downloads/MUStARD/PodSarc/all_processed/overly-sarcastic-podcast__ospod-episode-65/ospod-episode-65_137.mp3
65_142,65,"Uh, The Feed by Nick Clark Window. No.",0,/Users/minjoolee/Downloads/MUStARD/PodSarc/all_processed/overly-sarcastic-podcast__ospod-episode-65/ospod-episode-65_142.mp3
65_146,65,"Uh, psychopaths. No.",0,/Users/minjoolee/Downloads/MUStARD/PodSarc/all_processed/overly-sarcastic-podcast__ospod-episode-65/ospod-episode-65_146.mp3
65_147,65,"Yeah. Yeah. Yeah, they're good. I mean, didn't they just, like, recently end?",0,/Users/minjoolee/Downloads/MUStARD/PodSarc/all_processed/overly-sarcastic-podcast__ospod-episode-65/ospod-episode-65_147.mp3
65_150,65,"Uh, his dark materials. Oh, yeah.",0,/Users/minjoolee/Downloads/MUStARD/PodSarc/all_processed/overly-sarcastic-podcast__ospod-episode-65/ospod-episode-65_150.mp3
65_152,65,"Yeah. I read the books. I don't remember much about them. I think I was like, I was in the age range. I just think he got a little bit arcane for me after a while. Um, but yeah, no, I read them. I liked them. Uh, and I watched the movie and it's bad and I haven't watched the show, but I've heard it's good.",0,/Users/minjoolee/Downloads/MUStARD/PodSarc/all_processed/overly-sarcastic-podcast__ospod-episode-65/ospod-episode-65_152.mp3
65_157,65,"That sounds familiar, but no. Uh, something rotten? Nope.",0,/Users/minjoolee/Downloads/MUStARD/PodSarc/all_processed/overly-sarcastic-podcast__ospod-episode-65/ospod-episode-65_157.mp3
65_161,65,"Yeah. The outfit, which is apparently set in Mars, Venice. Huh, that's kind of cool.",0,/Users/minjoolee/Downloads/MUStARD/PodSarc/all_processed/overly-sarcastic-podcast__ospod-episode-65/ospod-episode-65_161.mp3
65_164,65,Does it count if I watched the zero punctuation about it?,1,/Users/minjoolee/Downloads/MUStARD/PodSarc/all_processed/overly-sarcastic-podcast__ospod-episode-65/ospod-episode-65_164.mp3
65_169,65,"Yes. Yeah. Kodohano did make Helsing. He's cool. Um, I've seen some, I've seen the first Jurassic Park and one of the Jurassic worlds. It's not good. Jurassic Park is good though.",0,/Users/minjoolee/Downloads/MUStARD/PodSarc/all_processed/overly-sarcastic-podcast__ospod-episode-65/ospod-episode-65_169.mp3
65_172,65,"Yeah. Yes. My Revolution by Miracle of Sound. Uh, no.",0,/Users/minjoolee/Downloads/MUStARD/PodSarc/all_processed/overly-sarcastic-podcast__ospod-episode-65/ospod-episode-65_172.mp3
65_176,65,"Eventually, we'll, we'll get through them all in episodes. Someday, we'll run out. Google. I am not. Episode 2 Google of OS Podcasts. We will get all of the lightning round suggestions done.",1,/Users/minjoolee/Downloads/MUStARD/PodSarc/all_processed/overly-sarcastic-podcast__ospod-episode-65/ospod-episode-65_176.mp3
65_181,65,"Yeah, yeah.",0,/Users/minjoolee/Downloads/MUStARD/PodSarc/all_processed/overly-sarcastic-podcast__ospod-episode-65/ospod-episode-65_181.mp3
65_183,65,"The goal of selling merch was to make enough money to pay for the merch that I bought for myself when we were at that phase in the channel. Um, and eventually we did, uh, which is great, but I, um.",1,/Users/minjoolee/Downloads/MUStARD/PodSarc/all_processed/overly-sarcastic-podcast__ospod-episode-65/ospod-episode-65_183.mp3
65_185,65,"Yeah, um, Seasons of Rome, I have on my laptop, and that's a super popular one. People love that. Cause it's just, it's a beautiful design. It's such a great joke. It works whether or not you know the channel. Um, so, those are probably some of my things.",1,/Users/minjoolee/Downloads/MUStARD/PodSarc/all_processed/overly-sarcastic-podcast__ospod-episode-65/ospod-episode-65_185.mp3
65_187,65,"Yeah, I love prop comedy. Uh, and being able to create props for prop comedy is always a lot of fun.",0,/Users/minjoolee/Downloads/MUStARD/PodSarc/all_processed/overly-sarcastic-podcast__ospod-episode-65/ospod-episode-65_187.mp3
65_190,65,"Here it is. Well, they gave enough details. Yeah, so.",0,/Users/minjoolee/Downloads/MUStARD/PodSarc/all_processed/overly-sarcastic-podcast__ospod-episode-65/ospod-episode-65_190.mp3
65_192,65,"I'm also, uh, I, I like that one a lot. I had fun making the Atlantis map because that was a very funny instance and like, wait a minute, Plato, this visual description makes no sense geographically speaking or geometrically speaking. So that was pretty fun.",1,/Users/minjoolee/Downloads/MUStARD/PodSarc/all_processed/overly-sarcastic-podcast__ospod-episode-65/ospod-episode-65_192.mp3
65_193,65,"The fact that I managed to pull it together regardless was pretty cool. Um, yeah.",0,/Users/minjoolee/Downloads/MUStARD/PodSarc/all_processed/overly-sarcastic-podcast__ospod-episode-65/ospod-episode-65_193.mp3
65_194,65,"Yeah, I think that covers it. I mean, obviously, I love the pins. It's so cool to meet it.",0,/Users/minjoolee/Downloads/MUStARD/PodSarc/all_processed/overly-sarcastic-podcast__ospod-episode-65/ospod-episode-65_194.mp3
65_197,65,"Yeah, it's, of all the merch things we do, this is by far the most like.",0,/Users/minjoolee/Downloads/MUStARD/PodSarc/all_processed/overly-sarcastic-podcast__ospod-episode-65/ospod-episode-65_197.mp3
65_201,65,"Absolutely coolest sponsorship deal I, I've ever had at least. Um, I was so excited to, to work with them on that. They were wonderful to work with. Uh, the team was great. Super, um, excited for us to be there participating. Um, it was very helpful for all the stuff we were doing. Uh, the funny thing is that they,",0,/Users/minjoolee/Downloads/MUStARD/PodSarc/all_processed/overly-sarcastic-podcast__ospod-episode-65/ospod-episode-65_201.mp3
65_207,65,Because they've never done a full gothic cathedral like that. And I think.,0,/Users/minjoolee/Downloads/MUStARD/PodSarc/all_processed/overly-sarcastic-podcast__ospod-episode-65/ospod-episode-65_207.mp3
65_209,65,"No, I love that. I think that's a really good idea. Yeah.",0,/Users/minjoolee/Downloads/MUStARD/PodSarc/all_processed/overly-sarcastic-podcast__ospod-episode-65/ospod-episode-65_209.mp3
65_212,65,"Yeah. I've recently gotten very attached to Hyrule field. Uh, but that's because I now have two out of three parts of the guardian armor fully leveled up. Uh, so I'm basically indestructible and it's very fun to go hunt down guardian stalkers and chop off all their legs. So.",0,/Users/minjoolee/Downloads/MUStARD/PodSarc/all_processed/overly-sarcastic-podcast__ospod-episode-65/ospod-episode-65_212.mp3
65_214,65,"And once you get good, uh, it's pretty easy to just kill your way through it and then you can just relax and have fun on your horse. Yeah.",1,/Users/minjoolee/Downloads/MUStARD/PodSarc/all_processed/overly-sarcastic-podcast__ospod-episode-65/ospod-episode-65_214.mp3
65_216,65,"and the, the mountains around there. The village is just so fun. I love Hateno Village. It's so, so charming and pleasant just to be in.",0,/Users/minjoolee/Downloads/MUStARD/PodSarc/all_processed/overly-sarcastic-podcast__ospod-episode-65/ospod-episode-65_216.mp3
65_231,65,"Yeah, it goes without saying, so goddamn excited for, for Tears of the King. At the time of recording, the trailer with gameplay dropped yesterday. So we're just like, Oh my God. Oh my God. Combining weapons. We can make a meat arrow. There's a Korok with a backpack.",1,/Users/minjoolee/Downloads/MUStARD/PodSarc/all_processed/overly-sarcastic-podcast__ospod-episode-65/ospod-episode-65_231.mp3
65_247,65,We would have just gotten very meta about how we think of these videos.,1,/Users/minjoolee/Downloads/MUStARD/PodSarc/all_processed/overly-sarcastic-podcast__ospod-episode-65/ospod-episode-65_247.mp3
65_249,65,"Yeah. Speaking of, we've got so many more of those to get to. This one comes from Everin to all who does your captions. Oh, usually us.",1,/Users/minjoolee/Downloads/MUStARD/PodSarc/all_processed/overly-sarcastic-podcast__ospod-episode-65/ospod-episode-65_249.mp3
65_253,65,The detail died.,0,/Users/minjoolee/Downloads/MUStARD/PodSarc/all_processed/overly-sarcastic-podcast__ospod-episode-65/ospod-episode-65_253.mp3
65_258,65,mm-hmm.,0,/Users/minjoolee/Downloads/MUStARD/PodSarc/all_processed/overly-sarcastic-podcast__ospod-episode-65/ospod-episode-65_258.mp3
65_260,65,"I'm gonna eventually find someone to be like, can you translate my Rome resummarized videos into Latin? Cuz this experience, for me, just for me, I want this to exist.",1,/Users/minjoolee/Downloads/MUStARD/PodSarc/all_processed/overly-sarcastic-podcast__ospod-episode-65/ospod-episode-65_260.mp3
65_261,65,"But it's, it's so, so cool. And we're very thankful for the, uh, the diligent work of a lot of people who, uh, volunteered to make this happen. And that's extremely cool.",1,/Users/minjoolee/Downloads/MUStARD/PodSarc/all_processed/overly-sarcastic-podcast__ospod-episode-65/ospod-episode-65_261.mp3
65_262,65,"Awesome. Well, thank you guys for all your translation work, but we've got more questions to translate into answered, so this comes from Left Unsupervised. To all, what is your favorite flower?",1,/Users/minjoolee/Downloads/MUStARD/PodSarc/all_processed/overly-sarcastic-podcast__ospod-episode-65/ospod-episode-65_262.mp3
65_263,65,"My mom famously, not famously, but like to me, famously loves orchids, but has a very hard time keeping them alive because orchids are very hard to keep alive. Notoriously so, yeah.",1,/Users/minjoolee/Downloads/MUStARD/PodSarc/all_processed/overly-sarcastic-podcast__ospod-episode-65/ospod-episode-65_263.mp3
65_270,65,"They're just wood and paper. Um, and they look completely convincing. So I, uh, I like those a lot.",0,/Users/minjoolee/Downloads/MUStARD/PodSarc/all_processed/overly-sarcastic-podcast__ospod-episode-65/ospod-episode-65_270.mp3
65_273,65,"B-bomb. I don't even remember what that one looks like, but it just, it's so pleasing to the, to the ear.",1,/Users/minjoolee/Downloads/MUStARD/PodSarc/all_processed/overly-sarcastic-podcast__ospod-episode-65/ospod-episode-65_273.mp3
65_279,65,"And then the Myrtle took over instead. So we still had just a ton of these beautiful little purple flowers. Um. Nice. And, uh.",1,/Users/minjoolee/Downloads/MUStARD/PodSarc/all_processed/overly-sarcastic-podcast__ospod-episode-65/ospod-episode-65_279.mp3
65_292,65,"I'm sorry, did you say it's a squirrel?",0,/Users/minjoolee/Downloads/MUStARD/PodSarc/all_processed/overly-sarcastic-podcast__ospod-episode-65/ospod-episode-65_292.mp3
65_299,65,"But, no, damn, this is the bad ending. Okay, squirrel's not gonna cut it. Red, what's your idea?",0,/Users/minjoolee/Downloads/MUStARD/PodSarc/all_processed/overly-sarcastic-podcast__ospod-episode-65/ospod-episode-65_299.mp3
65_300,65,"What's your idea? It's what works in the Farron Woods. That's okay. It just can't be in the Deku Forest. Um, yeah. I, here's the thing. I am a basic Twilight Princess bitch. I want it to be a wolf.",1,/Users/minjoolee/Downloads/MUStARD/PodSarc/all_processed/overly-sarcastic-podcast__ospod-episode-65/ospod-episode-65_300.mp3
65_302,65,It's so cool. Shout out to that Zeltek video from like two weeks ago.,0,/Users/minjoolee/Downloads/MUStARD/PodSarc/all_processed/overly-sarcastic-podcast__ospod-episode-65/ospod-episode-65_302.mp3
65_305,65,"So, I think it's gotta be a cool-ass wolf, and I think",0,/Users/minjoolee/Downloads/MUStARD/PodSarc/all_processed/overly-sarcastic-podcast__ospod-episode-65/ospod-episode-65_305.mp3
65_306,65,"It's gotta hang out, like, in the Hebrew region, cause that one's still, like, loose, uh, and, you know, available. Uh, I think it's, it's obviously got, like, the, the, the laser and, like, the jaws kind of, just like, brr. Uh, or, like, a little between the eyes kind of forehead laser, you know, Taioken kind of situation. Yeah.",0,/Users/minjoolee/Downloads/MUStARD/PodSarc/all_processed/overly-sarcastic-podcast__ospod-episode-65/ospod-episode-65_306.mp3
65_307,65,"Oh, what was it? Champion abilities? And like, how does it wreak havoc? Um. Yeah. And inevitably you do fall too.",1,/Users/minjoolee/Downloads/MUStARD/PodSarc/all_processed/overly-sarcastic-podcast__ospod-episode-65/ospod-episode-65_307.mp3
65_314,65,would have been cool.,0,/Users/minjoolee/Downloads/MUStARD/PodSarc/all_processed/overly-sarcastic-podcast__ospod-episode-65/ospod-episode-65_314.mp3
65_320,65,"There should be a giant dragon robot underneath here. Like, this is, it should emerge from the ground and it should just be a big dragon. Like, I think that we all assume this, it could dive into the lakes and whatnot. So I'm, I'm on board with Blue. I think it's ridiculously overpowered, but it would be so, so, so fun.",0,/Users/minjoolee/Downloads/MUStARD/PodSarc/all_processed/overly-sarcastic-podcast__ospod-episode-65/ospod-episode-65_320.mp3
65_325,65,"Like, Kuwabara energy sword situation or, or some other similar, like, here's my divine, my champion ability. Throwing hands, uh, just to give, yeah.",1,/Users/minjoolee/Downloads/MUStARD/PodSarc/all_processed/overly-sarcastic-podcast__ospod-episode-65/ospod-episode-65_325.mp3
65_327,65,"This is true, but now we're developing a character from my champion self-insert that's a little too furry for my taste. Piloting the wolf doesn't make that happen.",1,/Users/minjoolee/Downloads/MUStARD/PodSarc/all_processed/overly-sarcastic-podcast__ospod-episode-65/ospod-episode-65_327.mp3
65_340,65,In the same way that using the one-hit obliterator yesterday was an awful lot of fun.,0,/Users/minjoolee/Downloads/MUStARD/PodSarc/all_processed/overly-sarcastic-podcast__ospod-episode-65/ospod-episode-65_340.mp3
65_341,65,Home run bat. My champion ability dubbed the home run bat.,1,/Users/minjoolee/Downloads/MUStARD/PodSarc/all_processed/overly-sarcastic-podcast__ospod-episode-65/ospod-episode-65_341.mp3
65_345,65,"slash teleport to the enemy, like, Gundam style, slice them in half, as a way to fall damage cancel, where you get back to ground level, having just clowned on a fool and decapitated them or fully bisected them.",0,/Users/minjoolee/Downloads/MUStARD/PodSarc/all_processed/overly-sarcastic-podcast__ospod-episode-65/ospod-episode-65_345.mp3
65_354,65,"Rearing pose over the bridge, that when you walk under the bridge, the hoos are on top. Ooh, I love that.",0,/Users/minjoolee/Downloads/MUStARD/PodSarc/all_processed/overly-sarcastic-podcast__ospod-episode-65/ospod-episode-65_354.mp3
65_360,65,"Yeah, I think that for maximum horror, you know, how, uh, Varudani is face does like the kind of predator thing. Uh, I think the worst one should do that too.",1,/Users/minjoolee/Downloads/MUStARD/PodSarc/all_processed/overly-sarcastic-podcast__ospod-episode-65/ospod-episode-65_360.mp3
65_364,65,"I'm gonna activate my champion power to end this podcast. Redd, are you ready to take us out?",0,/Users/minjoolee/Downloads/MUStARD/PodSarc/all_processed/overly-sarcastic-podcast__ospod-episode-65/ospod-episode-65_364.mp3
65_368,65,"We gotta own it. A true wolf does no retakes. We'll be back in a certain number of weeks with more podcasts. Stay tuned. It'll be great. We're also experimentally putting up the little promo thing on, uh, on YouTube so that people can see them and hopefully they like them.",1,/Users/minjoolee/Downloads/MUStARD/PodSarc/all_processed/overly-sarcastic-podcast__ospod-episode-65/ospod-episode-65_368.mp3
65_373,65,"We'll be back on April 26th with another thrilling installment, but if you missed us before then, be sure to check out Overly Sarcastic Productions on YouTube.",1,/Users/minjoolee/Downloads/MUStARD/PodSarc/all_processed/overly-sarcastic-podcast__ospod-episode-65/ospod-episode-65_373.mp3
66_9,66,"Thank you so much for having me. I'm doing great. It's actually sunny out today, which is amazing because I live in Vancouver. So I'm in a fantastic mood. I'm so happy to be here.",0,/Users/minjoolee/Downloads/MUStARD/PodSarc/all_processed/overly-sarcastic-podcast__ospod-episode-66/ospod-episode-66_9.mp3
66_12,66,"I'm sorry, but I'm also very jealous as someone who lives somewhere where it rains 24 7. Yeah, I would have been jealous, but not anymore.",1,/Users/minjoolee/Downloads/MUStARD/PodSarc/all_processed/overly-sarcastic-podcast__ospod-episode-66/ospod-episode-66_12.mp3
66_13,66,"I managed to, uh, last week get a, almost a sunburn on only the left half of my forehead because the poofy part of my hair obscures the right half and I was only walking in one direction for a better part of an hour and a half. Um, it was pretty humorous.",0,/Users/minjoolee/Downloads/MUStARD/PodSarc/all_processed/overly-sarcastic-podcast__ospod-episode-66/ospod-episode-66_13.mp3
66_19,66,"Oh no. Well, this is already off to a very weird start. Uh, I love it.",0,/Users/minjoolee/Downloads/MUStARD/PodSarc/all_processed/overly-sarcastic-podcast__ospod-episode-66/ospod-episode-66_19.mp3
66_23,66,"Debranded the City Minute series to just make it like, history summarized. We're just doing it fucking normally this time. I'm just gonna make it make sense. Um, but I had a lot of fun. Uh, I got to talk about Sparta, um, Messenia, uh, let's see, Corinth, and then, what the hell was the fourth one? Um,",1,/Users/minjoolee/Downloads/MUStARD/PodSarc/all_processed/overly-sarcastic-podcast__ospod-episode-66/ospod-episode-66_23.mp3
66_24,66,"That's embarrassing. Platea is the one that they destroyed. Um, and I had a fun time trying to figure out how.",1,/Users/minjoolee/Downloads/MUStARD/PodSarc/all_processed/overly-sarcastic-podcast__ospod-episode-66/ospod-episode-66_24.mp3
66_28,66,"train them to be better soldiers. That's just, that's just brutalizing children. It doesn't, no part of the Spartanagoga involved weapons training.",1,/Users/minjoolee/Downloads/MUStARD/PodSarc/all_processed/overly-sarcastic-podcast__ospod-episode-66/ospod-episode-66_28.mp3
66_29,66,"Yeah, that's also a lot less macho. That's a lot less cool than I think the image of them is.",1,/Users/minjoolee/Downloads/MUStARD/PodSarc/all_processed/overly-sarcastic-podcast__ospod-episode-66/ospod-episode-66_29.mp3
66_40,66,"To a certain extent seems to have bought their own hype because they presented themselves as we think of them now like, oh, they're so, they're the best, you know, Athens has better politics maybe, but Sparta produces the best warriors. And it's like.",1,/Users/minjoolee/Downloads/MUStARD/PodSarc/all_processed/overly-sarcastic-podcast__ospod-episode-66/ospod-episode-66_40.mp3
66_44,66,It's true. Yeah. Oh my god.,0,/Users/minjoolee/Downloads/MUStARD/PodSarc/all_processed/overly-sarcastic-podcast__ospod-episode-66/ospod-episode-66_44.mp3
66_45,66,"But it's, it's just remarkable how the, the mirage of like Spartan, you know, immortality of like, oh, you know, we, we fought at Thermopylae and we, you know, defeated the Persians before we, we, we got betrayed. But if, you know, the subtext of if we didn't get betrayed, we would have won, like, you know, kind of.",1,/Users/minjoolee/Downloads/MUStARD/PodSarc/all_processed/overly-sarcastic-podcast__ospod-episode-66/ospod-episode-66_45.mp3
66_46,66,"And then that gets filtered through Athenian sources who are like, oh my god, these guys are insane! And then that gets filtered through Roman sources who are just like, whoa.",0,/Users/minjoolee/Downloads/MUStARD/PodSarc/all_processed/overly-sarcastic-podcast__ospod-episode-66/ospod-episode-66_46.mp3
66_65,66,I'm gonna appropriate that for my own purposes.,0,/Users/minjoolee/Downloads/MUStARD/PodSarc/all_processed/overly-sarcastic-podcast__ospod-episode-66/ospod-episode-66_65.mp3
66_68,66,"And that's, that's an interesting feeling because from your perspective and now from mine, like, you stumbled onto, like, the, the emotional core of the entire show. Yeah, I really thought I got something.",0,/Users/minjoolee/Downloads/MUStARD/PodSarc/all_processed/overly-sarcastic-podcast__ospod-episode-66/ospod-episode-66_68.mp3
66_69,66,"Yeah. I really thought I got something there. I thought I'd untangled the entire thing. And it turns out there's like 15 other centers of this Gordian knot that I didn't know about. So that was neat. Um. Oh, man. Sorry. Have you seen Arcane?",1,/Users/minjoolee/Downloads/MUStARD/PodSarc/all_processed/overly-sarcastic-podcast__ospod-episode-66/ospod-episode-66_69.mp3
66_74,66,So good. How? This show did not have to be good.,0,/Users/minjoolee/Downloads/MUStARD/PodSarc/all_processed/overly-sarcastic-podcast__ospod-episode-66/ospod-episode-66_74.mp3
66_79,66,"from the one shameful week I spent playing illegal legends. I know how these characters are supposed to interact. So what's going to happen? And I was like, okay, this has got to be, this has got to be where they hate each other. And it's like, it didn't happen. It kept not happening. That's weird. That's interesting. Okay, cool. And then it's like,",1,/Users/minjoolee/Downloads/MUStARD/PodSarc/all_processed/overly-sarcastic-podcast__ospod-episode-66/ospod-episode-66_79.mp3
66_81,66,"Oh, but man, it's so good. And like, the animation is gorgeous, obviously. The background painting is just shockingly good.",1,/Users/minjoolee/Downloads/MUStARD/PodSarc/all_processed/overly-sarcastic-podcast__ospod-episode-66/ospod-episode-66_81.mp3
66_83,66,"I don't know, for me, buildings are all kind of the same, so it's, but they're like, oh, you know, you point it out, and I'm like, yeah, it's less, like, spirally and more triangular. More angular, yeah. Yeah, yeah, see?",1,/Users/minjoolee/Downloads/MUStARD/PodSarc/all_processed/overly-sarcastic-podcast__ospod-episode-66/ospod-episode-66_83.mp3
66_91,66,Is J.K. Simmons the Yellow M&M? Yes. Oh my god.,0,/Users/minjoolee/Downloads/MUStARD/PodSarc/all_processed/overly-sarcastic-podcast__ospod-episode-66/ospod-episode-66_91.mp3
66_92,66,"Man, I mean, it was really the year of Haley Steinfeld. Cause that was also when she was in, um, Hawkeye and.",0,/Users/minjoolee/Downloads/MUStARD/PodSarc/all_processed/overly-sarcastic-podcast__ospod-episode-66/ospod-episode-66_92.mp3
66_93,66,"Bumblebee, the movie only I liked, and, yeah, she just did everything, but also she's bi, so that was cool. Um, yeah.",1,/Users/minjoolee/Downloads/MUStARD/PodSarc/all_processed/overly-sarcastic-podcast__ospod-episode-66/ospod-episode-66_93.mp3
66_95,66,"that complex web of characters where a few of the mains don't even interact with each other and yet everything still fits together so well on this just ridiculous tapestry of broken families and people who love each other and really don't want to, um, or rather would have their lives be so much easier if they didn't. Uh, it is spectacular that it",0,/Users/minjoolee/Downloads/MUStARD/PodSarc/all_processed/overly-sarcastic-podcast__ospod-episode-66/ospod-episode-66_95.mp3
66_96,66,fits together so well.,0,/Users/minjoolee/Downloads/MUStARD/PodSarc/all_processed/overly-sarcastic-podcast__ospod-episode-66/ospod-episode-66_96.mp3
66_100,66,"You know what? Nevermind. Nevermind. I'll, I'll discover it diegetically.",0,/Users/minjoolee/Downloads/MUStARD/PodSarc/all_processed/overly-sarcastic-podcast__ospod-episode-66/ospod-episode-66_100.mp3
66_101,66,"He's very important, actually. Uh, when, when Vander first showed up, everyone was like, who's this guy? He's just some random, sincere, like stern dad figure. And then after stuff happens in episode three, they were like, Oh, Oh, wait a minute. There's a league champion who's backstory starting to line up pretty well. And he's a werewolf.",1,/Users/minjoolee/Downloads/MUStARD/PodSarc/all_processed/overly-sarcastic-podcast__ospod-episode-66/ospod-episode-66_101.mp3
66_103,66,"It's league lore. It's not good until it gets turned into something in arcane. He's a werewolf and he's, he's like, he's like venom legal protector. He kills people who are bad.",1,/Users/minjoolee/Downloads/MUStARD/PodSarc/all_processed/overly-sarcastic-podcast__ospod-episode-66/ospod-episode-66_103.mp3
66_104,66,neat. Yeah.,0,/Users/minjoolee/Downloads/MUStARD/PodSarc/all_processed/overly-sarcastic-podcast__ospod-episode-66/ospod-episode-66_104.mp3
66_106,66,And the character designs are fantastic as well. Everyone's pretty. They do such a good job.,0,/Users/minjoolee/Downloads/MUStARD/PodSarc/all_processed/overly-sarcastic-podcast__ospod-episode-66/ospod-episode-66_106.mp3
66_108,66,"When it came out, I saw a lot of people saying that it was reminding them of Spider-Verse by which they meant it was good 3D animation because it does not look anything like Spider-Verse. This is the same thing that happened with, with Mitchell's Versus the Machines and with Puss in Boots The Last Wish. People are like, wow, Spider-Verse vibes. It's like, it's just good 3D animation. You're just not used to seeing it because this art form is so new.",1,/Users/minjoolee/Downloads/MUStARD/PodSarc/all_processed/overly-sarcastic-podcast__ospod-episode-66/ospod-episode-66_108.mp3
66_109,66,"Me, a Spider-Verse fan, seeing my second good animated movie, getting a lot of Spider-Verse vibes from this.",1,/Users/minjoolee/Downloads/MUStARD/PodSarc/all_processed/overly-sarcastic-podcast__ospod-episode-66/ospod-episode-66_109.mp3
66_114,66,The problem is league characters from the games are so over designed.,1,/Users/minjoolee/Downloads/MUStARD/PodSarc/all_processed/overly-sarcastic-podcast__ospod-episode-66/ospod-episode-66_114.mp3
66_115,66,"And they all look really weird. Vi, in her original version, has like three different hairstyles, all clipping through each other.",1,/Users/minjoolee/Downloads/MUStARD/PodSarc/all_processed/overly-sarcastic-podcast__ospod-episode-66/ospod-episode-66_115.mp3
66_116,66,"It's bad. Uh, and so, I, I think, I don't remember exactly the context in which I sent you this message, but I believe I said that Vi's design really benefited from the touch of a lesbian. Uh, and then I had to reconsider my phrasing on that, but I came out correct. Season two spoilers.",1,/Users/minjoolee/Downloads/MUStARD/PodSarc/all_processed/overly-sarcastic-podcast__ospod-episode-66/ospod-episode-66_116.mp3
66_117,66,"But legitimately, you look at that, and it's like, wow, this was a character that was designed by a woman who likes women. Yeah. Okay, cool, yeah, that tracks, yeah, I like it.",1,/Users/minjoolee/Downloads/MUStARD/PodSarc/all_processed/overly-sarcastic-podcast__ospod-episode-66/ospod-episode-66_117.mp3
66_122,66,"Ah, everybody should read those books as well, but also watch Arcane, yes. Oh, man.",0,/Users/minjoolee/Downloads/MUStARD/PodSarc/all_processed/overly-sarcastic-podcast__ospod-episode-66/ospod-episode-66_122.mp3
66_123,66,"So, I, uh, I, I guess I'm glad I got to the party late enough that I don't have that long of a wait until the next season.",1,/Users/minjoolee/Downloads/MUStARD/PodSarc/all_processed/overly-sarcastic-podcast__ospod-episode-66/ospod-episode-66_123.mp3
66_127,66,"Yes, I've been, um, on hiatus for the past several months, but, uh, you caught me at a very good time because, uh, this, this episode's coming out on Wednesday, and if I don't have this video out, uh, when I say that it is out, I, I do need to kick myself. But theoretically, I have a new video out now.",1,/Users/minjoolee/Downloads/MUStARD/PodSarc/all_processed/overly-sarcastic-podcast__ospod-episode-66/ospod-episode-66_127.mp3
66_129,66,"Oh, that sounds fascinating. Yeah. What, what led you to that? Because I know there's kind of always, uh,",1,/Users/minjoolee/Downloads/MUStARD/PodSarc/all_processed/overly-sarcastic-podcast__ospod-episode-66/ospod-episode-66_129.mp3
66_136,66,"I hope you enjoy. Yeah, I'm excited, especially because obviously in the last like month or two, the subject of AI has gotten, I mean, I really don't think we should be calling it that at this point. I feel like there's a whole space of like,",1,/Users/minjoolee/Downloads/MUStARD/PodSarc/all_processed/overly-sarcastic-podcast__ospod-episode-66/ospod-episode-66_136.mp3
66_141,66,"Exactly, cause it's all the same, you know, if you get something that can pass for human enough that our brain's like, oh, that's a person, a person that may be struggling to communicate, but a person. Right. We are going to read into everything as though it has a motivation behind it, even if there isn't one, which is why chat bots have existed since like the nineties. Like, Smarter Child was one of the original",0,/Users/minjoolee/Downloads/MUStARD/PodSarc/all_processed/overly-sarcastic-podcast__ospod-episode-66/ospod-episode-66_141.mp3
66_142,66,"Yeah. Cleverbot after that. Cleverbot, yeah, that was a, oh boy. I like the part of Cleverbot.",0,/Users/minjoolee/Downloads/MUStARD/PodSarc/all_processed/overly-sarcastic-podcast__ospod-episode-66/ospod-episode-66_142.mp3
66_143,66,"I like the part of Cleverbot where it couldn't pronounce its own name, so it called itself Cleverbit.",0,/Users/minjoolee/Downloads/MUStARD/PodSarc/all_processed/overly-sarcastic-podcast__ospod-episode-66/ospod-episode-66_143.mp3
66_147,66,do chatbots instead because they're infinitely easier to make and people are.,0,/Users/minjoolee/Downloads/MUStARD/PodSarc/all_processed/overly-sarcastic-podcast__ospod-episode-66/ospod-episode-66_147.mp3
66_149,66,"Yeah, but that's the thing, you know, we, we love doing this and we've been growing up on, yeah, it's just how we, we fucking read personalities into car headlights and then we're like, Oh my God, this computer chat bot that's specifically trained to,",1,/Users/minjoolee/Downloads/MUStARD/PodSarc/all_processed/overly-sarcastic-podcast__ospod-episode-66/ospod-episode-66_149.mp3
66_150,66,speak words like people do is convincing me that it's a person for five minute intervals before it says something that contradicts itself or is factually false. It's just like.,1,/Users/minjoolee/Downloads/MUStARD/PodSarc/all_processed/overly-sarcastic-podcast__ospod-episode-66/ospod-episode-66_150.mp3
66_151,66,Right. I'm going to be doing a podcast. I'm excited.,0,/Users/minjoolee/Downloads/MUStARD/PodSarc/all_processed/overly-sarcastic-podcast__ospod-episode-66/ospod-episode-66_151.mp3
66_154,66,"zombie. It just felt nice to take a break from it for a little bit, but. Yeah.",0,/Users/minjoolee/Downloads/MUStARD/PodSarc/all_processed/overly-sarcastic-podcast__ospod-episode-66/ospod-episode-66_154.mp3
66_158,66,"Yeah, we're definitely happy to have your videos coming back, but we definitely respect the choice to just be like, taking a break, just doing my thing over here, out in the corner, off of YouTube, and then when I come back, I come back. Mad respect.",1,/Users/minjoolee/Downloads/MUStARD/PodSarc/all_processed/overly-sarcastic-podcast__ospod-episode-66/ospod-episode-66_158.mp3
66_162,66,"Yeah, little oases, exactly. It was like I was on the open ocean, and then when I got back to land, I'd hear tales from civilization and stuff like that. Um, I mean, I'd check what time it was though, but like, yeah.",1,/Users/minjoolee/Downloads/MUStARD/PodSarc/all_processed/overly-sarcastic-podcast__ospod-episode-66/ospod-episode-66_162.mp3
66_164,66,"Everyone's asleep, and then, at like two in the afternoon, it's like, okay, now the rest of the world wakes up.",0,/Users/minjoolee/Downloads/MUStARD/PodSarc/all_processed/overly-sarcastic-podcast__ospod-episode-66/ospod-episode-66_164.mp3
66_170,66,"This was, like, last year, I think Facebook's whole thing went down for about a day, because their security measures are on there. Instagram, WhatsApp, Facebook. Yeah, so everything Facebook owned just died that day, and I didn't really notice it was happening until I got an actual text from Blue. Yeah, it was like, what the heck?",1,/Users/minjoolee/Downloads/MUStARD/PodSarc/all_processed/overly-sarcastic-podcast__ospod-episode-66/ospod-episode-66_170.mp3
66_174,66,"Yeah. But yeah. But it was kind of nice to be doing it on purpose. So, um. So, uh, thank you.",0,/Users/minjoolee/Downloads/MUStARD/PodSarc/all_processed/overly-sarcastic-podcast__ospod-episode-66/ospod-episode-66_174.mp3
66_175,66,"So, uh, thank you, Sarah, for letting us usurp the last little bit of your session to talk about digital communications. But that was fun.",1,/Users/minjoolee/Downloads/MUStARD/PodSarc/all_processed/overly-sarcastic-podcast__ospod-episode-66/ospod-episode-66_175.mp3
66_177,66,Yeah. Yeah. Yeah.,0,/Users/minjoolee/Downloads/MUStARD/PodSarc/all_processed/overly-sarcastic-podcast__ospod-episode-66/ospod-episode-66_177.mp3
66_185,66,"Yeah, I've got my newest video coming out. Um, my merch link is in the description to all my videos. That's over on standard. You can get, uh, the respect women juice mug. You can get one that says young, dumb, and full of libel because of that one time Andrew Hussey sent me a legal threat. There is, um, Oh, there is, um, trials and trebuchets. That's the D and D podcast that I do with my friends. We play, uh, for young adults at a mysterious magical school. That's a great one. Check it out if you like it. Um, and.",0,/Users/minjoolee/Downloads/MUStARD/PodSarc/all_processed/overly-sarcastic-podcast__ospod-episode-66/ospod-episode-66_185.mp3
66_193,66,"Yeah, yeah. Yeah, I think the fae just has to bribe me with experience because, like, I mean, the, the thing I always hate in those, like, you go on a magical quest are those ones where at the end, the main character just forgets that the whole thing ever happened and they learn nothing. I hate that trope. And so I feel like if, if someone came to me and was like, magic is real. Nobody, you know, has ever heard of this. You need to do a task for me. I'm like, Oh, you're going to erase my memory. No, we're not doing that.",1,/Users/minjoolee/Downloads/MUStARD/PodSarc/all_processed/overly-sarcastic-podcast__ospod-episode-66/ospod-episode-66_193.mp3
66_194,66,"It's like, you can, you can experience the joy of this world and get to keep it. I'm like, that is enough for me. I'll take it.",0,/Users/minjoolee/Downloads/MUStARD/PodSarc/all_processed/overly-sarcastic-podcast__ospod-episode-66/ospod-episode-66_194.mp3
66_200,66,"But yeah, wild adventures in Fairyland and maybe like a cool magic sword or something. Oh, that's a good one. Being able to fly, that would be cool.",0,/Users/minjoolee/Downloads/MUStARD/PodSarc/all_processed/overly-sarcastic-podcast__ospod-episode-66/ospod-episode-66_200.mp3
66_204,66,"Yeah, you, you pop the little gem off the pommel and there's just a corkscrew. Yeah.",1,/Users/minjoolee/Downloads/MUStARD/PodSarc/all_processed/overly-sarcastic-podcast__ospod-episode-66/ospod-episode-66_204.mp3
66_205,66,"Or it's like, like a scabbard and a handle and then whatever I need, I just pull out the scabbard and it's the right sword to match.",1,/Users/minjoolee/Downloads/MUStARD/PodSarc/all_processed/overly-sarcastic-podcast__ospod-episode-66/ospod-episode-66_205.mp3
66_206,66,"Oh, that would be so cool. That's cool inspiration, actually. Blue. Clever. Red. That one's free.",0,/Users/minjoolee/Downloads/MUStARD/PodSarc/all_processed/overly-sarcastic-podcast__ospod-episode-66/ospod-episode-66_206.mp3
66_208,66,"Oh, thank you, thank you. I'll need to fucking figure out. Actually, I can probably work that into the character I have with a shapeshifting sword already. But thank you, yes, that's good.",0,/Users/minjoolee/Downloads/MUStARD/PodSarc/all_processed/overly-sarcastic-podcast__ospod-episode-66/ospod-episode-66_208.mp3
66_210,66,It's every year Daniel Craig goes out to some fuckin' new place to fuck around.,0,/Users/minjoolee/Downloads/MUStARD/PodSarc/all_processed/overly-sarcastic-podcast__ospod-episode-66/ospod-episode-66_210.mp3
66_214,66,I think it's just such a treat for everyone who's mostly grown up watching him as James Bond to actually let it like see him as a character with an actual personality who's like a nice person.,1,/Users/minjoolee/Downloads/MUStARD/PodSarc/all_processed/overly-sarcastic-podcast__ospod-episode-66/ospod-episode-66_214.mp3
66_219,66,"Oh, no, sorry. Aurora is the comic I work on. Oh, see, I assumed.",0,/Users/minjoolee/Downloads/MUStARD/PodSarc/all_processed/overly-sarcastic-podcast__ospod-episode-66/ospod-episode-66_219.mp3
66_220,66,"No, no, no, that's absolutely correct. Uh, it's got big D and D energy, but, uh, yeah.",0,/Users/minjoolee/Downloads/MUStARD/PodSarc/all_processed/overly-sarcastic-podcast__ospod-episode-66/ospod-episode-66_220.mp3
66_221,66,"Ooh, I know what I'm asking the faith for. Oh yes, yeah. Magical planner that always has everyone's schedules perfectly aligned for D&D sessions specifically. Yes!",1,/Users/minjoolee/Downloads/MUStARD/PodSarc/all_processed/overly-sarcastic-podcast__ospod-episode-66/ospod-episode-66_221.mp3
66_225,66,"Yeah, yeah, yeah. Well worth it.",0,/Users/minjoolee/Downloads/MUStARD/PodSarc/all_processed/overly-sarcastic-podcast__ospod-episode-66/ospod-episode-66_225.mp3
66_227,66,I bought one of those handles that smells like a ye olde tavern.,1,/Users/minjoolee/Downloads/MUStARD/PodSarc/all_processed/overly-sarcastic-podcast__ospod-episode-66/ospod-episode-66_227.mp3
66_228,66,"And they loaned me this cool puzzle box for our Call of Cthulhu campaign, but maybe we shouldn't use that.",1,/Users/minjoolee/Downloads/MUStARD/PodSarc/all_processed/overly-sarcastic-podcast__ospod-episode-66/ospod-episode-66_228.mp3
66_230,66,"Yeah, yeah, not a bad thing to wish for.",0,/Users/minjoolee/Downloads/MUStARD/PodSarc/all_processed/overly-sarcastic-podcast__ospod-episode-66/ospod-episode-66_230.mp3
66_231,66,"You'd think we'd be more genre savvy about it, but I think we all read those fairy stories and we're like, hell yeah!",1,/Users/minjoolee/Downloads/MUStARD/PodSarc/all_processed/overly-sarcastic-podcast__ospod-episode-66/ospod-episode-66_231.mp3
66_238,66,"No, yeah, yeah, yeah, that's fair. Uh, it was, yeah, I mean.",0,/Users/minjoolee/Downloads/MUStARD/PodSarc/all_processed/overly-sarcastic-podcast__ospod-episode-66/ospod-episode-66_238.mp3
66_239,66,"It wasn't the worst thing I've ever done. It was one week. Uh, and basically I got strong armed into it by somebody I knew in college. Cause she was like, we need a team of five.",1,/Users/minjoolee/Downloads/MUStARD/PodSarc/all_processed/overly-sarcastic-podcast__ospod-episode-66/ospod-episode-66_239.mp3
66_242,66,"Um, and I wasn't good at it, because it's a hard, annoying game. And once you start losing, you keep losing. And then people yell at you about it for some reason. So, I understand that they've updated the lore a bit since then.",1,/Users/minjoolee/Downloads/MUStARD/PodSarc/all_processed/overly-sarcastic-podcast__ospod-episode-66/ospod-episode-66_242.mp3
66_247,66,"first expo, like, ever?",0,/Users/minjoolee/Downloads/MUStARD/PodSarc/all_processed/overly-sarcastic-podcast__ospod-episode-66/ospod-episode-66_247.mp3
66_250,66,that the teachers couldn't see,1,/Users/minjoolee/Downloads/MUStARD/PodSarc/all_processed/overly-sarcastic-podcast__ospod-episode-66/ospod-episode-66_250.mp3
66_254,66,"Oh, yeah, that would do it. Uh, somebody did the, uh, the color inversion shortcut that used to be on Mac desktops and somebody else did the, um, uh,",0,/Users/minjoolee/Downloads/MUStARD/PodSarc/all_processed/overly-sarcastic-podcast__ospod-episode-66/ospod-episode-66_254.mp3
66_258,66,"which is not a good game, but boy was it fun. I think one of my earliest, like, recognizable interactions with the internet was playing Helly Attack 3 on Miniclip. I loved that game.",1,/Users/minjoolee/Downloads/MUStARD/PodSarc/all_processed/overly-sarcastic-podcast__ospod-episode-66/ospod-episode-66_258.mp3
66_260,66,the good times. Yeah.,0,/Users/minjoolee/Downloads/MUStARD/PodSarc/all_processed/overly-sarcastic-podcast__ospod-episode-66/ospod-episode-66_260.mp3
66_270,66,Okay. The fact that we were just talking about old internet and then I heard pancakes or waffles means unfortunately I do have the song in my head now. Of course. Yeah.,1,/Users/minjoolee/Downloads/MUStARD/PodSarc/all_processed/overly-sarcastic-podcast__ospod-episode-66/ospod-episode-66_270.mp3
66_273,66,I think one way to say it is that the worst pancake is a lot worse than the worst waffle.,0,/Users/minjoolee/Downloads/MUStARD/PodSarc/all_processed/overly-sarcastic-podcast__ospod-episode-66/ospod-episode-66_273.mp3
66_277,66,"Yeah, I think pa-waffles are more consistent. I feel like pancakes have higher highs and lower lows.",0,/Users/minjoolee/Downloads/MUStARD/PodSarc/all_processed/overly-sarcastic-podcast__ospod-episode-66/ospod-episode-66_277.mp3
66_280,66,"Also, yeah, if, if I'm making them at home, just in terms of the mess, it's so much easier to clean up after making pancakes than it is after making waffles, because like waffle makers are categorically impossible to clean. Specialized equipment is a new challenge.",0,/Users/minjoolee/Downloads/MUStARD/PodSarc/all_processed/overly-sarcastic-podcast__ospod-episode-66/ospod-episode-66_280.mp3
66_283,66,"Yeah. Oh, I love that. I've done every color, though, is the thing. I've done every hair color, like, at least some point in my life. And so I, I now watch for nothing.",1,/Users/minjoolee/Downloads/MUStARD/PodSarc/all_processed/overly-sarcastic-podcast__ospod-episode-66/ospod-episode-66_283.mp3
66_288,66,Because it takes a ton of work to get hair that bright. It's like.,0,/Users/minjoolee/Downloads/MUStARD/PodSarc/all_processed/overly-sarcastic-podcast__ospod-episode-66/ospod-episode-66_288.mp3
66_291,66,"And I was looking into this, not because I actually wanted to do it.",0,/Users/minjoolee/Downloads/MUStARD/PodSarc/all_processed/overly-sarcastic-podcast__ospod-episode-66/ospod-episode-66_291.mp3
66_294,66,"Blowing silver locks from the sonic stuff. No, I'd be somebody cool, likes to show no.",1,/Users/minjoolee/Downloads/MUStARD/PodSarc/all_processed/overly-sarcastic-podcast__ospod-episode-66/ospod-episode-66_294.mp3
66_295,66,"One white haired anime boy goes hand in hand with one white haired anime. I don't know, is he a hedgehog or something? He's a, yes, he's a hedgehog. I didn't get that.",1,/Users/minjoolee/Downloads/MUStARD/PodSarc/all_processed/overly-sarcastic-podcast__ospod-episode-66/ospod-episode-66_295.mp3
66_298,66,"I would probably either go like some variety of a dark blue or like a silver or white. Yeah, right.",0,/Users/minjoolee/Downloads/MUStARD/PodSarc/all_processed/overly-sarcastic-podcast__ospod-episode-66/ospod-episode-66_298.mp3
66_300,66,"Yeah, my dad has had pretty much white hair as long as I remember. I'm like, oh, that's a good look.",1,/Users/minjoolee/Downloads/MUStARD/PodSarc/all_processed/overly-sarcastic-podcast__ospod-episode-66/ospod-episode-66_300.mp3
66_302,66,"But, uh, now I think, like, the most I can see myself doing is giving myself, like, the Claire Staffett's white streak in the front, just to really, you know, be full rogue from X-Men, you know?",1,/Users/minjoolee/Downloads/MUStARD/PodSarc/all_processed/overly-sarcastic-podcast__ospod-episode-66/ospod-episode-66_302.mp3
66_303,66,"Oh, that was another thing I wanted.",0,/Users/minjoolee/Downloads/MUStARD/PodSarc/all_processed/overly-sarcastic-podcast__ospod-episode-66/ospod-episode-66_303.mp3
66_307,66,"The one thing that annoys me is Yu-Gi-Oh hair, because none of it makes any fucking sense. It's not how hair works. It's like a helmet.",1,/Users/minjoolee/Downloads/MUStARD/PodSarc/all_processed/overly-sarcastic-podcast__ospod-episode-66/ospod-episode-66_307.mp3
66_312,66,Yeah. Problematic. Smear. I hate that word.,0,/Users/minjoolee/Downloads/MUStARD/PodSarc/all_processed/overly-sarcastic-podcast__ospod-episode-66/ospod-episode-66_312.mp3
66_316,66,"Cause there's all the, like, every, you know, few months the internet gets a word that it just appropriates from somewhere and decides to run into the ground. And it's like, there's no point in putting it in jail, people are gonna stop using it in two months anyway.",1,/Users/minjoolee/Downloads/MUStARD/PodSarc/all_processed/overly-sarcastic-podcast__ospod-episode-66/ospod-episode-66_316.mp3
66_317,66,"Unhinged, gone. Feral, gone.",1,/Users/minjoolee/Downloads/MUStARD/PodSarc/all_processed/overly-sarcastic-podcast__ospod-episode-66/ospod-episode-66_317.mp3
66_318,66,"I might want Corgon, frankly. I feel like it gets attached to so many things. Well, if we get to kill a suffix, that's a much more powerful move.",1,/Users/minjoolee/Downloads/MUStARD/PodSarc/all_processed/overly-sarcastic-podcast__ospod-episode-66/ospod-episode-66_318.mp3
66_319,66,I need to pull up a whole dictionary and walk through this.,1,/Users/minjoolee/Downloads/MUStARD/PodSarc/all_processed/overly-sarcastic-podcast__ospod-episode-66/ospod-episode-66_319.mp3
66_320,66,"Yeah, yeah, yeah, yeah.",0,/Users/minjoolee/Downloads/MUStARD/PodSarc/all_processed/overly-sarcastic-podcast__ospod-episode-66/ospod-episode-66_320.mp3
66_327,66,"Yeah, the word she was trying to say was water, but, you know. Gotcha. Yeah.",0,/Users/minjoolee/Downloads/MUStARD/PodSarc/all_processed/overly-sarcastic-podcast__ospod-episode-66/ospod-episode-66_327.mp3
66_328,66,"Yeah, this is why, blue. Oh, man. Refreshing glass of water.",0,/Users/minjoolee/Downloads/MUStARD/PodSarc/all_processed/overly-sarcastic-podcast__ospod-episode-66/ospod-episode-66_328.mp3
66_334,66,"It's, it's, it's the fucking, it's over the garden wall. It's just that, aw, beans. Where is that frog of mine? My fiance?",0,/Users/minjoolee/Downloads/MUStARD/PodSarc/all_processed/overly-sarcastic-podcast__ospod-episode-66/ospod-episode-66_334.mp3
66_338,66,"Heck is so sweet. It's just so, so like truncated and cute.",0,/Users/minjoolee/Downloads/MUStARD/PodSarc/all_processed/overly-sarcastic-podcast__ospod-episode-66/ospod-episode-66_338.mp3
66_339,66,"I mean, I also just yell fuck a lot. Like, let's not be so cutesy about this. Yeah.",1,/Users/minjoolee/Downloads/MUStARD/PodSarc/all_processed/overly-sarcastic-podcast__ospod-episode-66/ospod-episode-66_339.mp3
66_342,66,"It's like an, it's fucking operatic at that point. It's a layer case of fuck.",1,/Users/minjoolee/Downloads/MUStARD/PodSarc/all_processed/overly-sarcastic-podcast__ospod-episode-66/ospod-episode-66_342.mp3
66_346,66,"That's just the one I don't like yelling around my parents. Like, all the other swear words I know that they're cool with.",0,/Users/minjoolee/Downloads/MUStARD/PodSarc/all_processed/overly-sarcastic-podcast__ospod-episode-66/ospod-episode-66_346.mp3
66_349,66,"I'm a big fan. Yeah. Pretty cool. I'm starting to become warmer out here. Finally. I'm starting to see them again. Uh, outside of the geese, which frightened me. It's very nice to see nature back in stride. Honestly.",1,/Users/minjoolee/Downloads/MUStARD/PodSarc/all_processed/overly-sarcastic-podcast__ospod-episode-66/ospod-episode-66_349.mp3
66_355,66,They are citizens. Why do you think the population is so big?,1,/Users/minjoolee/Downloads/MUStARD/PodSarc/all_processed/overly-sarcastic-podcast__ospod-episode-66/ospod-episode-66_355.mp3
66_356,66,"I mean, I love it when I'm just like waiting at a crosswalk and there's a pigeon also waiting at the crosswalk.",1,/Users/minjoolee/Downloads/MUStARD/PodSarc/all_processed/overly-sarcastic-podcast__ospod-episode-66/ospod-episode-66_356.mp3
66_360,66,"Sandpipery dudes at the beach, you like run up to the water, like, do, do, do, do, do, do, do, do. Then they go, po, po, po, po, po, po, po, po. And then the waves come in and they're like, do, do, do, do, do away. I think they're so great. They never get wet. Oh, man.",0,/Users/minjoolee/Downloads/MUStARD/PodSarc/all_processed/overly-sarcastic-podcast__ospod-episode-66/ospod-episode-66_360.mp3
66_372,66,"Oh, man. This is my other life. I know, right?",0,/Users/minjoolee/Downloads/MUStARD/PodSarc/all_processed/overly-sarcastic-podcast__ospod-episode-66/ospod-episode-66_372.mp3
66_373,66,"This is my other life. I know, right? One day. God.",0,/Users/minjoolee/Downloads/MUStARD/PodSarc/all_processed/overly-sarcastic-podcast__ospod-episode-66/ospod-episode-66_373.mp3
66_378,66,"Oh, owl with giant glasses. Oh, so it's like, it's got the big, like, circle eyes and then bigger glasses on top of it. That's good.",1,/Users/minjoolee/Downloads/MUStARD/PodSarc/all_processed/overly-sarcastic-podcast__ospod-episode-66/ospod-episode-66_378.mp3
66_381,66,"But I wanted to be able to talk, but it almost never does. And like, when it does.",0,/Users/minjoolee/Downloads/MUStARD/PodSarc/all_processed/overly-sarcastic-podcast__ospod-episode-66/ospod-episode-66_381.mp3
66_382,66,I literally want a completely normal.,1,/Users/minjoolee/Downloads/MUStARD/PodSarc/all_processed/overly-sarcastic-podcast__ospod-episode-66/ospod-episode-66_382.mp3
66_385,66,"Yeah, yeah, yeah.",0,/Users/minjoolee/Downloads/MUStARD/PodSarc/all_processed/overly-sarcastic-podcast__ospod-episode-66/ospod-episode-66_385.mp3
66_386,66,"Like, it's my lizard, but he's played by, like, Patrick Stewart, but he's just playing a lizard. Like, there's no human English.",1,/Users/minjoolee/Downloads/MUStARD/PodSarc/all_processed/overly-sarcastic-podcast__ospod-episode-66/ospod-episode-66_386.mp3
66_388,66,"I would love for my owl to be voiced by Nolan North, who has one of the most just distinctive person voices out there.",1,/Users/minjoolee/Downloads/MUStARD/PodSarc/all_processed/overly-sarcastic-podcast__ospod-episode-66/ospod-episode-66_388.mp3
66_390,66,"Yeah, he's like in the short list of generic hero voice guys too. Yeah. Like he's voiced Superman on multiple occasions.",1,/Users/minjoolee/Downloads/MUStARD/PodSarc/all_processed/overly-sarcastic-podcast__ospod-episode-66/ospod-episode-66_390.mp3
66_391,66,"Cause then, like, the owl thinks that I'm the familiar, cause he's got the hero voice, and I don't.",1,/Users/minjoolee/Downloads/MUStARD/PodSarc/all_processed/overly-sarcastic-podcast__ospod-episode-66/ospod-episode-66_391.mp3
66_398,66,"They're like, we need to be able to see that she has a face. I'm like, I can't guarantee you that that can happen.",1,/Users/minjoolee/Downloads/MUStARD/PodSarc/all_processed/overly-sarcastic-podcast__ospod-episode-66/ospod-episode-66_398.mp3
66_404,66,"I think the thing is like, with Dragonology, my brain was like, just aware enough to be like, this is fiction. That's okay. This is fiction. And then I think like the thing is when I was looking at wizardology and it was like, do this real magic spell. I was like, I can't expose myself to this. I, a child, know that I will not handle this healthily. Yeah. Yeah.",1,/Users/minjoolee/Downloads/MUStARD/PodSarc/all_processed/overly-sarcastic-podcast__ospod-episode-66/ospod-episode-66_404.mp3
66_407,66," Yeah, yeah.",0,/Users/minjoolee/Downloads/MUStARD/PodSarc/all_processed/overly-sarcastic-podcast__ospod-episode-66/ospod-episode-66_407.mp3
66_408,66,That's one of the things I miss the most from working on film sets is no one ever hands me a walkie talkie anymore in real life and tells me to use it.,0,/Users/minjoolee/Downloads/MUStARD/PodSarc/all_processed/overly-sarcastic-podcast__ospod-episode-66/ospod-episode-66_408.mp3
66_413,66,"That reminds me of like the golden age of Think Eek, where they were selling stuff like that. That's nostalgic.",0,/Users/minjoolee/Downloads/MUStARD/PodSarc/all_processed/overly-sarcastic-podcast__ospod-episode-66/ospod-episode-66_413.mp3
66_417,66,"Two weeks? Yes. Cause this is a regular episode, just for the guest. Uh, we'll be back in two weeks with another episode of the Overly Sarcastic Podcast, uh, about the two videos that are going to go up on the next couple Fridays. Cause that's when we upload and that's how that works. Um, and of course, Sarah, you have new stuff coming out, which is very exciting. Yeah, absolutely. So that is.",0,/Users/minjoolee/Downloads/MUStARD/PodSarc/all_processed/overly-sarcastic-podcast__ospod-episode-66/ospod-episode-66_417.mp3
66_419,66,Yes. I made that Google mistake once before.,0,/Users/minjoolee/Downloads/MUStARD/PodSarc/all_processed/overly-sarcastic-podcast__ospod-episode-66/ospod-episode-66_419.mp3
66_420,66,"Think, oh, yes, uh, pins. We still have pins going on. So if you, if you've managed to miss them or you want to just bulk order a bunch at once to avoid shipping costs, now's a good time to do that.",0,/Users/minjoolee/Downloads/MUStARD/PodSarc/all_processed/overly-sarcastic-podcast__ospod-episode-66/ospod-episode-66_420.mp3
66_421,66,"Other than that, they'll be back at the end of the year, but. Yeah, we'll have them back at the end of the year.",0,/Users/minjoolee/Downloads/MUStARD/PodSarc/all_processed/overly-sarcastic-podcast__ospod-episode-66/ospod-episode-66_421.mp3
66_424,66,Thank you. That's so much fun. Yeah. And this has been an overly sarcastic podcast. Bye everybody. Bye.,0,/Users/minjoolee/Downloads/MUStARD/PodSarc/all_processed/overly-sarcastic-podcast__ospod-episode-66/ospod-episode-66_424.mp3
67_9,67,And the only thing that the TSA kept flagging was the cocoa mix because it was a metal canister full of powder. So.,0,/Users/minjoolee/Downloads/MUStARD/PodSarc/all_processed/overly-sarcastic-podcast__ospod-episode-67/ospod-episode-67_9.mp3
67_10,67,"Yeah, they pulled it out three separate times. But I got it. They didn't confiscate it.",0,/Users/minjoolee/Downloads/MUStARD/PodSarc/all_processed/overly-sarcastic-podcast__ospod-episode-67/ospod-episode-67_10.mp3
67_14,67,"Maybe if, uh, if some people in the offices didn't quite communicate it, accidentally send it out earlier.",1,/Users/minjoolee/Downloads/MUStARD/PodSarc/all_processed/overly-sarcastic-podcast__ospod-episode-67/ospod-episode-67_14.mp3
67_15,67,"Oh, yeah.",0,/Users/minjoolee/Downloads/MUStARD/PodSarc/all_processed/overly-sarcastic-podcast__ospod-episode-67/ospod-episode-67_15.mp3
67_16,67,"I was awake and working when that happened. And it was like, Ooh, well, he's not going to be awake for a while. I'll just message him anyway, just in case.",0,/Users/minjoolee/Downloads/MUStARD/PodSarc/all_processed/overly-sarcastic-podcast__ospod-episode-67/ospod-episode-67_16.mp3
67_21,67,"And we had a panel that we mentioned before in previous episodes, but that panel has finally gone up on the channel as a detail diatribe. And, uh, I am, I'm pretty pleased with the fact that everybody gets to see it now, because obviously we had a huge audience. It was like almost a thousand people there in the room.",0,/Users/minjoolee/Downloads/MUStARD/PodSarc/all_processed/overly-sarcastic-podcast__ospod-episode-67/ospod-episode-67_21.mp3
67_23,67,"And it's packs on a Thursday too, so you know they weren't expecting that.",0,/Users/minjoolee/Downloads/MUStARD/PodSarc/all_processed/overly-sarcastic-podcast__ospod-episode-67/ospod-episode-67_23.mp3
67_35,67,A good time. I'm glad we did actually have one person who works at a AAA studio.,0,/Users/minjoolee/Downloads/MUStARD/PodSarc/all_processed/overly-sarcastic-podcast__ospod-episode-67/ospod-episode-67_35.mp3
67_37,67,"Um, I'm glad we were able to, to crack that joke. Cause we had, we had a couple different versions of like, like what, what the joke is, depending on, on how many people or, or how none people, uh, there were in that scenario. So it was a good time.",1,/Users/minjoolee/Downloads/MUStARD/PodSarc/all_processed/overly-sarcastic-podcast__ospod-episode-67/ospod-episode-67_37.mp3
67_40,67,"I had to actually pause for laughter for the first time ever. I'm like, oh, wait.",0,/Users/minjoolee/Downloads/MUStARD/PodSarc/all_processed/overly-sarcastic-podcast__ospod-episode-67/ospod-episode-67_40.mp3
67_42,67,"Oh boy. Yeah, no, it's, it's definitely a lot of fun. And, um.",0,/Users/minjoolee/Downloads/MUStARD/PodSarc/all_processed/overly-sarcastic-podcast__ospod-episode-67/ospod-episode-67_42.mp3
67_46,67,"talk to a lot of just, you know, normal people, um, who are, are real life and not just comments on a video, which really.",0,/Users/minjoolee/Downloads/MUStARD/PodSarc/all_processed/overly-sarcastic-podcast__ospod-episode-67/ospod-episode-67_46.mp3
67_47,67,"makes it make sense, you know, like, like, oh, like, this is actually our audience here in real life. I never get to see you guys. Um, so that was a real, uh, a real treat. Some real, real fun interactions, uh, fun stories that people told.",0,/Users/minjoolee/Downloads/MUStARD/PodSarc/all_processed/overly-sarcastic-podcast__ospod-episode-67/ospod-episode-67_47.mp3
67_50,67,"Say already, because the, the benefit of the Detail Diatribes is they are pretty thorough.",0,/Users/minjoolee/Downloads/MUStARD/PodSarc/all_processed/overly-sarcastic-podcast__ospod-episode-67/ospod-episode-67_50.mp3
67_54,67,"It's the late Mediterranean in me. So I was like, well, I gotta find a way to put this in. And then I had to wrestle with the in-lore implications of like, if I have us on screen.",0,/Users/minjoolee/Downloads/MUStARD/PodSarc/all_processed/overly-sarcastic-podcast__ospod-episode-67/ospod-episode-67_54.mp3
67_55,67,"do, we also have the little plushies, because then we're doubled up, and then it's like, eh, so I managed to confuse myself into like, eh, nevermind, um.",0,/Users/minjoolee/Downloads/MUStARD/PodSarc/all_processed/overly-sarcastic-podcast__ospod-episode-67/ospod-episode-67_55.mp3
67_56,67,"So the people are like, then what's all the bottom real estate of the screen doing? And I'm like, I don't know, man. I was trying to figure out a way to make it work.",1,/Users/minjoolee/Downloads/MUStARD/PodSarc/all_processed/overly-sarcastic-podcast__ospod-episode-67/ospod-episode-67_56.mp3
67_57,67,"Two projectors, and the, the whole lore of the armchair room is all busted up.",1,/Users/minjoolee/Downloads/MUStARD/PodSarc/all_processed/overly-sarcastic-podcast__ospod-episode-67/ospod-episode-67_57.mp3
67_60,67,"And then the people there were like, Oh, you know, don't worry. We record a copy of it and we'll be able to send it to you afterwards. I'm like, Oh, okay, great. So I didn't bother with recording it. And then later that night, I was like, you know, I just want to be able to have this now. I'm going to just, just like.",0,/Users/minjoolee/Downloads/MUStARD/PodSarc/all_processed/overly-sarcastic-podcast__ospod-episode-67/ospod-episode-67_60.mp3
67_62,67,"which doesn't do VODs, which is madness. Um, but I also sent an email to the, the coordinator, like, oh, you know, hey, could I, could I get this thing? And of course the person who's coordinating PAX was just absolutely mobbed. So by the time I was like getting ready to, to make the video of a few days later, I'm like,",1,/Users/minjoolee/Downloads/MUStARD/PodSarc/all_processed/overly-sarcastic-podcast__ospod-episode-67/ospod-episode-67_62.mp3
67_63,67,"I'm just going to use this version that I have right now. I'm not going to wait for the official one. And then I, they never ended up getting back to me. So, uh, cause they were just extremely busy. So I was like, okay, good, good. I, I had the right VOD. Uh, I just, I downloaded a copy before I got overwritten, ended up being fine. Um, if I wasn't paranoid, maybe we would have lost the, the footage, uh, entirely, or at least not have had it in time for, for the upload date, but, uh, a little bit of a, uh, uh,",0,/Users/minjoolee/Downloads/MUStARD/PodSarc/all_processed/overly-sarcastic-podcast__ospod-episode-67/ospod-episode-67_63.mp3
67_81,67,"What's that? And then by the end, they were like, Oh, I have so many strong opinions about this, which is ideal. It's exactly.",0,/Users/minjoolee/Downloads/MUStARD/PodSarc/all_processed/overly-sarcastic-podcast__ospod-episode-67/ospod-episode-67_81.mp3
67_86,67,"It's just like, look, I know there's other good examples, but there's really one good example.",1,/Users/minjoolee/Downloads/MUStARD/PodSarc/all_processed/overly-sarcastic-podcast__ospod-episode-67/ospod-episode-67_86.mp3
67_90,67,"to, to feel that, oh, actually, in fact, this can be used well. It is, it, the whole movie is a repudie, no, that's the refute, repudiate. I feel like repudiation.",0,/Users/minjoolee/Downloads/MUStARD/PodSarc/all_processed/overly-sarcastic-podcast__ospod-episode-67/ospod-episode-67_90.mp3
67_97,67,That's right. I forgot about that.,0,/Users/minjoolee/Downloads/MUStARD/PodSarc/all_processed/overly-sarcastic-podcast__ospod-episode-67/ospod-episode-67_97.mp3
67_100,67,"Thor 2 is bad, but it's got some good bits.",1,/Users/minjoolee/Downloads/MUStARD/PodSarc/all_processed/overly-sarcastic-podcast__ospod-episode-67/ospod-episode-67_100.mp3
67_119,67,"undercutting the severity of the scene on purpose. Um, Rocker Raccoon does that a lot with the taser face thing, but like that's after a truly horrifying scene of all the Ravagers getting fucking spaced out the airlock. And it's like, nobody's making jokes about that. Cause it's deeply haunting. Hooray. Um.",1,/Users/minjoolee/Downloads/MUStARD/PodSarc/all_processed/overly-sarcastic-podcast__ospod-episode-67/ospod-episode-67_119.mp3
67_121,67,"Yeah, that's a skill. Like, even the, the archetypical bad example of like, when they're all having their, their big moment and rockets like, look at us, bunch of jackasses standing in a circle.",0,/Users/minjoolee/Downloads/MUStARD/PodSarc/all_processed/overly-sarcastic-podcast__ospod-episode-67/ospod-episode-67_121.mp3
67_131,67,"Yeah, no, it was a really good one. As of this morning, Todd.",0,/Users/minjoolee/Downloads/MUStARD/PodSarc/all_processed/overly-sarcastic-podcast__ospod-episode-67/ospod-episode-67_131.mp3
67_135,67,"Last thing I want to throw in, uh, is more praise for the videos that I obviously, uh, every time you do a trope talk, there are different color coordinations and, and.",0,/Users/minjoolee/Downloads/MUStARD/PodSarc/all_processed/overly-sarcastic-podcast__ospod-episode-67/ospod-episode-67_135.mp3
67_137,67,"And then some guy in the audience is like, look at that idiot caring. And then the next frame, you put it into the mouth of the other guy where he becomes orange and it's like, look at this idiot for caring. That was just such a perfect encapsulation of the, the intent of the writer to just.",1,/Users/minjoolee/Downloads/MUStARD/PodSarc/all_processed/overly-sarcastic-podcast__ospod-episode-67/ospod-episode-67_137.mp3
67_139,67,"Thanks, yeah. That, I feel like there were parts of this where I wasn't entirely sure how to illustrate it, but that one I was like, no, I got it. I know exactly what's wrong here.",0,/Users/minjoolee/Downloads/MUStARD/PodSarc/all_processed/overly-sarcastic-podcast__ospod-episode-67/ospod-episode-67_139.mp3
67_141,67,"Yeah, yeah.",0,/Users/minjoolee/Downloads/MUStARD/PodSarc/all_processed/overly-sarcastic-podcast__ospod-episode-67/ospod-episode-67_141.mp3
67_148,67,"Oh, yeah, we've all seen them. We all know the rules that act a lot of the time. We've all seen it.",1,/Users/minjoolee/Downloads/MUStARD/PodSarc/all_processed/overly-sarcastic-podcast__ospod-episode-67/ospod-episode-67_148.mp3
67_150,67,"And that's the problem is whenever people on Reddit come up with flag designs is like, this looks like a company logo because they were using the five rules of flag design too much. Um, so.",0,/Users/minjoolee/Downloads/MUStARD/PodSarc/all_processed/overly-sarcastic-podcast__ospod-episode-67/ospod-episode-67_150.mp3
67_153,67,"Get in there! Yeah, you know, Mexican flag A+. Um, I,",0,/Users/minjoolee/Downloads/MUStARD/PodSarc/all_processed/overly-sarcastic-podcast__ospod-episode-67/ospod-episode-67_153.mp3
67_157,67,"too simple, be, be willing to be a little more finicky with it, like the new Utah flag. Super, super cool. Um, it's a couple different stripes, uh, some kind of like mountainy lines of beehive design. It's, it's, it's cool. I mean, it is, you know, simple-ish.",0,/Users/minjoolee/Downloads/MUStARD/PodSarc/all_processed/overly-sarcastic-podcast__ospod-episode-67/ospod-episode-67_157.mp3
67_158,67,"It's, it's just a, it's just a beehive and a hexagon with a, oh my god.",0,/Users/minjoolee/Downloads/MUStARD/PodSarc/all_processed/overly-sarcastic-podcast__ospod-episode-67/ospod-episode-67_158.mp3
67_161,67,"It's, it's honestly good design. You can clock it from a mile away. You know exactly what it is.",0,/Users/minjoolee/Downloads/MUStARD/PodSarc/all_processed/overly-sarcastic-podcast__ospod-episode-67/ospod-episode-67_161.mp3
67_173,67,"It's explicit religious symbolism. God, people are so fucking stupid.",0,/Users/minjoolee/Downloads/MUStARD/PodSarc/all_processed/overly-sarcastic-podcast__ospod-episode-67/ospod-episode-67_173.mp3
67_175,67,"Let's do it. Let's do it. I mean, props to the Utah Fly. Glad they have it.",0,/Users/minjoolee/Downloads/MUStARD/PodSarc/all_processed/overly-sarcastic-podcast__ospod-episode-67/ospod-episode-67_175.mp3
67_178,67,I don't care.,1,/Users/minjoolee/Downloads/MUStARD/PodSarc/all_processed/overly-sarcastic-podcast__ospod-episode-67/ospod-episode-67_178.mp3
67_184,67,"That's it! And, you know. Even if you get a symbol.",1,/Users/minjoolee/Downloads/MUStARD/PodSarc/all_processed/overly-sarcastic-podcast__ospod-episode-67/ospod-episode-67_184.mp3
67_195,67,"Great. Well, that question covered so much more than flags. So let's move on to another one.",1,/Users/minjoolee/Downloads/MUStARD/PodSarc/all_processed/overly-sarcastic-podcast__ospod-episode-67/ospod-episode-67_195.mp3
67_196,67,"Oh, please tell me this one also has stuff about Utah. This one. Hilarious. I picked this question because I think that the people that's directed at is incredibly funny. And then more importantly, the person who it is not directed at is even funnier. So this question comes from Sorcerer Pizza Supreme to Red and Indigo. How long have you been adult fans of Lego and how were you introduced to Lego?",1,/Users/minjoolee/Downloads/MUStARD/PodSarc/all_processed/overly-sarcastic-podcast__ospod-episode-67/ospod-episode-67_196.mp3
67_203,67,"One of me or my siblings would always get a Lego set of some kind for Christmas. And then I kind of hit college and high school and I was like, well, now I don't have a hundred bucks to spend on Legos anymore. So I guess we're not doing this. They're so expensive. I loved, it kills me because I love the Lego flowers, but I don't want my whole apartment to just be decorated with the various Lego flower sets. And also they're like minimum a hundred bucks.",0,/Users/minjoolee/Downloads/MUStARD/PodSarc/all_processed/overly-sarcastic-podcast__ospod-episode-67/ospod-episode-67_203.mp3
67_205,67,"I, I got the, um, the, the, not the fucking Deku Tree. Good God. Um, Banzai Tree. The Banzai Tree.",0,/Users/minjoolee/Downloads/MUStARD/PodSarc/all_processed/overly-sarcastic-podcast__ospod-episode-67/ospod-episode-67_205.mp3
67_207,67,"bring those to the Netherlands in 1605, make a pretty penny. Um, that's a joke about the, uh, tulip bubble, uh, in the Netherlands. Um, good God. Uh, what am I talking about? I eventually had to cut myself off from the Lego flowers because I'm like, I'll just keep buying these forever. I have to decide to be done. Um, so there are a bunch of Lego sets that are like, oh, that'd be really cool. I don't have space for it. Cool. Not, not buying it.",1,/Users/minjoolee/Downloads/MUStARD/PodSarc/all_processed/overly-sarcastic-podcast__ospod-episode-67/ospod-episode-67_207.mp3
67_214,67,"Um, yeah, but if anyone on this podcast is an adult fan of LEGO, it's 100% blue, please direct all LEGO related inquiries to him.",0,/Users/minjoolee/Downloads/MUStARD/PodSarc/all_processed/overly-sarcastic-podcast__ospod-episode-67/ospod-episode-67_214.mp3
67_216,67,"They all have different hats and arms, which is a little bit cursed.",0,/Users/minjoolee/Downloads/MUStARD/PodSarc/all_processed/overly-sarcastic-podcast__ospod-episode-67/ospod-episode-67_216.mp3
67_227,67,"I might just start doing plants at this point, honestly. Makes things easier for myself.",1,/Users/minjoolee/Downloads/MUStARD/PodSarc/all_processed/overly-sarcastic-podcast__ospod-episode-67/ospod-episode-67_227.mp3
67_234,67,"Yeah. Do their own thing. He exclusively called them fancy rats, which I've understood is just the term, but I can't really honestly tell you anything more about them than that. Um. Yeah. There's a bit of a radical there. I know what absolutely cannot under any circumstances be killed as a housewife.",1,/Users/minjoolee/Downloads/MUStARD/PodSarc/all_processed/overly-sarcastic-podcast__ospod-episode-67/ospod-episode-67_234.mp3
67_235,67,"Oh boy, terrifying. Alright, well this next question comes from Femina, Calwa, Wallons.",0,/Users/minjoolee/Downloads/MUStARD/PodSarc/all_processed/overly-sarcastic-podcast__ospod-episode-67/ospod-episode-67_235.mp3
67_241,67,"Okay, when I looked back, I saw only one set of footprints.",1,/Users/minjoolee/Downloads/MUStARD/PodSarc/all_processed/overly-sarcastic-podcast__ospod-episode-67/ospod-episode-67_241.mp3
67_242,67,"I went to a Phillies game recently and we were having a good portion of the, um, first half of the discussion from the game was just like, so the fanatic walked so Gritty could run, right? Like we're all.",1,/Users/minjoolee/Downloads/MUStARD/PodSarc/all_processed/overly-sarcastic-podcast__ospod-episode-67/ospod-episode-67_242.mp3
67_247,67,"Whereas a place that's open 24 hours, if your grad school schedule goes completely bananas and you need food at 3 a.m.",0,/Users/minjoolee/Downloads/MUStARD/PodSarc/all_processed/overly-sarcastic-podcast__ospod-episode-67/ospod-episode-67_247.mp3
67_254,67,"That kind of spatial geography, sometimes it just really does help to lock it in by.",0,/Users/minjoolee/Downloads/MUStARD/PodSarc/all_processed/overly-sarcastic-podcast__ospod-episode-67/ospod-episode-67_254.mp3
67_256,67,"I, I have no sense of direction. Uh, but I still managed to mostly get around New York city without getting lost through understanding where the grocery store was in relation to whatever apartment I was living in, et cetera.",1,/Users/minjoolee/Downloads/MUStARD/PodSarc/all_processed/overly-sarcastic-podcast__ospod-episode-67/ospod-episode-67_256.mp3
67_260,67,"And then you sort of start seeing a point where the buildings stop. You're like, okay, I know what's happening.",0,/Users/minjoolee/Downloads/MUStARD/PodSarc/all_processed/overly-sarcastic-podcast__ospod-episode-67/ospod-episode-67_260.mp3
67_262,67,"I was going to say bodies of water are very helpful for this. Um, if you live near a lake or an ocean. Navigate by the sea and the stars. Well, legitimately it is helpful to be able to be like, all right, I've hit the water. So I've gone too far in this direction or like, uh, or, or just keeping in mind which side of, you know, you know, if you have, for instance, like if you, if you live in Chicago.",1,/Users/minjoolee/Downloads/MUStARD/PodSarc/all_processed/overly-sarcastic-podcast__ospod-episode-67/ospod-episode-67_262.mp3
67_265,67,"If you're in DC, there's the Washington Monument. Yeah, that's a big help.",0,/Users/minjoolee/Downloads/MUStARD/PodSarc/all_processed/overly-sarcastic-podcast__ospod-episode-67/ospod-episode-67_265.mp3
67_266,67,"Yeah, that's a big help. Um, you can kind of see it from everywhere. So you're gonna just notice like, Oh, hey, that's that building I saw before, but it's from a different angle. Uh, and you'll be able to sort of navigate around there. Um,",1,/Users/minjoolee/Downloads/MUStARD/PodSarc/all_processed/overly-sarcastic-podcast__ospod-episode-67/ospod-episode-67_266.mp3
67_268,67,And also Google Maps exists and is hugely helpful. So I do recommend that one in doubt.,1,/Users/minjoolee/Downloads/MUStARD/PodSarc/all_processed/overly-sarcastic-podcast__ospod-episode-67/ospod-episode-67_268.mp3
67_272,67,Mm-hm.,0,/Users/minjoolee/Downloads/MUStARD/PodSarc/all_processed/overly-sarcastic-podcast__ospod-episode-67/ospod-episode-67_272.mp3
67_281,67,"Unravel the mystery that is septa's schedule. Get yourself a septa key card so that you can tap on to tap off to everything. That's, that's a game changer, actually. That's my one definite piece of advice for Philadelphia.",1,/Users/minjoolee/Downloads/MUStARD/PodSarc/all_processed/overly-sarcastic-podcast__ospod-episode-67/ospod-episode-67_281.mp3
67_290,67,"Being able to, uh, to dead reckon and find wherever I am in an unfamiliar environment was a lot more impressive before Google Maps became ubiquitous. This is like when my dad and I went like traveling and, and, you know, foreign countries, I'd be able to figure out exactly where we needed to go based on like landmarks and distances and directions. Like what we were talking about, like navigate from.",0,/Users/minjoolee/Downloads/MUStARD/PodSarc/all_processed/overly-sarcastic-podcast__ospod-episode-67/ospod-episode-67_290.mp3
67_291,67, fine.,0,/Users/minjoolee/Downloads/MUStARD/PodSarc/all_processed/overly-sarcastic-podcast__ospod-episode-67/ospod-episode-67_291.mp3
67_292,67,"That's kind of how I feel. I've been getting better at, like, reckoning direction from the stars, which is even less practical because being in a city makes that impossible because of light pollution. Um, but I think overall my most useless skill, practically speaking, is my rudimentary knowledge of Middle Egyptian, um, which I got because I, I was like, this would be cool. It'd be like Indiana Jones or anyone from the mummy. And yup, that's about as far as that goes. But I don't hang out in tombs very often. Uh, so it doesn't really do me any good.",1,/Users/minjoolee/Downloads/MUStARD/PodSarc/all_processed/overly-sarcastic-podcast__ospod-episode-67/ospod-episode-67_292.mp3
67_299,67,"This is a bar trick to make a couple bucks. Yeah, I guess. Yeah.",1,/Users/minjoolee/Downloads/MUStARD/PodSarc/all_processed/overly-sarcastic-podcast__ospod-episode-67/ospod-episode-67_299.mp3
67_325,67,"Not a spark of recognition in those eyes. Our prom happened, uh, at the Adler Planetarium in Chicago, and we had a view of fireworks, uh, so it was really nice. Truly a magical evening.",0,/Users/minjoolee/Downloads/MUStARD/PodSarc/all_processed/overly-sarcastic-podcast__ospod-episode-67/ospod-episode-67_325.mp3
67_327,67,"Yeah, right. I think we're all in the, we took someone like as a buddy kind of situation. I took six people as buddies and it was great.",1,/Users/minjoolee/Downloads/MUStARD/PodSarc/all_processed/overly-sarcastic-podcast__ospod-episode-67/ospod-episode-67_327.mp3
67_328,67,"Um, yeah, so that was, that was a good time. I think I just wore a.",0,/Users/minjoolee/Downloads/MUStARD/PodSarc/all_processed/overly-sarcastic-podcast__ospod-episode-67/ospod-episode-67_328.mp3
67_333,67,"Okay, cool.",0,/Users/minjoolee/Downloads/MUStARD/PodSarc/all_processed/overly-sarcastic-podcast__ospod-episode-67/ospod-episode-67_333.mp3
67_336,67,"Yeah, the, uh, difference in tailoring really changed everything. Cause I had got a suit for blue and science wedding. Uh, and I remember being on the website trying to order, like, I don't understand how any of this works. And then going into the, the actual store and being like, just put me in something and tell me what size it is.",0,/Users/minjoolee/Downloads/MUStARD/PodSarc/all_processed/overly-sarcastic-podcast__ospod-episode-67/ospod-episode-67_336.mp3
67_339,67,Nice. Nice.,0,/Users/minjoolee/Downloads/MUStARD/PodSarc/all_processed/overly-sarcastic-podcast__ospod-episode-67/ospod-episode-67_339.mp3
67_340,67,"Um, yeah, I do. I really liked my prom dress. It was pretty, just like a simple red dress. Uh, I just bought it from the X, Y, and Z star on early underwear. And, uh, thank God it tailored by an incredibly Italian old woman. Uh, my mom's like, we're going in here now. And I'm like, all right, this is happening. Uh, pad it. It's too small. Definitely. I've grown up.",1,/Users/minjoolee/Downloads/MUStARD/PodSarc/all_processed/overly-sarcastic-podcast__ospod-episode-67/ospod-episode-67_340.mp3
67_343,67,"Don't, don't put too much, uh, stock in, like, prom is not, uh, whether or not you get a prom date is not a reflection of your worth as a person.",0,/Users/minjoolee/Downloads/MUStARD/PodSarc/all_processed/overly-sarcastic-podcast__ospod-episode-67/ospod-episode-67_343.mp3
67_349,67,"The more chill you are about it, the better. Senior prom was a wonderful experience.",1,/Users/minjoolee/Downloads/MUStARD/PodSarc/all_processed/overly-sarcastic-podcast__ospod-episode-67/ospod-episode-67_349.mp3
67_351,67,"Yeah, that's it.",0,/Users/minjoolee/Downloads/MUStARD/PodSarc/all_processed/overly-sarcastic-podcast__ospod-episode-67/ospod-episode-67_351.mp3
68_3,68,"No engraving, please. Just paint it on the side.",0,/Users/minjoolee/Downloads/MUStARD/PodSarc/all_processed/overly-sarcastic-podcast__ospod-episode-68/ospod-episode-68_3.mp3
68_11,68,"Oh, I'm so excited to find that out. I think I've only spent seven hours total in California before. Uh, no, that's not true. I've only spent seven hours total in a city in California before.",1,/Users/minjoolee/Downloads/MUStARD/PodSarc/all_processed/overly-sarcastic-podcast__ospod-episode-68/ospod-episode-68_11.mp3
68_17,68,"A bunch of comments were like, yeah, you know, haha, the funny time when Philip of Macedon was like, if I come into your lands, I'll kick your ass, and Sparta's like, if, and then he did, and, and their asses were kicked. And I thought, yeah, I can talk about this. Uh, and not only was I able to talk about that, I, it, the video actually kind of came to me in, in, as much of a flash of light as any video ever does when I was, uh, on a plane, uh, with my dad, um, for part of our, our European trip, um, before he had to head back, oops, uh, where I was, uh,",0,/Users/minjoolee/Downloads/MUStARD/PodSarc/all_processed/overly-sarcastic-podcast__ospod-episode-68/ospod-episode-68_17.mp3
68_20,68,"So, I was, uh, I was happy with how it turned out. The, the dunk to the, like, inverse dunk where it's like, oh, actually, this is kind of cool. Like, they actually kind of did a good job here.",1,/Users/minjoolee/Downloads/MUStARD/PodSarc/all_processed/overly-sarcastic-podcast__ospod-episode-68/ospod-episode-68_20.mp3
68_25,68,"I'm pleased with, uh, with the overall, uh, reception to the video. I got, uh, email from my dad, like, oh, this was really good. This is one of your best. I got a text from, uh, from, uh, Jack, our friend, Jacques, who was like, this one's one of your best. I'm like, oh shit, thanks guys.",1,/Users/minjoolee/Downloads/MUStARD/PodSarc/all_processed/overly-sarcastic-podcast__ospod-episode-68/ospod-episode-68_25.mp3
68_26,68,"So I was very pleased with that. One of the undercurrents in the comments was like, yeah, I'm not.",1,/Users/minjoolee/Downloads/MUStARD/PodSarc/all_processed/overly-sarcastic-podcast__ospod-episode-68/ospod-episode-68_26.mp3
68_27,68,"I'm not sure if this really counts as Sparta's finest hour because they went back to, like, a pretty rough,",1,/Users/minjoolee/Downloads/MUStARD/PodSarc/all_processed/overly-sarcastic-podcast__ospod-episode-68/ospod-episode-68_27.mp3
68_29,68,"They had a bit of a, a bit of an honor before reason vibe, I think, which is great from a storytelling standpoint, not so great for the long-term survival of your culture.",0,/Users/minjoolee/Downloads/MUStARD/PodSarc/all_processed/overly-sarcastic-podcast__ospod-episode-68/ospod-episode-68_29.mp3
68_47,68,"Anything happens, but if your culture is actually sort of built around, like, some people do food and some people do building and some people make textiles and, and like, you know, there is slavery, like, and we're not trying to pretend like Athens was some great shining civilization on a hill, no matter what Athens will tell you about it. But like, they were slightly better equipped to handle it than Sparta.",1,/Users/minjoolee/Downloads/MUStARD/PodSarc/all_processed/overly-sarcastic-podcast__ospod-episode-68/ospod-episode-68_47.mp3
68_49,68,"were honorable, and like, that's his thing with them, so all of his poetry is like, oh, the Spartans, like, they're so honorable, they'll self-sacrifice, and like, I read all of his poems through that lens, so I'm gonna come to this, and it's like, okay, yes?",1,/Users/minjoolee/Downloads/MUStARD/PodSarc/all_processed/overly-sarcastic-podcast__ospod-episode-68/ospod-episode-68_49.mp3
68_50,68,"But, so, interesting, uh, wrangling of interpretations that I'll be able to sort through when I cover him in a future video.",1,/Users/minjoolee/Downloads/MUStARD/PodSarc/all_processed/overly-sarcastic-podcast__ospod-episode-68/ospod-episode-68_50.mp3
68_54,68,"Ah, this one was fun. So my video, uh, that act, it just came out a few days ago was about the nine realms of Norse mythology. You know, the nine realms. Midgard, Asgard, looks at smudged writing on hand.",1,/Users/minjoolee/Downloads/MUStARD/PodSarc/all_processed/overly-sarcastic-podcast__ospod-episode-68/ospod-episode-68_54.mp3
68_55,68,"Me, niffle, something.",0,/Users/minjoolee/Downloads/MUStARD/PodSarc/all_processed/overly-sarcastic-podcast__ospod-episode-68/ospod-episode-68_55.mp3
68_67,68,"the, the real solid codified list of everything that we ever want to know is out there and we just don't have it, but",0,/Users/minjoolee/Downloads/MUStARD/PodSarc/all_processed/overly-sarcastic-podcast__ospod-episode-68/ospod-episode-68_67.mp3
68_68,68,"A lot of times, like, poetry is poetry. These things are not defined and set in stone. And even with, with sources from roughly the same period, we have disagreements and being able to think like, oh, it's like the seven C's. Oh, okay, cool. So it's not actually like a solid thing. Yeah. Such a relief.",1,/Users/minjoolee/Downloads/MUStARD/PodSarc/all_processed/overly-sarcastic-podcast__ospod-episode-68/ospod-episode-68_68.mp3
68_70,68,"Yeah, I had, I had a lot of fun compiling the stuff for this one.",0,/Users/minjoolee/Downloads/MUStARD/PodSarc/all_processed/overly-sarcastic-podcast__ospod-episode-68/ospod-episode-68_70.mp3
68_73,68,"Marvelified idea of how the nine realms are like, each one is like a dimension or a world of its own or something like that, because.",0,/Users/minjoolee/Downloads/MUStARD/PodSarc/all_processed/overly-sarcastic-podcast__ospod-episode-68/ospod-episode-68_73.mp3
68_85,68,"So theoretically, you could maybe take a rough approximation of the world map at the time and put like, okay, they say Muspelheim is south. So maybe they noticed things get hotter when you go south and Niefelheim is north, but they also say it's under everything. So I don't know what's up with that. Uh, and the fact is like,",0,/Users/minjoolee/Downloads/MUStARD/PodSarc/all_processed/overly-sarcastic-podcast__ospod-episode-68/ospod-episode-68_85.mp3
68_87,68,"And you drop that early in the video and then are able to kind of pick it up when you get back to like, the nine is like, nine's just a literary device, guys. So it's a, yeah.",1,/Users/minjoolee/Downloads/MUStARD/PodSarc/all_processed/overly-sarcastic-podcast__ospod-episode-68/ospod-episode-68_87.mp3
68_94,68,I'm excited. His life is interesting.,0,/Users/minjoolee/Downloads/MUStARD/PodSarc/all_processed/overly-sarcastic-podcast__ospod-episode-68/ospod-episode-68_94.mp3
68_95,68,"we, we joke like, oh, you know, the, the, the poetic edda, the source we like here at OSP, the prose edda, the source we tolerate here. At one point when we were on, um, Adam's God of War Streams, I don't remember what the context was, but someone had mentioned something as like, oh, as cited,",1,/Users/minjoolee/Downloads/MUStARD/PodSarc/all_processed/overly-sarcastic-podcast__ospod-episode-68/ospod-episode-68_95.mp3
68_98,68,"And then underline anything that looks suspicious from a monotheistic standpoint. Cause it's just, it's like.",1,/Users/minjoolee/Downloads/MUStARD/PodSarc/all_processed/overly-sarcastic-podcast__ospod-episode-68/ospod-episode-68_98.mp3
68_102,68,"He was telling stories, but he had an agenda. It's just, unfortunately, those are the only sources we have now, so all we can compare them to is like, okay, this shows up in the Poetic Edda, because Snorri was referencing the Poetic Edda. He actually quotes it a few times. So that's good, but at the same time, it's like, did he have any sources for the rest of this, or was he making shit up? Like, what the heck?",1,/Users/minjoolee/Downloads/MUStARD/PodSarc/all_processed/overly-sarcastic-podcast__ospod-episode-68/ospod-episode-68_102.mp3
68_103,68,"Literally. Like, sources don't actually get more reliable the older they are. We just run out of corroborating sources and have to take the few ones we have at face value. And if you've seen some of the stuff people just say online, you can understand why we have to be very fucking careful when we're researching.",0,/Users/minjoolee/Downloads/MUStARD/PodSarc/all_processed/overly-sarcastic-podcast__ospod-episode-68/ospod-episode-68_103.mp3
68_113,68,"Yeah. I think I, I showed, um, either Adam or Cyan and they were like, oh, so she's gone mad. I'm like, yes.",1,/Users/minjoolee/Downloads/MUStARD/PodSarc/all_processed/overly-sarcastic-podcast__ospod-episode-68/ospod-episode-68_113.mp3
68_114,68,It's art! It's creativity!,1,/Users/minjoolee/Downloads/MUStARD/PodSarc/all_processed/overly-sarcastic-podcast__ospod-episode-68/ospod-episode-68_114.mp3
68_115,68,"No, it was, it was very praiseful. It's like, oh, the, the power's been unleashed.",1,/Users/minjoolee/Downloads/MUStARD/PodSarc/all_processed/overly-sarcastic-podcast__ospod-episode-68/ospod-episode-68_115.mp3
68_116,68,"I should have known that my friends would be like, oh, she's gone mad is a bad thing.",1,/Users/minjoolee/Downloads/MUStARD/PodSarc/all_processed/overly-sarcastic-podcast__ospod-episode-68/ospod-episode-68_116.mp3
68_117,68,"No, sorry, I should have specified like mad with power, the, uh, the, uh, the ability to create everything will glow from now until the end of time. Um, but also, uh, there's a little secret, uh, Easter egg with some, some runes in the Odin pen, so, uh.",0,/Users/minjoolee/Downloads/MUStARD/PodSarc/all_processed/overly-sarcastic-podcast__ospod-episode-68/ospod-episode-68_117.mp3
68_121,68,"Having recently beaten Tears of the Kingdom, I can now go back to doing literally anything else with my time. And I have been enjoying the videos of the YouTube channel Studson Studio, uh, who has a habit of making small models of large, complicated buildings and such out of mostly trash, uh, which I find extremely satisfying to watch. So.",1,/Users/minjoolee/Downloads/MUStARD/PodSarc/all_processed/overly-sarcastic-podcast__ospod-episode-68/ospod-episode-68_121.mp3
68_123,68,"Ghibli stuff. He's built the castle from Howl's Moving Castle, like three different times, which feels like an exercise in self-flagellation, but they're so fun to watch. Um, yeah, that's, uh, that's my recommendation.",1,/Users/minjoolee/Downloads/MUStARD/PodSarc/all_processed/overly-sarcastic-podcast__ospod-episode-68/ospod-episode-68_123.mp3
68_137,68,"And it doesn't matter that it's true 98% of the time and false 2% of the time in our head, it still feels like a coin flip. And that is why you can use statistics to lie to people, because you can give somebody statistics and make them think anything is the, the,",0,/Users/minjoolee/Downloads/MUStARD/PodSarc/all_processed/overly-sarcastic-podcast__ospod-episode-68/ospod-episode-68_137.mp3
68_138,68,"definite outcome, and anything is the not definite outcome. Like, people will play XCOM and be like, how could you miss? You had an 80% hit chance, and it's like, well, you see, that's a 20% miss chance, which is how they miss.",1,/Users/minjoolee/Downloads/MUStARD/PodSarc/all_processed/overly-sarcastic-podcast__ospod-episode-68/ospod-episode-68_138.mp3
68_141,68,"The thing is, as a field, I respect statistics. I feel bad for it. Because as soon as that field's results are put out into the world, somebody uses them to make somebody believe something is categorically true or false rather than a statistical",1,/Users/minjoolee/Downloads/MUStARD/PodSarc/all_processed/overly-sarcastic-podcast__ospod-episode-68/ospod-episode-68_141.mp3
68_143,68,I'll also come out and say that percentages are bastards because you can have like percentages of a thing and then percentages of percentages and you can state them with the same words and mislead people about which one you're actually referring to.,1,/Users/minjoolee/Downloads/MUStARD/PodSarc/all_processed/overly-sarcastic-podcast__ospod-episode-68/ospod-episode-68_143.mp3
68_144,68,"Oh yeah, like 100% increase. If the starting percentage is 2%, 100% increase makes it 4%.",1,/Users/minjoolee/Downloads/MUStARD/PodSarc/all_processed/overly-sarcastic-podcast__ospod-episode-68/ospod-episode-68_144.mp3
68_145,68,"It's, oh boy. But again, it just feels like a true or false statement. It's like, especially if it's like, oh, this is the chance of like developing this illness in my life or something. And it's like, well, if the chance feels high, that means it's definitely going to happen. But if the chance feels low, that means it's never going to happen. And that's neither of those are true.",1,/Users/minjoolee/Downloads/MUStARD/PodSarc/all_processed/overly-sarcastic-podcast__ospod-episode-68/ospod-episode-68_145.mp3
68_148,68,"That's the problem. It's, it's where the Venn diagrams overlap. It's where the beautiful truth of mathematics is corrupted by human language and its imperfections.",0,/Users/minjoolee/Downloads/MUStARD/PodSarc/all_processed/overly-sarcastic-podcast__ospod-episode-68/ospod-episode-68_148.mp3
68_149,68,"I have a picture of Play-Doh on my other monitor because of a video I'm working on and just like hearing your voice, I can put it in his mouth.",1,/Users/minjoolee/Downloads/MUStARD/PodSarc/all_processed/overly-sarcastic-podcast__ospod-episode-68/ospod-episode-68_149.mp3
68_152,68,"perfection of proof that you can only attain with pure mathematics. The idea of like, oh, we need to reproduce these results in different circumstances. You know, the scientific method. It is an attempt to capture the perfect preservation of truth that you only get in pure math that is completely divorced from the messiness of reality.",1,/Users/minjoolee/Downloads/MUStARD/PodSarc/all_processed/overly-sarcastic-podcast__ospod-episode-68/ospod-episode-68_152.mp3
68_153,68,"huh, I, I don't know, it's, proofs are a pain, but I love them.",1,/Users/minjoolee/Downloads/MUStARD/PodSarc/all_processed/overly-sarcastic-podcast__ospod-episode-68/ospod-episode-68_153.mp3
68_156,68,"Oh, that's funny. I'm a bachelors of science and film and television production. Hey!",1,/Users/minjoolee/Downloads/MUStARD/PodSarc/all_processed/overly-sarcastic-podcast__ospod-episode-68/ospod-episode-68_156.mp3
68_158,68,"Yeah, I think I technically have a BA and a BS, which is fun. Cause it means you get to click two drop down options on job applications.",1,/Users/minjoolee/Downloads/MUStARD/PodSarc/all_processed/overly-sarcastic-podcast__ospod-episode-68/ospod-episode-68_158.mp3
68_159,68,"Um, but we've got so many more questions to get to. Uh, I want to get one Tears of the Kingdom one in here, just because it did come out recently, but we are possibly doing maybe all Zelda episodes special in the future, so we're not going to do too many Zelda questions on this one. Ha ha ha. Hint, hint, hint. Drop your Zelda questions in the Ask Ellis pod in the next like, couple months. Uh.",1,/Users/minjoolee/Downloads/MUStARD/PodSarc/all_processed/overly-sarcastic-podcast__ospod-episode-68/ospod-episode-68_159.mp3
68_164,68,"Very, very little of the game, but I really like it. I like the way that the mechanics work. I mean, we were all thinking, like, what are we actually going to do in this game? And then they revealed the gameplay of like, Fuse and Ultra Hand and everything. We're like, Oh.",1,/Users/minjoolee/Downloads/MUStARD/PodSarc/all_processed/overly-sarcastic-podcast__ospod-episode-68/ospod-episode-68_164.mp3
68_173,68,That's good. That's what you want to be.,0,/Users/minjoolee/Downloads/MUStARD/PodSarc/all_processed/overly-sarcastic-podcast__ospod-episode-68/ospod-episode-68_173.mp3
68_176,68,"And I, I like, I feel like my complaint about Breath of the Wild is it got easy quick enough that it kind of felt like it was sort of rushing you to fight Ganon after a certain point because nothing else was a challenge. Tears of the Kingdom has the opposite problem. It has a very unforgiving difficulty curve early on. Like, I've never been more thoroughly Metroid-ed in my life.",0,/Users/minjoolee/Downloads/MUStARD/PodSarc/all_processed/overly-sarcastic-podcast__ospod-episode-68/ospod-episode-68_176.mp3
68_181,68,Yeah. Much more so.,0,/Users/minjoolee/Downloads/MUStARD/PodSarc/all_processed/overly-sarcastic-podcast__ospod-episode-68/ospod-episode-68_181.mp3
68_183,68,"Uh, Breath of the Wild's map felt perfectly, densely populated. Like, you could try something random and the odds were good that it would reward you. It's like, oh, there's a little like stone thing. I'll put an apple in it. Oh, cool. Uh, Korok popped out or something. Tears of the Kingdom.",1,/Users/minjoolee/Downloads/MUStARD/PodSarc/all_processed/overly-sarcastic-podcast__ospod-episode-68/ospod-episode-68_183.mp3
68_186,68,"What I did find is that, like, I was like, oh man, there's one island out there. I'm really curious what's on it. And what was on it was a boss fight with something that would, is about to kill me in two hits, so I left. But it's, it's, you know, it's that kind of thing. Also, I love how a lot of the DLC stuff from the first game is now just in the main game of Tears of the Kingdom.",1,/Users/minjoolee/Downloads/MUStARD/PodSarc/all_processed/overly-sarcastic-podcast__ospod-episode-68/ospod-episode-68_186.mp3
68_187,68,"All the DLC armors are hidden somewhere on the map. Um, and the travel medallion. They give you three travel medallions. It's incredible.",1,/Users/minjoolee/Downloads/MUStARD/PodSarc/all_processed/overly-sarcastic-podcast__ospod-episode-68/ospod-episode-68_187.mp3
68_188,68,"So it was just, that stuff is all great. I love it a lot. Uh, hero's path mode is built in from the beginning, which is helpful cause it's like, where the fuck was I when I was exploring this place? Um.",1,/Users/minjoolee/Downloads/MUStARD/PodSarc/all_processed/overly-sarcastic-podcast__ospod-episode-68/ospod-episode-68_188.mp3
68_191,68,"In Breath of the Wild, there was kind of this overarching frustration of like, it's just me and my underwear sprinting across Hyrule Field trying to save the world with absolutely no help. And now in Tears of the Kingdom, it's more like if Link tries to do that, the story kicks his ass until he stops and makes him learn about the power of friendship, which I love!",0,/Users/minjoolee/Downloads/MUStARD/PodSarc/all_processed/overly-sarcastic-podcast__ospod-episode-68/ospod-episode-68_191.mp3
68_195,68,"The first time I floated down into one and I was like, where'd my pants go?",1,/Users/minjoolee/Downloads/MUStARD/PodSarc/all_processed/overly-sarcastic-podcast__ospod-episode-68/ospod-episode-68_195.mp3
68_197,68,"It's so fun though, I love it. They were like, no, we gotta show off a cool new arm. That's",1,/Users/minjoolee/Downloads/MUStARD/PodSarc/all_processed/overly-sarcastic-podcast__ospod-episode-68/ospod-episode-68_197.mp3
68_199,68,"So, so much more. I'm already planning my second playthrough because I, you know.",0,/Users/minjoolee/Downloads/MUStARD/PodSarc/all_processed/overly-sarcastic-podcast__ospod-episode-68/ospod-episode-68_199.mp3
68_202,68,"No, absolutely not. That stresses me out too much. I just feel so bad for the little guys. Yeah. Um, but we'll talk.",0,/Users/minjoolee/Downloads/MUStARD/PodSarc/all_processed/overly-sarcastic-podcast__ospod-episode-68/ospod-episode-68_202.mp3
68_203,68,"I admittedly, I didn't get it the first time I found one on the sky. I was like, I need to reach my friend. I was like, Oh, that's rough, buddy. And then I just left. But then later I was like, wait.",1,/Users/minjoolee/Downloads/MUStARD/PodSarc/all_processed/overly-sarcastic-podcast__ospod-episode-68/ospod-episode-68_203.mp3
68_204,68,"Perhaps I confused the backpack and then it worked great, so.",1,/Users/minjoolee/Downloads/MUStARD/PodSarc/all_processed/overly-sarcastic-podcast__ospod-episode-68/ospod-episode-68_204.mp3
68_214,68,Sorry. Yeah.,0,/Users/minjoolee/Downloads/MUStARD/PodSarc/all_processed/overly-sarcastic-podcast__ospod-episode-68/ospod-episode-68_214.mp3
68_215,68,"Yeah, because that's the problem. It's like, are we suggesting that nobody",1,/Users/minjoolee/Downloads/MUStARD/PodSarc/all_processed/overly-sarcastic-podcast__ospod-episode-68/ospod-episode-68_215.mp3
68_227,68,"Given the Roman Empire, Roman Empire and other, you know, 300 years of life, I don't, I don't really think so. It would have, it would have had the same problems no matter what.",0,/Users/minjoolee/Downloads/MUStARD/PodSarc/all_processed/overly-sarcastic-podcast__ospod-episode-68/ospod-episode-68_227.mp3
68_230,68,20 years ago. Yeah.,0,/Users/minjoolee/Downloads/MUStARD/PodSarc/all_processed/overly-sarcastic-podcast__ospod-episode-68/ospod-episode-68_230.mp3
68_233,68,"I think Joan of Arc should have been not murdered. I think she would have been great. I think maybe like, I don't know, just on principle.",0,/Users/minjoolee/Downloads/MUStARD/PodSarc/all_processed/overly-sarcastic-podcast__ospod-episode-68/ospod-episode-68_233.mp3
68_241,68,"Um, it's an interesting challenge because a lot of constellations don't actually really look like the thing they're supposed to look like. So making it work is kind of hard. Uh, like how the bear has a big fluffy squirrel tail, even though no bear in the world has a tail like that. Um, but it has to cause there's stars in it anyway. Um.",1,/Users/minjoolee/Downloads/MUStARD/PodSarc/all_processed/overly-sarcastic-podcast__ospod-episode-68/ospod-episode-68_241.mp3
68_243,68,"Uh, yeah, okay, yeah.",0,/Users/minjoolee/Downloads/MUStARD/PodSarc/all_processed/overly-sarcastic-podcast__ospod-episode-68/ospod-episode-68_243.mp3
68_250,68,Definitely going to be more constellation pins in my future because there's so many options to choose from and I'm having so much fun.,1,/Users/minjoolee/Downloads/MUStARD/PodSarc/all_processed/overly-sarcastic-podcast__ospod-episode-68/ospod-episode-68_250.mp3
68_253,68,"I flashed back to 8th grade, the anime wars.",1,/Users/minjoolee/Downloads/MUStARD/PodSarc/all_processed/overly-sarcastic-podcast__ospod-episode-68/ospod-episode-68_253.mp3
68_257,68,"It was, it was, I think it was just a pacing thing. Cause of course, One Piece is already incredibly slow and long. Like watching it, especially watching like early dubs of it, wouldn't recommend.",0,/Users/minjoolee/Downloads/MUStARD/PodSarc/all_processed/overly-sarcastic-podcast__ospod-episode-68/ospod-episode-68_257.mp3
68_267,68,"Video game junkie. I trust him. Um, for me, uh, I heard only great things about Over the Garden Wall. Everyone in my life told me it was fantastic. I watched, someone made me watch it with them. And I'm like, objectively, yeah, this is really well made. I'm sure it's a great experience.",1,/Users/minjoolee/Downloads/MUStARD/PodSarc/all_processed/overly-sarcastic-podcast__ospod-episode-68/ospod-episode-68_267.mp3
68_272,68,"I, I just thought of a more controversial one for me than dunking on two out of three of everyone's favorite anime from the mid 2000s.",1,/Users/minjoolee/Downloads/MUStARD/PodSarc/all_processed/overly-sarcastic-podcast__ospod-episode-68/ospod-episode-68_272.mp3
68_280,68,"I really like, I think they're fantastic. They produced such a.",1,/Users/minjoolee/Downloads/MUStARD/PodSarc/all_processed/overly-sarcastic-podcast__ospod-episode-68/ospod-episode-68_280.mp3
68_283,68,"I think I've seen that one. And, uh, the fucking Tales from Earth scene movie that's actually just bad. Like, it's, I don't know.",0,/Users/minjoolee/Downloads/MUStARD/PodSarc/all_processed/overly-sarcastic-podcast__ospod-episode-68/ospod-episode-68_283.mp3
68_287,68,"Just so good for them. They just absolutely love it. And for me, it's just like, meh.",1,/Users/minjoolee/Downloads/MUStARD/PodSarc/all_processed/overly-sarcastic-podcast__ospod-episode-68/ospod-episode-68_287.mp3
68_292,68,"I think, I mean, there's been a few. Like, there's a lot of cases, I think, where it's like, oh, this thing's super popular, give it a shot. Oh, yeah.",1,/Users/minjoolee/Downloads/MUStARD/PodSarc/all_processed/overly-sarcastic-podcast__ospod-episode-68/ospod-episode-68_292.mp3
68_293,68,Whatever. Then we just don't think about it anymore. Like most of us don't really work up ahead of steam. I think most of the anger comes from things that.,1,/Users/minjoolee/Downloads/MUStARD/PodSarc/all_processed/overly-sarcastic-podcast__ospod-episode-68/ospod-episode-68_293.mp3
68_304,68,"It's some kind of like, time's going weird and basically a bird gets like, de-evolved into being like a fucking T-Rex and there's suddenly a T-Rex around. Uh, and that scared the shit out of me. Uh, so I don't even remember any details about it. I am positive it doesn't hold up now. There's no way the effects were good. Um.",0,/Users/minjoolee/Downloads/MUStARD/PodSarc/all_processed/overly-sarcastic-podcast__ospod-episode-68/ospod-episode-68_304.mp3
68_311,68,"As a child in suburban Pennsylvania, terrified me. I'm like, they're gonna pull my brain out through my nose. And I'm like, no!",0,/Users/minjoolee/Downloads/MUStARD/PodSarc/all_processed/overly-sarcastic-podcast__ospod-episode-68/ospod-episode-68_311.mp3
68_315,68,"It's the E.T. house, the government is here. Uh, so yeah, no, those are my two irrational childhood fears. And frankly, I think that they were rational. Um, but we've got time for one last question here, a little short and sweet one. Uh, this comes from Wolfheart2all. If you had a pirate ship, what would you name it?",1,/Users/minjoolee/Downloads/MUStARD/PodSarc/all_processed/overly-sarcastic-podcast__ospod-episode-68/ospod-episode-68_315.mp3
68_316,68,"Oh, that's good. Name your pirate ships.",1,/Users/minjoolee/Downloads/MUStARD/PodSarc/all_processed/overly-sarcastic-podcast__ospod-episode-68/ospod-episode-68_316.mp3
68_317,68,But there are already such good names for pirate ships.,1,/Users/minjoolee/Downloads/MUStARD/PodSarc/all_processed/overly-sarcastic-podcast__ospod-episode-68/ospod-episode-68_317.mp3
68_318,68,Who can fucking beat the Queen Anne's revenge? I named my first external hard drive that.,1,/Users/minjoolee/Downloads/MUStARD/PodSarc/all_processed/overly-sarcastic-podcast__ospod-episode-68/ospod-episode-68_318.mp3
68_321,68,What's that sci-fi series where like they name each ship after the way the previous one was destroyed. So it's like the Fireball XL4 or Pancake XL3. Hold on. I'll just look it up.,1,/Users/minjoolee/Downloads/MUStARD/PodSarc/all_processed/overly-sarcastic-podcast__ospod-episode-68/ospod-episode-68_321.mp3
68_322,68,"And of course you have the Unsinkable 2, the Unsinkable 1, Burndown and Dry Dock. I've made that joke like five times on the podcast.",1,/Users/minjoolee/Downloads/MUStARD/PodSarc/all_processed/overly-sarcastic-podcast__ospod-episode-68/ospod-episode-68_322.mp3
68_330,68,Or you have like a whole fleet of them and it's called the murder because it's the murder of crows.,0,/Users/minjoolee/Downloads/MUStARD/PodSarc/all_processed/overly-sarcastic-podcast__ospod-episode-68/ospod-episode-68_330.mp3
68_331,68,"Beware of the murder on the high seas. It's pretty good. It's all about branding, really. Even when you're a pirate, it's about.",1,/Users/minjoolee/Downloads/MUStARD/PodSarc/all_processed/overly-sarcastic-podcast__ospod-episode-68/ospod-episode-68_331.mp3
68_333,68,All about presentation. No.,0,/Users/minjoolee/Downloads/MUStARD/PodSarc/all_processed/overly-sarcastic-podcast__ospod-episode-68/ospod-episode-68_333.mp3
68_335,68,"Like, this username is already taken. Ah, fuck. All right. Hold on. It's case sensitive. Damn it.",0,/Users/minjoolee/Downloads/MUStARD/PodSarc/all_processed/overly-sarcastic-podcast__ospod-episode-68/ospod-episode-68_335.mp3
68_340,68,"Or it's like those camp decorating things where it's like, no thanks. I don't want a name for my ship. So they write no thanks. I don't want a name for my ship.",1,/Users/minjoolee/Downloads/MUStARD/PodSarc/all_processed/overly-sarcastic-podcast__ospod-episode-68/ospod-episode-68_340.mp3
68_344,68,"Well, we've got a whole fleet of veritable fear striking names. And I believe with that, it's time to raise the flags and have Red Baby take us out of this dangerous water that we're in. Hoist the colors high. Alright.",1,/Users/minjoolee/Downloads/MUStARD/PodSarc/all_processed/overly-sarcastic-podcast__ospod-episode-68/ospod-episode-68_344.mp3
68_345,68,"Great. Thank you all so much for listening. As always, we'll be back in two weeks with another, uh, fun and fun-filled episode of the Overly Psychastic Podcast. That's right.",1,/Users/minjoolee/Downloads/MUStARD/PodSarc/all_processed/overly-sarcastic-podcast__ospod-episode-68/ospod-episode-68_345.mp3
68_348,68,"Yeah, we'll obviously have more videos out on Friday, so.",1,/Users/minjoolee/Downloads/MUStARD/PodSarc/all_processed/overly-sarcastic-podcast__ospod-episode-68/ospod-episode-68_348.mp3
69_0,69,"Where'd all the good classic Disney villains go? Why can't Disney just do that anymore? You know, why don't we have any Rattigan's and Ursula's and Scar's anymore? Why are we getting all these like villain-less movies? And it's like.",1,/Users/minjoolee/Downloads/MUStARD/PodSarc/all_processed/overly-sarcastic-podcast__ospod-episode-69/ospod-episode-69_0.mp3
69_2,69,"Are you dissing my boy Radigan, the prime example of a third act breakdown? His entire design changes because he loses his fucking mind?",1,/Users/minjoolee/Downloads/MUStARD/PodSarc/all_processed/overly-sarcastic-podcast__ospod-episode-69/ospod-episode-69_2.mp3
69_7,69,Welcome back to the pod. We got so many colors today. Yeah.,0,/Users/minjoolee/Downloads/MUStARD/PodSarc/all_processed/overly-sarcastic-podcast__ospod-episode-69/ospod-episode-69_7.mp3
69_9,69,"Uh, this is a, a wonderful episode because we've got, uh, Cyan back on the pod for another pride month. And also, which we only realized after.",1,/Users/minjoolee/Downloads/MUStARD/PodSarc/all_processed/overly-sarcastic-podcast__ospod-episode-69/ospod-episode-69_9.mp3
69_11,69,Which is a common trend in 69. Yes.,1,/Users/minjoolee/Downloads/MUStARD/PodSarc/all_processed/overly-sarcastic-podcast__ospod-episode-69/ospod-episode-69_11.mp3
69_12,69,"The other fun thing, of course, is that now we've got the, the ace to non-ace ratio is higher than it typically is.",1,/Users/minjoolee/Downloads/MUStARD/PodSarc/all_processed/overly-sarcastic-podcast__ospod-episode-69/ospod-episode-69_12.mp3
69_13,69,Someone has to hold down the fort for the rest of us.,1,/Users/minjoolee/Downloads/MUStARD/PodSarc/all_processed/overly-sarcastic-podcast__ospod-episode-69/ospod-episode-69_13.mp3
69_15,69,"Cyan, I love and appreciate the thought towards introducing me, but I feel like it's only fair to blue and red to point out that I did write the introductory copy for this podcast and therefore am the one who left out introduction.",1,/Users/minjoolee/Downloads/MUStARD/PodSarc/all_processed/overly-sarcastic-podcast__ospod-episode-69/ospod-episode-69_15.mp3
69_16,69,"Yes. Also, you tend to mute your audio track for the first half. So we never get like the background chuckles or anything. So.",1,/Users/minjoolee/Downloads/MUStARD/PodSarc/all_processed/overly-sarcastic-podcast__ospod-episode-69/ospod-episode-69_16.mp3
69_21,69,"Hello, this is Cyan. This episode brought to you by Idris Elba.",0,/Users/minjoolee/Downloads/MUStARD/PodSarc/all_processed/overly-sarcastic-podcast__ospod-episode-69/ospod-episode-69_21.mp3
69_22,69,"Hi, uh, yeah, I'm Blue. I'd just like to, if we could, transition over to the video discussion portion of the podcast. I understand you've got a lot of things on your plate right now, so it's super busy. Uh, just if we'd be able to do that, that would be fantastic.",1,/Users/minjoolee/Downloads/MUStARD/PodSarc/all_processed/overly-sarcastic-podcast__ospod-episode-69/ospod-episode-69_22.mp3
69_24,69,"So, let's, uh, let's go to Iceland, which is actually, we got the whole Iceland crew here. Well, the, the whole podcast is Iceland crew people. Yeah. Subset of the larger set.",1,/Users/minjoolee/Downloads/MUStARD/PodSarc/all_processed/overly-sarcastic-podcast__ospod-episode-69/ospod-episode-69_24.mp3
69_27,69,"fucking bear to pronounce. Good God. The double L in Icelandic is like, it's like a TL almost. And depending on what vowel sound comes after it, it's okay. So like, if I'm saying, uh, like, Vatna Jökull, for one of the glaciers, the Jökull sound is like, alright on its own, but if you try to put another",0,/Users/minjoolee/Downloads/MUStARD/PodSarc/all_processed/overly-sarcastic-podcast__ospod-episode-69/ospod-episode-69_27.mp3
69_28,69,"sound after it, or worse yet, another consonant. It's a mess. So that double L in Hallgrimskirche is like Hallgrimskirche, but it's really hard to say.",0,/Users/minjoolee/Downloads/MUStARD/PodSarc/all_processed/overly-sarcastic-podcast__ospod-episode-69/ospod-episode-69_28.mp3
69_46,69,"Yeah, but, um, other than that, people really enjoyed it.",0,/Users/minjoolee/Downloads/MUStARD/PodSarc/all_processed/overly-sarcastic-podcast__ospod-episode-69/ospod-episode-69_46.mp3
69_49,69,I don't think anyone thinks you're a warrior for Christ's sake. Three pulp fights videos. Yeah.,1,/Users/minjoolee/Downloads/MUStARD/PodSarc/all_processed/overly-sarcastic-podcast__ospod-episode-69/ospod-episode-69_49.mp3
69_50,69,"I feel like I don't remember it coming up in the video, but there is that big statue of Leif Erikson out front of the church. Yeah, happy Leif Erikson day there.",1,/Users/minjoolee/Downloads/MUStARD/PodSarc/all_processed/overly-sarcastic-podcast__ospod-episode-69/ospod-episode-69_50.mp3
69_51,69,"Yep. Happy Lake Erickson Day Day. Uh, yeah, it was, uh, it was made.",0,/Users/minjoolee/Downloads/MUStARD/PodSarc/all_processed/overly-sarcastic-podcast__ospod-episode-69/ospod-episode-69_51.mp3
69_54,69,700 of being sat on by a kingdom.,0,/Users/minjoolee/Downloads/MUStARD/PodSarc/all_processed/overly-sarcastic-podcast__ospod-episode-69/ospod-episode-69_54.mp3
69_59,69,"And I remember when I was reading the plaque, I didn't know that the statue was donated by America, but it does make sense because the plaque was kind of like, Oh man, it's pretty cool how Iceland and Vinland are like two peas in a pod, am I right? And I was like, Oh, that's sweet. And I was like, Oh, okay. But Vinland was the one saying that. Okay.",1,/Users/minjoolee/Downloads/MUStARD/PodSarc/all_processed/overly-sarcastic-podcast__ospod-episode-69/ospod-episode-69_59.mp3
69_60,69,"Yeah, but, um, it was a good video that I had a lot of fun putting together. It was nice to be able to put the, the beautiful meme template of the, the ice cream shot from Patalon, uh, into the world. Thank you, Cyan, for taking that picture. Oh, what a good picture.",1,/Users/minjoolee/Downloads/MUStARD/PodSarc/all_processed/overly-sarcastic-podcast__ospod-episode-69/ospod-episode-69_60.mp3
69_70,69,"Oh, man. Yeah, no, it's, it's an interesting topic. And a lot of people had some pretty interesting thoughts about it in the comments. There were a few people being like, Hey, Goethe's Faust is, uh, Faust isn't like an interesting version of it. And it's like, yeah, the, the one where he kind of gets redeemed. What?",1,/Users/minjoolee/Downloads/MUStARD/PodSarc/all_processed/overly-sarcastic-podcast__ospod-episode-69/ospod-episode-69_70.mp3
69_73,69,"He's from the 1400s. Oh, shit. Never mind. But, uh, yeah, sorry. Continue. I just needed to flag that. Thank you, thank you.",0,/Users/minjoolee/Downloads/MUStARD/PodSarc/all_processed/overly-sarcastic-podcast__ospod-episode-69/ospod-episode-69_73.mp3
69_74,69,"Thank you, thank you, yeah. I can see the expression kind of ripple.",0,/Users/minjoolee/Downloads/MUStARD/PodSarc/all_processed/overly-sarcastic-podcast__ospod-episode-69/ospod-episode-69_74.mp3
69_80,69,"Early on, it's like, the devil pops up in your fucking potato field and is like, oh, farmer Brown, I'll make a deal with you. And farmer Brown's like, okay. And then the story is a funny little romp about farmer Brown outsmarting the devil, uh, by agreeing to share the, the, uh, stuff that the field produces and then",0,/Users/minjoolee/Downloads/MUStARD/PodSarc/all_processed/overly-sarcastic-podcast__ospod-episode-69/ospod-episode-69_80.mp3
69_81,69,"Like, like one year, he gets what's above ground and the next year he gets what's below ground. So he just plants, you know.",0,/Users/minjoolee/Downloads/MUStARD/PodSarc/all_processed/overly-sarcastic-podcast__ospod-episode-69/ospod-episode-69_81.mp3
69_85,69,"Or the episode of Constantine where you listen to the record and then you like rip your ears out or something. Oh, yeah. Yeah.",1,/Users/minjoolee/Downloads/MUStARD/PodSarc/all_processed/overly-sarcastic-podcast__ospod-episode-69/ospod-episode-69_85.mp3
69_89,69,"Which is the funniest possible way to resolve that situation, to be completely honest.",0,/Users/minjoolee/Downloads/MUStARD/PodSarc/all_processed/overly-sarcastic-podcast__ospod-episode-69/ospod-episode-69_89.mp3
69_91,69,"I saw it got down to seven on trending, which like, is that a record? I think we've gotten to seven or eight before.",1,/Users/minjoolee/Downloads/MUStARD/PodSarc/all_processed/overly-sarcastic-podcast__ospod-episode-69/ospod-episode-69_91.mp3
69_96,69,"Is that rubble still skin? Okay, cool. Uh, it was like.",0,/Users/minjoolee/Downloads/MUStARD/PodSarc/all_processed/overly-sarcastic-podcast__ospod-episode-69/ospod-episode-69_96.mp3
69_97,69,"Ruppelstiltskin's not the name of the lady. It's not, for sure. Usually, I mean,",0,/Users/minjoolee/Downloads/MUStARD/PodSarc/all_processed/overly-sarcastic-podcast__ospod-episode-69/ospod-episode-69_97.mp3
69_99,69,"Yeah, and then it's like the other situation is someone who was already powerful and a dick is basically like part one for third act breakdown.",1,/Users/minjoolee/Downloads/MUStARD/PodSarc/all_processed/overly-sarcastic-podcast__ospod-episode-69/ospod-episode-69_99.mp3
69_110,69,"There's a 69 joke in there somewhere, but we're not gonna make it! It's the A7 episode!",1,/Users/minjoolee/Downloads/MUStARD/PodSarc/all_processed/overly-sarcastic-podcast__ospod-episode-69/ospod-episode-69_110.mp3
69_111,69,"So people were like, where do these villains go? Why can't we make them anymore? And I think it's literally because it's like, we gotta, we gotta get deep into the villain's mind. We gotta get their, their characterization. We gotta understand why they're sympathetic and complicated. And it's like, if you do that, you can't get Ursula. Because Ursula is entirely planting for how satisfying it's gonna be when she explodes. You know?",1,/Users/minjoolee/Downloads/MUStARD/PodSarc/all_processed/overly-sarcastic-podcast__ospod-episode-69/ospod-episode-69_111.mp3
69_112,69,"Uh, Scar, he's like sleazy and manipulative and you wanna see his lies exposed, but you can't do that if Scar has a sad backstory and a complicated inner life and shit like that. Like,",1,/Users/minjoolee/Downloads/MUStARD/PodSarc/all_processed/overly-sarcastic-podcast__ospod-episode-69/ospod-episode-69_112.mp3
69_120,69,"isn't like a top tier villain, but in no world does the great mouse detective pop autofill into my mind above like.",1,/Users/minjoolee/Downloads/MUStARD/PodSarc/all_processed/overly-sarcastic-podcast__ospod-episode-69/ospod-episode-69_120.mp3
69_121,69,I'm not going to apologize for being built different. Anyway.,1,/Users/minjoolee/Downloads/MUStARD/PodSarc/all_processed/overly-sarcastic-podcast__ospod-episode-69/ospod-episode-69_121.mp3
69_125,69,Sayan is the one person in our gang who has a real job at place.,1,/Users/minjoolee/Downloads/MUStARD/PodSarc/all_processed/overly-sarcastic-podcast__ospod-episode-69/ospod-episode-69_125.mp3
69_128,69,"food and cat pictures, and sometimes awareness posts, specifically in the month of May. Yeah. And sometimes other months, but mostly May. I'm sorry, my brain is full of the lyrics to Radigan. Did we bring up that Cyan and Blue are married or has this not come up yet?",0,/Users/minjoolee/Downloads/MUStARD/PodSarc/all_processed/overly-sarcastic-podcast__ospod-episode-69/ospod-episode-69_128.mp3
69_130,69,"Yeah, check the wiki if you want more information. Yeah, no, Blue and I got married.",1,/Users/minjoolee/Downloads/MUStARD/PodSarc/all_processed/overly-sarcastic-podcast__ospod-episode-69/ospod-episode-69_130.mp3
69_131,69,"That was a thing. Yeah. 2021. Back in 2021. It was fun. Good time. A little pandemic-y, but we were, we, it was fun. Yeah.",1,/Users/minjoolee/Downloads/MUStARD/PodSarc/all_processed/overly-sarcastic-podcast__ospod-episode-69/ospod-episode-69_131.mp3
69_133,69,"Yeah. Yeah. We met, uh, in fencing, uh. I broke his sword. Yep.",0,/Users/minjoolee/Downloads/MUStARD/PodSarc/all_processed/overly-sarcastic-podcast__ospod-episode-69/ospod-episode-69_133.mp3
69_137,69,"I mean, I sort of got, like, Shanghai into being your substitute best man. So, like, I had to come up with something.",0,/Users/minjoolee/Downloads/MUStARD/PodSarc/all_processed/overly-sarcastic-podcast__ospod-episode-69/ospod-episode-69_137.mp3
69_142,69,"Yeah, so, we'll both be work from home gremlins, but, uh, in the meantime, uh, got Cyanbakes on Instagram, did a whole little post today for May, Ehlers-Danlos Syndrome Awareness Month, which was a super fun series of posts with lots of food and lots of Clio pictures.",0,/Users/minjoolee/Downloads/MUStARD/PodSarc/all_processed/overly-sarcastic-podcast__ospod-episode-69/ospod-episode-69_142.mp3
69_144,69,"Yeah, yeah, yeah.",0,/Users/minjoolee/Downloads/MUStARD/PodSarc/all_processed/overly-sarcastic-podcast__ospod-episode-69/ospod-episode-69_144.mp3
69_145,69,"Yeah, it was four thousand something dollars, I think. Yeah. Which was really awesome. So thanks to everyone who donated for that.",0,/Users/minjoolee/Downloads/MUStARD/PodSarc/all_processed/overly-sarcastic-podcast__ospod-episode-69/ospod-episode-69_145.mp3
69_146,69,"We're always super pleased and astounded by the, the generosity of the audience when we do fundraising stuff. And that's kind of like a nice thing that we like being able to do where like every stream is just, there's a fundraiser on it. And that's honestly a real cool thing that we like being able to do. So we're always appreciative, uh, when.",0,/Users/minjoolee/Downloads/MUStARD/PodSarc/all_processed/overly-sarcastic-podcast__ospod-episode-69/ospod-episode-69_146.mp3
69_147,69,"So yeah, that's, that's the brief rundown of me. I do things and a lot of day-to-day stuff. Yeah. I have the insurance. I do the health.",1,/Users/minjoolee/Downloads/MUStARD/PodSarc/all_processed/overly-sarcastic-podcast__ospod-episode-69/ospod-episode-69_147.mp3
69_150,69,"Um, yeah, if there's nothing else to announce, we can hop on over to the Q&A portion of the podcast.",0,/Users/minjoolee/Downloads/MUStARD/PodSarc/all_processed/overly-sarcastic-podcast__ospod-episode-69/ospod-episode-69_150.mp3
69_154,69,"Yeah, I remember this distinctly. Uh oh. Oh no. We had so many popovers.",1,/Users/minjoolee/Downloads/MUStARD/PodSarc/all_processed/overly-sarcastic-podcast__ospod-episode-69/ospod-episode-69_154.mp3
69_157,69,"Yeah, right. But they, they had, instead of just like bread, they had this basket of",0,/Users/minjoolee/Downloads/MUStARD/PodSarc/all_processed/overly-sarcastic-podcast__ospod-episode-69/ospod-episode-69_157.mp3
69_159,69,"Yeah, yeah, yeah.",0,/Users/minjoolee/Downloads/MUStARD/PodSarc/all_processed/overly-sarcastic-podcast__ospod-episode-69/ospod-episode-69_159.mp3
69_172,69,"Yep, I was gonna say.",0,/Users/minjoolee/Downloads/MUStARD/PodSarc/all_processed/overly-sarcastic-podcast__ospod-episode-69/ospod-episode-69_172.mp3
69_174,69,"Every once in a while, I'll pull out one of the, like, the Christmas teas. It's like, I can have this now. No one can stop me.",1,/Users/minjoolee/Downloads/MUStARD/PodSarc/all_processed/overly-sarcastic-podcast__ospod-episode-69/ospod-episode-69_174.mp3
69_175,69,"No one make, no one can stop you from doing what you want. Drink eggnog in the summer. Drink lemonade in the winter. There are no rules when it comes to food. Eat chicken nuggets for breakfast. Do what you want. Eat chicken and waffles.",1,/Users/minjoolee/Downloads/MUStARD/PodSarc/all_processed/overly-sarcastic-podcast__ospod-episode-69/ospod-episode-69_175.mp3
69_176,69,It's always Harney and Sons. It's always Harney and Sons.,0,/Users/minjoolee/Downloads/MUStARD/PodSarc/all_processed/overly-sarcastic-podcast__ospod-episode-69/ospod-episode-69_176.mp3
69_177,69,"I, one of these days, I'll just, I'll, I'll man up and I'll send him an email.",1,/Users/minjoolee/Downloads/MUStARD/PodSarc/all_processed/overly-sarcastic-podcast__ospod-episode-69/ospod-episode-69_177.mp3
69_179,69,"One of these days, I'm going to snap and just start cold emailing every brand that we've ever name dropped on the podcast. Like lucky brand jeans.",1,/Users/minjoolee/Downloads/MUStARD/PodSarc/all_processed/overly-sarcastic-podcast__ospod-episode-69/ospod-episode-69_179.mp3
69_181,69,"When you unzip the pants, it says, lucky you. So, you know, that's fun.",1,/Users/minjoolee/Downloads/MUStARD/PodSarc/all_processed/overly-sarcastic-podcast__ospod-episode-69/ospod-episode-69_181.mp3
69_183,69,"They also had a pride line. I have a hat from them that says born lucky and rainbow. And it's like, yeah. Anyway. Nice.",1,/Users/minjoolee/Downloads/MUStARD/PodSarc/all_processed/overly-sarcastic-podcast__ospod-episode-69/ospod-episode-69_183.mp3
69_184,69,"Well, speaking of pride month, we've got the, uh, resident aces of the podcast all gathered here today. So it feels appropriate to have some ace related questions on here. This one comes from bookworm440 to red and blue and cyan. Uh, love you Indigo. Thank you. That's, I'm going to skate through this one. Uh, I am a.",0,/Users/minjoolee/Downloads/MUStARD/PodSarc/all_processed/overly-sarcastic-podcast__ospod-episode-69/ospod-episode-69_184.mp3
69_194,69,People change. People grow. And some people find the label fits them and that label continues to fit them for the rest of their life. And that's amazing. And some people.,1,/Users/minjoolee/Downloads/MUStARD/PodSarc/all_processed/overly-sarcastic-podcast__ospod-episode-69/ospod-episode-69_194.mp3
69_198,69,"Because most people who have been married for decades will be like, yeah, you know, I, I used to be like, fully straight. Now the only person I'm really interested in is, you know, my spouse. Like, it's just this kind of, you know, it's a tale as old as time. People get used to that concept.",1,/Users/minjoolee/Downloads/MUStARD/PodSarc/all_processed/overly-sarcastic-podcast__ospod-episode-69/ospod-episode-69_198.mp3
69_200,69,This is just a thing that we understand when it happens to straight people.,1,/Users/minjoolee/Downloads/MUStARD/PodSarc/all_processed/overly-sarcastic-podcast__ospod-episode-69/ospod-episode-69_200.mp3
69_202,69,"And if the tool's not working anymore, you can just get a different one. It's completely fine.",1,/Users/minjoolee/Downloads/MUStARD/PodSarc/all_processed/overly-sarcastic-podcast__ospod-episode-69/ospod-episode-69_202.mp3
69_210,69,"Robots? Yeah. We're just, we still have relationships with other people.",1,/Users/minjoolee/Downloads/MUStARD/PodSarc/all_processed/overly-sarcastic-podcast__ospod-episode-69/ospod-episode-69_210.mp3
69_221,69,"I, I sup, oh God, no, I don't, I don't want to do this, no!",0,/Users/minjoolee/Downloads/MUStARD/PodSarc/all_processed/overly-sarcastic-podcast__ospod-episode-69/ospod-episode-69_221.mp3
69_222,69,"To be fair, he's a real person. He's a real person.",0,/Users/minjoolee/Downloads/MUStARD/PodSarc/all_processed/overly-sarcastic-podcast__ospod-episode-69/ospod-episode-69_222.mp3
69_225,69,"Oh, but this one person has made me understand. I'm like, damn it. I thought this was working. Yeah. Uh, but, um, but yes. Athena, second choice Jughead.",1,/Users/minjoolee/Downloads/MUStARD/PodSarc/all_processed/overly-sarcastic-podcast__ospod-episode-69/ospod-episode-69_225.mp3
69_226,69,Nice. I almost didn't catch the Riverdale at the very end.,1,/Users/minjoolee/Downloads/MUStARD/PodSarc/all_processed/overly-sarcastic-podcast__ospod-episode-69/ospod-episode-69_226.mp3
69_244,69,More than anyone else could. And best of luck.,0,/Users/minjoolee/Downloads/MUStARD/PodSarc/all_processed/overly-sarcastic-podcast__ospod-episode-69/ospod-episode-69_244.mp3
69_251,69,A lot of people don't quite realize that the quote unquote normal amount of pain to be feeling at any given point in your day is zero.,1,/Users/minjoolee/Downloads/MUStARD/PodSarc/all_processed/overly-sarcastic-podcast__ospod-episode-69/ospod-episode-69_251.mp3
69_265,69,Right.,0,/Users/minjoolee/Downloads/MUStARD/PodSarc/all_processed/overly-sarcastic-podcast__ospod-episode-69/ospod-episode-69_265.mp3
69_271,69,Right.,0,/Users/minjoolee/Downloads/MUStARD/PodSarc/all_processed/overly-sarcastic-podcast__ospod-episode-69/ospod-episode-69_271.mp3
69_274,69,"Like, if you're going in for surgery, they need to know how fucked up you are on the inside, you know? Like, you can't, like, give them a four when you're actually feeling a nine.",0,/Users/minjoolee/Downloads/MUStARD/PodSarc/all_processed/overly-sarcastic-podcast__ospod-episode-69/ospod-episode-69_274.mp3
69_285,69,"What exactly is Ziggy and Cleo's relationship? Enemies? Lovers? BFFs? Acquaintances? Parallel versions of each other? Either way, I want fan art on Indigo's desk by Monday. Uh, I don't know if Ziggy and Cleo have ever like met in person. Yeah, to my knowledge.",1,/Users/minjoolee/Downloads/MUStARD/PodSarc/all_processed/overly-sarcastic-podcast__ospod-episode-69/ospod-episode-69_285.mp3
69_290,69,"Yeah, don't do that. But Ziggy, who's just been blissfully, obliviously, criming, has only the barest idea that a full conspiracy wall in Cleo's office that definitely exists is devoted to this mysterious shade.",1,/Users/minjoolee/Downloads/MUStARD/PodSarc/all_processed/overly-sarcastic-podcast__ospod-episode-69/ospod-episode-69_290.mp3
69_291,69,"It's like Cleo in a dimly lit room with one of those like green, uh, lampshade lamps. She's got those little visors and like the little glasses on with a pencil. Wait, I heard that!",1,/Users/minjoolee/Downloads/MUStARD/PodSarc/all_processed/overly-sarcastic-podcast__ospod-episode-69/ospod-episode-69_291.mp3
69_294,69,"And sit, uh, in a chair at tables. Like a person.",1,/Users/minjoolee/Downloads/MUStARD/PodSarc/all_processed/overly-sarcastic-podcast__ospod-episode-69/ospod-episode-69_294.mp3
69_300,69,"And so she comes and screams, and she's been cameo'd on just about everything I've recorded in the last, like, two months. And this is why I think this theory is happening. But no, Cleo. Cleo's napping.",1,/Users/minjoolee/Downloads/MUStARD/PodSarc/all_processed/overly-sarcastic-podcast__ospod-episode-69/ospod-episode-69_300.mp3
69_302,69,"Like, Ziggy is potentially one of those hyper complex single-celled organisms where like it's way bigger than a single-celled organism should be yet. When you get the microscope, it's like, that's, that's one cell.",1,/Users/minjoolee/Downloads/MUStARD/PodSarc/all_processed/overly-sarcastic-podcast__ospod-episode-69/ospod-episode-69_302.mp3
69_315,69,"Too much stuff, not enough space. Except for we didn't have space bags. We had a studio apartment.",1,/Users/minjoolee/Downloads/MUStARD/PodSarc/all_processed/overly-sarcastic-podcast__ospod-episode-69/ospod-episode-69_315.mp3
69_317,69,"Like, honestly, between, like, when we first moved in to Cyan's, like, 600-square-foot apartment, like, maybe even less, like, like, high 400s, between, like, like, a high 400-square-foot studio apartment and this whole ass house, we did not acquire tremendously more things.",1,/Users/minjoolee/Downloads/MUStARD/PodSarc/all_processed/overly-sarcastic-podcast__ospod-episode-69/ospod-episode-69_317.mp3
69_320,69,"Yeah, that's the advice. Purge before move.",1,/Users/minjoolee/Downloads/MUStARD/PodSarc/all_processed/overly-sarcastic-podcast__ospod-episode-69/ospod-episode-69_320.mp3
69_323,69,There's really nothing we can say to that. It's gonna be obvious.,1,/Users/minjoolee/Downloads/MUStARD/PodSarc/all_processed/overly-sarcastic-podcast__ospod-episode-69/ospod-episode-69_323.mp3
69_324,69,"Yeah, you'll figure it out. It's really just a process. You just gotta do it.",1,/Users/minjoolee/Downloads/MUStARD/PodSarc/all_processed/overly-sarcastic-podcast__ospod-episode-69/ospod-episode-69_324.mp3
69_326,69,"But also, like, having witnessed a rather, uh, dysfunctional large group move of, uh, friends in college who were all buds, but had never cohabitated in the same apartment before. Don't.",1,/Users/minjoolee/Downloads/MUStARD/PodSarc/all_processed/overly-sarcastic-podcast__ospod-episode-69/ospod-episode-69_326.mp3
69_331,69,"If they're doing the dishes in a way that you don't like, you have two options. Do the dishes. Or let them do the dishes.",1,/Users/minjoolee/Downloads/MUStARD/PodSarc/all_processed/overly-sarcastic-podcast__ospod-episode-69/ospod-episode-69_331.mp3
69_343,69,Talented might be a little bit. You've made some Renaissance Fair costumes in your day. I do. I do make my own Renaissance Fair costumes.,0,/Users/minjoolee/Downloads/MUStARD/PodSarc/all_processed/overly-sarcastic-podcast__ospod-episode-69/ospod-episode-69_343.mp3
69_350,69,"I just love the sort of like poofy pants to like cinched in like shin ankle guard look. I just, I love that silhouette.",0,/Users/minjoolee/Downloads/MUStARD/PodSarc/all_processed/overly-sarcastic-podcast__ospod-episode-69/ospod-episode-69_350.mp3
69_353,69,"Uh, I think like. I was just. Oh no. Sorry, go ahead. No, please. After you. Okay.",0,/Users/minjoolee/Downloads/MUStARD/PodSarc/all_processed/overly-sarcastic-podcast__ospod-episode-69/ospod-episode-69_353.mp3
69_358,69,"frankly, corsets were substantially more comfortable than bras, so.",0,/Users/minjoolee/Downloads/MUStARD/PodSarc/all_processed/overly-sarcastic-podcast__ospod-episode-69/ospod-episode-69_358.mp3
69_359,69,"Yeah, I think the thing I most would want to wear would be like old Hollywood fashion, you know, like the really dramatic red carpety dresses. But there is a part of me that's like, mm, but that's the Regency was so, so slutty.",1,/Users/minjoolee/Downloads/MUStARD/PodSarc/all_processed/overly-sarcastic-podcast__ospod-episode-69/ospod-episode-69_359.mp3
69_360,69,"You know, is it practical? No, I'd be so uncomfortable so quickly, but to be, have the like flowy white shirt.",1,/Users/minjoolee/Downloads/MUStARD/PodSarc/all_processed/overly-sarcastic-podcast__ospod-episode-69/ospod-episode-69_360.mp3
69_363,69,"It's like, all that English pre-Raphaelite art is like, this person's barely clothed.",0,/Users/minjoolee/Downloads/MUStARD/PodSarc/all_processed/overly-sarcastic-podcast__ospod-episode-69/ospod-episode-69_363.mp3
69_366,69,"The thing is, I don't want one of those like skirts that like looks like you're a rectangle.",0,/Users/minjoolee/Downloads/MUStARD/PodSarc/all_processed/overly-sarcastic-podcast__ospod-episode-69/ospod-episode-69_366.mp3
69_373,69,There it is. There's the 69. Episode 69! Woo!,0,/Users/minjoolee/Downloads/MUStARD/PodSarc/all_processed/overly-sarcastic-podcast__ospod-episode-69/ospod-episode-69_373.mp3
69_374,69,"like, stop halfway through and then like, skip to the end and grab it like, what? What?",1,/Users/minjoolee/Downloads/MUStARD/PodSarc/all_processed/overly-sarcastic-podcast__ospod-episode-69/ospod-episode-69_374.mp3
69_379,69,"Oh, well, low rise. God, who could, but the thing is they make the yoga pants that go all the way up to like the waist and then also they boot cut and it's green.",1,/Users/minjoolee/Downloads/MUStARD/PodSarc/all_processed/overly-sarcastic-podcast__ospod-episode-69/ospod-episode-69_379.mp3
69_380,69,"Yeah, blue looks like he's Googling.",1,/Users/minjoolee/Downloads/MUStARD/PodSarc/all_processed/overly-sarcastic-podcast__ospod-episode-69/ospod-episode-69_380.mp3
69_382,69,I'm pretty sure Blue would rather be a cartoon character than a real person.,1,/Users/minjoolee/Downloads/MUStARD/PodSarc/all_processed/overly-sarcastic-podcast__ospod-episode-69/ospod-episode-69_382.mp3
69_386,69,"glasses, which is actually how I exist. I've carefully curated my wardrobe so that all of my shirts are variants of black tank top and all of my pants are variants on bootcut flair, so.",1,/Users/minjoolee/Downloads/MUStARD/PodSarc/all_processed/overly-sarcastic-podcast__ospod-episode-69/ospod-episode-69_386.mp3
69_391,69,"I like how we're all completely, we're like hitting so many different aesthetics in every possible dimension, but they all fit the same general silhouette and vibe.",1,/Users/minjoolee/Downloads/MUStARD/PodSarc/all_processed/overly-sarcastic-podcast__ospod-episode-69/ospod-episode-69_391.mp3
69_393,69,"Are we dressing like the Regency or what? Well, I mean, I was the one who said poofy Renaissance shirts open to like the belly button, so I don't know. Thank you all so much for listening.",1,/Users/minjoolee/Downloads/MUStARD/PodSarc/all_processed/overly-sarcastic-podcast__ospod-episode-69/ospod-episode-69_393.mp3
69_396,69,"Well, it's not fair. Normally, I'm the one who gets to do tangents. Anyway, we will be back in another two weeks with a more normal episode. I think there's a lightning round to that one because it's a nice round number. That'll be exciting and fun.",1,/Users/minjoolee/Downloads/MUStARD/PodSarc/all_processed/overly-sarcastic-podcast__ospod-episode-69/ospod-episode-69_396.mp3
70_0,70,"Dude, why you gotta question shit? It, it works fine. And it's like, if he's in search of an objective truth.",1,/Users/minjoolee/Downloads/MUStARD/PodSarc/all_processed/overly-sarcastic-podcast__ospod-episode-70/ospod-episode-70_0.mp3
70_1,70,Yeah. Yeah. Yeah. Yeah. Yeah.,0,/Users/minjoolee/Downloads/MUStARD/PodSarc/all_processed/overly-sarcastic-podcast__ospod-episode-70/ospod-episode-70_1.mp3
70_3,70,"It's the search for first principles, but you can't actually get to the first principles, so you just end up with no principles.",1,/Users/minjoolee/Downloads/MUStARD/PodSarc/all_processed/overly-sarcastic-podcast__ospod-episode-70/ospod-episode-70_3.mp3
70_5,70,"They, uh, they did not have lemon, so I got orange, and honestly, not too mad about it.",0,/Users/minjoolee/Downloads/MUStARD/PodSarc/all_processed/overly-sarcastic-podcast__ospod-episode-70/ospod-episode-70_5.mp3
70_7,70,"Yeah, yeah, yeah.",0,/Users/minjoolee/Downloads/MUStARD/PodSarc/all_processed/overly-sarcastic-podcast__ospod-episode-70/ospod-episode-70_7.mp3
70_8,70,"Yeah, the improv, communal storytelling expedience.",1,/Users/minjoolee/Downloads/MUStARD/PodSarc/all_processed/overly-sarcastic-podcast__ospod-episode-70/ospod-episode-70_8.mp3
70_13,70,"And if you are interested in that, it only gets better.",0,/Users/minjoolee/Downloads/MUStARD/PodSarc/all_processed/overly-sarcastic-podcast__ospod-episode-70/ospod-episode-70_13.mp3
70_15,70,"It's always fun, you know, to talk about these guys.",0,/Users/minjoolee/Downloads/MUStARD/PodSarc/all_processed/overly-sarcastic-podcast__ospod-episode-70/ospod-episode-70_15.mp3
70_21,70,"But yeah, on the subject of over 45 TTRPG systems, um.",0,/Users/minjoolee/Downloads/MUStARD/PodSarc/all_processed/overly-sarcastic-podcast__ospod-episode-70/ospod-episode-70_21.mp3
70_25,70,She pulled together like a 71 frame slideshow and just absolutely went to town. It was wildly impressive.,1,/Users/minjoolee/Downloads/MUStARD/PodSarc/all_processed/overly-sarcastic-podcast__ospod-episode-70/ospod-episode-70_25.mp3
70_29,70,"It was very funny getting like periodic text updates from you. Like she's crossed the like such and such slides threshold. She's adding an entire section on this. It's like, yes.",1,/Users/minjoolee/Downloads/MUStARD/PodSarc/all_processed/overly-sarcastic-podcast__ospod-episode-70/ospod-episode-70_29.mp3
70_32,70,"Oh man, so yeah, we, we had a great time, um, recording that, getting, just letting the education waft over us for about two and a half hours. And she's a natural.",1,/Users/minjoolee/Downloads/MUStARD/PodSarc/all_processed/overly-sarcastic-podcast__ospod-episode-70/ospod-episode-70_32.mp3
70_33,70,"And she's a natural at it too, which was really something to witness.",0,/Users/minjoolee/Downloads/MUStARD/PodSarc/all_processed/overly-sarcastic-podcast__ospod-episode-70/ospod-episode-70_33.mp3
70_36,70,I could tell that she was gonna nail it when you were alarmed by the way that she was laying out the course of the presentation.,1,/Users/minjoolee/Downloads/MUStARD/PodSarc/all_processed/overly-sarcastic-podcast__ospod-episode-70/ospod-episode-70_36.mp3
70_39,70,"Yeah, so, so we had a good time. Always, always fun to raise awareness for game systems that aren't under the.",1,/Users/minjoolee/Downloads/MUStARD/PodSarc/all_processed/overly-sarcastic-podcast__ospod-episode-70/ospod-episode-70_39.mp3
70_40,70,"Yeah, yeah.",0,/Users/minjoolee/Downloads/MUStARD/PodSarc/all_processed/overly-sarcastic-podcast__ospod-episode-70/ospod-episode-70_40.mp3
70_41,70,"Yeah, yeah, yeah, yeah.",0,/Users/minjoolee/Downloads/MUStARD/PodSarc/all_processed/overly-sarcastic-podcast__ospod-episode-70/ospod-episode-70_41.mp3
70_42,70,"Oh, yeah, you know, don't play D&D. Play, like, Pathfinder and Exalted. It's like, those are great. Like, those are basically, like, at its core, it's, it's the same fundamental game underneath it.",0,/Users/minjoolee/Downloads/MUStARD/PodSarc/all_processed/overly-sarcastic-podcast__ospod-episode-70/ospod-episode-70_42.mp3
70_46,70,"But man, uh, the, the premise of like, everyone is kind of the GM. All of them are taking notes on what they think is happening. None of them are allowed to share those notes with each other. It's just buck wild. It's an incredibly effective way to, um, make the,",0,/Users/minjoolee/Downloads/MUStARD/PodSarc/all_processed/overly-sarcastic-podcast__ospod-episode-70/ospod-episode-70_46.mp3
70_47,70,"make the world feel, like, bleak and horrific, but also, like,",0,/Users/minjoolee/Downloads/MUStARD/PodSarc/all_processed/overly-sarcastic-podcast__ospod-episode-70/ospod-episode-70_47.mp3
70_48,70,"Incomprehensible, but there are parts of it that make sense. Threads of logic that you can follow without ever finding out the whole story and kind of spoiling the romance of, you know, UX, horrifying, unknown, eldritch nightmare apocalypse.",1,/Users/minjoolee/Downloads/MUStARD/PodSarc/all_processed/overly-sarcastic-podcast__ospod-episode-70/ospod-episode-70_48.mp3
70_69,70,"And it was just really fun, you know, to sit back for a couple hours and just get educated.",1,/Users/minjoolee/Downloads/MUStARD/PodSarc/all_processed/overly-sarcastic-podcast__ospod-episode-70/ospod-episode-70_69.mp3
70_71,70,"that I, I learned existed in the course of that presentation. So, uh, fantastic, uh.",1,/Users/minjoolee/Downloads/MUStARD/PodSarc/all_processed/overly-sarcastic-podcast__ospod-episode-70/ospod-episode-70_71.mp3
70_75,70,"But, you know, that, that was great.",0,/Users/minjoolee/Downloads/MUStARD/PodSarc/all_processed/overly-sarcastic-podcast__ospod-episode-70/ospod-episode-70_75.mp3
70_76,70,"Yes, winding back a week and two thousand years. Uh, I had a, a history makers on Play-Doh.",1,/Users/minjoolee/Downloads/MUStARD/PodSarc/all_processed/overly-sarcastic-podcast__ospod-episode-70/ospod-episode-70_76.mp3
70_78,70,"for fun. I, fuck man, I, I don't know. Uh, and I was reading the youth of fro and I'm like, wait, this is really good? Hold on.",0,/Users/minjoolee/Downloads/MUStARD/PodSarc/all_processed/overly-sarcastic-podcast__ospod-episode-70/ospod-episode-70_78.mp3
70_79,70,"I, I can work with this.",0,/Users/minjoolee/Downloads/MUStARD/PodSarc/all_processed/overly-sarcastic-podcast__ospod-episode-70/ospod-episode-70_79.mp3
70_80,70,little interest sequence where I really highlight how much of a gremlin Socrates was like Diogenes is obviously the meme because he was just belligerent and everything. But Socrates is like a genuinely well-meaning.,1,/Users/minjoolee/Downloads/MUStARD/PodSarc/all_processed/overly-sarcastic-podcast__ospod-episode-70/ospod-episode-70_80.mp3
70_82,70,"I liked you photoshopping his, uh, little chibi head into the various crater bases. Yeah.",1,/Users/minjoolee/Downloads/MUStARD/PodSarc/all_processed/overly-sarcastic-podcast__ospod-episode-70/ospod-episode-70_82.mp3
70_87,70,Greek wise guys video two years ago and I just didn't want to retread the same ground.,1,/Users/minjoolee/Downloads/MUStARD/PodSarc/all_processed/overly-sarcastic-podcast__ospod-episode-70/ospod-episode-70_87.mp3
70_97,70,"Put up by the state, paid for meals, like, that's.",0,/Users/minjoolee/Downloads/MUStARD/PodSarc/all_processed/overly-sarcastic-podcast__ospod-episode-70/ospod-episode-70_97.mp3
70_120,70,"If one is an indomitable spirit, and if N is an indomitable spirit, then N plus one is an indomitable spirit, and therefore, soul's immortal? Question mark.",1,/Users/minjoolee/Downloads/MUStARD/PodSarc/all_processed/overly-sarcastic-podcast__ospod-episode-70/ospod-episode-70_120.mp3
70_124,70,"Oh, yeah, yeah, yeah.",0,/Users/minjoolee/Downloads/MUStARD/PodSarc/all_processed/overly-sarcastic-podcast__ospod-episode-70/ospod-episode-70_124.mp3
70_128,70,"we're lucky to have the whole lot of it, but also we can tell like, okay, you know, some of these are like really, really good. And some of these are like, okay, yeah, you know, it's fine.",1,/Users/minjoolee/Downloads/MUStARD/PodSarc/all_processed/overly-sarcastic-podcast__ospod-episode-70/ospod-episode-70_128.mp3
70_134,70,"I was really happy with how that one turned out. Um, that went into the best of blues videos playlist, uh, because I was quite pleased with.",1,/Users/minjoolee/Downloads/MUStARD/PodSarc/all_processed/overly-sarcastic-podcast__ospod-episode-70/ospod-episode-70_134.mp3
70_136,70,"Very, uh, happy to be able to, like, really get into, like, this is my shit. I studied philosophy in college.",0,/Users/minjoolee/Downloads/MUStARD/PodSarc/all_processed/overly-sarcastic-podcast__ospod-episode-70/ospod-episode-70_136.mp3
70_138,70,"Yeah, no, it was, uh, you could really feel the enthusiasm too. Just like how much this was your jam.",1,/Users/minjoolee/Downloads/MUStARD/PodSarc/all_processed/overly-sarcastic-podcast__ospod-episode-70/ospod-episode-70_138.mp3
70_139,70,"But, um, yeah, that about covers our, uh, videos for the last couple of weeks. So.",0,/Users/minjoolee/Downloads/MUStARD/PodSarc/all_processed/overly-sarcastic-podcast__ospod-episode-70/ospod-episode-70_139.mp3
70_149,70,"Mm-hm. But without further ado, let's get to our first property here. Uh, Heartstopper. Uh. Heard of it.",1,/Users/minjoolee/Downloads/MUStARD/PodSarc/all_processed/overly-sarcastic-podcast__ospod-episode-70/ospod-episode-70_149.mp3
70_150,70,"Yeah, no, yeah, it sounds familiar, but no. Yeah, warrior cats. No. I was a child of the early 2000s, I recall. I saw.",1,/Users/minjoolee/Downloads/MUStARD/PodSarc/all_processed/overly-sarcastic-podcast__ospod-episode-70/ospod-episode-70_150.mp3
70_151,70,Really?,0,/Users/minjoolee/Downloads/MUStARD/PodSarc/all_processed/overly-sarcastic-podcast__ospod-episode-70/ospod-episode-70_151.mp3
70_153,70,"Is that meant as a compliment? I also read Warrior Cats. Okay, yeah, I see it. No, I get it. Uh, no, uh, I just never picked him up. Uh, I was a fan of other animals have their own secret world stories. Uh, never got into Warrior Cats.",1,/Users/minjoolee/Downloads/MUStARD/PodSarc/all_processed/overly-sarcastic-podcast__ospod-episode-70/ospod-episode-70_153.mp3
70_160,70,"Between you and Dominic Noble, I really do get, um, the Discworld stuff from both sides. Uh, Hadestown. Yeah.",1,/Users/minjoolee/Downloads/MUStARD/PodSarc/all_processed/overly-sarcastic-podcast__ospod-episode-70/ospod-episode-70_160.mp3
70_170,70,"Never played it. Uh, it was my little brother's go-to game for a while growing up. Uh, Script Welder, the game dev known for Deep Sleep and Don't Escape. No, sorry. Sounds cool, though. Slugterra. No?",1,/Users/minjoolee/Downloads/MUStARD/PodSarc/all_processed/overly-sarcastic-podcast__ospod-episode-70/ospod-episode-70_170.mp3
70_171,70,I've heard that name before. I just have no idea what it is.,0,/Users/minjoolee/Downloads/MUStARD/PodSarc/all_processed/overly-sarcastic-podcast__ospod-episode-70/ospod-episode-70_171.mp3
70_176,70,"Wow, yeah, that's that explains why it's stuck in my brain. I've never seen it, but I suspect I saw the image for it on Netflix or something.",1,/Users/minjoolee/Downloads/MUStARD/PodSarc/all_processed/overly-sarcastic-podcast__ospod-episode-70/ospod-episode-70_176.mp3
70_177,70,does it? chaotic. game slash TV show.,0,/Users/minjoolee/Downloads/MUStARD/PodSarc/all_processed/overly-sarcastic-podcast__ospod-episode-70/ospod-episode-70_177.mp3
70_180,70,"Also, by the numbers, it just doesn't work out that you would ever be able to play a psycher because 10,000 of them are sacrificed every day to preserve the emperor on the golden throne. And that means, and it's also like incredibly rare to be born a psycher anyway. So if you do get born, you are absolutely getting scooped up and put in the mulcher. Sorry, gang.",1,/Users/minjoolee/Downloads/MUStARD/PodSarc/all_processed/overly-sarcastic-podcast__ospod-episode-70/ospod-episode-70_180.mp3
70_183,70,"Didn't, didn't read Dune Messiah, Children of Dune, God Emperor of Dune.",0,/Users/minjoolee/Downloads/MUStARD/PodSarc/all_processed/overly-sarcastic-podcast__ospod-episode-70/ospod-episode-70_183.mp3
70_187,70,"Uh, this one's for you, Blue. Discourses on Levi?",0,/Users/minjoolee/Downloads/MUStARD/PodSarc/all_processed/overly-sarcastic-podcast__ospod-episode-70/ospod-episode-70_187.mp3
70_188,70,"Yeah, yes, no, it's, it's great. Uh, it's one of Machiavelli's books, yeah. Uh, it's basically, it's the, the inverse, the prince, where the prince is like, wow.",1,/Users/minjoolee/Downloads/MUStARD/PodSarc/all_processed/overly-sarcastic-podcast__ospod-episode-70/ospod-episode-70_188.mp3
70_190,70,"Good, uh, we got time for one more here. Um, Dr. Horrible's sing-along blog. Oh, man.",1,/Users/minjoolee/Downloads/MUStARD/PodSarc/all_processed/overly-sarcastic-podcast__ospod-episode-70/ospod-episode-70_190.mp3
70_191,70,"Yeah, I watched through it once. Uh, long before Joss Whedon's fall from grace. Uh, haven't revisited it in the last, like, decade. Yeah.",1,/Users/minjoolee/Downloads/MUStARD/PodSarc/all_processed/overly-sarcastic-podcast__ospod-episode-70/ospod-episode-70_191.mp3
70_192,70,"Probably hasn't held up very well, if I had to guess. I have one or two songs",1,/Users/minjoolee/Downloads/MUStARD/PodSarc/all_processed/overly-sarcastic-podcast__ospod-episode-70/ospod-episode-70_192.mp3
70_193,70,"One or two songs from it that I think might still be the depths of my, like, musical and show songs playlist on Spotify. But like, that's a real holdover from the mid 2000s, similar to Red. I think maybe I watched it once and then it's just haven't touched it in 10 years.",1,/Users/minjoolee/Downloads/MUStARD/PodSarc/all_processed/overly-sarcastic-podcast__ospod-episode-70/ospod-episode-70_193.mp3
70_195,70,"Hell yeah, it's not in my alt account.",0,/Users/minjoolee/Downloads/MUStARD/PodSarc/all_processed/overly-sarcastic-podcast__ospod-episode-70/ospod-episode-70_195.mp3
70_196,70,"Yeah, sure.",0,/Users/minjoolee/Downloads/MUStARD/PodSarc/all_processed/overly-sarcastic-podcast__ospod-episode-70/ospod-episode-70_196.mp3
70_201,70,"And I'm sure that someone has made that a real thing at some point, but like. Oh yeah, tons of them.",1,/Users/minjoolee/Downloads/MUStARD/PodSarc/all_processed/overly-sarcastic-podcast__ospod-episode-70/ospod-episode-70_201.mp3
70_203,70,He's weirdly good at anything they decide to throw it. It's true. Yeah.,0,/Users/minjoolee/Downloads/MUStARD/PodSarc/all_processed/overly-sarcastic-podcast__ospod-episode-70/ospod-episode-70_203.mp3
70_208,70,"I know exactly what my answer to this question is. Um. Oh yeah. I want Cones of Dunshire from Parks and Rec to be a real game. And I think there is a Kickstarter or something that was making it into a real game, but I have not seen it. I want the hat. What?",1,/Users/minjoolee/Downloads/MUStARD/PodSarc/all_processed/overly-sarcastic-podcast__ospod-episode-70/ospod-episode-70_208.mp3
70_210,70,"Okay, alright, it's, I'm sure it's fine. The hat is probably very cool. It's a bit from the show where Adam Scott's character, when he's, uh, in between jobs for part of a season, goes, like, completely off the rails and start makes, like, a stop motion movie. And as part of this.",1,/Users/minjoolee/Downloads/MUStARD/PodSarc/all_processed/overly-sarcastic-podcast__ospod-episode-70/ospod-episode-70_210.mp3
70_218,70,"Cause we never have any ideas for it. We're just like, what would it be? And the answer is like. Trivia pursuit with incredible.",1,/Users/minjoolee/Downloads/MUStARD/PodSarc/all_processed/overly-sarcastic-podcast__ospod-episode-70/ospod-episode-70_218.mp3
70_219,70,"And the answer is like, trivia pursuit with incredibly specific category.",1,/Users/minjoolee/Downloads/MUStARD/PodSarc/all_processed/overly-sarcastic-podcast__ospod-episode-70/ospod-episode-70_219.mp3
70_224,70,"Oh man. The different adaptations of Sherlock Holmes. There are so many. My go-to fave is the high octane action Guy Ritchie movies. They're really good. They're quite, they're shockingly good. It's an incredibly interesting portrayal of Sherlock Holmes. The way he was always meant to be characterized. Riddled with ADHD.",1,/Users/minjoolee/Downloads/MUStARD/PodSarc/all_processed/overly-sarcastic-podcast__ospod-episode-70/ospod-episode-70_224.mp3
70_233,70,"have, and, you know what, it's fine. Those stories don't need to hold together the way that people think they do sometimes, but.",1,/Users/minjoolee/Downloads/MUStARD/PodSarc/all_processed/overly-sarcastic-podcast__ospod-episode-70/ospod-episode-70_233.mp3
70_237,70,"It's an incredibly consistent show for something that ran for five seasons. Like, there's never a point where it gets worse demonstrably.",1,/Users/minjoolee/Downloads/MUStARD/PodSarc/all_processed/overly-sarcastic-podcast__ospod-episode-70/ospod-episode-70_237.mp3
70_241,70,"It's so funny whenever they have to do that. You know, you always need at least one person in the cast who knows how to absolutely go to town on a motherfucker and can teach the rest of the cast. And then sometimes it doesn't make sense for that character to be already able to do that. I mean, she was a surgeon for God's sake. She needs her hands for other stuff. It makes sense. Um.",1,/Users/minjoolee/Downloads/MUStARD/PodSarc/all_processed/overly-sarcastic-podcast__ospod-episode-70/ospod-episode-70_241.mp3
70_244,70," yeah, yeah.",0,/Users/minjoolee/Downloads/MUStARD/PodSarc/all_processed/overly-sarcastic-podcast__ospod-episode-70/ospod-episode-70_244.mp3
70_254,70,"Um, but yeah. Yeah, that, that about covers that. I know there's other versions, but those are the ones that stick in my head. It's a fine.",1,/Users/minjoolee/Downloads/MUStARD/PodSarc/all_processed/overly-sarcastic-podcast__ospod-episode-70/ospod-episode-70_254.mp3
70_255,70,"You mean Herlock Shulms from the Great Ace Attorney Chronicles? I was, in fact.",1,/Users/minjoolee/Downloads/MUStARD/PodSarc/all_processed/overly-sarcastic-podcast__ospod-episode-70/ospod-episode-70_255.mp3
70_258,70,Ooh.,0,/Users/minjoolee/Downloads/MUStARD/PodSarc/all_processed/overly-sarcastic-podcast__ospod-episode-70/ospod-episode-70_258.mp3
70_262,70,"These characters have absolutely no chemistry. One of them barely has a personality. It just, it doesn't work like that. Or like.",0,/Users/minjoolee/Downloads/MUStARD/PodSarc/all_processed/overly-sarcastic-podcast__ospod-episode-70/ospod-episode-70_262.mp3
70_268,70,"I, well, the immediate joke answer was like, no mess, gross.",1,/Users/minjoolee/Downloads/MUStARD/PodSarc/all_processed/overly-sarcastic-podcast__ospod-episode-70/ospod-episode-70_268.mp3
70_269,70,"Well, I'm glad it's not just me today.",0,/Users/minjoolee/Downloads/MUStARD/PodSarc/all_processed/overly-sarcastic-podcast__ospod-episode-70/ospod-episode-70_269.mp3
70_280,70,"Yeah, and then it's like, oh wait, I can actually do what I want.",0,/Users/minjoolee/Downloads/MUStARD/PodSarc/all_processed/overly-sarcastic-podcast__ospod-episode-70/ospod-episode-70_280.mp3
70_285,70,"You know, again, going back to the Holmes and Watson drama. I was like, I wonder why this is resonating so hard. Ooh.",1,/Users/minjoolee/Downloads/MUStARD/PodSarc/all_processed/overly-sarcastic-podcast__ospod-episode-70/ospod-episode-70_285.mp3
70_288,70,"Spouse means you don't really need those friends anymore. Like, that's never true, but it is a weirdly pervasive social",1,/Users/minjoolee/Downloads/MUStARD/PodSarc/all_processed/overly-sarcastic-podcast__ospod-episode-70/ospod-episode-70_288.mp3
70_294,70,"We were going to a place that was inside, so it made sense for me to layer under the coat with sleeves, something without sleeves, so I would not overheat when we were indoors in the places that are warmed with geothermal volcano energy. I'm just saying it was tactical and it made sense, but, uh.",1,/Users/minjoolee/Downloads/MUStARD/PodSarc/all_processed/overly-sarcastic-podcast__ospod-episode-70/ospod-episode-70_294.mp3
70_295,70,"The funny thing is, I thought Iceland was going to be my hard limit. I brought, I had, like, thermals with me, uh, and I have, so I got thermal leggings, and I got, like, a thermal turtleneck, and I was like, yeah, this is pretty good, this is solid, I didn't wear it once. I wore the thermal leggings, those were great.",1,/Users/minjoolee/Downloads/MUStARD/PodSarc/all_processed/overly-sarcastic-podcast__ospod-episode-70/ospod-episode-70_295.mp3
70_296,70,I just didn't feel the need. Yeah.,0,/Users/minjoolee/Downloads/MUStARD/PodSarc/all_processed/overly-sarcastic-podcast__ospod-episode-70/ospod-episode-70_296.mp3
70_297,70,"Yeah, I don't know how you're doing that. I was layering up. I had my thermals underneath, sweaters on top. We were bundling.",1,/Users/minjoolee/Downloads/MUStARD/PodSarc/all_processed/overly-sarcastic-podcast__ospod-episode-70/ospod-episode-70_297.mp3
70_300,70,"Actually, I think you told me this before. Yeah, and he has a little, like, it looks like a Costco card that says in, like, ye olde language, recognized by Boreas Rex. This sailor has been recognized by Boreas Rex, King of the North, and it's got a whole thing, but it is, it does look like it's like a Costco card. I just thought that was funny.",1,/Users/minjoolee/Downloads/MUStARD/PodSarc/all_processed/overly-sarcastic-podcast__ospod-episode-70/ospod-episode-70_300.mp3
70_304,70,Traditions that maybe isn't going to turn up too many Google results. That's so cool.,0,/Users/minjoolee/Downloads/MUStARD/PodSarc/all_processed/overly-sarcastic-podcast__ospod-episode-70/ospod-episode-70_304.mp3
70_306,70,The coat has sleeves. This is a sensible thing to do.,1,/Users/minjoolee/Downloads/MUStARD/PodSarc/all_processed/overly-sarcastic-podcast__ospod-episode-70/ospod-episode-70_306.mp3
70_309,70,Describe your spider person to us. Give us a little overview. Huh.,0,/Users/minjoolee/Downloads/MUStARD/PodSarc/all_processed/overly-sarcastic-podcast__ospod-episode-70/ospod-episode-70_309.mp3
70_312,70,"That was it. Oh, people were making spider sonas back when into the spider, er, yeah.",1,/Users/minjoolee/Downloads/MUStARD/PodSarc/all_processed/overly-sarcastic-podcast__ospod-episode-70/ospod-episode-70_312.mp3
70_315,70,"Like, you'd see them in a crowd shot. It's like having the anime character with bright blue hair in the room full of brunettes. And it's like, all right, I found the main guy.",0,/Users/minjoolee/Downloads/MUStARD/PodSarc/all_processed/overly-sarcastic-podcast__ospod-episode-70/ospod-episode-70_315.mp3
70_325,70,"Just splatted, like, face down in the canal.",0,/Users/minjoolee/Downloads/MUStARD/PodSarc/all_processed/overly-sarcastic-podcast__ospod-episode-70/ospod-episode-70_325.mp3
70_327,70,Any ancient city could not sustain a Spider-Man. The buildings are way too short. You really need the verticality to make it work.,1,/Users/minjoolee/Downloads/MUStARD/PodSarc/all_processed/overly-sarcastic-podcast__ospod-episode-70/ospod-episode-70_327.mp3
70_329,70,"Especially if you make the, like, waistcoat part of the uniform into, like, part of the costume, so it is just sort of the tails as an extension of the spandex. That makes sense.",1,/Users/minjoolee/Downloads/MUStARD/PodSarc/all_processed/overly-sarcastic-podcast__ospod-episode-70/ospod-episode-70_329.mp3
70_330,70,"But okay, here's the thing. I, as someone who's designed a couple steampunk superheroes in my day, I think you can't have the full Spider-Man-like morph suit look. I think you need, like, the bandana mask and goggles. Oh, yeah, yeah. Uh, yeah.",1,/Users/minjoolee/Downloads/MUStARD/PodSarc/all_processed/overly-sarcastic-podcast__ospod-episode-70/ospod-episode-70_330.mp3
70_331,70,Yeah. Yeah. Yeah.,0,/Users/minjoolee/Downloads/MUStARD/PodSarc/all_processed/overly-sarcastic-podcast__ospod-episode-70/ospod-episode-70_331.mp3
70_335,70,"like, renfair pirate, like, boots and kind of poofy pants, that's, that's, that's the, that's the only compromise I'm willing to accept. I just don't like leggings.",1,/Users/minjoolee/Downloads/MUStARD/PodSarc/all_processed/overly-sarcastic-podcast__ospod-episode-70/ospod-episode-70_335.mp3
70_337,70,"You can go across the spider-verse, as it were. Oh, there it is. Don't go that way.",0,/Users/minjoolee/Downloads/MUStARD/PodSarc/all_processed/overly-sarcastic-podcast__ospod-episode-70/ospod-episode-70_337.mp3
70_338,70,"Oh, there it is. Look at that. I think. Oh, what aesthetic could really use a Spider-Man? I think.",1,/Users/minjoolee/Downloads/MUStARD/PodSarc/all_processed/overly-sarcastic-podcast__ospod-episode-70/ospod-episode-70_338.mp3
70_339,70,"One of them classic, like, sort of ghost in the shell cyberpunk future dystopias, where the skyscrapers are tall and the cost of living is steeper. That, that place needs a Spider-Man.",1,/Users/minjoolee/Downloads/MUStARD/PodSarc/all_processed/overly-sarcastic-podcast__ospod-episode-70/ospod-episode-70_339.mp3
70_343,70,"Get a lot of really cool, like, LEDs running through the, like, LEDs. Absolutely. You could outline the eyes on the mask with, like, light. Yup.",0,/Users/minjoolee/Downloads/MUStARD/PodSarc/all_processed/overly-sarcastic-podcast__ospod-episode-70/ospod-episode-70_343.mp3
70_345,70,So I guess that's my answer. Spider-Man Beyond.,0,/Users/minjoolee/Downloads/MUStARD/PodSarc/all_processed/overly-sarcastic-podcast__ospod-episode-70/ospod-episode-70_345.mp3
70_346,70,Every biological being evolves into a crab. Every superhero evolves into Batman Beyond.,1,/Users/minjoolee/Downloads/MUStARD/PodSarc/all_processed/overly-sarcastic-podcast__ospod-episode-70/ospod-episode-70_346.mp3
70_352,70,"That would be, that's Australian Spider-Man. Spider-Block. These are more Australian.",0,/Users/minjoolee/Downloads/MUStARD/PodSarc/all_processed/overly-sarcastic-podcast__ospod-episode-70/ospod-episode-70_352.mp3
70_353,70,"Ah, Spider-Man steam.",0,/Users/minjoolee/Downloads/MUStARD/PodSarc/all_processed/overly-sarcastic-podcast__ospod-episode-70/ospod-episode-70_353.mp3
70_355,70,"Oh, no. Oh, you know, I go, um, sonic spider. That's sound wave related. That feels not too far off.",1,/Users/minjoolee/Downloads/MUStARD/PodSarc/all_processed/overly-sarcastic-podcast__ospod-episode-70/ospod-episode-70_355.mp3
70_361,70,"I always find that incredibly charming when they do, they did this a couple of times in Across the Spider-Verse where a character will change their voice a little bit when they're talking to someone who would know them. So like, Miles making his voice a little bit deeper or Gwen putting on like a bit of a, a lilt to her voice when she's talking to her dad. I'm like, yeah, that's, that's how I would deal with that too. I think it would just be, I'm going to do my radio voice the entire time and therefore no one will ever recognize.",1,/Users/minjoolee/Downloads/MUStARD/PodSarc/all_processed/overly-sarcastic-podcast__ospod-episode-70/ospod-episode-70_361.mp3
70_364,70,"Only good part of that movie. Anyway, thank you all so much for listening. As always, we'll be back in two episodes with another fun installment of the OzPod, as we colloquially call it. Uh, check out World Anvil.",0,/Users/minjoolee/Downloads/MUStARD/PodSarc/all_processed/overly-sarcastic-podcast__ospod-episode-70/ospod-episode-70_364.mp3
70_367,70,"I've been blue. And to clarify, we don't have any panels or anything. They didn't want us. We're just going to be there.",1,/Users/minjoolee/Downloads/MUStARD/PodSarc/all_processed/overly-sarcastic-podcast__ospod-episode-70/ospod-episode-70_367.mp3
70_368,70,"Uh, this has been an Overly Sarcastic Podcast.",0,/Users/minjoolee/Downloads/MUStARD/PodSarc/all_processed/overly-sarcastic-podcast__ospod-episode-70/ospod-episode-70_368.mp3
71_8,71,On the rolling with difficulty copy because world anvil is also very generously often a sponsor of that podcast.,1,/Users/minjoolee/Downloads/MUStARD/PodSarc/all_processed/overly-sarcastic-podcast__ospod-episode-71/ospod-episode-71_8.mp3
71_11,71,"I'm gonna need to get, like, five subdued.",0,/Users/minjoolee/Downloads/MUStARD/PodSarc/all_processed/overly-sarcastic-podcast__ospod-episode-71/ospod-episode-71_11.mp3
71_13,71,"Oh, God damn it. Interested. Okay. We're silly today.",0,/Users/minjoolee/Downloads/MUStARD/PodSarc/all_processed/overly-sarcastic-podcast__ospod-episode-71/ospod-episode-71_13.mp3
71_25,71,"A long journey passed into the West, the Undying Lands.",1,/Users/minjoolee/Downloads/MUStARD/PodSarc/all_processed/overly-sarcastic-podcast__ospod-episode-71/ospod-episode-71_25.mp3
71_33,71,"Uh, I say having gone to Iceland for the volcano and fish tourism, so, you know.",1,/Users/minjoolee/Downloads/MUStARD/PodSarc/all_processed/overly-sarcastic-podcast__ospod-episode-71/ospod-episode-71_33.mp3
71_34,71,"Oh boy. But yes, the video that you made, there was a video. Later that day.",1,/Users/minjoolee/Downloads/MUStARD/PodSarc/all_processed/overly-sarcastic-podcast__ospod-episode-71/ospod-episode-71_34.mp3
71_36,71,"Oh, this needs to be a video. This absolutely has to be a video. This place fucking rules. Um, so of course, as soon as I got back, I got through all my other videos. I'm like, all right, castles, let's go. Um, and I had a fun time putting that together because the, that castle on its own.",0,/Users/minjoolee/Downloads/MUStARD/PodSarc/all_processed/overly-sarcastic-podcast__ospod-episode-71/ospod-episode-71_36.mp3
71_50,71,"Oh, that's so cool.",0,/Users/minjoolee/Downloads/MUStARD/PodSarc/all_processed/overly-sarcastic-podcast__ospod-episode-71/ospod-episode-71_50.mp3
71_51,71,"I want those, but for my house. And it came back and built one of those castles in the north. So I don't know if it's, um, if it's Conwy Castle or, um, one of the other ones. Cause there's Harlech, Conwy.",1,/Users/minjoolee/Downloads/MUStARD/PodSarc/all_processed/overly-sarcastic-podcast__ospod-episode-71/ospod-episode-71_51.mp3
71_53,71,He said after rattling off five uninterrupted minutes of correct castle facts.,1,/Users/minjoolee/Downloads/MUStARD/PodSarc/all_processed/overly-sarcastic-podcast__ospod-episode-71/ospod-episode-71_53.mp3
71_56,71,"It was good. It's a, it's an interesting, uh.",0,/Users/minjoolee/Downloads/MUStARD/PodSarc/all_processed/overly-sarcastic-podcast__ospod-episode-71/ospod-episode-71_56.mp3
71_58,71,"Well, Morris and Karen, a friend, that's what they are. Okay, sorry. Oh, cool.",0,/Users/minjoolee/Downloads/MUStARD/PodSarc/all_processed/overly-sarcastic-podcast__ospod-episode-71/ospod-episode-71_58.mp3
71_60,71,"sorry, right, continue.",0,/Users/minjoolee/Downloads/MUStARD/PodSarc/all_processed/overly-sarcastic-podcast__ospod-episode-71/ospod-episode-71_60.mp3
71_61,71,"Yeah. Intellectually, I knew this existed, but practically.",0,/Users/minjoolee/Downloads/MUStARD/PodSarc/all_processed/overly-sarcastic-podcast__ospod-episode-71/ospod-episode-71_61.mp3
71_62,71,"Uh, it just didn't really click. So, okay. I was just like, Oh, I saw the defunct land video about that. And then just moved on with my life. But yes, uh, castles are very, very cool.",1,/Users/minjoolee/Downloads/MUStARD/PodSarc/all_processed/overly-sarcastic-podcast__ospod-episode-71/ospod-episode-71_62.mp3
71_64,71,"Oh, boy. Yeah.",0,/Users/minjoolee/Downloads/MUStARD/PodSarc/all_processed/overly-sarcastic-podcast__ospod-episode-71/ospod-episode-71_64.mp3
71_65,71,"Germany has more castles than Wales because it has like, like, four thousand, I want to say, or like two thousand something, which is true. It has more, but also Germany's huge compared to Wales. So by density, Wales is by far the most.",0,/Users/minjoolee/Downloads/MUStARD/PodSarc/all_processed/overly-sarcastic-podcast__ospod-episode-71/ospod-episode-71_65.mp3
71_66,71,"I don't know if this is accurate, but the, uh, the impression I got is that Germany and its relationship with its castles and kingdoms and stuff is kind of like the real root of the fairy tale stereotype of like, ah, rescue the princess and you shall gain half my kingdom. And it's like half your kingdom is like one 64th of Germany, uh, cause there were",1,/Users/minjoolee/Downloads/MUStARD/PodSarc/all_processed/overly-sarcastic-podcast__ospod-episode-71/ospod-episode-71_66.mp3
71_67,71,"Five million castles everywhere, and five million little regional kings, and you know, the Grims, the Brothers Grimm, and.",1,/Users/minjoolee/Downloads/MUStARD/PodSarc/all_processed/overly-sarcastic-podcast__ospod-episode-71/ospod-episode-71_67.mp3
71_69,71,"So it kind of makes sense that that would color the, the stories that they were mostly getting. But, you know, that's always, whenever you, you expand the concept of the, the fairy tale castle and the fairy tale king and princess, it's, it's, it's, it's Germany. They have 4,000 castles cause they had 4,000 kings, princesses and half of the kingdoms to give out. Uh, I can't, I can't speak to that being 100% accurate.",1,/Users/minjoolee/Downloads/MUStARD/PodSarc/all_processed/overly-sarcastic-podcast__ospod-episode-71/ospod-episode-71_69.mp3
71_71,71,"As far as I'm aware, that, that sounds roughly correct. Right. Yeah. We've never spoken",0,/Users/minjoolee/Downloads/MUStARD/PodSarc/all_processed/overly-sarcastic-podcast__ospod-episode-71/ospod-episode-71_71.mp3
71_73,71,"No, Germany being a million tiny kingdoms for most of its history is absolutely factual.",1,/Users/minjoolee/Downloads/MUStARD/PodSarc/all_processed/overly-sarcastic-podcast__ospod-episode-71/ospod-episode-71_73.mp3
71_75,71,"Yeah, yeah.",0,/Users/minjoolee/Downloads/MUStARD/PodSarc/all_processed/overly-sarcastic-podcast__ospod-episode-71/ospod-episode-71_75.mp3
71_83,71,"That seems like a trend among the Disney live action remakes, doesn't it?",0,/Users/minjoolee/Downloads/MUStARD/PodSarc/all_processed/overly-sarcastic-podcast__ospod-episode-71/ospod-episode-71_83.mp3
71_87,71,"thoroughly in the visuals for the episode, but didn't, uh, actually, I think even mention, uh, out loud, which led to a couple of funny comments, like me having watched this episode, I know exactly what Red's talking about. And I'm filling it in my mind as I'm seeing the examples pass by, but gotta help anyone who isn't familiar. So Red, this is me giving you the platform that you, you didn't have earlier. Please tell us about Star Trek.",1,/Users/minjoolee/Downloads/MUStARD/PodSarc/all_processed/overly-sarcastic-podcast__ospod-episode-71/ospod-episode-71_87.mp3
71_90,71,"Oh, no, no, no, I, I 100% agree. Uh, so the primary example, uh, that I used for this, uh, for, for this video was an episode of, uh, TNG.",0,/Users/minjoolee/Downloads/MUStARD/PodSarc/all_processed/overly-sarcastic-podcast__ospod-episode-71/ospod-episode-71_90.mp3
71_94,71,"You know, reduce that to, uh, to blend in better with Starfleet. There's a funny little scene that I might have used as an example where he, like, teaches his daughter how to blink, uh, because it's a little thing that, like, really kind of helps not creep out the humans, which is also a funny way to cover for the fact that Data is covered, played by a human actor who does need to blink sometimes.",1,/Users/minjoolee/Downloads/MUStARD/PodSarc/all_processed/overly-sarcastic-podcast__ospod-episode-71/ospod-episode-71_94.mp3
71_97,71,"This is also when TNG randomly becomes a good show. Like it's a fun show before that, but we're like four seasons deep. And then suddenly we get yesterday's enterprise immediately followed by this episode and suddenly it's good. And I can't use it as background noise when I work anymore. Cause my brain is forcing me to pay attention. So that's fun. Um.",1,/Users/minjoolee/Downloads/MUStARD/PodSarc/all_processed/overly-sarcastic-podcast__ospod-episode-71/ospod-episode-71_97.mp3
71_109,71,"Specifically, the dynamic with humanity rather than just robots are cool, right? Let's talk about Transformers a little bit. Wee! Um, but, uh.",1,/Users/minjoolee/Downloads/MUStARD/PodSarc/all_processed/overly-sarcastic-podcast__ospod-episode-71/ospod-episode-71_109.mp3
71_112,71,That's validating.,0,/Users/minjoolee/Downloads/MUStARD/PodSarc/all_processed/overly-sarcastic-podcast__ospod-episode-71/ospod-episode-71_112.mp3
71_114,71,"Pull from this and make useful later, but in its current form, there's nothing here.",1,/Users/minjoolee/Downloads/MUStARD/PodSarc/all_processed/overly-sarcastic-podcast__ospod-episode-71/ospod-episode-71_114.mp3
71_118,71,"Stay tuned for our next couple of videos. Uh, but other than that, uh, let's move right along to the Q&A portion of the podcast.",0,/Users/minjoolee/Downloads/MUStARD/PodSarc/all_processed/overly-sarcastic-podcast__ospod-episode-71/ospod-episode-71_118.mp3
71_121,71,"Once your world is sorted exactly how you like, you can use the powerful built-in word processor to write your prose within easy reach of all your notes, or use your custom character sheets right in your tabletop games so you can get lost in your character without losing track of items or spells. Interested? Of course you are! And it only gets better because World Anvil is offering a special discount for all you lovely listeners. Just use code OVERLYSARCASTIC for up to 40% off any yearly membership. Thank you again to World Anvil for sponsoring today's podcast.",1,/Users/minjoolee/Downloads/MUStARD/PodSarc/all_processed/overly-sarcastic-podcast__ospod-episode-71/ospod-episode-71_121.mp3
71_126,71,"Yeah, to point to Boniface, who had a guy killed.",0,/Users/minjoolee/Downloads/MUStARD/PodSarc/all_processed/overly-sarcastic-podcast__ospod-episode-71/ospod-episode-71_126.mp3
71_130,71,"is, like, canonically in hell, I think, for a reason I can't.",0,/Users/minjoolee/Downloads/MUStARD/PodSarc/all_processed/overly-sarcastic-podcast__ospod-episode-71/ospod-episode-71_130.mp3
71_131,71,"pull off the top of my head, um, he was pretty iffy, uh, is, was he the guy who had a guy exhumed and tried or was he the guy who was like exhumed and tried as a corpse? I,",0,/Users/minjoolee/Downloads/MUStARD/PodSarc/all_processed/overly-sarcastic-podcast__ospod-episode-71/ospod-episode-71_131.mp3
71_136,71,"I gotta go for Boniface. Getting a guy killed. Like, that's.",0,/Users/minjoolee/Downloads/MUStARD/PodSarc/all_processed/overly-sarcastic-podcast__ospod-episode-71/ospod-episode-71_136.mp3
71_140,71,"Oh, uh, hold on, uh, he was, uh, 1161 to 1216. Oh yeah, he was the 13th.",0,/Users/minjoolee/Downloads/MUStARD/PodSarc/all_processed/overly-sarcastic-podcast__ospod-episode-71/ospod-episode-71_140.mp3
71_142,71,Crusaders innocent as an outlier and should not be considered.,0,/Users/minjoolee/Downloads/MUStARD/PodSarc/all_processed/overly-sarcastic-podcast__ospod-episode-71/ospod-episode-71_142.mp3
71_149,71,"Uh, this comes from Adalanta. Yeah, I was gonna say. There's no winning. If that was a torment.",1,/Users/minjoolee/Downloads/MUStARD/PodSarc/all_processed/overly-sarcastic-podcast__ospod-episode-71/ospod-episode-71_149.mp3
71_150,71,"Uh, Ethan, goddess, uh, goddess, guardian of the, uh, apples of eternal life in Norse mythology. Uh, she's a no drama bitch. She gets kidnapped one time and everyone goes to rescue her. Uh, and all of her, uh, it's heavily implied that the dwarves are her brothers. This doesn't really come up, but like they're all sons and daughters of Ivaldi. Uh, so you'd have the coolest in-laws and, uh, it would all, it would work out great, I think. And also I get to live forever because of the aforementioned apples of immortality. So win, win, win.",1,/Users/minjoolee/Downloads/MUStARD/PodSarc/all_processed/overly-sarcastic-podcast__ospod-episode-71/ospod-episode-71_150.mp3
71_154,71,The Greek pantheon is categorically just stay out. It's never good.,0,/Users/minjoolee/Downloads/MUStARD/PodSarc/all_processed/overly-sarcastic-podcast__ospod-episode-71/ospod-episode-71_154.mp3
71_159,71,"Yeah, yeah, that makes sense. Yeah. In terms of fun fact, I think we're all making it out of this.",0,/Users/minjoolee/Downloads/MUStARD/PodSarc/all_processed/overly-sarcastic-podcast__ospod-episode-71/ospod-episode-71_159.mp3
71_162,71,Damn it! I was right! Dionysus did invent the dildo in honor of a dead person who wanted to be his lover.,0,/Users/minjoolee/Downloads/MUStARD/PodSarc/all_processed/overly-sarcastic-podcast__ospod-episode-71/ospod-episode-71_162.mp3
71_163,71,"So, sorry for Googling Dionysus dildo myth.",1,/Users/minjoolee/Downloads/MUStARD/PodSarc/all_processed/overly-sarcastic-podcast__ospod-episode-71/ospod-episode-71_163.mp3
71_166,71,"Well, this next question is completely unrelated. It comes from Wolfheart2red. How many tank tops is too many tank tops? And why is the answer? There's no such thing as too many tank tops.",0,/Users/minjoolee/Downloads/MUStARD/PodSarc/all_processed/overly-sarcastic-podcast__ospod-episode-71/ospod-episode-71_166.mp3
71_167,71,"There's literally no such thing as too many tank tops. Uh, it's, it's great. Laundry Day gets postponed further and further. You can buy them in a six-pack at Target. It's fantastic.",1,/Users/minjoolee/Downloads/MUStARD/PodSarc/all_processed/overly-sarcastic-podcast__ospod-episode-71/ospod-episode-71_167.mp3
71_172,71,"Just a smidge under two weeks. If I don't have like other extraneous bullshit happening in my life, like random workers coming into the house to do something, uh, or like, you know, travel or, or whatever. So usually it's like, like three or four days.",1,/Users/minjoolee/Downloads/MUStARD/PodSarc/all_processed/overly-sarcastic-podcast__ospod-episode-71/ospod-episode-71_172.mp3
71_180,71,"For a general idea of how this often looks, uh, the video that's, my next video that's going up, which is going to go up on July 14th, uh. 17th? 17th? Is that correct? Yeah, sorry. Sorry. I don't remember how July works.",0,/Users/minjoolee/Downloads/MUStARD/PodSarc/all_processed/overly-sarcastic-podcast__ospod-episode-71/ospod-episode-71_180.mp3
71_181,71,"I hope so, otherwise I told Crat made the wrong number.",1,/Users/minjoolee/Downloads/MUStARD/PodSarc/all_processed/overly-sarcastic-podcast__ospod-episode-71/ospod-episode-71_181.mp3
71_182,71,"Oh, no. You might want to double check that because the 17th is a Monday. It is indeed the 14th. That's okay.",0,/Users/minjoolee/Downloads/MUStARD/PodSarc/all_processed/overly-sarcastic-podcast__ospod-episode-71/ospod-episode-71_182.mp3
71_189,71,"kinda got the assignment and when I actually made it happen, um.",1,/Users/minjoolee/Downloads/MUStARD/PodSarc/all_processed/overly-sarcastic-podcast__ospod-episode-71/ospod-episode-71_189.mp3
71_194,71,"Yeah, it's just shows there's a lot of different ways stuff can get done. Cause it's not like you were spending two years only working on the one project. Like you said, you're flipping between many, many different things. So.",0,/Users/minjoolee/Downloads/MUStARD/PodSarc/all_processed/overly-sarcastic-podcast__ospod-episode-71/ospod-episode-71_194.mp3
71_197,71,"Yeah, it, it basically, you know, the amount of complexity we put into it kind of fills the space that we have, I think. Like, we, we do the 80% rule of polish, but I know that if we had, if we did like three weeks instead of two, we'd fill that last week with something. Yeah, we would.",0,/Users/minjoolee/Downloads/MUStARD/PodSarc/all_processed/overly-sarcastic-podcast__ospod-episode-71/ospod-episode-71_197.mp3
71_206,71,"Is very, very chirpy. Yeah, I'd say go to your local library or, um.",0,/Users/minjoolee/Downloads/MUStARD/PodSarc/all_processed/overly-sarcastic-podcast__ospod-episode-71/ospod-episode-71_206.mp3
71_212,71,"That doesn't jive with you. History's gonna be rough to you. So I'd say, uh, try that and see how you like it, because it is really a lot of fun to, to dig into different civilizations and explore the past in that way.",0,/Users/minjoolee/Downloads/MUStARD/PodSarc/all_processed/overly-sarcastic-podcast__ospod-episode-71/ospod-episode-71_212.mp3
71_218,71,"Yeah, and to offer completely unsolicited non-historian advice. Um, I didn't find studying history at all interested until it became part of my Chinese degree in college. And I was like, wait, this area of the world is really fascinating to study, actually. So maybe just find.",0,/Users/minjoolee/Downloads/MUStARD/PodSarc/all_processed/overly-sarcastic-podcast__ospod-episode-71/ospod-episode-71_218.mp3
71_220,71,"Um, but. As someone who, uh, read the Guns of August over summer vacation in seventh grade and hated every second of it, uh, history is very, very hard to get through unless you're interested in at least one part of it. If you have a foothold, the history becomes so fascinating because everything is interconnected. So like, I only find history interesting in the context of contextualizing the myths I research and how they develop. I think that's very fun. And that makes it possible for me to research history that I could not get through at the time. So.",0,/Users/minjoolee/Downloads/MUStARD/PodSarc/all_processed/overly-sarcastic-podcast__ospod-episode-71/ospod-episode-71_220.mp3
71_225,71,"I'm a pretty basic bitch when it comes to pizza. I like a simple slice. Pepperoni. I've been coming around on veggie pizzas a lot recently. Um, not a huge fan of olives, but other than that, can't really go wrong.",0,/Users/minjoolee/Downloads/MUStARD/PodSarc/all_processed/overly-sarcastic-podcast__ospod-episode-71/ospod-episode-71_225.mp3
71_226,71,"I know it's not considered a topping, but like a really good margarita pizza with real nice fresh basil. Ooh, buddy. Yeah, that's a, that's a topping variety.",1,/Users/minjoolee/Downloads/MUStARD/PodSarc/all_processed/overly-sarcastic-podcast__ospod-episode-71/ospod-episode-71_226.mp3
71_229,71,"Yeah, pizza margaritas actually become my go-to recently, uh, just because I've been doing pepperoni.",1,/Users/minjoolee/Downloads/MUStARD/PodSarc/all_processed/overly-sarcastic-podcast__ospod-episode-71/ospod-episode-71_229.mp3
71_230,71,"I feel like when I want a pizza, it's so rarely do I gravitate to margarita just because I do want like the classic greasy, like New York slice. But I do like a good margarita pizza is a good pizza. You know, you're never going to take that. Um, a lot of places at the Jersey shore do a tomato pie, which is like kind of a thick crust, no cheese situation. And those do rock, but they're only good cold and covered in sand. So I feel like those aren't also maybe not toppings. Oh my God. Oh man. I, yeah.",1,/Users/minjoolee/Downloads/MUStARD/PodSarc/all_processed/overly-sarcastic-podcast__ospod-episode-71/ospod-episode-71_230.mp3
71_231,71,"I have a cousin on the East Coast who, uh, ordered, uh, like, fucking frozen, like, with ice packs, uh, Lou Malnati's deep dish pizza from Chicago one time. Cause he was like, he was like, I just, I can't, I can't get a solid inch of cheese anywhere on the Eastern seaboard.",1,/Users/minjoolee/Downloads/MUStARD/PodSarc/all_processed/overly-sarcastic-podcast__ospod-episode-71/ospod-episode-71_231.mp3
71_234,71,Medical issues that do not mix with that.,0,/Users/minjoolee/Downloads/MUStARD/PodSarc/all_processed/overly-sarcastic-podcast__ospod-episode-71/ospod-episode-71_234.mp3
71_236,71,"Cyan is elsewhere in the room right now and is doing her absolute best to not cackle out loud. It's okay, darling, you can laugh.",1,/Users/minjoolee/Downloads/MUStARD/PodSarc/all_processed/overly-sarcastic-podcast__ospod-episode-71/ospod-episode-71_236.mp3
71_248,71,"And I will, uh, let it run. And depending on how bad my head space is, sometimes I'll just let it go. And sometimes I'll sing along, uh, which is great because my YouTube mix is just absolutely incomprehensible. There's like, revengeance tracks in there. There's fucking bits of the Death Note musical. It's just, it's Buckwild, but, uh, it works really well. Uh, and I'll lose entire hours of progress just doing that, which is, uh, how you know it's working.",1,/Users/minjoolee/Downloads/MUStARD/PodSarc/all_processed/overly-sarcastic-podcast__ospod-episode-71/ospod-episode-71_248.mp3
71_252,71,"Oh yeah. I'll also sometimes when you've, uh, when you've been on the channel account, I'll spot like one hour Zelda study mix. And I'm like, ah, blue's been here.",0,/Users/minjoolee/Downloads/MUStARD/PodSarc/all_processed/overly-sarcastic-podcast__ospod-episode-71/ospod-episode-71_252.mp3
71_255,71,used to work for a very corporate company as a video editor where what people were saying did not necessarily matter. The only thing that mattered is that PowerPoint slides transitioned at the right time. So I get these like 40 minute long,1,/Users/minjoolee/Downloads/MUStARD/PodSarc/all_processed/overly-sarcastic-podcast__ospod-episode-71/ospod-episode-71_255.mp3
71_259,71,"Oh, boy.",0,/Users/minjoolee/Downloads/MUStARD/PodSarc/all_processed/overly-sarcastic-podcast__ospod-episode-71/ospod-episode-71_259.mp3
71_264,71,"Working my way through the, like, 50-hour audiobook of The Count of Monte Cristo, and honestly?",0,/Users/minjoolee/Downloads/MUStARD/PodSarc/all_processed/overly-sarcastic-podcast__ospod-episode-71/ospod-episode-71_264.mp3
71_266,71,"Uh, like a soap opera that you're tuning in for very, very slowly. Uh, much better than trying to read that brick. Uh, it's, it's so fun. And it does a really good job of just making the time fly by because like,",1,/Users/minjoolee/Downloads/MUStARD/PodSarc/all_processed/overly-sarcastic-podcast__ospod-episode-71/ospod-episode-71_266.mp3
71_269,71,Exactly.,0,/Users/minjoolee/Downloads/MUStARD/PodSarc/all_processed/overly-sarcastic-podcast__ospod-episode-71/ospod-episode-71_269.mp3
71_270,71,Oh. Oh.,0,/Users/minjoolee/Downloads/MUStARD/PodSarc/all_processed/overly-sarcastic-podcast__ospod-episode-71/ospod-episode-71_270.mp3
71_271,71,"Um, but we got time for one more question here before we sign off for the day. So this one, uh, is as usual, Red's five minute warning to have to do the outro.",1,/Users/minjoolee/Downloads/MUStARD/PodSarc/all_processed/overly-sarcastic-podcast__ospod-episode-71/ospod-episode-71_271.mp3
71_273,71,"First of all, I want to say this is one of my favorite questions we've ever received.",0,/Users/minjoolee/Downloads/MUStARD/PodSarc/all_processed/overly-sarcastic-podcast__ospod-episode-71/ospod-episode-71_273.mp3
71_274,71,"Yeah. Maxillotl, that's genius. I love it. Maxillotl, great name. Amazing question. 10 out of 10. No notes. Uh, but yeah. So you have a small animal controlling, so presumably something that has to be able to fit under a hat, whatever size hat is up to you. Um, but they are controlling your actions and they are very good at some skill.",1,/Users/minjoolee/Downloads/MUStARD/PodSarc/all_processed/overly-sarcastic-podcast__ospod-episode-71/ospod-episode-71_274.mp3
71_276,71,Although a bird would also be very funny because it would only have the feet to work with.,1,/Users/minjoolee/Downloads/MUStARD/PodSarc/all_processed/overly-sarcastic-podcast__ospod-episode-71/ospod-episode-71_276.mp3
71_281,71,"Well, I'm just thinking, like, if it can only control me with the feet, it's like, alright, it's, it's control is limited, but for skateboarding, really all I need is the legs to work. Yeah, I'm completely on board.",1,/Users/minjoolee/Downloads/MUStARD/PodSarc/all_processed/overly-sarcastic-podcast__ospod-episode-71/ospod-episode-71_281.mp3
71_282,71,"Yeah, I'm completely on board with this and I am going to be using that as my answer. Uh, I would like a smaller to control me at skateboarding.",1,/Users/minjoolee/Downloads/MUStARD/PodSarc/all_processed/overly-sarcastic-podcast__ospod-episode-71/ospod-episode-71_282.mp3
71_283,71,"Oh my god, I need that banner on my desk. It's tiny little feet are just doing kickflick trips and then it just translates into human scale. Yeah, exactly.",0,/Users/minjoolee/Downloads/MUStARD/PodSarc/all_processed/overly-sarcastic-podcast__ospod-episode-71/ospod-episode-71_283.mp3
71_284,71,"Yeah, exactly. There was a game I played for the special a while ago. I went through, like, an indie games phase where I was just like, what's, like, the five-dollar-iest games I can acquire this week? Um, one of them was a bird skateboarding game that basically had this exact plot. Oh yeah, Skatebird? Skatebird. Was it good? Yeah. It was very fun. It was a fun little game. I enjoyed it. Okay, cool. Cool. Check it out. Oh my god. I liked making my little bird. I liked making my little bird do tricks. Is it the most groundbreaking game I've ever played? No. Did it deliver on the promise of birds who skateboard? Yeah.",1,/Users/minjoolee/Downloads/MUStARD/PodSarc/all_processed/overly-sarcastic-podcast__ospod-episode-71/ospod-episode-71_284.mp3
71_285,71,"You know. I guess in this case I'm picturing like a sparrow that just goes by Tony Hawk or something though, you know?",1,/Users/minjoolee/Downloads/MUStARD/PodSarc/all_processed/overly-sarcastic-podcast__ospod-episode-71/ospod-episode-71_285.mp3
71_290,71,"Yeah, it'll just like, like stand me up and like make me like do a little like yoga, walk me over, get some water.",0,/Users/minjoolee/Downloads/MUStARD/PodSarc/all_processed/overly-sarcastic-podcast__ospod-episode-71/ospod-episode-71_290.mp3
71_291,71,"It's like, I can make the most relaxing bubble bath of all time happen right now.",0,/Users/minjoolee/Downloads/MUStARD/PodSarc/all_processed/overly-sarcastic-podcast__ospod-episode-71/ospod-episode-71_291.mp3
71_293,71,"I'm really enjoying this world we're creating here. I, again, this is maybe my favorite question I've ever read in this book.",0,/Users/minjoolee/Downloads/MUStARD/PodSarc/all_processed/overly-sarcastic-podcast__ospod-episode-71/ospod-episode-71_293.mp3
71_295,71,"Well, this does make sense.",0,/Users/minjoolee/Downloads/MUStARD/PodSarc/all_processed/overly-sarcastic-podcast__ospod-episode-71/ospod-episode-71_295.mp3
71_296,71,"Like, that is kind of how this works.",0,/Users/minjoolee/Downloads/MUStARD/PodSarc/all_processed/overly-sarcastic-podcast__ospod-episode-71/ospod-episode-71_296.mp3
71_301,71,"I guess it'd just be perched on my shoulder instead of, like, in my hat, Ratatouille style.",0,/Users/minjoolee/Downloads/MUStARD/PodSarc/all_processed/overly-sarcastic-podcast__ospod-episode-71/ospod-episode-71_301.mp3
71_307,71,I think this is Kung Fu Cat coming this summer.,0,/Users/minjoolee/Downloads/MUStARD/PodSarc/all_processed/overly-sarcastic-podcast__ospod-episode-71/ospod-episode-71_307.mp3
71_308,71,"Oh my god, I forgot somehow, even though I was given the warning.",0,/Users/minjoolee/Downloads/MUStARD/PodSarc/all_processed/overly-sarcastic-podcast__ospod-episode-71/ospod-episode-71_308.mp3
71_309,71,"Sorry, my executive function toad thinks I should have some water and stretch. Uh, thank you all so much for listening. We'll be back in two weeks with another exciting episode and we'll be back in the next couple of Fridays for some extra exciting, fun videos. So stay tuned for those. Uh, other stuff is happening. When is rolling with difficulty coming back? Is that now?",1,/Users/minjoolee/Downloads/MUStARD/PodSarc/all_processed/overly-sarcastic-podcast__ospod-episode-71/ospod-episode-71_309.mp3
72_3,72,I'm multitasking this podcast. I'm also breaking in my Renfair boots.,1,/Users/minjoolee/Downloads/MUStARD/PodSarc/all_processed/overly-sarcastic-podcast__ospod-episode-72/ospod-episode-72_3.mp3
72_9,72,"With over 45 game systems and the ability to create your own, World Anvil has the solutions for players no matter what rules they're using to create and roleplay their ideal character. Or, you know, like, a goblin bastard like we like to play sometimes instead of the ideal, you know?",1,/Users/minjoolee/Downloads/MUStARD/PodSarc/all_processed/overly-sarcastic-podcast__ospod-episode-72/ospod-episode-72_9.mp3
72_14,72,"I'm glad we have another recurring bit now, thanks to.",0,/Users/minjoolee/Downloads/MUStARD/PodSarc/all_processed/overly-sarcastic-podcast__ospod-episode-72/ospod-episode-72_14.mp3
72_15,72,My lack of creativity in copywriting.,1,/Users/minjoolee/Downloads/MUStARD/PodSarc/all_processed/overly-sarcastic-podcast__ospod-episode-72/ospod-episode-72_15.mp3
72_17,72,"Of course you are! It's always kind of funny to run into something that doesn't quite sound like how each of us writes, you know?",1,/Users/minjoolee/Downloads/MUStARD/PodSarc/all_processed/overly-sarcastic-podcast__ospod-episode-72/ospod-episode-72_17.mp3
72_19,72,"Rework it so it actually sounds natural, you know, coming out of our respective mouths. But in this case, it's just kind of like, I don't think I'd ever in my life say interested. Of course you are organically.",1,/Users/minjoolee/Downloads/MUStARD/PodSarc/all_processed/overly-sarcastic-podcast__ospod-episode-72/ospod-episode-72_19.mp3
72_24,72,"Yeah, this, this is a real treat. I, last year we got to do a little, a little combined, uh, triple threat, uh, a month of doing a video on, uh, the post-America.",0,/Users/minjoolee/Downloads/MUStARD/PodSarc/all_processed/overly-sarcastic-podcast__ospod-episode-72/ospod-episode-72_24.mp3
72_29,72,"He's pretty shrouded in myths, you know? Yeah, I know for sure. The myths of history.",0,/Users/minjoolee/Downloads/MUStARD/PodSarc/all_processed/overly-sarcastic-podcast__ospod-episode-72/ospod-episode-72_29.mp3
72_42,72,Yeah. Yeah. Yeah.,0,/Users/minjoolee/Downloads/MUStARD/PodSarc/all_processed/overly-sarcastic-podcast__ospod-episode-72/ospod-episode-72_42.mp3
72_43,72,"There are some, like, historical analogs, like, when Mao swam across the river faster than all these other youths, but it's, like, because of the current of the river, like, he probably could have just, like,",1,/Users/minjoolee/Downloads/MUStARD/PodSarc/all_processed/overly-sarcastic-podcast__ospod-episode-72/ospod-episode-72_43.mp3
72_45,72,"pretty far in like a 48 hour run without stopping to like sleep or anything, but.",0,/Users/minjoolee/Downloads/MUStARD/PodSarc/all_processed/overly-sarcastic-podcast__ospod-episode-72/ospod-episode-72_45.mp3
72_47,72,"Oh, it was, uh, it was a really fun video. And, uh, when we were talking about it, I remember, uh, there was a, like a brief interval kind of early in the scripting phase where you're like, I just don't know what.",0,/Users/minjoolee/Downloads/MUStARD/PodSarc/all_processed/overly-sarcastic-podcast__ospod-episode-72/ospod-episode-72_47.mp3
72_51,72,"So on the one hand, it's completely disconnected from everything that came after it. But on the other hand, it's completely foundational to everything that came after it. And, um,",0,/Users/minjoolee/Downloads/MUStARD/PodSarc/all_processed/overly-sarcastic-podcast__ospod-episode-72/ospod-episode-72_51.mp3
72_53,72,"It was a very useful conversation. It also helped me, uh, immediately jump into writing the intro for the next video. Um, slight, uh, slight little peek ahead. Patrons know what's up.",0,/Users/minjoolee/Downloads/MUStARD/PodSarc/all_processed/overly-sarcastic-podcast__ospod-episode-72/ospod-episode-72_53.mp3
72_58,72,"Not that I've, you know, redeemed myself from the Mesopotamia video. It wasn't a bad video. I just, I could have been better for sure. When I watched it back, I'm like, okay, yeah, you know, it's a little weak, but it's fine. But I feel really good about what I was able to do in this one and what I'll be able to do in the next video. So stay tuned for that one. It's very exciting.",0,/Users/minjoolee/Downloads/MUStARD/PodSarc/all_processed/overly-sarcastic-podcast__ospod-episode-72/ospod-episode-72_58.mp3
72_65,72,"Not ideal. So it was good that we were able to, to again come back and really do this one justice because your treatment of it was just truly fantastic and even as, as, as, as simple and foundational as how you started the video, that, that intro sequence just hits so good.",0,/Users/minjoolee/Downloads/MUStARD/PodSarc/all_processed/overly-sarcastic-podcast__ospod-episode-72/ospod-episode-72_65.mp3
72_66,72,"Thanks. When I was researching it and writing it up, the theme kind of hit me right out the gate. Like, wow, this.",0,/Users/minjoolee/Downloads/MUStARD/PodSarc/all_processed/overly-sarcastic-podcast__ospod-episode-72/ospod-episode-72_66.mp3
72_70,72,"Well, some people are, but like, the Minotaur skull is, could it just be the bull part?",1,/Users/minjoolee/Downloads/MUStARD/PodSarc/all_processed/overly-sarcastic-podcast__ospod-episode-72/ospod-episode-72_70.mp3
72_72,72,"You know, I, I love talking about that whole Pleiades myth thing, because as soon as that new story dropped a few years ago, I was like, Oh my God, this is going to rewire my brain. Uh, and I, I love that concept, but there are other explanations that could be true. Um, and, uh,",0,/Users/minjoolee/Downloads/MUStARD/PodSarc/all_processed/overly-sarcastic-podcast__ospod-episode-72/ospod-episode-72_72.mp3
72_73,72,"She got unpersoned. Um, but.",1,/Users/minjoolee/Downloads/MUStARD/PodSarc/all_processed/overly-sarcastic-podcast__ospod-episode-72/ospod-episode-72_73.mp3
72_77,72,It's so wild to me that we just didn't know about him. Like.,0,/Users/minjoolee/Downloads/MUStARD/PodSarc/all_processed/overly-sarcastic-podcast__ospod-episode-72/ospod-episode-72_77.mp3
72_87,72,"Yeah, and then it's like. Some 80% of cuneiform tablets are from the Or 3 period when they made the ziggurat and it's just business logs. Yeah.",1,/Users/minjoolee/Downloads/MUStARD/PodSarc/all_processed/overly-sarcastic-podcast__ospod-episode-72/ospod-episode-72_87.mp3
72_88,72,"Yeah, it's just, it's like, if all the documentation we had of our culture was target receipts. And then they start deciphering this and it's like, Atrahasis, and I made a boat.",1,/Users/minjoolee/Downloads/MUStARD/PodSarc/all_processed/overly-sarcastic-podcast__ospod-episode-72/ospod-episode-72_88.mp3
72_89,72,Yeah. Yeah. Yeah.,0,/Users/minjoolee/Downloads/MUStARD/PodSarc/all_processed/overly-sarcastic-podcast__ospod-episode-72/ospod-episode-72_89.mp3
72_95,72,"Gilgamesh was a god who was a god in man. Enkidu was beast in man. It is the story of them becoming human together. Like, that's so good. Nowhere in the original cuneiform, nowhere in the Andrew George translation, but it's so good.",0,/Users/minjoolee/Downloads/MUStARD/PodSarc/all_processed/overly-sarcastic-podcast__ospod-episode-72/ospod-episode-72_95.mp3
72_96,72,Good.,0,/Users/minjoolee/Downloads/MUStARD/PodSarc/all_processed/overly-sarcastic-podcast__ospod-episode-72/ospod-episode-72_96.mp3
72_101,72,"but, he can still have a form of immortality, that's cool as hell.",0,/Users/minjoolee/Downloads/MUStARD/PodSarc/all_processed/overly-sarcastic-podcast__ospod-episode-72/ospod-episode-72_101.mp3
72_104,72,"You know what? This city's pretty great. You know, let's, let's, let's make it better with the time I've got left.",0,/Users/minjoolee/Downloads/MUStARD/PodSarc/all_processed/overly-sarcastic-podcast__ospod-episode-72/ospod-episode-72_104.mp3
72_106,72,"He becomes immortal through the collective work of a large number of people that Gilgamesh had no power over, very similarly to how Utnapishtim became immortal through the collective choice of the gods that he definitely had no power over.",0,/Users/minjoolee/Downloads/MUStARD/PodSarc/all_processed/overly-sarcastic-podcast__ospod-episode-72/ospod-episode-72_106.mp3
72_107,72,"I'm not going to say that that was an intentional theme that they put in there because, you know, I really like it, but, uh, there's a lot of hindsight that's affecting that and, um.",1,/Users/minjoolee/Downloads/MUStARD/PodSarc/all_processed/overly-sarcastic-podcast__ospod-episode-72/ospod-episode-72_107.mp3
72_111,72,"Platonic opposite of the, the, the seal fight video I made last year, uh, where it was just kind of like, I went looking for the story and there's nothing, there's nothing there. There's nothing here. Yeah. So this was, uh, this was kind of a beautiful little clean, like healing moment for me. I'm like, there really is all this cool shit.",0,/Users/minjoolee/Downloads/MUStARD/PodSarc/all_processed/overly-sarcastic-podcast__ospod-episode-72/ospod-episode-72_111.mp3
72_116,72,"There's, there's a lot more that there, that there is to talk about this because it's such a, a, a huge, I think a huge video for the channel to, to have is just really, really great. Um, the art's fantastic. The jokes are really fucking funny. Um, the Atra-Hassa section that you did illustrating it in a kind of like stylized, like painterly.",1,/Users/minjoolee/Downloads/MUStARD/PodSarc/all_processed/overly-sarcastic-podcast__ospod-episode-72/ospod-episode-72_116.mp3
72_122,72,"I, uh, will say on that subject, if you can't get enough Gilgamesh and Bull, uh, we have.",0,/Users/minjoolee/Downloads/MUStARD/PodSarc/all_processed/overly-sarcastic-podcast__ospod-episode-72/ospod-episode-72_122.mp3
72_123,72,"thank you, too, fair.",0,/Users/minjoolee/Downloads/MUStARD/PodSarc/all_processed/overly-sarcastic-podcast__ospod-episode-72/ospod-episode-72_123.mp3
72_129,72,"Yeah. I always have so much fun designing the constellation pins and, uh.",0,/Users/minjoolee/Downloads/MUStARD/PodSarc/all_processed/overly-sarcastic-podcast__ospod-episode-72/ospod-episode-72_129.mp3
72_151,72,"hm, DC superheroes. There are so many.",0,/Users/minjoolee/Downloads/MUStARD/PodSarc/all_processed/overly-sarcastic-podcast__ospod-episode-72/ospod-episode-72_151.mp3
72_157,72,"I think there might actually be a red lantern that's a cat, though. I should check that. Almost certainly.",0,/Users/minjoolee/Downloads/MUStARD/PodSarc/all_processed/overly-sarcastic-podcast__ospod-episode-72/ospod-episode-72_157.mp3
72_159,72,"I guess, like, realistically, as much as I like Superman, I feel like I'd make a good, like, oracle type character for Batman. I mean, oracle already does the job so well, so either I'd just be, like, useless or redundant or hoping for a universe where there is no oracle as of yet.",1,/Users/minjoolee/Downloads/MUStARD/PodSarc/all_processed/overly-sarcastic-podcast__ospod-episode-72/ospod-episode-72_159.mp3
72_163,72,"He's so serious most of the time that you get to really be fun and quirky. But also the BatFam historically doesn't have a great, like.",1,/Users/minjoolee/Downloads/MUStARD/PodSarc/all_processed/overly-sarcastic-podcast__ospod-episode-72/ospod-episode-72_163.mp3
72_164,72,Survival ratio to life expectancy.,1,/Users/minjoolee/Downloads/MUStARD/PodSarc/all_processed/overly-sarcastic-podcast__ospod-episode-72/ospod-episode-72_164.mp3
72_165,72,"But the good thing is like, now that the BatFam is all like expanded and you've got writers in charge who actually really liked the idea of Bruce having like, like 5 million kids, you just get an immediate social circle out of it. And every time you get kidnapped, you have like eight siblings that are ready to bust down the door and get",1,/Users/minjoolee/Downloads/MUStARD/PodSarc/all_processed/overly-sarcastic-podcast__ospod-episode-72/ospod-episode-72_165.mp3
72_166,72,"Other flashes, yeah. Yeah. Yeah.",0,/Users/minjoolee/Downloads/MUStARD/PodSarc/all_processed/overly-sarcastic-podcast__ospod-episode-72/ospod-episode-72_166.mp3
72_170,72,"I want to, uh, be like an intern for the question. I think he's really funny. Uh, I love his gimmick, his faceless vibe. Uh, I could like man the, uh, uh, the, the events of, yeah, I could man the info desk while he and Huntress are out having cute little dates. Uh, I think it would be really fun and rewarding. And cause he's like a street level superhero. I wouldn't need to. So I think the vibe is like.",1,/Users/minjoolee/Downloads/MUStARD/PodSarc/all_processed/overly-sarcastic-podcast__ospod-episode-72/ospod-episode-72_170.mp3
72_171,72,"Like, Jimmy Olsen on an apprenticeship with the question. Like, no powers, not necessarily even a costume. Just like, uh, do you have a comment for the paper? But like, I'm like, I'm like, um.",0,/Users/minjoolee/Downloads/MUStARD/PodSarc/all_processed/overly-sarcastic-podcast__ospod-episode-72/ospod-episode-72_171.mp3
72_173,72,"And, uh, you know, just enough fast talking or like, or like the whole like, Oh, I'm sorry. This wasn't the way to the bathroom. I was with the tour group. I'll just leave like that kind of thing. Uh, cause the question's whole thing is that like, he's this conspiracy theorist. Uh, but he's right about most things because the DC universe is insane. Um, so it would be kind of cool to just unravel, you know, look behind the web, see what's actually going on and hang out with a cool faceless guy and his extremely bad ass girlfriend.",0,/Users/minjoolee/Downloads/MUStARD/PodSarc/all_processed/overly-sarcastic-podcast__ospod-episode-72/ospod-episode-72_173.mp3
72_174,72,"Yeah. If you want to do that, I feel like I could, I can kind of pull some of my answers together and I can be like an oracle type character specifically for Superman. So it's like, I'm basically player in Carmen Sandiego, like in my little like reporter cave, doing all kinds of like digging while like Clark's out there doing whatever the hell Superman stuff he's doing this particular week. I feel like, and then we could be buds. So we could like have like our little journalism crew where we hang out.",0,/Users/minjoolee/Downloads/MUStARD/PodSarc/all_processed/overly-sarcastic-podcast__ospod-episode-72/ospod-episode-72_174.mp3
72_175,72,"Where are we hanging out? I love this. Yeah. I was thinking, like, more street level, and not quite as street level as question, but like, Black Canary is one of my all time favorite DC characters. And I do think that she deserves a sidekick, but she's so just like, I'm going to punch a man, even though I can scream, uh, that I do think it would be a lot of just like, I'm just kind of her babysitter and like, first aid kit carrying gal.",1,/Users/minjoolee/Downloads/MUStARD/PodSarc/all_processed/overly-sarcastic-podcast__ospod-episode-72/ospod-episode-72_175.mp3
72_181,72,incredible.,0,/Users/minjoolee/Downloads/MUStARD/PodSarc/all_processed/overly-sarcastic-podcast__ospod-episode-72/ospod-episode-72_181.mp3
72_182,72,"Heartbreakingly, it was like, I find who hurt you. I kill. I good kitty. So, Dextar is officially my favorite DC character, but I still want my internship with the question.",0,/Users/minjoolee/Downloads/MUStARD/PodSarc/all_processed/overly-sarcastic-podcast__ospod-episode-72/ospod-episode-72_182.mp3
72_184,72,"I'll, I'll never not refer to him as anything other than the great. And there was one point, um, in an, an upcoming video where I mentioned him. And when I wrote it, I like, I was focusing on another part of the sentence. So I instinctively wrote like Alexander the great. I didn't be like, wait, no, wrong, delete, get out of here.",0,/Users/minjoolee/Downloads/MUStARD/PodSarc/all_processed/overly-sarcastic-podcast__ospod-episode-72/ospod-episode-72_184.mp3
72_191,72,"Yeah, I've seen a meme where it's like every anime has a different level of anime bullshit. And when recommending an anime to someone else, you have to understand exactly",0,/Users/minjoolee/Downloads/MUStARD/PodSarc/all_processed/overly-sarcastic-podcast__ospod-episode-72/ospod-episode-72_191.mp3
72_196,72,"I don't even know if that's like, I think they should stop doing these things. So I would like it more. I think at that point, it's just like, I can just watch other stuff. There's so much stuff out there. I've been watching some classic Gundam recently. Uh, there's a very low amount of dumb anime bullshit in those. Uh,",0,/Users/minjoolee/Downloads/MUStARD/PodSarc/all_processed/overly-sarcastic-podcast__ospod-episode-72/ospod-episode-72_196.mp3
72_203,72,"Yeah, that's a tough one. I'm trying to think and I can't thread that needle with anything right now.",0,/Users/minjoolee/Downloads/MUStARD/PodSarc/all_processed/overly-sarcastic-podcast__ospod-episode-72/ospod-episode-72_203.mp3
72_205,72,"And then, without warning, the next issue is by a completely different team, and now you don't like it anymore. So these characters that you like are on like a yo-yo, where it's like, oh man, this Thor run is so good, this first arc is great, and then, uh, no, everything after it is bad, unfortunately, like,",0,/Users/minjoolee/Downloads/MUStARD/PodSarc/all_processed/overly-sarcastic-podcast__ospod-episode-72/ospod-episode-72_205.mp3
72_207,72,"So I guess the thing is like, I know this is an impossible ask. It's like, Oh, I just wish that all the comics I liked continued forever written by the same person without ever, uh.",0,/Users/minjoolee/Downloads/MUStARD/PodSarc/all_processed/overly-sarcastic-podcast__ospod-episode-72/ospod-episode-72_207.mp3
72_209,72,"And that the entire universe held together cleanly in a way that I appreciated. Uh, and it's kind of frustrating that",0,/Users/minjoolee/Downloads/MUStARD/PodSarc/all_processed/overly-sarcastic-podcast__ospod-episode-72/ospod-episode-72_209.mp3
72_210,72,"Realistically, I can't ask for that. That would be stupid. But what I have instead is something I don't particularly like, except I do enjoy",1,/Users/minjoolee/Downloads/MUStARD/PodSarc/all_processed/overly-sarcastic-podcast__ospod-episode-72/ospod-episode-72_210.mp3
72_214,72,"I was like, okay, this is not quite as good. It's still like Henry Cavill, but like, eh. And now that it's like, okay, well, he's going to be gone at the end of this. Like, I can't invest myself in this, but Castlevania was so good. And I'm going to be chasing the high of finding a show like that for a while because everything else that's kind of like it is just.",0,/Users/minjoolee/Downloads/MUStARD/PodSarc/all_processed/overly-sarcastic-podcast__ospod-episode-72/ospod-episode-72_214.mp3
72_221,72,"And I really like that. I thought that was really fun. So, like, more just animated pseudo-adult series in fantasy worlds are coming out now, and that's good, because...",0,/Users/minjoolee/Downloads/MUStARD/PodSarc/all_processed/overly-sarcastic-podcast__ospod-episode-72/ospod-episode-72_221.mp3
72_224,72,"Well, I just made the single shadiest expression I've ever seen this man make in my entire",0,/Users/minjoolee/Downloads/MUStARD/PodSarc/all_processed/overly-sarcastic-podcast__ospod-episode-72/ospod-episode-72_224.mp3
72_228,72,"advancement in the last couple days, and Bob Iger is revealing himself to be a real piece of shit, so.",0,/Users/minjoolee/Downloads/MUStARD/PodSarc/all_processed/overly-sarcastic-podcast__ospod-episode-72/ospod-episode-72_228.mp3
72_232,72,This is a complete tangent from what the fuck we were talking about. We should move on to another question.,0,/Users/minjoolee/Downloads/MUStARD/PodSarc/all_processed/overly-sarcastic-podcast__ospod-episode-72/ospod-episode-72_232.mp3
72_237,72,"Batman is, you know, he hangs out with the team, but he's not on the team. And so Batman episodes are a little bit less common. Uh, this is because they were sort of bound by the continuity of Batman Beyond, which came out before Justice League. And in that one, they offhandedly mentioned that Batman never made it past a part-time member of the League, which meant for all of Justice League, Batman could not join the League. He just had to keep being like, no thanks, bye.",1,/Users/minjoolee/Downloads/MUStARD/PodSarc/all_processed/overly-sarcastic-podcast__ospod-episode-72/ospod-episode-72_237.mp3
72_238,72,"I have a contingency plan to kill all of you, but I will not participate in your games.",1,/Users/minjoolee/Downloads/MUStARD/PodSarc/all_processed/overly-sarcastic-podcast__ospod-episode-72/ospod-episode-72_238.mp3
72_243,72,"He played Lex Luthor in a completely different show. Michael Rosenbaum, uh, who plays the Flash in Justice League, playing Lex in Flash's body. Michael Rosenbaum played the Flash on Small, uh, sorry, played, uh, Lex Luthor on Smallville. So they were like, each of them was really good at performing the other ones, like vocal quirks, like Clancy Brown's like, no, cause I'm evil, was just like solid gold. And, uh,",0,/Users/minjoolee/Downloads/MUStARD/PodSarc/all_processed/overly-sarcastic-podcast__ospod-episode-72/ospod-episode-72_243.mp3
72_250,72,"And Bruce is explaining why he won't date on the team. And Diana just like crushes the gargoyle's head in her hand. And Bruce does not acknowledge it. Like he saw it, but he does not acknowledge it in conversation.",1,/Users/minjoolee/Downloads/MUStARD/PodSarc/all_processed/overly-sarcastic-podcast__ospod-episode-72/ospod-episode-72_250.mp3
72_252,72,"For the record, the episode I was thinking of is called The Great Brain Robbery, which I love with all my heart. Um. Excellent.",0,/Users/minjoolee/Downloads/MUStARD/PodSarc/all_processed/overly-sarcastic-podcast__ospod-episode-72/ospod-episode-72_252.mp3
72_253,72,"But yes, the, the Cersei cursing Wonder Woman episode is good because that's the episode that ends with, uh, Bruce Wayne singing, Am I Blue? Uh.",0,/Users/minjoolee/Downloads/MUStARD/PodSarc/all_processed/overly-sarcastic-podcast__ospod-episode-72/ospod-episode-72_253.mp3
72_258,72,"I feel like, I, I was, I, I watched, uh, the, the good ones, so the first and third one, uh, with Magenta the other week, and, uh, man, we, we were just going off about, like, how,",0,/Users/minjoolee/Downloads/MUStARD/PodSarc/all_processed/overly-sarcastic-podcast__ospod-episode-72/ospod-episode-72_258.mp3
72_260,72,"And the idea of like, cause his like civilian identity is just such a like awkward, you know, clean cut soft boy. And I just like the idea of them being like, so there was this guy involved in this international incident in Egypt the other week. And I swear it was Dr. Jones, but like, like with this like fedora.",1,/Users/minjoolee/Downloads/MUStARD/PodSarc/all_processed/overly-sarcastic-podcast__ospod-episode-72/ospod-episode-72_260.mp3
72_263,72,"That's a fantastic answer. I have very similar feelings about, um, I think it'd be very funny to make Dr. Ian Malcolm from Jurassic Park, uh, Jeff Goldblum's character, teach a college class, but not math. It has to be like philosophy or something. He'd be insufferable and it'd be so funny.",1,/Users/minjoolee/Downloads/MUStARD/PodSarc/all_processed/overly-sarcastic-podcast__ospod-episode-72/ospod-episode-72_263.mp3
72_264,72,"I think it's like, yeah, of course.",0,/Users/minjoolee/Downloads/MUStARD/PodSarc/all_processed/overly-sarcastic-podcast__ospod-episode-72/ospod-episode-72_264.mp3
72_267,72,"Other than that, I never saw him wear anything other than, like, sweater vest over button down with, like, slacks.",0,/Users/minjoolee/Downloads/MUStARD/PodSarc/all_processed/overly-sarcastic-podcast__ospod-episode-72/ospod-episode-72_267.mp3
72_272,72,"But then, like, there's the one thing where it's like, I caught her during office hours when she was really stressed and I swear she crushed that doorknob in her hands.",1,/Users/minjoolee/Downloads/MUStARD/PodSarc/all_processed/overly-sarcastic-podcast__ospod-episode-72/ospod-episode-72_272.mp3
72_275,72,"I, this is, there's so many good answers and I can think of exactly none of them. Um.",0,/Users/minjoolee/Downloads/MUStARD/PodSarc/all_processed/overly-sarcastic-podcast__ospod-episode-72/ospod-episode-72_275.mp3
72_276,72,"You're seeing the mic. You're so close. You're seeing the little face. Oh, God.",0,/Users/minjoolee/Downloads/MUStARD/PodSarc/all_processed/overly-sarcastic-podcast__ospod-episode-72/ospod-episode-72_276.mp3
72_280,72,"I'm getting, I'm getting like college level Miss Frizzle energy of like, we're going on a field trip and everyone is, there's a mix of dread and excitement at that concept. Yeah.",0,/Users/minjoolee/Downloads/MUStARD/PodSarc/all_processed/overly-sarcastic-podcast__ospod-episode-72/ospod-episode-72_280.mp3
72_287,72,"We've been to the front entrance of Disneyland, downtown Disney there. Yeah, pretty good ice cream. For VidCon. Pretty, pretty great ice cream, yeah.",1,/Users/minjoolee/Downloads/MUStARD/PodSarc/all_processed/overly-sarcastic-podcast__ospod-episode-72/ospod-episode-72_287.mp3
72_291,72,"Yeah, I've, the closest I've ever gotten to going to a Disney park is that when we got ice cream at VidCon and did not actually enter one of the parks proper, we were just sort of floating around outside. Um.",0,/Users/minjoolee/Downloads/MUStARD/PodSarc/all_processed/overly-sarcastic-podcast__ospod-episode-72/ospod-episode-72_291.mp3
72_292,72,"I did grow up in the nexus of Pennsylvania, Jersey, where you get Dorney Park, Six Flags, Hershey, Knobels, and then all the random, like, shore towns that have, like, a 500 square foot roller coaster or whatever.",1,/Users/minjoolee/Downloads/MUStARD/PodSarc/all_processed/overly-sarcastic-podcast__ospod-episode-72/ospod-episode-72_292.mp3
72_294,72,"Janky sometimes, but I've been there when no one else is and getting on a ride like 10 times in a row, just cause no one else has gotten in line is an experience that you cannot have at many theme parks. So gotta give it to them. And Knobels is cool because they have wooden roller coasters. Uh, even if they terrify me every time, cause I fear them falling to pieces. Yeah. They shake so much, but.",1,/Users/minjoolee/Downloads/MUStARD/PodSarc/all_processed/overly-sarcastic-podcast__ospod-episode-72/ospod-episode-72_294.mp3
72_298,72,"But, I, I did not go on any of the rides. I was just, like, waiting to, like, for them to go on the rides in the long lines and come back, and I was like, it seems like you guys are having fun, but I-",1,/Users/minjoolee/Downloads/MUStARD/PodSarc/all_processed/overly-sarcastic-podcast__ospod-episode-72/ospod-episode-72_298.mp3
72_304,72,"We were outside of Disneyland. That was pretty fun. I've driven past Six Flags Great America, I think, a couple of times.",0,/Users/minjoolee/Downloads/MUStARD/PodSarc/all_processed/overly-sarcastic-podcast__ospod-episode-72/ospod-episode-72_304.mp3
72_313,72,"Well, you could just go, like, are you going for the roller coasters or are you going for something else? Cause this does really color which parks you're going to be into. I don't know. I think the other, I like a roller coaster. I like a thrill. And I don't think that the character stuff does anything for me, which is probably why my answer is the place where you can get a lot of chocolate based foods as opposed to generic.",1,/Users/minjoolee/Downloads/MUStARD/PodSarc/all_processed/overly-sarcastic-podcast__ospod-episode-72/ospod-episode-72_313.mp3
72_317,72,"The run and gun way to get around. My, every time I've gone to a theme park with someone who cares about that theme park, it has been a terrible time. And every time I've gone with someone who also does not even care a little bit, it's been great. We meander where we want to go. If we have to go wait in line for a ride, it's no big deal. It's like, that's the way to do it.",0,/Users/minjoolee/Downloads/MUStARD/PodSarc/all_processed/overly-sarcastic-podcast__ospod-episode-72/ospod-episode-72_317.mp3
72_319,72,"I rode Steel Force 12 times in a row and I'm never going to top that record. And so that is where I'm at in terms of rollercoasters. Um, but speaking of where we're at, we're at the end of the podcast. So Red, if you're ready to crest over the metaphorical hill of this coaster and finish this ride, if you would be so kind.",1,/Users/minjoolee/Downloads/MUStARD/PodSarc/all_processed/overly-sarcastic-podcast__ospod-episode-72/ospod-episode-72_319.mp3
72_320,72,I don't know enough about roller coasters to make any jokes about this. I don't know about sports.,0,/Users/minjoolee/Downloads/MUStARD/PodSarc/all_processed/overly-sarcastic-podcast__ospod-episode-72/ospod-episode-72_320.mp3
72_330,72,"Nine rooms posters are still up. They are, yeah. They're, they're on the store in perpetuity. Cool. And they're, they're cool.",0,/Users/minjoolee/Downloads/MUStARD/PodSarc/all_processed/overly-sarcastic-podcast__ospod-episode-72/ospod-episode-72_330.mp3
72_333,72,"Cool. Bye, everybody. Bye!",0,/Users/minjoolee/Downloads/MUStARD/PodSarc/all_processed/overly-sarcastic-podcast__ospod-episode-72/ospod-episode-72_333.mp3
73_0,73,"And Trent just continually sets that theme. It'll just be like, if you're kind of acclimated to it, it's like, this is fine. And then if you like switch off your brain a second and like reset, you're like, this is the most horrifying concept I've ever heard. And we're just dealing with this. This is just the kind of shit they can run into in, in, in space. Um.",0,/Users/minjoolee/Downloads/MUStARD/PodSarc/all_processed/overly-sarcastic-podcast__ospod-episode-73/ospod-episode-73_0.mp3
73_3,73,"This, this bi-weekly, not the other bi-weekly, this bi-weekly. We are not joined by Blue. No, I am not Blue. No, he's somewhere else. He's far away and that leaves us.",1,/Users/minjoolee/Downloads/MUStARD/PodSarc/all_processed/overly-sarcastic-podcast__ospod-episode-73/ospod-episode-73_3.mp3
73_10,73,"Oh, we don't sense. We, we, we talk for a living. We know how much, you know, we fuck up on an average. I've heard everything.",0,/Users/minjoolee/Downloads/MUStARD/PodSarc/all_processed/overly-sarcastic-podcast__ospod-episode-73/ospod-episode-73_10.mp3
73_14,73,"I watched it. I've seen, I've seen the content. Done the homework. I just didn't write the lesson plan.",0,/Users/minjoolee/Downloads/MUStARD/PodSarc/all_processed/overly-sarcastic-podcast__ospod-episode-73/ospod-episode-73_14.mp3
73_17,73,"Uh, so, exciting! Woo! Go Blue!",0,/Users/minjoolee/Downloads/MUStARD/PodSarc/all_processed/overly-sarcastic-podcast__ospod-episode-73/ospod-episode-73_17.mp3
73_20,73,"Yeah. It's funny because like that was the pacing that really worked. Cause I'd obviously been working on Gilgamesh for quite some time. And then Blue was like, Oh yeah. I was already planning on doing some like Mesopotamian like architecture stuff about the ziggurat. Oh, she's here and noisy. Oh my God. So chatty.",0,/Users/minjoolee/Downloads/MUStARD/PodSarc/all_processed/overly-sarcastic-podcast__ospod-episode-73/ospod-episode-73_20.mp3
73_24,73,"Yeah. And he was like, Hey, you know, it could be fun to do the myth of Romulus and Remus. Like, you know, it's, it's a classic. It's a staple. Um, it's the founding myth of Rome kind of, you know, the blend that isn't in the Aeneid. And I was like, Oh yeah, that's a really good idea. I cannot get it done in time. And he was like, no, no, no, of course not. So.",0,/Users/minjoolee/Downloads/MUStARD/PodSarc/all_processed/overly-sarcastic-podcast__ospod-episode-73/ospod-episode-73_24.mp3
73_26,73,"Yeah, the video really existed.",0,/Users/minjoolee/Downloads/MUStARD/PodSarc/all_processed/overly-sarcastic-podcast__ospod-episode-73/ospod-episode-73_26.mp3
73_27,73,"Yeah, yeah, yeah.",0,/Users/minjoolee/Downloads/MUStARD/PodSarc/all_processed/overly-sarcastic-podcast__ospod-episode-73/ospod-episode-73_27.mp3
73_28,73,"Oh yeah, you can trust me completely to 100% be accurate in my, this one was a weird one. I honestly wasn't sure if I was going to make it work as a video because the first like third of it, there's a lot of book screenshots.",1,/Users/minjoolee/Downloads/MUStARD/PodSarc/all_processed/overly-sarcastic-podcast__ospod-episode-73/ospod-episode-73_28.mp3
73_34,73,"I have to make choices as the artist that are not reflected in the story. And thankfully, a lot of people were mostly just like, oh, cool. You used Harrow the Ninth as your example of second person narration. That's nifty. And I was like, yes, I did. I'm glad you paused and read it. I'm glad I also didn't pick the much more spoilery page I was initially considering using for Harrow the Ninth. Um, but.",1,/Users/minjoolee/Downloads/MUStARD/PodSarc/all_processed/overly-sarcastic-podcast__ospod-episode-73/ospod-episode-73_34.mp3
73_42,73,"Whoa, they've been unreliable this whole time. That's crazy. Uh, but yeah, until that character is revealed, there isn't like a visual representation. You can really land",1,/Users/minjoolee/Downloads/MUStARD/PodSarc/all_processed/overly-sarcastic-podcast__ospod-episode-73/ospod-episode-73_42.mp3
73_53,73,"Right? I mean, that movie is so fascinating to me because it just doesn't make any sense. It breaks all the rules. Nothing is how it's supposed to go. Uh, and, but then, like, you look at that from that perspective and you're like, how fascinating is it that the character is narrating his own life? And then at one point,",0,/Users/minjoolee/Downloads/MUStARD/PodSarc/all_processed/overly-sarcastic-podcast__ospod-episode-73/ospod-episode-73_53.mp3
73_56,73,"And then I saw what I was like, because I just briefly caught in my eye. I'm like, Oh, that's sad. What's, what is, what is this trope talk possibly about? Is it like, you know, like tragic choices or quadrupeds in the rain? And then I looked closer and like, Oh, no, no, no, this is actually incredibly comedic.",0,/Users/minjoolee/Downloads/MUStARD/PodSarc/all_processed/overly-sarcastic-podcast__ospod-episode-73/ospod-episode-73_56.mp3
73_65,73,But I don't willingly subject myself to bad stories a lot of the time.,0,/Users/minjoolee/Downloads/MUStARD/PodSarc/all_processed/overly-sarcastic-podcast__ospod-episode-73/ospod-episode-73_65.mp3
73_71,73,"This is why I check the comments for like the first six hours and then after that, it's like, ah, whatever's going on in there.",0,/Users/minjoolee/Downloads/MUStARD/PodSarc/all_processed/overly-sarcastic-podcast__ospod-episode-73/ospod-episode-73_71.mp3
73_77,73,"would also consider wearing pants sometimes. Uh, but there is another thing that we do sometimes. Uh, and it also goes up on Fridays now. So it's funny because I'll be like, what the hell's going on with the video? And then I'll be like, oh shit, what the hell's going on with the rolling the difficulty discord title drop? Um,",0,/Users/minjoolee/Downloads/MUStARD/PodSarc/all_processed/overly-sarcastic-podcast__ospod-episode-73/ospod-episode-73_77.mp3
73_78,73,"Yeah, we're both on a D&D actual play podcast called Rolling with Difficulty. Uh, it's a great time. It's like a planescape spell jammer mashup, which basically means we're doing like totally not space adventures in what is totally not space, but is definitely flavored to be a lot like space and, uh.",0,/Users/minjoolee/Downloads/MUStARD/PodSarc/all_processed/overly-sarcastic-podcast__ospod-episode-73/ospod-episode-73_78.mp3
73_83,73,"having a lot of time, but, uh, yeah, no, we're both players on that. It's a good time. Uh, we're the, the girly pop team of the show.",0,/Users/minjoolee/Downloads/MUStARD/PodSarc/all_processed/overly-sarcastic-podcast__ospod-episode-73/ospod-episode-73_83.mp3
73_86,73,"And, uh, it's edited unlike a lot of actual plays. So you can listen to it without hearing full minutes of dice rolling or plans that we don't do, uh, unless they're fun.",1,/Users/minjoolee/Downloads/MUStARD/PodSarc/all_processed/overly-sarcastic-podcast__ospod-episode-73/ospod-episode-73_86.mp3
73_89,73,"And credit to our DM. Austin is pretty good at being like, all right, if you guys keep making plans in the theater of the mind, I'm going to start having bad things happen. And it's like, okay, okay.",1,/Users/minjoolee/Downloads/MUStARD/PodSarc/all_processed/overly-sarcastic-podcast__ospod-episode-73/ospod-episode-73_89.mp3
73_90,73,"I've played a lot of home games with Austin as well, and if there's one thing that guy likes, it's a timer.",0,/Users/minjoolee/Downloads/MUStARD/PodSarc/all_processed/overly-sarcastic-podcast__ospod-episode-73/ospod-episode-73_90.mp3
73_93,73,"Like something like asterisks that's blatantly historical, but makes a lot of like non-historical references. You're like, all right, gentlemen, synchronize your hourglasses and they all flip them at the same time. It's like, all right, let the heist begin.",1,/Users/minjoolee/Downloads/MUStARD/PodSarc/all_processed/overly-sarcastic-podcast__ospod-episode-73/ospod-episode-73_93.mp3
73_99,73,mm-hmm.,0,/Users/minjoolee/Downloads/MUStARD/PodSarc/all_processed/overly-sarcastic-podcast__ospod-episode-73/ospod-episode-73_99.mp3
73_107,73,"Remember, technically you could not jump into any episode as described in the trailer, actually.",1,/Users/minjoolee/Downloads/MUStARD/PodSarc/all_processed/overly-sarcastic-podcast__ospod-episode-73/ospod-episode-73_107.mp3
73_109,73,"Um, so, of course, the big name in the field is critical role.",0,/Users/minjoolee/Downloads/MUStARD/PodSarc/all_processed/overly-sarcastic-podcast__ospod-episode-73/ospod-episode-73_109.mp3
73_120,73,"I mean, it takes very little to be like, oh, Sophia, you want to do detective stuff? Like, yes, constantly at all times.",0,/Users/minjoolee/Downloads/MUStARD/PodSarc/all_processed/overly-sarcastic-podcast__ospod-episode-73/ospod-episode-73_120.mp3
73_127,73,"Yeah, yeah, yeah.",0,/Users/minjoolee/Downloads/MUStARD/PodSarc/all_processed/overly-sarcastic-podcast__ospod-episode-73/ospod-episode-73_127.mp3
73_133,73,"There's like a scale of DMing where on the one hand, it's like, these are my plans. And if you, if the players run up against them in a way that doesn't work for them, sucks to be them. I gave them plenty of warning. And then there's complete improv, like, Oh, you guys want to do this instead? Great. Let me throw out all of my notes. We're going to get through this together. And Brennan is firmly on that end of the spectrum. And that scares me so much.",0,/Users/minjoolee/Downloads/MUStARD/PodSarc/all_processed/overly-sarcastic-podcast__ospod-episode-73/ospod-episode-73_133.mp3
73_136,73,"Along with a bunch of other stuff, so stick to, um, but yeah, I don't think we have anything else. So let's do some Q and A's. Hell yeah.",0,/Users/minjoolee/Downloads/MUStARD/PodSarc/all_processed/overly-sarcastic-podcast__ospod-episode-73/ospod-episode-73_136.mp3
73_140,73,Interested? Of course you are! And it only gets better because World Anvil is offering a special discount for all you lovely listeners. Just use code OVERLYSARCASTIC for up to 40% off any yearly membership. Thank you again to World Anvil for sponsoring today's podcast.,0,/Users/minjoolee/Downloads/MUStARD/PodSarc/all_processed/overly-sarcastic-podcast__ospod-episode-73/ospod-episode-73_140.mp3
73_146,73,"But then fortuitously, it was airing, uh, on Pluto TV. They just have like a couple of Star Trek channels where they sort of swap things out, which is great. It's completely free. It doesn't even make you log in so it can scrape your data. I have no idea how they function. That's how I watch Jeopardy. Yeah.",1,/Users/minjoolee/Downloads/MUStARD/PodSarc/all_processed/overly-sarcastic-podcast__ospod-episode-73/ospod-episode-73_146.mp3
73_154,73,"So it's just like, you know, shock out when the walls fell. That's the thing. So, and, uh, so.",0,/Users/minjoolee/Downloads/MUStARD/PodSarc/all_processed/overly-sarcastic-podcast__ospod-episode-73/ospod-episode-73_154.mp3
73_155,73,"Yeah, yeah.",0,/Users/minjoolee/Downloads/MUStARD/PodSarc/all_processed/overly-sarcastic-podcast__ospod-episode-73/ospod-episode-73_155.mp3
73_156,73,"fight and then become friends, uh, and then, so it's like, oh, you see, it's like, it's like us. So just people quoting that all through the comments. Again, one joke, but that's okay. Um, so I haven't seen that episode, but again, I know what happens in it. Um,",1,/Users/minjoolee/Downloads/MUStARD/PodSarc/all_processed/overly-sarcastic-podcast__ospod-episode-73/ospod-episode-73_156.mp3
73_159,73,"There's dumb shit. We all know this. People make, people have been making fun of Tribble since the 1960s. Um, and you get through TNG and everyone's like, oh yeah, the first two seasons are crap. And like, oh man, it's, it's always dumb when Q shows up, but in a fun way. And then, um,",1,/Users/minjoolee/Downloads/MUStARD/PodSarc/all_processed/overly-sarcastic-podcast__ospod-episode-73/ospod-episode-73_159.mp3
73_161,73,"Yeah. In, in pieces, I think I saw most of it because I had it running just like Pluto, like looped it a few times and I was getting some of them, they aired out of order. I think there was one day where it was just like the all seven of nine show and it was just all the really like impactful, emotional episodes for seven of nine with nothing else in between. And I was like, this is probably the ideal way to experience this anyway.",0,/Users/minjoolee/Downloads/MUStARD/PodSarc/all_processed/overly-sarcastic-podcast__ospod-episode-73/ospod-episode-73_161.mp3
73_163,73,"We're all the way out in the Delta Quadrant, which is bad because everything in known space is the Alpha Quadrant.",1,/Users/minjoolee/Downloads/MUStARD/PodSarc/all_processed/overly-sarcastic-podcast__ospod-episode-73/ospod-episode-73_163.mp3
73_166,73,"In Voyager for watching it in order, but like TNG, I'll just like, I'll just like literally like hit like a shuffle. Be like, what's the first one? What's popping up?",0,/Users/minjoolee/Downloads/MUStARD/PodSarc/all_processed/overly-sarcastic-podcast__ospod-episode-73/ospod-episode-73_166.mp3
73_167,73,"Yeah, um, so the thing about Voyager is that, like, that is true. And the fact that it is very much a linear progression and the number of times where it's like, oh, cool, this might get us home immediately. And it's like in season four, not likely. Um, but like, there's, there's still.",1,/Users/minjoolee/Downloads/MUStARD/PodSarc/all_processed/overly-sarcastic-podcast__ospod-episode-73/ospod-episode-73_167.mp3
73_173,73,"I thought that episode was the scariest thing I've ever seen because he uses his telekinesis to like, strangle a guy with a cable in an otherwise empty room and I was like, oh my god. Um, and Trent just continually sets that theme. It'll just be like, if you're kind of acclimated to it, it's like, this is fine. And then if you like, switch off your brain a second and like, reset, you're like, this is the most horrifying concept I've ever heard and we're just dealing with this. This is just the kind of shit they can run into in, in, in space. Um.",1,/Users/minjoolee/Downloads/MUStARD/PodSarc/all_processed/overly-sarcastic-podcast__ospod-episode-73/ospod-episode-73_173.mp3
73_189,73,"Yep, emergency medical hologram. It's so fun, they brought that actor in for an episode of DS9 I caught. Yeah. Just the real guy showed up and I was like, oh shit, that's the thing that",0,/Users/minjoolee/Downloads/MUStARD/PodSarc/all_processed/overly-sarcastic-podcast__ospod-episode-73/ospod-episode-73_189.mp3
73_192,73,"Cause, cause I know there's a bit in the first episode of DS9, which I haven't caught when Picard meets Captain Sisko and is like, Oh, you're a little familiar. We met Sisko's like, yeah, when you were a borg, killed my fucking wife.",1,/Users/minjoolee/Downloads/MUStARD/PodSarc/all_processed/overly-sarcastic-podcast__ospod-episode-73/ospod-episode-73_192.mp3
73_194,73,right.,0,/Users/minjoolee/Downloads/MUStARD/PodSarc/all_processed/overly-sarcastic-podcast__ospod-episode-73/ospod-episode-73_194.mp3
73_196,73,"Also, when you were like, oh yeah, they don't do Wharf Dirty in DS9. I was like, I don't see how that's possible. But no, I get it. I get it. Because I caught an episode where,",0,/Users/minjoolee/Downloads/MUStARD/PodSarc/all_processed/overly-sarcastic-podcast__ospod-episode-73/ospod-episode-73_196.mp3
73_199,73,"And, uh, when they get there, they're like, oh shit, what the hell is Dr. Bashir doing here? You're telling me he was replaced with a changeling back on DS9 and we had no idea and now we get to work together to, like, break out of this place with Dr. Bashir? Oh yeah, Worf is also there, obviously.",1,/Users/minjoolee/Downloads/MUStARD/PodSarc/all_processed/overly-sarcastic-podcast__ospod-episode-73/ospod-episode-73_199.mp3
73_203,73,"I'm excited for you to branch out into these tracks. I feel like this is the, like, that's the era of track that I, I imagine you will probably like the most, but there is some value to the other ones just to take a peek occasionally. But, uh, yeah.",0,/Users/minjoolee/Downloads/MUStARD/PodSarc/all_processed/overly-sarcastic-podcast__ospod-episode-73/ospod-episode-73_203.mp3
73_208,73,ds9. ds9. ds9. ds9. ds9. ds9. ds9. ds9. ds9. ds9. ds9.,0,/Users/minjoolee/Downloads/MUStARD/PodSarc/all_processed/overly-sarcastic-podcast__ospod-episode-73/ospod-episode-73_208.mp3
73_209,73,"I'm not gonna like this season as much, and I just waited for it to loop back to season one.",1,/Users/minjoolee/Downloads/MUStARD/PodSarc/all_processed/overly-sarcastic-podcast__ospod-episode-73/ospod-episode-73_209.mp3
73_210,73,"Yeah. Um, we've got more questions to get to. We do have more questions. We do? In fact.",0,/Users/minjoolee/Downloads/MUStARD/PodSarc/all_processed/overly-sarcastic-podcast__ospod-episode-73/ospod-episode-73_210.mp3
73_211,73,"Well, you have more questions. In fact, some of them, uh, you asked me to get for you because it's more fun that way.",0,/Users/minjoolee/Downloads/MUStARD/PodSarc/all_processed/overly-sarcastic-podcast__ospod-episode-73/ospod-episode-73_211.mp3
73_219,73,"A thousand downloads an episode, which is not really that many. When you think about like the shows that are in that 10%, it's like ranging from like.",0,/Users/minjoolee/Downloads/MUStARD/PodSarc/all_processed/overly-sarcastic-podcast__ospod-episode-73/ospod-episode-73_219.mp3
73_220,73,"You know, your celebrity talk back shows that are getting thousands and thousands and thousands of downloads to like someone's podcast they've just been doing for a really long time and it's just really successful. So.",0,/Users/minjoolee/Downloads/MUStARD/PodSarc/all_processed/overly-sarcastic-podcast__ospod-episode-73/ospod-episode-73_220.mp3
73_224,73,"Movie Struck, which is another show that I host and produce. Um, there's a lot of movie podcasts. One might say there's too many. That's not true. There's never enough. But, uh, because the space has already been explored so deeply, uh, it can be hard to make your show stand out. So if you are going to talk about something that is more commonly explored, it helps to have some sort of gimmick or structure that makes your show unique. So in Movie Struck's case,",1,/Users/minjoolee/Downloads/MUStARD/PodSarc/all_processed/overly-sarcastic-podcast__ospod-episode-73/ospod-episode-73_224.mp3
73_241,73,"Which is cool. Uh, and that means basically you have new content for as long as that show exists and is still good, which is not always like, there were like a ton of, there are a ton of YouTube channels that do this too. Um, like the things that were like watching a bunch of CW shows episode by episode as they went on and then were like,",1,/Users/minjoolee/Downloads/MUStARD/PodSarc/all_processed/overly-sarcastic-podcast__ospod-episode-73/ospod-episode-73_241.mp3
73_242,73,"Uh, we don't really want to do this anymore. It got bad.",1,/Users/minjoolee/Downloads/MUStARD/PodSarc/all_processed/overly-sarcastic-podcast__ospod-episode-73/ospod-episode-73_242.mp3
73_248,73,"For as long as you need it. So like, again, once a week is great.",0,/Users/minjoolee/Downloads/MUStARD/PodSarc/all_processed/overly-sarcastic-podcast__ospod-episode-73/ospod-episode-73_248.mp3
73_249,73,"one's every two weeks, bi-weekly, not the other bi-weekly, is probably better. Uh, it gives you, you know, a week off, more time. But again, everyone works at a different pace. You could do like a monthly podcast. That's another thing that people totally do. Um, it's, uh, it's,",0,/Users/minjoolee/Downloads/MUStARD/PodSarc/all_processed/overly-sarcastic-podcast__ospod-episode-73/ospod-episode-73_249.mp3
73_251,73,"There was like a little bit of like a podcasting bubble in like 2020 or so where everyone's like, well, we're all stuck around, so let's go make some podcasts. Uh, and there's a big group. It's never been easier to get decent microphones, so.",0,/Users/minjoolee/Downloads/MUStARD/PodSarc/all_processed/overly-sarcastic-podcast__ospod-episode-73/ospod-episode-73_251.mp3
73_260,73,"You can't have an idea for one episode and then be like, all right, I, I assume I can figure out something once every two weeks for the rest of, however long this runs.",1,/Users/minjoolee/Downloads/MUStARD/PodSarc/all_processed/overly-sarcastic-podcast__ospod-episode-73/ospod-episode-73_260.mp3
73_262,73,Yeah. Yeah. Yeah.,0,/Users/minjoolee/Downloads/MUStARD/PodSarc/all_processed/overly-sarcastic-podcast__ospod-episode-73/ospod-episode-73_262.mp3
73_263,73,"So having like a core gimmick of like, we're going to be talking about movies, guest picks, the movie. Perfect.",0,/Users/minjoolee/Downloads/MUStARD/PodSarc/all_processed/overly-sarcastic-podcast__ospod-episode-73/ospod-episode-73_263.mp3
73_275,73,"Yeah, I feel like not really because I love overthinking these things in the moment. Uh, and especially when I was like little, I would just love it when characters had the most like tragically horrifying backstories ever. Um, or be like, Oh my God. I mean, again, I'll fucking go to bat for reboot every day of my life. And it's like, Oh, our kid hero, who we spent the first two in a chunk seasons getting attached to.",0,/Users/minjoolee/Downloads/MUStARD/PodSarc/all_processed/overly-sarcastic-podcast__ospod-episode-73/ospod-episode-73_275.mp3
73_277,73,"And I, fucking, 60-year-old me loved how fucked up that was. Um, and I, I think, like, the more I think about it, the more I'm like, well, it didn't have to be all bad, you know? Maybe, maybe some things were nice, actually.",0,/Users/minjoolee/Downloads/MUStARD/PodSarc/all_processed/overly-sarcastic-podcast__ospod-episode-73/ospod-episode-73_277.mp3
73_278,73,"Yeah. I don't think I ever had, like, I don't, I don't, I, similarly, like, I tend to just see things in the moment and be like, Whoa, that's crazy. Um, but I, my absolute favorite show as a child was the last show that played on the Poor Kid Saturday Morning Block, the Winx Club.",0,/Users/minjoolee/Downloads/MUStARD/PodSarc/all_processed/overly-sarcastic-podcast__ospod-episode-73/ospod-episode-73_278.mp3
73_279,73,"Wings Club. I, I adored it. I wanted to be that little magical fairy girl. Uh, but they're in season three to get their power up. They all basically have to die or like be blinded. And like, as a child, I was like, Oh no, stakes. And as an adult, I'm like, Oh my.",0,/Users/minjoolee/Downloads/MUStARD/PodSarc/all_processed/overly-sarcastic-podcast__ospod-episode-73/ospod-episode-73_279.mp3
73_282,73,"God, that's so, like, noble. Yeah. What a, what a, what a regal moment.",0,/Users/minjoolee/Downloads/MUStARD/PodSarc/all_processed/overly-sarcastic-podcast__ospod-episode-73/ospod-episode-73_282.mp3
73_283,73,"When I was quite little, I, I had some exposure to, like, old Astro Boy volumes and stuff like that. And those are so funny because the art style is so cutesy, like, early Disney based. But then, like, it's all so fucking sad. It's all horribly depressing. Uh, it'll be like, robots are being shuffled into",0,/Users/minjoolee/Downloads/MUStARD/PodSarc/all_processed/overly-sarcastic-podcast__ospod-episode-73/ospod-episode-73_283.mp3
73_285,73,"I wish I had machine gun butt. And then like, as an adult, I'm like, that's still pretty fucking crazy. Um.",1,/Users/minjoolee/Downloads/MUStARD/PodSarc/all_processed/overly-sarcastic-podcast__ospod-episode-73/ospod-episode-73_285.mp3
73_286,73,"I don't know. I, I don't think I really get the, oh, that's so much more fucked up than I realized. Cause I'm the kind of person who like rotates things around in my head too much. And I'm like, oh, that's fucked up. That's, that's, I like it. This is cool.",0,/Users/minjoolee/Downloads/MUStARD/PodSarc/all_processed/overly-sarcastic-podcast__ospod-episode-73/ospod-episode-73_286.mp3
73_288,73,"Really great BDG video, the Punchy Pit one. I really can't recommend it enough. It's so fun.",0,/Users/minjoolee/Downloads/MUStARD/PodSarc/all_processed/overly-sarcastic-podcast__ospod-episode-73/ospod-episode-73_288.mp3
73_291,73,"One that I think is remark, like, I cannot overstate enough how cool Wings, the first ever Oscar winner is. Like, it's aged remarkably well. Uh, you know, it's still a mostly white cast and like, it's, the female characters have their romantic subplots, but one of them just goes to war and like, finds herself in a way. It's, it's crazy, but like, uh,",0,/Users/minjoolee/Downloads/MUStARD/PodSarc/all_processed/overly-sarcastic-podcast__ospod-episode-73/ospod-episode-73_291.mp3
73_300,73,"Shout out Walter Pigeon. He fucking killed that role as pot preacher. But, uh, yeah. Walter Pigeon? His name is Walter Pigeon. He is a stage actor. He's in two best picture winners. He was in Miss Miniver and Hell Green was my valley.",0,/Users/minjoolee/Downloads/MUStARD/PodSarc/all_processed/overly-sarcastic-podcast__ospod-episode-73/ospod-episode-73_300.mp3
73_301,73,"Hold on, I gotta look this guy up. He looks like a very normal, very normal man. But, uh.",0,/Users/minjoolee/Downloads/MUStARD/PodSarc/all_processed/overly-sarcastic-podcast__ospod-episode-73/ospod-episode-73_301.mp3
73_302,73,"Oh yeah, I see what you mean. I think, I feel like he would have showed up in, like, Colombo, 40 years old.",1,/Users/minjoolee/Downloads/MUStARD/PodSarc/all_processed/overly-sarcastic-podcast__ospod-episode-73/ospod-episode-73_302.mp3
73_304,73,"But, uh. Yeah. Combs his hair well, basically. Exactly. Um, but, how agree with my valley?",0,/Users/minjoolee/Downloads/MUStARD/PodSarc/all_processed/overly-sarcastic-podcast__ospod-episode-73/ospod-episode-73_304.mp3
73_305,73,Just absolutely incredible movie. A bright spot in a slew of movies that I thought were just very fine.,0,/Users/minjoolee/Downloads/MUStARD/PodSarc/all_processed/overly-sarcastic-podcast__ospod-episode-73/ospod-episode-73_305.mp3
73_307,73,war dramas and then you'll get no war dramas and then world war one will happen and you'll get a bunch of war dramas and then you'll get the lull in between of like oh my god war happened wait war is happening again world war two more war dramas and then it lulls again after that and then you get a lot of like,0,/Users/minjoolee/Downloads/MUStARD/PodSarc/all_processed/overly-sarcastic-podcast__ospod-episode-73/ospod-episode-73_307.mp3
73_312,73,"Some of them have aged poorly for very hilarious reasons. I do have one final one I want to shout out, which is Cavalcade. This movie I thought was very boring. It's a neat, like, I see why it won Best Picture. It has a neat kind of framework. It's going through just like the 20th century through the first however many years.",1,/Users/minjoolee/Downloads/MUStARD/PodSarc/all_processed/overly-sarcastic-podcast__ospod-episode-73/ospod-episode-73_312.mp3
73_322,73,You know. Yeah. I guess.,0,/Users/minjoolee/Downloads/MUStARD/PodSarc/all_processed/overly-sarcastic-podcast__ospod-episode-73/ospod-episode-73_322.mp3
73_325,73,"Yeah. Yeah, I think that.",0,/Users/minjoolee/Downloads/MUStARD/PodSarc/all_processed/overly-sarcastic-podcast__ospod-episode-73/ospod-episode-73_325.mp3
73_326,73,"D&D historically has only ever had bad things happen when it tries to get legally claimy about like specific things that you're not allowed to use unless you ask, uh.",1,/Users/minjoolee/Downloads/MUStARD/PodSarc/all_processed/overly-sarcastic-podcast__ospod-episode-73/ospod-episode-73_326.mp3
73_330,73,"So, like, cause we, cause, you know, we say on the Astral Sea, if we ran into a crew of pirates, they're just like knockoff versions of us.",1,/Users/minjoolee/Downloads/MUStARD/PodSarc/all_processed/overly-sarcastic-podcast__ospod-episode-73/ospod-episode-73_330.mp3
73_332,73,"Uh, yeah, no, you're, absolutely, we're not gonna limit anyone from using our stuff as inspiration. Go crazy. Have fun. Yeah. Play D&D. It's a good time. Or any other TTRPG. Go nuts.",0,/Users/minjoolee/Downloads/MUStARD/PodSarc/all_processed/overly-sarcastic-podcast__ospod-episode-73/ospod-episode-73_332.mp3
73_339,73,"Yeah, yeah.",0,/Users/minjoolee/Downloads/MUStARD/PodSarc/all_processed/overly-sarcastic-podcast__ospod-episode-73/ospod-episode-73_339.mp3
73_343,73,"Full page canvas of just little tiny thumbnails of every single page in a given chapter. That's what you're supposed to do. The fact that I don't do that is bad. You also publish the comic at a rapid pace. I have over the last year, maybe written three chapters, like maybe written 90 pages total.",0,/Users/minjoolee/Downloads/MUStARD/PodSarc/all_processed/overly-sarcastic-podcast__ospod-episode-73/ospod-episode-73_343.mp3
73_344,73,"And they're not done, any of them. So like, you know, different, different.",0,/Users/minjoolee/Downloads/MUStARD/PodSarc/all_processed/overly-sarcastic-podcast__ospod-episode-73/ospod-episode-73_344.mp3
73_345,73,"pipeline, yeah.",0,/Users/minjoolee/Downloads/MUStARD/PodSarc/all_processed/overly-sarcastic-podcast__ospod-episode-73/ospod-episode-73_345.mp3
73_348,73,"Uh, well, there's a pretty quick one that I listed as an apology for that last question.",1,/Users/minjoolee/Downloads/MUStARD/PodSarc/all_processed/overly-sarcastic-podcast__ospod-episode-73/ospod-episode-73_348.mp3
73_359,73,"The minute you had John Goodman playing Pops Racer, you had already completed the objective. And then you put Susan.",0,/Users/minjoolee/Downloads/MUStARD/PodSarc/all_processed/overly-sarcastic-podcast__ospod-episode-73/ospod-episode-73_359.mp3
73_363,73,"Looks like an episode of LazyTown. And for the record, there are three excellent live-action Moroni Kenshin movies that have",1,/Users/minjoolee/Downloads/MUStARD/PodSarc/all_processed/overly-sarcastic-podcast__ospod-episode-73/ospod-episode-73_363.mp3
73_370,73,"We got, uh, fun stuff. I sometimes doodle things and also podcast.",1,/Users/minjoolee/Downloads/MUStARD/PodSarc/all_processed/overly-sarcastic-podcast__ospod-episode-73/ospod-episode-73_370.mp3
74_6,74,"so, so.",0,/Users/minjoolee/Downloads/MUStARD/PodSarc/all_processed/overly-sarcastic-podcast__ospod-episode-74/ospod-episode-74_6.mp3
74_8,74,"Forward in the universal sense of like all space expanding from a point in every direction other than the direction we're facing right at this minute, but",0,/Users/minjoolee/Downloads/MUStARD/PodSarc/all_processed/overly-sarcastic-podcast__ospod-episode-74/ospod-episode-74_8.mp3
74_14,74,Of course you are. And it only gets better because World Anvil is offering a special discount for all you lovely listeners. Just use code overly sarcastic for up to 40% off any yearly membership. Thank you again to World Anvil for sponsoring today's podcast.,0,/Users/minjoolee/Downloads/MUStARD/PodSarc/all_processed/overly-sarcastic-podcast__ospod-episode-74/ospod-episode-74_14.mp3
74_15,74,"Yeah. Good work, team.",0,/Users/minjoolee/Downloads/MUStARD/PodSarc/all_processed/overly-sarcastic-podcast__ospod-episode-74/ospod-episode-74_15.mp3
74_24,74,"Don't know why Google served one of the weirder, more poetic phrasings, but, uh, anyway, so we got um, actually in the comments and I got them actually by my own father in text later.",0,/Users/minjoolee/Downloads/MUStARD/PodSarc/all_processed/overly-sarcastic-podcast__ospod-episode-74/ospod-episode-74_24.mp3
74_25,74,"No, this is very odd. You must understand everything I learned in math and physics I learned from my dad. So this is very much how this works.",1,/Users/minjoolee/Downloads/MUStARD/PodSarc/all_processed/overly-sarcastic-podcast__ospod-episode-74/ospod-episode-74_25.mp3
74_27,74,"Uh, so, your video. My video, yes.",0,/Users/minjoolee/Downloads/MUStARD/PodSarc/all_processed/overly-sarcastic-podcast__ospod-episode-74/ospod-episode-74_27.mp3
74_36,74,"As well, which was just super, super fun. Um, and that turned into this whole video of like, let's just talk about.",0,/Users/minjoolee/Downloads/MUStARD/PodSarc/all_processed/overly-sarcastic-podcast__ospod-episode-74/ospod-episode-74_36.mp3
74_37,74,"Why this place is so goddamn beautiful, because holy shit, it is, uh, and that was...",0,/Users/minjoolee/Downloads/MUStARD/PodSarc/all_processed/overly-sarcastic-podcast__ospod-episode-74/ospod-episode-74_37.mp3
74_38,74,"Yeah, yeah, yeah.",0,/Users/minjoolee/Downloads/MUStARD/PodSarc/all_processed/overly-sarcastic-podcast__ospod-episode-74/ospod-episode-74_38.mp3
74_43,74,"Looking at a thing and then moving on, it's like, oh, I, I understand every step of the process that made this moment happen. Uh, which I just think is really neat.",0,/Users/minjoolee/Downloads/MUStARD/PodSarc/all_processed/overly-sarcastic-podcast__ospod-episode-74/ospod-episode-74_43.mp3
74_44,74,"Being able to explain, like, oh, like, Malta was one of the first, like, planned grid cities in Europe, um, designed by the Pope's military architect, where someone was like, several people actually were like, I'm sorry, the Pope's military architect? Please, dear God, explain. I'm like, all I, yeah, uh, Vatican was involved in a lot of wars in the 1500s, so they needed a military architect.",1,/Users/minjoolee/Downloads/MUStARD/PodSarc/all_processed/overly-sarcastic-podcast__ospod-episode-74/ospod-episode-74_44.mp3
74_46,74,This one was kind of like a reverse crusades because there's everybody in Europe ganging up on the Vatican. So it's kind of like.,1,/Users/minjoolee/Downloads/MUStARD/PodSarc/all_processed/overly-sarcastic-podcast__ospod-episode-74/ospod-episode-74_46.mp3
74_52,74,"Just having some people come to the comments like, hey, uh, I think that you're completely wrong about this, um, helped me.",0,/Users/minjoolee/Downloads/MUStARD/PodSarc/all_processed/overly-sarcastic-podcast__ospod-episode-74/ospod-episode-74_52.mp3
74_53,74,"Ah, yeah.",0,/Users/minjoolee/Downloads/MUStARD/PodSarc/all_processed/overly-sarcastic-podcast__ospod-episode-74/ospod-episode-74_53.mp3
74_54,74,"Like, you know, 1500s, like, the dome kind of thing, you know, Palladio type stuff. Uh, and then Baroque architecture are in one lineage. They're like, clearly, like, one evolves to the other. And then in the 1700s, they're like, okay, all this, like, Baroque, Rococo, too fancy, too swishy. These shapes don't make any geometric sense. Scale it back.",0,/Users/minjoolee/Downloads/MUStARD/PodSarc/all_processed/overly-sarcastic-podcast__ospod-episode-74/ospod-episode-74_54.mp3
74_59,74,based on the rediscovery and the renaissance and continuing on until essentially the modern day now is useful. I don't care if the academics say that neoclassical is specifically just late 1718 hundreds like stark clean style.,1,/Users/minjoolee/Downloads/MUStARD/PodSarc/all_processed/overly-sarcastic-podcast__ospod-episode-74/ospod-episode-74_59.mp3
74_62,74,"Yeah, this is, it's funny seeing this argument happen over and over again in all different fields, because this is just cladistics all over again. It's like, look, we need a word for fish. I don't care that there's technically no such thing.",1,/Users/minjoolee/Downloads/MUStARD/PodSarc/all_processed/overly-sarcastic-podcast__ospod-episode-74/ospod-episode-74_62.mp3
74_63,74,"So, yeah, I, I got a little mad when the video came out, uh, cause I was like, no, why don't they understand? Even though a lot of people are like, no, this is great. Like I'm here for this drama, uh, drama Mondays with Blue. Um, but I do appreciate the people who, uh, came into the comments, um, who genuinely helped me understand the topic better than even I did when I published that video. So as sassy as I'm being right now, I do appreciate the discussion, even though some people said some very rude things, which I",1,/Users/minjoolee/Downloads/MUStARD/PodSarc/all_processed/overly-sarcastic-podcast__ospod-episode-74/ospod-episode-74_63.mp3
74_64,74,"I feel like we're, we're maybe ill-conceived.",1,/Users/minjoolee/Downloads/MUStARD/PodSarc/all_processed/overly-sarcastic-podcast__ospod-episode-74/ospod-episode-74_64.mp3
74_70,74,"It's baffling. Um, but yeah, so, uh, basically, um, as I was cutting through it, I was like,",0,/Users/minjoolee/Downloads/MUStARD/PodSarc/all_processed/overly-sarcastic-podcast__ospod-episode-74/ospod-episode-74_70.mp3
74_71,74,"Well, the nice thing is, this is all just reaffirming that I was 100% correct in everything I said. I, so there's one part of the video that I thought was interesting, and it was when we were talking about Endgame, and we were discussing Black Widow and Captain America basically still trying to, like,",1,/Users/minjoolee/Downloads/MUStARD/PodSarc/all_processed/overly-sarcastic-podcast__ospod-episode-74/ospod-episode-74_71.mp3
74_75,74,"She, she's like, if I, you know, if I stop, who does this? And Caps like, maybe it doesn't need to be done. I think we both need to get a life. And I was like, this is.",1,/Users/minjoolee/Downloads/MUStARD/PodSarc/all_processed/overly-sarcastic-podcast__ospod-episode-74/ospod-episode-74_75.mp3
74_76,74,"Okay, cool.",0,/Users/minjoolee/Downloads/MUStARD/PodSarc/all_processed/overly-sarcastic-podcast__ospod-episode-74/ospod-episode-74_76.mp3
74_78,74,"If you put a superhero in a world that does not need any superheroes because there is evidently no crime that anyone ever considers worth stopping and the only threats are like once a movie and everything else is peachy keen and fine, then you're going to end up in a situation where the superheroes feel weirdly directionless and pointless and the whole thing turns into this argument over whether we need them in a contrived setting where you don't.",1,/Users/minjoolee/Downloads/MUStARD/PodSarc/all_processed/overly-sarcastic-podcast__ospod-episode-74/ospod-episode-74_78.mp3
74_96,74,"Oh, yeah. Oh, yeah.",0,/Users/minjoolee/Downloads/MUStARD/PodSarc/all_processed/overly-sarcastic-podcast__ospod-episode-74/ospod-episode-74_96.mp3
74_105,74,Because the overall deterioration of the quality of the MCU. I've heard that it's really good.,0,/Users/minjoolee/Downloads/MUStARD/PodSarc/all_processed/overly-sarcastic-podcast__ospod-episode-74/ospod-episode-74_105.mp3
74_112,74,"There's always so many people involved in this process. They cannot possibly all be coordinating. Canon will only get more complicated the more people are involved. Um, and this was a tremendously impressive, like, experiment. Like,",1,/Users/minjoolee/Downloads/MUStARD/PodSarc/all_processed/overly-sarcastic-podcast__ospod-episode-74/ospod-episode-74_112.mp3
74_121,74,"And, uh, again, like, I think there is a difference between, like, this is a valid criticism of all these movies and, like, movies that don't do this are good and movies that do this are bad. Cause it's like, I'm not gonna, I'm not gonna sit here and tell you that Blade 1998 is a flawless piece of cinema. As much fun as I had with it.",1,/Users/minjoolee/Downloads/MUStARD/PodSarc/all_processed/overly-sarcastic-podcast__ospod-episode-74/ospod-episode-74_121.mp3
74_125,74,from directors that don't really understand a lot of the core appeal of,0,/Users/minjoolee/Downloads/MUStARD/PodSarc/all_processed/overly-sarcastic-podcast__ospod-episode-74/ospod-episode-74_125.mp3
74_128,74,"seem to want to write any kind of Superman or Batman that we recognize, so whatever he's getting out of this is not what we were getting out of it. Yeah.",0,/Users/minjoolee/Downloads/MUStARD/PodSarc/all_processed/overly-sarcastic-podcast__ospod-episode-74/ospod-episode-74_128.mp3
74_129,74,"And it's just, it's just interesting for me. This is, this is enrichment in my enclosure. I have so much fun picking apart just big piles of stories and figuring out what themes I find that are connecting them. Um, and in this case, uh,",1,/Users/minjoolee/Downloads/MUStARD/PodSarc/all_processed/overly-sarcastic-podcast__ospod-episode-74/ospod-episode-74_129.mp3
74_135,74,"And then they just don't handle them very well, and it's frustrating. It's not like because we made this detailed diatribe, you're not allowed to like your favorite movie anymore. The detailed diatribes are a pulling up of threads and a sussing out of vibes, uh, in, in the, like, the broad scope of, like, what we're, what we're doing with these, so.",0,/Users/minjoolee/Downloads/MUStARD/PodSarc/all_processed/overly-sarcastic-podcast__ospod-episode-74/ospod-episode-74_135.mp3
74_139,74,not enjoy things. I seek out things that I think I'll enjoy. I go into every movie hoping I'll have a good time. The reason why I do bad movie nights or historically did before Twitter became a cesspool that makes it very difficult.,1,/Users/minjoolee/Downloads/MUStARD/PodSarc/all_processed/overly-sarcastic-podcast__ospod-episode-74/ospod-episode-74_139.mp3
74_146,74,"Ain't that the way it is on the internet? But, um, we, uh, we exist on the internet and that's, uh.",0,/Users/minjoolee/Downloads/MUStARD/PodSarc/all_processed/overly-sarcastic-podcast__ospod-episode-74/ospod-episode-74_146.mp3
74_151,74,"We'll have a good time. Uh, and also, next, uh, podcast episode, um, I think that'll go up after that stream happens. Uh, we will be joined, uh, by, uh, a friend of the channel, uh, Rocco Butlieri, who is a, uh, a creator on, on the various social platforms, who is making the city of Rome out of Lego. The whole goddamn thing.",0,/Users/minjoolee/Downloads/MUStARD/PodSarc/all_processed/overly-sarcastic-podcast__ospod-episode-74/ospod-episode-74_151.mp3
74_152,74,"Absolutely exquisite. Super excited to have him on the episode, uh, next time. So, uh, stay tuned for that. And we will, uh, see all of you, uh, in the Q&A portion of the podcast.",1,/Users/minjoolee/Downloads/MUStARD/PodSarc/all_processed/overly-sarcastic-podcast__ospod-episode-74/ospod-episode-74_152.mp3
74_162,74,That was definitely a real highlight.,0,/Users/minjoolee/Downloads/MUStARD/PodSarc/all_processed/overly-sarcastic-podcast__ospod-episode-74/ospod-episode-74_162.mp3
74_165,74,"walk around and see what I see. And I came across this, this beach boardwalk that I just walked up and down for like an hour and a half. Uh, definitely getting a little, little sunburn on the back of my neck, but that was a complete surprise. Just beautiful, like rocky beach and just water.",0,/Users/minjoolee/Downloads/MUStARD/PodSarc/all_processed/overly-sarcastic-podcast__ospod-episode-74/ospod-episode-74_165.mp3
74_167,74,"Definitely, uh, the, the non built environment, uh, surprise, uh, that I enjoyed the most, uh, in Malta.",0,/Users/minjoolee/Downloads/MUStARD/PodSarc/all_processed/overly-sarcastic-podcast__ospod-episode-74/ospod-episode-74_167.mp3
74_179,74,"Yeah. Rando Sando, cool guy. I would love to listen to the Lord of the Rings books all the way through, but I know that I don't have that time right now, because I, from what you have said, and from what some of our, like, non-channel friends have said, like, the listening experience is just so, so, so good, especially if you get the Andy Serkis versions.",1,/Users/minjoolee/Downloads/MUStARD/PodSarc/all_processed/overly-sarcastic-podcast__ospod-episode-74/ospod-episode-74_179.mp3
74_181,74,"Like, I've, I've read The Hobbit and I really liked it. I know Lord of the Rings is a very different experience, a lot more stopping to talk about the trees. Um, but I, as much as I know Lord of the Rings is fantastic, I have not yet worked up the, uh, the, the will to dive in.",1,/Users/minjoolee/Downloads/MUStARD/PodSarc/all_processed/overly-sarcastic-podcast__ospod-episode-74/ospod-episode-74_181.mp3
74_185,74,"I know that you're not supposed to read the first one first, but I got halfway through the color of magic and I was just like, I just, there's nothing.",1,/Users/minjoolee/Downloads/MUStARD/PodSarc/all_processed/overly-sarcastic-podcast__ospod-episode-74/ospod-episode-74_185.mp3
74_188,74,"Please don't elaborate. I don't, I don't want to know. But we got more questions to get to this one. Ziggy, don't do that. She's so cute.",1,/Users/minjoolee/Downloads/MUStARD/PodSarc/all_processed/overly-sarcastic-podcast__ospod-episode-74/ospod-episode-74_188.mp3
74_200,74,"historical founding father, city darling, Ben Franklin. I do think it could be fun to have like a final smash where he's making the kite fly with the key. And then the lightning comes down and that's like the big, yeah. I feel like that's an easy one. Lots of old man jumping around could be entertaining.",0,/Users/minjoolee/Downloads/MUStARD/PodSarc/all_processed/overly-sarcastic-podcast__ospod-episode-74/ospod-episode-74_200.mp3
74_201,74,outward-facing personas you wanna capture. You can also have his final smash be seducing an older woman.,1,/Users/minjoolee/Downloads/MUStARD/PodSarc/all_processed/overly-sarcastic-podcast__ospod-episode-74/ospod-episode-74_201.mp3
74_202,74,"which is something that he wrote about at length, look it up.",1,/Users/minjoolee/Downloads/MUStARD/PodSarc/all_processed/overly-sarcastic-podcast__ospod-episode-74/ospod-episode-74_202.mp3
74_203,74,"But I, I would love to have Napoleon with just a gazillion cannons. His final smash is just showers you in cannonballs.",0,/Users/minjoolee/Downloads/MUStARD/PodSarc/all_processed/overly-sarcastic-podcast__ospod-episode-74/ospod-episode-74_203.mp3
74_204,74,We are getting dangerously close to the Fate franchise with this question.,1,/Users/minjoolee/Downloads/MUStARD/PodSarc/all_processed/overly-sarcastic-podcast__ospod-episode-74/ospod-episode-74_204.mp3
74_207,74,"Yeah. It's like that one part of that Doug Doug video where he just keeps on summoning the giant dragon, except it's just Genghis Khan's horses.",1,/Users/minjoolee/Downloads/MUStARD/PodSarc/all_processed/overly-sarcastic-podcast__ospod-episode-74/ospod-episode-74_207.mp3
74_208,74,"It's just his side B, actually. He just sends a few mounts, his horse archers after you.",1,/Users/minjoolee/Downloads/MUStARD/PodSarc/all_processed/overly-sarcastic-podcast__ospod-episode-74/ospod-episode-74_208.mp3
74_210,74,"Yeah, I've just, I've been getting back into watching all the Ribonator dice making videos. I can feel it slowly infiltrating my brain. It's like, I know, I know it's so complicated. It has a lot of equipment involved to do it right. Resin is highly toxic. Uh, which is why I'm taking the baby step of figuring out how to make candy dice first. Nice. Yeah.",0,/Users/minjoolee/Downloads/MUStARD/PodSarc/all_processed/overly-sarcastic-podcast__ospod-episode-74/ospod-episode-74_210.mp3
74_212,74,"The Micas. And it's like, it's all things that will kill you in completely different ways, too. It's like, resin is highly caustic, I think, in, in certain of its forms and like.",0,/Users/minjoolee/Downloads/MUStARD/PodSarc/all_processed/overly-sarcastic-podcast__ospod-episode-74/ospod-episode-74_212.mp3
74_216,74,Oh boy. Yeah. If I had to go with something other than resin related crafts and stuff.,0,/Users/minjoolee/Downloads/MUStARD/PodSarc/all_processed/overly-sarcastic-podcast__ospod-episode-74/ospod-episode-74_216.mp3
74_220,74,"the three weapons foil up a saber, um, or the two weapons and then the one that we let into the club, um.",1,/Users/minjoolee/Downloads/MUStARD/PodSarc/all_processed/overly-sarcastic-podcast__ospod-episode-74/ospod-episode-74_220.mp3
74_223,74,"But, I, I do love that there is just a truly staggering breadth of weapons you can fence with in HEMA, cause it's like, you got your single-edged swords, you got your double-edged swords, you got your two-hand double-edged swords, you got-",0,/Users/minjoolee/Downloads/MUStARD/PodSarc/all_processed/overly-sarcastic-podcast__ospod-episode-74/ospod-episode-74_223.mp3
74_224,74,"Like, a whole bunch of different spears and stuff you can do too. Like, you want to do halberd fencing? Go nuts.",0,/Users/minjoolee/Downloads/MUStARD/PodSarc/all_processed/overly-sarcastic-podcast__ospod-episode-74/ospod-episode-74_224.mp3
74_225,74,"That does sound pretty fucking rad. Right? If you guys do this, take me along.",0,/Users/minjoolee/Downloads/MUStARD/PodSarc/all_processed/overly-sarcastic-podcast__ospod-episode-74/ospod-episode-74_225.mp3
74_230,74,This is the logical progression of the various redesigns I've seen you do for video game boxes.,0,/Users/minjoolee/Downloads/MUStARD/PodSarc/all_processed/overly-sarcastic-podcast__ospod-episode-74/ospod-episode-74_230.mp3
74_231,74,Book jackets. They're just prettier on the shelf when they all match.,0,/Users/minjoolee/Downloads/MUStARD/PodSarc/all_processed/overly-sarcastic-podcast__ospod-episode-74/ospod-episode-74_231.mp3
74_235,74,Graphic design really is your passion and it's coming through in this episode.,0,/Users/minjoolee/Downloads/MUStARD/PodSarc/all_processed/overly-sarcastic-podcast__ospod-episode-74/ospod-episode-74_235.mp3
74_240,74,"Uh, it's like Dr. Pimple Popper to, like, the extremo, like, inventing new kinds of physical ailments just to be, like, let's fix, like, ugh, gross, but, um, there, there are some, some classics, uh, that I have to, to come to bat for, um, GB ASMR is, like,",0,/Users/minjoolee/Downloads/MUStARD/PodSarc/all_processed/overly-sarcastic-podcast__ospod-episode-74/ospod-episode-74_240.mp3
74_241,74,"Always, always on the top of the game. Fantastic.",0,/Users/minjoolee/Downloads/MUStARD/PodSarc/all_processed/overly-sarcastic-podcast__ospod-episode-74/ospod-episode-74_241.mp3
74_246,74,"really icky, gross, way too horny, just like sloppy ASMR out there that is very unpleasant to listen to and gives, uh, gives the art form a bad name. So those are some of my, uh.",1,/Users/minjoolee/Downloads/MUStARD/PodSarc/all_processed/overly-sarcastic-podcast__ospod-episode-74/ospod-episode-74_246.mp3
74_250,74,"Alright, well don't do that. That's just really unsanitary. This is a spy. Exactly! It's gonna grow shit in it if you get it too humid.",1,/Users/minjoolee/Downloads/MUStARD/PodSarc/all_processed/overly-sarcastic-podcast__ospod-episode-74/ospod-episode-74_250.mp3
74_251,74,"Yeah, that's, um, that hurts me as an audio care person, but it's an incredibly funny opinion for the two ace people of the pod to be voicing.",1,/Users/minjoolee/Downloads/MUStARD/PodSarc/all_processed/overly-sarcastic-podcast__ospod-episode-74/ospod-episode-74_251.mp3
74_279,74,"You know, that, that like gastro science things you can do where you sort of like just precipitate out little globes of juice. Uh, you can have those in teas. So it'll be like, this is like a mango tea with like lychee boba. And it's just like, yes, give.",1,/Users/minjoolee/Downloads/MUStARD/PodSarc/all_processed/overly-sarcastic-podcast__ospod-episode-74/ospod-episode-74_279.mp3
74_284,74,"Some, some deep poles in interesting directions in this question.",0,/Users/minjoolee/Downloads/MUStARD/PodSarc/all_processed/overly-sarcastic-podcast__ospod-episode-74/ospod-episode-74_284.mp3
74_287,74,"being awake, like, now your day has begun, uh, which is, I think why iced coffee plays such an important role in, in consider life, but, you know, the caffeine's doing nothing.",1,/Users/minjoolee/Downloads/MUStARD/PodSarc/all_processed/overly-sarcastic-podcast__ospod-episode-74/ospod-episode-74_287.mp3
74_291,74,"And it's just very funny because I keep forgetting that. I actually had a day where like I was just like pouring it and I wasn't really paying attention. I was like, that's going to be way too much.",0,/Users/minjoolee/Downloads/MUStARD/PodSarc/all_processed/overly-sarcastic-podcast__ospod-episode-74/ospod-episode-74_291.mp3
74_293,74,adequate and good enough and does not make me jittery at all or anything.,0,/Users/minjoolee/Downloads/MUStARD/PodSarc/all_processed/overly-sarcastic-podcast__ospod-episode-74/ospod-episode-74_293.mp3
74_304,74,"that, I, I literally played through that part of the, the Korok Forest deaths yesterday, and it's like, oh, bananas, oh, and then I saw the second banana, I'm like, oh, I know what's happening.",0,/Users/minjoolee/Downloads/MUStARD/PodSarc/all_processed/overly-sarcastic-podcast__ospod-episode-74/ospod-episode-74_304.mp3
74_306,74,"Yeah, the banana trail and the depths is the funniest. So funny. Absolutely.",0,/Users/minjoolee/Downloads/MUStARD/PodSarc/all_processed/overly-sarcastic-podcast__ospod-episode-74/ospod-episode-74_306.mp3
74_307,74,"So funny. Absolutely. My favorite quest line in Tears of the Kingdom is the side adventure of the newspaper. And all of those are just little eco clan moments and all of them are made. Like every time someone has to dress up as Zelda, I'm like 10 out of 10. No notes. Oh man.",1,/Users/minjoolee/Downloads/MUStARD/PodSarc/all_processed/overly-sarcastic-podcast__ospod-episode-74/ospod-episode-74_307.mp3
74_308,74,"I, here's what I would do. Yes. If we want to, if we want to get that little twink bastard, the, the swordsman, the, the goddess's, uh, incarnations appointed knight, like seven titles deep, um, we need to, to get him to lower his guard.",1,/Users/minjoolee/Downloads/MUStARD/PodSarc/all_processed/overly-sarcastic-podcast__ospod-episode-74/ospod-episode-74_308.mp3
74_310,74,"So what we do, Sidon is kind of red, our outfits are kind of red, I feel like we can mock up a suitable disguise, be like, hey, hey, champion swordsman guy, it's me, your fish boyfriend Sidon, and then his guard is down, he's completely, uh, uh, unprepared, and then boom, we kill him, we stab him.",1,/Users/minjoolee/Downloads/MUStARD/PodSarc/all_processed/overly-sarcastic-podcast__ospod-episode-74/ospod-episode-74_310.mp3
74_311,74,Operation Fish Hemsworth is a go.,1,/Users/minjoolee/Downloads/MUStARD/PodSarc/all_processed/overly-sarcastic-podcast__ospod-episode-74/ospod-episode-74_311.mp3
74_312,74,"Oh boy. I think that we can also, you know, scheme is a capital S word here, right? Like, I do really think we need to get into the hijinks of it all. Um, here's my pro, my proposal.",1,/Users/minjoolee/Downloads/MUStARD/PodSarc/all_processed/overly-sarcastic-podcast__ospod-episode-74/ospod-episode-74_312.mp3
74_316,74,"And because he will not use Mighty Bananas, he will lose. And he will continue to enter until he figures out that he must use the Mighty Banana.",0,/Users/minjoolee/Downloads/MUStARD/PodSarc/all_processed/overly-sarcastic-podcast__ospod-episode-74/ospod-episode-74_316.mp3
74_321,74,"All right, sue me. I think, and okay, hear me out. What if we did multiple robots, right? We each piloted one. And then if he's like winning, we can combine them into a bigger one, right? Yeah. And then.",0,/Users/minjoolee/Downloads/MUStARD/PodSarc/all_processed/overly-sarcastic-podcast__ospod-episode-74/ospod-episode-74_321.mp3
74_324,74,"It would be fun to have a bunch of Ego Clan members that were like the Ego Squad and they didn't all have to wear the red uniform. One was like in the blue uniform, the yellow uniform. It's just the same thing. The Ego Force. The Ego Force. Yeah. And they were onto something with that one. The elite warriors. The Ego Force. I do have something.",1,/Users/minjoolee/Downloads/MUStARD/PodSarc/all_processed/overly-sarcastic-podcast__ospod-episode-74/ospod-episode-74_324.mp3
74_326,74,"I will say I've seen him like time reverse projectiles before, so we might be hoisted by that particular petard if we try it, but.",1,/Users/minjoolee/Downloads/MUStARD/PodSarc/all_processed/overly-sarcastic-podcast__ospod-episode-74/ospod-episode-74_326.mp3
74_332,74,Maybe if we put it high up enough. High up. Yeah. Okay. Yeah. Maybe it pops them out.,0,/Users/minjoolee/Downloads/MUStARD/PodSarc/all_processed/overly-sarcastic-podcast__ospod-episode-74/ospod-episode-74_332.mp3
74_333,74,"And he's in the middle, like, there's nothing. He's in a big tower. There's just a pit around him. So he has to, he had to jump super far, which he can't jump very far.",0,/Users/minjoolee/Downloads/MUStARD/PodSarc/all_processed/overly-sarcastic-podcast__ospod-episode-74/ospod-episode-74_333.mp3
74_335,74,"Yeah, that first bird guy doing a little gush sideways anymore. Or gush up, I should say.",1,/Users/minjoolee/Downloads/MUStARD/PodSarc/all_processed/overly-sarcastic-podcast__ospod-episode-74/ospod-episode-74_335.mp3
74_340,74,"Okay, this is the part where I reveal that I was not actually the Yiga. I take off my mask and I was actually Link and then I kill you all.",1,/Users/minjoolee/Downloads/MUStARD/PodSarc/all_processed/overly-sarcastic-podcast__ospod-episode-74/ospod-episode-74_340.mp3
74_342,74,"You guys should totally seduce me as Sidon. No, it would work so good, you guys.",1,/Users/minjoolee/Downloads/MUStARD/PodSarc/all_processed/overly-sarcastic-podcast__ospod-episode-74/ospod-episode-74_342.mp3
74_345,74,"But like, a foot is missing, cause Link was one of the guys.",1,/Users/minjoolee/Downloads/MUStARD/PodSarc/all_processed/overly-sarcastic-podcast__ospod-episode-74/ospod-episode-74_345.mp3
75_1,75,"Yeah, it's just one of those shops that noon every day is just a line out the door and it's amazing. It's just, you know, so.",1,/Users/minjoolee/Downloads/MUStARD/PodSarc/all_processed/overly-sarcastic-podcast__ospod-episode-75/ospod-episode-75_1.mp3
75_3,75,He's the best. He's the best. Honorable mention to when you take two slices of pizza and you fold them and then you can eat it a little more cleanly. Sometimes you gotta be efficient.,1,/Users/minjoolee/Downloads/MUStARD/PodSarc/all_processed/overly-sarcastic-podcast__ospod-episode-75/ospod-episode-75_3.mp3
75_4,75,"You don't just hold the single slice of pizza in, pizza in half so it's a little like, easier to hold?",0,/Users/minjoolee/Downloads/MUStARD/PodSarc/all_processed/overly-sarcastic-podcast__ospod-episode-75/ospod-episode-75_4.mp3
75_6,75,"I did an 8 hour stream yesterday, so I'm drinking some truly disgusting tea to try and compensate.",1,/Users/minjoolee/Downloads/MUStARD/PodSarc/all_processed/overly-sarcastic-podcast__ospod-episode-75/ospod-episode-75_6.mp3
75_11,75,"is, is good, cuz once your world is sorted exactly how you like, you can use the powerful built-in word processor to write your prose with an easy reach of all your notes.",1,/Users/minjoolee/Downloads/MUStARD/PodSarc/all_processed/overly-sarcastic-podcast__ospod-episode-75/ospod-episode-75_11.mp3
75_25,75,"Yeah, yeah.",0,/Users/minjoolee/Downloads/MUStARD/PodSarc/all_processed/overly-sarcastic-podcast__ospod-episode-75/ospod-episode-75_25.mp3
75_27,75,"Fun! Uh, I don't often, uh, do trope talks about, like, stock episode plots, as it were. Like, I, I said to focus, um, a little bit more on characters, uh, or,",0,/Users/minjoolee/Downloads/MUStARD/PodSarc/all_processed/overly-sarcastic-podcast__ospod-episode-75/ospod-episode-75_27.mp3
75_32,75,"Turbo wiped, but what I, what I liked about this episode was, I mean, to your point, it was different in that it was covering a stock episode type rather than a character archetype or like a, a story quirk of the medium. Um, which like the, uh, the, those dang phones episodes is like this, this isn't a stock episode type. This is just like, why is writing like this? Um, but I, I thought it was interesting to get into the.",1,/Users/minjoolee/Downloads/MUStARD/PodSarc/all_processed/overly-sarcastic-podcast__ospod-episode-75/ospod-episode-75_32.mp3
75_39,75,"blow up the prison, or whatever it's called, I said I break the prison. What's that from? What is that from?",1,/Users/minjoolee/Downloads/MUStARD/PodSarc/all_processed/overly-sarcastic-podcast__ospod-episode-75/ospod-episode-75_39.mp3
75_40,75,"There's like a joke in D&D spaces, which is like, I didn't ask how big the room is. I said I cast fireball. Uh, and that was kind of what I was drawing on for that specific, but it was kind of like, you know, you got the stories where it's like, it's the great escape and you get the stories where it's like, oh, it's like a, it's, it's the great prison reform heist where we swap out the bad guy warden for a good guy warden, but completely do not address the underlying complex. And then there's the ones where it's like,",1,/Users/minjoolee/Downloads/MUStARD/PodSarc/all_processed/overly-sarcastic-podcast__ospod-episode-75/ospod-episode-75_40.mp3
75_41,75,"Actually, fuck it. Let's just blow this whole thing wide open. And I was like, I gotta address that. Cause that's kind of a big deal in, in these stories. It's about as big as these kinds of prison break stories can get. Yeah. Um, although, so this is a.",1,/Users/minjoolee/Downloads/MUStARD/PodSarc/all_processed/overly-sarcastic-podcast__ospod-episode-75/ospod-episode-75_41.mp3
75_46,75,"Exactly. I, I will say, I, I did feel seen, uh, when you put in the prison break from the beginning of Mission Impossible 4, which is a prime example of like, there is no mechanical complexity to that prison break whatsoever. It's just like Benji clicks the open the doors button and the door is open. There's no,",1,/Users/minjoolee/Downloads/MUStARD/PodSarc/all_processed/overly-sarcastic-podcast__ospod-episode-75/ospod-episode-75_46.mp3
75_53,75,"Should I do this? And I was like, ah, you know, maybe I can change the birth of Rome. And I'm like, I'll see what this does. And it didn't do anything good or bad. And that's useful information. It'll peek behind the curtain for you. Um, but I.",1,/Users/minjoolee/Downloads/MUStARD/PodSarc/all_processed/overly-sarcastic-podcast__ospod-episode-75/ospod-episode-75_53.mp3
75_55,75,"kick one of them in the ass, hey, we got a republic. Um, and a couple of the comments are like, well, I mean, yeah, that's the Roman legend, but like, that's obviously not what happened. And I was like, well, I mean, yeah, but we kind of can't really know what happened. So I have to take Rome with their word. And that kind of planted a seed in my head for many, many years later of like, what if I actually unpack",1,/Users/minjoolee/Downloads/MUStARD/PodSarc/all_processed/overly-sarcastic-podcast__ospod-episode-75/ospod-episode-75_55.mp3
75_60,75,"kinda, like, uh, okay, well, I guess we have to have these guys here. And it's like, you learn about the seven kings of Rome in your, like, ancient history class.",0,/Users/minjoolee/Downloads/MUStARD/PodSarc/all_processed/overly-sarcastic-podcast__ospod-episode-75/ospod-episode-75_60.mp3
75_63,75,"Romulus had to have been also born in like the Bronze Age and that doesn't work. So maybe we just let these two guys be 500 years apart and we just make up a line of kings in between them. And in researching, like,",0,/Users/minjoolee/Downloads/MUStARD/PodSarc/all_processed/overly-sarcastic-podcast__ospod-episode-75/ospod-episode-75_63.mp3
75_65,75,"are, like, placed into this story, and that becomes useful for when Augustus is building, and Rocco, you can, you can help me out on this one, when Augustus is building his whole forum, and he's like, ah, yes, I will have two huge statue colonnades, or statue galleries, with, like, famous Romans on one side, and the Alban kings on the other, and they both lead to me being awesome, and how that narrative is, is basically created to serve the Augustan propaganda program.",1,/Users/minjoolee/Downloads/MUStARD/PodSarc/all_processed/overly-sarcastic-podcast__ospod-episode-75/ospod-episode-75_65.mp3
75_66,75,"I don't want to derail. It's just, it's funny to me when you were just like laying out the problem solving of like, okay, either this was in the eight hundreds or the 12 hundreds and neither of these quite work with the timeline is like.",1,/Users/minjoolee/Downloads/MUStARD/PodSarc/all_processed/overly-sarcastic-podcast__ospod-episode-75/ospod-episode-75_66.mp3
75_91,75,"The shit rules. This is a great medium, actually. Um, so it's, it's such a fascinating choice, not just to, like, try and recreate the entirety of 4th century Rome and Lego, but to, or to recreate the entirety of 4th century Rome, but to, to specifically do it in the medium of Lego. I think.",0,/Users/minjoolee/Downloads/MUStARD/PodSarc/all_processed/overly-sarcastic-podcast__ospod-episode-75/ospod-episode-75_91.mp3
75_104,75,So it starts.,0,/Users/minjoolee/Downloads/MUStARD/PodSarc/all_processed/overly-sarcastic-podcast__ospod-episode-75/ospod-episode-75_104.mp3
75_108,75,Those are huge. I'm excited to see how those ones shape up.,0,/Users/minjoolee/Downloads/MUStARD/PodSarc/all_processed/overly-sarcastic-podcast__ospod-episode-75/ospod-episode-75_108.mp3
75_122,75,"Yeah, no, I really appreciate that. And yeah, you've been one of the most active users on there. So that's awesome. But, uh, uh, yeah. So Instagram and Patreon, I guess, are the two that I post on most often. And like you said, there's also YouTube, but Patreon definitely, especially the top tier, the,",0,/Users/minjoolee/Downloads/MUStARD/PodSarc/all_processed/overly-sarcastic-podcast__ospod-episode-75/ospod-episode-75_122.mp3
75_123,75,One of the privileges.,0,/Users/minjoolee/Downloads/MUStARD/PodSarc/all_processed/overly-sarcastic-podcast__ospod-episode-75/ospod-episode-75_123.mp3
75_130,75,"Oh, yeah.",0,/Users/minjoolee/Downloads/MUStARD/PodSarc/all_processed/overly-sarcastic-podcast__ospod-episode-75/ospod-episode-75_130.mp3
75_132,75,"mugs, um, and also the home of our pins, um, overly sarcastic dot shop, fun new domain name, all our own, uh, and this will be the new main place where everything is, um, our,",0,/Users/minjoolee/Downloads/MUStARD/PodSarc/all_processed/overly-sarcastic-podcast__ospod-episode-75/ospod-episode-75_132.mp3
75_134,75,cool.,0,/Users/minjoolee/Downloads/MUStARD/PodSarc/all_processed/overly-sarcastic-podcast__ospod-episode-75/ospod-episode-75_134.mp3
75_145,75,"It's the only segment, I guess, would be a more accurate description.",1,/Users/minjoolee/Downloads/MUStARD/PodSarc/all_processed/overly-sarcastic-podcast__ospod-episode-75/ospod-episode-75_145.mp3
75_147,75,"over the many, many days. So, uh, just to see what the crew's seen, watched, read, et cetera. We're going to be doing real quick rapid fire. Have you seen it? Yes or no answers, um, as much as possible.",0,/Users/minjoolee/Downloads/MUStARD/PodSarc/all_processed/overly-sarcastic-podcast__ospod-episode-75/ospod-episode-75_147.mp3
75_151,75,"The lightning round continues. Next up is Dead End Paranormal Park. No, but I've heard of it.",0,/Users/minjoolee/Downloads/MUStARD/PodSarc/all_processed/overly-sarcastic-podcast__ospod-episode-75/ospod-episode-75_151.mp3
75_153,75,There's like three A's and three R's all in a row.,1,/Users/minjoolee/Downloads/MUStARD/PodSarc/all_processed/overly-sarcastic-podcast__ospod-episode-75/ospod-episode-75_153.mp3
75_154,75,"Some bo, bo, bo, bo, bo, bo, bo, bo, bo, bo, bo, bo, bo, bo, bo, bo, bo, bo, bo, bo, bo, bo, bo.",1,/Users/minjoolee/Downloads/MUStARD/PodSarc/all_processed/overly-sarcastic-podcast__ospod-episode-75/ospod-episode-75_154.mp3
75_155,75,"Yeah, so the answer is no. Uh, Megamind? Oh, obviously.",0,/Users/minjoolee/Downloads/MUStARD/PodSarc/all_processed/overly-sarcastic-podcast__ospod-episode-75/ospod-episode-75_155.mp3
75_156,75,"Oh, guys, it's so fun. A war horse, also a movie. No.",0,/Users/minjoolee/Downloads/MUStARD/PodSarc/all_processed/overly-sarcastic-podcast__ospod-episode-75/ospod-episode-75_156.mp3
75_166,75,"Cause I played soul bad guy cause he looked cool and his name was bad guy. And I'm like, I want this one. I want this one. And then I got my ass beat with a special move in the second round.",0,/Users/minjoolee/Downloads/MUStARD/PodSarc/all_processed/overly-sarcastic-podcast__ospod-episode-75/ospod-episode-75_166.mp3
75_171,75,Heard that one did not have cable at that age.,0,/Users/minjoolee/Downloads/MUStARD/PodSarc/all_processed/overly-sarcastic-podcast__ospod-episode-75/ospod-episode-75_171.mp3
75_172,75,"It's one of those shows where it's like, Oh, I remember this so fondly. And then you watch it and you're like, Oh, I forgot about a lot of.",1,/Users/minjoolee/Downloads/MUStARD/PodSarc/all_processed/overly-sarcastic-podcast__ospod-episode-75/ospod-episode-75_172.mp3
75_175,75,"Yeah, I, this was a big one for me in my middle school anime phase, so I was current with it up to Fishman Island, and ever since then, I've occasionally rewatched up to, like, Eni's Lobby, but I would not consider myself a diehard fan or familiar with any of the recent stuff, because there are hundreds of hours in between where I stopped and where it is now. I understood some of those words.",1,/Users/minjoolee/Downloads/MUStARD/PodSarc/all_processed/overly-sarcastic-podcast__ospod-episode-75/ospod-episode-75_175.mp3
75_177,75,"That sounds familiar, but no, it's a game, right?",0,/Users/minjoolee/Downloads/MUStARD/PodSarc/all_processed/overly-sarcastic-podcast__ospod-episode-75/ospod-episode-75_177.mp3
75_178,75,"Uh, Outlander. And we got their Scottish. We got someone.",1,/Users/minjoolee/Downloads/MUStARD/PodSarc/all_processed/overly-sarcastic-podcast__ospod-episode-75/ospod-episode-75_178.mp3
75_179,75,"Up through, I don't even know which one they're on now, but probably one or two previously. That's as far as I got.",0,/Users/minjoolee/Downloads/MUStARD/PodSarc/all_processed/overly-sarcastic-podcast__ospod-episode-75/ospod-episode-75_179.mp3
75_180,75,Just for no particular reason. Just haven't gotten back into it.,0,/Users/minjoolee/Downloads/MUStARD/PodSarc/all_processed/overly-sarcastic-podcast__ospod-episode-75/ospod-episode-75_180.mp3
75_185,75,"Also, Outlander's more, like, romance-focused, is my understanding, if you're going to compare the two head-to-head. Got it.",0,/Users/minjoolee/Downloads/MUStARD/PodSarc/all_processed/overly-sarcastic-podcast__ospod-episode-75/ospod-episode-75_185.mp3
75_191,75,"Uh, I've seen The Room and I also edited Dominic Noble's videos on both The Room's, uh, April Fool's one and The Disaster Artist. It didn't get better scrolling through individually.",1,/Users/minjoolee/Downloads/MUStARD/PodSarc/all_processed/overly-sarcastic-podcast__ospod-episode-75/ospod-episode-75_191.mp3
75_192,75,"Fun fact, uh, for Dominic Noble's April Fool's The Room video, uh, he invented a fake author who wrote the, the book that The Room was based on, and it's me with Photoshopped glasses and a beard. Yeah.",0,/Users/minjoolee/Downloads/MUStARD/PodSarc/all_processed/overly-sarcastic-podcast__ospod-episode-75/ospod-episode-75_192.mp3
75_193,75,"Yeah. Also fun fact about that video. One of the only pieces of genuine animation I've ever done is in the background shot. I had to make Tommy Wiseau fly through the sky. That is not a shot that exists in the movie. Um, next up is Project Moon. No, I don't know.",1,/Users/minjoolee/Downloads/MUStARD/PodSarc/all_processed/overly-sarcastic-podcast__ospod-episode-75/ospod-episode-75_193.mp3
75_195,75,"Uh, while you do that. Uh, dragon's dogma. Also, no. All of these sound like spells.",1,/Users/minjoolee/Downloads/MUStARD/PodSarc/all_processed/overly-sarcastic-podcast__ospod-episode-75/ospod-episode-75_195.mp3
75_200,75,"Yeah. I pull everything individually. If you're going to submit lightning round questions, please at least separate them with a comma. Thank you.",0,/Users/minjoolee/Downloads/MUStARD/PodSarc/all_processed/overly-sarcastic-podcast__ospod-episode-75/ospod-episode-75_200.mp3
75_203,75,"I'm not, not blaming anybody. Just wanted to clarify.",0,/Users/minjoolee/Downloads/MUStARD/PodSarc/all_processed/overly-sarcastic-podcast__ospod-episode-75/ospod-episode-75_203.mp3
75_205,75,This is a new TV show? Oh.,0,/Users/minjoolee/Downloads/MUStARD/PodSarc/all_processed/overly-sarcastic-podcast__ospod-episode-75/ospod-episode-75_205.mp3
75_206,75,"It, it looks very, like, late-stage cartoon network-y. And it looks, it looks neat, but, like, it's got that kind of,",0,/Users/minjoolee/Downloads/MUStARD/PodSarc/all_processed/overly-sarcastic-podcast__ospod-episode-75/ospod-episode-75_206.mp3
75_207,75,"You know how like all animation nowadays that's like, like broad appeal is like one of three animation styles is like you're basically operating on like your family guy style, your Rick and Morty style, or you're like, um, like Adventure Time Steven Universe kind of like art style.",0,/Users/minjoolee/Downloads/MUStARD/PodSarc/all_processed/overly-sarcastic-podcast__ospod-episode-75/ospod-episode-75_207.mp3
75_210,75,"So you can have any vehicle, it will function and you get to drive it, ride it, whatever. What is it going to be? Any Gundam.",1,/Users/minjoolee/Downloads/MUStARD/PodSarc/all_processed/overly-sarcastic-podcast__ospod-episode-75/ospod-episode-75_210.mp3
75_211,75,except maybe the one in Witch from Mercury that killed you. Any other Gundam.,1,/Users/minjoolee/Downloads/MUStARD/PodSarc/all_processed/overly-sarcastic-podcast__ospod-episode-75/ospod-episode-75_211.mp3
75_215,75,Wander goes better in bronze than in practice.,0,/Users/minjoolee/Downloads/MUStARD/PodSarc/all_processed/overly-sarcastic-podcast__ospod-episode-75/ospod-episode-75_215.mp3
75_234,75,"yay big, like, you know, hand-sized, um, uh, baseplate, uh, for the Duomo in Florence.",0,/Users/minjoolee/Downloads/MUStARD/PodSarc/all_processed/overly-sarcastic-podcast__ospod-episode-75/ospod-episode-75_234.mp3
75_247,75,"No? I suppose, Q Theory is the most widely accepted currently.",1,/Users/minjoolee/Downloads/MUStARD/PodSarc/all_processed/overly-sarcastic-podcast__ospod-episode-75/ospod-episode-75_247.mp3
75_250,75,"That one, that one sandwich from that one guy down the block from me.",1,/Users/minjoolee/Downloads/MUStARD/PodSarc/all_processed/overly-sarcastic-podcast__ospod-episode-75/ospod-episode-75_250.mp3
75_254,75,"Yeah, it's just one of those shops that noon every day is just a line out the door. And it's amazing. It's just, you know, so.",0,/Users/minjoolee/Downloads/MUStARD/PodSarc/all_processed/overly-sarcastic-podcast__ospod-episode-75/ospod-episode-75_254.mp3
75_255,75,"Yeah. It's amazing. It's just, you know, so-and-so's panini place and it's like, he's the best. He's the best. Honorable mention.",1,/Users/minjoolee/Downloads/MUStARD/PodSarc/all_processed/overly-sarcastic-podcast__ospod-episode-75/ospod-episode-75_255.mp3
75_257,75,"Sometimes you gotta be efficient. Well, topological.",1,/Users/minjoolee/Downloads/MUStARD/PodSarc/all_processed/overly-sarcastic-podcast__ospod-episode-75/ospod-episode-75_257.mp3
75_258,75,"It's the pork and provolone from Denix with broccoli rabe on it. It's the best sandwich in Philly, and if you're getting anything else, you're wrong. I know that we're known for cheese steaks. With that roast pork, I'll die on that hill. Uh, alright, next question. This comes from party1.",0,/Users/minjoolee/Downloads/MUStARD/PodSarc/all_processed/overly-sarcastic-podcast__ospod-episode-75/ospod-episode-75_258.mp3
75_261,75,"I had a, I had a not very good art teacher for a while when I was little. Um, and considering what I do for a living now, I think at least some of that was out of just pure, like, eight-year-old rage.",1,/Users/minjoolee/Downloads/MUStARD/PodSarc/all_processed/overly-sarcastic-podcast__ospod-episode-75/ospod-episode-75_261.mp3
75_263,75,"We don't really have nemeses outside of school. I mean, it's possible we'll get some later, but like, you know.",1,/Users/minjoolee/Downloads/MUStARD/PodSarc/all_processed/overly-sarcastic-podcast__ospod-episode-75/ospod-episode-75_263.mp3
75_264,75,"I don't know if I would describe him as a nemesis, but I did.",0,/Users/minjoolee/Downloads/MUStARD/PodSarc/all_processed/overly-sarcastic-podcast__ospod-episode-75/ospod-episode-75_264.mp3
75_266,75,"And every single semester, I got one of those two types.",1,/Users/minjoolee/Downloads/MUStARD/PodSarc/all_processed/overly-sarcastic-podcast__ospod-episode-75/ospod-episode-75_266.mp3
75_270,75,"Hail Mary. Nothing has ever been more like perfectly coordinated in my life. I will never be so successful at something I'm bad at again, but we did. We won. We managed to work our way up the bracket. We beat him.",1,/Users/minjoolee/Downloads/MUStARD/PodSarc/all_processed/overly-sarcastic-podcast__ospod-episode-75/ospod-episode-75_270.mp3
75_271,75,The schedule comes out a few months later and I am at 6 a.m. on Tuesdays.,1,/Users/minjoolee/Downloads/MUStARD/PodSarc/all_processed/overly-sarcastic-podcast__ospod-episode-75/ospod-episode-75_271.mp3
75_273,75,"I'm sure, I'm sure if he's out there, station admin is probably completely forgotten. I assume like everyone else at that party may not have been in the soundest of mind and body by the end of the tournament, but I've held this deep within ever since.",1,/Users/minjoolee/Downloads/MUStARD/PodSarc/all_processed/overly-sarcastic-podcast__ospod-episode-75/ospod-episode-75_273.mp3
75_277,75,"Anything I'd want, right. I would just make it myself. I don't know if that's, uh.",0,/Users/minjoolee/Downloads/MUStARD/PodSarc/all_processed/overly-sarcastic-podcast__ospod-episode-75/ospod-episode-75_277.mp3
75_281,75,"Exactly. Yeah. It would be something else if it weren't Lego, to be honest. Yeah.",0,/Users/minjoolee/Downloads/MUStARD/PodSarc/all_processed/overly-sarcastic-podcast__ospod-episode-75/ospod-episode-75_281.mp3
75_285,75,"Ah, just detail oriented. But yeah, I suppose it's also a testament to like the creativity that you don't often have to make something completely new pieces for, um, to make something you haven't done previously, I guess.",1,/Users/minjoolee/Downloads/MUStARD/PodSarc/all_processed/overly-sarcastic-podcast__ospod-episode-75/ospod-episode-75_285.mp3
75_287,75,"I, you know, love what they, what they did with that.",0,/Users/minjoolee/Downloads/MUStARD/PodSarc/all_processed/overly-sarcastic-podcast__ospod-episode-75/ospod-episode-75_287.mp3
75_288,75,"But like a Notre Dame kind of thing would be like, Oh, like that'd be really great. I think a lot of people would be interested in that. Probably sell pretty well.",1,/Users/minjoolee/Downloads/MUStARD/PodSarc/all_processed/overly-sarcastic-podcast__ospod-episode-75/ospod-episode-75_288.mp3
75_295,75,"No, I'm not a Lego kid. I'm committing, like, I'm outing myself as the, the one person who's just.",1,/Users/minjoolee/Downloads/MUStARD/PodSarc/all_processed/overly-sarcastic-podcast__ospod-episode-75/ospod-episode-75_295.mp3
75_297,75,"To break it down again feels strange after spending all this time and effort. But what do I do with it? Uh, so I think the last time I remember trying to build something out of Lego, I wanted to see if I could make, uh, like a little plane that would actually glide and it didn't. So, you know.",0,/Users/minjoolee/Downloads/MUStARD/PodSarc/all_processed/overly-sarcastic-podcast__ospod-episode-75/ospod-episode-75_297.mp3
75_301,75,Plants that's a lot. I would love to put a just big old.,0,/Users/minjoolee/Downloads/MUStARD/PodSarc/all_processed/overly-sarcastic-podcast__ospod-episode-75/ospod-episode-75_301.mp3
75_307,75,"You know, the classic sci-fi concept. I mean, it's, it's one of those like bits of specfic that is prohibitively impossible to ever make.",0,/Users/minjoolee/Downloads/MUStARD/PodSarc/all_processed/overly-sarcastic-podcast__ospod-episode-75/ospod-episode-75_307.mp3
75_309,75,"Cause it's one of those things where you kind of got to spin it and have walls on the side to hold the air in because otherwise the gravity is all going the wrong way. So anyway, I just love it. It never goes well and it's always so crazy. Like that's the thing, like fictional architecture can be bigger and more insane than anything in reality. And that's what we got to lean into, you know?",0,/Users/minjoolee/Downloads/MUStARD/PodSarc/all_processed/overly-sarcastic-podcast__ospod-episode-75/ospod-episode-75_309.mp3
75_312,75,"Also, just the idea of, like, just those huge archways and just pillars in the darkness. Yep. They don't, it's just so spooky. Yeah.",0,/Users/minjoolee/Downloads/MUStARD/PodSarc/all_processed/overly-sarcastic-podcast__ospod-episode-75/ospod-episode-75_312.mp3
75_314,75,That's a great one. Yeah.,0,/Users/minjoolee/Downloads/MUStARD/PodSarc/all_processed/overly-sarcastic-podcast__ospod-episode-75/ospod-episode-75_314.mp3
75_328,75,"That's a pretty good one. If none of us can think of anything else, we can always just assume and be like, I'm thinking about it now. And I'm like, man, it'd be really nice if I had a loaf of fresh baked bread.",1,/Users/minjoolee/Downloads/MUStARD/PodSarc/all_processed/overly-sarcastic-podcast__ospod-episode-75/ospod-episode-75_328.mp3
75_329,75,"It's like, should I, after this, instead of doing work, should I make fresh baked bread? It takes so long.",1,/Users/minjoolee/Downloads/MUStARD/PodSarc/all_processed/overly-sarcastic-podcast__ospod-episode-75/ospod-episode-75_329.mp3
75_331,75,"Yeah. Oh, man. I'm trying to think. My brain is completely blank. Trying to think of literally anything. We've got seven new seasons.",1,/Users/minjoolee/Downloads/MUStARD/PodSarc/all_processed/overly-sarcastic-podcast__ospod-episode-75/ospod-episode-75_331.mp3
75_334,75,We have a DVD collector's edition of Speed Racer. It's just on the shelf back there. It has new bonus features. There's like a whole hour of director interviews.,1,/Users/minjoolee/Downloads/MUStARD/PodSarc/all_processed/overly-sarcastic-podcast__ospod-episode-75/ospod-episode-75_334.mp3
75_337,75,"I was like, like a, like the version that Virgil finished writing in the underworld. Yeah.",0,/Users/minjoolee/Downloads/MUStARD/PodSarc/all_processed/overly-sarcastic-podcast__ospod-episode-75/ospod-episode-75_337.mp3
75_338,75,We have a three hour documentary featuring exquisitely rendered slow motion footage of the KT extinction event.,1,/Users/minjoolee/Downloads/MUStARD/PodSarc/all_processed/overly-sarcastic-podcast__ospod-episode-75/ospod-episode-75_338.mp3
75_341,75,"You know, if time travel were real, I would want the slo-mo guys to take their cameras back and just, you know, slo-mo film the KT extinction event. I want to see that meteor hit. I really want to see it. It would be so cool.",0,/Users/minjoolee/Downloads/MUStARD/PodSarc/all_processed/overly-sarcastic-podcast__ospod-episode-75/ospod-episode-75_341.mp3
75_343,75,I think it would look cool. That's the kind of thing that Omnimax was made for. And I've never seen anyone do it. We have the technology.,0,/Users/minjoolee/Downloads/MUStARD/PodSarc/all_processed/overly-sarcastic-podcast__ospod-episode-75/ospod-episode-75_343.mp3
75_346,75,"Uh, sure, yeah. Thank you all so much for listening. We'll be back in two weeks with another, uh, exciting episode of the OzPod, uh,",1,/Users/minjoolee/Downloads/MUStARD/PodSarc/all_processed/overly-sarcastic-podcast__ospod-episode-75/ospod-episode-75_346.mp3
75_347,75,Tune in on Friday for a video. That's a video. Yeah. A video. One of mine. One of yours. Yes. I remember now. Sorry. It's been.,1,/Users/minjoolee/Downloads/MUStARD/PodSarc/all_processed/overly-sarcastic-podcast__ospod-episode-75/ospod-episode-75_347.mp3
75_350,75,"Yup. Check out our very special guest, uh, and his assorted social media platforms where you can see his extremely exciting Lego project. And if that's everything we needed to cover, then until next time.",0,/Users/minjoolee/Downloads/MUStARD/PodSarc/all_processed/overly-sarcastic-podcast__ospod-episode-75/ospod-episode-75_350.mp3
76_1,76,has not affected our friendship because it's not like I'm more friends with you or less friends with you now that we have more subscribers.,1,/Users/minjoolee/Downloads/MUStARD/PodSarc/all_processed/overly-sarcastic-podcast__ospod-episode-76/ospod-episode-76_1.mp3
76_5,76,"No, not yet. Uh, we're in the, we're in the Dr. Jekyll phase of the, uh, the process. You see, the thing is, obviously, it is the beginning of the Halloween season, uh, the most wonderful time of the year.",1,/Users/minjoolee/Downloads/MUStARD/PodSarc/all_processed/overly-sarcastic-podcast__ospod-episode-76/ospod-episode-76_5.mp3
76_8,76,"coffee I've ever tasted. And it's not good because it's not sweetened in any way. It's just the spice mix and then the bitterness of the coffee. And it's like my normal strategy of tempering it with milk isn't working, but I have a full pot of the stuff that I don't want to waste it.",0,/Users/minjoolee/Downloads/MUStARD/PodSarc/all_processed/overly-sarcastic-podcast__ospod-episode-76/ospod-episode-76_8.mp3
76_9,76,I can't stop now. So that's what I'm going to be getting through for the next hour and a half.,1,/Users/minjoolee/Downloads/MUStARD/PodSarc/all_processed/overly-sarcastic-podcast__ospod-episode-76/ospod-episode-76_9.mp3
76_12,76,"Well, the thing is coffee is already a combination of bitter and sour. And then when you combine that with pumpkin flavor, I will move it along and to go.",1,/Users/minjoolee/Downloads/MUStARD/PodSarc/all_processed/overly-sarcastic-podcast__ospod-episode-76/ospod-episode-76_12.mp3
76_21,76,"It's Saint Sophia. That's the one. That's, like, the thing for us. It's like, okay, I, Saint Sophia, indeed. I will, I will do that one. Um, so I started looking into it and learning a little bit about it. It's like, oh, okay, cool. This was the one that was built by Volodimir, like, right after the, uh,",0,/Users/minjoolee/Downloads/MUStARD/PodSarc/all_processed/overly-sarcastic-podcast__ospod-episode-76/ospod-episode-76_21.mp3
76_27,76,"So, like, that was, uh, like, okay, interesting. So I was, like, looking at some sources and it was like, absolutely, this church was built in 1037. I'm like.",1,/Users/minjoolee/Downloads/MUStARD/PodSarc/all_processed/overly-sarcastic-podcast__ospod-episode-76/ospod-episode-76_27.mp3
76_28,76,"Okay, a little sus. Um, but there's the interesting.",0,/Users/minjoolee/Downloads/MUStARD/PodSarc/all_processed/overly-sarcastic-podcast__ospod-episode-76/ospod-episode-76_28.mp3
76_29,76,"Yeah, that's always the most frustrating part of any kind of historical research is finding the things that are actually dog whistles and it's like, oh no, come on!",1,/Users/minjoolee/Downloads/MUStARD/PodSarc/all_processed/overly-sarcastic-podcast__ospod-episode-76/ospod-episode-76_29.mp3
76_33,76,Right. Right.,0,/Users/minjoolee/Downloads/MUStARD/PodSarc/all_processed/overly-sarcastic-podcast__ospod-episode-76/ospod-episode-76_33.mp3
76_41,76,"is cited as the birthplace of Artemis and Ortigia is a name that a lot of islands have been assigned historically. And the thing I kept running into is like a half a dozen different islands have been called Ortigia. And I was like, cool, which islands? And they were like a half dozen of them. And I, I like went up the citation chain and I've learned to dread whenever a citation chain takes me into a dictionary because the dictionaries don't cite their sources. So it'll be like Ortigia, the name of a half dozen islands. And I'm like, fuck, but I did.",0,/Users/minjoolee/Downloads/MUStARD/PodSarc/all_processed/overly-sarcastic-podcast__ospod-episode-76/ospod-episode-76_41.mp3
76_44,76,"do that, but for this church where it's like, it was a church that existed. I'm like, okay, well, yeah, but like, give me something. Um, so I, I didn't intend to, to do anything, you know, complete or comprehensive, but it's like, look for an English language resource on this thing that is, uh,",1,/Users/minjoolee/Downloads/MUStARD/PodSarc/all_processed/overly-sarcastic-podcast__ospod-episode-76/ospod-episode-76_44.mp3
76_45,76,"unmistakable treasure of, of medieval civilization and, you know, Ukrainian, Rus culture in particular.",0,/Users/minjoolee/Downloads/MUStARD/PodSarc/all_processed/overly-sarcastic-podcast__ospod-episode-76/ospod-episode-76_45.mp3
76_59,76,"I, I did get a tiny bit of smack for, um, or a tiny bit of sass for talking smack about St. Basil's Church in Moscow on the logic of like, hey, Blue, you don't need to, like, degrade Russian architecture to, like, praise Ukraine. I'm like, that is correct. I said.",1,/Users/minjoolee/Downloads/MUStARD/PodSarc/all_processed/overly-sarcastic-podcast__ospod-episode-76/ospod-episode-76_59.mp3
76_76,76,"I don't know. I, uh, it was one of those things where I sort of laid out everything I'd found in roughly chronological order and was like, all right, what threads can I actually trace through? Where were they at? What times? What changes happened? And I, I really hope people like it because I feel like there's not much of a thesis here. And then people really liked it, which is good because that was great.",0,/Users/minjoolee/Downloads/MUStARD/PodSarc/all_processed/overly-sarcastic-podcast__ospod-episode-76/ospod-episode-76_76.mp3
76_86,76,"the dark ages, therefore it sucked. Okay. Like that's, that's pretty clear on its own. But like, as I was building it out, I'm like, I really can't get very specific with this because it means something else to every",1,/Users/minjoolee/Downloads/MUStARD/PodSarc/all_processed/overly-sarcastic-podcast__ospod-episode-76/ospod-episode-76_86.mp3
76_99,76,"What character did you draw in like the, like the hot girl with like her arms behind her mudflaps of a truck pose in Aurora?",0,/Users/minjoolee/Downloads/MUStARD/PodSarc/all_processed/overly-sarcastic-podcast__ospod-episode-76/ospod-episode-76_99.mp3
76_102,76,"Oh, was it?",0,/Users/minjoolee/Downloads/MUStARD/PodSarc/all_processed/overly-sarcastic-podcast__ospod-episode-76/ospod-episode-76_102.mp3
76_117,76,"dark cottagecore, but, uh, yeah, good, great video.",0,/Users/minjoolee/Downloads/MUStARD/PodSarc/all_processed/overly-sarcastic-podcast__ospod-episode-76/ospod-episode-76_117.mp3
76_119,76,We're so excited. We've been working on this for like a straight year.,0,/Users/minjoolee/Downloads/MUStARD/PodSarc/all_processed/overly-sarcastic-podcast__ospod-episode-76/ospod-episode-76_119.mp3
76_121,76,"No, this, this fucking rules, this slaps, these guys are great. Um. Yeah.",0,/Users/minjoolee/Downloads/MUStARD/PodSarc/all_processed/overly-sarcastic-podcast__ospod-episode-76/ospod-episode-76_121.mp3
76_128,76,"Should I sass the red bubble stuff or should I not? Um, I have a couple. We don't necessarily.",1,/Users/minjoolee/Downloads/MUStARD/PodSarc/all_processed/overly-sarcastic-podcast__ospod-episode-76/ospod-episode-76_128.mp3
76_131,76,Access our super secret patrons-only store for patrons.,1,/Users/minjoolee/Downloads/MUStARD/PodSarc/all_processed/overly-sarcastic-podcast__ospod-episode-76/ospod-episode-76_131.mp3
76_135,76,"Yes, when pins are back in stock, they will be there, which is very convenient because now all of our stuff is actually in one place.",1,/Users/minjoolee/Downloads/MUStARD/PodSarc/all_processed/overly-sarcastic-podcast__ospod-episode-76/ospod-episode-76_135.mp3
76_136,76,"Yeah, we're excited to have it all, all together on a nice website with our own branding. It's great.",1,/Users/minjoolee/Downloads/MUStARD/PodSarc/all_processed/overly-sarcastic-podcast__ospod-episode-76/ospod-episode-76_136.mp3
76_142,76,"From one of our lovely, lovely patrons. If you'd like to support the podcast, support the channel, consider becoming a patron for a chance to have your question read first on a future episode. This question comes from Queen the charlatan. Do you think the way the channel has grown has changed YouTube's friendship at all?",0,/Users/minjoolee/Downloads/MUStARD/PodSarc/all_processed/overly-sarcastic-podcast__ospod-episode-76/ospod-episode-76_142.mp3
76_145,76,has not affected our friendship because it's not like I'm more friends with you or less friends with you now that we have more subscribers.,1,/Users/minjoolee/Downloads/MUStARD/PodSarc/all_processed/overly-sarcastic-podcast__ospod-episode-76/ospod-episode-76_145.mp3
76_147,76,"I think that it would be accurate to say that, uh, you joining the channel when, when it was still pretty new definitely helped make us just, like, solidify from, like, we're friends to, like, oh, we're besties. Yeah. Cause it was like, well, now we're, like, just talking constantly. It's like, yeah, this is pretty great.",0,/Users/minjoolee/Downloads/MUStARD/PodSarc/all_processed/overly-sarcastic-podcast__ospod-episode-76/ospod-episode-76_147.mp3
76_150,76,close enough despite the fact that we were in different universities that we were like.,0,/Users/minjoolee/Downloads/MUStARD/PodSarc/all_processed/overly-sarcastic-podcast__ospod-episode-76/ospod-episode-76_150.mp3
76_159,76,"Hey, you know what would be fun? Just making a direct outlet for all our just random, like, hour long chats about dumb shit.",1,/Users/minjoolee/Downloads/MUStARD/PodSarc/all_processed/overly-sarcastic-podcast__ospod-episode-76/ospod-episode-76_159.mp3
76_162,76,"But even then, it was like, hey, you want an excuse to, like, wear our, like, prom suits again and, uh, and, like, go to a museum we like and get high tea. And it's like, yeah, let's do it. Exactly.",0,/Users/minjoolee/Downloads/MUStARD/PodSarc/all_processed/overly-sarcastic-podcast__ospod-episode-76/ospod-episode-76_162.mp3
76_165,76,"And it's, it's really heartwarming whenever I think about it like that. But, uh, yeah.",0,/Users/minjoolee/Downloads/MUStARD/PodSarc/all_processed/overly-sarcastic-podcast__ospod-episode-76/ospod-episode-76_165.mp3
76_168,76,"Yeah, we, we were sort of, it was one of those like laying the tracks as the train is approaching situations when we, cause as we were going through college, it was like, all right, the channel's gone from like sandwich money to like grocery money, but like we're going to start figuring out real jobs. And I was like, Oh no, what am I going to do with a math degree? And you're like, what am I going to do with like philosophy? Maybe I'll like teach. And then it was like, Oh, Hey,",1,/Users/minjoolee/Downloads/MUStARD/PodSarc/all_processed/overly-sarcastic-podcast__ospod-episode-76/ospod-episode-76_168.mp3
76_169,76,"Channel exploded. We're good. Yeah. Like, just in time.",0,/Users/minjoolee/Downloads/MUStARD/PodSarc/all_processed/overly-sarcastic-podcast__ospod-episode-76/ospod-episode-76_169.mp3
76_173,76,And so it goes. I mean that with love. I hope it sounded like that.,0,/Users/minjoolee/Downloads/MUStARD/PodSarc/all_processed/overly-sarcastic-podcast__ospod-episode-76/ospod-episode-76_173.mp3
76_180,76,So many beautiful frames and then I have to go and.,0,/Users/minjoolee/Downloads/MUStARD/PodSarc/all_processed/overly-sarcastic-podcast__ospod-episode-76/ospod-episode-76_180.mp3
76_191,76,Nice.,0,/Users/minjoolee/Downloads/MUStARD/PodSarc/all_processed/overly-sarcastic-podcast__ospod-episode-76/ospod-episode-76_191.mp3
76_192,76,"Maybe my all time favorite, one of my all time favorite movies, uh, Baz Luhrmann's Romeo plus Juliet. If you're not, if you're not watching that play, it's incredibly text accurate. And also everyone's wearing like a Hawaiian shirt. I think it's great. I think it's a fantastic, uh, movie.",1,/Users/minjoolee/Downloads/MUStARD/PodSarc/all_processed/overly-sarcastic-podcast__ospod-episode-76/ospod-episode-76_192.mp3
76_193,76,The version of Muppet Midsummer Night's Dream that lives only in my head and that Tumblr post I made about it.,1,/Users/minjoolee/Downloads/MUStARD/PodSarc/all_processed/overly-sarcastic-podcast__ospod-episode-76/ospod-episode-76_193.mp3
76_198,76,"Greatest subgenre of Shakespeare adaptation was the early 2000s. Let's make it into a teen movie where like, you know, you get, she's the man. She's the man. They're so good. They're always bangers. I think we need more. I think we need more of those now. Let's get into the weirder place. You know, let's like, let's, let's do Coriolanus, but like, I don't know.",1,/Users/minjoolee/Downloads/MUStARD/PodSarc/all_processed/overly-sarcastic-podcast__ospod-episode-76/ospod-episode-76_198.mp3
76_199,76,That's probably my runner up for favorite Shakespeare. That's fair. That's fair.,1,/Users/minjoolee/Downloads/MUStARD/PodSarc/all_processed/overly-sarcastic-podcast__ospod-episode-76/ospod-episode-76_199.mp3
76_203,76,"Uh, under duress. Um, I, I learned, um, Greek from a, a young age, uh, in the genre of kitchen Greek, or like, you know, yaya Greek, where it's, I, I have enough knowledge to be able to say like, yes, please. No, thank you. I'm not hungry. I am hungry. And that's it.",1,/Users/minjoolee/Downloads/MUStARD/PodSarc/all_processed/overly-sarcastic-podcast__ospod-episode-76/ospod-episode-76_203.mp3
76_204,76,Yep. That's kitchen Greek. All right. Exactly what it says on the tin.,0,/Users/minjoolee/Downloads/MUStARD/PodSarc/all_processed/overly-sarcastic-podcast__ospod-episode-76/ospod-episode-76_204.mp3
76_205,76,"Yeah, um, it's just enough to, to communicate, like, very basic, like, not even, like, weather, uh, which is, like, third week of language class kind of stuff. It's just, like, hi, like, you know, hi, grandma, grandpa, you know, I love you. Good to see you. Like, bye. And it's like the most useless basic stuff.",1,/Users/minjoolee/Downloads/MUStARD/PodSarc/all_processed/overly-sarcastic-podcast__ospod-episode-76/ospod-episode-76_205.mp3
76_211,76,"This was the summer class at my university, right? UChicago?",0,/Users/minjoolee/Downloads/MUStARD/PodSarc/all_processed/overly-sarcastic-podcast__ospod-episode-76/ospod-episode-76_211.mp3
76_216,76,"Since I've like, you know, now gotten through Italian and gotten pretty comfortable with that, it's like I can do it if I actually just like sit down and try and I'm not in a hostile learning environment. Um, so, uh, my Greek is kind of a mess because it's, it's splitsies between ancient and modern and I can read Plato better than I can order dinner at a fancy restaurant. Um, so.",1,/Users/minjoolee/Downloads/MUStARD/PodSarc/all_processed/overly-sarcastic-podcast__ospod-episode-76/ospod-episode-76_216.mp3
76_218,76,"But the thing that sucks is that, like, Greek grammar is really, really cool. It's just so.",0,/Users/minjoolee/Downloads/MUStARD/PodSarc/all_processed/overly-sarcastic-podcast__ospod-episode-76/ospod-episode-76_218.mp3
76_219,76,"Nice and straightforward in a couple very meaningful ways. Um, but the vocabulary is a little bit tricky in some aspects. And then there's just declensions, which are kind of annoying. So like, it shouldn't be that hard. I just had such an awful experience with it that trying to like unlearn the, the like, fight or flight response from it has been a process.",1,/Users/minjoolee/Downloads/MUStARD/PodSarc/all_processed/overly-sarcastic-podcast__ospod-episode-76/ospod-episode-76_219.mp3
76_220,76,"This episode is going to come out after the, ideally the movie strike episode for this week has come out, but I've been sitting babysitting the upload for like five hours now, because for some reason, the upload speeds in my apartment have gone from being like, it'll take 10 minutes to upload an hour and a half podcast episode to it'll take two hours.",1,/Users/minjoolee/Downloads/MUStARD/PodSarc/all_processed/overly-sarcastic-podcast__ospod-episode-76/ospod-episode-76_220.mp3
76_224,76,"Yeah, I also love board games, but.",0,/Users/minjoolee/Downloads/MUStARD/PodSarc/all_processed/overly-sarcastic-podcast__ospod-episode-76/ospod-episode-76_224.mp3
76_225,76,I have played many because of a certain other third person on this call.,1,/Users/minjoolee/Downloads/MUStARD/PodSarc/all_processed/overly-sarcastic-podcast__ospod-episode-76/ospod-episode-76_225.mp3
76_231,76,"Um, and they, they rendered the textures on the golden stone so beautifully. In hindsight, I'm not surprised that art turned out to be my one thing. Um, but, uh.",1,/Users/minjoolee/Downloads/MUStARD/PodSarc/all_processed/overly-sarcastic-podcast__ospod-episode-76/ospod-episode-76_231.mp3
76_232,76,"Yeah, no, uh, quite, quite fond of that. I'm also, uh, fond of Discworld's Thud got made into a board game, uh, with fun little pieces shaped like trolls and, uh, dwarves. And that's fun. It's very cute. Uh, and chess. Uh, I like chess. Everyone in my family likes chess. Everyone in my family has a chess set that they were given at a young age. Um,",0,/Users/minjoolee/Downloads/MUStARD/PodSarc/all_processed/overly-sarcastic-podcast__ospod-episode-76/ospod-episode-76_232.mp3
76_234,76,"I'm weirdly good at the made in three ones because I have a tendency to just be like, oh, cool. I can move to threaten them. I'll just do that immediately. Like that was always my play style. And usually that's the right way to set up made in three, but it's terrible for those like made in one or made in two ones. Cause I'm like, I can put them in check and it's like, no, you're supposed to win. I'm like, I can put them in check from over here. I usually just like stumble into victory.",1,/Users/minjoolee/Downloads/MUStARD/PodSarc/all_processed/overly-sarcastic-podcast__ospod-episode-76/ospod-episode-76_234.mp3
76_235,76,No check. Kill. Destroy.,0,/Users/minjoolee/Downloads/MUStARD/PodSarc/all_processed/overly-sarcastic-podcast__ospod-episode-76/ospod-episode-76_235.mp3
76_236,76,I can't believe the two ADHD people.,0,/Users/minjoolee/Downloads/MUStARD/PodSarc/all_processed/overly-sarcastic-podcast__ospod-episode-76/ospod-episode-76_236.mp3
76_238,76,"Yeah, yeah.",0,/Users/minjoolee/Downloads/MUStARD/PodSarc/all_processed/overly-sarcastic-podcast__ospod-episode-76/ospod-episode-76_238.mp3
76_241,76,In the context of like games you can play as a team. So you don't have the like quintessential bad board game experience where you try to show your friend a competitive board game and then you just like smoke their ass because they're new to it. And of course they're not good at the game yet.,0,/Users/minjoolee/Downloads/MUStARD/PodSarc/all_processed/overly-sarcastic-podcast__ospod-episode-76/ospod-episode-76_241.mp3
76_246,76,The way that the game systems work is actually like a shockingly,0,/Users/minjoolee/Downloads/MUStARD/PodSarc/all_processed/overly-sarcastic-podcast__ospod-episode-76/ospod-episode-76_246.mp3
76_249,76,"And that, that's just great, whenever, like, you play a game of dragoon and then you finish it and then for the rest of the night, someone is the dragon king or the dragon queen.",1,/Users/minjoolee/Downloads/MUStARD/PodSarc/all_processed/overly-sarcastic-podcast__ospod-episode-76/ospod-episode-76_249.mp3
76_250,76,"Um, so that's super fun. And then I like Santorini because it's just a very quaint little, little puzzle competitive game.",1,/Users/minjoolee/Downloads/MUStARD/PodSarc/all_processed/overly-sarcastic-podcast__ospod-episode-76/ospod-episode-76_250.mp3
76_252,76,"That game is so complicated. It's so complicated. But it's so complicated. Like, these games are insane. It took us like two months.",1,/Users/minjoolee/Downloads/MUStARD/PodSarc/all_processed/overly-sarcastic-podcast__ospod-episode-76/ospod-episode-76_252.mp3
76_253,76,"Yeah, it took us like the better part of a year, I want to say. Really?",1,/Users/minjoolee/Downloads/MUStARD/PodSarc/all_processed/overly-sarcastic-podcast__ospod-episode-76/ospod-episode-76_253.mp3
76_256,76,"Like, what's the point of board games if you're not gonna really, like, go hard on the RP?",1,/Users/minjoolee/Downloads/MUStARD/PodSarc/all_processed/overly-sarcastic-podcast__ospod-episode-76/ospod-episode-76_256.mp3
76_259,76,"Exactly. And that's what really elevates the experience. So it's not just about the games. It's like, what kind of, like, emotional outburst can it provoke?",1,/Users/minjoolee/Downloads/MUStARD/PodSarc/all_processed/overly-sarcastic-podcast__ospod-episode-76/ospod-episode-76_259.mp3
76_261,76,"Blue is often put on blast in these pods for enjoying more pedestrian fare. So what is your most beloved quote unquote basic thing? Be it food, weather, location, plots, et cetera. So we've given blue a little bit of a shitake on occasion for, um, some of his more pedestrian things, but I liked, I think we all.",1,/Users/minjoolee/Downloads/MUStARD/PodSarc/all_processed/overly-sarcastic-podcast__ospod-episode-76/ospod-episode-76_261.mp3
76_264,76,"I mean, this is similar to like the whole, I have no idea how I would make a debunking video about this, cause I don't know what the normal person perspective on this is, but like, it's a little hard for me to be like, which of my things are basic? Cause everything that I do doesn't seem to make sense to most people. Um, but like, I, I mean.",0,/Users/minjoolee/Downloads/MUStARD/PodSarc/all_processed/overly-sarcastic-podcast__ospod-episode-76/ospod-episode-76_264.mp3
76_266,76,"And I feel like that's a pretty basic thing for a, for a kid to do. It's like, you know, right? Is this, am I warm? Is this working?",1,/Users/minjoolee/Downloads/MUStARD/PodSarc/all_processed/overly-sarcastic-podcast__ospod-episode-76/ospod-episode-76_266.mp3
76_270,76,"Oh, I, I'm definitely, uh, one of those, uh, Halloween is the best time of year, people. Cause I said that unironically.",1,/Users/minjoolee/Downloads/MUStARD/PodSarc/all_processed/overly-sarcastic-podcast__ospod-episode-76/ospod-episode-76_270.mp3
76_271,76,"You started this podcast by saying that it was Halloween season. It's September, uh, well, at the time of upload, September 13th.",1,/Users/minjoolee/Downloads/MUStARD/PodSarc/all_processed/overly-sarcastic-podcast__ospod-episode-76/ospod-episode-76_271.mp3
76_273,76,"Fall is the better one, because you're getting the leaves falling, everything's pretty, things haven't had time to rot yet, nothing's-",1,/Users/minjoolee/Downloads/MUStARD/PodSarc/all_processed/overly-sarcastic-podcast__ospod-episode-76/ospod-episode-76_273.mp3
76_274,76,"So, yes, autumn is the best season and Halloween is the best holiday. So, whatever.",1,/Users/minjoolee/Downloads/MUStARD/PodSarc/all_processed/overly-sarcastic-podcast__ospod-episode-76/ospod-episode-76_274.mp3
76_277,76,"Well, we can all be pedestrians together walking on the crunchy leaves.",1,/Users/minjoolee/Downloads/MUStARD/PodSarc/all_processed/overly-sarcastic-podcast__ospod-episode-76/ospod-episode-76_277.mp3
76_282,76,"We blast blue sometimes because he says things like my local creperie, but that's unrelated to the pedestrian.",1,/Users/minjoolee/Downloads/MUStARD/PodSarc/all_processed/overly-sarcastic-podcast__ospod-episode-76/ospod-episode-76_282.mp3
76_289,76,"I brought it with me to college to see if I could be cool, and I never had an opportunity to bring it out in public.",1,/Users/minjoolee/Downloads/MUStARD/PodSarc/all_processed/overly-sarcastic-podcast__ospod-episode-76/ospod-episode-76_289.mp3
76_293,76,"You got, like, the, the, like, kind of, like, protagonist by default, uh, energy.",0,/Users/minjoolee/Downloads/MUStARD/PodSarc/all_processed/overly-sarcastic-podcast__ospod-episode-76/ospod-episode-76_293.mp3
76_295,76,"I honored to, uh, pick up the Jake Johnson torch. This is. He's a champion. I'm okay with this. I too would wear sweatpants if I was Spider-Man. Um, but we got time for one more question here on the show before we take it on out. And this is one of my favorite questions we've ever gotten. Uh. Oh, the basic one wasn't the",1,/Users/minjoolee/Downloads/MUStARD/PodSarc/all_processed/overly-sarcastic-podcast__ospod-episode-76/ospod-episode-76_295.mp3
76_298,76,I'm going to pull out a list of organelles because I don't know any others off the top of my head. Yeah. Are any of us bio kids? Nope.,1,/Users/minjoolee/Downloads/MUStARD/PodSarc/all_processed/overly-sarcastic-podcast__ospod-episode-76/ospod-episode-76_298.mp3
76_299,76,What are the 12 organelles in a cell? There are the nucleus. That feels like an easy end for the leader. Or the smart guy. Or the heart.,1,/Users/minjoolee/Downloads/MUStARD/PodSarc/all_processed/overly-sarcastic-podcast__ospod-episode-76/ospod-episode-76_299.mp3
76_308,76,Perfect. Yeah.,0,/Users/minjoolee/Downloads/MUStARD/PodSarc/all_processed/overly-sarcastic-podcast__ospod-episode-76/ospod-episode-76_308.mp3
76_323,76,"Um, honestly, I think he's gotta just be the endoplasmic reticulum, cuz A, it's the only big one that we've left unaccounted for.",0,/Users/minjoolee/Downloads/MUStARD/PodSarc/all_processed/overly-sarcastic-podcast__ospod-episode-76/ospod-episode-76_323.mp3
76_328,76,I'm just reading off of the Wikipedia page for major organelles.,1,/Users/minjoolee/Downloads/MUStARD/PodSarc/all_processed/overly-sarcastic-podcast__ospod-episode-76/ospod-episode-76_328.mp3
76_335,76,I wasn't a science major. I haven't done this since ninth grade biology. Yep. I am also the ninth grade biology was the last time I did this kid.,1,/Users/minjoolee/Downloads/MUStARD/PodSarc/all_processed/overly-sarcastic-podcast__ospod-episode-76/ospod-episode-76_335.mp3
76_337,76,"Sorry, I'm mesmerized by this really gross looking gif on this page about the endoplasmic reticulum.",1,/Users/minjoolee/Downloads/MUStARD/PodSarc/all_processed/overly-sarcastic-podcast__ospod-episode-76/ospod-episode-76_337.mp3
77_6,77,I have chosen to consume neither of those things. I've got water. Smart.,0,/Users/minjoolee/Downloads/MUStARD/PodSarc/all_processed/overly-sarcastic-podcast__ospod-episode-77/ospod-episode-77_6.mp3
77_16,77,"Really damn well. I'm, I'm super happy with, uh, the, the kind of like narrative we were able to construct and explaining how the game works and, and why it's so fascinating as a Greek mythology, urban fantasy, murder mystery, interactive musical.",1,/Users/minjoolee/Downloads/MUStARD/PodSarc/all_processed/overly-sarcastic-podcast__ospod-episode-77/ospod-episode-77_16.mp3
77_18,77,"Absolutely nuts. And was at once, like, mildly terrifying and extremely validating.",1,/Users/minjoolee/Downloads/MUStARD/PodSarc/all_processed/overly-sarcastic-podcast__ospod-episode-77/ospod-episode-77_18.mp3
77_19,77,"It was so cool. Cause like, when we were just, you know, hanging out with Adam while he was streaming it, uh, we did notice in the, in the Twitch chat of like, like a hundred people were watching. And one of them.",1,/Users/minjoolee/Downloads/MUStARD/PodSarc/all_processed/overly-sarcastic-podcast__ospod-episode-77/ospod-episode-77_19.mp3
77_23,77,"She came back! So we were already like, wow, okay.",0,/Users/minjoolee/Downloads/MUStARD/PodSarc/all_processed/overly-sarcastic-podcast__ospod-episode-77/ospod-episode-77_23.mp3
77_25,77,Oh my gosh. I don't think I've ever seen you fanboy this much over a person we know now.,1,/Users/minjoolee/Downloads/MUStARD/PodSarc/all_processed/overly-sarcastic-podcast__ospod-episode-77/ospod-episode-77_25.mp3
77_27,77,"Publicly, except in chats to me. Oh my gosh.",1,/Users/minjoolee/Downloads/MUStARD/PodSarc/all_processed/overly-sarcastic-podcast__ospod-episode-77/ospod-episode-77_27.mp3
77_28,77,"But, yeah, it was, it was super fun. He's just extremely cool, um, and, and wonderful to talk to and so enthusiastic about the work, which made it so fun to chat about, like, the nuances of, of, like, what's going on in the game mythologically. So he emailed us, like, I didn't even know some of these things that you were talking about. So I feel like I learned about my game from this.",1,/Users/minjoolee/Downloads/MUStARD/PodSarc/all_processed/overly-sarcastic-podcast__ospod-episode-77/ospod-episode-77_28.mp3
77_29,77,"Not to puff myself up, but to convey an appreciation for how much fun it was to talk about this game and interact with the rare piece of media that is modern and the creators are present and can interact with things digitally and can see how much we like their stuff. Homer has not watched any of our Iliad videos to my knowledge.",1,/Users/minjoolee/Downloads/MUStARD/PodSarc/all_processed/overly-sarcastic-podcast__ospod-episode-77/ospod-episode-77_29.mp3
77_34,77,"The drought between, like, when the first Percy Jackson series ended and then this year. Yeah.",1,/Users/minjoolee/Downloads/MUStARD/PodSarc/all_processed/overly-sarcastic-podcast__ospod-episode-77/ospod-episode-77_34.mp3
77_38,77,"Well, she's an immortal reincarnating fury, so it's not like she stays there.",1,/Users/minjoolee/Downloads/MUStARD/PodSarc/all_processed/overly-sarcastic-podcast__ospod-episode-77/ospod-episode-77_38.mp3
77_41,77,"Percy's mother does murder a man in cold blood at the end of that book, though.",1,/Users/minjoolee/Downloads/MUStARD/PodSarc/all_processed/overly-sarcastic-podcast__ospod-episode-77/ospod-episode-77_41.mp3
77_49,77,"Oh, yeah. Oh, yeah.",0,/Users/minjoolee/Downloads/MUStARD/PodSarc/all_processed/overly-sarcastic-podcast__ospod-episode-77/ospod-episode-77_49.mp3
77_55,77,"Are you sure, like, are you, why are you so sure about this when you're not sure about anything else? So when we started this game, I was, I was, I was like, I think.",1,/Users/minjoolee/Downloads/MUStARD/PodSarc/all_processed/overly-sarcastic-podcast__ospod-episode-77/ospod-episode-77_55.mp3
77_56,77,"If they do like one thing, if they, if they, if they ever.",0,/Users/minjoolee/Downloads/MUStARD/PodSarc/all_processed/overly-sarcastic-podcast__ospod-episode-77/ospod-episode-77_56.mp3
77_57,77,"Seriously consider the possibility that this person did it. Then, they didn't do it.",0,/Users/minjoolee/Downloads/MUStARD/PodSarc/all_processed/overly-sarcastic-podcast__ospod-episode-77/ospod-episode-77_57.mp3
77_58,77,"And then I just kinda kept waiting and I was like, alright, okay. Yeah. I know what's going on here.",0,/Users/minjoolee/Downloads/MUStARD/PodSarc/all_processed/overly-sarcastic-podcast__ospod-episode-77/ospod-episode-77_58.mp3
77_60,77,"Yeah, so it's so well constructed. And also it's a fucking musical, like a modularly constructed musical that's different depending on your choices. So they composed like 18 different musicals by volume for this thing.",1,/Users/minjoolee/Downloads/MUStARD/PodSarc/all_processed/overly-sarcastic-podcast__ospod-episode-77/ospod-episode-77_60.mp3
77_61,77,"People scare me. Music, music composition is one art form that I cannot wrap my head around in the slightest, and the people capable of it terrify me.",1,/Users/minjoolee/Downloads/MUStARD/PodSarc/all_processed/overly-sarcastic-podcast__ospod-episode-77/ospod-episode-77_61.mp3
77_62,77,"So, we were, we were thrilled to have, uh, to have.",0,/Users/minjoolee/Downloads/MUStARD/PodSarc/all_processed/overly-sarcastic-podcast__ospod-episode-77/ospod-episode-77_62.mp3
77_64,77,"be, uh, receiving of, of kind words from the people who made it was, uh, a very rare treat for our, our line of work, skewing so ancient, but, um, was really, uh, a special, uh, a special experience. So we're,",0,/Users/minjoolee/Downloads/MUStARD/PodSarc/all_processed/overly-sarcastic-podcast__ospod-episode-77/ospod-episode-77_64.mp3
77_65,77,"Uh, very glad that we had the experience of the stream and then this video because it was a, a true joy to, uh, front to back to, to put this together.",1,/Users/minjoolee/Downloads/MUStARD/PodSarc/all_processed/overly-sarcastic-podcast__ospod-episode-77/ospod-episode-77_65.mp3
77_66,77,"The number of times where we were like, oh my god, that's a really cool and subtle reference to this niche mythological thing, was like...",1,/Users/minjoolee/Downloads/MUStARD/PodSarc/all_processed/overly-sarcastic-podcast__ospod-episode-77/ospod-episode-77_66.mp3
77_67,77,"That's small. So. Yeah. That's, that's what I like. That's enrichment for me, you know.",0,/Users/minjoolee/Downloads/MUStARD/PodSarc/all_processed/overly-sarcastic-podcast__ospod-episode-77/ospod-episode-77_67.mp3
77_73,77,"Mind palace, probably me, statistically speaking. Um, yeah, so the trope talk this week was the, uh, was character development comas. Yet another trope that is not called that on TV tropes.",1,/Users/minjoolee/Downloads/MUStARD/PodSarc/all_processed/overly-sarcastic-podcast__ospod-episode-77/ospod-episode-77_73.mp3
77_79,77,"And, uh, this shows up fucking everywhere. It's so funny. Uh, I was recently watching a video that was just like,",1,/Users/minjoolee/Downloads/MUStARD/PodSarc/all_processed/overly-sarcastic-podcast__ospod-episode-77/ospod-episode-77_79.mp3
77_82,77,"That's the thing. The allegory maneuver. Um, but the thing is that, God, I think it was like several podcast episodes back where I mentioned I'd watched, uh, like this Skull Island animated miniseries on Netflix, uh, which actually ends with this maneuver. I don't think I used it as an example, but it was so perfect, uh, where it was pretty clear that like they were choreographing the final fight and then they realized they had like one viewer episodes than they thought they did. They were like, well, shit, uh, quick, make it a sequel hook. And the POV character slams her head into a tree, is knocked unconscious,",1,/Users/minjoolee/Downloads/MUStARD/PodSarc/all_processed/overly-sarcastic-podcast__ospod-episode-77/ospod-episode-77_82.mp3
77_85,77,"Imagining, like, the dramatic moment of, like, like the hands start to twitch and, like, the characters, like, head rolls around, like, oh.",1,/Users/minjoolee/Downloads/MUStARD/PodSarc/all_processed/overly-sarcastic-podcast__ospod-episode-77/ospod-episode-77_85.mp3
77_97,77,"Uh, is also a little bit unusual and you guys will, will see in like a month or two. I genuinely don't remember when it's going on. It's been a very complicated week. Uh, but it was fun because it was.",1,/Users/minjoolee/Downloads/MUStARD/PodSarc/all_processed/overly-sarcastic-podcast__ospod-episode-77/ospod-episode-77_97.mp3
77_107,77,"The, the conclusion that you came to the end of, like, just because you have this neat bow-packaged character moment in a dream does not mean you're out of the woods. Applying that information is very, like, you can't just read a self-help book and be like, great, my life is solved.",1,/Users/minjoolee/Downloads/MUStARD/PodSarc/all_processed/overly-sarcastic-podcast__ospod-episode-77/ospod-episode-77_107.mp3
77_111,77,"And then Callum is like, alright, it's a desperate hour. I'm going to use dark magic to free this dragon. And he does it. And then he goes into an angst coma.",1,/Users/minjoolee/Downloads/MUStARD/PodSarc/all_processed/overly-sarcastic-podcast__ospod-episode-77/ospod-episode-77_111.mp3
77_112,77,"And when he wakes up, he can do wind magic. He can, he can just do it. He wakes up and he's like, I understand the sky arcanum. Now I'm the first ever human mage. And I was like, cool. What? Hold on. Uh, and for, the thing is, Dragon Prince is one of those Netflix shows that was canceled after season three and then resurrected. It's back now. Uh, and they've done two more seasons since then.",1,/Users/minjoolee/Downloads/MUStARD/PodSarc/all_processed/overly-sarcastic-podcast__ospod-episode-77/ospod-episode-77_112.mp3
77_115,77,"has ever thought really hard about the concepts of the natural world that surround them. If that's all it took. And the thing is, as I was figuring this out, I was like,",1,/Users/minjoolee/Downloads/MUStARD/PodSarc/all_processed/overly-sarcastic-podcast__ospod-episode-77/ospod-episode-77_115.mp3
77_117,77,"Because he's done it twice now. And in both cases, he has immediately gained the ability to use a form of primal magic afterwards. And in season five, he does it and then he can do water magic. He's like, I figured it out. And I'm like, did you figure it out? Or is this just dark magic again? And the thing is, if that's the explanation, I love it.",1,/Users/minjoolee/Downloads/MUStARD/PodSarc/all_processed/overly-sarcastic-podcast__ospod-episode-77/ospod-episode-77_117.mp3
77_120,77,"I like that better. I think it's a very interesting way to play it. But you have to remember, we had like three years where the last we'd heard of it was, he had a weird dream. He talked to his dead mom and his dead dad and he's really fucking losing the parents department right now. And then he woke up and he was like, I got it.",1,/Users/minjoolee/Downloads/MUStARD/PodSarc/all_processed/overly-sarcastic-podcast__ospod-episode-77/ospod-episode-77_120.mp3
77_126,77,"Just like, imagine the real world equivalent of that, where like, Isaac Newton goes to bed and he wakes up, he's like, concept. Calculus.",1,/Users/minjoolee/Downloads/MUStARD/PodSarc/all_processed/overly-sarcastic-podcast__ospod-episode-77/ospod-episode-77_126.mp3
77_127,77,"Yeah, so, so it was very interesting, and I thought it was a cool conversation that was happening in the comments, where people were like, well, it was weird that you used this as an example, and I was like, was it? How much explanation did you have to do to make this make sense? Like, it's okay if there is an explanation, but the dream is not the explanation. Anyway.",1,/Users/minjoolee/Downloads/MUStARD/PodSarc/all_processed/overly-sarcastic-podcast__ospod-episode-77/ospod-episode-77_127.mp3
77_128,77,"It was a good time. I enjoyed the video. I loved the, uh, I forgot exactly what moment it was, but you had a moment where you, um,",1,/Users/minjoolee/Downloads/MUStARD/PodSarc/all_processed/overly-sarcastic-podcast__ospod-episode-77/ospod-episode-77_128.mp3
77_129,77,"showed Anakin igniting the lightsaber. I'm like, coming to the wrong conclusion. Young Link Slayer 9000 activates.",1,/Users/minjoolee/Downloads/MUStARD/PodSarc/all_processed/overly-sarcastic-podcast__ospod-episode-77/ospod-episode-77_129.mp3
77_130,77,"That's when I described the actions that a character might take after waking up from a nightmare as morally questionable. People in the comments were like, morally questionable is a real softball way of phrasing that way.",1,/Users/minjoolee/Downloads/MUStARD/PodSarc/all_processed/overly-sarcastic-podcast__ospod-episode-77/ospod-episode-77_130.mp3
77_134,77,"Yeah, cool. I can do that. Yeah. So yeah, that's, uh, that is going to be a good time. And if you are a patron, stay.",0,/Users/minjoolee/Downloads/MUStARD/PodSarc/all_processed/overly-sarcastic-podcast__ospod-episode-77/ospod-episode-77_134.mp3
77_137,77,"Once again, we polled Patreon over like, hey, what do you guys want to hear from this? We could do like, more Q&As, we could do more lightning rounds, we could just do unstructured bullshit. And they were like, unstructured bullshit, please. And we're like, right, unstructured bullshit it is. So.",0,/Users/minjoolee/Downloads/MUStARD/PodSarc/all_processed/overly-sarcastic-podcast__ospod-episode-77/ospod-episode-77_137.mp3
77_141,77,"If you were to gift the OSP crew a LEGO set that you knew they would build and enjoy, what set would you give them? Besides giving Indigo the entire Bionicle line, because we all know that's her absolute favorite. This is a Lies and Slander. But if you were to give me and Red LEGO sets, what LEGO sets would you want? You think we'd have a good time with?",1,/Users/minjoolee/Downloads/MUStARD/PodSarc/all_processed/overly-sarcastic-podcast__ospod-episode-77/ospod-episode-77_141.mp3
77_142,77,"That's a, that's a good question. I'll need to, uh, dig into my mind palace Lego catalog to figure that out. Um.",1,/Users/minjoolee/Downloads/MUStARD/PodSarc/all_processed/overly-sarcastic-podcast__ospod-episode-77/ospod-episode-77_142.mp3
77_143,77,"I do not actually have an encyclopedic knowledge of Lego sets. Ah, jeez.",1,/Users/minjoolee/Downloads/MUStARD/PodSarc/all_processed/overly-sarcastic-podcast__ospod-episode-77/ospod-episode-77_143.mp3
77_150,77,"Probably those, like, like bonsai trees are the flowers, right? I have a bonsai tree already.",0,/Users/minjoolee/Downloads/MUStARD/PodSarc/all_processed/overly-sarcastic-podcast__ospod-episode-77/ospod-episode-77_150.mp3
77_160,77,"I think I remember hearing that they had to do it differently, that it does, it's actually well built enough that it doesn't shatter quite that thoroughly. And this is, this is maybe a different conversation, but like, in terms of the scale of effects and what's impressive to see, like destruction physics rendered on a computer is like, okay, whatever. That's like, you know, a couple hundred clicks, like, sure.",1,/Users/minjoolee/Downloads/MUStARD/PodSarc/all_processed/overly-sarcastic-podcast__ospod-episode-77/ospod-episode-77_160.mp3
77_161,77,"context for, like, this is a LEGO set that I understand, like, the approximate size and scale of, knowing that someone or a handful of someone's had to build, like, five or six of these for different takes, that is more impressive than any of the destruction physics at, like, fucking Coney Island they do on a green screen at the end of that movie.",1,/Users/minjoolee/Downloads/MUStARD/PodSarc/all_processed/overly-sarcastic-podcast__ospod-episode-77/ospod-episode-77_161.mp3
77_162,77,"One of my favorite things about watching TV or movies with people who know way more than me about very specific fields is when they'll be like, Oh my God, that one tiny detail is so impressive. Like, how did they make these two characters cross in front of each other? That's the same actor. Acting is the same character. How did they do that? And I'm like, Oh yeah. What? What? Or like in Terminator 2, there's a bit where like they're poking around in the Terminator's like, Cybertronic brain and they're like shooting that from the back while the conversation is happening in a mirror in front of them. And I was like,",0,/Users/minjoolee/Downloads/MUStARD/PodSarc/all_processed/overly-sarcastic-podcast__ospod-episode-77/ospod-episode-77_162.mp3
77_167,77,"Okay. I took the second one, put it underneath, synced them up, and then like dipped the audio a little bit so it's the same volume. I'm like, Oh my God, this sounds so much better. What the fuck?",0,/Users/minjoolee/Downloads/MUStARD/PodSarc/all_processed/overly-sarcastic-podcast__ospod-episode-77/ospod-episode-77_167.mp3
77_174,77,"Yeah, I can, I can picture it in my mind right now.",0,/Users/minjoolee/Downloads/MUStARD/PodSarc/all_processed/overly-sarcastic-podcast__ospod-episode-77/ospod-episode-77_174.mp3
77_175,77,"And then when I learned it was animated by the same guy, I was like, yes, I knew it. And it's, it's just a huge flex. Cause animation's hard as fuck. But if you're doing it right, you don't notice. Anyway, we're well off topic.",0,/Users/minjoolee/Downloads/MUStARD/PodSarc/all_processed/overly-sarcastic-podcast__ospod-episode-77/ospod-episode-77_175.mp3
77_178,77,"PS, you're totally right, Elliot's the best. Um, so to broaden the question, like, you want to, you love something, you want to talk about it with people, but you don't have any immediate source of, uh, rambling nonsense places to go to. What's your move?",1,/Users/minjoolee/Downloads/MUStARD/PodSarc/all_processed/overly-sarcastic-podcast__ospod-episode-77/ospod-episode-77_178.mp3
77_179,77,"Yeah, yeah, yeah.",0,/Users/minjoolee/Downloads/MUStARD/PodSarc/all_processed/overly-sarcastic-podcast__ospod-episode-77/ospod-episode-77_179.mp3
77_184,77,Often don't ever get to make meaningful progress in correcting for those flaws.,1,/Users/minjoolee/Downloads/MUStARD/PodSarc/all_processed/overly-sarcastic-podcast__ospod-episode-77/ospod-episode-77_184.mp3
77_190,77,How okay they are with having that conversation. Because some things they don't need to have watched for you to explain why this is cool.,1,/Users/minjoolee/Downloads/MUStARD/PodSarc/all_processed/overly-sarcastic-podcast__ospod-episode-77/ospod-episode-77_190.mp3
77_201,77,"They, they did this powerful moment where this character was trying very hard to do this thing that was impossible for them. Like, okay, cool. And then you're like, but you see it's powerful because two and a half seasons prior, he'd had the exact same experience when he was doing this complicated thing. It's like, okay, okay, okay. Slow your, how much of this is interesting to somebody who doesn't know what's going on?",1,/Users/minjoolee/Downloads/MUStARD/PodSarc/all_processed/overly-sarcastic-podcast__ospod-episode-77/ospod-episode-77_201.mp3
77_204,77,Exactly. Yeah.,0,/Users/minjoolee/Downloads/MUStARD/PodSarc/all_processed/overly-sarcastic-podcast__ospod-episode-77/ospod-episode-77_204.mp3
77_209,77,"You could absolutely do that. Um, you don't, you certainly don't have to, but like, if you're in the same place, or you have time, cause you've already seen it,",1,/Users/minjoolee/Downloads/MUStARD/PodSarc/all_processed/overly-sarcastic-podcast__ospod-episode-77/ospod-episode-77_209.mp3
77_211,77,"I have sometimes found that, like, it can just be worth just a quick, you know, morbid curiosity. If you do a quick Tumblr search for the name of the thing, you will get, like, gif sets and analysis and, you know, a lot of other people who've got the exact same level of brain route that you might be cultivating. And it's, it's good to, it's a good way to scratch that itch without, you know, inflicting it on any hapless friends and loved ones. Yeah.",1,/Users/minjoolee/Downloads/MUStARD/PodSarc/all_processed/overly-sarcastic-podcast__ospod-episode-77/ospod-episode-77_211.mp3
77_213,77,"have fun chatting about it with whoever you can find. Um, this next question comes from Dicaphosphir.",1,/Users/minjoolee/Downloads/MUStARD/PodSarc/all_processed/overly-sarcastic-podcast__ospod-episode-77/ospod-episode-77_213.mp3
77_217,77,"What are you doing? Yeah, um, because it is.",0,/Users/minjoolee/Downloads/MUStARD/PodSarc/all_processed/overly-sarcastic-podcast__ospod-episode-77/ospod-episode-77_217.mp3
77_218,77,"It's fundamentally constant. I joked in that reel that it's, it's the substrate of my fucking consciousness. Because on one level,",1,/Users/minjoolee/Downloads/MUStARD/PodSarc/all_processed/overly-sarcastic-podcast__ospod-episode-77/ospod-episode-77_218.mp3
77_226,77,"Look, the reason why I don't think about the Roman Empire has absolutely nothing to do with the fact that I'm a girl. It has everything to do with the fact that history has never interested me on this level. And I think that Rome is one of the least interesting, like, cause Rome, it's just overexposure. It's pop culture. Rome is the thing that every fantasy story bases their first empire on.",1,/Users/minjoolee/Downloads/MUStARD/PodSarc/all_processed/overly-sarcastic-podcast__ospod-episode-77/ospod-episode-77_226.mp3
77_236,77,"would adjust down to, like, my library setup is probably pretty protagonist-y, because it's extremely extra.",1,/Users/minjoolee/Downloads/MUStARD/PodSarc/all_processed/overly-sarcastic-podcast__ospod-episode-77/ospod-episode-77_236.mp3
77_239,77,"Yeah, having met my wife sword fighting after getting my ass beat. Yeah.",1,/Users/minjoolee/Downloads/MUStARD/PodSarc/all_processed/overly-sarcastic-podcast__ospod-episode-77/ospod-episode-77_239.mp3
77_244,77,"Jesus Christ, Indigo. You're your own person. I'm allowed to make a joke.",1,/Users/minjoolee/Downloads/MUStARD/PodSarc/all_processed/overly-sarcastic-podcast__ospod-episode-77/ospod-episode-77_244.mp3
77_245,77,"We're all from such different genres. We've got Disney protagonist, anime hero.",1,/Users/minjoolee/Downloads/MUStARD/PodSarc/all_processed/overly-sarcastic-podcast__ospod-episode-77/ospod-episode-77_245.mp3
77_246,77,"Yeah, what, what magical powers are you gonna get, uh, on your 17th birthday?",1,/Users/minjoolee/Downloads/MUStARD/PodSarc/all_processed/overly-sarcastic-podcast__ospod-episode-77/ospod-episode-77_246.mp3
77_248,77,"Some of them have bricks painted to look like the wall behind them. You should check out Mural Arts, really. It's a great, uh, organization. But, um. Yeah, we raised money for them. Yeah, yeah. Yeah, they're great. Yeah, they're great. Ugh. Ziggy, get out of here. Oh my god.",1,/Users/minjoolee/Downloads/MUStARD/PodSarc/all_processed/overly-sarcastic-podcast__ospod-episode-77/ospod-episode-77_248.mp3
77_250,77,"Wait, that's your sister? Cause of like how very different the vibes are.",1,/Users/minjoolee/Downloads/MUStARD/PodSarc/all_processed/overly-sarcastic-podcast__ospod-episode-77/ospod-episode-77_250.mp3
77_252,77,"I think the phrase I used was like, down in the TTRPG, trans being mafia or whatever.",1,/Users/minjoolee/Downloads/MUStARD/PodSarc/all_processed/overly-sarcastic-podcast__ospod-episode-77/ospod-episode-77_252.mp3
77_256,77,"There's queer-coded villains and then villain-coded, no.",1,/Users/minjoolee/Downloads/MUStARD/PodSarc/all_processed/overly-sarcastic-podcast__ospod-episode-77/ospod-episode-77_256.mp3
77_257,77,"Every time I'm like, hey, you want to look at some dresses? I'll just, like, clock the most vampire looking thing on the page and be like, this one? She's like, yes.",1,/Users/minjoolee/Downloads/MUStARD/PodSarc/all_processed/overly-sarcastic-podcast__ospod-episode-77/ospod-episode-77_257.mp3
77_277,77,"Yellow? No, cuz Latin was blue for a while.",0,/Users/minjoolee/Downloads/MUStARD/PodSarc/all_processed/overly-sarcastic-podcast__ospod-episode-77/ospod-episode-77_277.mp3
77_280,77,"And then the other three were basically at the whim of whatever assortment of classes, because like in college, I didn't have like a split C's like history versus English. It was all just like various humanities stuff. It was like, all right, well, I don't have a math class anymore. So this Augustus class is red. Let's go. So it broke down pretty swiftly in college when I had a new set up every time.",1,/Users/minjoolee/Downloads/MUStARD/PodSarc/all_processed/overly-sarcastic-podcast__ospod-episode-77/ospod-episode-77_280.mp3
77_281,77,"I don't have, I don't write anything on paper. I have one planner and that's it. But, uh, it's so down.",1,/Users/minjoolee/Downloads/MUStARD/PodSarc/all_processed/overly-sarcastic-podcast__ospod-episode-77/ospod-episode-77_281.mp3
77_284,77,"And I think that that's all of the school subjects, but don't quote me on that. And then by the time I got to college, half my classes were Chinese and half my classes were film. And it just became a free for all.",1,/Users/minjoolee/Downloads/MUStARD/PodSarc/all_processed/overly-sarcastic-podcast__ospod-episode-77/ospod-episode-77_284.mp3
77_288,77,"The flowiest writing, the least smudging, the nicest ink pens that I could get at, you know, your target or your Walmart section on sale in all likelihood. Um, and now as an adult, after having studied abroad in China, I did find one brand of pen that comes in blue and black that I exclusively use because I think it is the best pen in creation and you can get a box from like 50 of them on Amazon for like 10 bucks. But man.",1,/Users/minjoolee/Downloads/MUStARD/PodSarc/all_processed/overly-sarcastic-podcast__ospod-episode-77/ospod-episode-77_288.mp3
77_291,77,"That's so fun, because until recently, I would have been like, well, Jughead is the only one.",0,/Users/minjoolee/Downloads/MUStARD/PodSarc/all_processed/overly-sarcastic-podcast__ospod-episode-77/ospod-episode-77_291.mp3
77_293,77,"It really does feel like a lot of it is kind of relegated to assumption or like general principle. I gotta say, I really appreciate that.",1,/Users/minjoolee/Downloads/MUStARD/PodSarc/all_processed/overly-sarcastic-podcast__ospod-episode-77/ospod-episode-77_293.mp3
77_300,77,"Don't mind that. Some people want to fuse forever. And some people don't fuse at all. And it's just Peridot. And everyone's giving her thumbs up. And I was like, cool. Okay. I think that's cute.",0,/Users/minjoolee/Downloads/MUStARD/PodSarc/all_processed/overly-sarcastic-podcast__ospod-episode-77/ospod-episode-77_300.mp3
77_301,77,"So much to, like, think of ace characters.",0,/Users/minjoolee/Downloads/MUStARD/PodSarc/all_processed/overly-sarcastic-podcast__ospod-episode-77/ospod-episode-77_301.mp3
77_305,77,"Yeah, this is the eternal problem. Cause like, I think a lot of people sort of.",0,/Users/minjoolee/Downloads/MUStARD/PodSarc/all_processed/overly-sarcastic-podcast__ospod-episode-77/ospod-episode-77_305.mp3
77_308,77,"It's like, okay, yeah, these characters are friends. They're all hanging out with each other. Nothing else is going to, like, come up.",1,/Users/minjoolee/Downloads/MUStARD/PodSarc/all_processed/overly-sarcastic-podcast__ospod-episode-77/ospod-episode-77_308.mp3
77_313,77,"Yeah, that's good. Oh, gosh.",0,/Users/minjoolee/Downloads/MUStARD/PodSarc/all_processed/overly-sarcastic-podcast__ospod-episode-77/ospod-episode-77_313.mp3
77_322,77,"Not every story needs to explicitly say every single fact about every single character in order to still be a good story and create compelling. Oh, yeah. Red, please. Sorry. I don't want to talk over the two ace members of the podcast talking about ace characters. Please do.",1,/Users/minjoolee/Downloads/MUStARD/PodSarc/all_processed/overly-sarcastic-podcast__ospod-episode-77/ospod-episode-77_322.mp3
77_326,77,"uh, before it's too late and we don't have time or money to buy supplies so we're going to just",0,/Users/minjoolee/Downloads/MUStARD/PodSarc/all_processed/overly-sarcastic-podcast__ospod-episode-77/ospod-episode-77_326.mp3
77_327,77,"I mean, this is basically what would happen if a cat was also a person.",0,/Users/minjoolee/Downloads/MUStARD/PodSarc/all_processed/overly-sarcastic-podcast__ospod-episode-77/ospod-episode-77_327.mp3
77_328,77,"There's a, there's a chapter where they deal with succubi, which basically take the form of whatever that person is most attracted to. And she is immune to them canonically because she is like, uh, she, she's got a person soul and a cat soul and the tastes of the person soul don't align with the cat and the tastes of the cat soul don't align with the person. And, but when they're talking about like the succubi, irresistible, we have to fight them in pairs so that one person can defeat them. And she's like, well, I don't really like anybody, so I think I'll be fine. And they're like, no, you don't understand. And then she's fine. So this character, she's the best.",0,/Users/minjoolee/Downloads/MUStARD/PodSarc/all_processed/overly-sarcastic-podcast__ospod-episode-77/ospod-episode-77_328.mp3
77_337,77,"Luke is one of the examples of, oh, a character with no canon romance ever except in the expanded universe, which is no longer canon. Yeah. Tons of people are like, this, this little farm boy, he's absolutely gay, slash, ace, slash, yada, yada, yada, but like, I don't know. Who knows? Yeah.",1,/Users/minjoolee/Downloads/MUStARD/PodSarc/all_processed/overly-sarcastic-podcast__ospod-episode-77/ospod-episode-77_337.mp3
77_340,77,"It's very fun that there's a lot of text evidence. You're like, yeah, he's an ace character. Never explicitly confirmed or anything. And as long as it continues, not contradict it totally, you know, even if it did.",1,/Users/minjoolee/Downloads/MUStARD/PodSarc/all_processed/overly-sarcastic-podcast__ospod-episode-77/ospod-episode-77_340.mp3
77_341,77,"The text did contradict it later. Still a great, like, headcanon thing. Um, but not something that you would be, it would be fair to get mad at one piece necessarily for, I don't know. I'm starting to ramble about things that I don't, I don't have any reason to talk about. Please get, please get me off.",1,/Users/minjoolee/Downloads/MUStARD/PodSarc/all_processed/overly-sarcastic-podcast__ospod-episode-77/ospod-episode-77_341.mp3
77_343,77,"Yeah, mm-hm.",0,/Users/minjoolee/Downloads/MUStARD/PodSarc/all_processed/overly-sarcastic-podcast__ospod-episode-77/ospod-episode-77_343.mp3
77_353,77,"seems like they like each other enough or seems like they kind of fucking hate each other. It's interesting. And then stuff will just happen and you'll be like, Oh, did that?",1,/Users/minjoolee/Downloads/MUStARD/PodSarc/all_processed/overly-sarcastic-podcast__ospod-episode-77/ospod-episode-77_353.mp3
77_355,77,"No, this is weird. This is weird, and I didn't know that was happening under the hood the whole time. Um, it made me feel any better.",1,/Users/minjoolee/Downloads/MUStARD/PodSarc/all_processed/overly-sarcastic-podcast__ospod-episode-77/ospod-episode-77_355.mp3
77_356,77,"I was gonna say, if it makes you feel any better, sometimes the allosexuals among us can also be like, where the fuck did this come from?",1,/Users/minjoolee/Downloads/MUStARD/PodSarc/all_processed/overly-sarcastic-podcast__ospod-episode-77/ospod-episode-77_356.mp3
77_357,77,"And that's, sorry, every time I talk about the ace perspective, I have to make inferences about a thing I will never understand and be like, well, you know how you experienced this? I've been told I don't do that. And then people will be like, well, I don't experience exactly that. And I'm like, don't make me start from zero again, man. It's taken me this long to get this far. Uh, Blue, you were going to say something.",0,/Users/minjoolee/Downloads/MUStARD/PodSarc/all_processed/overly-sarcastic-podcast__ospod-episode-77/ospod-episode-77_357.mp3
77_358,77,"There was a point when I wanted to believe that Obi-Wan could be an ace character, but unfortunately he fucks in canon.",1,/Users/minjoolee/Downloads/MUStARD/PodSarc/all_processed/overly-sarcastic-podcast__ospod-episode-77/ospod-episode-77_358.mp3
77_362,77,"Yes, yes, Roger that. Uh, thank you all so much for listening. We'll be back in two weeks with another exciting installment of the Overly Sarcastic Podcast. If you are a patron, or if you just want to become a patron, you know, any tier will do. Uh, we are about to hang out for another half hour to record the after-after show show, or the ass, as I call it. Uh, and, uh.",0,/Users/minjoolee/Downloads/MUStARD/PodSarc/all_processed/overly-sarcastic-podcast__ospod-episode-77/ospod-episode-77_362.mp3
77_365,77,And this has been an Overly Sarcastic Podcast.,0,/Users/minjoolee/Downloads/MUStARD/PodSarc/all_processed/overly-sarcastic-podcast__ospod-episode-77/ospod-episode-77_365.mp3
78_4,78,My head's full of Twilight Zone episodes and Renaissance sword fighting techniques.,1,/Users/minjoolee/Downloads/MUStARD/PodSarc/all_processed/overly-sarcastic-podcast__ospod-episode-78/ospod-episode-78_4.mp3
78_5,78,Two very different mental spaces to be occupying.,0,/Users/minjoolee/Downloads/MUStARD/PodSarc/all_processed/overly-sarcastic-podcast__ospod-episode-78/ospod-episode-78_5.mp3
78_6,78,"Oddly, not that much overlap between them now that I think about it.",0,/Users/minjoolee/Downloads/MUStARD/PodSarc/all_processed/overly-sarcastic-podcast__ospod-episode-78/ospod-episode-78_6.mp3
78_7,78,"Both very nerdy and very homework, but not anywhere near on the same axis.",1,/Users/minjoolee/Downloads/MUStARD/PodSarc/all_processed/overly-sarcastic-podcast__ospod-episode-78/ospod-episode-78_7.mp3
78_9,78,"Uh, but we had a little, a little panel at VidCon that we moderated, um, with some, some cool educational creators, which was a nice little fun time. And then I gave a talk about, uh, historical storytelling, AKA there are better historians than me. So what am I doing? Um, which, which comes to a very interesting conclusion that I'm actually very proud of. Uh, but it was a really fun talk at the Enoch Pratt Free Library in Baltimore. Uh, got like a hundred or so people, uh, come to, to see the talk. Um, really, really fun to interact with everybody who came.",0,/Users/minjoolee/Downloads/MUStARD/PodSarc/all_processed/overly-sarcastic-podcast__ospod-episode-78/ospod-episode-78_9.mp3
78_16,78,"Did a little pen swap with one listener and I am in fact using that pen right now. So if you're listening, I got it. Uh, and, uh, yeah, just, it was a good time. It's always fun to do these events in person where you get to actually see, uh, who's been listening to the nonsense that we just throw out into the void.",0,/Users/minjoolee/Downloads/MUStARD/PodSarc/all_processed/overly-sarcastic-podcast__ospod-episode-78/ospod-episode-78_16.mp3
78_19,78,"so, that was, uh, probably more fun for him than it was for me, and I had a blast, so that's, that's definitely saying something, but, uh, yeah, it was a good time, but, uh.",1,/Users/minjoolee/Downloads/MUStARD/PodSarc/all_processed/overly-sarcastic-podcast__ospod-episode-78/ospod-episode-78_19.mp3
78_21,78,"Right. Yeah. That was fun. It, it's been a lot. I'm great, but I had like five days of like sub five hour sleep. So it's, it's, it all sort of built up. Um, we should start with yours. Chronologically speaking, it just makes sense.",1,/Users/minjoolee/Downloads/MUStARD/PodSarc/all_processed/overly-sarcastic-podcast__ospod-episode-78/ospod-episode-78_21.mp3
78_23,78,"Uh, all 44 minutes of it, or I guess 43, uh, when I finally came to, yeah, a huge difference at that point. You know, I've been used to doing like, you know, nine minute videos, 12 minute videos.",0,/Users/minjoolee/Downloads/MUStARD/PodSarc/all_processed/overly-sarcastic-podcast__ospod-episode-78/ospod-episode-78_23.mp3
78_33,78,Yeah. Yeah. Yeah.,0,/Users/minjoolee/Downloads/MUStARD/PodSarc/all_processed/overly-sarcastic-podcast__ospod-episode-78/ospod-episode-78_33.mp3
78_36,78,"at this bar of, of quality.",0,/Users/minjoolee/Downloads/MUStARD/PodSarc/all_processed/overly-sarcastic-podcast__ospod-episode-78/ospod-episode-78_36.mp3
78_38,78,"Uh, working on this video. It was, it was truly a special one, but the rare kind of project that",1,/Users/minjoolee/Downloads/MUStARD/PodSarc/all_processed/overly-sarcastic-podcast__ospod-episode-78/ospod-episode-78_38.mp3
78_39,78,"that takes basically everything you can give it. And if I wasn't absolutely busting my butt to get this done on time, uh, it would not have been done on time.",1,/Users/minjoolee/Downloads/MUStARD/PodSarc/all_processed/overly-sarcastic-podcast__ospod-episode-78/ospod-episode-78_39.mp3
78_43,78,One of the truly incredible things that we've lucked into with the way that we've,1,/Users/minjoolee/Downloads/MUStARD/PodSarc/all_processed/overly-sarcastic-podcast__ospod-episode-78/ospod-episode-78_43.mp3
78_46,78,"Yeah, it's, uh, very rewarding to have that, uh, all that effort expenditure be rewarded back with, uh, love and adoration for, for the work.",1,/Users/minjoolee/Downloads/MUStARD/PodSarc/all_processed/overly-sarcastic-podcast__ospod-episode-78/ospod-episode-78_46.mp3
78_48,78,"Um, the birth of Rome video and like, okay, I, I'm basically taking two sentences in my original Roman Republic video and building that out to ten whole minutes.",0,/Users/minjoolee/Downloads/MUStARD/PodSarc/all_processed/overly-sarcastic-podcast__ospod-episode-78/ospod-episode-78_48.mp3
78_52,78,"that's really, really cool.",0,/Users/minjoolee/Downloads/MUStARD/PodSarc/all_processed/overly-sarcastic-podcast__ospod-episode-78/ospod-episode-78_52.mp3
78_53,78,"Yeah, yeah.",0,/Users/minjoolee/Downloads/MUStARD/PodSarc/all_processed/overly-sarcastic-podcast__ospod-episode-78/ospod-episode-78_53.mp3
78_55,78,"yeah, yeah.",0,/Users/minjoolee/Downloads/MUStARD/PodSarc/all_processed/overly-sarcastic-podcast__ospod-episode-78/ospod-episode-78_55.mp3
78_64,78,"Oh boy, is it good? Um, but let's, uh, let's change tacks, let's go a little further northwest, uh, in, or actually no, because this folktale's originally Turkish, you said. Theoretically. So we're just going straight east.",1,/Users/minjoolee/Downloads/MUStARD/PodSarc/all_processed/overly-sarcastic-podcast__ospod-episode-78/ospod-episode-78_64.mp3
78_65,78,"Yeah, uh, yeah, in the exact opposite direction. I wanted something short and sweet and fun. Uh, I've, uh, I, I don't.",1,/Users/minjoolee/Downloads/MUStARD/PodSarc/all_processed/overly-sarcastic-podcast__ospod-episode-78/ospod-episode-78_65.mp3
78_69,78,"Because the Mediterranean, is that, is that? Okay. Um, but.",0,/Users/minjoolee/Downloads/MUStARD/PodSarc/all_processed/overly-sarcastic-podcast__ospod-episode-78/ospod-episode-78_69.mp3
78_72,78,"I loved seeing on the subreddit someone posted, uh, the, the pigeon shot, where it's just like all these pigeons on this poor boy, like the scene from this video. And the title was like, what is happening here? Wrong answers only.",0,/Users/minjoolee/Downloads/MUStARD/PodSarc/all_processed/overly-sarcastic-podcast__ospod-episode-78/ospod-episode-78_72.mp3
78_75,78,"This one's weird. It's like, you know, 12 books into the various fairy books by Andrew Lang. You know, most people don't read those bad boys cover to cover. To my knowledge, this one didn't really have many other adaptations. I do a quick, like, check whenever I'm doing one of these folktales. I do a quick look for, like, okay, what are alternate tellings of this?",0,/Users/minjoolee/Downloads/MUStARD/PodSarc/all_processed/overly-sarcastic-podcast__ospod-episode-78/ospod-episode-78_75.mp3
78_80,78,When you're like taxonomically breaking down the lineage of folktales.,1,/Users/minjoolee/Downloads/MUStARD/PodSarc/all_processed/overly-sarcastic-podcast__ospod-episode-78/ospod-episode-78_80.mp3
78_85,78,"Yeah, so that was just so fun. Um, and obviously, nice and short, bite-sized. Most folktales are. Even the longer ones tend to boil. The longer ones, the thing is, they tend to kind of",1,/Users/minjoolee/Downloads/MUStARD/PodSarc/all_processed/overly-sarcastic-podcast__ospod-episode-78/ospod-episode-78_85.mp3
78_93,78,"And I really enjoyed watching it as well. It was, it was a fun one. Just the, the, the balance of pure terror and whimsy. But.",1,/Users/minjoolee/Downloads/MUStARD/PodSarc/all_processed/overly-sarcastic-podcast__ospod-episode-78/ospod-episode-78_93.mp3
78_97,78,"Uh, but the, the treat of doing the Halloween videos is getting to draw scary shit because, you know, most of what I draw is not that. Most of it is cute little chibis or hot people. And now it's like, the thing I, someone on Tumblr asked me like, yeah, you seem to like really like drawing body horror. And I was like, look.",1,/Users/minjoolee/Downloads/MUStARD/PodSarc/all_processed/overly-sarcastic-podcast__ospod-episode-78/ospod-episode-78_97.mp3
78_102,78,"Oh yeah, they are shot of the colossus eyes, aren't they? Yeah.",0,/Users/minjoolee/Downloads/MUStARD/PodSarc/all_processed/overly-sarcastic-podcast__ospod-episode-78/ospod-episode-78_102.mp3
78_105,78,So unsettling.,0,/Users/minjoolee/Downloads/MUStARD/PodSarc/all_processed/overly-sarcastic-podcast__ospod-episode-78/ospod-episode-78_105.mp3
78_110,78,"Yeah, I also like the, uh, the prop kid on the swing set. Um.",0,/Users/minjoolee/Downloads/MUStARD/PodSarc/all_processed/overly-sarcastic-podcast__ospod-episode-78/ospod-episode-78_110.mp3
78_111,78,"Folk tales are so fun. They have their own logic in that they don't have any logic, but you sort of get a feel for them after a while.",1,/Users/minjoolee/Downloads/MUStARD/PodSarc/all_processed/overly-sarcastic-podcast__ospod-episode-78/ospod-episode-78_111.mp3
78_112,78,"If this was a cartoon, like, on a TV show, we would later see that kid and the, like, the, the ghost lady, like, playing cards and the kid's got, like, a New York gangster voice and was smoking a cigar, but is still, like, a child shape.",1,/Users/minjoolee/Downloads/MUStARD/PodSarc/all_processed/overly-sarcastic-podcast__ospod-episode-78/ospod-episode-78_112.mp3
78_113,78,"Okay. No, you're absolutely right. You're so right. That's exactly the vibe.",1,/Users/minjoolee/Downloads/MUStARD/PodSarc/all_processed/overly-sarcastic-podcast__ospod-episode-78/ospod-episode-78_113.mp3
78_114,78,"Lady, I thought we almost got that guy in. Now we gotta try a little harder next time.",1,/Users/minjoolee/Downloads/MUStARD/PodSarc/all_processed/overly-sarcastic-podcast__ospod-episode-78/ospod-episode-78_114.mp3
78_115,78,"Look, I'm telling you, the scam works better if you keep your mouth shut.",1,/Users/minjoolee/Downloads/MUStARD/PodSarc/all_processed/overly-sarcastic-podcast__ospod-episode-78/ospod-episode-78_115.mp3
78_118,78,"It's like what they say with the last point and two miles is what gets you on the marathon. No, I'm, uh, I'm, I'm going on my, uh, my way too long videos era because I had the last detail that I had tried about, um,",1,/Users/minjoolee/Downloads/MUStARD/PodSarc/all_processed/overly-sarcastic-podcast__ospod-episode-78/ospod-episode-78_118.mp3
78_119,78,"Uh, about stray gods. I've got this video and then the one that we recorded on Friday, um, may break a Detailed Diet Tribe record. We'll see how aggressively I edit it.",1,/Users/minjoolee/Downloads/MUStARD/PodSarc/all_processed/overly-sarcastic-podcast__ospod-episode-78/ospod-episode-78_119.mp3
78_124,78,"This first question comes from Luinator to everyone except Indigo, which is why I'm asking this question because it's not directed at me. Uh, in the last After After Show show, Blue commented on Indigo quote unquote living on the edge because she got a daring haircut before VidCon. What extreme things are you doing to live on the edge? So what are your daring haircut equivalent?",1,/Users/minjoolee/Downloads/MUStARD/PodSarc/all_processed/overly-sarcastic-podcast__ospod-episode-78/ospod-episode-78_124.mp3
78_125,78,That's a fun question.,0,/Users/minjoolee/Downloads/MUStARD/PodSarc/all_processed/overly-sarcastic-podcast__ospod-episode-78/ospod-episode-78_125.mp3
78_136,78,"I will have to use nerd homework to define dune once on a podcast with you like a year ago, and it has since answered the lexicon.",1,/Users/minjoolee/Downloads/MUStARD/PodSarc/all_processed/overly-sarcastic-podcast__ospod-episode-78/ospod-episode-78_136.mp3
78_146,78,"Nah, me and my boyfriend were just sitting around like we watched Evil Dead 2 right now. I heard it's very funny. Great, fantastic. We watched, uh, Abbot and Costello meet Frankenstein the day before. So we're continuing the theme.",1,/Users/minjoolee/Downloads/MUStARD/PodSarc/all_processed/overly-sarcastic-podcast__ospod-episode-78/ospod-episode-78_146.mp3
78_151,78,"Still holds up pretty well in terms of being entertaining to watch. Uh, but Wolfman, he's had some rough ones.",1,/Users/minjoolee/Downloads/MUStARD/PodSarc/all_processed/overly-sarcastic-podcast__ospod-episode-78/ospod-episode-78_151.mp3
78_152,78,"That's sort of the whole Wolfman plot, isn't it? It's just, he's going through something. He's just going through it.",1,/Users/minjoolee/Downloads/MUStARD/PodSarc/all_processed/overly-sarcastic-podcast__ospod-episode-78/ospod-episode-78_152.mp3
78_157,78,"Yeah. Um, and this season, the way it manifested is day one, sore throat, and then the symptoms just kind of migrated up until I had a sinus headache, and then they went away. Uh, and the whole time that I had it, I was just chugging throat coat tea, uh, which is disgusting. Throat coat is one of the most",0,/Users/minjoolee/Downloads/MUStARD/PodSarc/all_processed/overly-sarcastic-podcast__ospod-episode-78/ospod-episode-78_157.mp3
78_160,78,"Oh, no.",0,/Users/minjoolee/Downloads/MUStARD/PodSarc/all_processed/overly-sarcastic-podcast__ospod-episode-78/ospod-episode-78_160.mp3
78_165,78,"Or like, screamo metal, the two contexts in which you might need to scream a whole bunch. Uh, there are ways to do it safely without just shredding your vocal cords, cause.",1,/Users/minjoolee/Downloads/MUStARD/PodSarc/all_processed/overly-sarcastic-podcast__ospod-episode-78/ospod-episode-78_165.mp3
78_186,78,"Guest room for like two straight weeks. And that's not fun. That's not a way to engage with the culture in a, in a healthy and enjoyable way. So my first, it kind of came in waves. My first,",0,/Users/minjoolee/Downloads/MUStARD/PodSarc/all_processed/overly-sarcastic-podcast__ospod-episode-78/ospod-episode-78_186.mp3
78_191,78,"My character is friends with Machiavelli. It's my personal friend Machiavelli wrote The Prince by way of, of, you know, playing as Ezio in the games. And that was this huge moment of like, oh wait, I can, I can see the connections and pull things together and actually have this like point A, point B. Oh, I see how these things relate rather than just,",0,/Users/minjoolee/Downloads/MUStARD/PodSarc/all_processed/overly-sarcastic-podcast__ospod-episode-78/ospod-episode-78_191.mp3
78_192,78,"this exists in a vacuum, and that exists in a vacuum, and American history is boring, and yada, yada, yada. So, that was the first moment, um, like my sophomore year of high school that I really was like, oh, whoa, this is cool.",1,/Users/minjoolee/Downloads/MUStARD/PodSarc/all_processed/overly-sarcastic-podcast__ospod-episode-78/ospod-episode-78_192.mp3
78_194,78,how Athens as a state and a society and as a culture worked and the smart things they did and the dumbass things they did and that was so intricate and fascinating and compelling as a story that it compelled me to,0,/Users/minjoolee/Downloads/MUStARD/PodSarc/all_processed/overly-sarcastic-podcast__ospod-episode-78/ospod-episode-78_194.mp3
78_205,78,There was good things in that movie. I don't know! I haven't watched it! It looks horrible! Read the comics!,1,/Users/minjoolee/Downloads/MUStARD/PodSarc/all_processed/overly-sarcastic-podcast__ospod-episode-78/ospod-episode-78_205.mp3
78_207,78,"We haven't had time to make it a tradition because it came out like, what, last year?",1,/Users/minjoolee/Downloads/MUStARD/PodSarc/all_processed/overly-sarcastic-podcast__ospod-episode-78/ospod-episode-78_207.mp3
78_208,78,"Uh, but it's, it's good as hell. It's a great Halloween movie.",1,/Users/minjoolee/Downloads/MUStARD/PodSarc/all_processed/overly-sarcastic-podcast__ospod-episode-78/ospod-episode-78_208.mp3
78_213,78,"Um, but also like Aliens, great. Uh, Evil Dead 2 apparently is really fun. Uh, a lot of like real, there's some, there are like four different colors of like paint-based, uh, 80s blood in that movie.",1,/Users/minjoolee/Downloads/MUStARD/PodSarc/all_processed/overly-sarcastic-podcast__ospod-episode-78/ospod-episode-78_213.mp3
78_214,78,"Excellent. Every time he took a chainsaw to a new Evil Dead or whatever, there was a different color that came out of it.",1,/Users/minjoolee/Downloads/MUStARD/PodSarc/all_processed/overly-sarcastic-podcast__ospod-episode-78/ospod-episode-78_214.mp3
78_217,78,"Well, yeah, but similarly, they, they have, they have swinter, which is a winter and summer.",0,/Users/minjoolee/Downloads/MUStARD/PodSarc/all_processed/overly-sarcastic-podcast__ospod-episode-78/ospod-episode-78_217.mp3
78_226,78,"I feel like the thing with like the Halloween, like a Halloween season movie, like a, a spooky season movie for me is not just a straight up, like just having the horror label does not make me feel like it is in the festive spirit. Something like, I love Nope. I think it's a fantastic film. It's not the kind of scary movie that I would qualify as a Halloween movie, even if I think it's fantastic. No, it's just terrifying. Jaws is in the same boat. It's like, okay, this is not necessarily a, well, they needed a bigger one. Are you sure it's the same boat?",1,/Users/minjoolee/Downloads/MUStARD/PodSarc/all_processed/overly-sarcastic-podcast__ospod-episode-78/ospod-episode-78_226.mp3
78_237,78,"I completely fucking forgot about Ghostbusters. One of my all time favorite Halloween watches. Ah, yeah.",0,/Users/minjoolee/Downloads/MUStARD/PodSarc/all_processed/overly-sarcastic-podcast__ospod-episode-78/ospod-episode-78_237.mp3
78_238,78,"Yeah, it's got bouncy, like, cheerful energy while they're dealing with random shit.",1,/Users/minjoolee/Downloads/MUStARD/PodSarc/all_processed/overly-sarcastic-podcast__ospod-episode-78/ospod-episode-78_238.mp3
78_243,78,"Oh boy. Um, Uncharted 4 was pretty fun, I've gotta say.",0,/Users/minjoolee/Downloads/MUStARD/PodSarc/all_processed/overly-sarcastic-podcast__ospod-episode-78/ospod-episode-78_243.mp3
78_244,78,"gunplay, and like, oh, the plot is happening, let's riff on it. Yeah, gave us nice",0,/Users/minjoolee/Downloads/MUStARD/PodSarc/all_processed/overly-sarcastic-podcast__ospod-episode-78/ospod-episode-78_244.mp3
78_245,78,Gave us nice logical breakpoints throughout the stream where we could just like sit back and enjoy whatever Nathan was getting himself up to.,1,/Users/minjoolee/Downloads/MUStARD/PodSarc/all_processed/overly-sarcastic-podcast__ospod-episode-78/ospod-episode-78_245.mp3
78_249,78,"It's a link between worlds, you could say. Anyway, but you know, cause they're in the same timeline. That's literally, there's a six year difference. To my mind, they are the same story, but of the two, I think I have just a little more fun playing Breath of the Wild on stream just because there's less of a barrier to entry. There's less.",0,/Users/minjoolee/Downloads/MUStARD/PodSarc/all_processed/overly-sarcastic-podcast__ospod-episode-78/ospod-episode-78_249.mp3
78_254,78,"Here's the kingdom takes a little while to really wind up the nut punch, as it were. Um, also, Breath of the Wild has guardian stalkers, and killing those is one of my favorite things to do, and Tears of the Kingdom got rid of them, and I'm still sad. Uh, that said, I am still very excited to stream more Tears of the Kingdom. Uh, October 31st, we're doing probably the, uh, Zelda come pick me up, I'm scared stream. Uh, where I'm just taking it.",1,/Users/minjoolee/Downloads/MUStARD/PodSarc/all_processed/overly-sarcastic-podcast__ospod-episode-78/ospod-episode-78_254.mp3
78_255,78,Do you have the skeleton armor prepared and ready to run around in the whole time?,1,/Users/minjoolee/Downloads/MUStARD/PodSarc/all_processed/overly-sarcastic-podcast__ospod-episode-78/ospod-episode-78_255.mp3
78_258,78,"Particularly, um, enjoyable. I really did have fun with The Pathless when we did that for the end of year. That was a blast.",1,/Users/minjoolee/Downloads/MUStARD/PodSarc/all_processed/overly-sarcastic-podcast__ospod-episode-78/ospod-episode-78_258.mp3
78_259,78,"I feel like there was just enough, like, going on.",1,/Users/minjoolee/Downloads/MUStARD/PodSarc/all_processed/overly-sarcastic-podcast__ospod-episode-78/ospod-episode-78_259.mp3
78_266,78,"Uh, we'll get to more questions. I'm going to knock this one out real quick. This is from not one of our lovely patrons. Questions for Indigo. Wait, vitamin P.",1,/Users/minjoolee/Downloads/MUStARD/PodSarc/all_processed/overly-sarcastic-podcast__ospod-episode-78/ospod-episode-78_266.mp3
78_268,78,"That was a havesies stream that we did with, uh, Tim. Because my copy of Horizon Zero Dawn.",0,/Users/minjoolee/Downloads/MUStARD/PodSarc/all_processed/overly-sarcastic-podcast__ospod-episode-78/ospod-episode-78_268.mp3
78_270,78,"Next question. Question for Indigo. What's the brand of pen you settled on? You mentioned you found one you need to know. It is the Dully, uh, oh god, this one's been scraped off over the serial number S6.",0,/Users/minjoolee/Downloads/MUStARD/PodSarc/all_processed/overly-sarcastic-podcast__ospod-episode-78/ospod-episode-78_270.mp3
78_276,78,"Which means that not only is there a pain level of spice, there are two distinct pain levels of spice that you can choose between.",1,/Users/minjoolee/Downloads/MUStARD/PodSarc/all_processed/overly-sarcastic-podcast__ospod-episode-78/ospod-episode-78_276.mp3
78_286,78,"Every time the chat donates to a certain goal, we have to eat another's progressively spicier thing. Honestly? Honestly? It's not the worst idea in the world.",1,/Users/minjoolee/Downloads/MUStARD/PodSarc/all_processed/overly-sarcastic-podcast__ospod-episode-78/ospod-episode-78_286.mp3
78_288,78,"The amount of times we've recorded Rolling with Difficulty moments after I consumed the spicy chicken sandwich from Popeyes is, uh, almost every episode of the show.",1,/Users/minjoolee/Downloads/MUStARD/PodSarc/all_processed/overly-sarcastic-podcast__ospod-episode-78/ospod-episode-78_288.mp3
78_293,78,"Honestly, the Scooby-Doo supernatural crossover wasn't bad. I was gonna say the Scooby-Doo supernatural was.",1,/Users/minjoolee/Downloads/MUStARD/PodSarc/all_processed/overly-sarcastic-podcast__ospod-episode-78/ospod-episode-78_293.mp3
78_294,78,I was gonna say the Scooby Doo meets Kiss was actually pretty good. So I feel like maybe the Scooby Doo ones are on something.,1,/Users/minjoolee/Downloads/MUStARD/PodSarc/all_processed/overly-sarcastic-podcast__ospod-episode-78/ospod-episode-78_294.mp3
78_296,78,It's like Richard the Third's giving his speech and our ship just like lands on top of him.,1,/Users/minjoolee/Downloads/MUStARD/PodSarc/all_processed/overly-sarcastic-podcast__ospod-episode-78/ospod-episode-78_296.mp3
78_298,78,The problem with The Time Heist is we've already sort of reverse engineered any random episode of a middle season Star Trek show. So there's not really a crossover to be had there. They've already met Amelia Earhart. They don't need us to show up to like facilitate that. But that would be a great excuse for us to meet.,1,/Users/minjoolee/Downloads/MUStARD/PodSarc/all_processed/overly-sarcastic-podcast__ospod-episode-78/ospod-episode-78_298.mp3
78_299,78,"But then which Star Trek, right? Our good friend Amelia Earhart can introduce us in the episode The 37s when she meets the Voyager crew.",1,/Users/minjoolee/Downloads/MUStARD/PodSarc/all_processed/overly-sarcastic-podcast__ospod-episode-78/ospod-episode-78_299.mp3
78_306,78,"I mean, it would be in keeping with the time high spirit to cross over several different mystery solving groups and people all at once. Like, we'd go through time and pick up, uh, Sherlock Holmes, the Scooby Doo gang, Batman.",1,/Users/minjoolee/Downloads/MUStARD/PodSarc/all_processed/overly-sarcastic-podcast__ospod-episode-78/ospod-episode-78_306.mp3
78_307,78,"And just like, you know, Colombo. I don't know. Whoever we want. It's our rules. We can make it up. Uh, and just.",0,/Users/minjoolee/Downloads/MUStARD/PodSarc/all_processed/overly-sarcastic-podcast__ospod-episode-78/ospod-episode-78_307.mp3
78_308,78,Everyone has to work together to solve the greatest mystery across all of time and space.,1,/Users/minjoolee/Downloads/MUStARD/PodSarc/all_processed/overly-sarcastic-podcast__ospod-episode-78/ospod-episode-78_308.mp3
78_316,78,"Sex, drugs, rock and roll type rock star doing way too many drugs because he's immortal and it's fine. Uh, and then he gets his head cut off, which was very cathartic for me. So what I'm saying is Highlander crossover. We could have all the fun of like, we get the flashback to when we're in the past meeting him and like the 1600s. And then we get like the modern day where he's just still kicking around cause he's immortal. Like the main guy is immortal. Uh, so, and also we'd have the best soundtrack cause it's all scored by Queen.",0,/Users/minjoolee/Downloads/MUStARD/PodSarc/all_processed/overly-sarcastic-podcast__ospod-episode-78/ospod-episode-78_316.mp3
78_317,78,"Could be good. I feel like there's no wrong answer to this. I don't think any of us get to be immortal, but it would be great to still have sword fights.",1,/Users/minjoolee/Downloads/MUStARD/PodSarc/all_processed/overly-sarcastic-podcast__ospod-episode-78/ospod-episode-78_317.mp3
78_319,78,"We're edging into self-insert fanfic territory, which is kind of what the time heist is, danced around the whole way.",1,/Users/minjoolee/Downloads/MUStARD/PodSarc/all_processed/overly-sarcastic-podcast__ospod-episode-78/ospod-episode-78_319.mp3
78_324,78,I don't like this. I feel like I got a target on my back now.,1,/Users/minjoolee/Downloads/MUStARD/PodSarc/all_processed/overly-sarcastic-podcast__ospod-episode-78/ospod-episode-78_324.mp3
79_2,79,"Cause he's a 10 year old, you know, tripping, falling. He didn't hurt himself cause he had all these boxes around him, but he could not get back up. And it was very funny.",0,/Users/minjoolee/Downloads/MUStARD/PodSarc/all_processed/overly-sarcastic-podcast__ospod-episode-79/ospod-episode-79_2.mp3
79_3,79,Like a costume like that where it's like quick hit the emergency release switch and just like the whole thing explodes off of you. Like it has to be spring loaded. Yeah.,0,/Users/minjoolee/Downloads/MUStARD/PodSarc/all_processed/overly-sarcastic-podcast__ospod-episode-79/ospod-episode-79_3.mp3
79_5,79,"It's gotta fit the fire code, okay? There needs to be an emergency exit.",1,/Users/minjoolee/Downloads/MUStARD/PodSarc/all_processed/overly-sarcastic-podcast__ospod-episode-79/ospod-episode-79_5.mp3
79_12,79,"Mm-hmm. But that's okay, because we, uh.",0,/Users/minjoolee/Downloads/MUStARD/PodSarc/all_processed/overly-sarcastic-podcast__ospod-episode-79/ospod-episode-79_12.mp3
79_14,79,"little pre-anniversary thing. It was raining the whole day, but it was super, super fun. Yeah.",1,/Users/minjoolee/Downloads/MUStARD/PodSarc/all_processed/overly-sarcastic-podcast__ospod-episode-79/ospod-episode-79_14.mp3
79_21,79,cool. cool. cool.,0,/Users/minjoolee/Downloads/MUStARD/PodSarc/all_processed/overly-sarcastic-podcast__ospod-episode-79/ospod-episode-79_21.mp3
79_25,79,"In my defense, when I first scripted this, the world must know that I sent you this script. And I was like, should I tone this down? I feel like we're going to give people existential crises. And you were like, yeah, it's fine.",1,/Users/minjoolee/Downloads/MUStARD/PodSarc/all_processed/overly-sarcastic-podcast__ospod-episode-79/ospod-episode-79_25.mp3
79_31,79,"We definitely strove to go in the opposite direction, however, with the Spider-Man one. Yeah.",1,/Users/minjoolee/Downloads/MUStARD/PodSarc/all_processed/overly-sarcastic-podcast__ospod-episode-79/ospod-episode-79_31.mp3
79_34,79,"I felt really weird about, up until the moment that I published it, and all the comments are like, this is amazing, and I'm like, really? Every once in a while, I think, you know, like, oh man, like, this is a great video, and then I put it up on the channel, and everyone loves it, and it's like, the Byzantines, like, fantastic, could not ask for a better response.",1,/Users/minjoolee/Downloads/MUStARD/PodSarc/all_processed/overly-sarcastic-podcast__ospod-episode-79/ospod-episode-79_34.mp3
79_41,79,"This is a, this is a part of the creative process. I've talked about it constantly. When you reach the point in the project where you've been looking at it for too long. Yeah. And that's when it's like, is this even worth existing at all? Am I worth anything? Like that's when you got to fucking step back, fire it off and just be like, Oh, I hope people like it.",0,/Users/minjoolee/Downloads/MUStARD/PodSarc/all_processed/overly-sarcastic-podcast__ospod-episode-79/ospod-episode-79_41.mp3
79_43,79,"Yeah. I feel like you'd also like, cause you've been just in it with Spider-Man for like the whole week leading up to it. Like, well, obviously I have to rewatch all the movies and you know, like all spectacular Spider-Man and this 90s show, which is better than I remember. It's just like, Oh, you know, just for flavor, I should probably play something game again.",1,/Users/minjoolee/Downloads/MUStARD/PodSarc/all_processed/overly-sarcastic-podcast__ospod-episode-79/ospod-episode-79_43.mp3
79_46,79,"And then you put it out there and everyone's like, oh, wait, yeah, no, that, that's neat. And honestly, like seeing the comments, the.",1,/Users/minjoolee/Downloads/MUStARD/PodSarc/all_processed/overly-sarcastic-podcast__ospod-episode-79/ospod-episode-79_46.mp3
79_47,79,"The amount of vindication from the people who were like, you know, like, I honestly, like, really enjoyed Spider-Man 3, I watched it at exactly the right age, where, like, I didn't think it was a masterpiece of cinema, but goddamn, it was funny, and I liked it, or like, yeah, you know, Spider-Man 2, not, not as much of a masterpiece as, like, people claim, and it's like, if,",0,/Users/minjoolee/Downloads/MUStARD/PodSarc/all_processed/overly-sarcastic-podcast__ospod-episode-79/ospod-episode-79_47.mp3
79_48,79,"If Spider-Man 2 is that good, Spider-Man 3 is not that bad. And if Spider-Man 3 is like,",1,/Users/minjoolee/Downloads/MUStARD/PodSarc/all_processed/overly-sarcastic-podcast__ospod-episode-79/ospod-episode-79_48.mp3
79_51,79,"The room. I actually know that aged worse, where I'm thinking like episode 7 to episode 8, where it just, like, episode 7's like, it was fine! And then episode 8's like, you know, whatever. But that, that's not the comparison. The point is,",1,/Users/minjoolee/Downloads/MUStARD/PodSarc/all_processed/overly-sarcastic-podcast__ospod-episode-79/ospod-episode-79_51.mp3
79_53,79,"And various people commenting like, oh yeah, like, Spectacular Spider-Man is the best one. Like, edit comment, oh my god, they talked about Spectacular Spider-Man! Um, so yeah.",1,/Users/minjoolee/Downloads/MUStARD/PodSarc/all_processed/overly-sarcastic-podcast__ospod-episode-79/ospod-episode-79_53.mp3
79_59,79,"Yeah, yeah.",0,/Users/minjoolee/Downloads/MUStARD/PodSarc/all_processed/overly-sarcastic-podcast__ospod-episode-79/ospod-episode-79_59.mp3
79_65,79,"Yeah. Spider-Man 1 was really fun. Green Goblin's such a good villain. Spider-Man 1 knew exactly what it needed. I also thank you to the people who pointed out that he's not Hobgoblin, he's New Goblin.",0,/Users/minjoolee/Downloads/MUStARD/PodSarc/all_processed/overly-sarcastic-podcast__ospod-episode-79/ospod-episode-79_65.mp3
79_71,79,"Well, well, Red, since, since you hate the spider, I hate the spider. God damn it. Maybe, maybe we should kill the spider. Put the mask back on. But what happens when we do kill the spider? What, what philosophical concept in Persona will he meet when that happens? Red, tell us about personifying death.",1,/Users/minjoolee/Downloads/MUStARD/PodSarc/all_processed/overly-sarcastic-podcast__ospod-episode-79/ospod-episode-79_71.mp3
79_72,79,"What's the Marvel Universe's death? That's the one that Deadpool's into, right? Yeah. What? Yeah.",1,/Users/minjoolee/Downloads/MUStARD/PodSarc/all_processed/overly-sarcastic-podcast__ospod-episode-79/ospod-episode-79_72.mp3
79_73,79,What? Is that the one with Thanos was trying to court by killing people?,1,/Users/minjoolee/Downloads/MUStARD/PodSarc/all_processed/overly-sarcastic-podcast__ospod-episode-79/ospod-episode-79_73.mp3
79_75,79,"Wait, are you, please tell me that Thanos is in love with Death, but Death is actually in love with Deadpool instead.",1,/Users/minjoolee/Downloads/MUStARD/PodSarc/all_processed/overly-sarcastic-podcast__ospod-episode-79/ospod-episode-79_75.mp3
79_76,79,"This is accurate as far as I understand. That's so funny. Yes. I think also the reason why, like, it ties in with Deadpool being basically completely unkillable is like, ah, you are separated forever from the love of your life or whatever. I don't know.",1,/Users/minjoolee/Downloads/MUStARD/PodSarc/all_processed/overly-sarcastic-podcast__ospod-episode-79/ospod-episode-79_76.mp3
79_78,79,this is my hottest take but it's true comics are written by too many people that don't talk to each other the overall writing quality of any given character is not going to be good it'll have good bits when a writer that knows what they're doing has them,0,/Users/minjoolee/Downloads/MUStARD/PodSarc/all_processed/overly-sarcastic-podcast__ospod-episode-79/ospod-episode-79_78.mp3
79_88,79,Make the story better. That's exciting.,0,/Users/minjoolee/Downloads/MUStARD/PodSarc/all_processed/overly-sarcastic-podcast__ospod-episode-79/ospod-episode-79_88.mp3
79_97,79,"this massive concept that like appears differently to different people and does a whole bunch of stuff. Uh, and I.",0,/Users/minjoolee/Downloads/MUStARD/PodSarc/all_processed/overly-sarcastic-podcast__ospod-episode-79/ospod-episode-79_97.mp3
79_99,79,"so much, not, not one that we see.",0,/Users/minjoolee/Downloads/MUStARD/PodSarc/all_processed/overly-sarcastic-podcast__ospod-episode-79/ospod-episode-79_99.mp3
79_103,79,"As far as I could get in the analysis before I sort of hit bedrock of like, wow, that's really poignant.",1,/Users/minjoolee/Downloads/MUStARD/PodSarc/all_processed/overly-sarcastic-podcast__ospod-episode-79/ospod-episode-79_103.mp3
79_112,79,"He's like, yeah, it's weird that people don't just flip to the end of the book and find out what happens. It's, it's, you know, but I kind of get it. It's a human thing. And it's just like, ah, he's so lovable, but also he's death with a capital D. So.",1,/Users/minjoolee/Downloads/MUStARD/PodSarc/all_processed/overly-sarcastic-podcast__ospod-episode-79/ospod-episode-79_112.mp3
79_115,79,Yeah. Yeah. Yeah.,0,/Users/minjoolee/Downloads/MUStARD/PodSarc/all_processed/overly-sarcastic-podcast__ospod-episode-79/ospod-episode-79_115.mp3
79_119,79,"So I know that I'm a little bit more blase about this than a lot of people. So for me, it's like, yeah, you know, the inevitable death, everybody comes for everybody, you know, meditation on death, momentum warriors, very normal stuff. And it's like, it's not normal stuff. Sometimes people can get jumpscared just by thinking about that. And like, I have to be aware of that and careful with how I frame this. And as I was writing the script, I was like,",0,/Users/minjoolee/Downloads/MUStARD/PodSarc/all_processed/overly-sarcastic-podcast__ospod-episode-79/ospod-episode-79_119.mp3
79_123,79,"But it was very, very reassuring to see people in the comments be like, I had a nice good cry about this and I felt better because of the thing about catharsis. And there were a few people who were like,",1,/Users/minjoolee/Downloads/MUStARD/PodSarc/all_processed/overly-sarcastic-podcast__ospod-episode-79/ospod-episode-79_123.mp3
79_124,79,"I lost a loved one recently, and this made me feel better about it. And I was like, Oh my God. Okay.",1,/Users/minjoolee/Downloads/MUStARD/PodSarc/all_processed/overly-sarcastic-podcast__ospod-episode-79/ospod-episode-79_124.mp3
79_128,79,Yeah. Yeah. Yeah.,0,/Users/minjoolee/Downloads/MUStARD/PodSarc/all_processed/overly-sarcastic-podcast__ospod-episode-79/ospod-episode-79_128.mp3
79_129,79,"And real quick before we move on to plugs. I want to highlight the one part of the video. Cause it's so much of it like hit so hard that a lot of people were like, Oh my God, that conclusion. And I was like, but did you notice that edit I did with the, uh, with the, with the, Oh shit. And then like the parade of skeletons is like, I'm okay. The, the, the meme, the bit where I was like, when you ponder your mortality. I said that, I remember I said that to you when I edited, I was like, this is one of the weirder things I've ever done. But honestly, that was the part of the video where I was like, this really do be how it is though. Like you'll just be minding your fucking business and then be like, death comes for us all. Ah, shit, we're fine. Okay.",1,/Users/minjoolee/Downloads/MUStARD/PodSarc/all_processed/overly-sarcastic-podcast__ospod-episode-79/ospod-episode-79_129.mp3
79_130,79,"But, uh, Forbes also come for us all, so it's time to talk about those. We don't necessarily have any. I don't think we have any.",1,/Users/minjoolee/Downloads/MUStARD/PodSarc/all_processed/overly-sarcastic-podcast__ospod-episode-79/ospod-episode-79_130.mp3
79_132,79,"New merch shop, OverlySarcastic.shop. Um, we're gonna be doing a, uh, a little, uh, Black Friday sale for, for all of our pins and, and stuff.",0,/Users/minjoolee/Downloads/MUStARD/PodSarc/all_processed/overly-sarcastic-podcast__ospod-episode-79/ospod-episode-79_132.mp3
79_133,79,"coming back and the plot is coming back as well. Yeah. Very exciting. Um, we'll have some, some assorted discounts. We are doing a special, uh,",1,/Users/minjoolee/Downloads/MUStARD/PodSarc/all_processed/overly-sarcastic-podcast__ospod-episode-79/ospod-episode-79_133.mp3
79_134,79,"Um, special little gold and silver version of Artemis and Apollo, but we'll, we'll get to that later. We'll get to that later. We'll get to that later. Yeah, yeah. Stay tuned.",0,/Users/minjoolee/Downloads/MUStARD/PodSarc/all_processed/overly-sarcastic-podcast__ospod-episode-79/ospod-episode-79_134.mp3
79_137,79,"We're going to try and get as many, uh, armor sets as we can. I think it'll be fun. Um, but, uh, we're probably going to do the same thing we did with the, with the mega stream where it's like, Hey, if you donate these specific amounts, you might be able to be like, no paraglider, no pants. And I think pants are the only luminous armor set I have right now. So that would be a little bit devastating.",1,/Users/minjoolee/Downloads/MUStARD/PodSarc/all_processed/overly-sarcastic-podcast__ospod-episode-79/ospod-episode-79_137.mp3
79_153,79,"Let's see, She-Ra, and then you go back, like, Avatar, Samurai Jack, 2003, Clone Wars, which is the best Clone Wars, it's not, but like, it's my favorite.",0,/Users/minjoolee/Downloads/MUStARD/PodSarc/all_processed/overly-sarcastic-podcast__ospod-episode-79/ospod-episode-79_153.mp3
79_158,79,"Castlevania, yeah.",0,/Users/minjoolee/Downloads/MUStARD/PodSarc/all_processed/overly-sarcastic-podcast__ospod-episode-79/ospod-episode-79_158.mp3
79_162,79,"Yeah, the lighting in that show is fantastic. But yeah, no, I, animation in, in television is just.",0,/Users/minjoolee/Downloads/MUStARD/PodSarc/all_processed/overly-sarcastic-podcast__ospod-episode-79/ospod-episode-79_162.mp3
79_163,79,"So good. Because unfortunately, the problem with, uh, with, like, filmed TV from, from my perspective is it's usually a bunch of people, like, sitting in a room and talking because that's kind of like,",0,/Users/minjoolee/Downloads/MUStARD/PodSarc/all_processed/overly-sarcastic-podcast__ospod-episode-79/ospod-episode-79_163.mp3
79_164,79,"One of the only things you can effectively film at budget for a long running TV show. And I'm talking out of my ass here, but like, I feel like when I watch TV, it feels to me like a lot of people sitting around and talking. Taking a little heat off of me.",1,/Users/minjoolee/Downloads/MUStARD/PodSarc/all_processed/overly-sarcastic-podcast__ospod-episode-79/ospod-episode-79_164.mp3
79_169,79,"And, like, I was looking at, you know, the reception about it and discussion of it. And it was like, yeah, this was like, initially, they were like, we're out of money. Can we do a clip show? And it was like, absolutely the fuck not. We're not doing another clip show. Everyone hated the last clip show where Riker got bit by an alien bug and it made him watch a clip show. We're not doing another fucking clip show. And instead they produced one of the best episodes of the show ever.",1,/Users/minjoolee/Downloads/MUStARD/PodSarc/all_processed/overly-sarcastic-podcast__ospod-episode-79/ospod-episode-79_169.mp3
79_173,79,"Stuff like that. Outsource it, I think, is the correct word that I wanted. Not offshore. Okay. Cool. Great. Awesome. It's early. Yeah. I like movies.",1,/Users/minjoolee/Downloads/MUStARD/PodSarc/all_processed/overly-sarcastic-podcast__ospod-episode-79/ospod-episode-79_173.mp3
79_175,79,"We all have to keep copy-otting. Like, when it's good, it's good. When it sucks, it's bad, though.",1,/Users/minjoolee/Downloads/MUStARD/PodSarc/all_processed/overly-sarcastic-podcast__ospod-episode-79/ospod-episode-79_175.mp3
79_179,79,"Being generous there, my friend. But no, you're right. I think part of the reason why I like comics and serialized media is I am the kind of person for whom, like, does the story have to end? I would like more play. Like, that's just how I work as an audience. I am definitely in camp, like, and the adventure continues. And, uh, that, you know,",1,/Users/minjoolee/Downloads/MUStARD/PodSarc/all_processed/overly-sarcastic-podcast__ospod-episode-79/ospod-episode-79_179.mp3
79_181,79,"But I really respect how with a movie, it's like, you have two hours.",1,/Users/minjoolee/Downloads/MUStARD/PodSarc/all_processed/overly-sarcastic-podcast__ospod-episode-79/ospod-episode-79_181.mp3
79_188,79,"Halloween's the one day of the year where we do it right. Like, we let people into our spaces, and then we just give them nice things and compliment their outfits and let them go on their way, and it's great.",1,/Users/minjoolee/Downloads/MUStARD/PodSarc/all_processed/overly-sarcastic-podcast__ospod-episode-79/ospod-episode-79_188.mp3
79_190,79,"This is like a cartoon bat with googly eyes. Like, it's not actually going to stab you. I, I, I don't know. I, I, I like that. Like, a little bit of a, like, ooh, this is a chill in the air. There's some spider webs. Whoa. But, like, eh, it's for everybody, and I like that.",1,/Users/minjoolee/Downloads/MUStARD/PodSarc/all_processed/overly-sarcastic-podcast__ospod-episode-79/ospod-episode-79_190.mp3
79_199,79,"made for putting some gooey gooey blood bags on screen and being a little silly and spooky. And like that is the, like.",1,/Users/minjoolee/Downloads/MUStARD/PodSarc/all_processed/overly-sarcastic-podcast__ospod-episode-79/ospod-episode-79_199.mp3
79_201,79,"Very, very scary, which is not a category of horror movie that all horror movies fit into. You know, sometimes it's about just watching a guy chainsaw through something that explodes in a very liquidy way.",1,/Users/minjoolee/Downloads/MUStARD/PodSarc/all_processed/overly-sarcastic-podcast__ospod-episode-79/ospod-episode-79_201.mp3
79_204,79,"Yeah, yeah. Yeah.",0,/Users/minjoolee/Downloads/MUStARD/PodSarc/all_processed/overly-sarcastic-podcast__ospod-episode-79/ospod-episode-79_204.mp3
79_216,79,"So that one was cool. It was definitely one of those, like, did that really just happen or did, like, my eyes fuck up a little bit? Which is, uh, it's a common problem when stargazing, especially when looking for shooting stars, but, uh.",0,/Users/minjoolee/Downloads/MUStARD/PodSarc/all_processed/overly-sarcastic-podcast__ospod-episode-79/ospod-episode-79_216.mp3
79_226,79,"Uh, there's like woodcuts of them. And a lot of time it's like, oh, these superstitious peasants. And it's like, no, that was a real thing they saw. So, um, anyway, yeah, it's fun.",0,/Users/minjoolee/Downloads/MUStARD/PodSarc/all_processed/overly-sarcastic-podcast__ospod-episode-79/ospod-episode-79_226.mp3
79_229,79,"Where's the festive spirit? This is like half the fun of the day. I'm probably going to be sitting inside for most of the day playing Tears of the Kingdom. So you could bring us to an elder costume, to a little costume, to a little cocktail.",1,/Users/minjoolee/Downloads/MUStARD/PodSarc/all_processed/overly-sarcastic-podcast__ospod-episode-79/ospod-episode-79_229.mp3
79_232,79,"And then we did a little dance. And that was essentially our, our Halloween costume. I can't believe you.",1,/Users/minjoolee/Downloads/MUStARD/PodSarc/all_processed/overly-sarcastic-podcast__ospod-episode-79/ospod-episode-79_232.mp3
79_240,79,"Little bit of a nose, little bit of a mouth. I have no idea what purpose they were supposed to serve. Uh, but I was like, boy, you know what would be real creepy?",1,/Users/minjoolee/Downloads/MUStARD/PodSarc/all_processed/overly-sarcastic-podcast__ospod-episode-79/ospod-episode-79_240.mp3
79_243,79,"points for a, uh, we did a little costume competition in college. And when I walked up, I just sort of silently walked up to like the person who was judging and like did the head tilt slightly. And then I walked away and they were like, okay. So instant winner. All the parties love it. And, uh, for like, for party anxiety things, you don't need to talk to anybody and they don't need to see your face. It's great.",1,/Users/minjoolee/Downloads/MUStARD/PodSarc/all_processed/overly-sarcastic-podcast__ospod-episode-79/ospod-episode-79_243.mp3
79_244,79,"I love doing costumes on Halloween. The Halloween and the Runfarer are the two things that keep me from getting into cosplay, which would bankrupt me and make me never sleep again, so I'm eternally thankful for these two occasions, but.",1,/Users/minjoolee/Downloads/MUStARD/PodSarc/all_processed/overly-sarcastic-podcast__ospod-episode-79/ospod-episode-79_244.mp3
79_251,79,"Which means I gotta rep the one year I went to Bob the Guardian from Reboot. Uh, which obviously that was awesome. Uh.",1,/Users/minjoolee/Downloads/MUStARD/PodSarc/all_processed/overly-sarcastic-podcast__ospod-episode-79/ospod-episode-79_251.mp3
79_257,79,"Or sat down or in any direction. He could not get back up. Like, totally like a beached turtle on its back. Uh, and he did, there were a couple of times where he would like.",1,/Users/minjoolee/Downloads/MUStARD/PodSarc/all_processed/overly-sarcastic-podcast__ospod-episode-79/ospod-episode-79_257.mp3
79_258,79,"Cause he's a 10 year old, you know, tripping, falling. He didn't even hurt himself cause he had all these boxes around him, but he could not get back up. And it was very funny.",0,/Users/minjoolee/Downloads/MUStARD/PodSarc/all_processed/overly-sarcastic-podcast__ospod-episode-79/ospod-episode-79_258.mp3
79_259,79,I think at that point you have to like withdraw the arms from the insulation tubing and just like crawl out the butt.,1,/Users/minjoolee/Downloads/MUStARD/PodSarc/all_processed/overly-sarcastic-podcast__ospod-episode-79/ospod-episode-79_259.mp3
79_260,79,"Because of the way the box was structured, there wasn't, like, room to, like, bend your arm in through the tubing. Like, there, there was no way, there was not enough room to, like, you were fully, like, locked in. Like, it was just a full, there was going nowhere. It was a very, um, like, Christmas story. The kid is all bundled up for the snow and he can't move his arms. Like, it was fully that for Halloween.",1,/Users/minjoolee/Downloads/MUStARD/PodSarc/all_processed/overly-sarcastic-podcast__ospod-episode-79/ospod-episode-79_260.mp3
79_261,79,"Like a costume like that where it's like, quick hit the emergency release switch and just like the whole thing explodes off of you. It has to be spring loaded. Yeah.",1,/Users/minjoolee/Downloads/MUStARD/PodSarc/all_processed/overly-sarcastic-podcast__ospod-episode-79/ospod-episode-79_261.mp3
79_263,79,"It's gotta fit the fire code, okay? There needs to be an emergency exit.",0,/Users/minjoolee/Downloads/MUStARD/PodSarc/all_processed/overly-sarcastic-podcast__ospod-episode-79/ospod-episode-79_263.mp3
79_269,79,"And, uh, I've also been on Movie Struck a few times. You might have heard of it. It's pretty cool.",1,/Users/minjoolee/Downloads/MUStARD/PodSarc/all_processed/overly-sarcastic-podcast__ospod-episode-79/ospod-episode-79_269.mp3
79_272,79,"Blue and I have both also been on Reginald's podcast, which is Dominic Noble's book club. Oh yeah, Dominic's podcast. Super fun.",1,/Users/minjoolee/Downloads/MUStARD/PodSarc/all_processed/overly-sarcastic-podcast__ospod-episode-79/ospod-episode-79_272.mp3
79_277,79,"Yeah. Yeah. A smattering of them out and about in the world. Honestly, it's.",1,/Users/minjoolee/Downloads/MUStARD/PodSarc/all_processed/overly-sarcastic-podcast__ospod-episode-79/ospod-episode-79_277.mp3
79_280,79,"When I first came on, I did homework and brought in information about the myths so that he brought me on again to do more homework and talk more about the myths that were being referenced. So it's nice to have a gimmick.",1,/Users/minjoolee/Downloads/MUStARD/PodSarc/all_processed/overly-sarcastic-podcast__ospod-episode-79/ospod-episode-79_280.mp3
79_282,79,"It's gotta be podcast, George. Gay org does not promote.",1,/Users/minjoolee/Downloads/MUStARD/PodSarc/all_processed/overly-sarcastic-podcast__ospod-episode-79/ospod-episode-79_282.mp3
79_287,79,"Not, not that one. That was kind of embarrassing.",0,/Users/minjoolee/Downloads/MUStARD/PodSarc/all_processed/overly-sarcastic-podcast__ospod-episode-79/ospod-episode-79_287.mp3
79_290,79,"Death the Kid, yeah. Obviously, Death does not actually just have a kid. That would be weird unless it's Discworld, even then he adopted her, so it's fine.",1,/Users/minjoolee/Downloads/MUStARD/PodSarc/all_processed/overly-sarcastic-podcast__ospod-episode-79/ospod-episode-79_290.mp3
79_291,79,"Uh, but it's like, oh, as death, the kid's power grows, more power gets siphoned from death because they're basically the same being just with two different hats on. Um, anyway, that one's pretty fun. He's goofy.",0,/Users/minjoolee/Downloads/MUStARD/PodSarc/all_processed/overly-sarcastic-podcast__ospod-episode-79/ospod-episode-79_291.mp3
79_292,79,But I don't think I'd want to meet him on the worst day of my life.,1,/Users/minjoolee/Downloads/MUStARD/PodSarc/all_processed/overly-sarcastic-podcast__ospod-episode-79/ospod-episode-79_292.mp3
79_296,79,"I like the version from the Twilight Zone episode, Nothing in the Dark, played by young hot Robert Redford. Nice. Nice.",1,/Users/minjoolee/Downloads/MUStARD/PodSarc/all_processed/overly-sarcastic-podcast__ospod-episode-79/ospod-episode-79_296.mp3
79_297,79,"He's specifically designed to make the concept of death non-threatening and pleasant. That was Robert Redford? I believe so. Oh, shit. Yeah. Wow.",1,/Users/minjoolee/Downloads/MUStARD/PodSarc/all_processed/overly-sarcastic-podcast__ospod-episode-79/ospod-episode-79_297.mp3
79_299,79,"who's haunting the shit out of Oun, who unknowingly died in Pennsylvania and has been continuing her cross-country road trip ever since.",1,/Users/minjoolee/Downloads/MUStARD/PodSarc/all_processed/overly-sarcastic-podcast__ospod-episode-79/ospod-episode-79_299.mp3
79_302,79,"Oh, man. I'm gonna, like, remember a version that I liked more.",1,/Users/minjoolee/Downloads/MUStARD/PodSarc/all_processed/overly-sarcastic-podcast__ospod-episode-79/ospod-episode-79_302.mp3
79_303,79,"Yeah, dang it.",0,/Users/minjoolee/Downloads/MUStARD/PodSarc/all_processed/overly-sarcastic-podcast__ospod-episode-79/ospod-episode-79_303.mp3
79_307,79,"Yeah, it's like, shouldn't my death be about me? It's like, look, I'm just really going through right now, okay?",1,/Users/minjoolee/Downloads/MUStARD/PodSarc/all_processed/overly-sarcastic-podcast__ospod-episode-79/ospod-episode-79_307.mp3
79_314,79,"And then it just kinda keeps going from there. Uh, the guards novels I can describe as, uh, good things keep happening to Samuel Vimes despite his best efforts not to let that happen.",1,/Users/minjoolee/Downloads/MUStARD/PodSarc/all_processed/overly-sarcastic-podcast__ospod-episode-79/ospod-episode-79_314.mp3
79_332,79,"Yeah, yeah.",0,/Users/minjoolee/Downloads/MUStARD/PodSarc/all_processed/overly-sarcastic-podcast__ospod-episode-79/ospod-episode-79_332.mp3
79_335,79,"They're good. Is it in relation to stroop waffles, which are thin waffles with caramel in them?",1,/Users/minjoolee/Downloads/MUStARD/PodSarc/all_processed/overly-sarcastic-podcast__ospod-episode-79/ospod-episode-79_335.mp3
79_341,79,"Like, every other day, you had something new for us to snack on in the senior lounge. It was amazing. Yeah.",1,/Users/minjoolee/Downloads/MUStARD/PodSarc/all_processed/overly-sarcastic-podcast__ospod-episode-79/ospod-episode-79_341.mp3
79_347,79,"Yeah. All right. Good work, team. I think we, I think we.",0,/Users/minjoolee/Downloads/MUStARD/PodSarc/all_processed/overly-sarcastic-podcast__ospod-episode-79/ospod-episode-79_347.mp3
79_348,79,"Alright, good work, team. I think we, I think we nailed this one. We got it.",1,/Users/minjoolee/Downloads/MUStARD/PodSarc/all_processed/overly-sarcastic-podcast__ospod-episode-79/ospod-episode-79_348.mp3
79_349,79,"We got it. We got a pizzel, we got a chocolate monstrosity, and we got, uh, and maybe some hamantashen on the side. Potentially kularakia, maybe some other variant of a Greek cookie, who knows.",0,/Users/minjoolee/Downloads/MUStARD/PodSarc/all_processed/overly-sarcastic-podcast__ospod-episode-79/ospod-episode-79_349.mp3
79_352,79,"Make, make your own, um, instead of fan art, uh, make your own OSP cookie platter.",0,/Users/minjoolee/Downloads/MUStARD/PodSarc/all_processed/overly-sarcastic-podcast__ospod-episode-79/ospod-episode-79_352.mp3
79_354,79,"No, yeah, it's called Cookie Run. Like, the, the mascot is a generic gingerbread guy, and then the designs get progressively more anime boy with time.",0,/Users/minjoolee/Downloads/MUStARD/PodSarc/all_processed/overly-sarcastic-podcast__ospod-episode-79/ospod-episode-79_354.mp3
79_358,79,"If you're a patron, uh, head over to Patreon to hear us hang out for another 30 to 40 minutes in the after after show show, uh, which I, it's fun. It's cool. Uh, I think I went off on some tangents in the main episode that I should have saved for the ass, but that's okay. There's always more tangents where that came from. Um,",0,/Users/minjoolee/Downloads/MUStARD/PodSarc/all_processed/overly-sarcastic-podcast__ospod-episode-79/ospod-episode-79_358.mp3
80_2,80,"My favorite space phenomenist, Princess Russell, Lynette.",1,/Users/minjoolee/Downloads/MUStARD/PodSarc/all_processed/overly-sarcastic-podcast__ospod-episode-80/ospod-episode-80_2.mp3
80_3,80,I never played Galaxy. It's just shitposting.,1,/Users/minjoolee/Downloads/MUStARD/PodSarc/all_processed/overly-sarcastic-podcast__ospod-episode-80/ospod-episode-80_3.mp3
80_4,80,"It's, it's the best Mario game. I would die on that hill. Um, Blue Diva Ferret Space Phenomenon.",0,/Users/minjoolee/Downloads/MUStARD/PodSarc/all_processed/overly-sarcastic-podcast__ospod-episode-80/ospod-episode-80_4.mp3
80_5,80,"Oh, yes, cool. Yeah. Alright, great. Another question. Uh.",0,/Users/minjoolee/Downloads/MUStARD/PodSarc/all_processed/overly-sarcastic-podcast__ospod-episode-80/ospod-episode-80_5.mp3
80_6,80,"Oh, yes, cool. Yeah. Alright, great. Another question. Uh.",1,/Users/minjoolee/Downloads/MUStARD/PodSarc/all_processed/overly-sarcastic-podcast__ospod-episode-80/ospod-episode-80_6.mp3
80_8,80,My wifi cut out for the first half of that and I didn't know we were starting. Hopefully nothing I said was weird.,0,/Users/minjoolee/Downloads/MUStARD/PodSarc/all_processed/overly-sarcastic-podcast__ospod-episode-80/ospod-episode-80_8.mp3
80_9,80,"I didn't hear you say anything, um, you came back in time for you to say hello.",1,/Users/minjoolee/Downloads/MUStARD/PodSarc/all_processed/overly-sarcastic-podcast__ospod-episode-80/ospod-episode-80_9.mp3
80_14,80,"A likely story. I'm sorry, my mind jumped half a track, because one of the two videos that we put out recently was on the realism review of Assassin's Creed Mirage, and there's one funny side story towards the end of the game where you essentially sneak into a palace and",0,/Users/minjoolee/Downloads/MUStARD/PodSarc/all_processed/overly-sarcastic-podcast__ospod-episode-80/ospod-episode-80_14.mp3
80_18,80,"Yeah, so, while we're here, let's work through the first of our two videos on our channel, Overly Sarcastic Productions, on YouTube. In case you found this funny.",0,/Users/minjoolee/Downloads/MUStARD/PodSarc/all_processed/overly-sarcastic-podcast__ospod-episode-80/ospod-episode-80_18.mp3
80_22,80,"Kids these days can't even, yeah. Um, boomer moment. Um, I had a video. Yes. About history, specifically of the new video game Assassin's Creed. My, uh, possibly the last in my somewhat semi-annual tradition of, of reviewing the history of the, the new games as they come out. Um, Origins, Odyssey, Valhalla.",1,/Users/minjoolee/Downloads/MUStARD/PodSarc/all_processed/overly-sarcastic-podcast__ospod-episode-80/ospod-episode-80_22.mp3
80_24,80,"Um, and I think this is gonna be the last one that I do, because I basically told myself, like, after Mirage, I'm checked out. Like, I'm done. Ubisoft has hurt me before, they'll hurt me again. But this time, shockingly enough, they didn't hurt me. This, this one's actually really good, and I not only liked it a lot.",0,/Users/minjoolee/Downloads/MUStARD/PodSarc/all_processed/overly-sarcastic-podcast__ospod-episode-80/ospod-episode-80_24.mp3
80_28,80,interspersed in the game and even video game dunkey in his video said it's so nice to learn something of value in one of these goober open world games so i said in the video like if dunkey liked,1,/Users/minjoolee/Downloads/MUStARD/PodSarc/all_processed/overly-sarcastic-podcast__ospod-episode-80/ospod-episode-80_28.mp3
80_32,80,"And I could, I could make a very lengthy list of like, here's what they pulled in from this thing that's actually something else. And I saw a couple of people on Reddit had done it. So I was like, okay, cool. I don't need to spend time going through.",1,/Users/minjoolee/Downloads/MUStARD/PodSarc/all_processed/overly-sarcastic-podcast__ospod-episode-80/ospod-episode-80_32.mp3
80_44,80,"So he's not that important, but he's a little bit important and he can do like a little bit of stuff. Anyway, um, it seems like this game doesn't do that, which is cool.",1,/Users/minjoolee/Downloads/MUStARD/PodSarc/all_processed/overly-sarcastic-podcast__ospod-episode-80/ospod-episode-80_44.mp3
80_45,80,"Yeah, thankfully not. Um, they kind of make the, the tactical retreat to just avoid all that stuff entirely. They do commit one piece of character assassination where they take this one historical figure, West Seyfeld Torquay, and make him into just a big bad guy, where it's like, okay, I don't, I don't, I don't know why you did that. Like,",1,/Users/minjoolee/Downloads/MUStARD/PodSarc/all_processed/overly-sarcastic-podcast__ospod-episode-80/ospod-episode-80_45.mp3
80_47,80,"Okay, you know, that, that's fine. I, I guess it's fine. Um, so they still, they still made some, some things that I would, I would call questionable choices, but overall, it's really impressive the kind of world they created in, in such a loving way, where it's not like Orientalism to Hell and Back, which you get in, in some kinds of, of settings like that.",1,/Users/minjoolee/Downloads/MUStARD/PodSarc/all_processed/overly-sarcastic-podcast__ospod-episode-80/ospod-episode-80_47.mp3
80_48,80,"Um, and I, I was very pleased at like, oh, they're actually treating this with a very even tone. That is quite surprising. And I like that.",1,/Users/minjoolee/Downloads/MUStARD/PodSarc/all_processed/overly-sarcastic-podcast__ospod-episode-80/ospod-episode-80_48.mp3
80_49,80,"Yeah, it feels like, uh, just kind of from the outside. I got the impression that AC Valhalla kind of made the entire history fandom of AC kind of be like, Oh, okay.",1,/Users/minjoolee/Downloads/MUStARD/PodSarc/all_processed/overly-sarcastic-podcast__ospod-episode-80/ospod-episode-80_49.mp3
80_51,80,"like, trope vikings, not just like neutral trope vikings, like, uh, uhm.",0,/Users/minjoolee/Downloads/MUStARD/PodSarc/all_processed/overly-sarcastic-podcast__ospod-episode-80/ospod-episode-80_51.mp3
80_62,80,"something in, like, Renaissance Florence, but it looks like, you know, it's in the 1800s in Paris. Like, it's not, it's not like that much of a, I'm losing the thread here a little bit, but it is not as egregious, um, as it would be.",0,/Users/minjoolee/Downloads/MUStARD/PodSarc/all_processed/overly-sarcastic-podcast__ospod-episode-80/ospod-episode-80_62.mp3
80_65,80,"The styles are building and evolving over time, but it's, it's not.",1,/Users/minjoolee/Downloads/MUStARD/PodSarc/all_processed/overly-sarcastic-podcast__ospod-episode-80/ospod-episode-80_65.mp3
80_71,80,"The difference is that it had, uh, it had never been the case that I never finished an Assassin's Creed game until Assassin's Creed Valhalla, where I was so bored, I quit and uninstalled the game in the middle of playing it one day. I'm like, you know what? Actually, screw this. So now that I've hit that threshold, I'm like, okay, if they're basically making Valhalla 2 with the Samurai game, I'm done.",0,/Users/minjoolee/Downloads/MUStARD/PodSarc/all_processed/overly-sarcastic-podcast__ospod-episode-80/ospod-episode-80_71.mp3
80_73,80,"It's like, alright, this one's okay, but it's not enough to make me take you back, AC.",1,/Users/minjoolee/Downloads/MUStARD/PodSarc/all_processed/overly-sarcastic-podcast__ospod-episode-80/ospod-episode-80_73.mp3
80_76,80,"Yes, I did an adventure in the real world and then I found an excuse to make a video about it so I could justify it internally as work.",1,/Users/minjoolee/Downloads/MUStARD/PodSarc/all_processed/overly-sarcastic-podcast__ospod-episode-80/ospod-episode-80_76.mp3
80_81,80,"Well, I'd say it's like this, but I'm not mad at this one. It's like when you say the ecliptic and it's like, do you mean the elliptic? And it's like, no, no, the ecliptic. It's something else. Anywho, uh, but yeah, no, I had a fun time. I got to trek over with my, my fun little, um, telescope and, uh,",1,/Users/minjoolee/Downloads/MUStARD/PodSarc/all_processed/overly-sarcastic-podcast__ospod-episode-80/ospod-episode-80_81.mp3
80_86,80,"But, uh, yeah, no, I, I enjoyed Eugene, uh, although.",1,/Users/minjoolee/Downloads/MUStARD/PodSarc/all_processed/overly-sarcastic-podcast__ospod-episode-80/ospod-episode-80_86.mp3
80_88,80,"long-term walkability in mind, as it were. It, it lines up with a lot of my other experiences with the West Coast that, uh, if you don't have a car with you, you kind of, like, need to hike minimum 30 minutes in any direction to get anywhere. And, um,",0,/Users/minjoolee/Downloads/MUStARD/PodSarc/all_processed/overly-sarcastic-podcast__ospod-episode-80/ospod-episode-80_88.mp3
80_89,80,Oh no.,1,/Users/minjoolee/Downloads/MUStARD/PodSarc/all_processed/overly-sarcastic-podcast__ospod-episode-80/ospod-episode-80_89.mp3
80_100,80,That's really funny. It has to be huge to be able to be visible at scale. Wow.,1,/Users/minjoolee/Downloads/MUStARD/PodSarc/all_processed/overly-sarcastic-podcast__ospod-episode-80/ospod-episode-80_100.mp3
80_101,80,"They're enormous. It's like a warehouse or something. Um, so that was funny.",0,/Users/minjoolee/Downloads/MUStARD/PodSarc/all_processed/overly-sarcastic-podcast__ospod-episode-80/ospod-episode-80_101.mp3
80_104,80,"I did, yeah, yeah, I got to do some fun train stuff. Also, I really like the, um, the train on the coast, uh, the coastal starlight that just kind of took me up, um,",1,/Users/minjoolee/Downloads/MUStARD/PodSarc/all_processed/overly-sarcastic-podcast__ospod-episode-80/ospod-episode-80_104.mp3
80_106,80,"Very, very pleasant.",1,/Users/minjoolee/Downloads/MUStARD/PodSarc/all_processed/overly-sarcastic-podcast__ospod-episode-80/ospod-episode-80_106.mp3
80_107,80,"Uh, yeah, nothing like just absolutely beautiful, like oak tree laden.",1,/Users/minjoolee/Downloads/MUStARD/PodSarc/all_processed/overly-sarcastic-podcast__ospod-episode-80/ospod-episode-80_107.mp3
80_109,80,"Uh, Fanor is the first bitch. Uh, there are a few. Okay, but not the last. No, the, the, uh, Turin, son of Hurin, is like the absolute messiest character. His life is one giant rolling tragedy. Uh,",0,/Users/minjoolee/Downloads/MUStARD/PodSarc/all_processed/overly-sarcastic-podcast__ospod-episode-80/ospod-episode-80_109.mp3
80_111,80,"Yeah, yeah, yeah, which was very cute. I got a very charming.",1,/Users/minjoolee/Downloads/MUStARD/PodSarc/all_processed/overly-sarcastic-podcast__ospod-episode-80/ospod-episode-80_111.mp3
80_113,80,"Uh, Idaho coastline or something like that. Anyway, so that was fun.",1,/Users/minjoolee/Downloads/MUStARD/PodSarc/all_processed/overly-sarcastic-podcast__ospod-episode-80/ospod-episode-80_113.mp3
80_114,80,"Uh, and the third, one third of the museum was just about, like, the history of lesbians in, uh, Oregon, which was pretty cool. Uh, mad, honestly!",0,/Users/minjoolee/Downloads/MUStARD/PodSarc/all_processed/overly-sarcastic-podcast__ospod-episode-80/ospod-episode-80_114.mp3
80_115,80,"Love, love how open the queer the West Coast is. Just.",1,/Users/minjoolee/Downloads/MUStARD/PodSarc/all_processed/overly-sarcastic-podcast__ospod-episode-80/ospod-episode-80_115.mp3
80_131,80,Oh boy.,1,/Users/minjoolee/Downloads/MUStARD/PodSarc/all_processed/overly-sarcastic-podcast__ospod-episode-80/ospod-episode-80_131.mp3
80_134,80,"I'm watching too much TomSka, I can't actually say things correctly, all my cadences and tones have to meander.",1,/Users/minjoolee/Downloads/MUStARD/PodSarc/all_processed/overly-sarcastic-podcast__ospod-episode-80/ospod-episode-80_134.mp3
80_136,80,"Hello and welcome to the Q&A portion of the Overly Sarcastic Podcast, where we answer your questions from AskOSPod on Discord. Uh, this is the 80th episode of the Overly Sarcastic Podcast, which means we are going to be doing our one recurring segment, the little lightning round. This is where we are going to take one, uh, not one, but many of the many, many more, uh, suggested pieces of media that you guys have submitted over the, the years. And, um, just say real quick, really, really, really briefly, have we seen it? Did we like it? How did we read it? You know, just, just quick",1,/Users/minjoolee/Downloads/MUStARD/PodSarc/all_processed/overly-sarcastic-podcast__ospod-episode-80/ospod-episode-80_136.mp3
80_140,80,"Ah, yeah, we, we talked about this. I still haven't watched it, but I do know that it's good. Yep.",1,/Users/minjoolee/Downloads/MUStARD/PodSarc/all_processed/overly-sarcastic-podcast__ospod-episode-80/ospod-episode-80_140.mp3
80_142,80,Everyone should decide to use Jimbo for animals or people. Anyway.,1,/Users/minjoolee/Downloads/MUStARD/PodSarc/all_processed/overly-sarcastic-podcast__ospod-episode-80/ospod-episode-80_142.mp3
80_150,80,"I thought maybe they were that cowboy hat with the fringe, but no, somebody completely unrelated. Nope. Celeste.",1,/Users/minjoolee/Downloads/MUStARD/PodSarc/all_processed/overly-sarcastic-podcast__ospod-episode-80/ospod-episode-80_150.mp3
80_151,80,"Uh, haven't played it, uh, too much of a baby, too, but it looks fun. I'm glad people like it.",0,/Users/minjoolee/Downloads/MUStARD/PodSarc/all_processed/overly-sarcastic-podcast__ospod-episode-80/ospod-episode-80_151.mp3
80_155,80,"Uh, Yakuza, the video game series. I know about it. Similar, yeah.",1,/Users/minjoolee/Downloads/MUStARD/PodSarc/all_processed/overly-sarcastic-podcast__ospod-episode-80/ospod-episode-80_155.mp3
80_171,80,Very linear the way I thought. Meta runner. I don't know what that is. Fire and maneuver. It's a game.,0,/Users/minjoolee/Downloads/MUStARD/PodSarc/all_processed/overly-sarcastic-podcast__ospod-episode-80/ospod-episode-80_171.mp3
80_176,80,I keep forgetting that and you keep reminding me and I keep forgetting that.,1,/Users/minjoolee/Downloads/MUStARD/PodSarc/all_processed/overly-sarcastic-podcast__ospod-episode-80/ospod-episode-80_176.mp3
80_185,80,"I just like saying bloodborne. It's a funny, you can really put a lot of zest on the bloodborne of it all, you know, a lot of oud sounds. It's true. Yeah.",0,/Users/minjoolee/Downloads/MUStARD/PodSarc/all_processed/overly-sarcastic-podcast__ospod-episode-80/ospod-episode-80_185.mp3
80_208,80,"Milk based beverages don't make you feel less thirsty. They kind of, if anything, they, they sometimes like dry you out. It's like, if you're thirsty or drink a milkshake and you're going to be miserable. Oh, yeah.",0,/Users/minjoolee/Downloads/MUStARD/PodSarc/all_processed/overly-sarcastic-podcast__ospod-episode-80/ospod-episode-80_208.mp3
80_209,80,"Oh, yeah. It's like eating snow.",1,/Users/minjoolee/Downloads/MUStARD/PodSarc/all_processed/overly-sarcastic-podcast__ospod-episode-80/ospod-episode-80_209.mp3
80_216,80,"Yeah, they feel rich and, like, filling, uh, which also limits how much of them you can drink at a time. Uh, so.",0,/Users/minjoolee/Downloads/MUStARD/PodSarc/all_processed/overly-sarcastic-podcast__ospod-episode-80/ospod-episode-80_216.mp3
80_222,80,"Test thy metal, warrior. I like black coffee.",1,/Users/minjoolee/Downloads/MUStARD/PodSarc/all_processed/overly-sarcastic-podcast__ospod-episode-80/ospod-episode-80_222.mp3
80_224,80,"Uh, doing a couple lattes recently. It's been fun.",1,/Users/minjoolee/Downloads/MUStARD/PodSarc/all_processed/overly-sarcastic-podcast__ospod-episode-80/ospod-episode-80_224.mp3
80_226,80,"No, boy.",1,/Users/minjoolee/Downloads/MUStARD/PodSarc/all_processed/overly-sarcastic-podcast__ospod-episode-80/ospod-episode-80_226.mp3
80_231,80,"It's, it's got a good flavor! It does!",1,/Users/minjoolee/Downloads/MUStARD/PodSarc/all_processed/overly-sarcastic-podcast__ospod-episode-80/ospod-episode-80_231.mp3
80_232,80,"Flavor! It does. It hides, it hides a lot of alcohol taste.",0,/Users/minjoolee/Downloads/MUStARD/PodSarc/all_processed/overly-sarcastic-podcast__ospod-episode-80/ospod-episode-80_232.mp3
80_237,80,"Yeah, I'm, I'm four and a half years older than Magenta. I was a fully cognizant mini human by the time my parents explained to me that I was going to have a sibling. And I was like, neat. And then I was like, it's not doing anything.",1,/Users/minjoolee/Downloads/MUStARD/PodSarc/all_processed/overly-sarcastic-podcast__ospod-episode-80/ospod-episode-80_237.mp3
80_243,80,"It's just, you know, you, you live in the same space, you go through being a forming human together, and it just, it rewires your brain just a little bit. Like, there's no such thing as a, as a completely chill sibling relationship.",0,/Users/minjoolee/Downloads/MUStARD/PodSarc/all_processed/overly-sarcastic-podcast__ospod-episode-80/ospod-episode-80_243.mp3
80_244,80,"I used to be, me and my brothers used to beat each other up all the time. Like, that's, that's just life. You know, you never outgrow it really. You just can't beat each other up anymore.",1,/Users/minjoolee/Downloads/MUStARD/PodSarc/all_processed/overly-sarcastic-podcast__ospod-episode-80/ospod-episode-80_244.mp3
80_247,80,"This is actually feeding into another question that we have, so I'm going to go ahead and move us on to the next one. Oh, good, yeah. Sure. Uh, from Sivink Ukaya to Red, love the eclipse video, but something totally unrelated stood out to me. You look jacked. What's your workout routine?",0,/Users/minjoolee/Downloads/MUStARD/PodSarc/all_processed/overly-sarcastic-podcast__ospod-episode-80/ospod-episode-80_247.mp3
80_253,80,"Um, anytime we learn like a new stance that hits a muscle group that we haven't quite gotten up to speed yet, I spend the next 48 hours with the weirdest, most asymmetrical aches. Um.",1,/Users/minjoolee/Downloads/MUStARD/PodSarc/all_processed/overly-sarcastic-podcast__ospod-episode-80/ospod-episode-80_253.mp3
80_256,80,I'm sorry. I have no routine. This really is kind of a combo of genetics and just like the bare minimum physical activity. Some people pack on muscle easily and some people will never ever visibly gain an ounce. It's just how it do.,1,/Users/minjoolee/Downloads/MUStARD/PodSarc/all_processed/overly-sarcastic-podcast__ospod-episode-80/ospod-episode-80_256.mp3
80_266,80,"Just ruining the, uh, the wartime British economy by just stealing all their stuff. It's great. Um, but if you want to start with one and like have the possibility of playing through them, like roughly in order, skipping the ones that you don't care about, I'd say start with two and then just like work through them as you find them interesting. Like, ah, if you liked to another game like that, cool. Play brotherhood.",1,/Users/minjoolee/Downloads/MUStARD/PodSarc/all_processed/overly-sarcastic-podcast__ospod-episode-80/ospod-episode-80_266.mp3
80_267,80,"Okay, do you care about the American Revolution? No. Okay, skip to Assassin's Creed 4. Um, stuff like that, so, yeah.",1,/Users/minjoolee/Downloads/MUStARD/PodSarc/all_processed/overly-sarcastic-podcast__ospod-episode-80/ospod-episode-80_267.mp3
80_277,80,I have enough crops. I think I'll make it through this winter.,1,/Users/minjoolee/Downloads/MUStARD/PodSarc/all_processed/overly-sarcastic-podcast__ospod-episode-80/ospod-episode-80_277.mp3
80_279,80,"On, on principle, I think Undertale probably wins just in general. Definitely rewired a lot of people's brains. Oh yeah.",1,/Users/minjoolee/Downloads/MUStARD/PodSarc/all_processed/overly-sarcastic-podcast__ospod-episode-80/ospod-episode-80_279.mp3
80_280,80,"I think, uh, Journey is probably, like, the best game.",1,/Users/minjoolee/Downloads/MUStARD/PodSarc/all_processed/overly-sarcastic-podcast__ospod-episode-80/ospod-episode-80_280.mp3
80_284,80,"Like, scene-aners discovered Minecraft? I don't know. But I stayed up until 4 a.m. and I was like, oh shit, uh, I need to go back to sleep before I am found out when my parents wake up.",0,/Users/minjoolee/Downloads/MUStARD/PodSarc/all_processed/overly-sarcastic-podcast__ospod-episode-80/ospod-episode-80_284.mp3
80_288,80,"I'm just thinking, because we, we just did the Avatar Legends two shot, and I'm just imagining the balanced track. Like animal versus Miss Piggy. The two genders.",1,/Users/minjoolee/Downloads/MUStARD/PodSarc/all_processed/overly-sarcastic-podcast__ospod-episode-80/ospod-episode-80_288.mp3
80_291,80,Personify the concept of imposter syndrome by having it be the two peanut gallery guys just on my shoulder talking shit about every action.,0,/Users/minjoolee/Downloads/MUStARD/PodSarc/all_processed/overly-sarcastic-podcast__ospod-episode-80/ospod-episode-80_291.mp3
80_292,80,"Actually, that does, that does, that really does make sense.",1,/Users/minjoolee/Downloads/MUStARD/PodSarc/all_processed/overly-sarcastic-podcast__ospod-episode-80/ospod-episode-80_292.mp3
80_293,80,"Anyway, I think my other Muppet is Tim Curry as Long John Silver.",1,/Users/minjoolee/Downloads/MUStARD/PodSarc/all_processed/overly-sarcastic-podcast__ospod-episode-80/ospod-episode-80_293.mp3
80_294,80,"The most muppety man to ever walk this earth. It could be, like, if we're extending it to people who have appeared with the Muppets, it could be that, like, David Bowie as the Goblin King on one shoulder and then Tim Curry as Long John Silver.",1,/Users/minjoolee/Downloads/MUStARD/PodSarc/all_processed/overly-sarcastic-podcast__ospod-episode-80/ospod-episode-80_294.mp3
80_296,80,"You know what? Realistically, one of mine is probably a fraggle. That's fun. Possibly even red fraggle.",1,/Users/minjoolee/Downloads/MUStARD/PodSarc/all_processed/overly-sarcastic-podcast__ospod-episode-80/ospod-episode-80_296.mp3
80_297,80,Who makes rewatching Fraggle Rock very confusing for me? I was gonna say.,1,/Users/minjoolee/Downloads/MUStARD/PodSarc/all_processed/overly-sarcastic-podcast__ospod-episode-80/ospod-episode-80_297.mp3
80_298,80,"I was gonna say, is that completely different? Because I feel like that's completely different.",1,/Users/minjoolee/Downloads/MUStARD/PodSarc/all_processed/overly-sarcastic-podcast__ospod-episode-80/ospod-episode-80_298.mp3
80_299,80,"It's, uh, it's weird. Uh, I always get the little like, what the fuck? Every time somebody name drops her. Um.",0,/Users/minjoolee/Downloads/MUStARD/PodSarc/all_processed/overly-sarcastic-podcast__ospod-episode-80/ospod-episode-80_299.mp3
80_300,80,"But no, no, uh, she was definitely one of my first like, oh no, that's resonating a little too closely with me at times. Um, characters.",1,/Users/minjoolee/Downloads/MUStARD/PodSarc/all_processed/overly-sarcastic-podcast__ospod-episode-80/ospod-episode-80_300.mp3
80_301,80,"Mostly cause she's constantly learning lessons about being overly impulsive and I was just like, mm, I'm in this picture and I don't like it.",1,/Users/minjoolee/Downloads/MUStARD/PodSarc/all_processed/overly-sarcastic-podcast__ospod-episode-80/ospod-episode-80_301.mp3
80_306,80,"Just the very, like, one of those, I don't know why this concept resonates so well with me, but I would love the idea of just hanging out with a bunch of gals, doing a bunch of, you know, roughing it in the woods and shooting arrows and stuff and never having to worry about getting married because I'm in third grade. And for some reason, this is weighing on my mind. Um.",1,/Users/minjoolee/Downloads/MUStARD/PodSarc/all_processed/overly-sarcastic-podcast__ospod-episode-80/ospod-episode-80_306.mp3
80_312,80,"I liked Hades when I was younger because I was a little edgelord and I liked age of mythology as the cool little portrait. Um, it's like, ah, he's got a helmet that's on fire. That's cool as fuck, man. Um.",1,/Users/minjoolee/Downloads/MUStARD/PodSarc/all_processed/overly-sarcastic-podcast__ospod-episode-80/ospod-episode-80_312.mp3
80_313,80,"That was very shallow, but I, I do.",1,/Users/minjoolee/Downloads/MUStARD/PodSarc/all_processed/overly-sarcastic-podcast__ospod-episode-80/ospod-episode-80_313.mp3
80_314,80,"Yes! They just don't understand her, man.",0,/Users/minjoolee/Downloads/MUStARD/PodSarc/all_processed/overly-sarcastic-podcast__ospod-episode-80/ospod-episode-80_314.mp3
80_323,80,"Uh, don't think I've missed anything. This feels like it's shorter than normal. I'm not entirely sure why.",1,/Users/minjoolee/Downloads/MUStARD/PodSarc/all_processed/overly-sarcastic-podcast__ospod-episode-80/ospod-episode-80_323.mp3
80_325,80,"Yep, we got there early. We got there fucking early. We snagged Patreon.com slash OSP.",0,/Users/minjoolee/Downloads/MUStARD/PodSarc/all_processed/overly-sarcastic-podcast__ospod-episode-80/ospod-episode-80_325.mp3
80_327,80,"I think that's everything. I don't have any cue cards, unlike what I assume radio presenters get. I don't know. I don't know.",1,/Users/minjoolee/Downloads/MUStARD/PodSarc/all_processed/overly-sarcastic-podcast__ospod-episode-80/ospod-episode-80_327.mp3
80_330,80,This has been an overly sarcastic podcast. Signing off now.,1,/Users/minjoolee/Downloads/MUStARD/PodSarc/all_processed/overly-sarcastic-podcast__ospod-episode-80/ospod-episode-80_330.mp3
