nid,direct_ironic,friendly_hostile,quadrant,f0_mean,f0_std,f0_range,jitter_local,shimmer_local,hnr_mean,voiced_ratio,speaking_rate_proxy,energy_std,dissonance_mean,dissonance_std,inharmonicity_mean,inharmonicity_std,major_fit,minor_fit,wholetone_fit,majorness,tonal_clarity,melodic_path_length,direction_change_rate,contour_slope,final_initial_diff,mean_interval_size,interval_std,num_notes_per_sec,direction_entropy,npvi_voiced,rpvi_pause,rpvi_pause_filtered,stress_contrast,ioi_cv,ioi_npvi,pitch_stress_contrast,audio_arousal_wav2vec,audio_dominance_wav2vec,audio_valence_wav2vec,episode
51_1,1,0,Q1_praise,199.86821046462043,40.65159219677878,476.8486629565525,0.019115676029086,0.1346587268062589,10.89910204526731,0.6921995783555868,6.38101992011601,12.178559457482487,50.979479954148935,92.83879278180328,0.1013428880840685,0.0560293789748976,0.1037966607365329,0.2285749661697583,0.0075621948614187,-0.1247783054332253,0.1473583069832127,16.830642644649355,8.134047370697331,0.1536935805589895,-1.8665425474144524,2.0897470498568973,2.542016031548408,1.4024219604650572,0.9494520153879484,87.77942634400527,0.0995555555555555,0.0905882352941176,4.983878744520957,0.5374904411276195,43.74927164945075,2.3006234130259795,0.6744624376296997,0.663475751876831,0.3919291496276855,51
51_6,-1,0,Q4_humor,168.0247583304632,66.46210185792316,481.43046782345175,0.0196218564858204,0.1469328169402898,9.61165647827423,0.8896103896103896,6.663839494618624,7.730552021387461,265.6378964257354,305.3734199274033,0.1174457441197907,0.0660035885906502,0.4742524252107568,0.469468353375409,0.0211006155139319,0.0047840718353478,0.0469349129001974,31.566318226770072,7.953614880673841,-2.516185331413431,-8.351788887841533,4.049632983259399,3.837827902600787,1.2897753860552177,0.9709505944546686,68.68538668538669,0.024,,2.8795357710793783,0.3416794578308862,26.02233043571871,3.7084133592004735,0.6852847337722778,0.6487141251564026,0.6076239347457886,51
51_33,-1,0,Q4_humor,108.31693663096202,29.23114331504616,136.1664337592382,0.0244705071598206,0.158599373212995,7.086698722625546,0.7586912065439673,6.296924083166748,6.437928066762834,150.49114756500882,192.4081303880897,0.1614967778002261,0.0621405473580501,0.292737267665648,0.4100096394185457,0.053809550329578,-0.1172723717528976,0.111433539720496,21.968621448563976,10.35945574972594,-0.4947633292095497,1.7087292831582772,1.7869424446661717,2.3671380073922084,1.4218860832957174,0.9182958340544896,79.82569206401973,0.072,0.11,4.879995018258594,0.4968513901273085,44.73898530421523,2.1550250534099886,0.7154728174209595,0.7542123198509216,0.9897868633270264,51
51_45,1,0,Q1_praise,152.03914457131447,63.11014042426893,504.6179264926433,0.0254376216228767,0.1530625983409094,7.977060721337855,0.7778753292361721,6.479859894921191,8.913796259319554,193.473434821129,292.0399386536244,0.1450707275662166,0.0732364382455665,0.1991805286262865,0.4210230707416746,0.0745183516275822,-0.2218425421153881,0.025216130145154,31.97220552851021,9.457092819614711,-0.0036395755877794,0.4493423265382645,4.357224778610756,6.515387029461683,0.6129597197898424,0.9182958340544896,70.86373818068351,0.0889655172413793,0.1066666666666666,3.754300468671533,0.4986919543141605,44.46399944880838,4.462706197452929,0.6959084272384644,0.6521214246749878,0.6476422548294067,51
51_52,1,0,Q1_praise,166.0488086771921,45.12173184302517,506.08723845703776,0.0179181381736646,0.1328367285086359,9.347753469711064,0.6614100185528757,6.1026288311786345,10.809836155828382,59.96720406487131,88.66244866549286,0.1124227320292195,0.0555736278112749,0.2805171834567319,0.4300139342274741,0.0263438455952316,-0.1494967507707421,0.1690004946020032,16.150057929687225,6.934805489975721,0.0724925475872045,4.789252086555905,1.3654415396919182,1.6807127871535417,1.664353317594173,0.9975025463691152,84.74115404135418,0.074,0.1066666666666666,4.624461954047982,0.5466937555252166,45.889316653495605,2.0096332730585806,0.7019199132919312,0.6639456748962402,0.5983227491378784,51
51_58,-1,0,Q4_humor,113.6935733359702,25.47033274472464,94.22213723346634,0.0180591758201489,0.1620966562935817,8.235521313723483,0.8770226537216829,6.722073020251143,6.7888658043137005,144.30328761868813,141.61217263128614,0.1543189853824484,0.0612699682024705,0.2770794016478262,0.4231586268822038,0.0783023260051415,-0.1460792252343776,0.1417185313908314,21.235874185435275,9.28286274225158,-1.8913510330831516,-11.35714323245099,1.9648810481510697,2.913510303162877,2.560789722000435,0.5916727785823275,108.7492388259652,0.0366666666666666,,3.872857673546868,0.2867541446199412,36.37448738830615,1.7537012149579605,0.5446131825447083,0.5731564164161682,0.6795178055763245,51
51_68,1,0,Q1_praise,197.8851924663272,57.894959444329565,498.95286687764,0.0187526250704056,0.1243057314888353,10.486132029181292,0.7326994189117803,6.538348410608854,10.832589868355823,55.11484944914926,88.55345667895499,0.1020208293150575,0.0563071911188012,0.4385039927126342,0.3295773412800314,0.2929754434226058,0.1089266514326027,0.034524623002503,22.37020438521347,7.540192118686017,-0.1680886026403582,-6.09079364879692,2.796233204909837,3.76828116816174,1.107300940506338,0.9709505944546686,63.89073625873064,0.0677551020408163,0.0772727272727272,4.724655761675965,0.5932824202978725,44.26630742696157,2.425803663855893,0.6302515268325806,0.6438482999801636,0.3964300453662872,51
51_69,-1,-1,Q3_bite,222.44846729344115,70.54428142877062,381.6196796734348,0.0208677979234598,0.1083509254684341,10.008536771346062,0.7101449275362319,6.318216155669592,9.376741160110274,114.06064842310116,165.23037673681904,0.1082526210588426,0.0647696630255181,0.3498689827191691,0.3615263682760359,0.3039777361349156,-0.0116573855568667,0.0325664137997564,25.96258947034389,5.743832868790538,-1.765151341224749,-1.6053065795526464,6.45241561226165,0.0,0.5743832868790538,-0.0,77.12323188295727,0.0616666666666666,0.0733333333333333,4.032552450835789,0.4026009190252799,44.20351678747122,3.8460403011687223,0.6272698640823364,0.6246424317359924,0.6052542328834534,51
51_74,1,0,Q1_praise,193.070989637319,49.13511275942245,492.127115918143,0.0203821084250135,0.1332186212454436,10.551982105975878,0.752755905511811,7.225311027450198,9.908899160313451,27.15580775953381,41.71587021277877,0.1017680763222293,0.0561493713984707,0.1973840476808343,0.3379442517478728,0.0833658306018438,-0.1405602040670385,0.1036005261043981,22.527744081272036,8.874566805455135,-0.0581930178897824,-24.946809574545803,1.0457547927962687,1.3588048524697507,0.7068239048592585,0.954434002924965,82.78400682630516,0.0702439024390243,0.0666666666666666,3.6717955561669218,0.4610467621558973,42.473783124552575,2.315153028433364,0.6775861978530884,0.6988309621810913,0.3607706129550934,51
51_87,1,0,Q1_praise,212.55647029411827,53.21745430924239,453.3607792298396,0.0187263223333224,0.1124551139825741,12.051528454585032,0.724172517552658,6.298714548051418,9.43584789387228,42.5463415191752,67.07262006327787,0.0925366366531415,0.0573275037487534,0.1483930073608054,0.1976457125529173,0.1424346581112054,-0.0492527051921119,0.0405843407236793,17.86285506664268,8.59824525607019,-0.1999553296719662,-12.994791527255543,3.2436928472574262,4.354198000943166,0.8998163640073454,1.0,90.7191302475088,0.1182608695652174,0.2228571428571428,5.131111673003264,0.5328591366646226,46.727508934382286,1.581999415470542,0.6384196281433105,0.6284753680229187,0.5371715426445007,51
51_88,1,0,Q1_praise,215.81977940325635,58.82131667048269,491.15745943880734,0.0199692107263192,0.1215015486379895,11.423305713535475,0.7256795422031473,6.250890959514799,11.770650461311252,57.5577410155149,127.8248881159362,0.0986212528012251,0.0644575532209961,0.1356403336767413,0.2009950172115761,0.0128170952808781,-0.0653546835348348,0.0650636002332633,27.955454680142427,8.358334197294074,0.0859595999425536,-0.9205827275840548,2.2307573721528047,2.8846799831624006,1.1430200611684205,0.9629004147713268,86.932285451172,0.0760975609756097,0.094074074074074,4.4264078057446525,0.5072983414844175,43.55170259277181,2.781242066165976,0.7640380859375,0.7381559610366821,0.5389730334281921,51
51_93,1,0,Q1_praise,232.35114277181853,68.39151846686003,436.0387092251257,0.0213033101293139,0.1285599152237286,9.980950028029827,0.7701385325808107,6.55568640294337,9.489116308473657,97.753925193542,173.9136587253376,0.0992140109188208,0.0599404845129456,0.3304717739249851,0.3627575931357071,0.0,-0.0322858192107219,0.0464935464341438,23.81429003564478,9.628664404323072,0.1573425217312071,3.4826987910457703,3.086335811745704,5.1085214009307744,0.8194608003679212,0.9967916319816366,90.38367860170376,0.0584126984126984,0.0563636363636363,4.658221353279712,0.5115883517274782,41.79388890002093,2.716910371060606,0.8502660989761353,0.794089674949646,0.5643207430839539,51
51_96,1,0,Q1_praise,262.5164856973986,74.52789213015852,280.494081091529,0.0216586543500554,0.1206539059578442,11.568365932032451,0.7426160337552743,6.995913498147114,11.016531341993106,54.24718374428343,100.90735119234724,0.0886718771579146,0.0679975134108199,0.1335343752593404,0.3253024887228377,0.0695795410564068,-0.1917681134634972,0.0197040928301516,25.711399219418983,8.395096197776537,-0.8421341687743747,-1.5951784333318724,10.489460872497547,0.0,0.2798365399258846,-0.0,81.60068315374768,0.0870588235294117,0.124,4.796295665597846,0.618167488201656,43.81226068168014,2.928082261806351,0.6842178106307983,0.6813343167304993,0.2977433800697326,51
51_102,1,-1,Q2_criticism,130.3130399340735,29.92055814775041,166.4322851344927,0.0291077593100105,0.1608893744612082,7.257475104434015,0.7046332046332047,6.139709721207059,12.81491898024543,245.06978370027383,319.34132325402925,0.1501745928364944,0.0654992935533416,0.4247603374262541,0.4211110393488705,0.2249606353329238,0.0036492980773835,0.1438338353629773,23.661696856993075,8.442100866659706,0.5424089582539449,-5.139982249769886,2.683764660716033,3.163244207863372,0.959329643938603,1.0,77.75713509500254,0.0688888888888889,0.132,3.569998054790728,0.5379082367474767,38.413281113605656,2.3632943509751447,0.6063758134841919,0.5880992412567139,0.4470424056053161,51
51_122,-1,0,Q4_humor,230.8036980456406,73.82575041597028,498.5082211622846,0.0181433148520602,0.0829998785489596,13.543396750771349,0.5640648011782032,5.06719288604686,18.33546322434417,49.08611220534484,114.9994612918766,0.0828305647672991,0.0574801569357597,0.4895386332894452,0.3996273524007112,0.0810160591754367,0.0899112808887339,0.0254339552281334,18.104352023445152,4.70000499575361,-0.2560903854158151,11.889095922573558,5.076681723731016,5.448842027190018,0.514063046410551,1.0,90.92667730241156,0.1586046511627907,0.33125,5.620088212582654,1.1748392169352675,48.619082100062606,3.5518597954391846,0.6223252415657043,0.6482781171798706,0.6316606998443604,51
51_123,1,0,Q1_praise,164.06162567271843,38.78112418460562,149.2194117723998,0.0179363205998087,0.0947848054908336,8.558210369275223,0.7298850574712644,6.260647359454856,10.326637992233636,51.23754976387449,91.5574745695294,0.0994293937473424,0.0596615495714052,0.6245561783856618,0.5768050941696613,0.3334962130563853,0.0477510842160004,0.3643784715105798,30.608044631181315,7.114371999380518,0.9910776317568292,7.310957885932638,6.822562099194983,9.242407837498895,1.992024159826545,0.9182958340544896,74.28720402404613,0.0499999999999999,0.02,3.213047167633679,0.2972823099909612,48.26818384651253,3.4097545462194008,0.5181531310081482,0.5590580105781555,0.3546134531497955,51
51_124,1,0,Q1_praise,263.9724291289722,72.94069902094665,289.04017434600246,0.0289833778366348,0.1331907302825656,10.15584338607258,0.689873417721519,6.579003452538255,9.335834744768116,33.395164477226274,82.57830114270104,0.0941095371454014,0.0616906306372825,0.5054024612594639,0.3722413366601801,0.4262413420606707,0.1331611245992837,0.0414420318910216,26.893467542323464,5.325859937769064,-1.4169634025983282,5.407923360792944,,,,,90.54571602238944,0.0763636363636363,0.075,5.3243533472795805,0.433921263956582,34.1733646415016,4.571131646137692,0.6353890895843506,0.6121482849121094,0.5817294120788574,51
51_136,1,0,Q1_praise,149.416596296792,41.38501171893991,176.34100227162946,0.0281830082971237,0.159619288523081,6.640337608750274,0.7308781869688386,7.012555814219746,6.664008288000328,304.1541428891731,377.60208766430856,0.1486192220562658,0.0716533162749543,0.4415448069598379,0.5020686438456595,0.4449005111690106,-0.0605238368858215,0.0441771674912867,32.6275823825887,11.781093767889171,-2.7446991054974608,-1.5980367248110277,8.192798502850806,8.192798502850806,0.8415066977063694,1.0,77.07889045820082,0.078,0.0349999999999999,5.696258805933316,0.3178944177886906,29.96692999617411,2.100997134782492,0.6847568154335022,0.6699643135070801,0.6910925507545471,51
51_164,1,0,Q1_praise,203.0414143698344,70.36605356502906,496.4795664405236,0.0205266501710246,0.1227672119280242,9.098711327929369,0.6277056277056277,6.040977671669831,10.9651320814592,42.030196640580805,80.7710489770358,0.1109747745892524,0.0628932438494721,0.2082254487134751,0.3802349913560867,0.1056295466039692,-0.1720095426426116,0.1293037080802399,18.94684232547941,6.472476076789104,-0.0254118446534688,13.526259143793933,5.47548897369642,8.446338215509224,0.6472476076789104,0.7219280948873623,84.79129289848916,0.0751351351351351,0.1116666666666666,4.990893069023164,0.5939077395195526,44.604697667228216,3.2747510726748583,0.7321591377258301,0.6966615319252014,0.7237093448638916,51
51_170,-1,0,Q4_humor,120.80868776011825,40.30516686360058,378.5037248824188,0.0241869181330761,0.146716560320666,8.078290352977792,0.788659793814433,6.544321329639889,10.551823928369348,169.03020126498689,238.24772815305585,0.151748107964682,0.0637028838328918,0.1582656384494013,0.2716534970716788,0.0707303281615847,-0.1133878586222775,0.1492972510799461,20.547275746993765,10.65056216392374,0.3017346566231252,11.84914567417411,0.8803036697086526,1.038504795609429,1.0265602085709629,0.9852281360342516,75.37286468939128,0.0572727272727272,0.0766666666666666,3.3628131947634383,0.4754314058775489,40.21141899229555,2.148725492791639,0.6747663021087646,0.6932926177978516,0.6659468412399292,51
51_173,-1,0,Q4_humor,157.3924539842028,30.395642077055943,189.4527648132735,0.0236357683152968,0.1671424258862853,6.488879517154911,0.8010610079575596,6.836638563268421,6.567154890407983,337.93495748885067,356.5592529922196,0.1361678808199545,0.0689728052043905,0.2780814096473777,0.6183371994111828,0.0888566620160687,-0.340255789763805,0.0948305332366856,29.22977065452157,8.414324385561134,0.4044333973037823,-11.205457391075168,2.1153335413857643,2.1241554412179107,1.314738185243927,1.0,40.98505832521177,0.0307692307692307,0.0,4.002886003332245,0.3315644551417678,42.55198269078949,2.256356985982328,0.8376789093017578,0.7611634731292725,0.4748159348964691,51
51_177,1,-1,Q2_criticism,186.8724253369548,50.59264617635002,275.9737878547322,0.0239305277424142,0.1429986157579108,8.082848551097435,0.6213740458015267,6.679794001817631,13.015304751154424,67.06683151554013,116.008521167779,0.1207920707225395,0.0677275988301386,0.5149330716103386,0.7028329345828839,0.0093712028696816,-0.1878998629725452,0.0557823884285355,29.329859275005784,7.590675002065489,-1.2821083674890934,16.782000020459293,2.907798404539763,1.9815064844755077,0.6072540001652391,-0.0,111.06422312546027,0.0783333333333333,0.0975,5.047315571269875,0.5487674082342078,41.076807900306726,4.4479265468713205,0.6352123022079468,0.6575958132743835,0.4767130315303802,51
51_185,1,0,Q1_praise,133.72270948388012,50.79075546505988,267.363789204754,0.0258754444775635,0.139235837539234,8.869787875584171,0.7562326869806094,5.797884772700713,11.241136222865494,153.78034109123084,225.45216723837368,0.1454261228037965,0.0698415631794141,0.2797370088527545,0.5294006051266017,0.0627733267468316,-0.2496635962738471,0.0146676478558954,22.54914663339496,7.914572864321608,0.7023806347094932,16.416912882512406,2.636501749428038,4.405295002151025,1.656538506485918,0.9774178175281716,85.96102964061424,0.1046153846153846,0.205,3.5701694932635246,0.5832683946537992,49.670173878978616,2.2827182565115343,0.6975613236427307,0.6720200181007385,0.4404258131980896,51
51_216,1,0,Q1_praise,191.20902511938644,37.469809763375046,230.99379997931737,0.0197451983489476,0.1183254105382383,10.698509355261754,0.7535211267605634,6.519191172588565,10.082457387150177,114.81701925581244,154.40168000364997,0.1009771331267192,0.0607658417977706,0.1847374989528533,0.2993495215111817,0.0400427350549233,-0.1146120225583283,0.1755684103692328,17.79989758390797,7.217675941080197,-0.0989638851105012,2.8567062171505477,0.6258460509919579,0.2960627860697328,1.1641412808193865,-0.0,62.43050406353826,0.0533333333333333,0.09,4.089545509704611,0.470878105751574,37.457641053730185,2.877560571613133,0.7133938074111938,0.7123987674713135,0.4539569318294525,51
51_241,-1,0,Q4_humor,109.4600554719378,16.924672443087534,119.08667367705478,0.0168975137028257,0.1305699228992029,10.710172731872342,0.7928176795580111,5.477988671370366,10.32287403415466,208.3620717347621,288.1938758480566,0.1546392378787137,0.0599906142319272,0.3378520010979787,0.3613850144799505,0.0986306884594028,-0.0235330133819717,0.2305462580433496,19.49667692072274,8.764781874192586,-1.0657161708062988,-5.071770608254257,0.9104180960379482,0.6405434459207177,1.3694971678425916,-0.0,63.85943130683663,0.0685714285714285,0.0399999999999999,4.933320577145006,0.5166269228767311,48.12497291733428,0.7343638682728764,0.2990739345550537,0.3826816380023956,0.4448429346084595,51
51_242,1,0,Q1_praise,133.07799100907468,41.19931874024119,212.3554065609036,0.0222056474405901,0.1618513816682406,9.152713338566215,0.8389140271493213,6.314252169181867,7.393341227277934,124.86357223139962,157.5548829354681,0.1494514278636463,0.0603084422278614,0.312131438297281,0.378212300139648,0.0221902474700819,-0.066080861842367,0.1616617855220765,21.601174058669844,9.741989061023451,0.0591776748397414,3.241723111164479,1.1811689380077517,1.4892797246175762,1.3530540362532573,0.9402859586706313,80.09049499579521,0.0446153846153846,0.032,2.6771133101568614,0.4526810776662621,42.1366080355382,2.210475764859364,0.6090559959411621,0.6386291980743408,0.7867685556411743,51
51_243,1,0,Q1_praise,114.30258192163056,17.23246084833251,121.262795892886,0.0234045792998193,0.1475346366140757,9.692346325381893,0.733005733005733,6.208138225357122,11.087214450137438,125.66022561863124,166.4605056689812,0.1476479719505463,0.0629738235416363,0.1598149825667926,0.3466748055639297,0.0932821717275203,-0.186859822997137,0.1275635010057015,18.143930429383303,9.475579396597713,-0.2039270447539209,3.3194751001645777,2.3571424482066563,2.765197819126765,1.4703485270582657,0.9366673818775626,76.86191476003836,0.1236363636363636,0.0914285714285714,4.499960922416044,0.5928632747894793,53.94212372891158,1.7929358580657286,0.5017580389976501,0.5645803213119507,0.5081465244293213,51
51_246,1,-1,Q2_criticism,297.3962777896864,52.31002240127979,335.69003158645296,0.0200606035202011,0.1193901349240238,12.061772994021746,0.8082191780821918,6.818756852492198,9.474517157963785,82.48266034948395,162.87908243836307,0.0867740651193245,0.062319328282163,0.1756386780439421,0.3390465995357042,0.1666253951739043,-0.1634079214917621,0.0735146428435993,30.2821153135878,10.166146580079278,-0.8596710961374205,-0.0312945314998343,2.3069097216450896,2.5821170872064383,1.4877287678164797,0.94566030460064,77.61404375148953,0.0618181818181818,0.28,5.0909862791593055,0.5572153390253933,44.854457103886105,3.033325365579477,0.8431879281997681,0.7690643072128296,0.5647078156471252,51
51_249,1,0,Q1_praise,166.2908711459774,49.61006327996646,278.1353587286588,0.0309532489527785,0.1244111487797795,7.306629433050033,0.485781990521327,5.869919391764543,14.50746262561814,171.67229469403472,286.3720130008876,0.1330574170167836,0.0826969567986813,0.327634800724254,0.3092926510532542,0.141037232333023,0.0183421496709998,0.1215950349750889,16.29264364915037,4.6959355134116345,-1.3977276940808203,-9.924911392389207,0.7161822759202376,0.3550215258752481,0.9391871026823267,-0.0,98.19241731780431,0.1094117647058823,0.1625,3.3467615342426957,0.7074941980227579,47.28546251542649,5.028853680966825,0.4101657271385193,0.4768704771995544,0.564254641532898,51
51_260,-1,1,Q4_humor,210.19769181189852,39.1360656676171,484.2249413114803,0.0180452973013022,0.123376437633892,10.74636087659035,0.734412955465587,6.623586429725363,9.86322730912704,68.07839197213362,98.01733202877844,0.0988020647833927,0.0595661392706026,0.12829856472758,0.2533220643470411,0.2136325296729156,-0.1250234996194611,0.0493200859797496,19.622217497383573,7.350565428109854,0.1437599039856444,5.461603512153017,2.447533387475676,2.941125753993713,0.888529886914378,0.8812908992306927,80.96447882577122,0.0692307692307692,0.085,4.4015246600795335,0.4079404744034002,43.49352192606711,2.0532986496417216,0.7479760050773621,0.7604726552963257,0.6475246548652649,51
51_271,-1,0,Q4_humor,180.34179835491852,31.533863255965127,179.91693132591422,0.0189150997916505,0.1299313704843128,7.994820022711764,0.5961800818553888,6.105890823164541,15.469760172351748,63.07232626404103,139.1897124590299,0.1136205600296167,0.0644851788172788,0.2350488139415099,0.4569992083326878,0.0119284529966617,-0.2219503943911779,0.1253176653083203,14.66283367889871,4.6133397330576535,0.0965150226261656,5.061335550021928,1.767200073592021,2.6048767948167137,1.0854917018959185,0.863120568566631,75.15706553321573,0.0823076923076923,0.1088888888888888,6.381082625367548,0.5894843196217823,47.25901006477525,2.359316892626306,0.6913427114486694,0.6737349629402161,0.5367448329925537,51
51_311,1,0,Q1_praise,203.62935586683483,70.77187238487376,387.59506924807226,0.02241973507101,0.1467121468044309,7.211787995087469,0.8280632411067194,6.870810074517241,6.502926038184855,99.0126619899504,133.92453867055917,0.1289439729742693,0.0690756744228595,0.3789031302772516,0.2166343081838693,0.1673861132438716,0.1622688220933822,0.0979289992406062,40.55435279517989,9.619134104324138,0.635974405596128,-18.06491014110823,3.4355512786237115,4.494790360564112,1.374162014903448,0.9182958340544896,96.75283203959538,0.0446153846153846,0.02,4.154154641057477,0.3465898211331116,33.010090744974555,5.082144597343351,0.8476549386978149,0.7569180727005005,0.6112163066864014,51
51_317,-1,0,Q4_humor,199.1006557357292,64.93543282348007,277.61336037091246,0.013891229707384,0.1017746683637032,11.771848780940626,0.8857142857142857,6.1081540988147776,7.49453727678979,180.70975972139755,218.4007933567837,0.0987060407587453,0.0608143153941477,0.5339893700221797,0.4991145423673632,0.1969434945229078,0.0348748276548164,0.0379404779531165,26.58989789161682,6.54445082015869,1.7658986266539063,4.486035571176192,3.038070096186554,4.105110369090949,1.963335246047607,0.8112781244591328,88.08548294939867,0.0657142857142857,,2.064245058397729,0.7013625045825848,41.79868343364208,2.489700230101556,0.7839914560317993,0.7633981704711914,0.8099610209465027,51
52_3,1,0,Q1_praise,239.05920277215867,63.47725835699575,295.93762977835723,0.0263495377724824,0.1300828996903559,8.120671559324697,0.8072562358276644,7.194200593399198,7.538859937049761,271.3134458007117,351.2231491580328,0.111451607518625,0.0696762852779422,0.4364856916617409,0.3972565385125382,0.0646545718055932,0.0392291531492027,0.0556364623957422,42.910628755865865,8.992750741748997,-0.7227753052534333,-7.072894911711041,8.92000189672576,0.0,0.4496375370874498,-0.0,63.72659117628159,0.028,0.04,3.3769892610278167,0.3514032227594197,26.93733346144399,4.025969995307269,0.8480134010314941,0.7966399192810059,0.6231657266616821,52
52_15,1,0,Q1_praise,186.6295196708794,56.83351868735907,213.73881301157095,0.0233339969302123,0.1281503720757779,11.07338677815162,0.7305555555555555,6.606081789584062,9.05740112432782,61.54186598862227,89.4411743973975,0.1073309466660472,0.0603984291309052,0.5022003111895469,0.6196969116192322,0.1487044791289829,-0.1174966004296853,0.0200290021696876,22.8268032034814,5.780321565886054,-4.050855065341835,2.080793764952169,12.716620971074894,12.716620971074894,0.8257602236980077,1.0,65.71366170928279,0.0542857142857142,0.0399999999999999,5.442160486322408,0.528526186380183,45.41362714004633,2.7988901514964466,0.6730639934539795,0.6550027132034302,0.4927556216716766,52
52_65,1,-1,Q2_criticism,213.8535816482193,62.8823706621636,267.16167471258024,0.019680959046686,0.1277587596854181,8.547825251150089,0.7057471264367816,6.164383561643835,10.185101106484357,200.1962189626171,307.634315452054,0.1184420189695202,0.0682825427003786,0.3150235498059071,0.5173360707218618,0.4187040231882054,-0.2023125209159547,0.0378865407120143,35.52958044988943,7.305936073059361,-1.3197844890673278,9.939758584439367,4.313432911992757,1.643160703065079,0.684931506849315,-0.0,63.02120414279222,0.1169230769230769,0.092,3.65703902505205,0.5050153451187704,38.07348298362146,5.149395533538493,0.8464198112487793,0.7947745323181152,0.4907678663730621,52
52_74,1,0,Q1_praise,112.70860593537832,27.196677449680035,123.11724323591775,0.0202655579550364,0.1253122586877655,8.160582327723388,0.6685393258426966,6.142994630736501,9.319808395487716,172.18379823476414,178.93096708213992,0.1428535247030201,0.0561179868520536,0.2506351629137155,0.3859316834675694,0.090453403373329,-0.1352965205538538,0.1124764684248541,13.353641564374405,6.329145983183062,-1.8478528231094784,-9.947834946641455,1.2171254313335318,0.7661979348747288,0.9307567622328032,-0.0,72.19354275427324,0.0578947368421052,0.0466666666666666,4.203324088990664,0.4274370989688032,45.85313652051381,0.9902090232266858,0.5310985445976257,0.5608553290367126,0.2809387445449829,52
52_103,-1,0,Q4_humor,186.542470615432,78.54000266294211,486.7042504305193,0.0298016567500883,0.1514430468412194,6.694571318232295,0.6586666666666666,6.603219855777294,10.072008240943862,257.6919295640064,272.34052104545435,0.1433396681283432,0.0851169190068654,0.5076875945837657,0.5266067417522322,0.1259881576697424,-0.0189191471684665,0.0120096069890008,35.25311563029776,7.131477444239477,-2.7981333439081304,0.32486475140258,1.849115464052769,0.1629224159458573,0.7923863826932752,-0.0,67.52179221744439,0.0981818181818182,0.0933333333333333,3.5501217268711023,0.4038095200769495,39.739080369004256,2.5686940559662936,0.7307066917419434,0.7200000286102295,0.4971760213375091,52
52_130,1,0,Q1_praise,174.5155856207664,84.00023904897293,482.6067792542941,0.028621512549214,0.1486325922304452,6.667266957745311,0.7944915254237288,7.15185163986034,7.679482147205374,327.4636347374153,391.07234499816497,0.1363647294827546,0.0671599336166934,0.5031519563353071,0.3142767503527694,0.3133041799951829,0.1888752059825376,0.0356919253566251,32.07231875492475,9.676034571575752,-0.1810126967381585,4.808821702376719,11.858098115499308,11.858098115499308,0.6310457329288536,1.0,77.30634485262358,0.0444444444444444,0.0133333333333333,3.635048556484414,0.3448173065413544,40.07174286124975,3.761471445165603,0.8135887980461121,0.7760701775550842,0.8108288049697876,52
52_172,1,0,Q1_praise,238.0244236814917,64.80196296847741,314.2125466149463,0.0212334408304059,0.1212869550529494,10.653584882393266,0.6071428571428571,6.2552008472653,11.36817767346539,33.587032720302865,53.044571404229416,0.098347594856327,0.0646472837648014,0.5956673036113491,0.5092375394326474,0.0990730497129606,0.0864297641787017,0.0225200575687319,20.576187320604813,8.131761101444889,1.0285094988050782,9.416816562453231,,,,,74.27802806319428,0.0973333333333333,0.0542857142857143,4.627323571547692,0.4055684624069102,37.63193029396663,5.069615553327277,0.761056661605835,0.7622307538986206,0.2180925458669662,52
52_173,1,0,Q1_praise,224.8466978649351,65.75792386862354,379.2695485212457,0.0173539668588005,0.1044592813756846,12.486180726570824,0.6481994459833795,5.529433891292083,12.986277636297466,35.05987202452338,56.22520536497672,0.0891790150256852,0.0542617578377644,0.4435377523371978,0.4488436318806285,0.1491398519717987,-0.0053058795434307,0.0180650045740271,20.033539314137755,5.252962196727478,-0.3301864523403884,-14.45408083064024,3.388692079733909,4.5772619068732014,0.8294150836938123,0.863120568566631,67.7616237551332,0.1289361702127659,0.0939130434782608,5.1786259724033865,0.6003133582393652,52.50575737369243,3.396275746254702,0.7679011821746826,0.7781339883804321,0.6579195261001587,52
52_199,1,0,Q1_praise,237.7040175700693,46.56652780092665,438.9615613085165,0.017906903803083,0.0948202993822054,15.328117993013368,0.725531914893617,5.910905592095815,13.203734984519484,31.26693747765522,64.52736919249908,0.0825450371690655,0.1288653823632877,0.2995023035676948,0.3782690815080793,0.1484332610935752,-0.0787667779403845,0.2452893275826294,33.246168112992024,10.555188557313954,1.3734329216500962,6.390291626421542,1.0835052460344334,1.2868947646415052,1.4777263980239537,0.9182958340544896,77.19812632856112,0.098,0.1666666666666667,5.252587623437433,0.5273981042159503,48.82397718449368,3.158359555831962,0.6100797653198242,0.6008849740028381,0.4937576949596405,52
52_264,-1,0,Q4_humor,116.39869755348268,37.98175777492453,137.16878131436283,0.0205334936261294,0.1357362298788058,8.877835575523848,0.8035714285714286,6.864468055192914,10.68701526634104,180.4599711064453,255.50810160081528,0.1482983278166737,0.0718454076167663,0.4367188502697098,0.4800302276753014,0.2224788758521621,-0.0433113774055916,0.3194838986654544,23.20716877909162,9.078812589126112,1.955466945941636,8.85416212885979,4.399028087270584,6.451837141632569,1.550041173753239,1.0,87.75135049914762,0.0369230769230769,0.0799999999999999,3.493603466534162,0.361028820106987,32.770702701795685,2.5249432507649354,0.6104651689529419,0.6167497634887695,0.6842716932296753,52
52_265,1,0,Q1_praise,153.5195506895072,41.34702464149893,218.89008331057795,0.0193254671273896,0.130352276974674,7.526676274871151,0.7676609105180534,5.9375,8.069301515014,112.08004248256069,238.95293760105008,0.1308257049958067,0.0678908286173923,0.3802608993682713,0.4778605999613416,0.2783899935935503,-0.0975997005930703,0.1209431366747676,25.21954162626709,9.0625,0.7953025364328733,-1.2096099297109646,2.11622308095236,3.3950584211956047,2.03125,0.9798687566511528,88.8659326958409,0.0588235294117647,0.0428571428571428,3.3136703361383977,0.4084384386427411,37.492765251787326,3.284947681481705,0.7168813943862915,0.6745966672897339,0.7728553414344788,52
52_282,-1,0,Q4_humor,180.1640441609621,58.78696807886463,516.6130053085084,0.0157198101986966,0.1059633081918241,12.164369074341549,0.7988338192419825,6.06229216307507,9.1850830299763,135.9823882772277,120.84916358530172,0.0971148526893707,0.0563762032413427,0.2969791923053855,0.4305479894039671,0.067006699143498,-0.1335687970985816,0.2768952762567414,21.271679639879245,6.06229216307507,0.9439675233385656,-16.65052659548056,1.0426975301366053,1.0634071935653575,1.4434028959702547,0.8112781244591328,98.42639908763908,0.0533333333333333,0.0399999999999999,2.2401103731664955,0.4576556554830451,50.50011126568609,2.5229933398743456,0.5400169491767883,0.5485206842422485,0.400452584028244,52
52_291,-1,0,Q4_humor,187.74166136636887,45.26676660793134,456.7478142584352,0.0225782326932958,0.1440091749121197,9.594823649140524,0.6267123287671232,6.469171260480845,12.499629134247137,38.70240753892611,68.45264234836452,0.105872870704913,0.0515739303210302,0.5237091068682121,0.5551625108153937,0.0575941763713131,-0.0314534039471815,0.1149659046320925,22.014260160295134,6.469171260480845,-0.802832541274383,-21.229746813473675,1.8513756962646208,2.0616450790081884,1.0214480937601331,0.9709505944546686,65.38284897756947,0.0489655172413793,0.0333333333333333,5.642583541716376,0.3672878575124776,30.863299276554336,2.590054394416016,0.7226724624633789,0.7103216648101807,0.7434867024421692,52
52_302,-1,0,Q4_humor,179.58209366314094,61.963959309448434,501.5986632242295,0.0230133485921357,0.1154499453349743,10.73176734563646,0.6238244514106583,6.232466770776656,9.428881975504243,48.00450916447653,96.28739327822372,0.1154671956167198,0.0694138891020388,0.4089044556185712,0.4991292695624869,0.138037459246603,-0.0902248139439156,0.158014525702218,20.602725038437555,6.855713447854321,-0.5077469592782928,27.21945756501084,2.1697735666586326,3.2299998074602323,1.0906816848859149,0.6500224216483541,70.82635341375703,0.0455555555555555,0.0472727272727272,3.3508325502560514,0.4011980552760588,37.46161509605528,4.137986265738187,0.5646964907646179,0.599636971950531,0.6225230097770691,52
52_314,1,0,Q1_praise,227.46274588579843,63.34076254254157,424.52298511854985,0.0175732074307583,0.1215294844616732,11.735185992587477,0.7304029304029304,5.919306141522473,11.272369313018586,51.31425640897125,97.65336241766644,0.0904178536555205,0.0533838682586124,0.1012239147543993,0.3013735674229257,0.1594837723025284,-0.2001496526685263,0.0484105618984981,20.115662876320936,6.869318238310029,-0.0219539465966083,-5.8241045954189605,5.347740467554873,6.661969997390266,1.096167803985643,1.0,69.68312071546111,0.0717073170731707,0.0973333333333333,4.903320206429809,0.4819336859597197,40.48190532574289,3.024011763093779,0.7944671511650085,0.7999968528747559,0.244666188955307,52
52_321,-1,0,Q4_humor,209.94507936794253,47.615984922825525,253.71508953479213,0.0153417058537242,0.117052557200849,12.198377518796663,0.6906354515050167,5.490827868790607,15.580234020504538,60.51082628659884,88.53527570897279,0.09114174983676,0.0496825333813231,0.5390215296629608,0.3041066474516836,0.1257439943440045,0.2349148822112771,0.0145276305341713,15.622025603261395,5.1580504221972365,-0.5623807289843129,-7.171856611187994,6.472999832039795,8.309080212149375,1.3311097863734804,0.9852281360342516,85.3951613759165,0.11875,0.2266666666666666,5.273972156860332,0.6667574152408695,45.15837113645191,3.1483675610089903,0.6963444948196411,0.7031559944152832,0.3964146077632904,52
52_343,1,0,Q1_praise,153.582975683053,52.73881194132721,339.7792968090144,0.0215353390581539,0.1226538098796321,8.831968034813421,0.7326007326007326,5.459497379606322,7.7325337636501565,114.9222579577352,182.72368354014773,0.1248018374620649,0.0645054959288797,0.453778339438071,0.3708822298653027,0.0317304905340825,0.0828961095727682,0.0387762243810284,29.870230654802462,8.007262823422606,1.3653900731994886,23.01640405365629,1.142372276661236,0.9216786630238456,1.273882721908142,0.6500224216483541,73.54473712561949,0.0466666666666666,0.04,4.592273503736161,0.5565197270134131,57.8127851056404,4.962625164011239,0.7133338451385498,0.666867733001709,0.6541640758514404,52
53_23,-1,0,Q4_humor,145.87749167360832,95.01178328837013,518.9027174193649,0.0304163061162361,0.1364823118759256,8.008986709413934,0.7735849056603774,6.207567057960862,8.49681738073887,181.42805148198173,203.2475397662965,0.144881506125541,0.0721135965912962,0.3320340635090265,0.2859815821241632,0.0477709428935455,0.0460524813848632,0.0339176038802856,28.728114689703386,8.661721476224457,0.6883960350763081,19.124395710421872,3.877443784694144,4.026652991093098,0.5774480984149639,0.9182958340544896,70.37262220728392,0.0463636363636363,0.06,3.4181495100219785,0.3689876336849416,37.057042624850176,2.893528046801852,0.7084270715713501,0.715680718421936,0.5969860553741455,53
71_34,-1,0,Q4_humor,197.78183059511665,94.49452539973625,511.998382515788,0.0299951884412334,0.1600659870664142,6.962191430441201,0.7794432548179872,7.016740275018804,8.789613627855648,206.18676105146096,241.1915504800258,0.1369403504905464,0.0742564904390948,0.3492742153389901,0.3760159301553719,0.1592234677302825,-0.0267417148163817,0.0237697447680623,41.496451512124914,6.37885479547164,0.7293848371181603,-9.27525382854689,7.7056499096842,7.871086353452509,0.850513972729552,0.9182958340544896,112.50061136990055,0.052,,2.1047860871408064,0.507563767153256,38.36206149914353,6.6288842033010855,0.8545213937759399,0.7855986952781677,0.8121205568313599,71
61_178,1,0,Q1_praise,274.7558842682924,83.04010673263704,511.2345868917205,0.0218280613030067,0.1089248631919278,11.83719422011514,0.6936308693630869,5.848215413372402,12.958512455112452,95.70752022058576,181.3326649560096,0.0892781319141914,0.0622602954859564,0.4209164573433194,0.4667187163695137,0.0246562831882463,-0.0458022590261942,0.0141589369320263,29.69966046939955,7.240647654651545,0.036319588724099,11.041506214024285,5.206626084772416,6.644115310087006,0.6498017125969335,0.9957274520849256,87.64082559097656,0.1218518518518518,0.1647619047619047,4.454251663942344,0.7435196940643921,49.61492562812535,3.421265725928618,0.8175574541091919,0.7760677337646484,0.5128263235092163,61
76_234,1,0,Q1_praise,248.1850846556005,56.763726405152944,405.6942017349856,0.0240758527110282,0.1242537172140117,11.444021794563282,0.7588075880758808,6.584580141742429,9.503062906863176,76.2571929387077,123.29642417295976,0.0901115569868341,0.0586278904649402,0.2337088758609348,0.3729740585501535,0.1130423099932178,-0.1392651826892187,0.0261533959572403,27.44039856373336,9.967069940582718,0.0359112545927993,-11.95399902812428,1.8727724615875057,2.062220527585433,0.496098503829909,0.9709505944546686,75.08346858528864,0.0856603773584905,0.1457142857142856,4.238696743698733,0.4900977347737612,40.29949738672888,2.7205524725450223,0.8405120968818665,0.798582136631012,0.5495830774307251,76
53_144,1,0,Q1_praise,132.05844191707084,37.39073056053553,299.7030289673413,0.0263065243695294,0.1340425843370966,9.26916964618452,0.6979388770433547,6.496047780800747,10.635650217250996,120.1851555842684,167.34360179333967,0.1272185964954993,0.0638877170939893,0.3278073523094773,0.3470789996410432,0.1389582255008187,-0.0192716473315658,0.038572609602409,26.670200258150423,7.525476117648952,0.1346826399190125,0.1016047339240451,1.9643430755595328,3.048724218119565,0.7454481059935283,0.934068055375491,80.50199717255505,0.08,0.0929411764705882,4.176382465473036,0.5315381182687547,41.50450779168328,3.121359745016979,0.7062704563140869,0.6938349008560181,0.5855290293693542,53
79_137,1,0,Q1_praise,215.33951858461324,46.26126737751626,366.6083325261157,0.0183146848256179,0.0978414238461402,13.793369949760477,0.7798372513562387,6.228558562246694,10.438539921831834,77.48070668170442,149.0730165394938,0.0883577531729813,0.0568904090855458,0.128488092500613,0.3627109547120863,0.0532707604977695,-0.2342228622114733,0.0547128163256758,23.549425254193228,8.84635853768371,-0.0712519515846936,-2.405667675607603,2.2000514961720867,3.1582864271572464,1.1734965407131452,0.9709505944546686,78.91687157110434,0.0837735849056603,0.09,4.260222917951224,0.584998909442097,43.7342929762345,1.9928534199157864,0.7435702085494995,0.7191433906555176,0.7418115735054016,79
75_266,1,0,Q1_praise,214.90679666349476,63.538433276512585,332.33150363072644,0.0261842840947657,0.1239441453767376,9.388789383501912,0.641399416909621,6.641566265060241,8.127663774836854,73.29707862650976,147.0283680136691,0.097575676849514,0.0597623847712356,0.476211433749142,0.416926803001681,0.1067860513696824,0.0592846307474609,0.1392760382110149,27.918255351200745,9.24044002095338,1.7211852382037,8.636432638731439,,,,,93.68653568653566,0.0586666666666666,0.0699999999999999,5.265042260177909,0.3781570336770689,36.6619324719936,4.159887398503405,0.7008153796195984,0.7100403904914856,0.7720128297805786,75
79_123,1,0,Q1_praise,223.5470435281572,43.7896203111298,197.91070130829675,0.0187990132692402,0.0961166529934727,13.270901045714297,0.7421568627450981,5.958773025703729,11.279045425701554,91.76402005568882,149.88694697761858,0.0830525375627416,0.0517496103678898,0.4414786328768003,0.4888255643408574,0.2749068952978289,-0.0473469314640571,0.036947608689719,19.91380470720245,8.889317136705563,0.1489949279362144,-6.676755830205774,1.8485355860477315,2.631555659272347,1.1722176444007335,0.9940302114769564,68.0846455610713,0.0738461538461538,0.13,3.0287177948877315,0.5097350897247951,39.75521285304831,2.03826284933836,0.709068775177002,0.7201029658317566,0.6937345266342163,79
66_114,1,-1,Q2_criticism,226.17240727147177,59.18638421085985,300.68399626698863,0.0219056008808163,0.1024187279160839,12.177857088472791,0.8104575163398693,7.119688853012402,9.31917484108477,80.4369175405344,126.17486219995055,0.083754715344666,0.0529783860281116,0.5882576978591775,0.5858471511970729,0.2705008904002298,0.0024105466621046,0.0165503220563008,31.967441299437013,11.650399941293022,-2.7114360886912285,-16.971029144076503,,,,,84.24870210233722,0.0371428571428571,0.02,4.307194320887492,0.2909301396092279,34.15709535344338,2.597708622156228,0.6615667939186096,0.6922115087509155,0.360599547624588,66
61_229,1,0,Q1_praise,211.22846178361863,63.141406145248354,441.5496587079328,0.0244517116282825,0.1008468478660538,10.77401290397108,0.6360725720384205,6.0638297872340425,11.97121416268979,69.52287486080557,122.35312356452296,0.0984354988693807,0.0614741331155314,0.4071180879871541,0.3584320636151548,0.1798122940215624,0.0486860243719993,0.047920294910648,24.742317169899515,6.382978723404255,0.6264157187075838,-8.376358052873202,4.917743811450918,7.31320331535186,0.9574468085106382,0.954434002924965,77.21531464725658,0.095,0.128,5.372482905159815,0.4952812919184511,35.869249732894176,2.2598869941131925,0.6678115129470825,0.648617148399353,0.647765576839447,61
68_113,1,0,Q1_praise,106.53969568098148,26.50310596390341,277.86488405021623,0.0216633919933633,0.1109454383505223,8.499656176137808,0.678125,6.216959187989004,10.271656111676489,279.1709774281223,270.5836246622611,0.149704564768183,0.0627018149353738,0.2671022612588708,0.4020238412432293,0.0833500564729238,-0.1349215799843585,0.1199013406774663,20.532041468030823,6.683231127088179,0.5637171305985645,8.774377665440262,1.36873222177015,1.6633419882089444,1.554239796997251,0.9910760598382222,68.67960822948037,0.1144444444444444,0.0885714285714285,3.552417869695929,0.4957011462072179,39.69615238425828,2.9897811804855854,0.6198506355285645,0.6360155344009399,0.717704176902771,68
60_229,1,0,Q1_praise,165.1203173952685,70.38550309826721,515.8598541646238,0.0225192719122222,0.1226965302232866,9.470832168631082,0.6980172852058973,6.393996092212733,9.245887014037754,158.22190333240735,217.5448997533752,0.1180323228852279,0.0663770202033053,0.5075260544021749,0.3794364737090593,0.3266804729507326,0.1280895806931156,0.0084178930289048,26.10598893939122,6.749218097335663,0.1866926925521498,11.142324132280168,3.47781023681942,5.234147566570576,0.558206008050318,1.0,88.8738769442769,0.0832142857142857,0.0646153846153846,3.924192506197392,0.4393031599015723,46.593037636353,2.947767030346085,0.7810710668563843,0.7588241100311279,0.5831457376480103,60
78_124,1,0,Q1_praise,228.70929712423867,69.63756957963966,515.9659930775086,0.023474506971603,0.0891964020842304,11.76062983915486,0.6874328678839957,6.380022174889855,10.679959573531,106.04023965091967,153.45161917981093,0.0932848483778167,0.0668681878333488,0.1110652724342585,0.2368244323365801,0.032037703756204,-0.1257591599023216,0.0229553673364895,28.88906189717629,7.023385755551017,-0.0422695059602953,-0.1507285401677647,2.6372580279997524,3.4744778072369087,0.7505908441046888,0.961236604722876,107.20617927104202,0.0707246376811594,0.1106666666666666,4.362470669144797,0.4505885984293508,41.58218242855995,3.897068088236973,0.7206501960754395,0.7320114970207214,0.6891140937805176,78
77_160,1,0,Q1_praise,131.48666515278157,64.01381253218553,515.3413218580826,0.0287245422605455,0.1488467920573642,7.159798892531748,0.6826347305389222,6.737652442405171,9.733337420117014,295.25650428342107,318.5325393352127,0.1481164508665709,0.0680276116333874,0.1826743678130042,0.3794289701117611,0.0375628169256269,-0.1967546022987568,0.0723260518857618,24.66665376847701,7.063667883166711,-0.1573070877239683,4.474191300079248,1.3397153040606633,1.5807179958099782,0.6520308815230811,0.9940302114769564,95.0496764315094,0.0794285714285714,0.0966666666666666,3.949818937982289,0.529498715606685,38.60680517481202,3.412516130433151,0.6421257257461548,0.6460443139076233,0.5281445980072021,77
61_105,1,0,Q1_praise,114.05696081332806,54.74787716927822,508.419002794893,0.0231827308908744,0.1300225811321391,8.679119881662093,0.6355140186915887,6.174610281248728,11.235455701630803,202.55966754981992,223.60499867152024,0.148456744667765,0.0627276220881752,0.181678601593233,0.2837152163174915,0.0183130356233896,-0.1020366147242584,0.1075431147652242,20.203578864298752,6.2823069722007405,0.2013067716595258,-1.7338991433506727,3.298616590277139,5.310028061141299,0.7538768366640889,0.9927744539878084,66.64424082985514,0.1017204301075268,0.1416666666666667,4.544274042354078,0.5413747780716198,43.50540594222463,2.710704280324493,0.6382015347480774,0.6650139689445496,0.6154471635818481,61
68_345,1,1,Q1_praise,220.66010245533937,61.23059761081759,363.1932006486185,0.0202310084487979,0.0958652465800822,12.874558901427868,0.7422680412371134,6.031041225354407,9.485802599624524,126.75435490150348,384.83930540481526,0.0907965656074534,0.0602652351749184,0.2419492583687764,0.2941223317477778,0.0873924619380022,-0.0521730733790014,0.0391484316229614,20.065946639984556,8.212481668567703,-1.698028910452675,-11.275634113828666,2.5045624428217965,2.7370362747762456,1.0265602085709629,0.5916727785823275,87.15158413033089,0.0433333333333333,0.0533333333333333,3.9761454738856794,0.4956811904355179,49.48640563488059,1.461664743110205,0.805158793926239,0.7980592846870422,0.9668552279472352,68
79_261,1,0,Q1_praise,271.6573592570151,81.19583820174812,481.4484580175196,0.0277239221447826,0.1262340776096426,9.530851278038575,0.6957575757575758,6.516991686142293,10.038214267542577,100.79478647865582,166.43693175999036,0.1070640388413717,0.0721407907941211,0.3409260497072459,0.4446219419553849,0.0761784544170006,-0.103695892248139,0.0379589446707654,29.655238320658103,9.051377341864296,-0.4664969666396199,-16.242305547883866,5.877634412073358,7.92469167021064,0.844795218574001,1.0,83.81943233122055,0.08,0.208,4.214302955365811,0.5490137480754852,42.90859507478695,3.500810439135543,0.8329410552978516,0.768373966217041,0.7240632176399231,79
56_373,1,1,Q1_praise,218.75653627414985,67.70872719794508,506.1623872517034,0.0281529179396916,0.0970248383650597,10.703707438329346,0.6574271499644634,6.4502285571007,9.79105462381856,189.10535320266928,256.6689623402347,0.1043072330320468,0.1356439586850201,0.1234687194764482,0.2908174575454812,0.0102452348328225,-0.167348738069033,0.0375337174923988,30.19541731203178,5.954057129631416,-0.080852345262389,-4.957412190543648,2.8167166927941025,3.6344729364867616,0.8505795899473451,0.9940302114769564,87.29813362484144,0.0650847457627118,0.0777777777777777,2.566538202483067,0.4532438886977503,41.05415641519992,3.338178085879864,0.7061045169830322,0.7337449789047241,0.8614580631256104,56
69_315,1,0,Q1_praise,264.43406686241025,84.70229730971838,520.1907228295088,0.0328902360049408,0.1315844905448232,8.296826479525174,0.6043405676126878,6.139010955935468,12.44130571615988,137.43579843820078,235.12269510536044,0.1191233564571802,0.0737557484254948,0.5453952315475884,0.643320409896055,0.0133026249333942,-0.0979251783484665,0.0314381323084903,32.223466294915575,7.798203106188298,0.4558921648518315,0.4173941355778652,,,,,85.34861515646726,0.1156521739130434,0.1,5.945685930607287,0.5921579751099232,49.87382425074608,5.97208430108892,0.7996342778205872,0.7773751616477966,0.5526755452156067,69
75_66,1,0,Q1_praise,187.0405605555207,49.21743207602592,513.847394898856,0.0233284675603315,0.1133620488902225,11.528516802182342,0.8039673278879813,7.318750098784555,7.99092408683776,75.66865372061831,122.5323825717479,0.101397812775008,0.067673167235283,0.3345201282036989,0.4548127127928558,0.0703924318125754,-0.1202925845891568,0.191145817506498,22.94149528867152,9.874504101534717,-0.1117515475459658,-4.104563393890977,1.657017865613319,2.5708179064316963,1.0455357283977935,1.0,94.00341448015452,0.06,0.0733333333333333,3.0721102656924506,0.3405641318701462,37.89272332388568,1.8039630862020883,0.674622118473053,0.6747180223464966,0.4251803755760193,75
53_352,1,0,Q1_praise,217.63383724229516,70.34958690115572,502.7047929389978,0.0225694880743533,0.1072702642863303,10.941247467931776,0.6428571428571429,6.016479078033281,13.085377564192717,61.45372712028338,122.29640657096188,0.0973905262651488,0.0671726206330113,0.2025509520959713,0.3872121461660515,0.0981282921674324,-0.1846611940700801,0.0773492914342434,25.75144796807136,6.570628466799504,-0.1882956411219006,-7.932560487188585,2.0201585062386083,2.3682006307939663,0.8708061823469222,0.7219280948873623,98.76078913638617,0.0672727272727272,0.112,5.443397150849131,0.5918326182560295,49.19152995346489,2.0568245985749605,0.7140947580337524,0.705686092376709,0.7696280479431152,53
63_55,1,0,Q1_praise,173.27862742483572,32.4874580037738,162.74555660024876,0.0153477386787152,0.1076056084174214,12.494963621303032,0.6815068493150684,6.127647749027358,12.124088027041337,67.7423365344298,102.21689253971,0.0969185575965618,0.0483854412622263,0.2500633699089311,0.2471825353555456,0.2965132659799465,0.0028808345533854,0.0756743676738903,13.668051055723623,6.468072623973322,-0.4115463737906753,-7.562320977639084,1.4789588831895948,2.1448186326557166,1.5319119372568395,1.0,101.77469006732235,0.0966666666666666,0.08,6.221059763640885,0.5659079252377814,42.5315541457276,2.166807986509482,0.6598577499389648,0.712403416633606,0.4478034079074859,63
64_83,1,0,Q1_praise,186.88761334628504,27.526440265242947,179.99875875833004,0.0182142887708145,0.1137956008644701,12.256215172036018,0.7048275862068966,6.192795823412482,11.261482151074738,37.47387651599469,73.80158163354653,0.0934578563631522,0.0566071532809565,0.1295161687702816,0.3534860304487,0.0708733063227415,-0.2239698616784184,0.1086297781710218,17.13856999050398,8.050634570436227,0.10979150583656,16.83371094633998,2.3918420173559527,3.480805852329861,0.9633237947530526,0.9957274520849256,75.8379384877804,0.0972972972972973,0.1342857142857142,4.618316463047809,0.619041875211458,43.49767030256654,1.57495636612367,0.6818534135818481,0.6723922491073608,0.3112474977970123,64
77_82,1,0,Q1_praise,230.92467630379065,55.93553060457612,453.7320663216616,0.0204869105246309,0.1194008100560602,11.489492737024948,0.8071404738071405,6.6,10.148317557234645,142.9030931309895,240.9578618756596,0.0930833141181159,0.0596849146446527,0.2985026364561828,0.3620650615953095,0.1187168646213984,-0.0635624251391266,0.032411202201439,22.495021489985923,10.133333333333333,0.0153248518239399,1.087919033977343,1.542561541762929,2.274254535569864,1.2666666666666666,0.9994730201859836,82.77841694489027,0.0871641791044776,0.13875,3.2276407337706154,0.5234174442924561,45.217057138088144,1.8193238824755067,0.842946469783783,0.7848720550537109,0.6615676879882812,77
57_53,1,0,Q1_praise,200.553930133596,62.90583723503403,494.9392007485488,0.0234718794608532,0.1317892718140227,10.47476268587119,0.7094339622641509,6.265664160401002,9.53082249560464,79.24809964773458,139.32265994838724,0.100207185628441,0.0630651793923306,0.3997372775648154,0.4309121288607141,0.1233108129827253,-0.0311748512958986,0.0525221380456282,24.588665445563468,8.646616541353383,0.5316035409282273,-2.6776954147261467,6.383750810172516,7.52763648797444,1.0025062656641603,0.863120568566631,69.54713280353879,0.0485714285714285,0.0457142857142857,4.915717711871194,0.3426152776918174,36.68554592995003,2.7876371914379154,0.6558812260627747,0.6952512264251709,0.24470816552639,57
65_214,1,0,Q1_praise,216.52340522123504,39.451022616997065,307.7380008936755,0.0223203569367713,0.0977824643375829,13.070287811039336,0.6884735202492211,5.4246973978322295,14.561228530924764,56.44349806387356,94.79425169247176,0.092343336969438,0.0587274365218298,0.4649943124511828,0.3682186444011373,0.3026922671639651,0.0967756680500455,0.0760621407322128,21.211629501013103,9.609463961874235,0.5239922695135578,5.516015459194891,2.612920091877943,2.805841951190784,0.7749567711188899,1.0,95.83754849989808,0.1233333333333333,0.14,3.787867088576337,0.5093141000153496,46.08711425626058,1.516171467526708,0.6271305084228516,0.6465859413146973,0.5904433727264404,65
70_69,1,1,Q1_praise,265.76452440291564,111.17181884410434,474.3168925552623,0.023763462630241,0.0963822293019576,11.262153447746035,0.6135135135135135,5.8902096968078,13.501983438859437,45.76928405640086,61.22382745685928,0.0937817012099063,0.0624122494791053,0.453883649452787,0.5813039558021844,0.2854813347699591,-0.1274203063493973,0.0688379272189093,25.94051474717585,4.551525674806027,-4.909250040177863,-19.474582548940944,4.44451112784091,0.0,0.535473608800709,-0.0,76.31425639681574,0.0505263157894736,0.0499999999999999,4.831635828048682,0.4868269883748631,50.79740145432823,3.569926843759424,0.7645012736320496,0.7633216381072998,0.7033880949020386,70
74_78,1,0,Q1_praise,216.2720267556255,55.69307130001984,502.6659751730859,0.0204611620415185,0.1096778412065804,12.609785644456055,0.7286413248024087,6.12734944380514,10.63237006721386,43.52424956824724,82.72854337107123,0.0891575701592023,0.0590619876342148,0.1430125691828117,0.2785131205985288,0.1072316281045418,-0.1355005514157171,0.0198552725380173,23.130727639995012,8.721135404679709,-0.0337266235232586,-8.87879134235051,4.016089994072476,5.33387908775267,0.7518220176448024,0.9819407868640976,79.51226718356081,0.0852173913043478,0.1123076923076923,4.5122334976415095,0.546226806544589,42.837520026165045,2.379890730576551,0.7263052463531494,0.7239624857902527,0.4169105291366577,74
63_181,1,0,Q1_praise,203.5915166461768,28.353183712098303,202.71890514409915,0.0172285243570632,0.094344643855356,13.957998325475996,0.7894736842105263,6.260357155273313,9.417591487380982,59.98674426826612,79.90705789425047,0.0856254678756122,0.0538965932281164,0.181884751245523,0.4058747220073273,0.0177821689789754,-0.2239899707618042,0.1232310647752865,18.258264732210574,8.68784258282827,-0.6802244386861409,-4.198994034256582,0.8735031287166024,1.0055079355807677,1.533148691087342,0.94566030460064,73.88080847725152,0.0688888888888889,0.108,3.496148478208904,0.574909074090422,43.4826604976523,1.5964650279056325,0.6674373149871826,0.6795774698257446,0.6974120140075684,63
68_204,1,0,Q1_praise,219.2740881255345,81.7297252165341,435.4815824487288,0.038463371308388,0.1740266408828966,6.516935048189856,0.4821917808219178,6.24315241342804,9.884857153895048,158.19520329643856,276.67182311644336,0.127066303066321,0.0780721042214151,0.4286005066169494,0.389085283255182,0.0583542743883176,0.0395152233617673,0.0606620910978235,29.21189430242511,4.61450395775116,-1.972521203684936,-21.240979055107225,,,,,63.42444653299917,0.0552941176470588,0.0374999999999999,5.796299562707316,0.4118315092312307,38.44625377179853,5.4610768030487,0.7358689308166504,0.7294505834579468,0.773537278175354,68
71_281,1,0,Q1_praise,288.703730642603,71.25054274448436,321.6084280531952,0.0201265930320316,0.1099590111171778,10.856865750434244,0.8453738910012675,6.811278337423418,7.472140934443091,130.13007101961415,178.18848806585322,0.090064436991382,0.0635617607030387,0.7116448733466395,0.6856020996997446,0.2325212473595416,0.0260427736468948,0.0152750164997271,30.67626139694853,9.33397401795061,-1.093972974705907,-8.494477489795962,1.750817667594708,1.5771291667847367,0.5045391361054384,0.9182958340544896,98.23317489407025,0.0269999999999999,0.0,2.4223187846205283,0.3040282358381067,35.89910426594865,2.903921210483756,0.8357092142105103,0.7633377313613892,0.6255815029144287,71
62_20,1,0,Q1_praise,229.95975869797223,59.72823022394499,416.0198526802872,0.0163859567403171,0.1026890678446813,12.028859458574551,0.8287153652392947,6.642434507806772,9.512178095748672,114.24495058974742,156.3761012886048,0.0851287036259076,0.0514482256950269,0.153683014090742,0.3891432928319238,0.1358690635750946,-0.2354602787411817,0.0378272592514277,22.60052119802329,11.154276814996278,-0.275896761275855,-0.864344838375878,2.855803563078904,3.9091224597123393,1.6292763887073214,0.9182958340544896,86.30196478951304,0.12,0.1333333333333333,3.591210953714689,0.590808873143761,46.24537030447079,2.0929978314138373,0.7862968444824219,0.759559690952301,0.823608934879303,62
63_283,1,0,Q1_praise,223.09435614644832,63.68236888865434,281.8757684537622,0.0203057295174752,0.1408589578668126,9.987201803796667,0.8171779141104294,6.965627701789,7.8883928113639135,121.81555005242946,228.46554559665503,0.1011852960074847,0.0578257136701733,0.3378668243354373,0.3015054147816575,0.1567456096536963,0.0363614095537798,0.0452458808882465,24.014678539324358,10.0207275709947,0.4381295107106955,-7.036516408326721,4.265674336780611,5.095583241398447,1.0998359529140525,0.954434002924965,67.86102946730037,0.0580952380952381,0.0142857142857142,4.597236385740269,0.4475602521797019,40.71337137449888,2.54840465032707,0.7554041147232056,0.737580418586731,0.5916496515274048,63
78_38,1,0,Q1_praise,113.74924729443774,73.07094742252335,511.67320313544303,0.0218751208636645,0.1297380141624984,8.774269226169414,0.6821192052980133,6.354024861631408,8.30677089203866,384.9179824404398,377.2191184517173,0.1386564078009873,0.0526526967503745,0.2690870908554776,0.2518210584050696,0.0070918418759856,0.017266032450408,0.1909969665994145,16.281227439673675,6.573129167204905,0.5106419534521072,-1.736272455558865,2.28788191074697,0.607164452693647,0.6573129167204904,-0.0,86.17156710361857,0.055,0.048,2.6317115977833785,0.4152239045151193,40.207689283226266,3.454040447376102,0.5337036848068237,0.5935671329498291,0.7017606496810913,78
76_192,1,1,Q1_praise,201.58080107053743,76.13796657306486,521.2949790173506,0.0228972821689294,0.1043483663307478,11.70208003256386,0.605890603085554,5.7358665342753,15.491184542150323,54.94279106006535,143.19686321888403,0.1040056775686443,0.0640693151509435,0.2268270434930343,0.2706001798188276,0.1287992630642447,-0.0437731363257933,0.0606644963295603,26.935450194994736,6.715160820614985,0.0706136520958037,10.73152905323994,4.092375115016739,5.670007537765594,1.0492438782210916,1.0,85.78967157636123,0.1093877551020408,0.1875,5.009128892059753,0.7758348984236899,43.82710065422216,3.308846862033564,0.7204111814498901,0.7120876312255859,0.9505903720855712,76
65_247,1,0,Q1_praise,162.47835925363316,69.73852793862147,309.52613937742285,0.0305845556974427,0.1478008471282668,8.295549431570787,0.8652694610778443,7.10268833800851,6.700219525059174,204.7383845953613,367.6929906474194,0.1269180458292157,0.0534980545607817,0.3738053718323889,0.6454490303961923,0.0133881885272647,-0.2716436585638033,0.0527567229814954,50.5675021936619,10.062141812178725,-2.5272526347406603,-12.092866679690784,1.1365890771623557,0.0,0.5918906948340424,-0.0,101.92519967158454,0.044,,3.294561844913836,0.3260375156957546,42.836814007442285,6.852225559919486,0.7850250601768494,0.7638547420501709,0.7818741798400879,65
75_295,1,0,Q1_praise,203.7582755654336,43.99151113130096,453.1283123000618,0.0180392993550986,0.1043493631618774,13.022901283275964,0.8037542662116041,6.280793865861921,9.227434276601407,61.24456875302881,101.89237368247792,0.0932717793735451,0.0531230776951101,0.1735127778977907,0.3243382635652295,0.0427441563627785,-0.1508254856674388,0.1102405999607137,22.68232372530191,10.015319948266306,-1.1321558169493375,-7.429055092033014,1.309302824510321,1.041898327711453,0.8487559278191784,-0.0,96.69291039334637,0.0413333333333333,0.06,3.783430739962991,0.3366941682936651,36.38269098935237,1.054794403891313,0.677508533000946,0.6537972092628479,0.4376023709774017,75
54_234,1,0,Q1_praise,180.31948497362043,59.845462247198206,464.124113254298,0.02193878491504,0.1089840461474197,10.594095510357146,0.7435622317596566,5.665412695488612,8.994951820179713,122.012686433712,188.15739530640784,0.1087363526176895,0.0568119136417065,0.3040974399869275,0.3903063125322994,0.4556009604224161,-0.0862088725453718,0.0201976361062143,26.615702194618827,8.444671753652838,-0.0983284604504339,1.4092935739743044,4.035362483278551,4.7934707723955565,0.641367474960975,0.7219280948873623,67.25787195518443,0.118,0.08,2.975933798427984,0.5356571012248345,45.40459643288807,2.442753124234689,0.7658097743988037,0.7319231629371643,0.2212274521589279,54
56_8,-1,0,Q4_humor,147.46326244260104,14.17665807842852,98.97383593436392,0.0223055955923442,0.1123454304084116,11.443828424360031,0.6660412757973734,6.710115892780159,10.107536798468514,64.66003089141398,110.27393886625258,0.1078624858741565,0.0596328836014859,0.1286256863787057,0.2865363637292431,0.0663515795382732,-0.1579106773505373,0.250995408917903,14.68516661574609,7.828468541576853,-0.8312186367321301,-0.8593531854717824,0.6697542189859943,0.4155862817169732,1.3047447569294754,-0.0,65.22869312145573,0.07625,0.08,5.310597713644482,0.3957473422592258,39.51543644535074,1.006755387138729,0.5149825811386108,0.592267632484436,0.7690811157226562,56
75_32,1,0,Q1_praise,117.03416880786992,52.74515339017967,516.57332112761,0.0219940801245367,0.119477204317573,8.757600582703361,0.6053153510511702,5.86277084819207,12.633321437047774,226.0250136457446,255.15323350317345,0.1456625494704961,0.0617983145736136,0.2727559722914373,0.3641941783034311,0.1006094147607999,-0.0914382060119938,0.1098317622004729,19.16848590826947,6.298517330152292,0.0619071068354044,-8.944178450872194,1.7918023666139784,2.1071843521463083,0.6734263812112513,0.954434002924965,87.21237059796889,0.119,0.1333333333333333,4.390499783423941,0.6341059596948676,50.507170761841415,2.240313121789986,0.6161319017410278,0.634723424911499,0.6380743980407715,75
54_179,1,-1,Q2_criticism,238.08605291289243,98.03040330187454,436.3536445338253,0.0241402356647865,0.1144967293434912,10.42408544946491,0.7089136490250696,5.402408609175834,11.249250573429894,157.2806975846198,246.50805904095657,0.1077567105214296,0.1295144223816986,0.2533410135991574,0.3004750827600309,0.4439372613002911,-0.0471340691608735,0.0313978658527106,31.267182520010245,5.263885311504659,-0.3720477722465446,0.993582422310748,10.887004450140534,13.269918770289651,0.6926164883558761,0.8112781244591328,95.44730988217792,0.1247058823529411,0.175,4.87600295105742,0.7828038927217058,45.15624760061071,4.319019782779949,0.9275944828987122,0.8921794891357422,0.2489500194787979,54
72_159,1,0,Q1_praise,112.48652556144036,47.87817032483017,491.8283943581959,0.0224334605697904,0.1285088122058879,8.544482031881076,0.6377551020408163,6.054086094346594,13.527357459840518,136.0414957563394,150.31295427867224,0.1409886073850243,0.0611876079208867,0.34915175856085,0.4476350799595601,0.0968982977605562,-0.09848332139871,0.1806405534841112,17.776344259521196,7.412011947284149,-0.2851055259510865,-8.529555519693211,2.762145125478618,4.512420495782889,0.9618641458307672,0.9886994082884974,88.6970784596706,0.0957692307692307,0.1133333333333333,4.542026875572623,0.5904812594692374,48.93511989138039,2.6539330280995386,0.532752275466919,0.5834728479385376,0.6227813959121704,72
54_255,1,0,Q1_praise,249.2514489649613,80.53908089475829,515.3283459254724,0.020748878244978,0.1043615952596127,10.573940290230489,0.711768851303735,6.325986751926964,10.882654050319218,121.32748380246323,241.38096558627663,0.0960376616352376,0.0645169203554619,0.3083328358850276,0.2365128768876711,0.183947517074929,0.0718199589973564,0.0115412127091547,31.259969328924463,7.239740393871969,-0.3823502917417287,-11.513771240729284,4.592539508949211,5.67249290695972,0.562309933504619,0.863120568566631,99.13969334178977,0.1237837837837837,0.1246153846153846,4.124534703464038,0.6448845887734809,44.74297730252315,3.3187693674272487,0.7256790995597839,0.7113338112831116,0.7594265341758728,54
72_298,1,0,Q1_praise,126.7100429290082,49.38318175645519,497.1517365359804,0.0186847532868589,0.1127640609227925,10.01683040696737,0.7885771543086172,6.089643463497453,11.567180394015,273.8239011801515,306.4651325945684,0.1311657926681708,0.0559563327189831,0.3407412815140652,0.3719102011809931,0.0312590346283608,-0.0311689196669278,0.0673524967436025,20.783286906710373,7.387436332767402,0.504217250728688,10.969824655122888,2.067780355858124,2.9864871714709342,1.4974533106960952,0.9402859586706313,105.94869578134578,0.0727272727272727,0.1399999999999999,4.131455519307708,0.5423524506102614,42.720272425204776,1.681990698549909,0.635282039642334,0.6269539594650269,0.6443353891372681,72
67_256,1,0,Q1_praise,181.48071917232727,50.65213369496804,505.6055127519285,0.0203840389767563,0.0979297190232406,11.681442934968445,0.712059064807219,5.970866223514749,9.53405649155152,70.57105564547246,138.72773827454284,0.1024403744136381,0.0565384015927077,0.1819068569876186,0.2970802158402957,0.0077120312976664,-0.115173358852677,0.1649475288979952,23.769651785467406,8.261061487328625,-0.5495649321952539,-0.4195266359243348,1.5255992207859463,1.7185498134167718,1.3086830078936436,0.9182958340544896,100.8353990038074,0.0757894736842105,0.09,4.205108380058634,0.5032434511245195,37.87510362772261,2.651001173776329,0.6900402307510376,0.7013537883758545,0.6719765663146973,67
79_269,1,0,Q1_praise,185.0687473086805,40.43587634889096,428.2858357427598,0.0285518238845036,0.1391853697895533,9.299024439426915,0.7443502824858758,6.747246022031823,9.211739616575787,86.42845750316626,175.46268691526447,0.1207716070340206,0.0681409063593694,0.2234590613722309,0.2899737269401927,0.1275306813281085,-0.0665146655679618,0.1134422284478677,31.234427619947265,8.996328029375764,-0.4701580486377982,-2.0036762565632102,3.120473036681024,4.246677260000984,1.265108629130967,1.0,85.67502073974799,0.064,0.1333333333333333,3.981821261736065,0.4321963531669041,35.41937768019985,3.450994167764368,0.6976288557052612,0.6830049753189087,0.8435322046279907,79
64_203,1,0,Q1_praise,182.2878623572728,36.02942851173202,201.41289044072084,0.0202133815665607,0.1297538500331152,10.932198483128552,0.6730769230769231,6.479187396905323,9.26235518924557,30.5967131483245,65.54461527955459,0.103756453703452,0.0573235330086023,0.2405613223986754,0.3714453977388969,0.0764401299287626,-0.1308840753402214,0.1411011926979632,18.46590428901223,6.331933137884747,0.3836793866839206,1.1874846795416223,3.724780154749508,4.324545771568296,0.8835255541234531,0.9709505944546686,77.85856291040352,0.0558333333333333,0.0688888888888889,3.9155944558974913,0.4556672755346264,44.7394242394415,2.6981178761339017,0.5998934507369995,0.6355514526367188,0.4992662370204925,64
57_272,1,0,Q1_praise,183.70802235264992,44.12602329994439,279.04983910071485,0.0281962997640409,0.1450461516304608,8.045496908471074,0.7484076433121019,6.614149609335942,8.055070409889886,130.88398377842574,138.53490167929925,0.1248855726652738,0.0673441308687962,0.2583757027064892,0.5359080113981565,0.1626231256363483,-0.2775323086916673,0.038651945378023,31.95944688665194,5.984230598922996,-1.4359582929015935,-11.605177270636982,2.386483926802537,0.0,0.6299190104129468,-0.0,59.50319256596458,0.0644444444444444,0.04,3.478957323516007,0.4023453466363376,47.80482329555558,2.040093781235438,0.7055578231811523,0.7164333462715149,0.5809043049812317,57
55_109,1,0,Q1_praise,205.31938689709287,95.08886382398462,512.9418236869062,0.0246831942814036,0.1213964439547913,10.706166932249682,0.671863926293409,6.43426090414104,11.421987651554444,93.93634050152828,255.3590169080376,0.1121842516240893,0.0695132798206634,0.1928570108360648,0.2533408874153948,0.1565843896576068,-0.0604838765793299,0.0519749057197799,29.668086173679463,6.787791723049889,-0.4665739256896691,-9.265878813209856,2.951058606771386,4.0816625869675045,0.5656493102541574,0.9852281360342516,88.21215970589253,0.0777777777777777,0.0863157894736842,4.62034088231304,0.4576716230500852,40.67513931452488,4.05247621391612,0.7047948837280273,0.6859420537948608,0.5258568525314331,55
80_222,-1,0,Q4_humor,194.2841253460766,35.3188739722147,179.19032521409028,0.0220733072743845,0.1221139272189481,9.570563836463572,0.4987531172069825,3.959373772515572,17.69766120200352,80.54612207019662,128.24807554908637,0.1086786459470286,0.0573845140038261,0.3770179771360498,0.4025685203169846,0.2764354636918959,-0.0255505431809348,0.116077553836744,15.707917325705012,4.454295494080018,-0.3649434031460153,4.326454811584132,1.947638562267679,0.0,0.4949217215644464,-0.0,66.63440501706755,0.2327272727272727,0.456,7.848186149312325,1.164496109731593,54.68254807746876,3.147154320199128,0.7669575214385986,0.7736955881118774,0.650560200214386,80
53_77,1,0,Q1_praise,200.53312074247955,62.50710524336368,492.5588681492104,0.026540337633936,0.1297684864191043,9.988700726232729,0.7038369304556354,6.331401018528551,12.833474603810515,107.20090652588505,143.18206718211837,0.1035651137654201,0.065037124448641,0.2850953117327436,0.5218053597777577,0.3036682770117841,-0.236710048045014,0.0272102113780526,28.26388260133515,8.362227760320728,-0.0302294356553311,-2.610420250723479,6.707123983762655,6.707123983762655,0.3583811897280312,1.0,93.19254764353944,0.1361904761904762,0.0955555555555555,4.918511052721018,0.6565692858599117,43.83677975857098,4.540391234196045,0.6625745296478271,0.6834958791732788,0.4433047473430633,53
69_380,1,0,Q1_praise,220.05990274966425,70.13347955514564,397.1976909775844,0.0204434095625789,0.1093102558802585,11.444642143440824,0.7690140845070422,6.979261622607111,9.455337238763756,87.40701252896545,146.70545634029054,0.1010021447101048,0.0669830531291831,0.3922114979756437,0.5677424960161197,0.1671730806738924,-0.175530998040476,0.0729894832247012,38.48722131341137,8.933454876937102,-0.3647340647959198,-7.69073572699048,0.8618814616788093,0.8618814616788093,0.8375113947128533,1.0,87.64174277510233,0.028,0.02,3.949649616579761,0.3478112405546967,33.408478031052944,2.703831408752446,0.6876626014709473,0.6877365112304688,0.7671195268630981,69
68_318,1,0,Q1_praise,247.45047489825492,74.84509375759194,313.2677517794968,0.0285431126725678,0.1211611487329958,9.87467704805522,0.7795414462081128,6.6607841266812935,7.790332823796828,148.34391601012925,219.3650851231121,0.1005037974126951,0.0710917650984056,0.2812957806788731,0.5238226053772579,0.0762538091382524,-0.2425268246983847,0.0337090933993966,34.24334496813629,8.063054469140512,-0.4851103738109364,21.49904831414896,0.2566452286484848,0.2566452286484848,0.5258513784222073,1.0,83.70103852928149,0.0457142857142857,0.055,3.5711948753532727,0.3154138419500384,31.93122827829908,4.391269313330674,0.8483861684799194,0.8192206621170044,0.4900549948215484,68
69_331,-1,0,Q4_humor,206.42327231743147,59.726951036756645,401.2992012318703,0.0242011720383195,0.1435877942878496,9.44951355715633,0.6420079260237781,5.916357110063024,12.641627979609622,95.36169269543277,152.2958561172247,0.1113131783687221,0.0666447481370127,0.345643364649732,0.3644226958244169,0.0062980334626617,-0.0187793311746848,0.0827963260757127,29.28577812881526,7.362577736967319,0.158051710823782,4.230636231903167,1.595368950186449,2.281710470013218,1.4462206269042948,0.8812908992306927,86.05187341199724,0.1295652173913043,0.205,5.062899660372934,0.7612592008864366,42.98687748945766,3.5312139411122034,0.6512397527694702,0.697433352470398,0.5241591334342957,69
60_122,1,0,Q1_praise,148.4511896995046,50.14464142561716,503.4867570101035,0.0213266184797592,0.1244182784938562,9.92629616898049,0.6852899575671852,6.278212687271459,11.775217508342228,208.8907320601968,248.4317353661253,0.1173646322680935,0.0581558022414122,0.3342011643805821,0.5078838178824757,0.0348417251217425,-0.1736826535018936,0.0685113207833517,21.786652062301822,5.220086953461663,-0.129618910775072,1.98530924976086,3.401516416539098,4.304846170761889,0.7759588714605175,0.9709505944546686,85.45958341450029,0.0892307692307692,0.11125,4.436284655181885,0.5788788533578224,41.39440427395867,2.351296112378124,0.6739615797996521,0.6745902895927429,0.448737233877182,60
77_16,1,1,Q1_praise,113.33157205879166,22.466801352825684,138.79920061318035,0.0261114706306543,0.1300592584048876,9.202260846856433,0.7832017229002154,6.301002432205124,8.9609258979611,454.7518186094748,484.117944630538,0.144682468463243,0.0647446590935733,0.1293216734232544,0.2493700848821848,0.0795366221981673,-0.1200484114589303,0.1348141885695327,21.51832268738953,9.952719750869456,-0.0814974712794369,-4.652204288734726,2.21820553803896,3.16774448252013,0.9308299047575752,0.9798687566511528,90.69649674051637,0.0624242424242424,0.0999999999999999,2.738498325291205,0.5431488447281975,45.760908256691465,1.5121519466307567,0.6311837434768677,0.6701626777648926,0.5212587118148804,77
74_75,1,0,Q1_praise,199.14495271220184,42.04546944022516,488.6149571584351,0.0211068448317773,0.1100326579785126,11.162582614828676,0.7581493165089379,6.183163658140132,10.59757674252486,110.75435747340543,180.35478283962257,0.1025519582465537,0.0679003363392961,0.1269455234125352,0.2549308780888661,0.0181768114852667,-0.1279853546763309,0.1806874309132342,22.376339162179107,6.916759346394046,-0.4467410932131174,-3.788858897149751,4.374350772888827,7.192062676971924,1.0479938403627342,0.9910760598382222,84.0625421580647,0.0453333333333333,0.0699999999999999,3.828016428792637,0.4610223795845276,38.73270761775242,1.789013362532002,0.673175036907196,0.648388147354126,0.3846698999404907,74
64_66,1,1,Q1_praise,116.39586944573426,34.87580055809901,348.3963024250023,0.0236580599377188,0.1283045341012298,8.824784138498554,0.6654135338345865,5.618502412176395,12.021577102149497,163.0642031259148,222.7923468054257,0.1381007377602262,0.0584386792848378,0.1832459583985759,0.425129108775155,0.0452345155960724,-0.2418831503765791,0.0791178111853512,20.218002057551928,5.9930692396548215,-0.4216013439648222,-6.457796338122524,5.737853178715159,8.22928160876005,0.936417068696066,0.9910760598382222,73.61070466554497,0.1014285714285714,0.1672727272727272,4.66460432916321,0.5754242372337355,46.29961297869895,2.8743330863785563,0.6800873875617981,0.7230434417724609,0.8759865760803223,64
80_323,1,0,Q1_praise,215.7278259018545,49.085028176456255,176.24366481817546,0.0138647227860441,0.0913119118203535,14.342173949010355,0.8214285714285714,6.215769974226804,11.23711430985884,71.2767063159816,93.16389174408876,0.0780234220429522,0.0436565726562699,0.3542756953902088,0.3668717234327379,0.1860918693528751,-0.012596028042529,0.0510813921395298,19.406349201003632,8.139698775773196,0.1899662715078319,-3.1805361958603697,0.7792984465121755,0.938978424171162,0.7399726159793815,1.0,97.55965699538083,0.0866666666666666,0.0849999999999999,4.074588936956064,0.4298977021985838,33.95074287088459,2.630422305521323,0.6629338264465332,0.6628120541572571,0.3710809648036957,80
78_119,1,0,Q1_praise,120.8810941756411,55.489700713926894,495.9369676562476,0.0236320686934492,0.1370544582635448,7.94467048553997,0.8160493827160494,6.148569516479839,6.536107347645447,269.1004324997311,255.7612875024703,0.1540723338381248,0.0714779104111804,0.0900534858162436,0.2486660422933833,0.0109823819174123,-0.1586125564771396,0.152444763339673,23.92658966777829,10.083654007026936,-0.5805430558024892,15.572357276352117,3.0720295956808643,4.067176490635659,1.229713903295968,0.9910760598382222,98.33510013572416,0.0488,0.03,2.8388229789091763,0.3904112969026633,39.07704423596225,4.900623682712068,0.6351227760314941,0.6580177545547485,0.6935690641403198,78
80_2,-1,0,Q4_humor,131.6187675421617,76.00974919393849,499.2112469279194,0.0320502907105875,0.1841223931637926,5.814959793974847,0.4953271028037383,6.475408689815268,7.630300135098182,144.05081820737584,187.19607891660783,0.1502639180867852,0.0741621854397282,0.195066255567479,0.3589744496615576,0.1182108249131083,-0.1639081940940786,0.1519508277207463,21.00969388930169,4.62529192129662,-0.9611862451331262,12.5472945072761,,,,,76.75180375180375,0.1466666666666666,0.1,3.9060437441245055,0.3808797628097905,39.58756341292276,1.285787858256526,0.6481444239616394,0.6675737500190735,0.8420335650444031,80
74_121,1,0,Q1_praise,225.21572352096447,74.90553883038802,497.3671568071574,0.0243316295160998,0.1208985184178138,10.977315431978132,0.6351883080382237,5.7777432928163295,14.934650093981915,49.09525911234392,76.19934506528678,0.0977516789591624,0.0664641844483305,0.5361698418123935,0.4498305695932991,0.3050935104249589,0.0863392722190943,0.0131670875963046,25.522967858437223,7.180108169713497,-0.4217801008414282,-9.572028274754276,6.259805893649845,9.3672173871669,0.3365675704553202,0.9709505944546686,68.61813152883082,0.1415686274509804,0.21,5.789716597271917,0.7757055090825885,46.08894677037344,3.349814529699735,0.7354936599731445,0.7119303941726685,0.5421934127807617,74
72_272,1,0,Q1_praise,207.15621469934703,52.59229069559869,290.6002184499153,0.0229321501899893,0.1267240399245338,10.613143273883638,0.7503949447077409,6.12530539271901,8.172151822113266,43.76171512893817,85.42627857751035,0.1033038913422624,0.0610848138549342,0.1967647758714109,0.3319099697707486,0.1313295400192257,-0.1351451938993377,0.043487096394894,26.366226291511968,7.538837406423397,-0.1634622269978262,2.4755666833186787,4.107450585863607,0.0,0.3141182252676415,-0.0,73.28535193787384,0.0504761904761904,0.06,4.519866206185848,0.3056917685497905,35.66971894966392,2.5145192205022537,0.7479321956634521,0.7398360371589661,0.5346091985702515,72
54_102,1,0,Q1_praise,170.66474544630665,40.39399744478528,518.9202911343673,0.0157946951726535,0.1113587785667824,10.889452019832904,0.7773689052437902,6.238532110091743,8.751397231219588,65.53479505754548,100.23747422537316,0.1029621403324525,0.0568354671745365,0.1732700140443165,0.2744555737728341,0.0338345539268726,-0.1011855597285175,0.1545748412317298,15.78935196067928,9.449541284403669,0.1312032692539867,-9.610363079096306,1.078838393283826,1.786124380665309,1.743119266055046,0.9910760598382222,93.35266159591418,0.044375,0.04,3.100224147927358,0.4734512327322856,47.99791274524301,1.9953031267751884,0.5470237731933594,0.5986145734786987,0.5643461346626282,54
70_346,-1,0,Q4_humor,112.83609730758388,32.63153901113454,213.6067457894728,0.0238189387907982,0.1154524513067521,8.951084965847738,0.7590822179732314,7.03015941404567,7.401203469641495,149.13636108470325,152.91763452549228,0.1448254052067936,0.070314556992725,0.2961370108222978,0.4453998551682472,0.0138281154205898,-0.1492628443459493,0.2136757074957888,34.984034377708035,7.980180956484275,-0.4461271782253119,7.163331552245081,0.4781315988250852,0.3564220443176493,1.140025850926325,-0.0,108.68954723175908,0.04,0.0349999999999999,3.203333915510109,0.3472754882014993,37.05531358665352,1.4680580615330496,0.5933310389518738,0.625633716583252,0.6323347091674805,70
60_166,1,0,Q1_praise,204.98397501635284,63.6709612434291,372.097369528296,0.0186006611663549,0.1102110116065543,11.757265770610973,0.6941176470588235,6.490350742599835,12.78245218306316,37.98773172074174,54.56685477251157,0.0949891012041525,0.0587261197416981,0.2309608869788161,0.2571190361927816,0.1021565658059271,-0.0261581492139655,0.0519323812334824,20.698354603855176,5.868934182138149,-0.1471141636279079,-7.297640621384275,4.894819235114875,8.532875577633929,0.966647982940401,0.8904916402194913,86.40591525956192,0.0717391304347826,0.1046153846153846,5.530333193523552,0.574572936703207,39.666851394509486,2.710485070488149,0.6845216155052185,0.6545275449752808,0.5931555032730103,60
77_97,1,0,Q1_praise,192.3957715196645,53.581483506058845,501.32336119960416,0.0217181039248894,0.1212517166897611,12.799256791231167,0.6791845493562232,5.558518116328449,12.755855283423896,53.9432954687282,95.18347724539764,0.1001279805980092,0.0609201323039998,0.3534404748149898,0.5110751794999338,0.0148938867183624,-0.1576347046849439,0.0391030936639965,18.871359824622576,9.513617545254462,0.4118540481000086,5.290216978823702,4.005343355527916,6.205671934012472,0.9620512124414624,1.0,87.58384213769436,0.0871428571428571,0.0818181818181818,4.6968291457902,0.7030314855235171,41.078133735978334,2.326022570614541,0.5926263332366943,0.5902343392372131,0.6483285427093506,77
76_220,1,-1,Q2_criticism,219.9335508310212,73.12834569002815,493.7221217129121,0.0232730458683701,0.1033180192904387,11.727073151678486,0.6504543025120256,6.402036263688405,10.566654127858632,37.91621673496043,70.62632371641942,0.0946144303703825,0.0550261726119522,0.1816185444893411,0.285438299681774,0.0867496189140986,-0.1038197551924329,0.0429256746850081,27.091617215099703,7.202290796649456,-0.4212201064967472,-18.760160012383945,1.5471240328283946,1.6091921856971818,0.7469042307636473,0.961236604722876,88.14383297169398,0.0626086956521739,0.1085714285714285,3.743422028828503,0.53735184533974,44.8351702635654,2.4344152268108883,0.7814865112304688,0.7444320917129517,0.6792833209037781,76
62_176,1,0,Q1_praise,119.9055066761235,44.65056976613876,512.2603269059034,0.023214893598005,0.1203042181947799,9.56422038195896,0.5724863600935308,5.955167446885128,12.300065106750512,75.60524516510284,103.22584362422054,0.1342189166262824,0.0628834353482945,0.1889691568693116,0.3856410210955471,0.1048924933576573,-0.1966718642262355,0.0486444617322553,18.58180256219906,4.437183587875193,0.2498910092372536,-1.2980999015660082,3.6606176152036354,4.272800243680322,0.3503039674638311,0.954434002924965,79.48941472125045,0.08475,0.0804545454545454,4.634001550042766,0.5258423477160223,44.9880473477504,2.029201012483013,0.6178725957870483,0.669780969619751,0.8379136919975281,62
80_313,1,0,Q1_praise,108.06337352355912,54.38472961202594,498.2934096195809,0.0187665554905017,0.0966572798547387,10.560055034976326,0.6071428571428571,3.808478089222266,17.022884528345703,419.4469187555394,432.0966892746069,0.1358035405714675,0.0612125845711076,0.2016087669609905,0.3477795048774675,0.174353427460813,-0.146170737916477,0.2518790955110729,9.620123785720509,2.448307343071457,0.5305158343648874,-2.937707082544989,1.4920716704071966,1.5579004264884462,1.3601707461508092,1.0,109.582941213376,0.1533333333333333,0.116,3.399634347800528,0.6828532747472315,83.38674307672514,1.271768164827811,0.4170240759849548,0.4689514636993408,0.455577939748764,80
61_174,1,0,Q1_praise,120.6483682989118,43.82098531815164,470.8188320786195,0.0252588822539467,0.1119829555972559,9.478543327272227,0.7045643153526971,6.256988384482827,9.27079746484759,164.76151269288337,165.9317085867765,0.131238158091477,0.0582245233935539,0.1752368447095398,0.2610554545197561,0.11347491507115,-0.0858186098102162,0.0573316622721753,24.504045031643468,7.873031742064485,0.2172274979628044,2.114551238019903,3.19381606958712,4.496420735150795,0.6215551375314067,1.0,75.59525906001213,0.0834666666666666,0.0816,3.709868605165394,0.5159065551592951,42.171900463115854,2.006737171629372,0.6480613946914673,0.6850184202194214,0.5673555731773376,61
59_5,1,0,Q1_praise,152.85256823635288,36.34232953441701,375.78194764719575,0.0246324322878505,0.1533223095066794,7.896139577867771,0.8604206500956023,6.270142180094787,6.807243206627184,155.54366199088034,219.27093551012183,0.1437883444406197,0.0700176799518988,0.3306617983980066,0.3380353445125058,0.1741568361535407,-0.0073735461144992,0.0506933167462414,27.858051271054634,8.740198190435157,-1.1870360557945503,-7.072238193960644,1.1487258179482325,1.324803145618589,1.140025850926325,0.7219280948873623,112.07045969868608,0.035,0.0099999999999999,4.171441336108384,0.4400257000443721,48.48479453708892,2.044992410303498,0.7945214509963989,0.7714071273803711,0.7598788738250732,59
78_43,1,1,Q1_praise,211.8380829095304,67.32272745942977,333.7604496995302,0.0198878003799989,0.1058266390287222,14.96319568747778,0.7992125984251969,6.841270122686335,10.013040633616878,76.3030913602901,207.448171611082,0.088436857548681,0.0623190844277139,0.1883767767782955,0.435158397300632,0.054133989373893,-0.2467816205223365,0.0420988920743278,26.097756448146196,10.359637614353591,-2.2386704332507628,-5.105708703297067,1.9544918709735228,2.3437290611750865,1.172789163889086,0.9709505944546686,65.18180037261725,0.1133333333333333,0.0499999999999999,5.362940442859902,0.455300911011418,33.959801352272606,2.625257199666591,0.5617474317550659,0.5983380079269409,0.6554951667785645,78
57_44,1,0,Q1_praise,179.06092191286146,55.539486622901606,493.8333131126562,0.0262069068759158,0.1213230474132603,10.54618859604665,0.756021756021756,6.975101225958835,10.387505361973366,91.21335314117631,162.14711281501695,0.1107854697639346,0.0667382879543017,0.2617416065989155,0.2232875235720819,0.1834348765388795,0.0384540830268335,0.0396473840593156,29.59782961973718,8.60262484534923,-0.2792196684021302,-13.538460536628278,1.6409803641745788,2.6648956424949057,1.0850157462602632,0.9957274520849256,95.09622247248844,0.0559090909090909,0.112,3.9454353844248775,0.4773868585329258,34.91023227521493,2.861767849951846,0.7087995409965515,0.6908844113349915,0.5226445198059082,57
56_249,-1,0,Q4_humor,201.24848113362648,45.91669664611653,353.9355564469545,0.0239819357846189,0.1147227194648611,10.316032198339352,0.7130434782608696,6.291353263249032,9.985220889652377,120.73000511609231,181.7445452098754,0.0993533352107981,0.0601919293043582,0.2083887465246265,0.2866303790019424,0.100639968949855,-0.0782416324773158,0.0588258039334648,25.81592391905105,7.86419157906129,-0.0069460855549569,-3.975318982080802,2.2792354753718502,3.137741983780459,0.5423580399352614,0.7642045065086203,72.01088365371675,0.0806896551724138,0.0966666666666666,4.186595514047317,0.541136513175956,45.30868335229928,3.1937128578074185,0.7185376882553101,0.7285593748092651,0.7239477038383484,56
76_249,1,0,Q1_praise,120.8271412043621,42.28574160960223,447.72188823161287,0.025742859839781,0.1311371877710781,7.964457513933833,0.7301324503311258,6.4459347023828855,8.920298865788846,306.6775847684773,353.6295847469416,0.1421269266371877,0.0642659486019695,0.2821932086657801,0.431865528403265,0.0036798543630778,-0.1496723197374848,0.1254292139601579,22.95056321791653,9.641355324076963,-0.1011219274900625,0.4682269479519014,3.7852759060711088,6.087356126805822,0.9365888029103338,0.954434002924965,97.21837630946423,0.0517241379310344,0.06125,4.181618719266491,0.4572000357212434,38.29329922905684,2.474865302936597,0.7263895273208618,0.7345153093338013,0.8466161489486694,76
53_215,1,0,Q1_praise,140.33104774225473,65.93768152125728,488.595621204427,0.0310614115673338,0.1338412498463794,8.261500993972478,0.566320645905421,6.332038469972746,10.774469123357552,153.46909641323046,159.71048314897777,0.1375636408950952,0.0826073961029767,0.1961130556727795,0.357112035994331,0.0150691470849833,-0.1609989803215514,0.0603862354102957,20.53997167375729,6.677422386516714,0.0309257743081892,5.376758433192858,2.3652857514029346,3.684998393621651,0.6332038469972746,0.9709505944546686,89.52208173263361,0.1124242424242424,0.1355555555555555,4.572450573890102,0.5406315672754095,42.69011362867514,3.5760810148662103,0.5812060832977295,0.616567075252533,0.553426206111908,53
80_32,1,0,Q1_praise,114.81403553948812,36.62962020270286,501.6308596156023,0.0271643622519741,0.1277835853303181,7.7003247976216915,0.6879496402877698,6.096460198580176,9.698772559980696,285.32548594132606,327.4749907164091,0.1515805934633428,0.064589984002465,0.2805663250280846,0.3702098175262988,0.0474899984722467,-0.0896434924982141,0.0598301815970021,22.286730345011502,7.530921421775512,-0.0808242689599151,1.2213502548868649,1.7306375097157602,1.6900357756262083,0.3586153057988339,0.9182958340544896,62.59270207841702,0.0671794871794872,0.0766666666666666,3.9460068056387527,0.5950154174899626,43.09332758675926,2.766643926553264,0.624091625213623,0.6322600841522217,0.5925502777099609,80
77_358,1,0,Q1_praise,127.24658943114032,49.52848400446565,200.3989059424813,0.0250166441339835,0.1498905397498234,7.638481089929858,0.7841225626740947,7.068595960802308,9.197982587226962,236.47192278431297,327.3984877514202,0.1520589649582122,0.0739447906162723,0.2174222262393035,0.3323657390724916,0.0295325626050325,-0.114943512833188,0.1689478746056649,26.78606362461411,8.038795406402626,0.0098323011426276,7.698496366524722,1.778904566654333,3.881915051233966,1.8017989704005883,0.9798687566511528,62.70213026970406,0.0663157894736842,0.0699999999999999,2.429637414503659,0.435772314881998,37.84575777775908,2.7202037607500245,0.6853379011154175,0.7104825973510742,0.4141850173473358,77
61_147,1,0,Q1_praise,157.02843931597357,63.10125303530456,364.2291864750936,0.031642355094556,0.1474309628736807,7.5584445473199775,0.7422222222222222,7.057764441110277,12.128364085245632,241.53459636260075,310.9889192578393,0.126584087044249,0.0604537332790294,0.212731493217858,0.3340712975599846,0.2146162730356065,-0.1213398043421265,0.019763910492641,36.14449338219869,5.7344336084021,-0.5819302796383956,12.650559866196646,,,,,79.08105990305012,0.0657142857142857,0.0749999999999999,4.463769465522128,0.5502416225435668,41.56199300161339,5.476168774163093,0.7109618186950684,0.6992336511611938,0.6302332878112793,61
63_360,1,0,Q1_praise,226.33771321317016,69.68453582475313,392.1429861940564,0.0215081200889954,0.136330195626411,9.871271840567776,0.7479452054794521,6.681198404600687,9.065160619703448,75.90605593996915,160.15351077398736,0.1020824173960202,0.0595209354780039,0.5572441391143949,0.6123026628018423,0.1533889876522814,-0.0550585236874474,0.0223148122108616,32.44979608427567,7.772006307392635,-0.5722216665988243,-1.277891730263505,2.5284181902691305,2.5284181902691305,0.4090529635469808,1.0,85.46852458989692,0.04,0.044,5.546068852197606,0.4996474851332323,44.10841862717558,3.3496369148602514,0.7699326276779175,0.7918907403945923,0.6224385499954224,63
76_295,1,0,Q1_praise,211.4280043309157,84.05460118952098,518.6784397396402,0.0228152046896961,0.1069580203951643,11.322951718614712,0.5993788819875776,5.579950231736407,15.32405572733196,72.8317190314159,112.29696246339584,0.1059573631035922,0.0985174373710558,0.2656233691586355,0.3492223638430002,0.0351318672874862,-0.0835989946843647,0.0401335675990139,21.715784876853704,5.373285408338762,0.2152976154842101,2.2392416604754324,4.495687349504814,6.801624284491301,0.9816579111388124,0.9910760598382222,98.73849415468128,0.1544827586206896,0.2281818181818181,5.133106398531976,0.7670511918443977,51.09566729765811,3.821502733435589,0.6686948537826538,0.6763375401496887,0.8118289709091187,76
69_50,-1,0,Q4_humor,214.9329669600021,84.32250954019962,367.6690944255817,0.0225698891364869,0.1224448752986735,9.329324478150758,0.7330873308733087,6.122176996162881,10.75702593472407,101.29135352034208,181.12851345487127,0.1133546011429604,0.0723087647634675,0.4696736994469468,0.3560005868473651,0.06193801042615,0.1136731125995817,0.0211113318370875,34.03143265722997,8.571047794628033,-2.366093624166692,-2.306054349818876,0.7791019203702136,0.0,0.2448870798465152,-0.0,73.86924094758403,0.0696296296296296,0.1085714285714285,4.04127487683702,0.5380634038339618,33.356254224913826,3.982853382588399,0.700130045413971,0.6882052421569824,0.7045120596885681,69
80_134,1,0,Q1_praise,135.33242471566717,69.44855827263083,497.8746317906987,0.0306650599021848,0.1462851694077471,7.137903560737344,0.6695957820738138,6.642145399487907,8.83211254915667,183.4701870647219,251.59243807128493,0.1432250311351844,0.0720730576856154,0.3273787273342118,0.4094532939744883,0.0120438228921654,-0.0820745666402765,0.1387898222039273,25.70977669996632,7.865698499393574,-1.2599668064094065,-6.28439944012613,1.562836173731199,1.6224747386852802,0.8739664999326193,0.8112781244591328,68.97856011500416,0.0542857142857142,0.0657142857142857,4.652509322437643,0.4119312664957918,43.65381660649688,3.4813196121472467,0.7138737440109253,0.7072864770889282,0.6130560636520386,80
69_111,1,0,Q1_praise,250.714880455226,53.94841378652325,372.0796478172962,0.0228254591912477,0.1186232694884232,11.42575668549614,0.7266629401900503,6.190765261600333,12.279717774606702,69.5982245637296,134.74956716368786,0.0878690417252631,0.0577236781277754,0.448833723782333,0.512195766227942,0.0939688108669463,-0.063362042445609,0.0089950641738932,26.204821248481903,8.700534962249117,-0.0696077205644054,-5.868733440767219,3.2951341830194734,4.192730805435152,0.5577266001441742,0.9910760598382222,70.85776906723302,0.084,0.1247058823529411,5.737240386882404,0.4971650053233347,44.65400331411974,2.6892486693383715,0.8773291110992432,0.8090196847915649,0.4326607882976532,69
79_302,1,0,Q1_praise,195.32017292452016,40.79064043196839,271.78204243104994,0.0166520268824681,0.0871748448820953,14.91494692360384,0.78125,6.199988284224708,9.27724825399502,32.875137365905765,52.32256195278909,0.0787725555854345,0.0381924542525956,0.2998241020783364,0.33950763450591,0.1567753457633047,-0.0396835324275736,0.0493877348176285,25.65116830043128,9.81664811668912,-1.713978421829585,-4.983490805766573,5.8449288915058855,3.647870140836853,0.7749985355280885,-0.0,75.17068192704406,0.0933333333333333,0.075,3.167609709899611,0.3009759360913018,36.76683167042754,2.690466182949991,0.5278818607330322,0.5680965185165405,0.6452873349189758,79
58_199,-1,0,Q4_humor,263.0280596498893,96.0056157998113,410.82651724677527,0.0210202792803225,0.1112794587173519,10.759859157897782,0.7230769230769231,7.362270450751252,5.387254968132374,93.77938026526202,144.8527479383234,0.0899228457781392,0.0675441838783307,0.3727267647568902,0.3701005021628302,0.1055736088828766,0.00262626259406,0.0921863270109438,30.31946728812399,8.377756030165218,2.07132672623379,11.338661826076482,1.5942966141017108,0.0290878967543859,0.7616141845604744,-0.0,106.1427026329557,0.0626666666666666,0.06,2.9125118793456743,0.4557564017008021,39.60023972396612,5.465633286054597,0.7408612966537476,0.7352690696716309,0.7490857839584351,58
79_290,1,0,Q1_praise,197.5043676314604,37.75077556395244,321.5474724756376,0.0194901521523202,0.1020733513399698,13.13436566300637,0.751145038167939,5.161659001404533,11.130816376935831,55.17495993443588,79.77697647792492,0.0875307333325656,0.043966145459201,0.2249979694028391,0.2383929235193943,0.0586995360146124,-0.0133949541165551,0.0346989886504521,20.674483792614808,9.260623502519897,-1.4915848752433485,-7.0817580328640695,5.723878276672723,1.5660835686197476,0.4554405001239293,-0.0,91.9277838933723,0.0536842105263158,0.0466666666666666,4.16950328074451,0.8040652468480768,37.7103704220903,1.4409598101995476,0.626082181930542,0.6477649807929993,0.3297499418258667,79
65_109,1,0,Q1_praise,129.53303452910018,35.735282753044444,194.7634132736752,0.0251384207780877,0.1395068489420196,8.49166662575435,0.6264822134387352,6.4999218383617325,12.925323325437684,128.09561534715792,187.79569100983684,0.1318516311118133,0.0649736288773972,0.1848761173351,0.2889905699985065,0.0809633743646785,-0.1041144526634064,0.0364701034006934,24.161978727974216,7.189307487884946,0.7428098544924351,5.895832072939969,3.50460754029246,3.5641021655020246,0.393934656870408,0.9182958340544896,98.87954841252431,0.0818181818181818,0.13,4.758829952265789,0.5852862922001756,34.6182410236057,3.812696477848717,0.7074120044708252,0.7229501008987427,0.3780485093593597,65
78_266,-1,0,Q4_humor,206.4197777739876,46.87930581966334,240.1995361728841,0.0218043335825133,0.0986564981922078,11.532828225737626,0.7032258064516129,6.098563973419315,8.939038498378991,53.83633888528094,96.8704053341664,0.098298152965661,0.0660717991986451,0.3144780129582006,0.5365603236960418,0.0062195838354464,-0.2220823107378411,0.0962757668057554,19.2302942607936,6.7405180758845065,1.0771963040216266,12.0371626040672,2.497014944584105,3.730614047680914,0.8024426280814889,0.8112781244591328,77.27306278193227,0.0381818181818181,0.0222222222222222,4.197722995132277,0.3259208453599852,35.90439028369035,1.641039611103319,0.6658589839935303,0.6701359748840332,0.7205238342285156,78
72_116,1,1,Q1_praise,109.8272499145431,56.764048371758086,476.4641065072826,0.0240162259212376,0.1233866026941915,8.61417783273249,0.5721128259712613,6.1079155405893655,11.07438741646065,129.14660468278936,222.80746214499152,0.1486535613706391,0.0622469215081184,0.3464039908985803,0.3617307160751235,0.0284503486226923,-0.0153267251765431,0.1462418923734216,17.60973227115651,4.939444741520096,-0.1971663535085544,-7.820660334179873,0.6563867800350144,0.669546230884199,0.3717861633402223,0.6500224216483541,88.40018851111853,0.084375,0.084516129032258,4.772424241546569,0.5510009046990051,43.43462449561392,2.8615181290674063,0.6292136907577515,0.6679005026817322,0.7831170558929443,72
67_178,1,-1,Q2_criticism,233.8658435726098,95.28385989821814,394.0540708812855,0.0251089958375432,0.1293232295562571,7.24091655514714,0.7261904761904762,7.069195832220145,9.491462860428127,255.16818197756345,298.7167068469298,0.134615706764443,0.0761551378371672,0.2894339235039648,0.3524556389905269,0.5459860283811743,-0.0630217154865621,0.0166005544168992,41.02389761359459,6.774646005877639,0.7531399573595324,-12.975067485049635,,,,,111.20869393596666,0.058,0.025,2.7021159852352383,0.3913634169259781,44.93061342539935,5.237320603710202,0.8743860721588135,0.8080870509147644,0.4815390706062317,67
58_72,1,0,Q1_praise,207.5801747634464,132.2018079372983,517.08846757153,0.0237010249794366,0.1227835605719792,9.997528207872763,0.7749627421758569,6.372232751320618,9.614681999052635,121.49959948668553,203.5042826827928,0.1346492889774632,0.1158053738440121,0.3299648385394581,0.2622049348255763,0.1089792850066932,0.0677599037138818,0.0259959360107747,34.78692176656752,6.372232751320618,-1.5350089900277817,-2.879737080932532,10.12128781705985,13.04408343775878,0.7409572966651881,0.8112781244591328,89.37945652917728,0.0533333333333333,0.076,4.9266594786130655,0.5270434300962962,48.21688451479464,6.927151515341396,0.8357781171798706,0.826392412185669,0.3266921937465668,58
80_330,1,1,Q1_praise,241.6624031020894,69.24295424537713,247.5562806238408,0.0172047174899396,0.0927192559999684,13.04705503801554,0.6539379474940334,7.095507787360021,13.820216141349054,64.68921413174958,127.4207509462915,0.0786431667027679,0.0471893389244957,0.1736190989608677,0.4678233881055411,0.0784867139778907,-0.2942042891446733,0.0660226350602575,19.48085718406359,4.7303385249066805,-0.7778713344320886,-9.907113888432455,7.79201342782974,7.79201342782974,0.7095507787360021,1.0,73.11530337846128,0.0816666666666666,0.056,6.378135658676026,0.5084171127219886,45.27327139794659,3.8642962540582055,0.755703330039978,0.7727192044258118,0.7420979142189026,80
70_82,1,1,Q1_praise,162.3082977498211,55.83384588452453,508.2889307650572,0.022932127106782,0.1243485164315831,10.206773144892304,0.8411458333333334,7.233319664928826,6.573540130001794,108.15128229086586,254.52001981705013,0.1253345513621567,0.0582265356888433,0.4174554009540863,0.2813160542222346,0.1837181750179523,0.1361393467318516,0.1755996193591523,37.79265641257401,10.074980961865151,-0.1045437243192554,-1.5779555937998744,2.1391975656553583,0.0,0.516665690352059,-0.0,89.90322670342955,0.0577777777777777,0.02,4.040151485474866,0.3968860681705651,39.9317295354003,3.065642909855175,0.6829289197921753,0.6611281633377075,0.5981162786483765,70
77_211,1,0,Q1_praise,233.2301334451679,53.47401670991504,435.058392610016,0.0199163976651418,0.1132346723847615,12.312253295160176,0.7746113989637305,6.412243816295852,10.77538899456908,73.62695940528754,114.55127563305687,0.0917124447597643,0.0577553382668247,0.2459207540775765,0.1979775570622766,0.0422300199082703,0.0479431970152998,0.0402903299716506,20.263536969272877,10.807733529079298,-0.1963110124265133,-2.5242562978373044,3.486834238643458,5.031123544605045,1.8616191724729891,0.9709505944546686,69.41993815223559,0.0697872340425532,0.0399999999999999,4.843629258716232,0.4744429547833235,40.82293018810317,2.020844985921212,0.7343712449073792,0.731011152267456,0.7454566359519958,77
74_64,1,0,Q1_praise,112.76263429321124,39.73056890445103,184.496853460285,0.0232159585168731,0.1300913826885708,8.016944176182074,0.620137299771167,6.134909267025957,10.58313423595639,346.7018395525772,287.36065210575754,0.1576038328701385,0.0714951860503552,0.4155464988863294,0.383403481599603,0.1377219446414665,0.0321430172867264,0.2200066609839985,31.95590974697972,6.816565852251064,1.289788067994412,5.555737022621791,0.2983333749499888,0.2379660416469834,1.1360943087085107,0.8112781244591328,93.42504563182015,0.1016666666666666,0.1333333333333333,3.2103740327947183,0.7768296784374107,57.014109561735374,6.667909147391085,0.6076111793518066,0.6178394556045532,0.5599216222763062,74
77_201,1,0,Q1_praise,220.32695084879128,45.71408662481794,491.5731277318144,0.0262624293761431,0.1254979156814333,10.917370157095828,0.6824794433902593,6.376262626262626,11.458496539988898,81.4518933316617,140.80990996316874,0.0995605753526575,0.062927326216755,0.1941334730516114,0.3420018337900413,0.2052949239650784,-0.1478683607384299,0.0550231596235514,23.631772467029847,9.595959595959595,-0.0318945731984738,2.4756051963840573,1.6127574105129494,1.6991201683457051,0.5050505050505051,0.9852281360342516,85.89287551996244,0.0884210526315789,0.12,4.983869756580061,0.5350231799180915,42.658529163552224,2.56889931557987,0.8223646879196167,0.7673330903053284,0.3469240963459015,77
76_298,1,0,Q1_praise,250.67172631173185,61.81366832861279,473.13507465011935,0.020497081721666,0.1077379667347235,11.730616902129505,0.6907894736842105,6.338122401240962,13.415131965575142,124.06717181237704,194.4922698301156,0.0968953555469241,0.0954910753766859,0.3352729505759441,0.5571407729161169,0.0864592954143121,-0.2218678223401727,0.0128705282603787,29.62910587219565,9.179349684555875,0.8139052210725003,5.4204453166593645,5.546052634804422,0.0,0.218555944870378,-0.0,117.80980160860716,0.1023076923076923,0.0914285714285714,4.909196467902704,0.5939478503416263,45.416939993834106,2.727248280598608,0.7713852524757385,0.7491827011108398,0.4897145330905914,76
69_147,1,0,Q1_praise,190.77086662795463,61.61043033199751,432.7210684881027,0.0227207155675925,0.1397983299820178,8.467620659219861,0.5620280474649406,6.018893124189633,12.900619300360916,56.48219823755535,136.8470958095924,0.1212537062448541,0.0831463041435586,0.4740050085249476,0.3851150398888051,0.1572118784799362,0.0888899686361425,0.0522781515816165,20.716153802529156,5.05157101494487,0.1373474751389686,-12.57936197170538,3.276615446416575,3.665864493496711,0.7523616405237041,1.0,87.4802252077011,0.0765714285714285,0.0728571428571428,4.950436740671093,0.5210991105424455,50.06311680233462,4.246803975448476,0.6584885716438293,0.6808602213859558,0.7219265699386597,69
68_123,-1,1,Q4_humor,199.40092618139528,56.53045019390613,364.9249630615509,0.0198749426828763,0.1198197613756152,10.44674264377156,0.6372093023255814,5.936345815700692,16.132825701876193,104.81829251165696,184.89796908249417,0.0958992043706115,0.0576614668455708,0.2020397416785754,0.4769089022021705,0.3542914986839331,-0.2748691605235951,0.0511854405793766,14.853826844004518,6.678389042663278,0.5683215373377659,0.3932417880160956,4.905703728004697,6.612305598351261,0.8347986303329098,0.8112781244591328,82.42908894313622,0.0927777777777777,0.2111111111111111,4.54737774030572,0.8481764546225609,46.31903176500808,2.6903141118603924,0.7237852215766907,0.7300096750259399,0.7668932676315308,68
63_74,-1,0,Q4_humor,175.23394182611554,59.03716034744771,258.35690830918185,0.0289829572076602,0.1279636055908745,8.77999768190697,0.7648902821316614,5.889588663648888,7.589169285556865,140.70356469817733,216.2029555019712,0.1112341583126367,0.0604845413683003,0.3839707863608347,0.4506088377098965,0.0090524616650842,-0.0666380513490617,0.1623718913689851,30.671763949721228,7.4394804172407,4.735997209719361,7.9469640333686655,4.611425502728548,6.63254123699786,1.5498917535918126,1.0,50.78890035546382,0.032,0.03,3.8985293191383104,0.3901017691252225,56.419330555722006,3.242160690681048,0.7081345915794373,0.7223736047744751,0.5948559641838074,63
62_136,1,0,Q1_praise,214.360449265946,66.81393775762847,480.472580457371,0.0175521347051694,0.1131967688251673,12.678723806126689,0.7573375262054507,6.486371076791687,10.59081537193546,32.867714420111554,64.1560226515493,0.0944977543547636,0.0595236478879173,0.1605871171714347,0.3114006425857893,0.0485982660448007,-0.1508135254143545,0.0553517958439929,22.078420668728825,7.009465518468436,-0.0467118938247086,-3.1924677441715623,3.364827989575208,5.257908591812546,1.2031172158565226,0.94566030460064,82.35007161068867,0.0839999999999999,0.1146666666666666,4.414919170083042,0.4337346544729445,40.17687902115915,2.402477437423229,0.698965311050415,0.6768435835838318,0.5787817239761353,62
65_262,1,1,Q1_praise,203.0802691570931,58.09120497744662,467.5000986346888,0.022848415753658,0.0895375827508305,11.766741277376724,0.5680212014134276,6.074477174546645,14.3619523281684,78.16965196444339,153.56486844520407,0.0937886875438072,0.0620883009349206,0.2464307584603914,0.2643757190036493,0.1633138336160033,-0.0179449605432579,0.0740563174126985,27.53087121869455,5.018046361582011,-0.0018987507527707,-1.1359941547942292,2.0277082127427604,2.6766069707146065,0.6162513075627031,0.9182958340544896,75.77125600547326,0.1263157894736842,0.14,5.317135157595683,0.6952056338475834,49.74777396769291,4.301367988385249,0.596598207950592,0.6380826234817505,0.8130438327789307,65
64_333,1,0,Q1_praise,187.3082085119464,40.39207270391837,208.53966235082805,0.028345168398077,0.1310710689547845,9.220175417701334,0.7347368421052631,6.056774266878835,7.933754350838223,76.74571574599292,118.19369705461372,0.1055850859089524,0.0586062111180678,0.1364304056206546,0.2798132707590134,0.0308329491134061,-0.1433828651383588,0.0632882205240435,26.40165025722901,6.265628551943623,-0.4883427709078414,-7.327593395681962,,,,,65.2827711504182,0.0333333333333333,0.02,4.900571666846657,0.3504380083741084,36.15564123685717,3.1349123265217838,0.6252813935279846,0.6656118631362915,0.4757385551929474,64
73_199,1,0,Q1_praise,277.2348082901886,66.64999943259873,491.6259406770431,0.0195461921452145,0.1128160050186019,12.90906556665068,0.8589562764456982,6.474303532047579,8.998385028506915,78.52133351872702,165.4510594402282,0.0813432738553406,0.0587389251355425,0.3235413005442957,0.3185549765515081,0.0412414968316147,0.0049863239927875,0.021818130872849,30.53607193948137,10.626302536295483,-0.1274362315422036,-4.987199742974601,4.329567623551478,4.908582672217286,0.8444743737453364,0.9940302114769564,76.14856029248284,0.0451612903225806,0.0359999999999999,4.219994863631745,0.4230990933975107,40.22831731017583,2.041129494589732,0.8426265716552734,0.7535812854766846,0.4106307327747345,73
76_59,1,0,Q1_praise,119.07576011700944,50.10819170532089,484.181338444167,0.0274145354451391,0.1272131177206534,7.0451742723789685,0.5838187702265372,5.941603231182434,11.049812924564314,267.17690084982047,254.345512761052,0.1442416393990193,0.0643689400068345,0.1348474530959203,0.2855396495104075,0.0032899899216248,-0.1506921964144872,0.1001934739589013,19.63468593189458,6.264516450268435,0.0541364216293835,-1.935384413643746,0.9059551800846511,0.8021954011231944,0.2583305752688014,-0.0,70.72548889676901,0.1035294117647058,0.0753846153846154,4.920350278131552,0.6037551429285595,51.58582558295477,2.3650792885860983,0.6586992740631104,0.683123767375946,0.5916898846626282,76
65_373,1,1,Q1_praise,235.1747763922528,45.91237712838459,414.80377831157057,0.0193046778746227,0.0791347334550846,14.5648288786967,0.6749072929542645,5.416027018728891,12.251412912184522,87.56284464202035,152.8058352295733,0.085568740041562,0.0942786287612935,0.2416766849799405,0.3454780816975953,0.0065660292273653,-0.1038013967176548,0.0644400181965048,20.970207152727355,5.5391185418818205,-0.0846152157877055,3.934651752232373,2.568059540471847,2.812055693155333,0.7385491389175761,0.9709505944546686,75.35681978501658,0.06,0.0709090909090909,2.9512220561585907,0.4115190249533816,42.67657301164136,2.113743337542755,0.6332556009292603,0.6725078225135803,0.7483293414115906,65
61_45,1,0,Q1_praise,247.95080900794773,74.55249578917544,495.6992063974178,0.0228091762180388,0.1109447088689802,11.444923157229136,0.6986404833836858,6.108827110667232,11.785428021349915,114.95286444279368,189.7889569262318,0.0885099585394966,0.0564762647592706,0.3029172162960011,0.425312590217222,0.1840192048710483,-0.1223953739212208,0.0067757008495393,25.045213593271697,6.938420915819572,0.0073433302208906,0.1357394478512521,3.897068524035927,4.8205796104257175,0.716467377177021,0.9910760598382222,80.03158309585196,0.0867567567567567,0.094,5.777854259132935,0.5377941091904955,44.10254657814542,3.1372100649855303,0.7943387031555176,0.767198920249939,0.7577366232872009,61
65_325,1,0,Q1_praise,214.30584956663307,41.88225934335389,306.7217650136382,0.0208546653302827,0.0949389967939747,11.559226309897982,0.7447584320875114,6.544240400667779,10.84173117366696,133.25164696301033,179.37808389327463,0.0938240745006429,0.0642112633407328,0.4362668482637019,0.38637798711282,0.0994299123210019,0.0498888611508818,0.0462405437238424,25.37261884515797,8.271192728621777,-0.4791688259839959,-11.70568748407139,2.097897789748891,3.065147429163168,1.09070673344463,0.94566030460064,87.48792106334594,0.075,0.112,4.426187301615037,0.6395924074716076,43.817967130613816,2.022780623732868,0.7369517087936401,0.7150106430053711,0.6154390573501587,65
80_297,1,0,Q1_praise,221.52197028731064,38.45370101628485,220.96836868045813,0.0313719407160129,0.1348331736550419,10.492800257066648,0.8,6.053912392362411,9.07811768944153,158.5976071877699,274.93747502131504,0.1005849798658045,0.066927034156189,0.3960190026367114,0.4113671450152615,0.0673343424582407,-0.01534814237855,0.1868776111090407,31.1685236570028,12.933358292774242,-1.6404753650117565,-16.96739964120833,1.700317958375157,0.0,0.5503556720329464,-0.0,57.69920746683121,0.1074999999999999,0.2199999999999999,3.2438706190026623,0.5127365267823328,53.422042499660336,2.4835475972147503,0.7620651721954346,0.7079803943634033,0.632874071598053,80
63_238,1,1,Q1_praise,228.20533257181856,78.47210900819879,422.3505503546531,0.0202045205078003,0.1205378805316563,11.855032755788288,0.7546468401486989,6.019630737181641,13.220756278221437,80.94552411386167,152.7707939035005,0.0986951923086446,0.0621175009966149,0.2999539977129484,0.4162539050769469,0.241184376782908,-0.1162999073639984,0.0257344926354033,24.01850668798473,9.724018883139577,-1.45301273190447,-19.61305332475714,5.75150060124411,8.142277186227615,1.2965358510852765,0.961236604722876,87.54461323770107,0.1169230769230769,0.2133333333333333,4.50672227663972,0.7940600936536442,44.97175595209176,3.530749398840824,0.7895806431770325,0.7619307637214661,0.8405288457870483,63
55_14,1,0,Q1_praise,193.6776004226674,67.59040960868788,507.4783966348489,0.0194462807625722,0.1023419462333725,12.331210714390114,0.8385650224215246,6.890416620465106,7.847297246026897,73.22951197884267,248.5537591857836,0.0998517997644634,0.0616778585679243,0.1693761415485444,0.2729297404090027,5.901166498221527e-17,-0.1035535988604583,0.1036155830996765,22.30080792494409,9.779946170982733,-0.6983793310406293,-11.057564689047286,1.3622799534826613,0.7311988548232247,1.333629023315827,-0.0,100.5169203775043,0.0213333333333333,,3.4757565082466053,0.3471033800193069,36.95432765312525,2.585360020111092,0.6155518293380737,0.6168640851974487,0.5242103934288025,55
73_93,1,0,Q1_praise,217.647315876087,39.13698746841583,168.7831225815811,0.018848632925818,0.1210810892255456,11.626497348091672,0.6822276822276823,6.289824254638137,9.967464300756976,44.60090981523848,84.02129102370147,0.0925753846792521,0.0554964615503745,0.255248824036303,0.2574138244112131,0.0222565953629862,-0.00216500037491,0.0362948294415463,19.44857444199307,8.168602928101476,0.1913747991814786,-9.436818523177514,2.400388255314682,2.690814203561617,0.8985463220911624,0.9709505944546686,72.10033588914725,0.0810526315789473,0.0983333333333333,5.097325889277728,0.3985068771959851,40.30959150132888,1.8634059500995488,0.7539991140365601,0.7335459589958191,0.7346475720405579,73
78_276,1,0,Q1_praise,176.8071862240049,69.55753664293889,514.4665522398395,0.0216777868243544,0.1013826016749117,10.07552723090397,0.6490335707019329,6.081500379231883,9.429391704518224,107.76637559363968,156.6987115882865,0.1059465566325771,0.0599335282199141,0.5334283496666137,0.3266533026324391,0.3927464037652213,0.2067750470341746,0.022760208127345,27.444125941397957,6.081500379231883,0.3480122755933535,13.764159064381785,7.704350367117453,7.704350367117453,0.3040750189615941,1.0,91.37698761510036,0.1123076923076923,0.1483333333333333,3.3292343124650605,0.5269336643140181,47.10638460862312,3.533817520804924,0.758851170539856,0.7736324071884155,0.605682909488678,78
56_225,-1,0,Q4_humor,184.00286235836063,62.00798122395466,523.9830408233856,0.0296491177026675,0.1127444545549441,9.324305708955482,0.5706993363961205,6.318139173756915,11.980400204820292,115.0433267843886,226.0649974834895,0.1172756250596431,0.100356590107626,0.2143627318602205,0.2775341794223701,0.054902634159994,-0.0631714475621495,0.090588798793607,26.2388601730362,5.75765908576235,-0.1662874344880137,-0.0371865683841523,6.127175811382725,8.22563046318474,0.3566691469056323,1.0,92.03435923413883,0.0822988505747126,0.1005882352941176,4.926517221448073,0.5516801111836767,43.90029579951931,3.5671864929755133,0.701202929019928,0.7165664434432983,0.7297778725624084,56
78_114,1,0,Q1_praise,141.38087690516204,47.54851519983448,306.356697533682,0.0246443625809814,0.1347768984220169,6.756884744717704,0.847255369928401,6.858990861114687,6.071585735083721,301.553483024051,298.3059722917634,0.1412415253688081,0.0664289425244375,0.3430998246637646,0.5624548203837644,0.0501911415126218,-0.2193549957199997,0.1158011163547403,40.85019948405832,9.93371090230403,-0.4300984885896252,6.288622149209154,1.964880431947537,1.839538806782236,0.946067704981336,0.9182958340544896,118.83968170235096,0.0381818181818181,0.0199999999999999,2.211511708531122,0.3506811171912337,41.20131645207366,4.688085470482081,0.7471346855163574,0.727325439453125,0.6484107971191406,78
65_20,-1,0,Q4_humor,177.8570054493347,96.66679675275338,363.8225425079487,0.0261910881970882,0.1465523918521294,8.078548537211303,0.702020202020202,6.516253694021369,6.798211183765863,210.09800773957872,273.5152607550019,0.1149142691830803,0.0597500746964274,0.3020744127828112,0.3465202300325812,0.1447289540205594,-0.0444458172497699,0.0397310290904689,33.9690861193686,6.265628551943624,-0.7840808354806724,-5.764254312286302,5.021038962481839,0.0,0.5012502841554899,-0.0,60.000962895638544,0.0618181818181818,0.0549999999999999,4.92569280168599,0.3517412863517759,40.36978540554794,4.297506243383966,0.7353507876396179,0.7626707553863525,0.4621754288673401,65
55_310,1,0,Q1_praise,107.73450749924008,46.784060237978736,475.4394770259378,0.0211429862408242,0.1151972348153534,8.9305728389296,0.6624925462134764,6.009033584536057,9.880738991250343,205.2825884279005,244.76954053408372,0.146155501524454,0.05574289229179,0.145500540555022,0.3010268079131744,0.0155053901501908,-0.1555262673581523,0.1712772271192885,21.649466529244524,6.425501258711823,-0.1452516117478278,9.97065038263241,2.11560804093001,3.518327673666488,1.3088984045524086,0.9852281360342516,83.99462428022602,0.1262222222222222,0.1034782608695652,3.858859429455068,0.6114213174169056,45.25093130864958,2.6361214669797817,0.5676956176757812,0.6142421960830688,0.5589671730995178,55
69_130,-1,1,Q4_humor,194.42414176839105,45.05694866111364,268.17244248882395,0.0193124967379977,0.149184071020954,9.394319313539212,0.779467680608365,5.852361749672514,7.763528298002483,57.587275481831824,133.61570622273868,0.1104504553868324,0.0630800115859804,0.3874798586116821,0.3653664223886291,0.2664180557477127,0.0221134362230529,0.0471100766459396,30.856221039886723,8.306577967277118,-1.236702376500658,-12.931791827632454,3.637230938309447,4.283949230389504,1.3215010402486322,1.0,64.48711394520078,0.05875,0.0733333333333333,3.995995877671705,0.5823472145177278,47.460648406513975,3.3161739400695027,0.7439523935317993,0.7262163162231445,0.6872125864028931,69
75_11,1,1,Q1_praise,179.20083850174177,114.20459257314302,510.6897841904357,0.0249311292251784,0.1172725780104376,9.91643109280353,0.7,6.31526768010575,9.46641534621314,162.63898615426595,256.2500157414458,0.119618465789489,0.0680114459249026,0.3787019445903881,0.4199533267146101,0.1172599603426881,-0.041251382124222,0.0262084798146504,27.705569244113217,6.436715135492399,-1.5545755890021704,-16.536129290150793,6.332129221753448,8.443291710539352,0.6072372769332451,0.8112781244591328,80.24438784770751,0.0518518518518518,0.0377777777777777,5.786969842087465,0.426151857683135,40.17311327597165,2.892535469083931,0.733128547668457,0.7409865856170654,0.8767443895339966,75
71_51,1,0,Q1_praise,128.98123524298688,67.27890690187091,479.5549917975986,0.0227541072737066,0.1358038725610052,9.62352997612802,0.6131782945736434,5.79689570319894,15.858231943278788,203.9185673258844,302.8033435875652,0.1280991982494578,0.0586054773540648,0.2862728339185368,0.3918885977780969,0.0901109138787654,-0.1056157638595601,0.1360735504599747,19.51879850364296,7.342734557385325,-0.5250730035301525,-14.342433093335154,1.477123562168605,2.002928908220548,1.3139630260584263,0.954434002924965,95.91069920333976,0.1806451612903225,0.3116666666666667,4.593525699512812,1.1087452181719026,45.36598027368009,2.696349122250921,0.579378068447113,0.6064627766609192,0.615047812461853,71
61_283,1,0,Q1_praise,235.07891863859896,66.60601077501593,501.0531554019396,0.0216798314553335,0.1152074916903774,10.704170282765103,0.6433734939759036,5.918855925730323,15.465014038621849,60.07793291584903,130.66680097091773,0.0961090499011158,0.0641781412050236,0.4883845231564809,0.4362238378093193,0.3297220483091826,0.0521606853471615,0.010441361225671,27.822969931266623,6.785029963642078,-0.1047993684987712,1.785490479314653,3.263087382718392,3.868840916372721,0.8180532580277682,0.954434002924965,87.55120571725561,0.1145762711864406,0.2729411764705882,5.475766897434273,0.8914090433957201,49.50776156444334,2.922193009335269,0.817548930644989,0.7804709672927856,0.8457772731781006,61
55_191,1,0,Q1_praise,138.85402862976258,62.52486132418798,501.10279755092233,0.0249156231303285,0.1347552037566996,8.174345545547848,0.6958333333333333,6.147707749344426,10.206635017525088,184.54524298454945,201.64460108075204,0.1365029920338011,0.064124845555171,0.2668898357874967,0.4368746550574876,0.2861269110659041,-0.1699848192699908,0.0174312024823761,25.322765345286257,6.313862012840221,0.3087057357189909,5.006182122356487,1.1734738034688732,2.021214990373536,0.8307713174789765,0.9910760598382222,80.72509281875703,0.0622222222222222,0.0618181818181818,2.7948144522936054,0.4883579565703957,43.479406159373085,3.840723537247544,0.7029033899307251,0.6979784965515137,0.7009382247924805,55
73_241,1,0,Q1_praise,202.6126836422693,45.01152899873761,400.55886172049566,0.0207830808388505,0.1050170340499551,12.95485993915215,0.7055180180180181,6.182200970596632,10.90153294214027,37.82766441211799,74.93196654458572,0.0896709236192749,0.0527406108032753,0.1821023979256452,0.3144512891551312,0.0839308694336551,-0.132348891229486,0.0316158071096037,18.408384486882333,8.261668569797317,-0.1868764674392035,-5.320165043574868,2.1802518133661404,2.9757698296235477,1.461247502141022,0.9709505944546686,83.84106247051955,0.0796,0.1141176470588235,4.654321323963179,0.5389551878599003,45.65799785793387,1.8736901830146735,0.6813490986824036,0.6701499223709106,0.7425931692123413,73
77_111,1,0,Q1_praise,233.71798833019665,39.23229442349921,228.88081693079687,0.0196197200951844,0.1202902056498544,11.146074252199998,0.6365883807169345,5.5391185418818205,17.46649331500834,168.51369232760408,248.5179976536005,0.090266856954871,0.0594595621963285,0.2690471246523814,0.3463545750158079,0.2531948607591389,-0.0773074503634265,0.0626580336943715,20.58145818367029,6.893125296564043,-0.1046514278294787,4.405495908165555,,,,,70.16109708456717,0.1555555555555555,0.124,4.308798791805155,0.6780217184466141,60.94479775950269,2.899734949191054,0.8264157772064209,0.8124920129776001,0.4107414186000824,77
61_92,1,0,Q1_praise,253.6627698063766,67.3908156311441,350.8636814655211,0.0288804010245734,0.13979986771466,8.302520786866152,0.7002518891687658,6.987719993209212,9.432476493824558,103.02343651514096,138.8940847380196,0.111547539970091,0.0663423510274744,0.3315326873644989,0.4841394045376651,0.1425605738371405,-0.1526067171731662,0.0241254148286642,46.01767153479217,8.485088563182615,-0.7468490887059565,-4.813458153258232,0.42798210967387,0.0,0.4991228566578009,-0.0,94.03444461593868,0.1159999999999999,0.125,4.634822086783744,0.5012557299761095,39.410410588472224,4.144679930170157,0.8271576166152954,0.7936049699783325,0.7484018802642822,61
63_329,1,0,Q1_praise,114.02466463906822,52.992189428927794,414.9484219047289,0.019342179329049,0.131087301947491,7.809783742524986,0.6253333333333333,6.716316633895075,10.889749063269822,127.06972017194174,186.9003152195641,0.1527780522557002,0.0623605904509258,0.4128580709907145,0.3764775250648925,0.0501763090678547,0.0363805459258219,0.1162883221060872,17.856040847126508,5.386352944014862,0.2023624882608288,-7.062500826787261,2.590514127947137,4.013899502718694,1.462960058868234,0.998363672593813,73.2704031412163,0.104390243902439,0.1008,4.5081685395588105,0.5628608903206476,41.71074500016387,2.9892618658898624,0.5568176507949829,0.570836067199707,0.7035298347473145,63
71_274,-1,1,Q4_humor,216.73619383100404,59.426035728828566,501.7751140977639,0.019771994829404,0.09945520174541,11.79612123062023,0.6637168141592921,6.2379204678596825,11.275998853790608,50.15723702173828,89.03003018333814,0.0928926367955118,0.0610741444067851,0.4447263488608198,0.278986510335426,0.0164845118348947,0.1657398385253937,0.0320763178117383,27.981747223415315,8.114816891817462,-0.135414118394116,8.080725030983539,2.754262305538642,4.375248377063716,0.9936510479776484,0.9975025463691152,91.60973487267825,0.1079245283018867,0.1505263157894737,5.679156086729798,0.5791733305913344,46.516441641503626,2.884437806371232,0.7722628116607666,0.7852985858917236,0.9225553870201112,71
76_199,1,0,Q1_praise,219.93345654665956,104.66050502876436,505.59238365447214,0.0349770100415601,0.1426807607406257,6.150493472514241,0.4408352668213457,5.982468955441929,13.451240462818374,91.46893044100544,148.215818504055,0.1467006074911284,0.1372589341660086,0.587954642044308,0.5555591092501837,0.3420594687875304,0.0323955327941243,0.0451610108585328,20.61020825145387,2.9912344777209645,-0.8924564346044819,-7.356286127483081,,,,,65.02105431929992,0.1242105263157895,0.1377777777777778,5.186903877887914,0.7184921816214599,36.89658965227577,5.710928323235374,0.6469858884811401,0.6582770347595215,0.78821861743927,76
74_129,-1,0,Q4_humor,219.6929640380856,84.72777352251168,481.04624863517824,0.0206828103649228,0.1117327971344552,11.931311550174645,0.6836283185840708,6.471062969805708,11.066911815610982,76.20076255845389,224.97859464368528,0.0940519233167107,0.0862671733973439,0.4230593926383641,0.278068775181338,0.0376972857635542,0.144990617457026,0.0437463749967431,24.185156985846746,6.6181325827558375,-0.7071634054992584,-6.286555790277855,2.969543500665829,4.411476917237525,0.8088828712257135,1.0,63.65723410735609,0.0921052631578947,0.1122222222222222,6.701625011984533,0.5772223109683093,43.86042323233563,2.790121017643823,0.7445919513702393,0.7352695465087891,0.7845211029052734,74
53_183,1,0,Q1_praise,146.5143251341101,57.69226133310013,438.3472564593111,0.0377185372667311,0.1429568883501924,6.832973307252783,0.6918138041733547,6.383625493971021,9.668372629833648,266.78809008485604,280.4080146660901,0.1356570416124536,0.0749463308806739,0.2356364642020348,0.3429242632014768,0.0262783277029583,-0.1072877989994419,0.1544858207189496,30.226497358633228,10.054210153004355,-0.446904953805542,0.3284587651757711,,,,,108.80117522219903,0.058095238095238,0.0625,3.196770230261071,0.3796146300607954,38.647520459546,1.52644822356911,0.7814422845840454,0.7586007118225098,0.4876178205013275,53
69_393,1,1,Q1_praise,213.37726654718148,70.7965553826953,489.3489336427859,0.0209011887078382,0.1464148394134137,9.270406713692015,0.762114537444934,6.799733402303882,8.474476926520113,62.42797849992033,120.42419921835904,0.1114735967675381,0.0677467969213054,0.3420822025257791,0.3390292401712481,0.0785076139116076,0.0030529623545309,0.0743901039395728,39.09872073906201,7.786791476831865,-0.5020920100258267,-15.431122398909835,1.412775261845162,1.8862117272208447,0.5483655969599904,1.0,87.26833082738872,0.0581818181818181,0.0849999999999999,3.009654387817594,0.4366412484538269,39.17937056024856,3.669996215786773,0.8170031309127808,0.772771954536438,0.815758228302002,69
79_43,1,0,Q1_praise,220.9923450320589,106.27481862457178,477.6003668348944,0.0232201168040876,0.1184459488823445,9.801803310838697,0.743531202435312,6.7552124030580805,9.765481619233958,71.01064713160872,137.39533791285905,0.1032926615803441,0.0633487372627797,0.4787905419072467,0.3751206975563883,0.1064480061019278,0.1036698443508584,0.0245263501439046,26.041689094800383,7.969632610349421,0.1056308773879387,-3.5731152122380365,4.905940826062072,8.192794979049957,0.986716418424214,0.9798687566511528,92.33886316322982,0.064390243902439,0.0833333333333333,4.249887353172125,0.4390358971133033,40.23939696296415,3.4928010982519924,0.7781040668487549,0.7442745566368103,0.7967381477355957,79
62_347,1,0,Q1_praise,113.845240465973,37.82678855503012,518.0298263771906,0.020588462364225,0.1067494753783474,10.268960186202907,0.65625,6.102099829438275,9.344902489231483,148.22853174477288,166.85364901150706,0.1250372856980053,0.0612574639045626,0.4508995626349328,0.4920008870705379,0.103341965733449,-0.0411013244356051,0.145825313481262,18.14621157475944,5.230371282375665,0.4792939469685048,4.747661428735107,0.4011946693598132,0.4949884152331372,0.6226632479018648,1.0,96.4587285853097,0.0961904761904762,0.07,4.602968710576728,0.4041605285143673,36.79991098903311,2.22529696406438,0.5956857800483704,0.6430850028991699,0.4709404110908508,62
59_232,1,0,Q1_praise,152.6703069336078,83.24784361226682,522.9196466184385,0.0282832077256158,0.1602001826542778,8.055019031669735,0.6553956834532374,6.45670316084007,11.194554999135155,111.93542983418212,181.6896880496712,0.1452957589990986,0.07160803397396,0.4414655586932578,0.4379636963776007,0.0917643222627976,0.003501862315657,0.0239733189572215,25.30846926101695,8.178490670397423,0.5183652311775947,-2.933383701554325,3.678586415349056,4.192782372425366,0.7174114623155634,0.9910760598382222,70.36165827768646,0.0841666666666666,0.1333333333333333,4.58304891057208,0.5636581213618026,39.02200812679676,6.236180146622407,0.7054670453071594,0.7056131958961487,0.6202369332313538,59
70_218,1,0,Q1_praise,217.27762575105908,64.01745557234067,324.7402990123933,0.022638806281588,0.1302169758294798,9.903303712513518,0.7577741407528642,6.508264462809917,11.042626711901097,103.52055937871008,222.4548968265028,0.1015765636150183,0.0667125447286312,0.3311690736428537,0.3712513211828961,0.0812947681132923,-0.0400822475400424,0.0357408044707733,35.88038272449928,8.948863636363637,-0.4655397346727488,-7.165355146946766,16.260072608595223,0.0,0.3254132231404958,-0.0,87.65502955387086,0.1266666666666666,0.3333333333333333,4.331347948868158,0.7298468417014017,45.10977625094988,3.982933649810057,0.7467526197433472,0.712113618850708,0.6962491273880005,70
75_271,1,0,Q1_praise,241.6175169288801,80.5809366010279,410.2356888411449,0.0202991969131222,0.1301547299624154,10.520719718261264,0.6553846153846153,5.813058047328657,15.381110110104078,125.73636923605628,232.558793414138,0.0999445292503414,0.0703105895880506,0.3508326374830266,0.3487357589509756,0.1121544308184088,0.002096878532051,0.0232157788783698,29.21658287224981,7.954711012133952,1.7771944909057595,4.889873303897559,,,,,89.10717115128881,0.1155555555555555,0.1766666666666666,5.336197968025389,0.7417762515530527,43.605711154255225,3.272057817197888,0.7378143072128296,0.7298257350921631,0.7532986402511597,75
66_127,1,0,Q1_praise,289.27764668233306,84.64779107673786,452.1240858023117,0.021680307178243,0.1032229160508432,11.344019667610793,0.7791563275434243,6.189647428699752,9.596981895026204,165.9428241512829,363.9277632821861,0.1000664436859602,0.1219420585600129,0.2522444677628992,0.2933997393891774,0.0274932855848937,-0.0411552716262781,0.0677614829112525,32.44695125704413,9.284471143049627,0.0607960519713444,11.351330627918456,1.432715214678321,1.1973592441372658,0.3713788457219851,-0.0,87.9366473745531,0.05,0.0499999999999999,4.70749030876865,0.4458470122122966,38.8255454536637,2.749478712362252,0.8082622289657593,0.7603160738945007,0.6600660681724548,66
69_175,-1,1,Q4_humor,184.51945544669223,65.35652414357904,495.46501042251975,0.0237442812504223,0.1369681849894345,9.189467044502893,0.6334256694367497,6.902243777024658,9.437988626170435,61.93138831365374,171.22100969071607,0.1227332808267974,0.0794466272887568,0.5548980943429003,0.4737844292147849,0.1326380456690091,0.0811136651281153,0.0360375839475314,21.29328159095269,7.27036344513264,0.0252258521345144,8.405812665234283,3.951940497676574,4.773391035345377,0.828269253242959,0.954434002924965,89.90395244768813,0.0604545454545454,0.0413333333333333,4.757481808387635,0.3964721921401563,39.59245068570022,3.889627819712687,0.610732913017273,0.6248054504394531,0.5189148187637329,69
68_49,1,0,Q1_praise,124.83457645595595,20.081617475398662,118.40420330862425,0.0275774923647087,0.137704770821488,6.860080564637608,0.597027972027972,5.83775902129072,13.76654445630304,372.70216807319326,341.48047933128555,0.1359672296914595,0.0589459438949664,0.1910927889260703,0.2985702259927914,0.0694466316365977,-0.1074774370667211,0.0707452043239342,20.24497249538849,5.83775902129072,0.2226898084513972,9.668991082869011,0.2741324304004315,0.0662284391440799,0.2613921949831665,-0.0,86.13261515124431,0.094054054054054,0.102,3.972308861516991,0.8287229872755626,41.66106519252563,1.786341525781276,0.80082106590271,0.801252007484436,0.5221584439277649,68
66_40,1,0,Q1_praise,195.184730868119,41.18348504414712,354.4635198178237,0.0219740443044271,0.1171095966348755,10.38923125924532,0.6176470588235294,6.336724414879618,11.34256751090546,105.77587328141053,206.89026190114217,0.1032329453017361,0.0679413320041335,0.3531950906110063,0.36715946732908,0.0982532290477923,-0.0139643767180737,0.0388349385717594,21.897234412065227,5.136081894165585,-0.1717485731182668,-1.7918195005057689,2.666058048481715,2.9696452751901266,0.4002141735713443,0.9709505944546686,83.05353582585604,0.1111627906976744,0.0984,5.352088489616692,0.5429063178373029,47.29771765216947,2.3552709994727774,0.7274603247642517,0.7392195463180542,0.3990453779697418,66
74_311,-1,0,Q4_humor,212.82707755206363,59.56204028588684,306.9308605957124,0.029394208793614,0.1396422774450821,6.037158272238644,0.5340314136125655,5.708334804250362,9.684591756079136,96.30784821040304,137.97482034919148,0.1262502708467157,0.0687058980824,0.511941500526856,0.5179245661156605,0.2720406517562239,-0.0059830655888044,0.0292225369663182,36.940892986481785,6.227274331909485,1.4211555472942583,5.6388179834433565,,,,,77.43375868866063,0.0933333333333333,0.1057142857142857,3.767342153832846,0.3703419372840989,48.48872392017659,3.1027340725958785,0.7956393957138062,0.7800955772399902,0.8278765082359314,74
67_100,1,0,Q1_praise,227.9631515089301,41.46256199127998,195.30627000470508,0.0252786730791746,0.1099080088552619,10.268602801796622,0.6698717948717948,6.016457477668955,12.63151180022085,131.19286463071833,197.50212348642052,0.1022989312609749,0.0608623481262687,0.2684735682242569,0.261574837587716,0.386583101628802,0.0068987306365408,0.0429721529443177,25.378814028917223,6.966424447827211,-1.3544997434935124,-6.541717221829998,,,,,85.89833654601271,0.0911111111111111,0.13,3.2843584591299506,0.5203138770129476,45.423268960060106,2.474644693411714,0.6471809148788452,0.6797797679901123,0.4717543125152588,67
70_138,1,1,Q1_praise,194.4525913267978,82.27474053156963,493.8708851032972,0.0207551964955789,0.1172008913941953,10.140083728123324,0.6758349705304518,6.8252367939295855,11.217194807283288,45.91262496473836,106.73794325735793,0.1056599826942592,0.0582214716146894,0.1596163965721099,0.2419258384491626,0.0602293078859118,-0.0823094418770526,0.0725076654354912,23.66430817342504,6.435223262847894,-1.9435019490452785,-11.534086685354264,2.074039938000624,2.2581404481391125,0.9750338277042264,0.8112781244591328,102.61536132889552,0.0863157894736842,0.144,4.411048244841373,0.6388785813979856,43.83367834491753,3.174195203036716,0.6772493720054626,0.7203514575958252,0.8040924668312073,70
64_290,-1,0,Q4_humor,198.79174234910712,49.14767458311384,484.4920235627694,0.0198908268398221,0.0956673081558935,12.092044286776964,0.5915254237288136,5.153764215430831,14.79487072721674,51.82558102829034,120.97675127651218,0.0865607331540784,0.048770484639594,0.314883302128429,0.4404514666470445,0.0601233795219219,-0.1255681645186154,0.0596102948989648,20.39496378365478,6.5900591607148336,-0.1834171814485108,10.363942784020669,2.7288162448341944,3.5148458558431823,1.0983431934524723,0.9798687566511528,77.35774572184548,0.13125,0.19,5.657442079590011,0.7102230876584015,50.681807134253,2.060362780093393,0.5976011753082275,0.6089922785758972,0.4946583211421966,64
58_83,1,0,Q1_praise,197.57185643414425,46.599854342380425,174.52355814426548,0.023799924444686,0.1224230212993816,10.357773544164662,0.5922953451043339,6.064488112039952,12.123543212551532,65.2032961857983,124.38108390276152,0.0933286146474159,0.0549869756373276,0.6764007618936411,0.562485744677773,0.2680899609305247,0.113915017215868,0.0273285203170664,21.49313562339168,6.383671696884161,-1.516034334832927,-12.805034894790566,1.199921394691184,0.7561048386752705,0.7979589621105201,-0.0,59.364202722148754,0.1085714285714285,0.1066666666666666,5.048883860720013,0.3788914394417369,38.7180415791815,2.536669009533902,0.6251795291900635,0.6549708843231201,0.3151859939098358,58
57_265,1,0,Q1_praise,191.63337401319956,59.20299571208746,499.6494246646686,0.0156786875879484,0.091788647620634,12.595606706580517,0.751269035532995,6.2228654124457305,10.391868169213067,143.19040483137752,165.63544952673973,0.0946103621536729,0.0557964072680016,0.357294975446431,0.4718684263068244,0.0652026268612326,-0.1145734508603933,0.1035782787804474,19.48215196523117,8.104196816208393,-0.2111075160327613,-10.635173613410744,1.7144950945126065,2.224787230390437,1.808972503617945,0.99498482818597,86.66143509698057,0.0772972972972973,0.0857142857142857,3.9677213674640632,0.525581279069189,45.08879169599822,1.6436878366923129,0.596785306930542,0.6122258901596069,0.6131658554077148,57
57_265,1,0,Q1_praise,191.63337401319956,59.20299571208746,499.6494246646686,0.0156786875879484,0.091788647620634,12.595606706580517,0.751269035532995,6.2228654124457305,10.391868169213067,143.19040483137752,165.63544952673973,0.0946103621536729,0.0557964072680016,0.357294975446431,0.4718684263068244,0.0652026268612326,-0.1145734508603933,0.1035782787804474,19.48215196523117,8.104196816208393,-0.2111075160327613,-10.635173613410744,1.7144950945126065,2.224787230390437,1.808972503617945,0.99498482818597,86.66143509698057,0.0772972972972973,0.0857142857142857,3.9677213674640632,0.525581279069189,45.08879169599822,1.6436878366923129,0.596785306930542,0.6122258901596069,0.6131658554077148,57
57_265,1,0,Q1_praise,191.63337401319956,59.20299571208746,499.6494246646686,0.0156786875879484,0.091788647620634,12.595606706580517,0.751269035532995,6.2228654124457305,10.391868169213067,143.19040483137752,165.63544952673973,0.0946103621536729,0.0557964072680016,0.357294975446431,0.4718684263068244,0.0652026268612326,-0.1145734508603933,0.1035782787804474,19.48215196523117,8.104196816208393,-0.2111075160327613,-10.635173613410744,1.7144950945126065,2.224787230390437,1.808972503617945,0.99498482818597,86.66143509698057,0.0772972972972973,0.0857142857142857,3.9677213674640632,0.525581279069189,45.08879169599822,1.6436878366923129,0.596785306930542,0.6122258901596069,0.6131658554077148,57
57_265,1,0,Q1_praise,191.63337401319956,59.20299571208746,499.6494246646686,0.0156786875879484,0.091788647620634,12.595606706580517,0.751269035532995,6.2228654124457305,10.391868169213067,143.19040483137752,165.63544952673973,0.0946103621536729,0.0557964072680016,0.357294975446431,0.4718684263068244,0.0652026268612326,-0.1145734508603933,0.1035782787804474,19.48215196523117,8.104196816208393,-0.2111075160327613,-10.635173613410744,1.7144950945126065,2.224787230390437,1.808972503617945,0.99498482818597,86.66143509698057,0.0772972972972973,0.0857142857142857,3.9677213674640632,0.525581279069189,45.08879169599822,1.6436878366923129,0.596785306930542,0.6122258901596069,0.6131658554077148,57
57_39,1,0,Q1_praise,200.40862715930427,78.33328992344218,523.3145507091707,0.0221866802110412,0.1171545462386684,10.873261595678896,0.7516570923552806,6.838426846690384,9.320439866062491,67.17007484021124,112.82610118212216,0.1068613662616395,0.0667574167639998,0.1927861115152177,0.2397245771255485,0.0934366688369842,-0.0469384656103307,0.0310700808155613,31.614594097195557,8.912014342138436,0.0396202304835296,0.8800865247113272,5.287871359789237,7.391318593153293,0.8382587747555954,1.0,79.23412952545398,0.0692753623188405,0.078095238095238,3.5775401745648865,0.4863318404869624,41.74402449554607,3.641317197665502,0.7568498849868774,0.7321227788925171,0.7787554264068604,57
78_39,1,0,Q1_praise,116.51401212490008,43.96331796945764,507.6091646256732,0.0338681771299233,0.1368941720596385,7.213214059107805,0.5901442307692307,6.224552946158106,14.39462688092084,419.38177868984815,484.4813173323135,0.1547751460379238,0.0695438915105504,0.2937878651821469,0.40463388617675,0.1831349242397117,-0.110846020994603,0.0641500461842901,29.43229205515302,6.58366176997492,-0.1201063737973068,2.807531644718757,2.713812260369793,2.7318103468525505,0.5985147063613563,1.0,69.33526505821372,0.1135714285714285,0.1511111111111111,4.078315921993363,0.5808982627131786,41.75732138102719,2.158090955711541,0.6551768183708191,0.6751728057861328,0.4366932213306427,78
78_152,-1,0,Q4_humor,216.53957288878192,51.21030633451863,302.30250251726466,0.019601192734106,0.1104418607489493,12.369623802868883,0.6633663366336634,6.234606942222553,11.515252898481112,42.38410503554771,71.47198432422846,0.0932018697922694,0.0601379276302873,0.3646806526054039,0.5251707507446499,0.1829079161829924,-0.1604900981392459,0.0379570592386224,19.749766912941123,6.234606942222553,0.469643111490759,-4.771685529843738,1.438222088836048,1.3946348970992852,0.8203430187134938,-0.0,84.16123754712459,0.0942857142857142,0.0971428571428571,4.426646856932934,0.6497946324530514,53.87617551382049,2.469114995450267,0.6933598518371582,0.6800077557563782,0.5993751287460327,78
59_205,1,0,Q1_praise,185.6578393085711,68.42390080144271,292.9485534206505,0.0210333637957845,0.1317998149556057,9.344072590862687,0.6396396396396397,6.246290400906491,10.049996724446313,156.92563729114096,301.98318823959704,0.1179998775905343,0.0630081400342787,0.3530091225229416,0.349212502956117,0.0122105674461911,0.0037966195668245,0.0980644269751243,17.302431687455687,5.651405600820159,-1.781737597570894,11.227882161924809,4.632937846808946,5.137475404838253,1.487212000215831,0.8112781244591328,110.986452273217,0.13,0.09,5.1360598317767,0.4803197998073292,40.33170619005736,4.137503359490628,0.6936937570571899,0.6702867746353149,0.7604450583457947,59
68_321,1,0,Q1_praise,212.54097113033188,62.31542565403855,444.8186493864413,0.019080034897874,0.1164081127445899,12.202619248180063,0.6887072808320951,6.223602108807193,11.19613727542984,102.03669823820948,160.42586065680027,0.092933586313372,0.0586033108169091,0.3424003760032609,0.4213273583069132,0.0107277723240718,-0.0789269823036523,0.0702269929075857,20.715771000995048,7.483140630827696,-0.2640309942425239,-14.889310132649223,2.1020816619775013,3.5838337161326512,1.629991028497122,0.9182958340544896,92.8751903659986,0.1042105263157894,0.125,4.434621165757767,0.7803362791834145,40.200053706131,1.98497112002785,0.7410569190979004,0.7226383686065674,0.7135213613510132,68
65_66,1,0,Q1_praise,204.89477782864603,56.04050264426017,303.4022813938255,0.0256838892272341,0.126681565598791,10.86872576062817,0.7162891046386192,6.231180752477562,10.764719105317738,57.64973095321985,95.85203808605796,0.1043827531656936,0.0651486869915762,0.4958550831259285,0.4704158748101091,0.1558551538215364,0.0254392083158193,0.0347032594790216,27.760709469972124,8.70216622328763,-0.1570892628375066,12.72252453482164,2.121488964536674,2.49009426697675,0.6446049054287134,0.9709505944546686,91.63282513803529,0.0754285714285714,0.13,4.53408445072401,0.5249874029539269,39.74898125897482,3.672359566911711,0.7537232637405396,0.7435929775238037,0.7834377288818359,65
62_78,-1,0,Q4_humor,210.16066317281903,71.72033154353065,456.2679095835969,0.0258680343647946,0.1265564358532569,9.98574997379413,0.656972408650261,6.767796009916185,10.237312941919669,73.4383359842576,174.8661965093097,0.1080814562806565,0.063557047166578,0.1455945935658692,0.2478579081129048,0.1959206769967305,-0.1022633145470355,0.0329913187000761,23.066820443153443,6.544681855743123,0.1894580829659601,-5.415063084054426,6.353209750523585,6.668095344163888,0.446228308346122,0.9709505944546686,72.65968306146056,0.0773584905660377,0.0768421052631579,6.015798834221323,0.4510593465121576,35.557959945222834,3.4648834549300607,0.7592679262161255,0.7352677583694458,0.582621693611145,62
80_176,1,0,Q1_praise,151.00243087511407,79.26839035051927,322.2667943081516,0.0242684536992704,0.1522425205183379,7.871801287485281,0.7705382436260623,6.171049116513376,7.4543158708641215,135.07504602288233,216.1275358270113,0.1334974498891657,0.0709301721040247,0.5501959157254229,0.5191699854099189,0.1991169934799916,0.031025930315504,0.0200975887167809,33.87757602025793,9.537075907338854,-0.7193784095479309,16.493254196353227,5.712825302878237,0.0,0.5610044651375796,-0.0,96.99708542757442,0.0644444444444444,0.0466666666666666,4.180684144597714,0.3649095264493693,34.804585683550975,6.595633744004101,0.6868085265159607,0.6946888566017151,0.7129851579666138,80
74_185,1,-1,Q2_criticism,202.464280823496,32.67544658098416,394.23491008308815,0.0196563724930182,0.0981994850790634,12.827874382961593,0.729312762973352,5.722233826405636,11.0441839711196,80.72689337302397,119.9815000443365,0.0900262141784066,0.051895528933007,0.0920838515518806,0.2258999129747642,0.0829805095696109,-0.1338160614228836,0.1697275485593142,26.072745254344543,8.234434042876403,-0.3822021867481454,0.3863388679943043,1.388777964659525,1.806037020460442,1.3956667869282038,0.9910760598382222,67.49066588968769,0.0609523809523809,0.0428571428571428,3.984270817845693,0.4319225443477514,49.066139090106375,2.00889077238281,0.640857458114624,0.6445990800857544,0.5075054168701172,74
77_73,-1,0,Q4_humor,212.5634090771185,83.5328467562089,471.4750497995832,0.0179446564578222,0.1109355647539791,11.43534784385033,0.7708154506437769,6.420659478892871,9.444887497845253,254.05908411651708,461.442353284769,0.1042756917717806,0.0693795365024987,0.2041675434404305,0.2686308229214644,0.0194232253705286,-0.0644632794810338,0.073556139679865,28.193334918522265,9.074532063501923,1.251953820214483,17.846543095535765,3.8153407710809897,5.4973546932623165,1.8833934471419087,0.9852281360342516,78.6454354203724,0.0733333333333333,0.1685714285714286,4.130179672694566,0.5401435874232768,38.77157929102146,3.108435709753673,0.7000395655632019,0.6856711506843567,0.6114357113838196,77
65_368,-1,0,Q4_humor,227.1783100523783,58.162894197832806,305.3262838298588,0.0211261064538122,0.1054691620871166,11.971527224132265,0.7426470588235294,6.337146158989082,9.114173193221468,79.41130275371071,133.10994422635557,0.0859120913984821,0.0529841982123199,0.6612587411790549,0.699554834236497,0.0078540759584082,-0.038296093057442,0.0102100498638239,26.247827834843854,8.538470614216868,-0.4789737070140027,-3.798681956818648,3.555671376859501,4.109643824815755,0.5336544133885542,0.9852281360342516,85.28284596463965,0.0831818181818181,0.1416666666666667,3.866484650504353,0.5204814301422854,46.436321781191054,2.220399515469348,0.8193033337593079,0.759094774723053,0.7916655540466309,65
78_97,1,0,Q1_praise,237.43961325136289,78.1590689632852,442.75067773452594,0.0200262504546949,0.0970460152378832,12.69538821535978,0.7266065388951521,6.01934886379002,14.094341172641291,119.01344847456402,156.51059847153726,0.0878505163213206,0.0658889005427926,0.2749114983701925,0.4501659500770432,0.0912839321712733,-0.1752544517068506,0.0195814384508682,27.24091008837847,7.088205204089183,0.1464778899452349,-14.164728462542158,4.587254808872834,6.541006490784639,1.0126007434413118,0.9366673818775626,90.24460899529922,0.090204081632653,0.1083333333333333,4.720676453003045,0.5446284010843804,47.84213981949918,3.339277406732528,0.7344703674316406,0.709177553653717,0.3534822463989258,78
73_28,-1,0,Q4_humor,220.01932947135936,71.2140389457466,437.20355041783097,0.022123238484265,0.1189412699258787,11.967640102292012,0.5965130759651308,5.902450020428577,15.849626742737325,36.48455668285577,69.45085469943407,0.0935170835597876,0.057784203351666,0.4430159583918996,0.4174684539165615,0.360606813676484,0.0255475044753381,0.0127975009688331,20.655626073079084,6.026712126121811,0.0146829703219515,-14.017014477685692,4.370514363934856,4.822278232634821,0.7455726341593992,0.9940302114769564,84.8658641190825,0.1433333333333333,0.2357142857142857,5.481768924272474,0.7800286667519271,46.70339388029029,2.974219389452292,0.664309024810791,0.6582069993019104,0.6290648579597473,73
77_141,1,0,Q1_praise,205.26176268996167,73.94610442002923,517.574280958444,0.0231741730639819,0.0997682997244124,11.419475698198871,0.6948853615520282,6.160873232765387,10.215399654291984,43.95243767415478,65.43322959269082,0.0977647126996264,0.0599624024457542,0.3570117352884753,0.3155220173755093,0.0038253016715988,0.041489717912966,0.0385773285842176,28.42082950090687,7.158347946641688,-0.4451127923314296,-13.896041115136718,5.15664764787224,7.480162289671447,0.70409979803033,0.94566030460064,88.28337844691065,0.0564705882352941,0.0361904761904761,3.831217782617756,0.4028057483383847,38.68395288495703,4.051331758781447,0.6862490773200989,0.7056018114089966,0.8238458633422852,77
62_284,1,0,Q1_praise,230.1713955073904,65.91404886870912,405.50367353419233,0.0258123153463262,0.1322962329831811,9.50978277248725,0.689922480620155,5.845354327557921,10.007025923361567,131.9405770417639,214.98742714251347,0.1034974196043582,0.0635516714490218,0.4244737846096326,0.4727658630895746,0.0957551797098243,-0.048292078479942,0.0159502149592024,24.95633934477072,7.279120483374014,-0.5435619520919364,-7.418592926880178,4.023842475079233,4.934767019483829,1.1028970429354568,0.9182958340544896,60.25322978131816,0.0807407407407407,0.08,5.036007466072683,0.5037280999778384,45.07402467395415,2.440116781515365,0.8060619831085205,0.7836616039276123,0.610020101070404,62
77_209,1,1,Q1_praise,236.2171412798425,52.11563002774897,254.0113965159596,0.0225078917795251,0.1273260204335078,11.840744521428306,0.7092436974789916,6.354515050167223,13.729829364018158,90.5897958667502,194.64271470324215,0.0866784791820586,0.057940934595194,0.4750044103478467,0.6339543496214216,0.1393604098043924,-0.1589499392735749,0.0445542297274608,22.36011607050933,8.361204013377925,-0.2407906449304014,-2.925025036630334,3.748279454319473,4.649315698658117,0.8361204013377925,1.0,52.83286659729989,0.1369230769230769,0.165,5.178740986910142,0.5823274266826398,47.02912394132361,2.9292373306227204,0.6837165951728821,0.6762062311172485,0.4953966736793518,77
79_51,1,0,Q1_praise,170.13356011194838,89.41348666129817,475.4350440857592,0.0292319139599506,0.1397663060235819,7.3831429433038895,0.6352723915050785,6.626154025943672,11.800394189606576,178.43777692493717,183.6700594538028,0.1348834826969919,0.0718027870612346,0.6070916839542948,0.6477085684364047,0.156622436204758,-0.0406168844821098,0.0212674952806631,31.666090133102024,7.086303611078649,0.2172212762587715,-9.752342064810072,7.386486700325793,9.46502459694398,0.6442094191889681,1.0,69.02454120660896,0.075813953488372,0.0957142857142857,4.03043237804392,0.4955203763487343,41.7364910365908,3.981209258648503,0.7603396773338318,0.7312121987342834,0.6990159749984741,79
61_319,1,0,Q1_praise,179.96298170521152,24.585652107840584,154.77400802589813,0.020023467374088,0.1206002132578576,11.393337068508076,0.5826666666666667,5.041121933904087,14.156827803482296,46.54465141832949,95.10288696304715,0.0977690714605666,0.0516155063978382,0.1293494953431866,0.2679884048366988,0.0451744544125667,-0.1386389094935122,0.1200122149954857,16.63964350264744,5.7044274515230455,-0.5502981165498588,-3.1959072604372523,4.663928563384451,4.064537666292441,0.530644414095167,0.9182958340544896,80.13572414400593,0.179,0.2755555555555555,6.289149507277506,0.6293597846849742,62.56380972840616,2.522996598308753,0.4993953108787536,0.4959300756454468,0.454617828130722,61
74_179,1,1,Q1_praise,132.67308077856916,59.35921529887866,464.6347566624805,0.0232416362745485,0.1206813270803238,9.149292808999602,0.6264737406216506,5.991542550481463,11.348110614744622,146.88745913162126,168.42572945918667,0.133982282992838,0.0651143866041559,0.2030350903142746,0.4161175636537138,0.1232038402482188,-0.2130824733394392,0.0588687212767795,19.65492401350682,5.670567056705671,-0.109454922027274,-19.25070913028055,2.3325849961299023,2.8088572691249167,0.8559346500687804,0.9709505944546686,67.20827435725218,0.1032258064516128,0.09,4.607783450234106,0.5480648932939749,39.05575657557726,3.3993164138726573,0.6805145144462585,0.691948652267456,0.7972766757011414,74
57_329,-1,0,Q4_humor,164.31398774882848,37.76859436200469,236.91813756252,0.0248629089171603,0.1390582912621448,7.646646580201079,0.7818574514038877,5.99696946149662,7.130892040061378,146.65741657332768,147.17111715487704,0.1318385806905815,0.0678858913634146,0.5398943937235754,0.4178214064051503,0.0826035775466332,0.122072987318425,0.0332810291545483,29.115351450622672,8.781276711477194,-2.4056412779169185,-6.1027154020853605,2.7742464091616377,1.7202917605787498,0.6425324423032093,-0.0,98.63922249393602,0.0317647058823529,0.0199999999999999,2.721939037937869,0.4531780779896247,34.44739442705806,2.213684176509289,0.7372051477432251,0.7003623247146606,0.758225679397583,57
64_177,1,0,Q1_praise,184.7941994392308,37.10988779799412,395.1519171022084,0.0160665047177165,0.1278926166776642,11.1460457638035,0.7899649941656943,7.202579462295911,8.542248512624342,59.853972022291,111.10447981330076,0.0987566404697234,0.059792608722942,0.2870084860428523,0.4280103537379225,0.2102647394259768,-0.1410018676950702,0.0664952468310124,20.506549211032286,7.086408825807268,0.1162980316425325,-6.20036490094264,1.1801625433738503,1.7402007051130812,1.1617063648864374,0.9910760598382222,99.44235386751916,0.0514285714285714,0.04,3.719065574985364,0.3866399961094738,37.02720376468674,2.2820982786660604,0.6840653419494629,0.7017006278038025,0.1533514708280563,64
74_250,1,-1,Q2_criticism,204.73555714566172,63.78110379964121,317.50042614346904,0.0253877229509521,0.1289879401598629,8.780773286472922,0.7460732984293194,6.254875540741791,10.138705525163088,133.12947804558522,211.78091239467184,0.1125689081356818,0.0720966426475893,0.6233678553622023,0.4120405933907894,0.0802088147312694,0.2113272619714128,0.0220053838478115,43.56627630977517,7.29735479753209,0.4430909368556342,9.33819550791039,7.873022022812105,1.0837508465212942,0.3909297212963619,-0.0,76.25071474019445,0.04,0.065,4.252675817728052,0.4801844174807366,42.04816172479647,5.130845204449249,0.7815378904342651,0.7756301760673523,0.4968430697917938,74
77_128,1,1,Q1_praise,111.63775530497706,60.373637658943295,416.1874438265943,0.0260780102390002,0.1397085932548426,9.249023255493109,0.8292282430213465,6.526323578378778,8.715958825692187,417.18963921380725,418.918372567754,0.1564680629878451,0.0556359678870106,0.4256998555329507,0.4942191452952692,0.0609342480989073,-0.0685192897623185,0.216468400547372,20.734196343446555,10.115801546487107,-1.2967004521919334,-30.436782328830876,0.5421840735030475,0.6214130119713848,2.121055162973103,0.9182958340544896,80.80305591536464,0.028235294117647,0.02,3.2365778660198736,0.4178014738905292,43.84054409125657,2.4627925987549992,0.6443815231323242,0.6682062149047852,0.9616435766220092,77
79_259,1,0,Q1_praise,213.65750541459283,19.595457442305342,109.20866006067196,0.0190153363111872,0.1022541087010242,13.520605622206563,0.7663157894736842,6.47448283700841,10.358776646423554,49.696467192297085,62.09703336809588,0.0823490404614814,0.0506037897688828,0.3069342765289702,0.3410105031420221,0.0645936786709867,-0.0340762266130518,0.2765270915026578,16.933504797570677,10.025005683109796,-0.6076437732885525,-5.545140442589851,0.9527822368479928,1.0003378145333528,0.8354171402591497,0.9182958340544896,90.136096235802,0.0492307692307692,0.16,4.328421498955426,0.4074197985447547,28.54564221276179,1.2073288438668468,0.622244119644165,0.6171325445175171,0.4067451655864715,79
64_373,1,1,Q1_praise,245.10781121480008,54.14175248194604,421.26811403767726,0.0174644680236383,0.0989284262288601,14.690406667080223,0.7865961199294532,6.311320304673462,11.459140801747466,48.03683775346701,74.57238767434701,0.0760439666564528,0.0463413735564631,0.5174876287726545,0.3868596542001278,0.140028008402801,0.1306279745725267,0.0643484589209572,22.88774092790391,9.466980457010193,-1.4656132109895408,-21.065859009509605,2.4794418005469003,3.066517978904163,1.4025156232607694,0.863120568566631,76.69564656457345,0.1666666666666666,0.1133333333333333,5.257484353860809,0.6532314364173001,45.069602924056326,1.628647054860487,0.7512460947036743,0.7232200503349304,0.821387529373169,64
69_320,1,0,Q1_praise,207.23143630992587,38.43521166511324,142.38057147719596,0.0318952078631694,0.1467080137572215,9.171673446364837,0.6722408026755853,5.956239870340357,8.800126114351132,103.63384777320834,186.99632088062407,0.1105887803721049,0.0707666824360191,0.2268437838608631,0.3565347515120925,0.3261640365267212,-0.1296909676512294,0.0429518939166905,26.65988499300137,7.941653160453809,-0.621852562409568,2.564959734628733,3.0915438563673554,0.0,0.6618044300378174,-0.0,123.05845505845504,0.0436363636363636,0.04,6.381615029473847,0.4025245672207807,49.07027534546176,3.476728174486903,0.7107748985290527,0.7006774544715881,0.8247315287590027,69
59_90,1,0,Q1_praise,205.75329199088117,74.63551081919347,488.1907565355581,0.0191493450971294,0.1443740274446818,9.9650869875925,0.6646989374262101,6.701127118011494,11.915521138846657,50.83823117357405,152.1421513305,0.1172613101335679,0.0628588452969637,0.309829536548356,0.3792335380871487,0.0352892336620292,-0.0694040015387927,0.0305358486701851,16.345402682006583,6.348436217063521,-0.0002906607345237,-17.109741777558845,2.87129458441174,3.7847708554428063,1.1756363364932447,0.9182958340544896,74.68081895415402,0.0658064516129032,0.1766666666666666,4.957283365898758,0.6692780587063688,34.975948814889115,3.0877264237817257,0.7155265808105469,0.7250351905822754,0.5859320163726807,59
71_226,1,1,Q1_praise,117.18874108592549,54.943011704992514,484.9184834874759,0.0253625289085775,0.1509575061795278,9.10197675272607,0.7853598014888338,7.285745487536472,7.276738514509106,141.31205441452974,171.34164890214737,0.1485504269478244,0.0666703901404605,0.1501832202223826,0.3117038469558761,0.0112699955664472,-0.1615206267334934,0.137779964929448,29.425283691396032,9.878976932252844,0.2828648880037123,6.064191723659974,1.9727507074285449,2.2675794106696374,1.1113849048784448,0.8112781244591328,86.3802580235708,0.05,0.02,3.291671046965887,0.4417917152901325,39.8329872491622,2.842244218900188,0.6354360580444336,0.6874672174453735,0.8767637014389038,71
59_48,-1,0,Q4_humor,134.85501530882303,81.85548585121893,464.2787288962138,0.0295821637128911,0.1757725071908233,7.460829685148946,0.6087751371115173,5.2727272727272725,11.157343552237611,151.31423605263896,243.43942616139407,0.1506158150073492,0.0735911147931131,0.227479700645778,0.2941367283508603,0.1354570922957192,-0.0666570277050822,0.1289379597299369,22.41480479709435,5.818181818181818,-0.9238038696647044,0.4894271989663004,2.3630386281060813,2.674476295772554,1.4545454545454546,0.9852281360342516,86.93211157607442,0.1022222222222222,0.1025,4.272156060271928,0.4016975790057147,36.82457601483311,5.488590613202788,0.565643846988678,0.5956648588180542,0.605831503868103,59
78_286,-1,0,Q4_humor,258.6277835592022,103.20207877403556,521.6227755396209,0.0205043560228858,0.1147384991744366,11.42597773487768,0.663981588032221,5.615381816858879,15.384583796795884,85.53347287281603,184.4846343657681,0.0919940174668071,0.0639194045664789,0.3664961819211553,0.4182261767777194,0.1398671892254168,-0.0517299948565641,0.0959152881312089,29.001730318329106,6.761378106013752,1.0534175035239526,11.56227377838894,2.583856818711457,5.638694042749076,1.031396660239386,0.954434002924965,93.12088301008104,0.0864516129032258,0.1674999999999999,4.013484478847623,0.7921231701486519,50.79281745881544,3.773427266956254,0.6913044452667236,0.6942124366760254,0.621957004070282,78
80_48,1,1,Q1_praise,108.8453673737231,18.333042455503342,109.08158852121667,0.0185330318515524,0.1114104950973671,9.361480347367625,0.5844004656577415,5.797749263777871,14.747844232350731,218.59414573831387,261.73691167410186,0.1343900558744866,0.0550572085583676,0.1619666393281682,0.3303675976338919,0.0698934832637926,-0.1684009583057236,0.1218275145699084,14.667363973581605,5.449884307951199,0.2572082423080513,5.0795687221069485,1.6297949632448336,1.9057690511247287,1.159549852755574,0.9182958340544896,83.22685483591486,0.1226086956521739,0.196,5.525344187840926,0.6945662797425198,46.2285309370953,1.6437033574044329,0.6259248852729797,0.6620941758155823,0.7790964841842651,80
76_225,1,0,Q1_praise,225.0074107181449,52.34114960205516,378.3141515002282,0.0252158336140296,0.1117947223135831,10.73488523851908,0.7094972067039106,6.360603514228738,9.144333346760495,99.958757256365,165.81472814278493,0.1098919617662567,0.1218553565172415,0.16555019231092,0.2405327617802897,0.0837707816583391,-0.0749825694693696,0.1217382511691282,33.244089275027804,9.126083303023842,-1.3191314488316417,-31.897027772928254,,,,,84.75351828735288,0.0485714285714285,0.0799999999999999,3.968773418064361,0.2865225822311936,30.25664941252939,1.9031015062108052,0.6709684133529663,0.678433358669281,0.7010611295700073,76
61_14,-1,0,Q4_humor,189.08051601067797,78.23558274321455,458.9461549058505,0.0237691225674761,0.1082777896852474,9.464092388311274,0.6385542168674698,5.993150684931507,12.184189139537718,126.26122047283016,166.05336233215516,0.1112930951246354,0.064883701547388,0.3120325715827406,0.3181018924314071,0.1251570276504514,-0.0060693208486664,0.0283343021860283,19.781060117158923,5.821917808219178,0.0434753165796957,-6.870928236137308,3.625089633441816,3.625089633441816,0.5136986301369864,1.0,93.13159386534464,0.0708333333333333,0.0514285714285714,6.348578203684084,0.4734386358262911,42.59120383835434,4.536131961504464,0.6011764407157898,0.620317280292511,0.5694810152053833,61
54_79,1,1,Q1_praise,130.62170219360024,61.08056952406226,508.76436438547137,0.0241032525457848,0.1061531606822703,9.829513205266352,0.6740209597352455,6.275104035867722,10.758281080886922,161.2518317774022,196.537724637508,0.1277085807197139,0.058744142480965,0.2235043946822381,0.48840751082063,0.1733847141950913,-0.2649031161383919,0.0280610035918678,24.332989350698877,6.440238352601083,-0.4784862614062166,-3.1617844700358546,1.865707331312166,2.299884879827491,0.7706268114223519,0.961236604722876,89.22994879410776,0.0853846153846153,0.0829629629629629,4.01608988767406,0.5327781187001621,46.84596522775919,2.3743249129647577,0.639039158821106,0.6623934507369995,0.7937309741973877,54
71_73,1,0,Q1_praise,134.25751079353478,57.095205424417856,488.79528625368965,0.029049130809271,0.1778872807616891,6.314516769250066,0.6608084358523726,6.640987231614238,9.627939609969689,246.62091861796728,248.05716067546985,0.1530609058320091,0.0674093741890095,0.328690803246061,0.5623161059406885,0.1916651365667478,-0.2336253026946274,0.0571218694130085,25.85078490583521,7.165275697267994,-1.004624999592346,-6.901301577748622,1.5429137356497762,1.1264939463470274,0.6990512875383408,-0.0,88.55576760338879,0.14,0.19,2.8404469648859605,0.649223194312931,38.45356319771077,2.3628529450150344,0.7010836601257324,0.7307130098342896,0.6647312641143799,71
65_103,-1,0,Q4_humor,128.05858502850364,45.90290160057584,307.3919884017218,0.026511180508957,0.1423480690745239,7.248933183803522,0.5058043117744611,5.774583601454589,13.631436433580618,160.3508980283684,216.76471227750525,0.132739307096677,0.058664051984379,0.3336958890001775,0.3666195743902726,0.1229054115214984,-0.0329236853900951,0.0642562322984358,19.004491156754103,5.114631189859779,-1.062384290753355,-18.414504124514853,,,,,90.40089276347857,0.126,0.1338461538461538,5.249451138231731,0.551027078780529,44.575176330363576,3.471393466010501,0.7049447298049927,0.6874210238456726,0.722930908203125,65
77_130,1,0,Q1_praise,253.7471716592967,78.02034796621604,439.22645226426016,0.0218112387683292,0.1390888626792445,9.761762237196187,0.8173996175908221,7.243632968514964,7.795901366154266,255.50980122149687,379.27733106659934,0.095250499970426,0.0621954443025611,0.4749903332190541,0.3757015965023468,0.1881772304457604,0.0992887367167073,0.0633150519273169,26.479224709080228,10.48420561232429,0.3246428350245396,-19.314451275747228,3.718694867123856,6.467236293849972,1.048420561232429,1.0,77.89019230195014,0.0621428571428571,0.0542857142857142,2.9452653814481446,0.3841662835606253,37.12829318241076,2.104250328472803,0.82695472240448,0.7981674671173096,0.7049456834793091,77
68_267,-1,1,Q4_humor,186.6638717461834,50.23509356249223,486.369524119038,0.0194316976354519,0.0910499992535193,12.206624057116596,0.6774903687396808,5.932750206153976,11.82298229429641,53.73532998370381,108.19983459433,0.0960632054441914,0.0541092315921957,0.2000438190080484,0.2713129160227255,0.088612397019162,-0.0712690970146771,0.0954892307834143,19.734759611502454,5.877817333874773,0.2403665819007515,8.524970010745356,2.751095073244518,4.464912143149188,1.7578519129345114,0.9629004147713268,92.35581851118808,0.0710344827586206,0.09,3.835558064469641,0.530013165599928,50.85636775734624,3.2601331311724224,0.6842470765113831,0.7089225649833679,0.885980486869812,68
63_301,1,1,Q1_praise,219.68194692192856,52.39907570804144,262.34913115782405,0.0235399365317626,0.1305071836885488,10.971337513595229,0.6956018518518519,6.6858702243784105,13.140471633894991,43.44125506237556,64.51831985396056,0.1019883305933526,0.0650279532092398,0.3854140304358669,0.444556494982335,0.2083638983391518,-0.0591424645464681,0.0203734668132774,20.16259608741682,7.838606469960895,0.4494784324328584,-14.538844857034665,4.378706497605991,5.266829668135671,0.6916417473494908,0.7219280948873623,79.90571187019377,0.1171428571428571,0.2771428571428571,4.535898534856501,0.8370672267429003,38.73729467984528,2.986644967851481,0.7550811767578125,0.7541747093200684,0.5216898918151855,63
60_8,-1,1,Q4_humor,191.9153474951491,62.31320447245048,510.2071264760396,0.0196466426704974,0.1052363002287437,12.222308915950723,0.7851239669421488,5.995745316115547,8.772503395224867,50.25219175074076,132.36083658370768,0.0940709991649992,0.0502697443863357,0.2209299075582155,0.3557447443014042,0.0988435736648435,-0.1348148367431887,0.111031241165221,26.713783169358376,8.817272523699335,-0.8428958090834991,8.106222925739715,0.8362363267710103,0.944073071686018,0.8229454355452712,1.0,99.35942324470558,0.0632,0.0559999999999999,4.678062329272465,0.4048436630328388,34.92087750168352,1.6206953762898857,0.6360762119293213,0.6716457009315491,0.6007408499717712,60
64_34,1,0,Q1_praise,182.83937394616945,46.82080864999349,322.0465876907369,0.0198527047447172,0.1167652494686968,11.495883962257489,0.6796565389696169,6.193172480764921,12.521100105262766,55.16147197725464,102.87555490403224,0.0999758325364307,0.0514459688976465,0.3338987274906717,0.3542311427940236,0.0607295785386753,-0.0203324153033518,0.0988158621965116,22.138408496994096,7.181444685142302,0.1562048780071529,17.3346704740011,2.091225828630388,2.407413573794072,1.1859266452528572,0.9975025463691152,68.24362122413643,0.1156756756756756,0.11375,5.746319738654715,0.640239399446951,43.55438250302419,2.3977310880764424,0.6557325720787048,0.6438164710998535,0.4947640001773834,64
63_30,1,0,Q1_praise,239.45309102657004,70.34287810603647,502.4989918052202,0.0180988426422843,0.0953049999913097,12.730347828074692,0.773109243697479,6.248552855755573,11.553592559746784,85.30054697035416,139.0889951298323,0.0920324602940241,0.0758208051075462,0.2677732213757934,0.3485295468104072,0.2601204740829397,-0.0807563254346138,0.0286495240197091,20.45688533720401,9.6014348759171,0.2288266790315628,16.307554893447346,2.673590939493945,4.159630131984816,1.6764410100807636,0.9852281360342516,67.54416990435143,0.0853333333333333,0.1625,3.4496371817662106,0.5811824227026553,43.45575213784741,2.044434712291541,0.8319447636604309,0.7835410237312317,0.6649741530418396,63
73_42,-1,0,Q4_humor,210.97321766002537,52.172427022379736,409.2831913400324,0.0194682487276607,0.1003695121527756,12.043909505942596,0.811495673671199,6.414204559757664,9.21020533659828,71.30131098765774,100.10098738570538,0.0873881188324593,0.0497950542967113,0.320156401046064,0.3911578703016525,0.2109881055538794,-0.0710014692555885,0.0716542160907282,29.04327537851783,9.68298188348032,0.1521975820340635,-1.413955537234962,2.5305245319665075,3.514097041554019,1.4185260084079447,1.0,91.7587009245324,0.0864705882352941,0.1428571428571428,3.553487344369283,0.4870159134977008,44.03112720043239,1.8923867460679509,0.7769980430603027,0.7486335039138794,0.7216411828994751,73
77_252,1,0,Q1_praise,240.1088569977463,51.60204408566656,268.438073525592,0.0207862702640119,0.1084232924855434,11.836436169566396,0.8605108055009824,7.216654430301369,6.564927390080236,207.9471023529184,367.0559970517015,0.0922626891736364,0.0657115258351375,0.2447946714785057,0.3241776349612641,3.9065897663140994e-17,-0.0793829634827583,0.092996526156556,40.47379119389118,12.092772288613103,-0.998759771899937,4.194123057547042,3.013314191943584,4.0233284173215775,1.9504471433246944,0.9182958340544896,79.77469342314608,0.0472727272727272,0.0,3.478484862923961,0.3325154133891982,39.40306605424396,2.4827109739171105,0.7376724481582642,0.6916277408599854,0.6640117764472961,77
65_307,1,0,Q1_praise,183.95468691988032,44.14386310615766,299.1094904788689,0.0176868083516711,0.103438433636648,12.030453218286326,0.7306451612903225,5.77758692218672,10.652642761779823,84.89458892588839,112.64927945490102,0.09617610082032,0.0621838084284034,0.5022366027913753,0.4971389267977725,0.1554515424120345,0.0050976759936027,0.0867746873211303,22.76400530214285,9.950288588210462,-1.4551189670337343,-4.264376753047163,2.509473274119572,2.8296990867179224,1.2839082049303825,0.863120568566631,101.22134213773153,0.0976470588235294,0.1166666666666666,5.049898841779787,0.4537573047455846,45.65555800202119,2.7124042698650075,0.5339686274528503,0.5722401738166809,0.4083658754825592,65
75_331,1,0,Q1_praise,221.8356431260409,39.78189881212767,209.77006073802048,0.0185663695422818,0.1029861961747852,12.24800243723846,0.8343313373253493,6.544968833481745,6.456732414650076,35.194041816217926,75.83977702429895,0.095097116335562,0.0647921296755777,0.2422979079761641,0.3007036468410334,0.1261760595753023,-0.0584057388648692,0.0765659213630279,39.60019396679193,9.51995466688254,0.3824719031950738,-8.735077559785122,1.9452483085185417,1.9452483085185417,0.5949971666801587,1.0,63.038946485755,0.0345454545454545,0.0,3.2749340268034834,0.4208795530479831,36.27414537675829,3.88655159325688,0.7846320867538452,0.744587779045105,0.4915618002414703,75
62_203,1,0,Q1_praise,114.87521317272964,54.99207069186376,473.53418637979775,0.0285779884172289,0.1183979259901913,8.342829311954636,0.6039603960396039,5.393475795512663,10.475496083058134,171.0420734171608,150.5404077666374,0.1454733849301811,0.0575168819016096,0.5019964117366345,0.4403746395916276,0.3207501495497921,0.0616217721450068,0.0684242950845106,19.52674407868941,6.619265749038268,0.3534081003885265,-2.5626252305786643,1.7990980751070094,2.7291746238616263,1.7161059349358474,0.9182958340544896,73.30089671723809,0.1109090909090909,0.112,3.130258672645476,0.7194334489962402,43.95270388936719,3.402638898697128,0.5709595680236816,0.5919107794761658,0.6161967515945435,62
57_343,1,1,Q1_praise,182.9987593919058,35.05392350216633,498.4004229741431,0.0155961845981588,0.1002861804154638,12.969578137239209,0.7213114754098361,6.022860899436116,12.492475999004157,107.8085978302018,118.89756843474896,0.0860736848855198,0.0478693709934238,0.3181680839175049,0.3935697255254805,0.1014533005211869,-0.0754016416079756,0.1230741672432448,16.8310125238929,7.758261497578726,0.0190774866557291,-4.77365527137678,2.67779777369288,3.697217349303724,1.633318210016574,0.9967916319816366,69.93348020792948,0.0859259259259259,0.1333333333333333,5.322842006795437,0.5933883946180805,45.5641331580379,1.3156505141851822,0.622463583946228,0.6388596296310425,0.6405996084213257,57
78_113,-1,1,Q4_humor,203.3685482951336,53.30160705876471,494.2074732022575,0.0215641257408283,0.1398138102571809,9.85893754562058,0.7692307692307693,6.600656266190778,9.529390878088863,91.37658278452751,127.15011803106589,0.1107689683391879,0.0611688082507608,0.2108454371978518,0.222725734390232,0.4334498677803328,-0.0118802971923802,0.0475419085387497,27.777091285422188,8.123884635311727,-0.2805692750507707,8.499456724598684,5.257326662460629,6.575416783249614,1.2693569742674573,0.8112781244591328,88.40093416497787,0.0528571428571428,0.06,2.710326204226543,0.3843596127790175,33.73748089300438,5.146952832162202,0.845492959022522,0.8006391525268555,0.6652301549911499,78
71_121,1,1,Q1_praise,161.92083486793544,62.86049374701453,517.5584611994592,0.0274020070536451,0.1191961682573895,9.091314536068673,0.6800320769847634,6.606603607415304,9.484160584447048,123.24247004295276,199.85453046526416,0.1179188681187997,0.0691912992524817,0.1819038881910724,0.2793795837136451,0.3008493260156503,-0.0974756955225726,0.0292282353781572,27.54647311894657,5.6856831045634735,0.0764804474885126,9.784079506023346,6.12869971740037,7.004351087632308,0.4004002186312305,0.9910760598382222,78.29484381332561,0.0667368421052631,0.064,5.053829839293163,0.4164142035470025,36.222537650782726,4.0039296902239006,0.7684312462806702,0.7752100229263306,0.801114022731781,71
78_146,1,0,Q1_praise,203.35747817728551,59.03290075124632,485.335628559914,0.0204033299280545,0.0966592715912162,12.521401618261615,0.6930184804928131,6.74915479044832,10.44183021168454,42.86245949443192,91.6452459625411,0.094405974890737,0.0525872977320875,0.4115333082554182,0.4396507937983588,0.3243698927738663,-0.0281174855429406,0.0878959985849733,23.50659323701398,7.464974237920112,-0.4813560589446727,-5.295566208798446,1.5200637245208244,2.1112279374117198,1.0225992106739878,0.9910760598382222,76.69574214583938,0.0957142857142857,0.1555555555555555,3.888371666533066,0.4829316224637073,43.11310316431422,3.500973957772981,0.73732990026474,0.7126370072364807,0.8813712000846863,78
77_120,-1,0,Q4_humor,278.032888588972,65.61288860232659,320.2326661512942,0.0190782392517364,0.1007548274687601,13.580713880899594,0.7864450127877238,5.741257203693846,12.454933092725268,116.9917856682662,249.4990923709547,0.0798185332860626,0.0597629841527418,0.3929881147289887,0.3860699829439297,0.0811315632563099,0.006918131785059,0.0192262398654891,24.09539933219011,7.655009604925128,0.0024773712344787,-12.09534131881514,2.900350097187835,4.505595216350882,1.2120431874464783,0.9910760598382222,64.84389951013205,0.0941176470588235,0.138,3.392945586488832,0.5394454033217219,51.07656399402669,2.226370113637574,0.804641604423523,0.7619644403457642,0.4309448897838592,77
54_213,1,0,Q1_praise,158.06197104922333,69.7183760911085,519.6818189680532,0.0282718941503917,0.0965208611639486,11.020514464882735,0.6714285714285714,5.704447274341138,10.261159462541094,133.88112026954312,173.2478614372599,0.1227005635620202,0.1130345187768761,0.1685258049696481,0.2353521263045823,0.1184263835790805,-0.0668263213349341,0.0074146917210801,25.932240877706203,6.245386240011419,-0.3340910085470878,-9.122343485683247,1.6406199974199749,2.067471124028478,0.4917626960638913,0.9182958340544896,85.33603856589099,0.088695652173913,0.1192857142857143,4.667517971030325,0.6323012658051648,44.76635822553172,4.095037219203338,0.6431137919425964,0.6681830883026123,0.6462783217430115,54
80_44,1,0,Q1_praise,211.10366965458644,57.69597906753398,473.9136306317809,0.0219566029156713,0.1189632858115166,12.146650444545523,0.7065088757396449,6.007757114695245,13.710105064074522,59.51876430544087,90.8748306439869,0.1021527944526608,0.0789163154022362,0.6842193378584442,0.4719455131012989,0.1422071173250892,0.2122738247571453,0.0206706505528446,22.524861673925223,7.774744501370318,0.603482587379289,10.842556931537567,4.765979489132552,4.922455528392138,0.5889957955583573,1.0,91.39465592040766,0.1161904761904762,0.1685714285714285,4.691874145849303,0.6443441838933809,49.59583271216575,2.887587407220793,0.669325053691864,0.6618183851242065,0.5375097990036011,80
76_5,-1,0,Q4_humor,194.8181414811806,46.31486161064534,376.7285456077494,0.0178289033452661,0.1003226032289088,12.927869805733762,0.770879526977088,6.266110347732766,10.049453329071332,80.89000824903377,167.86170049668678,0.0937651732768271,0.0548881288561037,0.2660201215437903,0.2855601233198877,0.0319866963009328,-0.0195400017760974,0.0449244816452649,22.5378945701812,8.625116596290983,-0.5577515642110753,-10.155704632356375,1.4288868659771097,1.9782625517480596,1.6218167958837748,0.863120568566631,85.26245309942509,0.0589189189189189,0.08,4.262844384424567,0.475337231302297,39.661679640683936,1.8120735800396064,0.6425094604492188,0.6563968658447266,0.6992233395576477,76
66_158,1,1,Q1_praise,143.73510452520222,70.16038792151727,487.318151143613,0.0246337123367878,0.1216464264501237,8.271121385464076,0.7026831036983321,5.933429811866859,10.504047399513569,174.81666061237038,239.5593282073349,0.1371114567799614,0.0607259214304523,0.1536812143164247,0.309393844125003,0.0287314206466132,-0.1557126298085782,0.0908780259200049,25.193928948776968,8.104196816208393,0.3229879480209051,7.492707061732911,5.017580344990045,7.776414771051385,0.8683068017366136,0.9940302114769564,71.062672794162,0.0651162790697674,0.0566666666666666,4.321065930240732,0.4531795015842392,42.233869739774136,3.1077231414393847,0.7626508474349976,0.7385327816009521,0.682968258857727,66
67_207,1,0,Q1_praise,118.26936152781988,49.90190630464998,498.59348513250825,0.0240696593693056,0.1193320791520603,8.702453606012568,0.6310475389145982,6.0488871701182845,12.657580204634812,157.58875451196343,225.91391947290165,0.1434825831308572,0.0627174270413744,0.1985247775026694,0.2903005226851173,0.0259109774200537,-0.0917757451824479,0.0840649537563319,18.290254405924657,6.300924135539879,0.3184445695069539,4.080041686557745,2.061487587341685,3.56482306386612,1.0081478616863806,0.9656361333706098,93.47216583094465,0.1070422535211267,0.1188888888888888,4.868753492845768,0.6584773475711616,45.87669663166495,3.498123714862763,0.7037286758422852,0.6950511932373047,0.8347008228302002,67
76_136,1,1,Q1_praise,140.25926503560044,87.4484236762394,466.3746502063274,0.0265238790349981,0.1279906134716734,7.619010470520942,0.7009345794392523,6.26012071249816,11.842744483493014,475.39907502697895,443.829604547052,0.1429158050785773,0.0669031521425266,0.1601561664353799,0.3041807034434337,0.1013714561692941,-0.1440245370080538,0.0642242204943924,18.0072501593784,7.883114971293979,-1.1739750143920489,-6.531529107858737,5.295617030517362,6.891659323590393,1.391137936110702,0.9709505944546686,77.33210284806579,0.096,0.0699999999999999,4.104590755369539,0.5462712782524244,52.98813489688094,3.345210500306389,0.7496581077575684,0.7664274573326111,0.9810187220573424,76
77_284,1,0,Q1_praise,173.99969667273697,54.24455482610559,504.5528099679901,0.0248909462929182,0.1168287577689095,9.614887858533365,0.5892857142857143,6.560059501673484,10.034815660277664,33.018363332401705,57.81653056461597,0.1193081766195305,0.0704164227163098,0.3544052597094465,0.452217108436422,0.0677795749278712,-0.0978118487269755,0.2024637077273331,16.98098406155952,6.286723689103756,-0.616076458333923,-11.483609437866711,2.3507163964012565,3.141741648789942,0.9566753439940496,1.0,75.34479053927907,0.0582857142857142,0.0999999999999999,3.498241617834914,0.3279293419648959,34.10867865546426,1.2886976417065896,0.5617331862449646,0.555392861366272,0.5873913764953613,77
61_357,1,1,Q1_praise,193.34128426562395,66.82363202003293,362.0532615708015,0.0242012829145501,0.1265307522140936,10.607301553169403,0.575682382133995,6.269571366039261,14.87256546596283,56.086923266063046,152.65207530086786,0.1063765725391095,0.0656235460004799,0.3423891395142479,0.4814471039030948,0.0863011403596528,-0.1390579643888469,0.0385851652528546,25.784829841977874,7.177009326913365,-0.9095737886199696,-8.605043371355286,3.5161034963129336,4.151444543738525,0.6599548806357116,0.9852281360342516,98.07846125735438,0.1511764705882352,0.1622222222222222,4.747772155917732,0.6189040386010006,42.05206375750978,4.392570002740385,0.6284253597259521,0.6443115472793579,0.659761369228363,61
79_297,1,0,Q1_praise,232.1120326760476,83.2573480302058,446.7722302928465,0.0267624552789416,0.1122643742443884,10.96858619063619,0.6416861826697893,5.83225328642844,14.340067437445688,82.39598444581334,147.89545568917157,0.1008698178663877,0.0655496406345399,0.3917465038152233,0.2668367553438224,0.2534340960680662,0.1249097484714009,0.0437907717139038,24.7450065189162,7.931864469542678,-0.2303372768387881,5.304410134238445,3.9675545450008527,4.845950116304383,0.4665802629142751,0.9182958340544896,80.70992876024309,0.0917241379310345,0.142,4.105707236782466,0.5430543076914635,40.479048593413445,3.678424135493112,0.7353141903877258,0.7337805032730103,0.4171645939350128,79
64_136,1,1,Q1_praise,179.70307264113129,57.41878573211887,256.14627759586693,0.02326484993556,0.1349902733159472,9.284262904827642,0.6950617283950618,6.271540906809435,10.918125536919636,68.97458264349916,102.26195971492488,0.1113318600442076,0.0580654372877837,0.3519494497944119,0.4036101711586179,0.0759068099053886,-0.051660721364206,0.0627387869181327,31.6007537926614,7.378283419775807,-0.9465046482469645,5.839200148498623,4.204511301102286,6.487266948955486,0.7378283419775806,0.9709505944546686,66.7616397957444,0.0991666666666666,0.0675,3.9318720678026096,0.5441710893489055,46.66530963374698,3.48147467232267,0.7005411982536316,0.66242915391922,0.5420807600021362,64
73_86,1,0,Q1_praise,241.6267196881097,65.34035701537472,455.1873936344855,0.0189648702316225,0.1186752495058256,12.752011936249453,0.7002909796314258,5.609284332688588,13.41131669010776,59.18302147784056,132.43172197361488,0.0869589897287962,0.0540101723602645,0.7872315135948859,0.6432439368259552,0.1270183118739681,0.1439875767689307,0.0150586110136506,21.788067260681206,6.479690522243714,-0.2667510232986732,-7.472765599950797,3.790229405312623,5.619416789235366,1.0638297872340423,0.9709505944546686,77.03162784164795,0.0984615384615384,0.1290909090909091,5.35787656978126,0.60087374171658,54.86901554048128,2.932386542432925,0.7086668014526367,0.7006779909133911,0.7353575229644775,73
77_341,1,0,Q1_praise,213.02759423824267,81.6321316407576,508.8113862884004,0.0234555348157467,0.1198581804260102,10.244158670307208,0.7035175879396985,6.513563770360805,11.06038291847432,74.24847155800877,175.988453659234,0.1059359583060122,0.0627278767713613,0.4965009668854624,0.6078598984900924,0.0192798512989363,-0.1113589316046299,0.0476654189503156,28.91037398608246,7.8496794155630205,0.5585779195859147,7.817566833596368,1.4591360502448258,2.2243444968984205,0.7515650504262467,0.8112781244591328,64.56442097488957,0.0923076923076923,0.1149999999999999,4.238846560220817,0.5290405656774584,43.496753840322086,4.895361547118763,0.765878438949585,0.7287046909332275,0.6417322754859924,77
77_66,1,1,Q1_praise,278.11360720905446,69.14658277943437,276.4338113449025,0.0204259743669603,0.1147494669870692,12.331688993556371,0.8138686131386861,6.705322506410678,10.869629084823934,121.20152235948474,184.6667072717064,0.086265742162737,0.0609527135234348,0.2076681343526257,0.4027882972833242,0.1064769638105092,-0.1951201629306985,0.0673992107047457,26.99147462004196,10.329821158524558,1.0862491492423103,-2.76908464019094,5.239824933916783,4.677607258679919,0.543674797817082,-0.0,82.8501400560224,0.0781818181818181,0.15,4.045371568773732,0.5007536502285282,32.45273176129858,2.266271775357554,0.825106143951416,0.780116617679596,0.7386327981948853,77
54_155,1,0,Q1_praise,133.73752598289394,57.21402551623873,509.61098127097785,0.0241392130087344,0.0824209464336276,13.06157894337848,0.6823490156823491,5.266666666666667,10.94942181420282,163.54081842597222,197.1090613560513,0.1228225406872561,0.0738612034352368,0.1273384528480065,0.2352671226325078,0.0840852923610147,-0.1079286697845013,0.0758542688634513,17.647102367035092,6.766666666666667,-0.0536546076322394,-1.076238797964809,2.0530723040614185,2.7772113955981785,1.2333333333333334,0.8879763195151349,89.07443544043785,0.1020930232558139,0.1161904761904761,4.12990612283494,0.6538955098995154,47.33851103760019,3.122262210406066,0.5671220421791077,0.5983893275260925,0.6945043206214905,54
78_226,1,0,Q1_praise,208.25064675527796,55.15884062417887,472.0862233388818,0.0231668587297274,0.1143991398188189,11.424316222380224,0.6871948929778445,5.999469434675845,10.463648243131042,42.510658688762135,95.67607232061214,0.0975136131015793,0.0601535265718382,0.3216033515330595,0.3515223319186005,0.0019715813958326,-0.029918980385541,0.0571097673876838,27.01638801564738,7.199363321611014,0.0870536735661682,1.7115918239490409,1.5976386048406748,2.367174577550468,0.7499336793344806,0.8997437586982626,80.46265453543077,0.0614583333333333,0.0537142857142857,3.930105547849609,0.4776183323294762,41.47735025711472,2.9785416226537813,0.7413419485092163,0.7273977398872375,0.6930060386657715,78
76_44,1,0,Q1_praise,146.95480048708876,81.82052490616985,484.9836337800727,0.0263887472051881,0.1203233064628499,9.051138261954064,0.6172979084228377,5.867737932269744,12.043991225139097,149.96505989161648,170.288699889525,0.1304945710223727,0.0612898487690238,0.2218410249178828,0.4151436688462205,0.1104184714904926,-0.1933026439283377,0.0755597204467732,25.227200332893872,6.826887401967682,-0.3347238423446941,24.10066633770888,2.6597031130204734,3.343186662737586,0.5077850133694971,0.954434002924965,76.8221428284167,0.100754716981132,0.14,4.481885342565948,0.6779945702186402,46.98149688173278,3.0720033820811,0.6709764003753662,0.6652480363845825,0.5675302743911743,76
66_386,-1,0,Q4_humor,221.3662134266316,65.189648542807,512.6048887470456,0.0220919844013686,0.1199485539830689,9.55014890918385,0.7782101167315175,6.952485220056929,9.105195986183016,84.3982618428122,112.49907252070592,0.1006381174087664,0.0637511183343378,0.7921583158475417,0.6072377721693474,0.0200562363030054,0.1849205436781943,0.0432919272020027,41.27882242042961,9.656229472301291,-0.0930957056330978,0.1637868506585817,2.90428369749029,4.185949382232523,1.158747536676155,0.9709505944546686,92.30204095699489,0.04,0.03,4.181370190186969,0.2867415666260336,31.54589933096041,3.648890241366441,0.7713103294372559,0.7449753880500793,0.6263263821601868,66
63_143,1,1,Q1_praise,264.61255483708817,101.35498156619988,482.1065665305216,0.0184906973100191,0.0916785041852914,13.832282719736543,0.6198630136986302,6.367245913473934,16.74380532016462,41.07913036428152,70.64116422720849,0.0752278155965328,0.0560432522498474,0.2786884959208469,0.2952047354663115,0.17708242640309,-0.0165162395454645,0.0582159778963707,14.98552623411378,7.0494508327747125,0.5788930597748405,-0.2928435513999243,4.098494989390979,4.676745643158536,0.6822049193007786,0.9709505944546686,75.15901995115472,0.1074074074074074,0.18,5.123938687775908,0.9434589976978376,37.78459471279491,1.844674535135144,0.7093472480773926,0.7022179365158081,0.9067962169647216,63
78_118,1,0,Q1_praise,132.80571470909507,70.57604374977757,467.1884765122418,0.0211720704562858,0.127880459224191,9.37596724756393,0.8195413758723828,6.65472972972973,7.360030812760413,218.7859339230165,296.7113320291692,0.1355656736962209,0.0619775050683342,0.1788549951164427,0.2284875051141436,0.0398333775057935,-0.0496325099977008,0.0951321916938083,27.28114262197335,8.144594594594594,-1.059365710305564,-28.916760465363947,2.359950273051321,3.301374807907393,1.6885135135135134,0.954434002924965,81.38710033283012,0.0567999999999999,0.0799999999999999,3.213400097874878,0.4028257791532892,32.24365871848164,2.9273243259982977,0.6998118758201599,0.6935006976127625,0.7108234167098999,78
72_263,1,1,Q1_praise,185.47438721620676,51.960593080202266,447.1209996406028,0.0244611223800488,0.1138624833250826,10.626087693452911,0.5737905695039804,6.048745750125383,14.498387469006223,66.63200830633944,119.17834050339812,0.1128881638762332,0.0657035911590426,0.3331545930961062,0.4206691554216156,0.1244723817034474,-0.0875145623255094,0.0878262647295965,21.982771626179357,6.96522237893226,0.4522280898616829,5.9417152441169385,2.221630815643557,3.2142320312649417,0.4887875353636673,0.9852281360342516,76.78589617868205,0.09,0.1,5.268047146726183,0.5073033997362537,45.2885188970802,3.5001006499483744,0.6808885931968689,0.6892427802085876,0.7998413443565369,72
77_19,1,1,Q1_praise,240.68914907248103,62.069468301081166,481.0814115571344,0.017500983620496,0.1063490055068489,13.269684677752528,0.8013435700575816,6.405964764700526,10.229686075021265,106.09567595851834,212.0759422195999,0.0858406593071638,0.0608005013224218,0.2094080420146402,0.3726540348492753,0.4216370213557839,-0.163245992834635,0.026365850287102,31.06335503915381,8.891861539061924,-0.5745055488879413,-3.36763156803916,2.4349735782814044,3.1706680602194397,1.1473369727821838,0.9940302114769564,107.42892454051194,0.091578947368421,0.09,3.8439810376802286,0.5696830539762447,42.199033490745,3.2826287582643614,0.7103093862533569,0.6628721356391907,0.7414395809173584,77
58_107,-1,0,Q4_humor,229.2814862345739,94.74679011009242,469.52526277328366,0.0348154247569506,0.1398265007616805,8.539399817146265,0.6630434782608695,5.608272030051651,10.875236845904386,162.38004191341358,251.85839175502545,0.1177805685775811,0.0691202661737877,0.4863518025609946,0.6129233068105765,0.469692119396207,-0.1265715042495818,0.0418555912763557,35.62273796840993,5.176866489278448,0.986690257106518,-7.989561579418808,,,,,110.39335350432768,0.0833333333333333,0.0666666666666666,5.846304004152546,0.4478893788625617,51.826488858733946,7.228552797410376,0.7302173376083374,0.7584937810897827,0.6634994149208069,58
58_269,1,0,Q1_praise,109.88780181805852,57.29800699071573,509.7158858403441,0.0217357158029489,0.1227641877273153,8.102025777121906,0.6584699453551912,5.845561035758323,11.807930256216906,243.38954785682915,333.5745162464203,0.1507536449708963,0.0550145199485732,0.2456193132073165,0.411081733051762,0.1208378575154444,-0.1654624198444454,0.0931517225125143,15.04094698777816,5.709617755856967,-1.1946611116534704,-15.51687650757488,1.1202024835604707,1.692378912678374,1.2234895191122073,1.0,90.13201220319284,0.1130434782608695,0.1088888888888888,4.392832562975301,0.6396213504615066,49.4972841569509,2.7858502418659894,0.6019049286842346,0.6262344717979431,0.6087242960929871,58
54_289,1,0,Q1_praise,159.5109868048494,85.28568270790223,520.539200417684,0.0245650099568138,0.1006323671955811,12.250362931434315,0.6777251184834123,5.268833345076571,13.115839535150783,128.08084056940965,149.1875402572343,0.1186127786322386,0.0652500941204937,0.1096261557366832,0.277707725739815,0.0861418430499343,-0.1680815700031317,0.0743639706407266,19.09214703620521,6.619816254070564,-0.3676909134077424,12.668961047361211,2.068383107434289,2.642177253015362,1.0132371817454944,0.9852281360342516,81.24401983927368,0.0869767441860465,0.0988235294117647,3.90749834179745,0.6623216427283266,45.220830792659385,2.459458501330207,0.5362015962600708,0.5808242559432983,0.5238432288169861,54
80_22,-1,0,Q4_humor,112.37972008392433,45.28128182024342,517.3783283246534,0.020824431551383,0.114447645234212,8.915502509064275,0.6785534907081868,6.215842646564032,11.649087354900749,196.70940445209797,246.31617443164436,0.1415186581430713,0.0638089561468338,0.1771009054510929,0.3164157916412123,0.0327100344633387,-0.1393148861901194,0.1160906062494008,17.216985188192673,7.218397912138875,-0.141002168419622,-3.5228276246908603,1.316641494676026,1.7492831863534652,1.1028107921323282,0.9852281360342516,84.15696709485823,0.11625,0.1591304347826087,3.959746919503444,0.6320538360179591,46.29731745218554,2.1028502368505078,0.5905435681343079,0.6277148723602295,0.7053474187850952,80
72_9,1,1,Q1_praise,137.07306473790194,51.71557237903391,502.5721604184628,0.0236620650205404,0.1098534902168967,9.914409552259803,0.7425271739130435,6.167813208904299,10.264495764663556,210.2620827558073,254.1000142806095,0.124280416570292,0.0575086919212844,0.3043358140053597,0.333647118703118,0.1072625545134854,-0.0293113046977582,0.0387897137235527,24.549614689429355,6.642260378820015,-0.4877676695079309,-0.934136031376763,1.947845760034175,2.3197224675266157,0.6777816713081647,0.9182958340544896,91.9975764028742,0.0577777777777777,0.0733333333333333,4.462136005714723,0.5516772843673706,44.48741225999971,2.447736749207523,0.6473242044448853,0.6622689962387085,0.5527870655059814,72
54_22,1,0,Q1_praise,198.06120254773563,71.96368064384365,468.1700266315989,0.0219522732730965,0.1077641935154105,12.070434211470712,0.7215827338129497,5.739291698524507,13.130341797005263,84.03643602991264,124.00562639178564,0.1033634512928227,0.0681666514227296,0.2779394762572331,0.2489248357340731,0.0690822589350586,0.0290146405231599,0.0692601858595058,21.19491883485556,6.815408891997852,-0.2873451651566716,-5.040365217498337,2.0102083731477296,2.980924633911877,1.291340632168014,0.9774178175281716,102.32568874181622,0.1004651162790697,0.1723076923076923,3.9680739031304286,0.740168350496501,44.82677277296685,2.880722680166582,0.6572514772415161,0.6591281890869141,0.675758957862854,54
78_136,1,0,Q1_praise,209.6094440525308,74.02235141704733,518.0379034027075,0.0232517046739116,0.1201244278008655,11.094929801434883,0.7487520798668885,6.452641609952654,8.894358949685655,81.16125924628679,251.7712639067696,0.099431605657874,0.0633988684234474,0.3580071390592905,0.5438266423463988,0.0793134040655539,-0.1858195032871082,0.0647356721773033,28.174209323239285,7.776260401737812,-0.0721052340932767,10.67687792710204,1.8365508063853215,3.1565971704735105,1.1581664428120146,0.9182958340544896,86.42109479736814,0.0484210526315789,0.05,3.325619455519908,0.3183641656436438,36.48470181405246,2.841337241366386,0.6960386633872986,0.69243323802948,0.7331459522247314,78
67_349,1,1,Q1_praise,122.25199072310394,67.27500726921154,488.7479214708335,0.026193763279766,0.1267040749494451,7.373752064546064,0.7329059829059829,6.3559322033898304,8.317225530886727,132.09901708738548,142.18161598737998,0.1479139395070622,0.0633352240003617,0.4548780605478916,0.3616223843248616,0.1755429350982676,0.0932556762230299,0.1177172474652348,30.095265954880706,8.686440677966102,0.0849137642777944,-5.836598563577576,0.9012215185131864,0.6336797972681506,1.4830508474576272,0.6500224216483541,87.33749728847768,0.0588888888888888,0.07,3.800264064263291,0.3776293188955529,40.5647554390558,2.641963165308587,0.6171039342880249,0.659730851650238,0.8686971664428711,67
66_136,1,0,Q1_praise,217.5584829548756,71.75935614151015,474.5296208406297,0.0197687421886954,0.1071251107329042,10.610215559278986,0.705564142194745,6.090521310443691,11.326518992383056,85.23957315273087,133.84215959754064,0.0972063967574859,0.0550791002710367,0.2222754206738972,0.38977383171223,0.0278660742278413,-0.1674984110383328,0.031328832667209,26.105875910331733,6.244711723366316,-0.5709742391648738,-12.61352472301466,2.06622381766746,2.375140002599724,0.6938568581518129,0.954434002924965,77.81725827906764,0.0844444444444444,0.1092307692307692,5.281253050622571,0.5837493362946303,45.02293312736058,2.67574248277702,0.7589723467826843,0.7291429042816162,0.7636150121688843,66
74_312,1,0,Q1_praise,180.14718209262188,56.81115222620802,498.4887037185276,0.0199986274693025,0.0926498464441539,10.824129762465487,0.5470085470085471,5.370397575270231,16.514532995729308,66.76141058508288,133.85862794198377,0.1085089867788124,0.0661951060936477,0.3171117422095095,0.3668728000631564,0.0355307611035605,-0.0497610578536468,0.036928622009645,16.553861972990223,4.7736867335735385,-0.6493654767866243,-7.150352998854583,4.191169253231146,5.532219696807245,0.8524440595667033,0.9910760598382222,79.96152800457776,0.1644444444444444,0.2892307692307692,6.435147587021324,0.9792816835700708,53.98844748405131,2.499925204409013,0.6072627305984497,0.6053466796875,0.6275546550750732,74
61_110,1,0,Q1_praise,246.5657714980493,59.73326524555123,482.17053004728905,0.0204441380439513,0.113424265290474,11.901977322872034,0.7478991596638656,5.962965423008312,10.840404611594844,70.45545265432803,128.22377267565034,0.0899101719067518,0.0539861037961651,0.2677131894572604,0.2866713513913784,0.071576744571659,-0.0189581619341179,0.0530619352132949,32.75846045723166,9.205981705697043,-0.1422155364966999,-17.72823248012683,1.830561928560952,1.9219277337743588,0.6276805708429802,0.9709505944546686,79.34050507294079,0.0992,0.1428571428571428,2.6546754950351,0.5879834203624272,50.27481968119443,3.14261623013154,0.8180316686630249,0.7627346515655518,0.7507651448249817,61
61_12,1,1,Q1_praise,132.81360130484023,73.6564174535673,518.4187021529225,0.0262484510882507,0.1383105198379007,7.796102051121145,0.6717877094972067,6.253466270041344,11.387688494061832,287.74009462962505,332.652323464017,0.1480232487619574,0.0637472051980402,0.2895447900862534,0.3697651577292611,0.0602628370502368,-0.0802203676430076,0.1008309301561337,22.622060836675264,6.392432187153373,-0.9735186988181936,-5.347713009656701,1.691227323661245,1.9347544159575345,0.5558636684481194,0.9182958340544896,91.90812371514126,0.0984,0.1028571428571428,3.1238691391340594,0.5987954358047407,45.04452185145095,4.670381075752728,0.6602789163589478,0.6684198379516602,0.8020844459533691,61
60_337,1,0,Q1_praise,105.67668182782022,53.98227577191529,474.1417024929317,0.0222612944571338,0.1169255614147851,8.655786629733042,0.7227722772277227,7.609203847181405,7.194066197442894,271.8406085180772,349.2851372938629,0.1520360334766791,0.0564161987581348,0.2616585990549349,0.4456280968895295,0.093143442429245,-0.1839694978345946,0.1488290199815364,21.09170636692875,9.8183275447502,-1.465482727497535,-1.2607503154165087,,,,,54.47346932953943,0.0523076923076923,0.012,3.645117265330138,0.3128705333124922,36.14306131694576,1.5994748133712473,0.4624723196029663,0.5363494157791138,0.3736270368099212,60
67_137,1,0,Q1_praise,115.23426041371545,38.49633026343898,471.3782649984554,0.0231015570117481,0.1267684062193663,7.9055705583933555,0.6222826086956522,6.033499457355523,10.390484206591248,256.88041457540083,316.4579820477488,0.142792700726242,0.0587760378902654,0.1896382232134209,0.3243634444109059,0.0117594173682293,-0.1347252211974849,0.1173197792057586,17.952300904216283,6.847005002167504,-0.1816269892139086,-5.104701203802627,1.8906171948808412,2.423901141683613,0.6101291586089855,0.954434002924965,82.33617498401355,0.090188679245283,0.0669230769230769,4.7416378857351695,0.5013131038657196,53.83155195238708,1.6565570316846268,0.739745557308197,0.748869776725769,0.3825843036174774,67
71_94,1,0,Q1_praise,209.98241736124305,66.42500478377967,516.6851905427236,0.0232267373736334,0.1137427141000781,10.966776906068276,0.754707870593916,6.361744725867511,10.459476266636164,145.48962716587008,203.46978486696187,0.1041351495256712,0.0857689864571156,0.3828098466990568,0.5283300912528996,0.0690634639508557,-0.1455202445538428,0.0359505509409906,25.87656337574233,9.928177375217478,0.1004040675423051,-15.503730618141256,2.239927366986099,3.554147735539966,1.0120957518425584,1.0,78.26264601445637,0.0782456140350877,0.0978947368421052,4.251109496915093,0.5165706793462859,43.784463216847854,3.271384973287567,0.7169482707977295,0.6907215714454651,0.5845613479614258,71
65_36,1,0,Q1_praise,233.55187696239747,62.58171228165542,520.0280800963716,0.0229270785765429,0.1163442155128693,11.043691827499098,0.7286121673003803,6.3122855654614565,12.622283208727143,96.80582162549923,196.46340018834024,0.0988798146057111,0.0693139521424458,0.2301535812880339,0.3287451910193364,0.0810357737947674,-0.0985916097313025,0.0134683280917422,24.33856772371298,8.020874139571324,-0.0534438002879873,-0.1196843815615871,3.675119464616196,4.803072936214015,0.854294287054934,0.9366673818775626,86.03272282473216,0.0980392156862745,0.1288888888888889,3.876350508017708,0.6700506844875143,40.85825983671258,2.4036348430391863,0.8929665088653564,0.8432216644287109,0.5500952005386353,65
