id,direct_ironic,friendly_hostile,quadrant,f0_mean,f0_std,f0_range,jitter_local,shimmer_local,hnr_mean,voiced_ratio,speaking_rate_proxy,energy_std,dissonance_mean,dissonance_std,inharmonicity_mean,inharmonicity_std,major_fit,minor_fit,wholetone_fit,majorness,tonal_clarity,melodic_path_length,direction_change_rate,contour_slope,final_initial_diff,mean_interval_size,interval_std,num_notes_per_sec,direction_entropy,npvi_voiced,rpvi_pause,rpvi_pause_filtered,stress_contrast,ioi_cv,ioi_npvi,pitch_stress_contrast,sarcasm,show,speaker
1_60,-1,-1,Q3_bite,166.3719704804169,93.60443119630744,483.4535565144308,0.0169665511286724,0.1351394270829635,2.482382917125052,0.2663316582914573,5.485322719254603,9.892741571447736,301.4291652769151,298.0995659021149,0.1376390583755279,0.0565790041594629,0.4082035586129199,0.4172941662739169,0.1097642599896903,-0.0090906076609969,0.0867726819280289,4.26609201671137,1.4959971052512553,-3.142715026074602,-14.8240737982187,,,,,74.23663482487011,0.312,0.364,4.298544493024533,1.4458943526723829,31.064880921446186,6.328116030941823,1,BBT,SHELDON
1_70,-1,0,Q4_humor,219.369202066898,64.94367773694363,424.2205099487169,0.0226695913265767,0.080565388468423,8.084333165326886,0.6296296296296297,6.981319824505857,10.511105941944782,126.76582986632329,136.98875580470062,0.1084281997356037,0.0679329139845863,0.3616794034411409,0.3143984963591943,0.098029217060675,0.0472809070819466,0.1535701764917862,13.368339458720031,5.98398842100502,-1.9932412338394223,13.311284706985074,11.324344568071616,0.0,0.6648876023338912,-0.0,109.12939695814389,0.15,0.16,3.0176165540644275,0.4794277180469328,34.817125588451766,3.545694790988624,1,BBT,PENNY
1_105,-1,-1,Q3_bite,186.468271051575,70.0015030668354,468.4612843071601,0.0238104928334748,0.1256895267813506,4.06560945004625,0.5819397993311036,7.313818760224043,5.426359239482951,885.56369474916,845.4946155796393,0.1224970484742928,0.0625709943275358,0.2449963022442781,0.3368120047856951,0.1294017353406675,-0.0918157025414169,0.0425167873829694,16.84128622185095,5.485364070168032,-1.4350387255776589,-5.984001661506039,1.8347089634602085,0.0,0.3324463072829111,-0.0,107.62055133449044,0.119047619047619,0.13,2.451774441482675,0.3150021322209951,34.11535450605407,3.675532109225253,1,BBT,SHELDON
1_175,-1,-1,Q3_bite,163.00082610305378,38.43250826647005,247.3894148802446,0.0218535371908334,0.1031676041878316,4.6657308946730085,0.5329512893982808,7.266318605342397,5.7483498304243765,733.961149553702,688.1619693475445,0.1230367629968604,0.0668481679440221,0.2432873839197041,0.322456008120617,0.1860485240619825,-0.0791686242009128,0.0698173415879113,14.919254020572692,5.271642909758209,-0.6244606860431344,-14.8963336584818,4.104037892659228,4.504711616077299,0.7123841769943526,0.8112781244591328,96.1793616728573,0.2423529411764706,0.312,2.38337545868626,0.3997394040965709,46.49356344543766,2.797833587992762,1,BBT,SHELDON
1_182,-1,-1,Q3_bite,209.3687795483373,98.2505199597375,377.33177586530326,0.0355480409713459,0.1408236996117372,5.151102261185963,0.6305220883534136,5.784574468085106,10.025217574472428,626.3030803506961,635.787729113236,0.1425810308387091,0.0703876386301883,0.3671699205461081,0.3107401156739918,0.1598402396006987,0.0564298048721162,0.0727343827342906,22.660431849857275,5.984042553191489,-0.3932389725226312,-21.144331255684943,6.312385176490794,8.516621149474052,0.9973404255319148,1.0,60.6158296601845,0.0408333333333333,0.0233333333333333,2.436071402955228,0.8327957261924431,41.9517778895578,4.109426390071049,1,BBT,SHELDON
1_213,-1,-1,Q3_bite,180.7366622884798,81.31524879296444,502.07156801299215,0.0263783402450026,0.1229574105017771,5.929527887384822,0.6536536536536537,6.496523402442231,8.459330894823777,849.6016600907034,1204.6234586402315,0.1336270502504487,0.0916695659837582,0.380300424449182,0.3677028806125038,0.1776790945740718,0.0125975438366781,0.0152465042506606,19.50368458216796,7.795828082930677,-0.1669700030292161,6.162753114081847,2.9533996736295016,3.856137826332143,0.8495453680116763,0.954434002924965,84.97975529984879,0.0821621621621621,0.1007692307692307,3.8486014019807495,0.5259068697524029,40.07671334060549,4.329747461716544,1,BBT,SHELDON
1_276,-1,0,Q4_humor,147.97208568680028,61.482854426932434,493.9464668317126,0.0203410299568594,0.1148083388067995,8.396532661336366,0.7528230865746549,6.875,6.939667762235753,320.24569444866194,316.67615745007737,0.129797026607248,0.0629753343832379,0.2801461713162113,0.252084031566296,0.0526851944413149,0.0280621397499152,0.1822996504670493,15.202183088683835,8.5,-0.0335388494825266,-5.455585428321189,1.2245407533929291,1.405577765949164,2.125,0.8960382325345574,105.67175990913596,0.093,0.0914285714285714,2.7966467508254604,0.5023187605020545,39.20549636763192,1.554832597209722,1,BBT,LEONARD
1_340,-1,0,Q4_humor,204.1356919875532,85.07815635596336,461.3273265793412,0.0245864673181637,0.1029538977337602,3.76327810361274,0.4682274247491639,6.648926145658221,8.879095831381928,827.8713156650673,862.6680429546161,0.1176579963924734,0.0611118503236308,0.4859888292930167,0.3650276214219554,0.2911498100987356,0.1209612078710613,0.0277459871607644,17.156732449369365,3.823132533753477,0.437084182751898,17.81851546706078,,,,,98.56379045487208,0.2661538461538461,0.545,1.887608067449088,1.0483813309607413,43.0274207826558,5.956109095133984,1,BBT,RAJ
1_427,-1,-1,Q3_bite,156.95475965518378,56.51611919336578,424.3934394924186,0.020840263628651,0.123707115438721,5.832293772496084,0.5100401606425703,5.984042553191489,7.784250689666098,108.09441235329504,121.00222923527002,0.1126572418611043,0.0527261501123035,0.4388063920223894,0.4093689703891837,0.4412613040609141,0.0294374216332057,0.0211619413210578,15.743875527421272,3.789893617021277,-2.107516238684585,-10.695271325993186,,,,,82.82760400471379,0.1661538461538461,0.2171428571428571,3.324097926476977,0.4729948816669504,31.4969480329996,3.168185583979483,1,BBT,SHELDON
1_507,-1,-1,Q3_bite,189.41894131755868,57.25880851722489,488.11235820182304,0.0237713541917075,0.1308092447873035,8.682320094657,0.6399108138238573,5.442826269841669,10.95961318860406,97.97699398225164,106.26002029548066,0.1081194477642195,0.0581676084289273,0.3578081259390608,0.4490286881197424,0.2112659292593448,-0.0912205621806815,0.034362512440038,20.546574080367503,5.998216705539799,-0.4385706835077675,6.885667411179804,0.3651953568929773,0.0,0.2221561742792518,-0.0,90.35815841488107,0.0903448275862069,0.1133333333333333,3.040101522254487,0.7288996983816474,49.830994829979694,3.140605819667466,1,BBT,SHELDON
1_536,1,0,Q1_praise,233.01837021167,116.24174126068236,459.43106415781006,0.0234043102429405,0.1230390385063638,9.711390663511423,0.5056320400500626,5.984022253506793,11.81955635778031,44.27688232442058,95.44734966820572,0.1139004006806885,0.0688942168359516,0.2399954780914398,0.3894403480944201,0.0133368903117435,-0.1494448700029802,0.1043350071681703,18.75837252850173,4.7373509506928775,3.197766928872348,8.700622997681283,8.760441865086511,8.760441865086511,0.3740013908441745,1.0,70.83035955906396,0.185,0.183076923076923,6.655168729140076,0.6417581844921901,41.239800646669785,2.682845761438844,1,BBT,SHELDON
1_537,-1,-1,Q3_bite,336.17198210684927,82.43996683720341,401.4641556936213,0.0211341439245361,0.113425005501771,10.513834910472314,0.5,6.48265412275544,11.07962575254174,26.69175262522113,54.073308821874704,0.0776705813442838,0.0617649525987698,0.623033576140561,0.5229820839831124,0.1168634080697429,0.1000514921574485,0.0699550178183784,22.463522137804844,3.4906599122529287,-2.711001160817259,-5.482985913405599,2.9521210101305417,0.0,0.4986657017504184,-0.0,87.75195971286865,0.175,0.128,4.772274918078327,0.7098488677469275,41.04234214233027,2.912497960402304,1,BBT,PENNY
1_971,0,0,Q4_humor,281.07219431762724,73.75399702357699,262.61105544285385,0.0199591435205668,0.0958460284352223,5.109401945978843,0.6124497991967871,7.579787234042553,4.662309947960939,729.5157215157718,702.188113115405,0.1045447322885046,0.0645775175723447,0.3093966790488816,0.5846925375251706,0.019760376304381,-0.275295858476289,0.0896360662645522,15.705706282634454,5.784574468085106,1.3363733798383444,-2.9926659801782467,3.004550546588085,2.2949434851462147,0.5984042553191489,-0.0,90.62785897505124,0.114,0.168,2.119433452343116,0.4348747692059578,40.80299883341014,2.649963868773132,1,BBT,HOWARD
1_1003,-1,0,Q4_humor,196.8114094530545,110.6577126769209,461.91543879468094,0.0324568357003144,0.1198158123238995,6.451272112943275,0.5796737766624843,6.125,9.759479446024107,646.170466447722,830.4866735755808,0.1260692766952538,0.0788783085065573,0.3639669591956792,0.3851859613474104,0.1041315201750934,-0.0212190021517312,0.0123243481373033,22.221408640362966,5.25,2.145483910166343,15.015745491773034,13.016822322391114,0.0,0.25,-0.0,71.94178431133118,0.1127272727272727,0.1616666666666666,3.545229529175866,0.6643848890850472,49.969202709903165,7.968589195767558,1,BBT,HOWARD
1_1144,-1,-1,Q3_bite,178.12885948004327,59.32535218421105,324.0853344505039,0.0220490969626865,0.1142390079217713,5.764233230883637,0.5487106017191977,6.838888099145786,6.461715751503923,119.31414386283944,149.61403897482123,0.1092093892681221,0.0609333098832382,0.3463942081418005,0.5683405269933471,0.0202402610848595,-0.2219463188515466,0.0479289585993309,19.96234213369695,5.984027086752562,-0.8206727200338261,-11.517422107082671,3.822789690020791,0.0,0.284953670797741,-0.0,95.90795965889912,0.1928571428571428,0.38,3.5052870019915687,0.4938183833017369,38.638668701233335,3.193481828579209,1,BBT,SHELDON
1_1180,-1,-1,Q3_bite,152.29852102973703,49.44784748128657,376.6138123317539,0.0237026262685535,0.1179183144607691,6.732008828978832,0.5329512893982808,6.411457592949174,9.678821825941515,115.17632283610806,143.94861914287694,0.1315344844906898,0.0701703162944419,0.2871004017215037,0.4479179081578709,0.0523962517062245,-0.1608175064363672,0.1464815806583885,14.242683394270204,4.5592587327638565,-1.1094060672255956,-9.692265210995464,,,,,84.40128074690287,0.099047619047619,0.13,3.8364504992192265,0.6228918470052313,48.07984406982887,3.030797148904694,1,BBT,SHELDON
1_1296,-1,0,Q4_humor,194.4971751786884,79.65139333526429,432.23756969926296,0.0294873222607668,0.1614818909552797,4.224850026551396,0.5,7.147595606582588,6.9020556299320726,287.81922250059233,411.670553578084,0.1454698572420488,0.0774473191455818,0.5413228159680215,0.5122372512416865,0.0645335910551972,0.0290855647263349,0.0485530956380976,16.332955096283182,4.155578841036388,0.432246771341391,-4.198476942567487,,,,,95.47979086440624,0.0961538461538461,0.1688888888888888,3.7331646733247807,0.5784160103864662,37.685485411927694,5.359473720826589,1,BBT,HOWARD
1_1466,-1,0,Q4_humor,168.28512434365703,71.12250241206056,438.7695570556916,0.0286844982395921,0.1228689342711493,6.661391278677023,0.585427135678392,4.986657017504184,7.759830175293244,81.26761601599884,86.80107392034087,0.128008050488931,0.0661187110444967,0.1996961525764053,0.345808640769948,0.2107456009365871,-0.1461124881935426,0.0967459787319445,16.857941358591646,7.978651228006695,0.9347782995660112,-7.300618243125779,6.682358459619227,0.0,0.4986657017504184,-0.0,64.84186506686034,0.1733333333333333,0.38,2.7649106700052104,0.5037913234559338,46.776009802432206,2.1293364670845176,1,BBT,SHELDON
1_1478,-1,-1,Q3_bite,144.71281574058642,72.47082959839577,519.8709310412522,0.0185766851165045,0.1261571366896919,4.458218264648288,0.4658158614402917,6.0864675128848456,7.166473424819775,171.17905188075326,225.59982710529425,0.1414484328657095,0.0698556099782482,0.5287730138622299,0.4294112571591381,0.0852202266558424,0.0993617567030917,0.0797396903940329,10.581118957862866,3.542869149291179,1.2537611434543383,14.07323185578152,1.9864275407874483,2.663627463442829,0.6358995908984167,1.0,84.85556503993162,0.1370588235294117,0.1857142857142857,3.988497617832504,0.6378949476491418,42.89967125252179,3.2425091293673467,1,BBT,HOWARD
1_1549,-1,-1,Q3_bite,176.033783966969,81.61474680427875,245.96198543566044,0.0213919225598149,0.1336226275637971,4.192825337179585,0.5020080321285141,6.582446808510638,6.633171228877133,167.30957781883978,143.03915293305312,0.1323859201169646,0.0651394732891293,0.417173106305619,0.6011789825080697,0.1121403260040641,-0.1840058762024506,0.0766534187600738,15.3136328365566,3.9893617021276593,4.705784043200249,8.142256331334952,,,,,75.72384880077188,0.1461538461538461,0.1514285714285714,3.716880856301321,0.5417744793581838,35.955537085377046,3.827926346297109,1,BBT,HOWARD
1_1560,-1,-1,Q3_bite,170.89565272979831,52.43243462117636,434.57964468065313,0.0216674715429074,0.1453201300839993,6.666288049398071,0.6432160804020101,7.729318377131485,5.241056627443524,94.57183165271444,90.09904570631568,0.1255718810370198,0.0704886671525966,0.4237319874786761,0.357422323031425,0.1560216198535742,0.066309664447251,0.1425392337338714,19.91065171678744,9.22531548238274,-0.8786718779490609,-6.82607920528225,2.443745757545594,2.234839588995735,0.7479985526256276,-0.0,105.8871296420933,0.1475,0.37,3.2303680761028164,0.3850096750469562,36.48353076783509,3.090535787245081,1,BBT,SHELDON
1_1638,0,0,Q4_humor,156.2028847976566,49.30689280295076,240.36145065069115,0.0265008554488183,0.1556188676455155,3.8824660340745183,0.4824120603015075,6.731986973630649,14.70841426064312,115.53022617062936,120.12313822309554,0.1518238670509114,0.0727388224182806,0.2708681721150009,0.2996241962388539,0.0382390616079471,-0.028756024123853,0.145481523649649,16.17100167009535,5.235989868379393,2.7985599059719632,15.252553353559616,0.7931858853401081,0.0,0.4986657017504184,-0.0,62.03919725785051,0.0952941176470588,0.225,3.0415241228132976,0.3225458035177027,29.36722200241198,3.0353616639210963,1,BBT,LEONARD
1_1732,-1,-1,Q3_bite,255.8119523459752,107.11905171669012,438.0578779933761,0.0211254724397547,0.1263068454367462,7.781573837266063,0.6688963210702341,6.31647983837531,7.288443067953948,44.55755173343295,97.1130839727046,0.1045744940594768,0.0631570577573995,0.3299376285649743,0.3380156928000674,0.0392703797920412,-0.0080780642350931,0.0842731928666509,30.65893037842074,4.321801994677844,-0.3222522881927953,-0.371330924128781,1.1612823456646282,1.0172273198509445,0.9973389218487332,0.7219280948873623,74.86669643191371,0.0977777777777778,0.1199999999999999,3.9155098241549946,0.5127248386281235,50.55685788881781,6.00760985219828,1,BBT,PERSON
1_1772,-1,-1,Q3_bite,223.5389303269529,67.67548586869094,285.72151266725444,0.0190252486494906,0.109298716037861,6.74807964366188,0.5783132530120482,6.582446808510638,7.788876795941386,95.82607547561912,132.38773133718482,0.0990957649715349,0.0653381631143785,0.3493654528815109,0.381346900811289,0.2456686509952773,-0.031981447929778,0.0611410644819591,22.553445320941773,3.590425531914893,0.9490838654045652,8.61200040675294,1.890654245351273,0.0,0.3989361702127659,-0.0,74.10611965943518,0.1622222222222222,0.275,3.0019863121192785,0.4730113007562925,45.82916630265716,4.021746125256863,1,BBT,HOWARD
1_1798,0,0,Q4_humor,182.33575954169407,35.75895690562791,160.2638821356802,0.0199155655304171,0.1071758614437786,6.894803149971356,0.5678391959798995,6.48265412275544,7.799558576610812,69.9698939528447,60.15590317165434,0.1072637765850818,0.0562497619144203,0.5249471426117208,0.5359392476948558,0.0121027774825391,-0.0109921050831349,0.1067043655199465,14.27337585877999,4.487991315753765,-2.5630864786443124,-2.3248985788963505,1.4702111581050468,1.034668003349322,1.246664254376046,-0.0,81.14723677881571,0.072,0.07,4.509570323909938,0.3333333333333333,34.926408147144336,1.78439756282483,1,BBT,RAJ
1_1803,0,0,Q4_humor,180.0622978281496,113.10077691921816,472.0810423840613,0.0284559706948505,0.1604324826047852,4.578716880621775,0.5083612040133779,5.319140916526577,10.058935507145549,211.8301934620171,206.1612619118069,0.1496581684302717,0.0680099467811716,0.2965477749049504,0.3641189207635724,0.077100699306514,-0.0675711458586219,0.0558843814812175,15.057602634661732,5.817810377450943,-2.3502784580814584,-24.51512466854848,,,,,90.9430823918629,0.1875,0.25,3.053316105305284,0.9585027841673536,44.498567127422845,4.24057528780025,1,BBT,LEONARD
1_1931,-1,0,Q4_humor,182.6230088804104,113.529518924125,520.4293406396805,0.0266208300213714,0.1089564161207383,2.7676117974175445,0.3493975903614458,5.984042553191489,7.191565933530238,192.79929420792453,233.96009099674765,0.1269059778185441,0.0684426502129763,0.1933253699344797,0.4521553375769971,0.0844484294849363,-0.2588299676425173,0.1204956217689531,9.681253797035962,3.3909574468085104,4.463292090343971,12.357061955731725,3.885877864602817,3.105936288585593,0.7978723404255319,0.9182958340544896,64.24504788141151,0.2636363636363636,0.3114285714285714,2.695755365326516,0.6440432540415347,47.59514923403306,4.29570870733619,1,BBT,LEONARD
1_1973,-1,0,Q4_humor,263.30112920141426,58.59556436425805,322.18650199736874,0.0157217260550865,0.1121439694154069,7.702533339168796,0.5060240963855421,6.382978723404255,7.619008350162923,39.23124338535391,53.05755167655449,0.0964274330747923,0.0585696718861053,0.2700339701644231,0.4978539662378453,0.3134187175600825,-0.2278199960734221,0.0532188030797581,11.281517654884365,3.191489361702128,-1.4754398619377551,-1.852592132594058,4.629915697015818,0.0,0.3989361702127659,-0.0,77.5231454777972,0.1635294117647059,0.2885714285714286,4.003131429243192,0.473522530179676,40.15513534960472,3.336024171706508,1,BBT,PENNY
1_1987,-1,0,Q4_humor,210.95481992210856,45.03614022654728,208.64968768153693,0.0150628864693748,0.0987116245140491,10.755790824078389,0.7625418060200669,6.150256684733854,7.905019766743224,38.737682591416885,53.588669791208766,0.0894478558480625,0.05385203834975,0.4806030348323233,0.422354536261901,0.0804952274452882,0.0582484985704223,0.0959194603264834,12.317584004842912,10.4720586794117,-2.5471181743622155,-18.01833811292628,0.7446731389963852,0.7621420667209112,2.327124150980377,0.3912435636292556,63.83822005989834,0.1766666666666666,0.43,4.201851032708865,0.5545785769024834,47.69280948817665,1.0402937490313269,1,BBT,PENNY
1_2119,-1,0,Q4_humor,269.2653728943113,24.80439525878586,98.86201348069297,0.0126298100593146,0.1059520822863532,2.163425319096014,0.3819095477386934,6.981319824505857,2.7329078358304346,58.58359316551544,76.27501839853673,0.0829867084396302,0.0492297545305759,0.2476625766170945,0.3481174015459211,0.172223740956793,-0.1004548249288265,0.253692372147728,7.254473052179607,2.7426613596273013,0.9134170682243076,5.240275794945945,1.085344825561029,1.085344825561029,0.7479985526256276,1.0,71.9191919191919,0.55,1.02,2.369456689951696,0.3478684735842652,25.158004289962705,1.3683308152067448,1,BBT,PERSON
1_2198,1,-1,Q2_criticism,164.29418020501126,64.6254114642716,378.3291994032791,0.0207504543280174,0.1176215548892249,4.365720443370407,0.4780976220275344,7.480027816883491,6.012616485323192,80.4281300020006,97.09114370826724,0.1174541517482783,0.0551483720115519,0.2833093349389304,0.3057317415894922,0.0544824534219111,-0.0224224066505617,0.0663373985651185,15.103921285993438,4.9866852112556606,-1.1394732499105331,2.13406829908633,1.0627042409382224,0.1444894527417002,0.3740013908441745,-0.0,83.13928485862664,0.1384615384615384,0.1927272727272727,3.112924887050016,0.4456427792692071,35.62176235328466,2.573409333000238,1,BBT,SHELDON
1_2354,-1,-1,Q3_bite,181.09610414564528,33.29614714624873,159.28619287229577,0.0167933373704284,0.1032497090723283,5.935380649567513,0.5251256281407035,6.731986973630649,6.992980902417803,49.06549162635452,64.17188266348295,0.0983679887041567,0.0513880390881042,0.2949855538634139,0.5000222314868895,0.1341789882548175,-0.2050366776234755,0.0959484288366958,12.590649056194618,3.24132706137772,1.7414449122466829,16.137668831031224,1.3290207672990189,0.0,0.4986657017504184,-0.0,83.94233427456018,0.14,0.16,2.8539718493780595,0.3840493671691594,38.36596598334585,2.8595621868288563,1,BBT,SHELDON
1_2464,-1,-1,Q3_bite,265.0525164785484,44.681414464679285,241.27981028574072,0.0143033616070274,0.0850406834224078,6.977578329204373,0.5276381909547738,6.731986973630649,6.93691299924679,39.84912920070112,68.53966122428041,0.0791110392888159,0.0489747389375311,0.3768743940252467,0.4020417251488358,0.1253986272844153,-0.0251673311235891,0.2774219062472922,6.1565992000189205,2.7426613596273013,-1.8790517152016328,1.599359654028735,1.3988347505739096,1.7232653223870964,1.7453299561264644,0.9182958340544896,79.7797202797203,0.1088888888888888,0.1099999999999999,2.8360561834491835,0.4059734343695472,40.29562504783151,2.095586079496803,1,BBT,PENNY
1_2580,0,0,Q4_humor,141.97412231401594,67.25510072050038,460.5806606082924,0.031295015360507,0.1528663927903238,5.701002116005556,0.6254180602006689,6.648926145658221,7.240310938794916,294.9015154918181,319.12316366920663,0.1516828918624276,0.0621521994278006,0.230954433273038,0.3693601816213478,0.1443004577538448,-0.1384057483483098,0.0813933129386699,22.92999092466046,6.150256684733854,1.893131041538971,8.90588697733784,2.4096363819966107,3.6338773019429,0.8311157682072776,0.8112781244591328,104.44949547430346,0.094,0.1155555555555555,4.0735027141249525,0.7035188801811132,36.29918574523277,4.626186815466124,1,BBT,HOWARD
1_2614,-1,0,Q4_humor,147.10630076191427,53.07092181153744,425.832499495914,0.0224822586537285,0.1202260480721855,6.552344599898022,0.6708542713567839,6.23332127188023,7.625867844988215,164.48563472018586,190.2783678369744,0.1256801361063046,0.0591788410778518,0.6150516632366947,0.4079968405942447,0.0455723951349775,0.2070548226424499,0.0876136456369451,15.059333926340107,4.487991315753765,-1.630428308756247,-2.5736055382835588,1.873224896537888,1.4899723855023947,1.246664254376046,0.8112781244591328,64.79989007009078,0.1155555555555555,0.1933333333333333,2.944288037133388,0.5311429611112767,53.95221877168319,3.677509404178649,1,BBT,LEONARD
1_2616,0,0,Q4_humor,188.3876260530701,64.49029661492338,327.68769709430694,0.0249529257827939,0.1412171231321612,3.2952218681809664,0.4558232931726907,6.781914893617021,6.702690671785017,113.39644127519576,137.1423243213521,0.1151431117357334,0.073420068030945,0.2955222326183074,0.3400718437797629,0.0679627666030584,-0.0445496111614555,0.0469486090988355,16.183720678302485,3.789893617021277,-2.648945878451989,-20.46312864126777,0.7576046460997645,0.5095246107281182,0.7978723404255319,-0.0,91.65243064939112,0.2975,0.58,2.685943251104486,0.5388681938981508,38.46710006562303,3.2077172513688,1,BBT,LEONARD
1_2778,-1,0,Q4_humor,148.74107027539011,28.98280832595027,194.44136007525373,0.022825684176381,0.1092141180454124,2.97868062235092,0.465863453815261,7.38031914893617,5.482922904093317,96.8005441042664,122.19506670740168,0.1351252740823934,0.065213319795518,0.3858866769163275,0.370562699745989,0.1823866416809494,0.0153239771703385,0.0358047785859844,12.016481813457542,3.789893617021277,-0.4306934860227904,-0.3735611169234474,3.257206642196337,3.694632033514848,0.7978723404255319,0.9182958340544896,44.2518905711982,0.1933333333333333,0.32,3.6360242855246616,0.3788947507636829,44.60646878867095,4.247281446756328,1,BBT,RAJ
1_2797,1,0,Q1_praise,169.00085610015427,46.60628969085965,313.95307922107185,0.0277860322249237,0.1311615285057407,5.57516506427618,0.6608040201005025,6.48265412275544,7.304347244990824,33.343474705356456,45.08063409815088,0.1263098521785602,0.0653081435129046,0.144087454587377,0.2863646204292755,0.0865304616806641,-0.1422771658418984,0.0636956086352492,18.86037917960964,6.731986973630649,1.3533007137318185,-1.6238443457513014,2.124182092840371,0.0,0.4986657017504184,-0.0,83.91616365300577,0.1246153846153846,0.18,3.381655717349291,0.4817428012904541,37.1291849736545,2.567540126845264,1,BBT,SHELDON
1_2819,1,0,Q1_praise,189.69233988257537,94.8933332902322,382.43468030617055,0.0239955406782117,0.1414300887165783,5.73381660812804,0.6507537688442211,6.48265412275544,8.979385099223023,47.62832268705832,74.5409900224826,0.1305912768264007,0.0561904805876229,0.486594895697075,0.6327155706409503,0.1737488971052277,-0.1461206749438752,0.0273113997761443,28.20023738134109,6.48265412275544,-1.3272315192549136,-2.620781366730124,,,,,79.39001731359376,0.0854545454545454,0.032,3.563528990202863,0.5276239950118427,50.70709349735092,4.488569906574675,1,BBT,SHELDON
1_2853,-1,-1,Q3_bite,130.78450173676586,36.11135839657396,310.34033431617775,0.0213700371136807,0.1198675303370181,4.81495988574575,0.5305917753259779,6.796362944093411,6.50262087647847,47.82932793115078,50.599318156476855,0.1417308694360442,0.0592991306325204,0.2941546616986422,0.3452483663453694,0.0232272180132683,-0.0510937046467271,0.1643225453748527,11.441887785614806,5.197218721953785,0.1154946938011353,19.76574879228929,1.6614128482591308,2.049423217010705,0.4997325694186331,1.0,80.60461205307232,0.1,0.118,3.434706383970377,0.6803711331115253,39.2230596813891,2.1115007928904537,1,BBT,SHELDON
1_3064,1,0,Q1_praise,155.62648184553692,81.8681091709202,489.745290211049,0.0233226383350316,0.1280501259654347,4.45390236847145,0.5401606425702812,6.981382978723404,6.196955436409787,49.205751962619765,50.40434242455712,0.1403382255586714,0.0578524560359927,0.2354842125692125,0.478713442393795,0.0109507285351383,-0.2432292298245825,0.0971297298907953,13.775927580272926,4.388297872340425,0.4015071063973679,-12.2579661165372,1.6483431465379486,1.6483431465379486,0.5984042553191489,1.0,86.72324498949887,0.0926315789473684,0.0574999999999999,3.116801082034556,0.3406120951564952,40.25759745907187,4.747680048214359,1,BBT,SHELDON
1_3125,-1,-1,Q3_bite,212.4786181772469,57.23041503119542,277.4357117986678,0.023980990353303,0.1262112371804786,7.580846493902521,0.7492836676217765,6.553934428348044,4.611972154126705,27.299794608307216,43.397155157053824,0.1099445485342228,0.0628251190642453,0.4437265271296484,0.3452418195083407,0.0964355910776756,0.0984847076213076,0.033312693829276,33.645348494738755,7.266318605342397,-1.5214049248551202,8.035254671612249,2.291195681991807,2.291195681991807,0.4274305061966116,1.0,103.59973826930376,0.0694736842105263,0.0799999999999999,2.122689111621148,0.395475667877532,37.10763398111533,3.4541768398511468,1,BBT,HOWARD
1_3256,-1,-1,Q3_bite,173.43294246864107,32.292739159166175,181.1926790155028,0.0221049166740382,0.1065047810505486,6.102430140593059,0.5200803212851406,5.984042553191489,10.83289498836106,24.65206260226256,30.551518843351424,0.1056030472305125,0.0606993896867357,0.1324128494979931,0.2913415369527282,0.2562488530553892,-0.158928687454735,0.1138384663169732,18.26696395101409,4.587765957446808,-0.8124979845386051,2.8331895729982826,1.0650390608119151,1.0650390608119151,0.5984042553191489,1.0,68.10464724780736,0.2155555555555555,0.27,3.614349190589348,0.6734169574229663,42.06916592328703,3.06929988570042,1,BBT,PERSON
1_3259,-1,0,Q4_humor,193.362484227381,78.29379656315267,505.7015016796617,0.0235856297734187,0.102630703848035,6.225752286386895,0.5016722408026756,6.331450966958677,8.872326946889954,30.790042385146297,51.56822442228923,0.1075971586607931,0.0659308687646121,0.2119790121100918,0.346330846794533,0.0234927695813794,-0.1343518346844411,0.0649086564676285,14.803537327132618,4.554201572724662,0.1261905543148523,7.812487758969635,3.2396630439787937,3.2583202864045395,0.5553904356981295,1.0,111.14814726105551,0.2457142857142857,0.5742857142857142,2.647791894173684,0.6105244733952151,39.405770348604406,3.631932732606331,1,BBT,PERSON
1_3287,-1,0,Q4_humor,158.98390230442445,34.89055257315476,128.41059347722802,0.0204628055946618,0.1234037892094755,6.137016406340429,0.714859437751004,6.981382978723404,4.946763199337792,45.01627899707713,48.25910556092278,0.1211223052138123,0.058796938862569,0.3822366769003061,0.4102344143147156,0.0187812056606336,-0.0279977374144094,0.0187805867477307,22.159437461408256,6.582446808510638,-0.5129764376265257,27.97789580949243,1.1855509818365242,1.1855509818365242,0.5984042553191489,1.0,73.16911636843128,0.092,0.66,2.835969047101492,0.3222835190739151,36.23670676820559,3.755828086407165,1,BBT,SHELDON
1_3293,-1,-1,Q3_bite,129.85866232790232,17.164424294074127,190.3183127421169,0.0161019598102048,0.1112374488853895,5.683394967850775,0.657190635451505,6.8151492992996765,4.678841083209912,60.54401885631048,51.4745555094433,0.1402081323557151,0.0606062232616209,0.2427431819205834,0.3599804031850778,0.0370815718395649,-0.1172372212644944,0.2348768112204935,12.740101050483384,6.150256684733854,-0.4191192632425204,-5.156518913847879,1.331545236901616,1.665971571507412,1.1635620754901888,0.9182958340544896,62.816592378917655,0.1472727272727272,0.27,2.515146795396697,0.3734450414728777,44.26473942527293,1.4602671818094308,1,BBT,SHELDON
1_3419,-1,-1,Q3_bite,237.82177302778643,83.67122200997699,471.71153838799023,0.0249199914800549,0.1440052997509233,6.844727379851572,0.5461847389558233,6.781914893617021,6.727440660282578,30.634141349402505,56.617583251273786,0.109382740792142,0.0729921855737972,0.4401398895033037,0.5163992209097455,0.0934513436972096,-0.0762593314064418,0.07652553669003,27.08506025250113,5.585106382978723,0.0663761314112819,6.309972777782419,0.9303470496600744,0.0,0.3989361702127659,-0.0,91.49228030552896,0.0966666666666666,0.0755555555555555,4.805525860336421,0.5391331581356319,42.27620361651865,3.663649843672521,1,BBT,PENNY
1_3545,1,0,Q1_praise,93.78737007768244,19.88377877768219,120.02631460265748,0.0264049278886457,0.1186666121940105,0.9278451512299488,0.2808022922636103,7.693749111539009,4.297915173373157,91.7589260895035,57.95245847936502,0.1786323679557341,0.0654256727754767,0.3144618198279231,0.4130817404529268,0.2137326740581059,-0.0986199206250036,0.1202610933772627,7.455087234544543,1.139814683190964,-1.2282961020492202,-9.199285533720584,,,,,79.15750915750912,0.2771428571428572,0.3511111111111111,2.152155694651894,0.3519621236194531,33.14436581761185,3.2980663669055668,1,BBT,HOWARD
1_3573,1,0,Q1_praise,205.47780345669725,53.12115132993712,387.7078067643768,0.0192050657392512,0.1270810148442701,6.285833177198388,0.5558739255014327,6.553934428348044,12.65677583599574,31.57961025079054,35.9965297504846,0.0965908305159766,0.0489820356664499,0.3864887708570516,0.3966782516617518,0.0477229591216823,-0.0101894808047001,0.1187783776968601,12.066009692143387,5.699073415954821,0.5403184575928236,13.437143397504808,1.6836955124252406,1.597297659377769,1.139814683190964,0.863120568566631,85.57002713392917,0.1326315789473684,0.2228571428571428,3.717817043966314,0.7369927047843278,38.86453406559161,2.527486263377128,1,BBT,PENNY
1_3660,1,0,Q1_praise,277.30011012989723,125.86444049770044,489.3092213478047,0.0203968243479723,0.1128685858502721,8.138105925345151,0.7070707070707071,5.98398842100502,7.468118323651664,27.492479807922464,31.24381710071377,0.0998802588727532,0.0582903998714234,0.3913484147318026,0.2905151940849509,3.6765823437437203e-17,0.1008332206468517,0.0272773266225808,29.368328687499712,4.321769415170293,3.2295936679855344,-2.70138031399852,10.80678345424648,0.0,0.6648876023338912,-0.0,116.6535950967509,0.0733333333333333,0.3,3.538916632942368,0.4868531283540314,48.99047764872057,5.5943375594062905,1,BBT,PENNY
1_3707,1,-1,Q2_criticism,143.27110568111704,62.3135761752008,441.4487025767924,0.0246542566740813,0.1127498833667557,0.9274501120596448,0.321285140562249,7.180851063829786,6.071464528724508,113.96140495300943,93.19241926921022,0.1393036793168713,0.0591777364975537,0.2938790907533479,0.2970175172121119,0.0174954627027159,-0.003138426458764,0.0973552727688218,7.017216653047748,1.9946808510638296,2.9445026496704703,17.87483842200185,1.840075617538787,1.840075617538787,0.5984042553191489,1.0,66.26886611541345,0.286,0.3899999999999999,1.8708970029724608,0.477267537507802,45.059047480886505,5.215724547361594,1,BBT,LEONARD
1_3766,1,0,Q1_praise,163.18575302504834,34.503144151354675,206.77007148841653,0.0171099109614331,0.1395055817210363,7.53237578403683,0.6270903010033445,5.984033531092399,9.710550829074664,36.105905030696185,40.91644941128836,0.1084951067610004,0.0519866847414607,0.2717257808053003,0.3039454483613616,0.0697009276401717,-0.0322196675560612,0.184082799314395,16.195478559663723,5.984033531092399,-1.386909526081519,2.746800685255959,0.9161369527103022,0.8222655667187659,0.6648926145658222,0.9182958340544896,81.32541933826475,0.1676923076923076,0.1685714285714286,3.400375510311626,0.7910537661007718,40.53697482736238,1.4225153303311873,1,BBT,LEONARD
1_4031,-1,-1,Q3_bite,160.07155386263057,27.95682894059748,453.33123430013774,0.0223111244802057,0.1298712660178954,7.37019677582708,0.7178631051752922,6.577466809648235,5.002586649903704,32.42314442001483,36.03176097679531,0.1195646494108762,0.0604315124141976,0.3020779437556536,0.3532347524457125,0.0440794830613054,-0.0511568086900589,0.1535399587109182,18.00414249262081,8.57568457460466,-0.2921936888355276,-9.754242724913407,1.4167493951384542,2.017447305178165,1.4154042501774682,0.9886994082884974,75.75970636334503,0.061578947368421,0.0533333333333333,3.5459854673737548,0.371167748389592,31.24933087415251,2.523646138983892,1,BBT,SHELDON
1_4145,1,0,Q1_praise,158.91191208678072,99.95599312011086,445.8774679536193,0.0222047022103279,0.1465763093690883,2.2061894467457472,0.3578595317725752,6.150256684733854,8.91189569587516,60.62150819008504,61.17045266478873,0.1546049786339549,0.0606008869389424,0.1815619929427348,0.3076416322865371,0.0108318778975213,-0.1260796393438022,0.1282743087119314,8.367355237057003,3.158239919187655,0.3267290993340789,-1.58365294102353,1.2281928878553252,1.4073955388311803,0.8311157682072776,0.8112781244591328,76.89657144202599,0.2709090909090909,0.432,2.408580073429724,0.6094468482810157,27.745483809121623,5.393532061916416,1,BBT,LEONARD
1_4743,-1,-1,Q3_bite,181.41704234654668,62.15633771218553,238.55588636376245,0.0205935176761223,0.1163465594112207,3.4554076840226924,0.4457429048414023,7.909611986285852,3.6388048030378792,33.369758367850565,47.318881740295765,0.115029833751122,0.0633525512914811,0.1934276406256338,0.3414790151708858,0.0399621761657914,-0.148051374545252,0.0865432086159584,19.225920982781545,4.9122853388512135,-0.7947929193068071,24.97848863823115,2.5405963953920723,3.798078294895976,0.8325907353985107,0.9910760598382222,79.46095697076986,0.2266666666666666,0.304,2.6702544529656724,0.3763575229399651,33.20015720207765,4.138844512921178,1,BBT,HOWARD
1_4760,1,-1,Q2_criticism,148.12017207643433,32.89896961960741,133.57715948376676,0.0250350642661056,0.1376145767720872,2.4355614104292846,0.4738955823293173,7.978723404255319,2.6858625562138663,24.382011127732184,20.289827041312567,0.1209523180607723,0.054175264060574,0.5715504746298185,0.6350185461285713,0.2493773340269082,-0.0634680714987528,0.0227139341780914,14.737670922005275,3.789893617021277,-1.5247848085700304,5.689227250037689,4.129837337908633,0.0,0.3989361702127659,-0.0,93.95609760808472,0.3342857142857143,0.6466666666666667,1.7510451628341548,0.2640871951464081,24.82435136942889,2.342456267095164,1,BBT,SHELDON
1_4789,-1,-1,Q3_bite,158.78282840243423,89.17598556471233,468.4825009302864,0.0295575582402995,0.1177407665999385,3.5075326854221367,0.4364548494983277,6.150256684733854,12.038282963110024,38.21659597642111,40.00782163603956,0.1510901297760168,0.0970496962237864,0.3676999258009267,0.4145775016971355,0.7027403853825438,-0.0468775758962087,0.0377111440194051,22.86665955348155,6.150256684733854,0.0310072056893142,-23.071707082903085,5.150807402221092,3.903772306984008,0.4986694609243666,-0.0,115.70301120448178,0.3709090909090909,0.6033333333333334,2.915899995958318,1.3380717335341838,38.86268463041158,5.991581476431514,1,BBT,PERSON
1_4967,-1,-1,Q3_bite,168.7248095869094,47.56468224015451,186.6821940173354,0.0208033919741913,0.1198709541723366,5.216735890570479,0.4759036144578313,5.585106382978723,6.470211259776926,96.28959360353876,119.1634214237813,0.1211155995312882,0.0623196744827963,0.541430035860212,0.7270162694105322,0.2730945718268497,-0.1855862335503202,0.046285775019266,11.51342097173581,4.587765957446808,-1.4948210440108791,11.909891858536891,4.140457180360142,5.00646440841684,0.9973404255319148,0.8112781244591328,76.52561114099575,0.2246153846153846,0.2857142857142857,3.4196257460361035,1.060155032717036,42.28489247676022,3.7398112149919913,1,BBT,LEONARD
1_4995,-1,-1,Q3_bite,264.3874797942228,137.58362024495918,463.2247313307454,0.0282445753962237,0.1420008825603988,1.631969371385023,0.3294314381270903,7.313818760224043,9.297133662154504,52.9868849261627,73.47421919638913,0.130359638303267,0.0715246807371624,0.2286759790636624,0.3712809469532784,0.052999894000318,-0.142604967889616,0.1081844664526727,14.628984163171344,2.493347304621833,0.1575182969538051,6.013292928882255,,,,,81.47540439100543,0.4036363636363637,0.8699999999999999,3.1118746805707507,0.4457911554917889,38.01831839823418,8.45856314388441,1,BBT,SHELDON
1_5058,-1,-1,Q3_bite,195.19388633578987,76.52981502596738,370.0772578035951,0.0306371984390525,0.1556928350939858,2.581558710271961,0.386845039018952,7.442231838354935,10.905701309691192,83.5494238022473,103.15863866085184,0.1290375437665323,0.0662447429466884,0.5224706685550948,0.4979922479396841,0.2062972357637329,0.0244784206154106,0.0237539466903227,14.596323976067932,3.665576875607655,-0.4805468653346388,6.05229401548549,12.164235608291078,12.164235608291078,0.3332342614188777,1.0,73.504406449378,0.38875,0.6040000000000001,3.276178244326441,0.7094940578904225,33.087021820367355,5.8798991975231365,1,BBT,SHELDON
1_5134,1,0,Q1_praise,233.3529462697612,75.00739166126515,364.6337326729447,0.0198719928361818,0.0918831936231721,8.185243664857838,0.5106382978723404,6.108689383788184,10.87433063061778,44.660688793620366,89.54483628043802,0.086007752507196,0.0500364309677769,0.2653728826921358,0.3686875442836387,0.0254061727984742,-0.1033146615915028,0.1046650949997247,12.933117812215375,3.9893481690045287,0.4631570334045578,18.66999039161941,4.952820308906493,6.004810180672043,0.8726699119697406,0.9182958340544896,76.80496151823056,0.1278260869565217,0.1162499999999999,5.239468215214452,0.5307626718170833,49.8418581086065,3.7238725579315335,1,BBT,PENNY
1_5156,1,-1,Q2_criticism,114.531854235523,62.10046942636405,499.4001058902521,0.0207461134511922,0.1345775364619013,1.73705926379636,0.3188405797101449,6.664685228377555,10.327906614298604,144.5882948645857,127.00793621084168,0.1530247857362113,0.0631411678124818,0.1553850858223056,0.303432132444237,0.0260179455623322,-0.1480470466219314,0.2444622694585778,6.8682514758188775,2.9991083527699,-0.1650530083213546,-0.9511316812089738,2.198268939385935,2.459554297646247,0.5553904356981295,1.0,82.18648504058721,0.3894117647058823,0.515,2.414695361175588,0.398794946819752,32.72668605230456,1.5165356708512774,1,BBT,HOWARD
1_5166,-1,0,Q4_humor,201.1593235457441,27.01885569936617,179.3950278231883,0.0173286758077921,0.1297391176527364,5.206072317031192,0.6256281407035176,6.731986973630649,3.6248869766558895,57.69131616021138,61.460330395199264,0.0983713449503205,0.0528716751816825,0.170723244045474,0.3103586200487853,0.1270668430866948,-0.1396353760033113,0.1681315466860834,11.43404690950811,5.485322719254603,0.4512864338838785,-3.686299230427279,1.3281428868014982,1.7661801181778554,1.9946628070016736,0.5916727785823275,90.8780928387812,0.0822222222222222,0.1079999999999999,1.8061575419243807,0.527800631541486,36.70957285339006,1.5233730995343753,1,BBT,PENNY
1_5211,-1,-1,Q3_bite,214.2375381582708,62.77870300660047,449.3074012267098,0.0223766177332988,0.1169916723999194,4.335782028587468,0.4598393574297189,6.781914893617021,9.992131853975794,52.7783932560221,60.32123024310182,0.1136225742155775,0.0682403048989644,0.3466733576507211,0.3759998987661568,0.2756035436010373,-0.0293265411154357,0.0957922276946922,12.756074619786618,3.590425531914893,-2.30030479260982,-18.49192272432572,,,,,70.23055372012162,0.1907692307692307,0.38,3.5716647770555268,0.3154362292366988,35.24435254630728,4.605569855287402,1,BBT,AMY
1_5496,-1,0,Q4_humor,229.15590297543844,114.74878853773018,517.1632118800832,0.0253076307543639,0.1810750139961045,3.633655079833558,0.469671675013912,7.108997576936058,4.451405764601188,54.65050247418634,64.27837222124091,0.2211404175324418,0.2644162077900964,0.658173496065651,0.4538782770407216,0.0633018465417958,0.2042952190249293,0.0102111729621513,14.993865016943047,3.443420701328403,-0.5067484604578233,-23.93405490828581,3.897540075728348,6.846649273050965,0.6664685228377554,0.8453509366224364,82.05430765845803,0.1403174603174603,0.2733333333333334,2.723788614803332,0.4519638477973453,33.63119942903301,5.329514182712215,1,BBT,PENNY
1_5571,1,0,Q1_praise,191.90894148614709,42.438395536417794,230.2438803054112,0.0205747395973,0.140478018158545,5.243747671924099,0.6174785100286533,6.696411263746915,5.7517528261739495,49.39524174222268,62.461707094236935,0.1174537885777571,0.0628546064333378,0.3628359238875375,0.5280767164650098,0.0926233689294978,-0.1652407925774722,0.0308861300312375,19.177185893697704,4.274305061966116,-0.2202202984655674,-8.129631788148089,1.5500067985065344,1.9495547291407271,0.7123841769943526,1.0,66.48204747796399,0.0771428571428571,0.1133333333333333,3.327222319912421,0.4875128106976537,45.12664317150696,2.943673623173796,1,BBT,SHELDON
1_5572,1,0,Q1_praise,149.36468161931987,50.271151408964926,424.79813980531634,0.0205164141006616,0.135440076146091,4.389896777536364,0.5384615384615384,7.313818760224043,5.012351196264525,106.88638693174558,162.01046957655316,0.1313471407027133,0.0651426247951004,0.3936056290802234,0.6359704124937122,0.0851697482112204,-0.2423647834134888,0.0460622869677087,13.32925433330127,5.651587223809488,2.312571448794088,6.720115497133186,2.5425388442675327,3.899941586066156,0.8311157682072776,0.8112781244591328,76.08536901048947,0.1377777777777778,0.2333333333333333,3.240679221231752,0.3963298268067156,32.80655292613473,3.9661972929477294,1,BBT,SHELDON
1_5580,-1,-1,Q3_bite,122.12662780476823,27.31003390367054,108.11743437888578,0.0201576782654138,0.1489829380683029,2.2912203599980865,0.4063545150501672,7.81248822114841,4.645132539826989,104.33962492105188,104.06191531069908,0.1428229643384274,0.0583558502124243,0.4253237538862917,0.3809191724921897,0.1061429987680385,0.0444045813941019,0.0264756922112179,11.956093025109144,2.9920167655462,1.390058356526869,-5.110180168800493,1.44928903974375,0.0,0.3324463072829111,-0.0,75.97060582771465,0.2228571428571428,0.3866666666666666,2.982994022712325,0.340840078306044,30.64418887275139,2.622474510488636,1,BBT,HOWARD
1_5617,1,-1,Q2_criticism,187.03357835215263,70.18934477853232,214.839766408374,0.022197914295293,0.127277755919966,1.4832545533246428,0.3442211055276382,6.981319824505857,4.261534458194588,67.13560361386119,59.1302041342958,0.1399008908151838,0.084414230847925,0.2278692061915909,0.4639385787400376,0.1200961153538153,-0.2360693725484467,0.1039875292075974,12.528947869236257,1.9946628070016736,3.348051866907398,5.729984073304401,,,,,93.3011988011988,0.5228571428571429,0.7040000000000001,2.778832802290569,0.3890011358036241,36.5917800503477,5.7929681937170505,1,BBT,SHELDON
1_5627,-1,-1,Q3_bite,228.14858301302323,145.14459885521188,473.3936714464704,0.0316874395167732,0.1466275064417934,1.5233766500211103,0.2636103151862464,6.696411263746915,12.55422987300435,104.1293534562154,155.52370671801606,0.1565335795526209,0.0731840977058275,0.2602738773056441,0.443293332475038,0.2929430027102191,-0.1830194551693939,0.1372875726255384,9.22197594157117,3.704397720370634,2.040761681573044,2.5394098927692994,3.947960149126793,3.947960149126793,0.4274305061966116,1.0,70.19255208728893,0.304,0.3636363636363636,2.4819539787029035,0.9747155084986604,43.66126480447746,7.684319319962399,1,BBT,RAJ
1_5679,-1,0,Q4_humor,140.11610081583433,16.86231580584266,85.85433291776889,0.02389214767961,0.1325032322268896,4.140446834035184,0.5094760312151616,6.997919489796432,7.135448337056378,84.34009407087488,97.94277997003928,0.1267399183465834,0.0582680052719182,0.3414218050130307,0.4493075391681018,0.0596491024078888,-0.107885734155071,0.1660797769550769,10.83455846919921,4.443123485585036,-0.2397591225628578,-2.970418123883057,0.7985105187937563,0.8289461966364337,0.6664685228377554,0.7219280948873623,95.6692908257006,0.2491666666666666,0.5488888888888889,3.212525500640074,0.429380907535211,33.810370829208786,1.4022171556082892,1,BBT,SHELDON
1_5699,1,0,Q1_praise,191.27538084892072,71.7204005666969,518.3157684783474,0.0225762917212609,0.1396227603165469,4.222020606145664,0.5562403697996918,7.453893442622951,5.097590793135314,87.6642096787734,108.78292750252518,0.1229935430095582,0.0642399952357418,0.4400308716254695,0.4116025713843882,0.1001928642100326,0.0284283002410812,0.0262478686867824,17.521284230716667,5.993852459016393,-0.4320526174824562,-17.43105997179569,3.0575528520179973,4.19757427981011,0.6147540983606558,0.863120568566631,70.3783645190135,0.2289655172413793,0.548,3.390899852746074,0.4298477708796042,36.72428976219598,3.387611602320128,1,BBT,SHELDON
1_5758,1,-1,Q2_criticism,256.94510988796026,86.25228133453679,304.58986940281363,0.0157231872807179,0.1125068825162124,3.7632644271705153,0.4414715719063545,7.147595606582588,4.319976260523327,30.20162251445612,41.31755334662836,0.09106988820086,0.0546168379344772,0.3275799893364066,0.496031322007243,0.5657685643979661,-0.1684513326708364,0.0447375633072758,13.646042116583311,4.155578841036388,1.455695967626235,-2.9030830124186675,10.90965362469211,12.564358109794473,0.6648926145658222,0.9182958340544896,117.28072969608516,0.3872727272727272,0.965,2.631551436340584,0.3896124510355691,30.80624953621365,2.846350708467644,1,BBT,AMY
1_5880,1,0,Q1_praise,188.33862758291093,25.59100008359316,86.74408849111725,0.0201529005312933,0.1211650580001202,2.520548945094287,0.2964824120603015,7.230652675381067,7.55958457019403,44.56403358159929,54.25684073532777,0.1036410723014706,0.0502867262659821,0.4723340365213792,0.4801405190967932,0.2242944676392005,-0.007806482575414,0.1793968139954639,13.31513285231118,3.4906599122529287,-5.125689307688854,-9.001056935393283,,,,,85.27084886218013,0.2975,0.5133333333333333,3.6477116075189713,0.7644539794681505,32.18972176588646,1.0962999694399451,1,BBT,AMY
1_5964,1,-1,Q2_criticism,178.89263081250914,107.25584934134972,498.9603357579732,0.0550555940789794,0.1833718311228457,1.5916495335807734,0.1683417085427135,7.230652675381067,3.902287723244744,73.48323888980377,62.50548577259456,0.2682503378260659,0.3104778906813351,0.4834546549365084,0.6122475488037376,0.1788854381999832,-0.1287928938672291,0.0667114403289725,6.019979495106706,0.7479985526256276,-0.7182244488202324,14.71032596283117,,,,,63.369963369963365,0.1342857142857143,0.0981818181818181,3.0188863898715668,0.3681787005729086,29.071687198038976,8.292904202241065,1,BBT,HOWARD
1_6020,1,-1,Q2_criticism,212.28804027558044,39.464767856392605,327.1782744024364,0.0210111981888856,0.1309898840244771,2.6873156351916068,0.4129443938012762,6.904052701182811,5.780748120028853,36.08697367817118,45.80020793968526,0.1156165404303747,0.0598232463238159,0.373569061987644,0.5009626498088332,0.3691019066998079,-0.1273935878211892,0.0799113618499872,9.889057721079086,3.997083142790048,-0.2472729722601861,5.339855787407723,1.6151836398421455,2.35636793181555,1.0901135843972858,0.9940302114769564,65.9856032145496,0.3669565217391304,0.7511111111111111,2.086106776900699,0.4246979331737693,34.721262264276994,2.403991163579909,1,BBT,SHELDON
1_6032,1,-1,Q2_criticism,186.6256755218284,63.34160897087256,297.07962620683696,0.0202132602675884,0.0983427725986553,7.138321938758867,0.6204819277108434,6.183510638297872,7.027759928276054,45.12431709716923,46.610882236386495,0.1095226380131961,0.0591602742713909,0.355072637493503,0.4784549113836847,0.1585106562370604,-0.1233822738901816,0.0317445480739249,25.89922613015381,4.388297872340425,-1.2012559698237584,-0.8638233693317954,,,,,41.2722864070746,0.0983333333333333,0.0975,4.959925081527439,0.3513513513513513,39.1695782665422,4.94545617461778,1,BBT,SHELDON
1_6065,-1,-1,Q3_bite,189.68789772300744,44.89091504418855,342.86057465114607,0.021176576396167,0.1296398571327566,5.708830900392384,0.6220735785953178,6.442529054098302,6.921408344487876,26.304562948728464,32.39328062398668,0.1089328424637387,0.0573048823080888,0.1878445206785678,0.3903767678114226,0.0453028424146715,-0.2025322471328547,0.0983870830213171,14.859013080071731,5.664982444120921,-0.3897007952925951,-1.943779702757203,2.538283549354275,3.282092760639558,1.110780871396259,0.9910760598382222,92.90166990483216,0.1085714285714285,0.1381818181818181,3.131846012701017,0.4987151741555908,36.995229109135714,2.2037203277939788,1,BBT,SHELDON
1_6134,1,-1,Q2_criticism,147.79065723956737,43.39608716825207,314.37317999664856,0.0317928633517296,0.1261942736908918,5.647846823549636,0.5501672240802675,6.482702992016765,7.11761072102358,33.88912977173837,32.5616561462095,0.1325201160548438,0.064422352614123,0.2066966346542455,0.2606291559309638,0.1606332911916866,-0.0539325212767183,0.0621861921492067,24.28543687270707,7.147595606582588,-0.7091452700478662,-15.94118601180088,,,,,123.56856744787778,0.2825,0.485,2.697761066840297,0.5218168971653692,39.14600501844735,1.870794428378333,1,BBT,SHELDON
1_6165,-1,-1,Q3_bite,182.7345993782621,45.71721141465338,374.442014272698,0.0262172923460734,0.1563196466479788,4.931714255486451,0.7177650429799427,7.266318605342397,4.294389796340115,52.29049002552578,48.64846460653812,0.1416693321462024,0.0697635552032908,0.2454466924778214,0.2378633444664607,0.137189410257616,0.0075833480113607,0.0871226120862316,18.89743023016624,8.406133288533361,-0.3709448134008724,-0.8189014110611339,1.83872946116346,2.136066645025237,1.2822915185898347,0.8112781244591328,95.26075403706454,0.0685714285714285,0.08,3.157752759028637,0.4243790838129095,34.20589840720314,2.8145766393957032,1,BBT,SHELDON
1_6188,1,0,Q1_praise,209.41059947877127,49.71630330646596,349.6578688046378,0.0211508393575535,0.1203116600789895,3.9418553413765736,0.4396984924623116,6.23332127188023,5.221575453806143,32.20930113586634,37.56851072377176,0.1109186849561693,0.0696554108318937,0.6750925306670498,0.5398081298878595,0.0363937262623419,0.1352844007791902,0.1752924080922842,8.5304838387056,2.7426613596273013,-4.175751653092666,3.36368337079079,2.669590940560681,2.744500698207288,1.4959971052512553,-0.0,108.21047381078692,0.2199999999999999,0.4533333333333333,3.062056941051283,0.3369963729450794,25.08928647737363,3.094112375774685,1,BBT,PENNY
1_6221,-1,0,Q4_humor,320.2093229803921,61.23019031474566,362.1353018379842,0.0179510353394056,0.1015765289097247,9.597723692279434,0.6005025125628141,6.731986973630649,7.547240698440042,20.073797143332754,37.26252047874827,0.0770345475683678,0.0577932596865724,0.4070469204924219,0.4930373828221,0.2079500979640145,-0.0859904623296781,0.1506714836966337,13.824887032146206,6.981319824505857,1.932709266807588,1.6713418216528968,1.9976911106353248,2.432903544303694,0.9973314035008368,0.9182958340544896,90.02973513243377,0.1822222222222222,0.175,4.42870295462369,0.4610473257689264,46.11905492810752,2.622663751964012,1,BBT,BERNADETTE
1_6355,-1,0,Q4_humor,196.86387676735103,85.69859092942754,505.09161282204286,0.0202658965396349,0.15001788600274,3.007500942467002,0.4211485870556062,7.176581097282131,4.829121095035869,39.03733074345612,59.83041531197952,0.1859938432842682,0.2781020353453232,0.2801827365748204,0.4122318605714454,0.1153739489075521,-0.132049123996625,0.0658882242688809,11.451525658808537,3.997083142790048,0.185970812283021,-10.998708568115354,2.7073057287179503,4.201855798266236,0.7267423895981906,0.9852281360342516,100.65942571497644,0.186060606060606,0.2094736842105263,3.926831720437436,0.3450381838543959,34.27389873577853,3.662074493461867,1,BBT,LEONARD
1_6370,-1,-1,Q3_bite,230.72061012284337,112.97934114396364,467.17433935607824,0.0218728529127075,0.115849464963369,6.61147460708685,0.6243032329988851,7.442231838354935,6.518697754446017,36.06792324421488,57.750599650420085,0.1122628781479307,0.0643897939067726,0.3247821741758181,0.2695360336332039,0.0122151214192157,0.0552461405426141,0.067803555983038,19.9076464585271,5.442826269841669,-0.1071900786197055,8.687781963584492,9.79071650580661,13.505913960469549,0.6664685228377554,0.9709505944546686,93.31740677565529,0.0978571428571428,0.1169230769230769,3.3178557762495946,0.4115625466721799,34.57538116231406,5.840574895234388,1,BBT,SHELDON
1_6426,1,-1,Q2_criticism,145.6488752571553,17.864645386020953,82.01181028609905,0.0190214717729731,0.1089486509891611,4.689528812983423,0.4916387959866221,6.482702992016765,9.022485905964537,44.11613436111652,46.945160246657856,0.1300387839898935,0.0540588666681847,0.3410260515968946,0.5249069422898851,0.0889264448397103,-0.1838808906929904,0.1984160712452705,11.42329876619274,4.820471455602211,-0.0914827084602038,17.683717575749746,2.564113315993879,2.777497941539319,0.8311157682072776,0.8112781244591328,64.97760684167481,0.1325,0.16,2.9693791992011294,0.3770756876167284,47.07236792561804,2.307176333899083,1,BBT,SHELDON
1_6427,1,0,Q1_praise,217.03178946175208,48.24749142720504,384.9425827574788,0.0187009661201156,0.0916583802880516,5.920473509199676,0.4682274247491639,5.651587223809488,11.396173400377728,26.30060046482497,43.93625081424045,0.1051473441511338,0.062949335150534,0.1722767433673858,0.4144449406600523,0.144244847067309,-0.2421681972926664,0.1522399150169233,13.015585531424406,5.319140916526577,-0.0453270473310828,17.81964836425702,1.7838734216067635,1.893063359421284,0.6648926145658222,0.9182958340544896,125.05632034000152,0.248,0.2914285714285714,4.127804877749086,0.9722652251429588,39.83778599359206,4.634659845736579,1,BBT,PENNY
1_6428,-1,-1,Q3_bite,124.72141636178958,36.50066432320727,222.47982981700983,0.0199747150041367,0.134506120375863,1.0803676405494749,0.2926421404682274,6.648926145658221,6.273773821875542,108.13544357632294,82.15563196247214,0.148796017864136,0.0648768577615901,0.1858449583104389,0.2817859399428327,0.0475920756272948,-0.0959409816323937,0.1962219324552974,7.109171925249923,2.825793611904744,1.4695229205530271,12.264053738201856,,,,,83.57184482184483,0.348,0.405,2.306039214414336,0.586184977709943,39.08664934574735,2.325796232459284,1,BBT,LEONARD
1_6472,1,-1,Q2_criticism,111.68679085750443,12.069552383600024,50.7063256925122,0.0312232689636382,0.155691938808546,0.9726837075757876,0.2437185929648241,7.479985526256276,7.275340887524738,39.86882534640836,47.252683451968366,0.1456469385784959,0.0670490386823313,0.1479145311347423,0.2008108004438638,0.207404105771348,-0.0528962693091215,0.1714615254231265,7.849492226590955,2.2439956578768827,-0.9054060143112556,-5.716946897627256,,,,,65.77633477633478,0.2309090909090909,1.05,2.167029600138432,0.3153708550156051,30.4392710012321,1.781581526032638,1,BBT,SHELDON
1_6504,-1,-1,Q3_bite,143.07644760671033,52.986795782519394,356.2617028964687,0.027376261328054,0.1398715550946725,4.539776866467121,0.496661101836394,6.577466809648235,6.591183082844632,43.17061928107199,61.47259984277198,0.131102138281131,0.0642222129101575,0.4534491801906053,0.3867624652046654,0.0708288246974829,0.0666867149859399,0.0175492535961928,14.393823055951646,4.579249044691809,0.1010877590063949,10.959961033453595,4.355267231759311,6.239766315857401,0.7493316618586596,0.954434002924965,70.11635394025733,0.1949999999999999,0.1652631578947368,2.9952875674737944,0.4729992901301191,37.121169815545805,4.190437215934514,1,BBT,SHELDON
1_6648,1,0,Q1_praise,153.2806772955455,92.70794524050103,488.200183544569,0.0222118407909094,0.1178127896047311,5.082758026681008,0.4866220735785953,6.150256684733854,7.995963087778094,65.14831665318731,76.14025931356012,0.1666876232665156,0.1477865636608496,0.1983685547005008,0.3377394615495442,0.071978492946153,-0.1393709068490433,0.2137598892168968,12.661011454537585,4.155578841036388,-0.2214319236708051,-16.87314034794926,1.560238655131931,1.560238655131931,0.4986694609243666,1.0,82.83017325745631,0.0963636363636363,0.1044444444444444,3.348421377333258,0.4738035414793429,45.14190651674965,2.856688324557605,1,BBT,LEONARD
1_6683,-1,0,Q4_humor,131.1701591845289,39.16607432331646,297.4115189154253,0.024073950136542,0.1102559071214377,4.6432272298341495,0.4899665551839465,6.31647983837531,6.800928174246138,89.44826523682768,68.6235925506615,0.1287025974143333,0.0503342338941391,0.1117672855931287,0.2533459747690533,0.0418303870092105,-0.1415786891759245,0.0916910328740704,12.755138497061733,3.823132533753477,-0.0439411987746217,20.36799604190493,2.724210909663597,0.0,0.3324463072829111,-0.0,120.77578379978706,0.10375,0.106,3.094261610587985,0.4414139835681901,40.99608188268167,4.029852896136777,1,BBT,HOWARD
1_6769,-1,-1,Q3_bite,175.44229578849715,59.299411910402895,374.9185620055363,0.0224188385022719,0.1412944803062585,6.276456802040653,0.4355300859598854,5.41411974515708,15.349553501890307,39.73166529442685,59.75951181322533,0.1349073933688344,0.0693092576682208,0.3607559319424884,0.4497017946516845,0.1441973050923095,-0.088945862709196,0.1117724185153298,12.109374842620031,4.416781897364986,0.1567500820332306,-5.0341220473850345,1.141917748733034,1.1026201347297384,0.4274305061966116,-0.0,62.20751193738956,0.1452173913043478,0.1816666666666666,5.612076963504429,0.7332781702737372,48.36204114156597,3.1576075388618987,1,BBT,AMY
1_7047,1,-1,Q2_criticism,139.43213347602685,45.71576920875753,305.46854668508087,0.0245602222731067,0.150037637686702,2.364150837737976,0.4080267558528428,7.147595606582588,6.475341909150054,9.282869755800387,9.777910484858923,0.1298662177770257,0.059313397616898,0.5000727366065117,0.6516627107422872,0.0114384734957335,-0.1515899741357754,0.0920158542666742,9.937015394605329,3.823132533753477,-1.160794054576113,14.191322110428864,1.1423454525596728,1.5605122912197258,0.6648926145658222,0.9182958340544896,79.40919492406906,0.1746666666666666,0.2774999999999999,3.673901149118465,0.6091202757537213,35.89344121267559,1.5919700224186912,1,BBT,LEONARD
1_7089,-1,0,Q4_humor,256.5112405673387,123.3548498463792,520.2490125227228,0.0164574184762143,0.1133939094499898,6.921720985099813,0.5376128385155466,5.896844319139871,7.962251462049271,9.927438467781624,14.35439663603684,0.1114161300966015,0.1023288497363447,0.7308831554616229,0.612133706022328,0.0332687069511656,0.1187494494392948,0.0392158799463856,15.548351953301763,4.897379180302605,2.724912344549643,24.86934940859593,3.623673267229898,5.152750036008452,0.9994651388372664,0.9910760598382222,109.36223940231098,0.1834782608695652,0.2636363636363636,3.1973472898465607,0.6302717213888027,40.58480226939485,5.327811068356555,1,BBT,HOWARD
1_7281,-1,-1,Q3_bite,181.2388889398612,56.70439954923054,299.71334767144185,0.0200004064871593,0.1583332231868696,3.858041718792612,0.5040160642570282,5.784574468085106,8.216232743443982,53.02775236143865,73.39293095606955,0.1300959067046775,0.0615962927927138,0.4513725399089197,0.5536118833071404,0.1100895684628807,-0.1022393433982206,0.0515598510304924,14.615807118468446,5.38563829787234,0.5981668452926636,-7.052229388046896,3.911546304060154,4.547799812211618,0.7978723404255319,0.9182958340544896,107.2356367037218,0.1306666666666666,0.1657142857142857,5.496659475144212,0.8209926739502877,46.01610068086736,4.97178060450228,1,BBT,SHELDON
1_7357,-1,0,Q4_humor,169.04018602657965,71.19350978626456,279.0699203953764,0.0253877013087901,0.1566367655651819,0.036089076154384,0.2008032128514056,7.579787234042553,3.806248004965489,111.77481105260766,98.880478749335,0.1393279670762468,0.0687179575326165,0.6614821910418568,0.4705900383742983,0.189358320929341,0.1908921526675585,0.1363181764158153,6.064211445733957,1.3962765957446808,-7.437281116521618,7.217697461679454,,,,,72.6931482366265,0.7485714285714286,1.02,1.5813955570478229,0.3841518945155486,33.9694441766042,5.61555277341505,1,BBT,LEONARD
1_7395,-1,0,Q4_humor,206.85042871919143,89.53653320535938,457.8413124993644,0.025999146603509,0.1251173434741,3.821306349663507,0.4120603015075377,6.731986973630649,9.116841967702818,61.530747267418654,61.07965679067728,0.1162707565729756,0.0635006707129237,0.4422658031475719,0.5705717753796448,0.1525478508542764,-0.1283059722320728,0.1499972204150309,10.632878983816838,4.238658464878556,-2.784166137459166,-21.926345968582808,0.9721127274436157,0.0,0.4986657017504184,-0.0,63.51258581235698,0.26,0.455,3.647545470256703,0.2983286346175657,34.66087583426827,2.349025237453504,1,BBT,AMY
1_7402,1,-1,Q2_criticism,153.0134974470746,38.663238163827344,278.6941298271718,0.0201555686881798,0.1263043960415598,4.13833489214342,0.5180722891566265,6.380208333333334,7.49984868677222,68.55049497649483,82.81140897099117,0.1312440276145861,0.0642287646821983,0.646646545317792,0.6380929498656704,0.2559712054277857,0.0085535954521215,0.1108155757239349,18.244700684451185,6.380208333333334,-1.0917695392316322,0.6517946537612822,0.254872744882384,0.2728295662556462,0.7975260416666667,0.9182958340544896,95.3068828190182,0.18,1.4400000000000002,1.812804871149958,0.5470052607570025,37.03747611745792,2.469284605878652,1,BBT,LEONARD
1_7575,-1,-1,Q3_bite,278.2057504543277,86.60734278366785,448.2248454541394,0.0215162515210499,0.1572200964450477,4.257695022200075,0.5343839541547278,6.844991721854305,6.034866688469619,107.84104232548952,170.01096964588214,0.2090003965758961,0.2669401385056665,0.3363674099961335,0.2920417407332659,0.2046511901196114,0.0443256692628676,0.0442068940071412,17.6395447829022,4.563327814569536,0.5491280511302268,-4.568091579871695,4.553210948964873,5.417349178916628,0.7130199710264901,1.0,83.78651432835805,0.1085714285714285,0.15,3.992916446919353,0.8054617113019656,39.50376002011829,3.3972254834202738,1,BBT,HOWARD
1_7722,1,-1,Q2_criticism,156.7602424422517,68.37076318317017,355.9738387660828,0.020084259738177,0.1213941446366252,3.9315256875908537,0.3450439146800502,5.625,12.803623278814213,0.6450598755825632,0.6325468846765802,0.1162351821436613,0.0554005927539724,0.2437934019654311,0.2859253722762156,0.1745482316757528,-0.0421319703107845,0.2052342093425817,8.907760002685556,2.875,-0.633764350725261,-23.80667930067336,1.693423301164663,1.967833580429225,0.75,0.9709505944546686,98.2668661817861,0.4690909090909091,0.8879999999999999,2.2864022053305377,0.9184751721684729,40.558527896710906,3.388667687103973,1,BBT,SHELDON
1_7953,1,-1,Q2_criticism,152.95930619187882,35.48758265318973,216.24032204470663,0.0174510187199278,0.1378363717731458,4.157699395923783,0.3618090452261306,5.734655570129812,14.405273071289123,77.46141423868494,97.38081602191993,0.1287594619306441,0.0609632060449133,0.428725804572937,0.3707716556743134,0.0527046276694729,0.0579541488986236,0.0587051687627303,6.437725548329063,1.4959971052512553,4.077340968957904,18.24180903304456,0.5591101640899101,0.5591101640899101,0.7479985526256276,1.0,74.1925195356568,0.2755555555555555,0.41,4.189650065176038,1.1645479296778265,46.13345111626885,3.4366426513357595,1,BBT,PERSON
1_8045,1,0,Q1_praise,168.4151981156911,101.27158651124576,419.13461667196833,0.0255989221898875,0.1572512509876715,6.269206705914129,0.6498316498316499,6.316432222171966,8.90417652716916,12.48901489316342,13.593927261791812,0.141593525108364,0.0709527632786359,0.3321488809859682,0.5419996073346626,0.1571348402636772,-0.2098507263486944,0.0533676274543304,17.65562580035939,5.31910081867113,8.888200496423817,25.66039599435652,5.3612195315431,5.335444611522313,0.9973314035008368,-0.0,95.21436841346087,0.0618181818181818,0.07,6.734663534330114,0.4950996218475382,43.78701857452934,6.121390652434727,1,BBT,RAJ
1_8052,-1,-1,Q3_bite,278.069727402267,85.91001012426754,430.3630718228182,0.0267669691099148,0.1458109931400736,2.1481639314236824,0.3391739674593241,6.358023644350968,7.925098291609256,9.077596345853266,16.049751516005408,0.1168590949151049,0.0627136672815412,0.4813344729746542,0.3926120838733297,0.4631392019471826,0.0887223891013245,0.0186776352855629,11.80599051563244,2.618009735909222,0.0455327221946179,28.05128792459292,4.933912820976566,4.011519298702135,0.3740013908441745,-0.0,56.48162393162393,0.2980952380952381,0.6333333333333333,3.037191261077018,0.6954505336617378,46.53780291890572,7.157512299761493,1,BBT,PENNY
1_8136,-1,0,Q4_humor,185.07183523492435,35.629551602770945,159.33958511575742,0.0214849012185393,0.1099542114447313,10.331339816492234,0.657190635451505,5.152917762885122,14.536808510027198,15.607005014768484,24.21275818595273,0.10992478673329,0.0581591463617639,0.3143315179699225,0.3160897053032332,0.0311102234795375,-0.0017581873333106,0.0460950942643577,17.980927595310632,7.147595606582588,-0.0642801474573132,7.5763919161891025,4.840673391450824,6.309041120360989,0.8311157682072776,0.8112781244591328,87.45197120964995,0.22,0.1599999999999999,6.802046030511474,0.7683273417148266,47.82528390184343,2.5165138757189447,1,BBT,PERSON
1_8407,-1,0,Q4_humor,203.63912373509865,57.73691621957178,485.6693261516919,0.021416841881323,0.139242313342627,5.542160967472615,0.637904468412943,6.224385245901639,9.116796302736558,7.173766708138642,9.653683543463094,0.1227691458966373,0.0685780112121314,0.6349784594448261,0.5476970156442229,0.0892572566868127,0.0872814438006032,0.0137510397626055,21.837496009463063,6.531762295081967,-0.4279796477102991,4.140263253761326,5.390392776661857,6.327940172303496,0.6915983606557377,0.954434002924965,88.56076679788468,0.1642424242424242,0.2866666666666667,3.933213241880966,0.5739701423938981,44.37540473138777,3.825107823098904,1,BBT,SHELDON
1_8452,1,-1,Q2_criticism,231.75083130925864,36.18205900365577,204.01903411770013,0.0166580145857155,0.1189149691608221,6.54144013105261,0.4703737465815861,5.995624714185072,10.656883013836907,5.095862523826261,5.467125220569378,0.0970514246014881,0.0538230723650981,0.257513362770666,0.4503930057295916,0.0045535999794133,-0.1928796429589256,0.1380793615971995,8.666269985938836,4.723825532388239,-0.3150803531998334,10.43403993906207,0.9248785749796123,1.3342196686355514,0.8175851882979643,1.0,80.76425304687223,0.3244444444444444,0.3018181818181818,3.9999542758207913,1.1780826245486125,41.92160155749933,1.353605020816137,1,BBT,PERSON
1_8717,-1,-1,Q3_bite,340.4272191287614,114.59963152695106,479.83165425359135,0.0277630475569905,0.1595700525153611,4.68853607229103,0.4584527220630373,6.553934428348044,5.873293759720177,9.525275473832806,13.002053099628307,0.1163486500165599,0.0700475692208866,0.3167713720072346,0.460811545848132,0.3145027318612194,-0.1440401738408974,0.032741104964074,19.277269651410087,5.129166074359339,3.389655837738166,6.844159033250813,,,,,84.19641419077638,0.2253333333333333,0.4533333333333333,2.863565625464157,0.7457923441411859,37.4721172172537,3.649389520803907,1,BBT,BERNADETTE
1_8746,-1,0,Q4_humor,218.6217449163036,47.19204235971248,228.695362043769,0.0141641239112821,0.118948782969472,5.340358434766096,0.496098104793757,6.331450966958677,12.247801845717488,3.155226327214226,4.217894895823317,0.0922615882268503,0.0461373950070282,0.2519528271580796,0.4343251304137871,0.1491826298134797,-0.1823723032557074,0.1199163765796798,9.339153795607476,3.443420701328403,-0.8674952641380742,-4.268630330874174,2.4301279668113827,2.979518501395233,0.8886246971170072,0.9852281360342516,95.59694033962778,0.2670588235294118,0.604,3.02935176021422,0.6783552808031403,38.66624757937778,2.034718020821272,1,BBT,AMY
1_8749,-1,0,Q4_humor,189.89150470124568,48.275374301069824,317.5775919901253,0.0168916494419477,0.1199289494984393,4.634323984729467,0.4381270903010033,5.984033531092399,12.140529942250216,6.059187273217892,7.830861382081024,0.104904879880004,0.0647382092064004,0.1673734206430759,0.3026389274353079,0.0903969229411137,-0.135265506792232,0.1352044327347688,6.699637596110793,2.493347304621833,-1.392768917138707,-1.0402576750592778,2.2494088132384444,2.548729153152095,0.8311157682072776,1.0,84.69155354449474,0.24,0.2371428571428571,4.473765593319315,0.5603698196985386,41.39462118977953,1.950888263268193,1,BBT,AMY
1_8827,-1,-1,Q3_bite,192.26325521518103,31.75056143231023,210.263261123069,0.0162824364445075,0.1024094899520602,3.5252100195505376,0.3875502008032128,6.183510638297872,7.476021267205366,1.315319391222071,1.8226927470534409,0.101140507626553,0.0616109218032932,0.2935179468220602,0.3890428562955935,0.1382979689555754,-0.0955249094735333,0.0902020524901882,9.481247092918364,3.191489361702128,-3.664187264700893,-9.280509293463554,3.1533548808909533,0.1391618676475641,0.5984042553191489,-0.0,129.73272642390288,0.2911111111111111,0.3566666666666666,2.93066836964524,0.6593978245241922,51.27202598904622,2.834678158341354,1,BBT,PENNY
1_9087,-1,0,Q4_humor,139.48214607353103,37.895222721850025,262.98073208192966,0.0218934857930767,0.14215027590211,2.496781150039175,0.4512893982808023,6.838888099145786,6.972188419549023,145.08283794944674,161.36883535013536,0.1400981462795582,0.0629749665201801,0.2068707544572697,0.3379303663334153,0.2630739326223947,-0.1310596118761456,0.1365356559211276,12.16922273919082,5.699073415954821,-1.0645911142046331,-22.623886644912183,6.389601340493439,7.131487207428606,0.5699073415954821,0.9182958340544896,94.79811902840146,0.2492307692307692,0.48,2.668023527856761,0.642296395853401,33.75771811105322,2.359378194033121,1,BBT,LEONARD
1_9971,-1,0,Q4_humor,121.12961264072143,77.86637344114133,486.8318046067979,0.0321255274317322,0.1447766077086623,3.3356360204903392,0.3810888252148997,5.841550251353691,7.193272610660075,52.51625164387736,64.90454948220155,0.1664227586981161,0.0623773440821702,0.2822109241615465,0.4417212920944049,0.02455883362063,-0.1595103679328584,0.0815875698210051,8.257935602612383,1.7097220247864464,0.9990457207386366,19.856715668246423,3.828035812528782,0.0,0.284953670797741,-0.0,89.76861896009312,0.1476923076923077,0.1776470588235294,4.883505331936743,1.007558880224546,41.57387171867208,4.884889658089758,1,BBT,HOWARD
1_9972,1,0,Q1_praise,238.4095959491964,67.82225014662382,474.1819933988295,0.0246919816777508,0.1450575907083068,5.787077483654191,0.465863453815261,6.183510638297872,11.496561660853311,9.196696296310286,11.562793737631631,0.1140836694618262,0.0740571451865977,0.5519749844979569,0.7097084882792235,0.1415437308808466,-0.1577335037812666,0.0602890011471404,17.91418299270747,4.787234042553191,-1.130622198569931,-15.067273961757278,4.034534156510005,4.508580851645945,0.7978723404255319,0.9182958340544896,83.01104988914025,0.1666666666666666,0.38,4.537564469813873,0.6643996009010844,46.8568730953186,4.601467951723679,1,BBT,PENNY
1_9993,-1,0,Q4_humor,325.6085623969805,91.04728823314298,457.8125925059839,0.0153905333592511,0.1252260455411877,6.772290740788758,0.5843373493975904,5.984042553191489,8.390223064533284,14.978295987290643,22.55951347070694,0.095785062564122,0.065361863602926,0.5665840149705568,0.5355031748509754,0.0300798174147255,0.0310808401195813,0.095005373363309,19.945720690175424,6.981382978723404,0.7550550301071919,7.100635905698208,2.314625737564727,2.129095842966409,1.1968085106382975,0.7219280948873623,90.3852061916578,0.152,0.232,3.617910261690418,0.4731285268107074,43.12441868756583,3.701081554320028,1,BBT,PENNY
1_10462,-1,-1,Q3_bite,110.36191205929936,59.86914755997753,508.73498823035015,0.0225373920617089,0.1577836480371969,3.9447709047225614,0.4537346711259755,6.442529054098302,8.335214333610757,24.14540900348008,31.067936362147464,0.15760457959983,0.065710049362249,0.4497449635855701,0.5315766566076753,0.1550993535705063,-0.0818316930221051,0.068209622596443,11.707318899639787,3.1101864399095254,-0.839716755343308,-26.393543759909747,3.4706006720913507,4.015050222149911,0.4443123485585036,0.9182958340544896,68.92976834487128,0.1711111111111111,0.3244444444444444,3.717325410835405,0.7096632152252798,39.99307450717257,3.1707287733451666,1,BBT,HOWARD
1_10495,-1,-1,Q3_bite,194.1223796885792,59.06492486661058,469.3663242144534,0.0178277601446234,0.1295830499787496,5.258887974649088,0.3877038895859473,5.25,19.402650974213323,31.568141573643,50.1952449674818,0.1182930999225495,0.0633564146063635,0.6825737947164489,0.5849231383703267,0.5966679631317978,0.0976506563461221,0.0225108097047093,10.6443777086155,2.625,-1.3034034196042004,-0.4337794244343662,2.2611905409835327,0.0,0.25,-0.0,114.3630072879566,0.3453333333333334,0.6257142857142857,5.300663387077645,1.2379059965067944,48.30690177284529,3.626783381202722,1,BBT,AMY
1_10496,-1,-1,Q3_bite,195.0574006370608,59.03956777807484,452.6437386606666,0.0164052378127689,0.1272514179386675,4.384692313619494,0.5050071530758226,6.492575707079369,11.22806074726964,37.99032361709425,50.43298456708288,0.125043427178745,0.0652326693625044,0.1673742387278171,0.267610908171867,0.0261314921059049,-0.1002366694440498,0.0534759175342305,12.492449140378405,4.280819147524858,0.448530790963254,-1.1038083980618616,1.0714619783260837,1.2230129231899065,0.4280819147524858,0.9709505944546686,90.01624755391727,0.2011428571428571,0.3514285714285714,3.982656359916748,0.5484456594869301,42.43764149896533,3.165463671538073,1,BBT,SHELDON
1_10748,-1,0,Q4_humor,177.9422495397417,29.054194252225816,211.10153275708723,0.0247661650150904,0.1623166979283974,3.238538134663997,0.4570200573065902,6.268980757550303,9.056849095236869,17.022076633192665,27.39472008560272,0.1365058057351643,0.0683883956874036,0.2938348398355369,0.2324772052470664,0.0904579720731513,0.0613576345884704,0.1006464482589163,10.015758682656612,4.5592587327638565,0.0333242624443802,2.237018178201655,2.180952039992633,2.813941634509549,0.9973378477920936,1.0,98.10996193349132,0.2042857142857143,0.3125,4.2678269163533615,0.5256703408345361,42.78771796725272,3.256418098998233,1,BBT,AMY
1_10829,-1,-1,Q3_bite,171.70532035332516,20.612300702369264,174.58854641671343,0.0162581409245464,0.1306354795280463,3.720294196547189,0.4393179538615847,6.496523402442231,7.242199064625023,6.070868707946582,9.321168310225913,0.117303145958362,0.0599696162173904,0.3791942822787529,0.4288497740595913,0.0453553220857724,-0.0496554917808383,0.1835636322852465,10.54239324654584,5.397111749721238,0.3149328571071473,8.147348880385307,1.5869295617769332,2.171807009372929,0.6996255971860864,1.0,65.40515144634138,0.3484210526315789,0.6155555555555556,3.4861403379222904,0.5475650669029932,43.92450559748413,1.4492166437446148,1,BBT,SHELDON
1_10890,-1,0,Q4_humor,184.427685938008,84.37266954390239,442.513259698081,0.0273871914861007,0.1632970262674641,3.308918244216534,0.3712374581939799,6.981372452941132,6.362703883699846,13.305944283496162,22.74523349466605,0.1409750066891817,0.0569202740803175,0.2757450199590926,0.3949951743319232,0.0873079461759337,-0.1192501543728306,0.1741271385459738,9.011522774503485,2.9920167655462,-0.249062587989137,-10.59615995156012,11.093795725259683,0.0,0.3324463072829111,-0.0,91.40025240865576,0.1628571428571428,0.2666666666666666,3.675521133634589,0.4608378975534857,30.00446373102379,4.348532274511548,1,BBT,RAJ
1_11006,-1,0,Q4_humor,186.3502576379217,80.19847470011595,378.2682071828389,0.0256627568946903,0.1541848459177952,7.734015288625243,0.542713567839196,5.983988421005021,12.96558565503253,6.881509705278131,12.729364744093806,0.1172680688416729,0.0707559147327884,0.2707248896027489,0.3987708153823252,0.3212080372198105,-0.1280459257795763,0.1188022350727557,13.45978477269281,5.485322719254603,1.379332241499446,-8.586889689947306,3.531100511547511,7.409126945437273,1.7453299561264644,0.6500224216483541,86.5157178535105,0.12,0.22,5.574832504143693,0.3478247549073731,31.33028668633559,3.625665614316087,1,BBT,PENNY
1_11021,1,0,Q1_praise,224.9742418725057,45.19377178926168,427.1636527855269,0.0141390472556996,0.1221346480128687,5.426531834493048,0.4779116465863454,6.183510638297872,10.181875174192704,18.8728972338393,27.174796734849213,0.0996768467589601,0.0558416328795388,0.3188003204021637,0.4531615812988429,0.2047570898369805,-0.1343612608966791,0.1090335997196247,9.706492383147218,3.9893617021276593,-0.9487084450654903,2.3026038310650394,1.0956924265748378,1.1207325364694127,1.1968085106382975,0.9709505944546686,133.08456326000186,0.28,0.3666666666666667,3.525036105066357,0.7576237282730355,43.937956139088094,1.611203219096628,1,BBT,PENNY
1_11055,1,0,Q1_praise,165.36213392945422,63.67439437095913,444.2048348826464,0.0215702724994091,0.1334082566999519,5.738690193054191,0.6176961602671118,5.828135147789575,8.170466499931386,30.41244391010176,46.83044153006588,0.1254907183441295,0.0623790919764324,0.2730233593410878,0.3597731852888444,0.1870807219598143,-0.0867498259477566,0.0439667994223766,13.034027572070972,5.911394221329426,-0.3661301452841052,-8.911590191539403,2.671695385863866,3.6247493277741416,1.248886103097766,1.0,81.26956721862693,0.133125,0.2466666666666667,4.1718932297376,0.4087884779179322,42.24610209081669,2.7209774044057093,1,BBT,LEONARD
1_11098,-1,-1,Q3_bite,363.4731225374549,97.26247285335327,516.1288813294932,0.0215588247417235,0.1335239881770626,5.635699998757048,0.4180602006688963,6.331450966958677,12.13825135637429,14.065254023898264,21.807821694333303,0.0951554363478831,0.0669441301008018,0.296514559960279,0.3385312374711802,0.1022033952531863,-0.0420166775109012,0.024046064680764,22.86132945416381,4.554201572724662,-0.5021135515942955,10.662962812576056,5.722886872047935,0.2373170961516439,0.3332342614188777,-0.0,76.21854737695256,0.4613333333333333,0.69,4.425374215220074,0.8417770420892865,41.82354761514821,5.1318093931305375,1,BBT,BERNADETTE
1_11177,-1,1,Q4_humor,193.06917295408888,51.208000295979176,342.14299012912375,0.0180362240160791,0.1295769931728987,5.360361293002664,0.4197324414715719,6.150256684733854,9.973466611132531,12.214243208458734,19.82683558747819,0.1133735995116649,0.0634076236440029,0.4624090421542239,0.5196797288533542,0.0934538627031996,-0.0572706866991302,0.1763462786662151,7.931373439063416,3.9893556873949327,0.4059877388343053,14.716392019632508,1.867977993944125,2.22806881469512,0.8311157682072776,1.0,88.94606646486342,0.2386666666666667,0.2733333333333333,4.286328807913122,0.7514971867263661,43.30012139082457,3.131686109708656,1,BBT,SHELDON
1_11224,1,0,Q1_praise,106.6472526109806,32.949841516168526,181.7128082552977,0.0226912940521367,0.1698850656667577,2.088158199823588,0.2467402206619859,6.696416430209684,12.93577122080776,34.22665662117347,47.61247231901173,0.1627826409181791,0.0695182276089033,0.4655427355750768,0.6184038298684887,0.0202651824089943,-0.1528610942934119,0.0300069855664029,4.377464399263579,2.198823305441986,-0.2810935207185555,-1.2167728596006135,2.7297874968272864,2.840037146325036,0.3997860555349065,0.9182958340544896,103.74874668460194,0.4623529411764706,0.8775,3.0417870228554174,1.004710607057273,35.04696065510877,2.275690644315628,1,BBT,HOWARD
1_11232,-1,1,Q4_humor,419.7751018818712,88.05033291879928,386.9505453789949,0.0179500493912072,0.0972559515212126,10.283341230512162,0.5,6.150256684733854,13.3530735531844,4.97916286836245,9.161027680807353,0.0685110065560224,0.0586836594074298,0.5571106452180234,0.6985709928885445,0.0172234688424737,-0.141460347670521,0.0291568338038338,15.47297110244676,6.31647983837531,0.8152155642735468,-0.5848432581505882,5.033004663318558,6.144214878526936,0.6648926145658222,0.9182958340544896,74.95979061471539,0.3177777777777778,0.2233333333333333,5.265362018381372,0.8677906592005717,54.06874418230581,1.899041795578177,1,BBT,BERNADETTE
1_11242,-1,1,Q4_humor,333.53141145642866,97.12918887138432,517.1760551247205,0.0160184432417277,0.1046686560402687,7.739954926364519,0.5117056856187291,6.442529054098302,12.56449771149179,7.056925833161542,11.507509482492742,0.0917244559835121,0.0810431674632279,0.2399475752796713,0.4315806808106411,0.0326250816902482,-0.1916331055309697,0.0531087528996154,16.546661290767226,5.998216705539799,-1.003313275578568,6.6360678644093305,4.616832920822408,5.55398891884523,0.8886246971170072,0.863120568566631,72.47153717741953,0.2257142857142857,0.3327272727272727,4.4768000539580015,0.976293428727428,36.95533837487636,3.768056487410538,1,BBT,BERNADETTE
1_11243,-1,1,Q4_humor,206.98459518605247,74.12155755076783,353.57995564286387,0.0298383842583786,0.1417665775268436,3.2984685191024714,0.4457831325301205,6.582446808510638,7.508872977548292,19.506210194611107,32.58833549486065,0.1393561902755,0.07516682502633,0.2240242371719218,0.2907238488136691,0.1563150317156718,-0.0666996116417472,0.070261074728388,16.970478472389843,3.590425531914893,3.913007507992894,17.333416094390873,5.58880315398227,5.58880315398227,0.5984042553191489,1.0,83.48569572707501,0.1514285714285714,0.2639999999999999,3.536033507332446,0.6456146173792905,36.40483938978679,3.841021409750861,1,BBT,HOWARD
1_11322,-1,-1,Q3_bite,296.9299227524336,80.8881353505956,337.8914088970637,0.021252803707231,0.1349883032118465,4.0798591963718,0.3812709030100334,6.648926145658221,8.318755254272839,5.943643790006569,10.30260100420685,0.1009791274642459,0.0651920705188847,0.4401204595812447,0.2633626417668724,0.0554132146720129,0.1767578178143722,0.0446666025599165,9.99780201490889,3.6569093801120216,-1.3027044351172958,-10.317134425495595,4.54216816517746,4.95316129489387,0.6648926145658222,0.9182958340544896,83.01878137118412,0.17625,0.251111111111111,3.9654297103263527,0.7916473579559274,35.506664026758536,3.882120219005496,1,BBT,PENNY
1_11378,-1,0,Q4_humor,136.4667898656796,43.55162738273895,167.17335761883828,0.0228028592538699,0.1541044133650461,4.664672729230708,0.5016722408026756,5.817810377450943,9.05250182666008,19.982538125264064,28.26214565774599,0.1455531031621331,0.0573856325270521,0.2310504458691851,0.381326689646454,0.0534093473869931,-0.1502762437772689,0.1831624937773097,11.923586547189254,5.152917762885122,-0.6969893263900137,-2.5043187112172927,1.5348355446698676,0.6586705313742651,0.6648926145658222,-0.0,97.80492975696458,0.1933333333333333,0.344,4.273859001138285,1.0085112075201528,45.646331242167406,2.386918829014653,1,BBT,HOWARD
1_11439,-1,-1,Q3_bite,262.9693207226589,95.5818321255819,462.96247051247576,0.0188583929004882,0.1244495177893605,6.952358440597232,0.495702005730659,6.268980757550303,7.775816835805649,14.793201724672938,25.950663602972053,0.0938634988962719,0.0586822863309068,0.4790972980401684,0.6129486926877245,0.2430657581825857,-0.133851394647556,0.035886442279499,12.20860727670128,3.989351391168375,-0.0559718158603052,-0.3090704531075516,9.244472030674816,10.140542578426956,0.5699073415954821,0.9182958340544896,90.37631375588148,0.1444444444444444,0.192,3.166493707646566,0.5426578775708611,47.673403347674586,3.900793287886415,1,BBT,PENNY
1_11697,1,0,Q1_praise,357.59217484637514,111.67437471724236,452.3514143996634,0.0210013815079855,0.1247755818598052,5.22449881681706,0.4477911646586345,5.784574468085106,11.889118136248046,22.432109817012137,42.10305641477667,0.0955849726530829,0.0706558775784861,0.2357856344832251,0.3859091592887105,0.0500905230181958,-0.1501235248054854,0.060818664679728,14.056254758007071,4.388297872340425,-2.1088026963430235,-0.5669334359414577,6.5206387909388095,0.0,0.3989361702127659,-0.0,79.78936735778842,0.2254545454545455,0.2799999999999999,3.988099500907197,0.4788217412123544,40.296163682083744,4.998238428523014,1,BBT,PENNY
1_11699,-1,0,Q4_humor,147.46270668351636,32.322194839401575,240.7881938326626,0.0177095380929124,0.1226961741303351,8.775650500587139,0.6155778894472361,5.734655570129812,12.10027380694152,21.385090068824507,21.455694299223907,0.137764267992444,0.0671561069348683,0.3193588212371446,0.5081437233792635,0.1752618713510958,-0.1887849021421188,0.0596055664456485,20.53197408713728,6.23332127188023,0.7864744622950158,10.41397850507314,3.0771920847189307,0.0,0.4986657017504184,-0.0,109.0641303146104,0.1444444444444444,0.155,2.7555056054793954,0.4032634474280193,27.931679943854803,3.4330169256769127,1,BBT,RAJ
1_11773,-1,0,Q4_humor,296.2053641373465,94.48161045187614,455.1690607942384,0.018664185780622,0.1142842863442397,5.958226130121356,0.4381270903010033,6.150256684733854,7.12111961091403,9.48030475354113,18.557567331887377,0.1006078800202851,0.0674196830945698,0.3614460556337715,0.3938323759659789,0.0656974780248773,-0.0323863203322074,0.1729747708174929,15.36971726806767,3.823132533753477,-2.3302564268271,3.446140601919204,6.566452871697979,8.01516565514524,0.6648926145658222,0.9182958340544896,72.98340702705272,0.216,0.4057142857142857,4.709745622399753,0.9500424923221056,38.893875360706,2.8403378891146702,1,BBT,PENNY
1_11885,-1,0,Q4_humor,226.7351254391543,42.97505729311865,186.3455296242428,0.0152938137122943,0.0926326641533968,10.464457432616037,0.6907630522088354,6.582446808510638,6.389905480445114,6.899829214721596,13.55310655909165,0.0846171781117631,0.0542236130976784,0.2442534510032737,0.582963078081679,0.0764719112901872,-0.3387096270784053,0.0286525863678397,12.514558121284828,5.585106382978723,-1.6939210491143686,-11.744858271020831,3.3054874444413054,4.6673398372127375,1.7952127659574466,0.8112781244591328,102.43389849420709,0.128,0.44,3.0265821574908767,0.499710220762161,48.73214616522824,1.6312171279665386,1,BBT,PERSON
1_11901,-1,-1,Q3_bite,202.8311502942721,84.75863633275719,505.2890591225895,0.0243715428514465,0.1398913317839658,6.5272238629004615,0.5998747651847214,6.25,9.624890568592756,26.67499432445411,57.26556740683764,0.1276093420763562,0.0644725771545116,0.286436109371327,0.3993403812788177,0.043901394387339,-0.1129042719074907,0.039734325117654,18.449532935410254,5.25,-0.2976192427008201,-7.512858758066109,3.214741348342789,4.352010946346866,0.6875,0.8812908992306927,76.99553424121868,0.0941176470588235,0.1007407407407407,6.0217915545043805,0.5352085253936332,47.1714439767374,6.057864981339822,1,BBT,SHELDON
1_11913,-1,0,Q4_humor,141.07338483043023,101.66648951752272,486.4084540403773,0.0255630504815361,0.1627063979312357,3.863195540290603,0.3724928366762177,6.126503922151433,13.254302550876798,34.838587165986574,52.781255035276,0.1438311349657403,0.055110454856588,0.3222021129358499,0.329047111282237,0.0716776819835399,-0.006844998346387,0.2173422423540004,9.640419736681825,4.274305061966116,2.523992414041456,9.325327134668624,9.415180719329284,6.948674492594519,0.5699073415954821,0.9182958340544896,130.55411428911782,0.3716666666666667,0.5175,4.487608403517608,0.6883842569603912,37.68823049461864,4.532367876504695,1,BBT,HOWARD
1_11924,1,-1,Q2_criticism,175.640487767087,34.69167205148437,273.3077133826472,0.0155348342650927,0.1146179801824553,3.9868947078691166,0.4437751004016064,7.579787234042553,7.511368923707517,27.321306046653795,46.7963702929332,0.1251836393202069,0.0585320048645599,0.3915561768506432,0.4236030228277541,0.1747939145680968,-0.0320468459771108,0.1601284601785173,10.13983822391601,4.388297872340425,-0.40375904997165,-10.054169819497892,6.784203592272031,8.167336186922164,1.1968085106382975,0.9709505944546686,70.9566531659555,0.1226666666666666,0.2133333333333333,4.825095041825327,0.4634732408409486,35.10689519514465,2.922413498970388,1,BBT,HOWARD
1_12202,-1,0,Q4_humor,170.01195968325956,41.01039310447008,253.1425571549489,0.0179690591142862,0.1349359310746302,4.391789407639831,0.5117056856187291,6.482702992016765,9.185705546478191,35.02430981026089,66.74022391490206,0.1372209583585041,0.0695539344345168,0.4613219316731044,0.3587364924204269,0.0,0.1025854392526774,0.1217450830894741,8.323466299448768,5.152917762885122,-1.6054382838522403,-4.351967486721062,1.5011940939915498,2.0275383356886625,1.1635620754901888,0.6500224216483541,59.68019166869741,0.12,0.1422222222222222,4.070418685449623,0.533304546829878,49.82218282268833,1.913458710551084,1,BBT,LEONARD
2_223,1,0,Q1_praise,187.10902022466104,41.985288460888704,321.11138557318554,0.0153634035324167,0.1047620490672446,4.368984221147664,0.3312937062937063,6.184815587370816,9.654500072787457,4.779313172355318,5.0049984744695335,0.097452344060314,0.0562690742036093,0.2513747872295341,0.3445728929684497,0.0848020064450778,-0.0931981057389155,0.1930959792984963,5.974456133715438,3.397293069119181,-0.0209552113264316,-6.6394020210753695,1.1343705380534217,1.3736369461567886,0.7839907082582724,0.954434002924965,81.47542507156453,0.5663157894736842,0.8363636363636363,3.271144359204004,1.3068156213811932,39.29677323044924,1.8057605396310328,1,FRIENDS,CHANDLER
2_370,1,0,Q1_praise,174.09588013566668,45.2581937304203,196.7778168108731,0.028862462942226,0.1345342533079511,4.72771823946649,0.3095238095238095,5.900391753901483,8.204387872129425,2.797433335961123,3.4024446736890286,0.1166590631205659,0.0660249945169672,0.5825037760311952,0.4750472334397177,0.2192860213868235,0.1074565425914774,0.0411148979484196,9.409274944578526,2.5961723717166527,2.007377751626332,14.3754279103691,,,,,85.68754774637127,0.092,0.0916666666666666,5.655708796535571,0.4361284214540483,34.82594300373815,2.4825284787442685,1,FRIENDS,CHANDLER
2_556,1,0,Q1_praise,222.866405984613,103.05797846235414,451.4847725531624,0.0235616076126977,0.1545458004261894,5.59364364630093,0.4654088050314465,6.867602922022765,7.742138353881128,2.657169194891424,4.099247207028301,0.1166096013960667,0.0709888810526132,0.4571692383309991,0.4630437192218677,0.0862490277787155,-0.0058744808908685,0.1066916601219041,15.979503303368269,3.745965230194235,3.871549269857345,9.816004755928777,1.675909130975196,1.22514908215638,0.8324367178209412,0.9182958340544896,61.5839406946485,0.0922222222222222,0.098,6.156732228060705,0.4372619783438735,38.26352700501812,2.957456817622779,1,FRIENDS,CHANDLER
2_484,-1,0,Q4_humor,208.53806348441404,68.70108041782551,262.8630934333538,0.0190708850578812,0.1269806988368683,-0.0879518128796693,0.1845730027548209,6.994862161624203,9.666793061068224,6.922478064671538,23.818908083636128,0.0922398192600275,0.0588038031402408,0.2601603243381493,0.3190969859292943,0.0433963036602746,-0.058936661591145,0.1154031376515618,5.256835588185413,1.097233280254777,3.1514550200605007,9.228960857383884,,,,,83.8453034944263,0.8222222222222223,1.1733333333333336,2.608030695488784,0.6158292272051786,36.838152606266455,4.994581492835875,1,FRIENDS,ROSS
2_498,-1,-1,Q3_bite,227.51823938371453,89.83736280379506,431.0243137025024,0.0191634667926173,0.1414423945217978,0.7986312107422331,0.2703703703703703,7.177734375,6.854123316407843,12.718425712200547,17.75569695806374,0.1220401675956969,0.0638040696147086,0.110864353028742,0.2126703423710655,0.3642957663171581,-0.1018059893423234,0.1722959063312531,5.867183345291306,1.6564002403846152,-3.3996515333856543,-8.60752861381646,5.4002260687363055,0.0,0.3680889423076923,-0.0,66.92101781277195,0.2690909090909091,0.8666666666666667,1.93635679819738,0.3016810348704827,22.972605942105744,1.372496589317191,1,FRIENDS,CHANDLER
2_494,1,0,Q1_praise,213.64826417807765,49.06541428374122,198.73771720245023,0.0149587868973977,0.1231497069851076,3.989976861702796,0.4081145584725537,6.388561004399614,7.807600211847985,6.671262118930733,5.978249635570986,0.1035587947856399,0.0473727032587792,0.4258771447548432,0.5891824727068149,0.3651483716701107,-0.1633053279519717,0.1311528734880035,10.68704120832724,3.549200557999786,1.0722507444812417,7.582337837707042,1.0504924413385217,0.857423404391179,0.7098401115999571,-0.0,98.44705291667718,0.305,0.4299999999999999,2.5986958045332043,0.6781574020425115,49.71261631610472,2.2017993560556604,1,FRIENDS,CHANDLER
2_279,-1,0,Q4_humor,294.6956223653864,72.9624122976179,343.3530895704202,0.0193788582397261,0.1337006624384108,2.515654950945857,0.2506738544474393,5.50069363317757,10.64648389792128,1.2859914926191924,1.9838796770959424,0.1125860603032731,0.0683125660456399,0.4368748141117415,0.4510787985476612,0.1081798959941317,-0.0142039844359196,0.0950265867139691,5.097737819412614,1.7441223714953271,0.0352880338893455,4.211676060167948,3.4016202182505864,4.8781875220522135,0.8049795560747663,0.9709505944546686,71.16960716653811,0.49,0.4836363636363636,3.404266019129081,0.8199231945104627,46.11438198034962,3.9552266421567888,1,FRIENDS,MONICA
2_377,1,0,Q1_praise,161.5836152341711,61.09902126139903,312.5113290393997,0.0162049140543699,0.1293451690800802,9.075248195093566,0.7084188911704312,5.709424156394204,8.438262046457597,1.8372705081462333,2.8038250731858043,0.112150009480747,0.0532624111127797,0.2090365817799345,0.3429410835291596,0.0270511887041915,-0.1339045017492251,0.0868307632609465,22.61352756281461,5.505516150808696,-1.739456954704412,10.39043953885076,1.9959934319840065,2.0310771771018468,1.0195400279275364,1.0,106.5088282197731,0.06,0.05,4.869529433468589,0.5449743123735528,51.13788136752273,2.07357093472006,1,FRIENDS,CHANDLER
2_464,1,0,Q1_praise,149.76324631897552,51.78153553319755,258.8852243886019,0.0180823969104273,0.1220834256047039,11.708754178295248,0.6641221374045801,5.646799720007512,10.753804644405912,2.3849262178432955,2.996466711369617,0.1136416402908874,0.0536113977278064,0.4253394395842454,0.4741913157919313,0.1836652510667181,-0.0488518762076859,0.0992450569935334,15.53906674982911,4.51743977600601,-2.309258911019655,5.673726071737505,3.9788365108617576,0.0,0.7529066293343349,-0.0,108.98809523809524,0.1599999999999999,0.12,3.3859820430243737,0.325657507316092,39.51766296326988,1.983016514805641,1,FRIENDS,CHANDLER
2_408,-1,0,Q4_humor,205.453077083954,48.2152828957746,245.87500413487416,0.0209315795768525,0.1262362177927355,6.808423151650049,0.4790322580645161,6.099007883071414,10.906083908038376,4.524723911917361,6.183633644799539,0.1149047157319874,0.0714176488690441,0.3689585137990095,0.4574741074800913,0.1331559103228267,-0.0885155936810817,0.0482444451581371,16.70976532328729,4.975506430926679,1.2914475826666454,17.203608222985817,0.8908876288123926,0.8908876288123926,0.4815006223477431,1.0,65.5414404527069,0.2342857142857143,0.31,3.585499998550843,0.6150831092472104,41.52360225257332,2.921174292789513,1,FRIENDS,CHANDLER
2_598,-1,0,Q4_humor,176.05607695883302,73.29641649113863,489.07410608044097,0.0211163785233396,0.10503586305357,7.7332742986521135,0.574015748031496,5.655155217553921,9.820165077710415,25.992314831942124,39.63102243948943,0.112063136029789,0.0623088086929172,0.2440974139767346,0.3451797107625909,0.2402624715437049,-0.1010822967858562,0.0156723795249812,17.047243272778882,4.791173170427628,-1.4026235881489078,7.597214383430295,7.073403031658138,7.910589836827217,0.5498067572621868,0.9182958340544896,92.13403290450076,0.1172972972972972,0.1985714285714285,2.70719869503179,0.91495342475312,49.10759242054336,2.997495388198717,1,FRIENDS,CHANDLER
2_73,1,0,Q1_praise,235.3750363328245,48.75355516558054,223.9644686039874,0.0243426133030219,0.1569688941380753,4.450323535534272,0.4910025706940874,6.375854451242786,7.233068286395572,3.583248421330566,4.640525868481862,0.1199306215933028,0.073340924323577,0.657727313246692,0.5855065790236755,0.1909008870803031,0.0722207342230164,0.0573089946041245,25.073566122720056,3.8255126707456713,-0.8663419457847634,2.964908281187,,,,,81.80257440219489,0.1216666666666666,0.188,3.262605089931116,0.5869313249091038,55.486141740011306,3.726323736536752,1,FRIENDS,CHANDLER
2_374,1,0,Q1_praise,293.925019830718,142.95936739962116,449.7911157349039,0.0235919643239461,0.185866400011906,0.1449168913412026,0.1116974494283201,5.262697301425662,7.728932732840244,15.668888777037704,28.04007432774786,0.1549736437787531,0.0665891911497032,0.408031649820255,0.5502248086607531,0.1566328724191596,-0.142193158840498,0.0602999023472822,3.1913677764745607,0.7016929735234216,0.1673593050338696,10.219580107945198,,,,,67.44838237098297,0.421,0.4388888888888889,3.327660407940097,1.0511368604018572,44.01432813009513,5.626467165321255,1,FRIENDS,CHANDLER
2_297,1,0,Q1_praise,193.0416394532548,131.81995941056613,490.81529020864366,0.0189720435663856,0.1298516089642387,3.869639615651572,0.4121405750798722,6.15234375,7.758354320719451,18.353396492573747,26.688686539134963,0.1302214559663741,0.0527303179222128,0.2362278777541127,0.3337077016878346,0.0562554939688561,-0.0974798239337219,0.1275671065173192,9.606978380376926,2.864022090517241,-0.83673597308813,-14.980111675988644,5.65873371167698,9.413314034432132,0.7425242456896552,1.0,70.34760180774673,0.1808,0.2144444444444444,3.384058857641769,0.8466944495392269,46.714957747929006,3.318103005445154,1,FRIENDS,CHANDLER
2_286,1,0,Q1_praise,194.17418428900297,116.80380605862356,502.5222459745992,0.0317318470220994,0.1343912409081149,1.2691044122618658,0.2720379146919431,6.5166272615131575,9.59278138324025,18.433210265370047,33.24586506021945,0.14615022864998,0.0777108766041608,0.3096542889953751,0.319423610840832,0.1985778146985452,-0.0097693218454569,0.0558230118727893,9.651278544889896,1.5111019736842104,-0.4532879028648331,-8.377581709708283,23.583669061088983,0.0,0.1888877467105263,-0.0,49.85697539885519,0.2764285714285714,0.3352941176470589,2.578435679688669,1.131283565309132,45.165054643470114,6.0993717512405,1,FRIENDS,CHANDLER
2_509,1,-1,Q2_criticism,139.38599705327695,54.24027328016694,268.3275474907611,0.0203791235261735,0.1337326932548964,-0.6556410597686824,0.1178160919540229,6.8275061282415175,13.13371812103719,4.143563024743083,2.95253650798682,0.138893408317804,0.0479465747627769,0.2997510469069234,0.3972294750955774,0.1667593364912675,-0.0974784281886539,0.4721263839685359,1.8371533115647096,0.8534382660301897,0.9023308915651452,-0.4817143680592437,,,,,87.4074074074074,0.6349999999999999,1.11,1.681229653537121,0.7007308908656671,38.15217172597071,1.0526622805908143,1,FRIENDS,CHANDLER
2_508,-1,-1,Q3_bite,167.83019190727327,59.45175840196266,382.9679190973558,0.0252743222395222,0.1511490471327017,1.939972779365137,0.3458110516934046,6.734664351851852,7.0646675731431205,7.0634850424712825,7.32395352367005,0.1224813735792125,0.0609718508823985,0.1629452773784138,0.2068429774300316,0.3284170870849044,-0.0438977000516177,0.0910833989907595,14.497282672575391,3.367332175925926,1.4108970535826624,13.982669578841318,,,,,111.41865079365076,0.6200000000000001,1.3450000000000002,2.4400070800045555,0.4418300797642631,40.93461565918231,2.929403138857232,1,FRIENDS,CHANDLER
2_227,-1,0,Q4_humor,166.29132535954128,56.80230748087754,361.1478224362076,0.0204981319821228,0.1318727944923488,1.0528834317563982,0.2566964285714285,6.641166194807542,5.477050018270553,19.276693603477828,18.35993097992174,0.1166326938535424,0.0601790775814578,0.5267161746232796,0.5232351290833475,0.1949166368208944,0.0034810455399321,0.4168462996324217,4.47352050795423,3.320583097403771,-0.4339550303576514,1.7490319939860657,0.8472211070442865,0.889350899657977,1.1068610324679236,0.8112781244591328,100.13675213675212,0.4114285714285714,0.65,2.4228967389435314,0.7859229587684415,44.938218930579815,5.488169033435739,1,FRIENDS,CHANDLER
2_226,-1,0,Q4_humor,297.4424931341411,180.5180232654741,522.3767719520372,0.0357251626264036,0.177236326589706,1.5368039162074594,0.3640973630831643,7.278829225352113,3.662009369592152,75.9619899122973,62.63701418620055,0.2375686393409044,0.2961275983734446,0.2522321495425929,0.2530719771329969,0.0714848773631758,-0.000839827590404,0.0965065375545234,13.078573938362888,3.03284551056338,2.613723030824659,-11.064047941814293,6.668297641428783,0.0,0.2021897007042253,-0.0,74.44794962728965,0.1728571428571428,0.3106666666666667,2.361617851708376,0.4302359336671276,33.6178226609461,7.279635389555917,1,FRIENDS,CHANDLER
2_478,-1,0,Q4_humor,170.2302639481839,34.88947086663218,138.9334721575682,0.0152350934806093,0.120157085113583,2.575043799098242,0.3192360163710777,6.378637549854744,9.502615932184982,30.9978000406088,52.264803069091805,0.1054357718421531,0.0472136306835472,0.5082530445593562,0.658903386167281,5.439300915836543e-17,-0.1506503416079248,0.0285162881557418,9.05989924325618,2.171451080801615,2.1934983880213395,16.74551590657019,4.377352136006773,4.377352136006773,0.4071470776503028,1.0,84.05833160550141,0.6133333333333334,0.6133333333333334,1.7036409261116745,0.7276767777546952,40.61952182960534,3.941330029452285,1,FRIENDS,CHANDLER
2_372,1,0,Q1_praise,164.04992185676377,58.333065009683565,429.9492317821007,0.02040125818763,0.1189885289923791,5.834066051048958,0.4935064935064935,5.657538719910432,11.959761755322049,20.06707060608158,26.39686402052912,0.1167270092787579,0.0523463668065987,0.3868564864203197,0.4666486358845835,0.0,-0.0797921494642638,0.0885078599629589,12.907153919227444,1.8001259563351373,0.7380474771551563,17.52660768265848,0.9114737087521584,0.0,0.5143217018100392,-0.0,79.88536395990758,0.15,0.252,5.968691675421421,0.7402444702550386,48.632805318074055,3.287522418900465,1,FRIENDS,CHANDLER
2_241,1,0,Q1_praise,203.97683151390063,96.16132992976542,515.2392792007196,0.0191732292017975,0.1473227933475953,4.658939851292346,0.5298196948682385,6.073467548076923,6.355716279101508,25.11191627476178,25.832479539710263,0.1907350527891421,0.2793620521301651,0.2650593082058186,0.5503138484408181,0.1529200125354602,-0.2852545402349994,0.0361689248460072,15.718330595976072,5.659367487980769,-0.8643376734705477,12.0346559987489,2.7298847964409543,2.7298847964409543,0.4141000600961538,1.0,88.03086891322187,0.0911111111111111,0.22,2.66758158189761,0.5924920343646197,43.61415811584379,1.8425959603167583,1,FRIENDS,CHANDLER
2_109,1,0,Q1_praise,213.60451070744944,131.15810253489568,511.8465174779318,0.0215231075445585,0.1513781531780335,5.165975063135509,0.550321199143469,5.948378021639225,7.49567423733623,26.819712648887386,35.77802337604949,0.2495367644228489,0.3867866432404797,0.4154558011984141,0.6794125925688845,0.1237684428720842,-0.2639567913704704,0.075108690831796,15.180199102408016,4.2488414440280176,0.8534958069533632,-15.001799228160596,5.211476593045159,0.0,0.4248841444028017,-0.0,76.72517299389403,0.088235294117647,0.1025,2.745155147362923,0.3998839754879547,47.20152987903414,3.3234876319313247,1,FRIENDS,CHANDLER
2_389,1,-1,Q2_criticism,298.7523054217778,121.77129017390214,480.2643900048336,0.0393733352436446,0.1939330324114184,-0.4004019494277747,0.1659751037344398,6.604432907348243,7.05771336141868,31.13796344119467,49.5395364158671,0.3078218933191182,0.3946841316222932,0.2611570343137102,0.2881791683177272,0.2217663812863718,-0.027022134004017,0.0339650572839183,6.886739698185593,0.550369408945687,-1.825783878209308,-30.483505012965527,,,,,61.06104421893895,0.3339999999999999,0.4446153846153846,2.660798584256063,0.8339256054655781,44.34587420982904,10.141214072752064,1,FRIENDS,MONICA
2_449,1,0,Q1_praise,188.3955250634704,36.915914642385374,195.4377009976521,0.0141401130421591,0.1399196538556399,1.4449362238191024,0.3398926654740608,7.110666806407662,4.397578819974985,38.48617348592256,27.5584041363386,0.1135845876852583,0.0580240404974048,0.4754750125016075,0.4423413184763023,0.1042642029827159,0.0331336940253051,0.1335307087854355,7.078252845276854,1.5999000314417238,2.8225053830380946,11.675327995766882,0.9101711380215948,0.8333913128384371,0.7110666806407662,0.9182958340544896,73.23129251700679,0.3714285714285714,0.6200000000000001,2.2458430181305986,0.4287939667579032,35.44518264112066,2.201179834286852,1,FRIENDS,CHANDLER
2_50,1,0,Q1_praise,234.0725945964592,109.04146130080888,485.0718050518127,0.0186436121524038,0.1499912551935767,1.2060310853450034,0.193073593073593,5.523547094188377,10.603611887360662,51.98333067529544,60.36663146690422,0.1103264895168049,0.0507204488045119,0.6111477795546527,0.4130342923172255,0.1776672636296754,0.1981134872374272,0.0507943154322645,5.696434857298204,1.7261084669338678,0.0487398010969234,4.672542875647746,13.14498886900616,13.93677890966952,0.3452216933867735,0.9182958340544896,73.21881496881495,0.5247619047619047,0.6699999999999999,3.3512078058198664,1.2416793007142817,35.70476671080194,5.592337122887989,1,FRIENDS,CHANDLER
2_84,-1,0,Q4_humor,160.77623533210624,22.333141465293,120.87282938677872,0.0202778316947306,0.1015375572080171,3.989510348089999,0.3722084367245657,5.416722497655098,8.182224071532952,21.74658141518576,24.346941998454525,0.110266027392249,0.0650393200139799,0.1933654300364713,0.3391952265357763,0.0830773163432566,-0.1458297964993049,0.2011143323450021,9.85091993562699,2.4621465898432264,1.5300858827138646,1.4996516617411508,0.9478738088040704,0.3319381029207502,0.7386439769529679,-0.0,67.92645263233497,0.212,0.7600000000000001,2.3603555903029614,0.3874042595866956,39.443410490919,1.081577718694189,1,FRIENDS,CHANDLER
2_416,1,0,Q1_praise,175.89581469900963,34.79708953138087,201.39041227814312,0.0182901567449499,0.1042667626635961,7.337418817877143,0.5558912386706949,7.183092856270275,8.251091721631495,20.04213818308252,28.911752346971177,0.107901636939125,0.0515859320349917,0.567364613755701,0.6393596608007086,0.109122201778651,-0.0719950470450075,0.0874720804076125,12.32210091381794,4.489433035168922,1.4241893536287165,-11.45391014744972,1.584343749134319,1.4197593907135773,1.4964776783896407,0.8112781244591328,74.16666666666667,0.1155555555555555,0.34,3.120773320107856,0.5438339645012465,43.88531193052977,2.0035426537934806,1,FRIENDS,CHANDLER
2_124,1,0,Q1_praise,160.12725556054204,73.48418210364679,461.0464100725719,0.0234144154573043,0.1447784472074367,3.01486034774295,0.3132530120481928,6.57958984375,9.958360872968376,17.450238901778,23.46644798594056,0.1229097720058498,0.0689667597995481,0.4586223670345659,0.45537372111022,0.2992528008322899,0.0032486459243459,0.0499968495097877,18.54917483092544,3.190104166666667,-2.5714143499006004,7.549210082689994,,,,,77.15186615186614,0.2309090909090909,0.3228571428571429,4.221875550242704,0.4055157047967553,31.261873185890508,5.138191845018111,1,FRIENDS,CHANDLER
2_206,1,0,Q1_praise,167.0629457780542,67.0040866900485,471.76493095136846,0.0177542718322966,0.1057463597136847,5.014302102648214,0.4519230769230769,6.679649464459591,9.132776348003954,46.656987044774255,49.81323174032479,0.1114691540380023,0.0531675867371035,0.1992576119233577,0.3279835766385398,0.089398942580965,-0.128725964715182,0.1434502355315756,10.35827956042563,3.1012658227848102,1.418552447214984,12.51914160789017,1.369466788666852,0.0,0.4771178188899708,-0.0,93.80448527507352,0.1461538461538461,0.4466666666666667,3.214407137283294,0.4233775250837471,35.598356270160195,1.4610345240564406,1,FRIENDS,CHANDLER
2_204,-1,0,Q4_humor,311.6715605739687,102.1105098767058,466.40073896354505,0.0236970114106455,0.1343631353286027,3.2137912641608497,0.3229398663697104,5.963040865384615,11.717959401076396,40.26135148624025,67.03109528955318,0.1039656554968049,0.0760643049249051,0.3562349723285988,0.2381117291337064,0.0588009267099074,0.1181232431948924,0.0943782378914674,20.01178332218243,4.6379206730769225,3.100531316595764,4.000075276964815,,,,,88.18403818403819,0.1949999999999999,0.1875,4.271035896596675,0.5218166094581441,40.31317031008971,5.864541323299407,1,FRIENDS,CHANDLER
2_622,1,0,Q1_praise,188.4013673886277,110.85182628325096,490.1508445134135,0.0228409328694411,0.1490192133161471,4.69211713670472,0.447289156626506,5.99087105363256,8.46325444842229,15.800793631640207,20.12754592771621,0.1250370511203239,0.0651474236838726,0.3447017518778874,0.3033889309533339,0.0671534277873073,0.0413128209245534,0.1174804096935817,16.45758042792653,2.8456637504754663,-2.1377847349092938,1.284402485955621,0.5329634044776235,0.0,0.299543552681628,-0.0,95.97516394895428,0.1647058823529412,0.2290909090909091,4.271306185217865,0.71077023723043,44.94308305108189,4.765287797027215,1,FRIENDS,CHANDLER
2_583,1,0,Q1_praise,226.82639354645417,90.55426688443356,285.51313344960715,0.0275430079776036,0.1538411261298711,0.2543119670333745,0.1721664275466284,6.424034857146556,6.164680700811644,15.9386136123953,19.58692942316627,0.1147238732363261,0.0627890368916901,0.2498976753119904,0.5837687411348914,0.0404556697031367,-0.3338710658229009,0.0270894031550827,7.013715790933691,1.7130759619057483,1.2871912580255984,12.92205102410111,,,,,60.4452510586812,0.5490909090909092,0.7866666666666667,2.061521934188672,0.7128800014376185,41.40492558096049,6.178885765781055,1,FRIENDS,CHANDLER
2_456,-1,-1,Q3_bite,141.8822009928828,20.12902673790364,101.12191053042052,0.0336750453599807,0.1574670535614308,3.015589627878788,0.3537906137184115,6.067694001100715,8.134503465113074,30.66065160681556,28.96118320651465,0.1424834104473606,0.0702785717955301,0.4039181235902864,0.5246651848898418,0.1742427367476127,-0.1207470612995554,0.2005005598341052,15.017791595910449,3.212308588818026,-3.8789655897583,-12.02065455054337,,,,,42.60651629072682,0.41,0.4133333333333334,3.2791545128517736,0.5266274813962069,46.26338148098072,1.137326116531312,1,FRIENDS,CHANDLER
2_461,1,-1,Q2_criticism,177.4224002877213,39.36559622681948,173.17029448967327,0.0308478997095745,0.1355781989052627,0.8118207097585229,0.2369146005509642,7.2691704816878975,5.570537251557215,12.802084862984508,13.711941876197312,0.111750773469254,0.0644190605571014,0.5923742183786073,0.6550396273511002,0.2010075630518424,-0.0626654089724929,0.0506996355196071,11.235844490215758,2.057312400477707,-0.7090782294691245,9.876168082435347,,,,,107.50538980964946,0.46,0.6257142857142857,2.1633847265392583,0.6300634640294113,38.56883532948109,3.254396919965163,1,FRIENDS,CHANDLER
2_152,1,-1,Q2_criticism,198.2167816188351,77.39069669389556,444.12163851460906,0.0255225627306742,0.1268351441808076,2.0447479194968894,0.3307692307692307,6.065086214306589,6.42319795049272,15.388250675802126,24.56304405861608,0.1810380654098073,0.2071388184709303,0.6784223194157695,0.5034275936692179,0.0314502731861219,0.1749947257465516,0.1193167492125865,5.692564416729581,3.4116109955474565,12.630806725306238,12.63498702893216,9.906105165947912,0.0,0.7581357767883237,-0.0,74.92583120204604,0.196,0.31,2.487820858406262,0.6851453689336904,28.69106162229474,3.8703491714731055,1,FRIENDS,ROSS
2_15,-1,0,Q4_humor,184.4495436132864,99.18997340629544,444.56596393853465,0.023948640510534,0.155258860947729,2.722540498392073,0.3302752293577982,6.511366462201591,10.30323375487768,16.927076465974263,21.8551218442958,0.1340189366049541,0.069033796000133,0.4057915469168081,0.3356191087251274,0.0992681139886719,0.0701724381916806,0.1002761421523308,10.671416963040713,2.970096982758621,-1.6270223244715067,-11.119422546514231,10.785320190245027,0.0,0.22846899867374,-0.0,72.21226240084945,0.3072727272727272,0.5436363636363637,2.783371854212354,0.8182343705062283,45.85682532471797,5.445936908148114,1,FRIENDS,CHANDLER
2_421,1,0,Q1_praise,193.06211553407675,106.27615432273218,449.4024802214418,0.0186257922965118,0.1310850151735566,5.942562655651909,0.6090604026845637,7.178114755959997,4.863478027474212,11.918687478330936,12.029521503414056,0.1087382089644482,0.0553976147246241,0.1870127518433538,0.3247939795647811,0.1151104062396705,-0.1377812277214272,0.0943258725534577,16.7039294513567,4.674121236439068,-3.990987818946629,-6.811857617263917,4.358497133178111,3.921282469509101,1.0015974078083716,-0.0,74.40970385646655,0.18,0.3749999999999999,1.831126886454386,0.4441979110894067,36.5878703972096,1.885369227345716,1,FRIENDS,CHANDLER
2_586,1,-1,Q2_criticism,170.6440222402321,65.7730535912653,412.74121388264143,0.028264500196255,0.1386263642307021,3.549602624237957,0.4462686567164179,6.831223060344827,7.111799798401075,36.70071717415743,57.576092142668415,0.1292248822060427,0.0784403480403255,0.4628190371911065,0.350266984927487,0.0850148363835363,0.1125520522636194,0.0319494776844542,17.524543642544415,2.3760775862068964,-1.8176357212626733,-22.298901123093003,,,,,67.38361622176573,0.3294117647058823,0.4166666666666667,2.3547781320581453,0.493548786127233,45.86565559817205,4.376671725529521,1,FRIENDS,CHANDLER
2_39,-1,0,Q4_humor,170.69856724669768,42.11441585356227,290.4805069524216,0.0264837485899041,0.1394154424954759,1.5714032434731504,0.2531120331950207,6.799958881578948,7.234172880781028,24.836359196321794,27.510373550018983,0.1179177914933906,0.0599037035412703,0.3859874235498565,0.3814247172655566,0.1712454505615211,0.0045627062842998,0.244222170152611,11.234606477794854,1.854534240430622,-1.6309712362793003,-7.916223373990697,0.4894182999224004,0.0,0.4121187200956938,-0.0,96.55464826941908,0.38,0.4800000000000001,3.966909861492433,0.4589634517480401,31.994370942176666,3.46526937691678,1,FRIENDS,CHANDLER
2_66,-1,-1,Q3_bite,199.60276060503327,109.540336876854,453.3642760526521,0.0302065410908538,0.1588329097282109,2.2023280894635,0.3255813953488372,6.936870805369128,5.814173315785481,74.28578217117476,77.61612518742614,0.1448823100770618,0.0727081236539,0.3795747402340998,0.5079738933326817,0.2766887274943138,-0.1283991530985819,0.0441776707414287,11.30252528953511,2.7458446937919465,-0.1561309688813751,-8.809804599010223,8.981855124001976,5.934376873821476,0.4335544253355705,-0.0,65.8129022359932,0.476,0.8657142857142858,2.695782014932106,0.5162577930099819,37.95512816554011,4.624399967811193,1,FRIENDS,CHANDLER
2_310,-1,-1,Q3_bite,153.0902920566708,99.9035082596963,408.1207935645875,0.0269321696032502,0.1411665346555141,7.6057765125926515,0.6537396121883656,5.207711813842482,7.426971100290446,50.07261277043601,53.481292444230384,0.1406811606917182,0.0676998027772758,0.3311710154106705,0.5704935165763105,0.16015657555785,-0.2393225011656399,0.1555977654691226,17.044030213611144,6.578162291169451,1.1134741476653376,-0.8183832972549148,12.905241883376334,12.905241883376334,0.8222702863961814,1.0,76.1070598601808,0.0777777777777777,0.1533333333333333,4.102972630519371,0.5248227347981005,41.64297968095423,5.442652438397023,1,FRIENDS,CHANDLER
2_345,1,0,Q1_praise,214.12690468924544,70.57375170769096,266.7190992107349,0.0170523888730945,0.1227121772510816,3.0348889070477547,0.3315858453473132,6.654496393299052,7.751963288879749,43.93181701838819,66.95680055030466,0.0983005500426502,0.0616769628721392,0.4439129882015973,0.3475502694420406,0.1130918572906627,0.0963627187595567,0.0583876040080649,10.012306157334743,1.8267245001213084,1.3997927877897338,13.73673018944179,4.920501633785136,0.0,0.2609606428744726,-0.0,79.22445651773816,0.406,0.5966666666666667,2.2400330998995472,0.73718258391521,46.35474900361096,4.495318136064292,1,FRIENDS,CHANDLER
2_581,-1,0,Q4_humor,186.79517187050604,84.51846971368568,519.0787185991129,0.0135010959261733,0.1169392871678683,5.8211863685473,0.4770949720670391,6.122649891960662,6.165622155584349,44.72252630749279,40.63621112194709,0.1074292376797299,0.0546816131110724,0.2521770452981472,0.4623054795436522,0.034119559696747,-0.210128434245505,0.0364470242385349,11.715577704516946,3.2283063066701674,-2.351323996494968,-3.226826511882664,3.016660170211221,2.423718830707029,0.7792463498859025,0.6500224216483541,72.44023318217272,0.2144444444444444,0.3488888888888888,2.789963248123812,0.650617076373759,41.696768219107774,3.377604165471377,1,FRIENDS,CHANDLER
2_518,-1,0,Q4_humor,192.0630105374198,84.71277667594285,336.1998551603015,0.0286660752803486,0.1392394767320888,3.053698504590725,0.436046511627907,6.910420475319927,7.015654026095386,40.88073469323519,68.56259441281713,0.1422843006889523,0.0748919899058833,0.5469490932841661,0.5141944526080002,0.0904431263292269,0.0327546406761658,0.0626949461370132,18.100601581445293,4.319012797074954,-1.0621256982836416,-10.378761922509558,6.531707833470112,0.0,0.5758683729433273,-0.0,63.488928202860095,0.1539999999999999,0.5700000000000001,3.878206152790445,0.5112232451182225,41.74631148139497,6.77085626808005,1,FRIENDS,CHANDLER
2_450,1,0,Q1_praise,192.21891022587212,108.4979981919408,463.4779888778744,0.0345334244241253,0.1848141057813004,4.768919780401624,0.4789762340036563,5.814873417721519,9.438014823757769,42.23946990745517,61.89356200224655,0.1550786447315555,0.1769211907222015,0.2384614550007636,0.3631760723679597,0.1206045378311055,-0.124714617367196,0.047188916893969,18.23906749775135,4.724584651898734,4.026076955804552,25.19109572392253,22.21586201455173,0.0,0.3634295886075949,-0.0,82.07350166173694,0.107,0.1044444444444444,3.331683506403632,0.4658288719950624,39.00819921508016,5.997114164009454,1,FRIENDS,CHANDLER
2_567,1,0,Q1_praise,184.1874622519397,49.40192428601019,480.5125070180664,0.020883094616355,0.0964439261214637,8.00117174351149,0.5091937765205092,6.051815257352941,7.870171231633692,5.732493573523883,6.724733241933642,0.0926251830958137,0.0520979863824843,0.2072695200020918,0.4186181700375457,0.0216715265832176,-0.2113486500354538,0.123834572423468,16.597976374506676,4.081456801470588,0.0402969600649646,-8.67552026305458,,,,,96.49956983864207,0.17,0.2771428571428572,4.230611658728313,0.4560245473335622,38.39321628753433,2.539349526496813,1,FRIENDS,CHANDLER
2_115,1,0,Q1_praise,182.4337937112961,65.53739283926855,395.0100032470521,0.0245632411013989,0.1608462738354038,3.073508043669505,0.4623955431754875,6.6203790579846125,7.164515464327341,2.500311185821408,2.9390587426829704,0.1351924673683219,0.0624887990180689,0.3906290280710442,0.3946595248439913,0.1836830324767881,-0.004030496772947,0.1319051380753365,18.37619845391035,3.3101895289923062,-3.196823177052865,-19.54966604330232,,,,,102.79832486354226,0.1422222222222222,0.22,3.2662644771102505,0.5681481061130699,42.256359117458096,4.698054216642865,1,FRIENDS,CHANDLER
2_183,1,0,Q1_praise,170.60662073394337,80.90280691748895,300.20692665352914,0.0209493225173981,0.1661266868760436,2.549272091252617,0.2548476454293629,5.486166401273885,9.76121573626348,21.95542336512485,21.606729082009213,0.1423577834030865,0.0617574581680427,0.8079265520491451,0.5370566370441227,0.1305434083313262,0.2708699150050224,0.1572189789760769,5.459718504475715,1.92015824044586,2.499184796616729,-0.7195700446264794,,,,,51.27365728900256,0.4000000000000001,0.4000000000000001,5.885144088601665,0.4736512346207586,41.52020822038777,4.480458062050131,1,FRIENDS,CHANDLER
2_104,1,-1,Q2_criticism,229.3930315331233,87.30304232632669,397.5220429047854,0.0227222239091886,0.1250993605599999,2.156060811331058,0.2971698113207547,6.313897255334493,11.638510648022804,6.956299926940611,8.187060478521204,0.106358147569799,0.0633522621406113,0.4259222416335759,0.5653217028153981,0.1335576319907544,-0.1393994611818221,0.116342390409546,7.031989738043715,2.8061765579264413,3.983404429741984,17.086053858166856,,,,,105.307963641297,0.6942857142857142,1.045,2.964073601755719,0.8660900646006741,43.265027487267865,2.9978749787367893,1,FRIENDS,CHANDLER
2_288,1,0,Q1_praise,196.6122384875798,61.79101110999742,322.69876427562616,0.0212264663644193,0.1007766987052439,2.1656962145951915,0.2975206611570248,6.5417325949367084,7.668183795696144,10.511846046021388,13.313041506277198,0.113069406093839,0.0611105397720933,0.3262070392990537,0.3193299879766699,0.1627027264722773,0.0068770513223838,0.1316461454840534,9.112231219439124,2.725721914556962,4.311911326641581,10.274131459961437,1.748290339521283,0.0,0.5451443829113923,-0.0,64.4040404040404,0.38,0.5466666666666666,2.493783376855176,0.3446605998785458,42.41326428593123,3.942866691256496,1,FRIENDS,CHANDLER
2_420,1,1,Q1_praise,226.58033463769425,42.96670049881429,231.4256376621593,0.015663857586148,0.1071019770256348,1.545990716141771,0.2491467576791808,5.764794537401575,9.0510110786753,18.02418099719653,18.014522464128103,0.0973279243885349,0.0627935738953854,0.3059691806196358,0.5509766248512648,0.0856705873756238,-0.2450074442316289,0.0904161146476252,10.04491415909816,2.373738927165354,-1.0065178698511892,-3.4825537838627625,,,,,92.56972835645884,0.88,1.3,1.489825485897564,1.0995367524366104,38.29223704831338,1.98103052759263,1,FRIENDS,CHANDLER
2_433,1,0,Q1_praise,151.0102361339735,88.02359660810855,510.3140962650049,0.0190687985541453,0.1192744544697984,3.4442232639529573,0.3762376237623762,6.856140246972076,5.704897852810713,17.18049770879063,21.624456282118,0.1250485611557129,0.0593759195442881,0.3357984783015459,0.3741762816840207,0.0301785820141728,-0.0383778033824748,0.2092879061768382,13.605113160036288,3.9177944268411857,2.1287525588384453,22.07923741417037,0.8959245526936286,0.409805612489162,0.9794486067102964,-0.0,67.02304147465436,0.2166666666666666,0.315,3.535879034188766,0.5073895487022185,28.633277047974254,7.155820110034886,1,FRIENDS,CHANDLER
2_168,-1,0,Q4_humor,279.3881002406556,141.47764410050237,514.984710194476,0.041662998835235,0.1756794761634209,0.5149418010514231,0.1292914536157779,5.538150380710659,12.673942101621986,15.55518593952009,24.032473180550884,0.1511434934481088,0.0808604082191152,0.2660564492533941,0.2884583427757218,0.206297235763733,-0.0224018935223276,0.0965527120473125,6.347733112300537,1.7488895939086293,0.2045943899446131,5.597907239157822,,,,,50.72046783625731,0.4892307692307693,0.496,4.776858107096941,1.5167967053529483,44.98370298572936,8.426105511148473,1,FRIENDS,CHANDLER
2_155,-1,0,Q4_humor,253.7745733271936,68.97313570299485,374.1842628783769,0.0206264739878928,0.1350217089559252,1.5486429617433244,0.2885085574572127,6.934421345338984,6.39679489456304,18.38308432054372,22.68288849571417,0.115900866673859,0.0778597153304223,0.4719489521724776,0.615696637729839,0.0936585811581693,-0.1437476855573613,0.0275835149170156,10.755757705778777,2.919756355932204,1.2466718261830296,-16.64527265842604,,,,,64.49910770226387,0.3138461538461539,0.372,1.8525906514629629,0.6192094377628086,43.25257147330078,2.8309015488612363,1,FRIENDS,CHANDLER
2_2,-1,-1,Q3_bite,180.9595544838712,38.4873397191357,198.5629028541072,0.0272354996146825,0.1290363887427369,4.189825201052795,0.4868804664723032,7.395241477272727,6.720334337909057,11.942052823917054,12.516843523377917,0.1118361314882496,0.0605852056800683,0.2538366267593038,0.2740599301376135,0.0370243422510472,-0.0202233033783096,0.0935237014506159,12.286122624824024,4.930160984848484,-0.7342334209685734,-1.9847666941004969,1.514421526532728,1.843737473756499,0.5800189393939393,0.9182958340544896,72.52443492343917,0.1423529411764705,0.2375,3.993108681300649,0.3398885713124943,32.91876932894627,3.127937289933346,1,FRIENDS,CHANDLER
2_120,-1,0,Q4_humor,182.09712073600912,36.039975827983135,176.79310720017764,0.0265157400365169,0.1322944969273869,4.619847979120548,0.4563894523326572,6.247943402435012,8.711158815107657,14.28735980648432,16.05528277502109,0.1146418174210045,0.0619272734941309,0.3241454165813305,0.3166724331448513,0.0225245792799828,0.0074729834364791,0.0301381134689459,15.451383408630308,3.2247449819019414,-0.6363005703352863,-5.019411590467001,,,,,50.55743387270736,0.2283333333333333,0.3075,4.725558662210861,0.7161288884228286,41.09654808353604,3.9090472843515496,1,FRIENDS,CHANDLER
2_487,1,-1,Q2_criticism,238.7038538818626,75.60957128328516,265.88788473369823,0.0176681671600415,0.1419309586179971,4.5661227455462825,0.4353099730458221,6.034849774966549,7.259639351719343,25.39824149288665,24.175119774444607,0.0949399152904992,0.0600888985073424,0.4414550420838867,0.5590655212021312,0.1827838983426733,-0.1176104791182444,0.1411017726389847,16.51194385104122,4.2914487288651015,-1.352213072715059,-0.8179487411740833,6.208374435048819,7.824001647296375,0.8046466366622066,0.9709505944546686,84.33430766764101,0.262,0.4680000000000001,1.9019045259676184,0.6299311212144465,39.02186369558319,2.80457578865186,1,FRIENDS,CHANDLER
2_280,1,0,Q1_praise,221.2848715769971,89.34386952785624,505.5516429485066,0.0323993676537999,0.148794114025183,4.410098289996767,0.3968072976054732,5.681583937994724,9.2514970410922,4.181131050034041,6.175247931253635,0.1405690224719169,0.0797087545734075,0.4369127538882719,0.3739653078208892,0.1543544015267516,0.0629474460673826,0.0363885417394581,14.32893115054621,3.5225820415567286,-1.216550789972204,3.651116101117865,,,,,65.80904792240196,0.1984615384615384,0.25,4.631638804060961,0.6730731698623345,46.42850951264671,4.930488509488097,1,FRIENDS,CHANDLER
2_447,-1,0,Q4_humor,195.060134935514,70.88879640990486,448.5660411449676,0.0275025503593518,0.1658887578637497,6.293272893992561,0.5146831530139103,5.537109375,8.893103138031847,6.060124588137822,12.566554019126812,0.1217977686442739,0.0698327827439142,0.2428696609564175,0.5396422081287894,0.1549709994604879,-0.2967725471723719,0.0402511584064247,19.771999353380696,4.921875,-0.1383929277440941,1.9060903348274136,4.721375073451451,4.721375073451451,0.46142578125,1.0,69.85119047619048,0.0883870967741935,0.12,3.4916022986641737,0.7162668041028819,49.68790682045003,6.364497667352363,1,FRIENDS,CHANDLER
2_148,1,0,Q1_praise,300.8795210160535,151.06165903977373,509.6783797104722,0.0385216576933999,0.1871763917537381,1.2358677396946027,0.2702205882352941,7.605344082446809,6.7645830085624485,30.92515540703267,36.98753572045912,0.1637809452096391,0.0764697001203046,0.5743983636005426,0.6012060219018874,0.1385684988684233,-0.0268076583013447,0.0423314443579765,17.466739353101342,2.840550199468085,0.9933084673459632,-8.002081037616296,8.921296028367927,10.409355776082348,0.4581532579787234,0.8112781244591328,82.92216306521846,0.2027586206896551,0.2036363636363636,2.826790311689108,0.5834703734645977,31.758440157731776,7.132007240574019,1,FRIENDS,CHANDLER
2_532,1,0,Q1_praise,223.05716598732943,110.31927731451673,492.9024932534652,0.0285963042875851,0.1568539230396359,2.227661374813647,0.3662420382165605,6.771853046182195,4.860689743242545,11.866263982238062,15.901856935803922,0.1399329845880571,0.0697451388791704,0.3415813702150314,0.5449287506639242,0.4295502632650627,-0.2033473804488928,0.017474823725755,14.491222377617104,3.2801163192445006,1.8707271723239247,21.142197187978205,9.157605022811858,0.0,0.2116204076931936,-0.0,60.30271477264157,0.1742857142857143,0.2235294117647059,2.3490729804725823,0.5242871798123444,40.430399985424216,5.492857400628174,1,FRIENDS,CHANDLER
2_443,1,0,Q1_praise,285.547720285804,72.47310051188528,476.9913370178762,0.0199701814517159,0.0995223288979111,2.1175517471483656,0.2869565217391304,6.899923725332968,7.653662190379061,11.47617283837732,22.43075740807628,0.1183950863052031,0.0875143946161125,0.2913256903139573,0.4589523047176596,0.0365880866632301,-0.1676266144037023,0.034663877612152,16.210101571216647,2.8030940134165183,-1.7625521339130517,-16.741641680372304,0.4389354108988161,0.0,0.4312452328333105,-0.0,52.09543466509412,0.3945454545454545,0.776,2.5688043798890154,0.4244432425138872,39.097135022759645,3.804093022416109,1,FRIENDS,CHANDLER
2_475,1,-1,Q2_criticism,153.58758494691017,27.6083868675238,309.79929325250464,0.019312714384284,0.122119026481805,10.70308255400488,0.6230088495575221,5.098957004337841,8.465640350103262,6.809970197950515,8.018704633627136,0.1089003916579733,0.0578070383120365,0.1390174467447958,0.3194311617906454,0.1218875648293087,-0.1804137150458496,0.1670968158460647,18.995958300519245,3.868174279152845,-0.1370572588368419,-2.105836836741501,0.7689062959416937,0.8426190848607311,0.7033044143914263,0.9182958340544896,79.99028838088066,0.175,0.27,4.019692484376233,0.9156050471426642,56.44503710260954,3.907369301597638,1,FRIENDS,CHANDLER
2_92,1,0,Q1_praise,176.2283286619494,50.02417698488803,334.6445928903273,0.0197560260467618,0.1270792795527871,4.390262377870276,0.4311224489795918,6.573335167859108,6.87829503523479,6.73840782671133,7.649699749376959,0.1089196102739482,0.0567652023664742,0.452350242590593,0.4565188888053083,0.2132764671898911,-0.0041686462147152,0.1549943126757538,9.97133535334589,3.286667583929554,-1.1291756729270208,-0.3844148030496246,0.8700459969630998,0.0,0.505641166758393,-0.0,85.50876389048,0.2971428571428571,0.56,3.608435625801308,0.6012134970250602,55.96557188983434,2.520593561737295,1,FRIENDS,CHANDLER
2_258,1,-1,Q2_criticism,244.28291431146133,83.93198773771292,464.1054561299188,0.0232923855024757,0.1221985529645584,4.76768185599513,0.4197162061239731,6.109766976643599,7.653268922783244,3.9852945225935055,5.9985983054533945,0.1030012621130538,0.0669720217713593,0.292314656278773,0.3471832441711933,0.1341449164591234,-0.0548685878924202,0.0070552816827701,14.34016581429342,2.607827368079585,0.2047643883940653,5.808975199327395,8.806930829183466,3.640340094021763,0.2235280601211072,-0.0,71.91824668900416,0.2194594594594594,0.2558333333333333,4.399828149734187,0.6011331624828785,38.24003582797838,5.143939064500694,1,FRIENDS,CHANDLER
2_376,1,0,Q1_praise,273.2566145620422,87.17191895775814,418.807697801981,0.0217380484312705,0.1378013271686372,2.5983752842067824,0.3459821428571428,5.758047506653945,9.460413441317456,19.91953554592134,37.00721932204447,0.1151847257886006,0.0660418470812448,0.3041688893700123,0.6081759475371662,0.242359683319281,-0.3040070581671539,0.0465076292451701,11.461519355704532,1.328780193843218,-1.6262167136755523,-5.071210418511642,,,,,78.23955140368803,0.1376470588235294,0.25,3.5090904976316994,1.164854678185826,52.65895082960787,4.504428785692459,1,FRIENDS,CHANDLER
2_114,1,0,Q1_praise,218.6312917329099,94.39864922417463,458.6890239640369,0.0197106932026762,0.1446950211994828,3.565422351587125,0.3246993524514338,4.887622122591006,7.848735229644533,11.055195006239371,18.13810808756058,0.1304445746545826,0.0821870956478167,0.4477007906025649,0.7527025862457832,0.0716229663632866,-0.3050017956432183,0.0707270106027618,10.875010097990607,2.39770141862955,0.2336856373274115,0.1715095946112583,2.846103687615059,3.3181058646013266,0.3688771413276231,0.9182958340544896,77.3254006940234,0.3184615384615384,0.4640000000000001,5.086048985015452,1.471156692336835,43.65982268400107,3.4575886506979,1,FRIENDS,CHANDLER
2_246,-1,0,Q4_humor,159.9905263339331,56.28507750310512,428.9436399154801,0.0241020611190283,0.1229818139376074,3.8959271663864414,0.4971537001897533,6.225243183587567,9.291987034660307,42.86293103912373,46.838608322115086,0.1429605590280844,0.0715147004366666,0.3840037772003999,0.3782084554134302,0.0244851053437196,0.0057953217869697,0.0720234746582845,17.194490218877604,4.527449588063685,-2.213779395979792,-6.277061990499824,,,,,62.05140995682567,0.12625,0.1425,4.133026705554687,0.522832314634516,45.17536941563383,4.702084226386428,1,FRIENDS,CHANDLER
2_369,1,0,Q1_praise,181.44843886413423,119.64373295640496,418.040071332895,0.0202886601733732,0.1290854412632026,5.982432854184796,0.5307125307125307,5.839512711864407,9.304746287944516,27.147211807522613,38.52709762537425,0.1251044881883686,0.0666183872664607,0.2163053389668445,0.2653970742281871,0.0607636141697554,-0.0490917352613426,0.1207756821968892,13.8963056846127,5.352886652542373,4.758786537785881,5.079980300446966,12.158188200751944,0.0,0.4866260593220339,-0.0,78.69857438443537,0.1271428571428571,0.3349999999999999,4.112538125310775,0.7460967917178364,39.202209212840685,2.890100429447396,1,FRIENDS,CHANDLER
2_103,1,0,Q1_praise,160.67630161816717,70.97462157519773,475.2320553469685,0.0240104497969705,0.1219269303886562,5.013877990227175,0.4930362116991643,6.375676508118098,7.492565793880986,13.994393500301276,19.60511763105707,0.1298397755418697,0.0613318417999543,0.1423406284682801,0.2672640501809518,0.2198470981555577,-0.1249234217126717,0.1236705171653194,12.23754959073257,4.573854886258635,0.5176128330285923,6.901240812109167,7.477506989260406,9.607654360642224,0.6930083160997932,1.0,96.95736811201584,0.179047619047619,0.3022222222222221,3.741885321918548,0.6015707331135512,43.09471097708031,4.080709872362298,1,FRIENDS,CHANDLER
2_457,-1,0,Q4_humor,146.92951633482463,34.79893476830287,252.38962142915284,0.0292544207208745,0.1628119743256391,5.176223066993139,0.6841004184100419,7.270577595221721,4.427669527242127,35.28029228225853,34.98789650300352,0.1471025386433802,0.0830523170325645,0.340492701122035,0.5538549651142637,0.2364071480171749,-0.2133622639922286,0.1001431184715538,22.15256128665092,7.686039172091534,-1.7204488570234984,-5.850225242831115,2.519485246253701,3.238686107650856,1.6618463074792509,0.9852281360342516,73.28359722318531,0.0546666666666666,0.056,2.9040964232733883,0.2643427465123686,35.70038964591361,1.7572236755267054,1,FRIENDS,CHANDLER
2_112,1,0,Q1_praise,166.26974761321782,111.8459325068416,498.47413102122295,0.0285715889080214,0.1826672180281692,2.801464620079513,0.4273624823695345,7.294635586319218,5.082928388534074,62.708874418814375,73.6203818946872,0.1846517883995329,0.1214235717554978,0.7753478840887772,0.6004766029028475,0.0201537550447689,0.1748712811859296,0.0711094609407068,8.32702700228475,5.190413782573289,1.1563611344064617,21.077491419949496,8.004743027519188,9.947621674913336,1.262533082247557,1.0,95.6003316454585,0.135,0.1266666666666666,2.897209891534691,0.3674316818353128,31.46245023152952,5.9497956770659535,1,FRIENDS,CHANDLER
2_174,-1,0,Q4_humor,140.68089569957567,59.736506378699886,238.76618408258923,0.0379251679028552,0.1615526830116836,3.933683555807893,0.4210526315789473,6.583399681528662,5.928977416362356,69.8628702170153,78.70507955856037,0.168219379815205,0.0912820437363195,0.2793682078519284,0.4404429403046695,0.1486752583625131,-0.1610747324527411,0.1439674641994357,27.59259358996247,4.114624800955414,1.6138053694755732,2.052854957409325,,,,,74.04776279594454,0.1738461538461538,0.1314285714285714,3.278666977455381,0.3818239068388515,43.14180990992446,7.53005712871222,1,FRIENDS,CHANDLER
2_490,1,0,Q1_praise,159.96191402380634,87.3382210820241,509.19336214511486,0.0375683151925422,0.1553380941632023,2.02474146875715,0.3209876543209876,7.340864701704545,4.098214162198028,60.7316649583208,50.3361430804813,0.1764375173039876,0.0740337488225589,0.3384328600510454,0.4490158584726709,0.0333518672982534,-0.1105829984216255,0.1612713241675815,11.680242066482664,1.9575639204545447,3.1288831350641413,2.6618507633005777,10.702160956104992,0.3453329926589301,0.7340864701704545,-0.0,59.62321628988296,0.1421052631578947,0.1371428571428571,2.90011986571557,0.3917593495248745,39.94941937309865,12.46319745646602,1,FRIENDS,CHANDLER
2_430,1,0,Q1_praise,199.77431804523547,142.6250112359213,484.9460552157252,0.0347725992815636,0.1854097391073013,1.7434033056512657,0.3074003795066413,7.354022713279058,5.727477665447694,70.3590560373763,119.35624559894548,0.1986683562958894,0.2243628378265337,0.2761169920160898,0.5393636207481374,0.0610278197697353,-0.2632466287320475,0.1254406033491177,8.15298054525791,2.8284702743381,3.74024822785206,15.199425233501405,1.1340603342144462,0.0,0.3771293699117466,-0.0,78.71483014340157,0.0918181818181818,0.1128571428571428,2.8872264661018656,0.4196340588364098,40.124429962118406,15.037906355345616,1,FRIENDS,CHANDLER
2_434,1,0,Q1_praise,158.27313820036542,66.83161919598983,236.4127184515407,0.0329161430638383,0.1792463334687774,2.089211531131125,0.3862660944206008,6.75810282736955,5.115535916745867,48.96710314372389,54.88974459221313,0.1574863529979802,0.0532417103494079,0.3340292953121164,0.3890486444322846,0.2731791823540765,-0.0550193491201682,0.1466431656384571,12.93362706476141,4.223814267105968,0.8566749564105268,20.737648898215845,,,,,68.39826839826839,0.1309090909090909,0.096,2.2302362987242605,0.3915889169062779,46.78066779765434,11.575687642566228,1,FRIENDS,CHANDLER
2_541,-1,0,Q4_humor,125.53167730627244,54.82732894211274,316.05844652190683,0.0333273714559958,0.1684348877561001,3.3852770807324504,0.4851063829787234,6.9695605532355085,6.738796873022861,67.88322856583827,93.4961458046496,0.1882886056727016,0.0711057700146065,0.468342473021302,0.5243814045743797,0.1113368486178714,-0.0560389315530776,0.2449192607614154,20.62164686303622,7.603156967166009,-0.7457603363372594,-28.12041927825459,13.46409805003524,1.5325985308967134,0.6335964139305007,-0.0,75.68755542803987,0.1077777777777777,0.0971428571428571,2.750853462645211,0.368608723359644,32.448862681322446,4.578821972497969,1,FRIENDS,CHANDLER
2_392,-1,0,Q4_humor,119.59427448538229,40.52968670386606,148.97720007322238,0.0310950383488518,0.1935792979812701,3.959377847272512,0.446584938704028,7.83303730017762,5.857710076046581,60.7163915564644,54.98166553024475,0.191746314159468,0.0920076434078089,0.5498871702714996,0.5461104659817235,0.1113660119074773,0.003776704289776,0.1937178765722851,21.8414274515898,5.91829484902309,0.2012797800667738,0.6270043132504277,0.0340895902501792,0.0392481768219944,0.6962699822380106,0.9182958340544896,94.65587745587744,0.0832,0.1099999999999999,3.213959795056532,0.3212577951387146,32.48012746187941,7.352897427795511,1,FRIENDS,CHANDLER
2_187,1,-1,Q2_criticism,128.7708570872207,42.47194644822356,131.59866170568654,0.0253127764979502,0.1543432733982248,5.8351394071885885,0.5864978902953587,6.277997114873585,7.822001967090982,49.20082364778426,71.0470761750861,0.1548868282840148,0.0774529123065873,0.2596446659378121,0.3921337556906423,0.0269876290075002,-0.1324890897528302,0.1966879932975225,22.289708797362817,6.277997114873585,1.1890909384511847,31.74450574171,7.920146564427057,7.920146564427057,0.6277997114873586,1.0,94.32247555817352,0.0977777777777778,0.2133333333333333,3.5356021397329007,0.8111966696609388,44.40334240602957,6.59225733326705,1,FRIENDS,CHANDLER
2_113,1,0,Q1_praise,160.8618622339741,62.40677025224836,438.9598858957578,0.0308324719426425,0.1706977671378802,3.297778725193423,0.4943639291465378,7.044319237918216,5.4359638459887325,31.438811678183143,40.84620933684588,0.150621378835697,0.075947580094061,0.248740207250288,0.4029033098372183,0.1977872705736595,-0.1541631025869302,0.134006455814899,15.804639492689445,5.763533921933085,0.3337395372333304,18.383274303886417,4.0400846217177655,4.101128833217375,0.9605889869888476,-0.0,102.03853795436464,0.2177777777777777,0.3657142857142856,3.4025625742708314,0.3920453488508128,36.24627246525408,3.729784884364813,1,FRIENDS,CHANDLER
2_323,1,0,Q1_praise,182.300203322878,50.22492581947026,177.4721361824085,0.022575261647242,0.1588641679348721,1.897066264256904,0.3723076923076923,7.310200022101889,4.132350741364888,60.13763096584501,58.025171240771485,0.1496023114469358,0.062690918966302,0.4801051791542488,0.4508756411956411,0.140487871737254,0.0292295379586076,0.1163428972941185,13.777956091955506,3.6551000110509446,-6.091630484403627,-11.677151833692983,,,,,94.14195840279432,0.205,0.268,2.163066310470968,0.4495532911443102,37.460074365203326,2.748359229861234,1,FRIENDS,CHANDLER
2_294,1,-1,Q2_criticism,145.53239191397702,66.09934434872237,416.4721430055428,0.0466948463444007,0.1563695020800544,2.94498077334611,0.5214899713467048,6.803543190671484,6.754502168683693,65.75919645375016,185.57292839922823,0.127261721250963,0.0775252732613323,0.2995203523045561,0.6231034519097175,0.068499184480125,-0.3235830996051614,0.2785049209788244,9.841673850175807,7.087024156949463,2.7157775067292134,13.766756418578025,1.4948958121736518,1.828354671528592,1.984366763945849,1.0,82.59748569908999,0.125,0.3,3.402651881763841,0.3657139448235194,35.54410040443424,2.7823011670033164,1,FRIENDS,CHANDLER
2_359,-1,1,Q4_humor,138.51875126539468,47.43923012313851,275.730186404934,0.032081092091511,0.1786009007987154,1.953801457440845,0.4451127819548872,7.0281982421875,6.532208358907739,31.34468715740732,35.09708366675244,0.1528597875140649,0.0675831464461001,0.3674430565487209,0.4706281675108129,0.2989058871028291,-0.1031851109620919,0.2590002634862451,12.944833900438438,4.0374755859375,1.2547384863892794,20.76548176628689,6.537305742595584,8.324865273375945,1.1962890625,0.863120568566631,74.08750431002616,0.1573333333333333,0.188,4.264317284636718,0.4881032544809617,43.73132401686245,3.515843490274991,1,FRIENDS,CHANDLER
2_141,1,0,Q1_praise,171.3700562712691,98.25283511717484,495.49418664249646,0.0253217906540744,0.1393087864712037,1.6583475917856842,0.3333333333333333,7.489809782608695,5.753130925768471,67.84874343767481,108.9324017318238,0.1648407076858904,0.0772373820472045,0.3727917025247303,0.3841001934592077,0.0403978581623388,-0.0113084909344773,0.2421520399678641,16.166644703125826,2.2469429347826084,1.4382407968723026,32.11850649387001,5.242988237256483,6.65785573300542,0.7489809782608695,0.9182958340544896,67.72913387583546,0.1657142857142857,0.225,3.2006062928745385,0.4752534937370575,30.78821511695157,5.979135130060396,1,FRIENDS,CHANDLER
2_283,1,0,Q1_praise,155.24814354065236,69.63628631486432,367.98297544320496,0.0367767409053972,0.1915350294999491,3.56957311678329,0.4652956298200514,6.631272121590673,5.907258631575824,132.42875017607955,159.40964809507665,0.1837798515613983,0.0782678962916781,0.3558067398649784,0.4828471337326624,0.207404105771348,-0.127040393867684,0.1607181607414354,21.47897793739791,4.335831771809286,4.385812936395469,16.538383218530495,15.828870437729522,15.219419864901925,1.0201957110139497,0.9182958340544896,67.34595895721215,0.08,0.0825,4.087158524008372,0.3116131599122724,36.094005402161855,6.08526463055226,1,FRIENDS,CHANDLER
2_24,1,0,Q1_praise,168.12662309051728,93.33263233818154,510.46451300279216,0.0270894019908269,0.1466488733428653,4.314178367575159,0.5251141552511416,7.705273543891383,4.760373195686002,60.148404561353736,70.60284606145872,0.1545296074898379,0.146231743730661,0.2641627808998166,0.3842751188657181,0.146428597369014,-0.1201123379659014,0.1087821495589055,9.752958529690732,3.172759694543511,3.2237400361376127,16.782595968462388,2.773515836471739,3.6200952685397016,1.359754154804362,-0.0,83.34748040630394,0.0989473684210526,0.1933333333333333,3.550948550557868,0.4095223624932404,31.776713638817217,7.352738863064586,1,FRIENDS,CHANDLER
2_197,-1,0,Q4_humor,134.75135594411017,69.90164564954917,234.04932091042664,0.024896060823047,0.1525490623796047,4.283844100338235,0.577490774907749,6.963929521276596,4.813064979210653,58.72464437409116,70.55919811262436,0.175139683471692,0.0710060490858884,0.4626600875871504,0.525364264727176,0.1949172711967804,-0.0627041771400255,0.1906271835697455,26.318756487622743,6.414145611702128,-0.373492557104686,-2.4535393432379102,12.501261271804074,14.760717679245172,0.9163065159574468,0.8112781244591328,80.56148437865475,0.1139130434782608,0.145,3.04000423564428,0.2966182963706391,28.506668385175065,8.077712001904446,1,FRIENDS,CHANDLER
2_493,1,-1,Q2_criticism,165.13044683496227,42.294302378776734,410.0840738613211,0.0188600916300906,0.1319794044887862,5.290306411269072,0.5384615384615384,6.5737099945209,7.249164024624851,147.01153554126586,151.1322982260523,0.1179058572518503,0.0600866365935399,0.378409121403687,0.3876077390288788,0.1399064760699262,-0.0091986176251918,0.1538808935475122,16.04594015783472,5.330035130692623,0.2004574841648437,11.027526698829115,4.387434530192532,0.0,0.3553356753795081,-0.0,92.14421263604848,0.1070588235294117,0.1311111111111111,4.078197349961173,0.5739295270427771,42.64467002625343,1.5310653012422175,1,FRIENDS,CHANDLER
2_573,-1,-1,Q3_bite,210.7676745066775,101.91923518235718,361.1255238365584,0.0230680022179518,0.1453434106595756,3.820249146850757,0.4398280802292263,6.9875957160596025,5.624438140924741,41.40748338943745,44.054048911582846,0.1200751148430715,0.0631764326206187,0.4323632876265413,0.3914654282521145,0.0297434683451185,0.0408978593744268,0.2042151586077676,9.852553940008256,3.992911837748344,-0.9847157819621264,10.640210448682344,0.984966512934336,1.026497969241435,0.7130199710264901,1.0,76.25366184259006,0.3093333333333333,0.3428571428571429,1.9761019582288872,0.46647427856559,39.25758578066779,4.898863629485074,1,FRIENDS,CHANDLER
2_440,-1,0,Q4_humor,336.4412594753418,110.91983052305244,468.16808679091935,0.0166530628619783,0.1286140688325626,7.453704663197614,0.5064599483204134,5.527926772388059,10.40496799981301,7.015846083605783,11.49128719726927,0.0980193999276016,0.0664810260283848,0.3576196262075519,0.3350854300459047,0.2231518495721685,0.0225341961616471,0.0241082424380519,17.33201653923683,4.885144589552239,1.0449840283140133,-2.502619981238404,3.8021442500492735,4.84622627015266,0.6427821828358209,0.8112781244591328,67.67125346937814,0.2447058823529412,0.41,4.096514213403245,0.74235230223342,51.99733341555351,2.955346643589611,1,FRIENDS,MONICA
2_105,-1,0,Q4_humor,161.88000383396118,54.31701234843203,377.4807607592432,0.0187404948027173,0.1303798850406869,4.445480539209723,0.4839537869062901,6.3896745178041545,7.44033931652116,8.200127266768778,9.207772493483173,0.1250156614757301,0.0546682601112637,0.2737631451058079,0.2911152877700773,0.0902383182621811,-0.0173521426642693,0.0974535729316344,15.508056585352044,3.3226307492581606,-0.0011345707815055,1.3866420190010524,1.1296610248452783,1.2351983561032915,0.6389674517804155,1.0,82.65542737791134,0.25,0.366,3.634966401320853,0.6942660185613165,46.64183072679064,3.288498880508959,1,FRIENDS,CHANDLER
2_3,1,0,Q1_praise,189.7711917174581,44.65432637994615,194.23931696601304,0.0252288007542805,0.1653857482776272,4.472559909522661,0.5096774193548387,6.385659055038299,7.845120049744044,3.680468277486362,4.731598209353656,0.1289409941922949,0.0663501658598373,0.5981102375117321,0.5908064305996885,0.2448475791159386,0.0073038069120435,0.0757075673869654,19.328691242876456,5.427810196782555,-2.2479679827703647,-4.212881093894614,3.8534419306039567,0.0,0.63856590550383,-0.0,82.06020100756942,0.0476923076923076,0.0633333333333333,4.472072891037677,0.5431260648631964,41.29694333617184,4.721103545489252,1,FRIENDS,CHANDLER
2_71,-1,-1,Q3_bite,163.6492861062797,82.68980623174217,482.898385778125,0.028852621529276,0.1532294169340965,3.827321543217511,0.3627450980392157,5.682111013760759,9.107306414928075,12.950075941432928,19.58326750400224,0.1371475827219914,0.0633494470776525,0.3700521833502227,0.3311175272688183,0.4380573856559814,0.0389346560814043,0.0991367637741362,11.357233694480652,3.084574550327269,-1.7387469784437375,7.503420675585534,5.467855252318681,6.295541710252121,0.6493841158583724,0.9182958340544896,91.81535318089938,0.2493333333333333,0.3133333333333333,5.36742225637486,0.5187303598146976,41.46890395488298,4.7130935152529,1,FRIENDS,JOEY
2_172,1,-1,Q2_criticism,312.1349584843544,105.40402590616696,515.4235005241908,0.0189886807754112,0.124641185841609,9.403404193998243,0.5652173913043478,6.25,7.267883064582112,13.545209724255924,15.228145465179962,0.1246370917278021,0.1723617338294722,0.5429311299347919,0.4995960460571575,0.2164373449360872,0.0433350838776343,0.1208689750568321,21.619353255484885,3.515625,2.923616503903335,29.652823132972657,,,,,84.40378736728482,0.046,0.0733333333333333,3.8706828630722847,0.4153025807647474,37.99897358255851,7.837189242982951,1,FRIENDS,CHANDLER
2_163,-1,0,Q4_humor,226.7207809894571,55.28181392255073,220.36219173148368,0.0362247086075948,0.1948652373068237,1.6469381812326789,0.1754966887417218,5.572486174704168,9.719111554838706,9.925741986131078,25.75173889559708,0.1376632410701835,0.0564205686584523,0.4016082399144085,0.3847869411920043,0.1354570922957192,0.0168212987224042,0.2599701542483794,4.8424344355942415,0.9833799131830884,4.660236847268558,10.890536763890262,,,,,97.96825396825396,0.5366666666666666,0.6039999999999999,5.006365749714307,0.4793038206206413,38.32919762470544,2.362108289455693,1,FRIENDS,RACHEL
2_406,1,-1,Q2_criticism,161.32864241533358,34.785219506569526,167.55759524229106,0.0159128521432913,0.1120738183734812,11.719646839604152,0.5210727969348659,4.536259214812275,14.53907338746655,5.159001085779474,4.5063659606605055,0.0963728062910816,0.0517940700621857,0.211186512579335,0.2805889155791854,0.1605672629122938,-0.0694024029998504,0.2513144459998772,12.723722765045634,5.292302417280988,-0.2682669016810123,6.070554454033655,2.245448998019693,0.0,0.7560432024687125,-0.0,80.6837606837607,0.22,0.28,5.4848220221439785,0.9840906174912672,53.94339405772776,3.544259236102296,1,FRIENDS,ROSS
2_423,1,-1,Q2_criticism,292.92492003908325,70.78000334740574,400.0312918211576,0.0243417109878718,0.1311842544599153,5.956357660725726,0.5,6.57889829560288,8.846261859739021,7.77664078118368,10.452963176472467,0.117740131336703,0.0785858408074298,0.2165043533602887,0.3221173778492391,0.103834826330233,-0.1056130244889503,0.1061046595667217,20.11073673027322,6.167717152127699,0.1809208919226548,7.617769154624447,,,,,102.85171618504954,0.0933333333333333,0.0533333333333333,5.206932222020113,0.4051797520704721,34.8510402533545,1.681160822251448,1,FRIENDS,MONICA
2_313,1,-1,Q2_criticism,132.40516625148965,72.3540411239135,390.3415055350566,0.0241084341509965,0.091446728543145,5.572078534346391,0.3659420289855072,5.009493208704543,9.565122794184855,6.768110037634637,7.320219008595936,0.1312150528613849,0.0637661515756988,0.2515547412400998,0.3487452221360327,0.2007312638654983,-0.0971904808959329,0.2524405915693256,10.435971914183169,2.504746604352272,-2.731952765244535,-2.681540965750024,,,,,98.81997950963468,0.1857142857142857,0.265,3.1404664269532248,0.8817600116723538,40.48643596087734,1.1693928497716877,1,FRIENDS,JOEY
2_186,-1,0,Q4_humor,154.4785620277632,26.58762323740724,124.5570391742131,0.0138604900735841,0.1072441409781569,6.7315947094797455,0.5436893203883495,6.2180043383947945,5.611049019882108,6.91627770848088,5.969395551358921,0.1047708024275335,0.0413682189545252,0.4580779283794561,0.5245807800852734,0.27006573887713,-0.0665028517058172,0.1423764237900937,12.48414964736826,3.348156182212582,-4.786638266856272,-2.492645536572198,,,,,86.03795066413662,0.0639999999999999,0.06,3.5104279027831384,0.5087498343601982,45.89511768619607,2.208888310001225,1,FRIENDS,CHANDLER
2_611,1,0,Q1_praise,245.20928396367896,26.823370635279232,108.12833664481349,0.0101870372499981,0.1095308747731283,6.11395007313053,0.7425742574257426,7.652928416485901,2.54552891736177,59.86126513003138,80.91507143873613,0.0953961767096568,0.0478471848434152,0.3324571578192515,0.4368366406652521,0.1014040253126787,-0.1043794828460005,0.2259234105345401,14.430533045056842,2.8698481561822127,-3.552265102312389,-6.374119845242461,,,,,136.8421052631579,0.22,,2.454100001339092,0.3113758147605734,30.760192400549297,2.83462907524165,1,FRIENDS,RACHEL
2_429,-1,0,Q4_humor,387.4474875269155,123.54175238470916,405.4502822583905,0.0204572938846103,0.1763694963345539,0.4447111962616449,0.2227272727272727,7.211479497976371,3.651154176762024,5.995960260311668,7.590807450103293,0.1477599024724147,0.0700250891469079,0.5148608967370112,0.4908037096265703,0.0504433272305318,0.0240571871104409,0.0997051177031391,8.236016010571904,1.5775111401823312,-3.9269924101208575,-22.10035570831931,,,,,100.45140480434598,0.2527272727272727,0.3233333333333333,3.310821102342966,0.3264109034329813,29.924215493661883,8.768331780889431,1,FRIENDS,PHOEBE
2_357,-1,0,Q4_humor,243.2263989752068,84.76893645601139,371.1222767095396,0.0257937931919726,0.1595690383128725,4.460346099316594,0.3538913362701908,4.964933542606243,12.022744418578664,27.674989094793784,33.201856878535985,0.1205906848564208,0.0689463746704573,0.2624829183784681,0.312306810881116,0.2961862219926332,-0.0498238925026479,0.0638103513150666,11.396774117439865,2.7745216855740766,1.4380376674113804,-3.0585615977848235,2.05476302415836,0.0,0.2920549142709554,-0.0,80.18798630563336,0.3125,0.365,4.528388645777015,0.9360550041228048,46.88337508493088,4.123786436924603,1,FRIENDS,PHOEBE
2_282,-1,0,Q4_humor,379.3152311733848,79.50819558876117,327.0693674105494,0.0208636778070451,0.1211620681763601,9.24983222139565,0.5725806451612904,6.3558405995532175,7.172882611888811,4.361537379312001,5.816166377217583,0.0840574861939773,0.0693964434715287,0.4787600116081452,0.2855748535593961,0.1726947990220069,0.193185158048749,0.068384626432624,23.68439108943873,5.958600562081141,0.9814563707074238,-5.721576157601321,,,,,124.84607984607985,0.1371428571428571,0.04,4.02620218080797,0.4875347283003287,41.412124207347,3.662046099356289,1,FRIENDS,RACHEL
2_43,-1,0,Q4_humor,221.18789495687128,83.94653530683047,266.70698336453506,0.0254798252592161,0.1173045678811318,8.77091340923788,0.609271523178808,6.228072783492894,10.66990096828703,3.894783276379144,6.682706481832232,0.11105977432067,0.073753396956208,0.5796885962506156,0.5352901189142278,0.051231551957856,0.0443984773363878,0.0365082931009963,20.495782087120627,6.5558660878872566,-6.719970179798343,-9.310798101873852,2.0810482574536566,1.433786764383533,1.638966521971814,-0.0,87.07602339181287,0.13,0.1466666666666667,3.330560919899716,0.6876491995046385,53.88626745637319,3.925683812494144,1,FRIENDS,CHANDLER
2_575,-1,-1,Q3_bite,217.4652706863287,55.91916579029895,220.9053954090001,0.0251476406542361,0.1352838856122676,7.643714475395797,0.6548463356973995,6.5625,5.806356689326703,2.6399800733108734,5.250991171630214,0.1142855440125653,0.0683072482155266,0.2229838604788724,0.3708398948221879,0.0502589421754366,-0.1478560343433154,0.1736154181009569,31.28998628670056,7.96875,0.3150295106629281,1.511071704404103,6.731341679065956,6.731341679065956,0.703125,1.0,89.79851421510303,0.068,0.19,3.443682347039273,0.5021213502134081,45.51407957635727,2.497026898471568,1,FRIENDS,PHOEBE
2_177,1,0,Q1_praise,224.4245967816756,46.40100625833552,191.1185916979456,0.0247579592910219,0.131862002794202,6.191906964740515,0.5501730103806228,6.843044456513305,7.281197888726492,4.62470064468817,6.433218011639025,0.1092058030648322,0.0729725046463129,0.2315435172486817,0.2737873886859854,0.1614625781581538,-0.0422438714373037,0.1391763976910469,24.3763545214458,4.105826673907983,1.1340427928404917,2.6016583339676824,0.3691604489911562,0.0,0.6843044456513305,-0.0,65.84433040078201,0.1333333333333333,0.136,4.609062816341898,0.5766110461940133,48.23655149552544,3.8008312002337,1,FRIENDS,PERSON
2_617,-1,0,Q4_humor,164.69909752668173,66.48139685855888,353.8932078870825,0.026999251031257,0.1268363484487685,3.499675376264612,0.4526315789473684,5.555555555555555,8.925668761139223,6.562837262855065,6.194802798351123,0.1258152501000693,0.0584000200141673,0.5741249022298041,0.5667025100941799,0.0733728838247052,0.0074223921356241,0.1337443964495054,9.48680258186992,2.430555555555556,7.2001904061597095,21.930720582929744,4.975609280029058,0.0,0.6944444444444444,-0.0,95.27929060187124,0.0977777777777778,0.12,3.5255912350344456,0.5759626442187344,39.08417149796461,1.6619858988616047,1,FRIENDS,CHANDLER
2_341,-1,0,Q4_humor,186.0838015481702,127.6503192245356,464.8666464065216,0.0422799312092588,0.1828135856484262,2.3803666014508926,0.4338983050847457,6.238720827088368,8.03348316965166,7.415159785400429,9.974246900154858,0.1803679764396651,0.068250942214231,0.3538462918606693,0.4651391212539051,0.0307874535903539,-0.1112928293932358,0.0513893586594957,18.40039537926717,4.215351910194843,0.8199906183696077,15.862182984761969,,,,,92.44511380875016,0.1536363636363636,0.1975,3.5377716284413827,0.6539583798055325,43.5013482636728,6.367646611457791,1,FRIENDS,PERSON
2_318,-1,0,Q4_humor,314.3652442161704,61.72600761963015,317.19906046572567,0.0187369436737036,0.1175580083286925,4.477718147393135,0.3986486486486486,5.281595257343034,7.091459995469142,5.366855500403776,7.121849251181698,0.080512082155986,0.0481993124280933,0.4947416620575491,0.5571954452600459,0.1182790228754798,-0.0624537832024968,0.315473125983858,9.74295364261044,4.621395850175155,-0.6949061308138752,-10.037653511239984,,,,,65.995115995116,0.145,0.1466666666666666,5.649327123789516,0.2394143353809263,34.022010125575484,0.9641576270606236,1,FRIENDS,PHOEBE
2_250,-1,0,Q4_humor,261.4873870887573,49.81914798940908,357.8630529474833,0.0271837664806199,0.1795297962060504,6.113376097263424,0.4128440366972477,5.859327092105802,6.466519816224204,1.3331804759282435,0.7234564066865813,0.2116111292544782,0.3715725636215461,0.3544475318058353,0.4121597714486267,0.0340403958784899,-0.0577122396427914,0.3143732524228957,10.465136568213987,4.507174686235232,-1.4351358372085676,-2.799617458507935,,,,,91.23249299719888,0.0685714285714285,0.075,4.09172585379202,0.555093275426248,40.90566501217636,2.095275467424468,1,FRIENDS,PHOEBE
2_560,-1,0,Q4_humor,395.2947098719725,70.9042446927014,334.83398097082244,0.0199236692308042,0.1106094303836314,9.403930515701788,0.7532808398950132,5.729166666666667,7.873367641122364,3.814768374873823,4.755487947078129,0.0926948225604983,0.0739331694162954,0.2818736167761489,0.4085709013518211,0.2053984663852387,-0.1266972845756722,0.0564121430300832,31.84480207060123,8.854166666666668,-0.6601245757849884,1.2372708905089078,,,,,65.02375893680241,0.054,0.045,4.48118648475826,0.344876742547286,48.48395094308863,2.603939514999544,1,FRIENDS,PHOEBE
2_248,-1,-1,Q3_bite,213.29076973437245,83.61386403083603,457.2554252481689,0.0232125328865659,0.1190349065807031,9.051232154663786,0.7257617728531855,6.304777533286092,8.411795591969152,6.137449421954622,15.436317577858413,0.1088272229726571,0.0586755444696867,0.2441056034583375,0.2486410888092642,0.0262975841519108,-0.0045354853509267,0.0720289381738468,37.45850923495807,4.385932197068586,2.95169419100477,16.91498929505996,,,,,106.8237713099373,0.1,0.1099999999999999,3.709699585646692,0.5761742888649897,60.32167025377958,4.647218807321618,1,FRIENDS,CHANDLER
2_260,-1,-1,Q3_bite,161.52496469309858,55.3019479720047,307.0797927269342,0.0193639089817035,0.1153354242715096,8.80787060196476,0.6040955631399317,5.732878597864986,9.304696574966403,7.50945573129448,8.517498428429734,0.1247387912435516,0.0656055436792534,0.3418786600738955,0.3611434295987032,0.2465644837867213,-0.0192647695248077,0.0782787510154376,17.336914087680306,5.395650445049399,4.789014575727628,14.95745441272384,1.0625639958801874,0.865702100152028,1.3489126112623495,0.9182958340544896,140.32702542737846,0.1228571428571428,0.25,3.506433809369928,0.6573147597034124,61.65550116207365,1.6094313654364891,1,FRIENDS,CHANDLER
2_542,-1,0,Q4_humor,219.7562769835004,89.72953489266317,473.979835990317,0.0246293713844381,0.1575374019092727,4.579802043234079,0.5794701986754967,6.5558660878872566,8.004253050819948,4.81872006492694,5.898020694715177,0.1277868736374464,0.075410189819977,0.6566944896111425,0.5826237823284965,0.3140543535541283,0.0740707072826459,0.0437032319277039,17.8202381146037,4.916899565915442,-1.7339370781808428,-0.1962079894145816,,,,,92.13945213945216,0.0846153846153846,0.085,3.348711827281672,0.4998906426553463,39.27868545979059,4.474599890050903,1,FRIENDS,JOEY
2_504,-1,0,Q4_humor,352.586506921598,85.93863213963552,351.2373255449014,0.0198574162269174,0.1431523539979576,2.639741769270005,0.4329004329004329,6.392045454545454,5.32141404971621,6.332256223483223,10.396648559335969,0.1101953392679697,0.0810582316181283,0.3066037068745808,0.506726019760441,0.1548202805556581,-0.2001223128858601,0.0936780536933356,16.95131680308898,2.5568181818181817,5.783592838766066,5.313981740766847,,,,,85.37475596299127,0.25,0.69,3.274107691555688,0.3150391465623933,33.92931212622902,4.838117071153557,1,FRIENDS,PHOEBE
2_54,1,-1,Q2_criticism,279.95854792560624,75.90684915592868,427.8169314162324,0.0208815346069811,0.1596669455166651,3.436664707403445,0.4575835475578406,6.8783649513598455,9.278042597580484,4.6891547056688845,7.33460101713082,0.1278540334708647,0.0721709320689077,0.5804255842155139,0.5203682858248764,0.2022783485156837,0.0600572983906375,0.0152531808838968,22.097594168545434,6.368856436444301,0.6395792782754481,9.9432097464236,,,,,61.28073303724052,0.2625,0.465,4.649123909971312,0.3896653851320023,41.15838677571156,3.7827109116260953,1,FRIENDS,RACHEL
2_474,-1,0,Q4_humor,141.2436383158863,34.88578844351608,116.2635784119154,0.0155216234590583,0.1337886232185607,9.040153752343578,0.6597938144329897,4.986657017504184,11.843982500139546,6.903416765263902,6.710094670049508,0.1288009754674874,0.0559125544598792,0.5244358898752862,0.5337079401925698,0.447213595499958,-0.0092720503172836,0.0574718616536952,38.24258580285971,2.9919942105025106,-15.940069074154012,-10.666050191094364,,,,,,,,4.975458518251459,0.4215529466692909,47.68956533662417,3.253392998693659,1,FRIENDS,CHANDLER
2_189,1,0,Q1_praise,167.2721281380827,57.82334020624475,469.2604797000125,0.0279217424481753,0.1318145856743771,8.10836927971311,0.5988909426987061,6.4338235294117645,8.013592911737845,3.47679495355482,5.498972777061357,0.1247660038529055,0.0596012695516338,0.3291009121910005,0.3742799366904834,0.5100613704506707,-0.0451790244994828,0.0351761897252833,17.43379440546479,4.044117647058823,-0.905157795831373,-16.392261451664233,5.291346902409586,5.505593763861931,0.9191176470588236,1.0,89.76302158910855,0.117,0.1742857142857143,4.77326714358413,0.6284498426875192,48.96085009192615,4.20800045150846,1,FRIENDS,CHANDLER
2_550,-1,0,Q4_humor,178.37877273607037,75.70608801328187,314.25627634915224,0.0234369160473136,0.1134627816267766,2.4068878436828087,0.4,4.9054505005561735,8.110333253295218,8.085515302915454,12.218875696864115,0.1323102634279856,0.0654230018014891,0.5316088789131042,0.3004815619699514,0.4708709557974188,0.2311273169431527,0.157674558839957,9.121641134691089,2.725250278086763,-16.474624200117443,-18.96756945569764,,,,,89.73063973063974,0.1033333333333333,0.11,5.056663911795548,0.733429527120503,83.80678888668794,3.575403252005149,1,FRIENDS,CHANDLER
2_151,-1,0,Q4_humor,196.5450205386683,48.753801910647766,171.66038023449858,0.0162851690040721,0.1569569978743775,2.08842631079442,0.5714285714285714,6.343903842465315,3.489925226770125,20.58810306307741,14.867904924286346,0.1565428963495533,0.1280426769085307,0.5289905215716248,0.5799326443403883,0.0832063095407012,-0.0509421227687634,0.0884695768942456,14.235701118906348,3.524391023591842,-1.1093174059951794,13.338284596281111,,,,,86.90396056706217,0.0745454545454545,0.045,2.9044159901615387,0.3973677477087551,35.55411986137016,3.073190329836794,1,FRIENDS,CHANDLER
2_254,-1,0,Q4_humor,167.6781860056512,25.683889957481856,149.17129458706984,0.0274010659880433,0.1133095917665144,7.035856436158283,0.6733870967741935,5.561360524609066,7.76544030165536,37.07270183334776,40.0200567637952,0.122590947631239,0.0661315173469243,0.3038411212642007,0.346654403876389,0.0300798174147256,-0.0428132826121882,0.232012240653207,34.02354212024662,6.753080637025294,1.8903408798928512,11.157911151593863,0.6583706618540415,0.4018032764735419,1.1917201124162284,-0.0,113.3715775749674,0.12,0.12,3.6364730648019465,0.7217843833435013,50.7510362444573,1.7699116956788985,1,FRIENDS,PHOEBE
2_31,1,0,Q1_praise,407.0544916480952,84.05027287867586,370.5261450793679,0.0260572951335451,0.109812878613355,8.378740717953571,0.4597701149425287,6.212222108390534,10.02714148818695,7.550055562882653,25.49875718716555,0.1053428654434719,0.0792931825832564,0.5626004922318506,0.4275453444742208,0.0883883476483184,0.1350551477576297,0.0789085224081616,19.92841640572548,3.388484786394837,-2.2812288461911043,-13.002398952073666,,,,,74.69459572685379,0.224,0.2733333333333333,3.461946042583184,0.299739470207045,32.08365096808471,2.069912263921197,1,FRIENDS,RACHEL
2_315,1,-1,Q2_criticism,197.3301202152101,42.563225206764656,234.96707302069137,0.0274723180372237,0.1309660654167855,5.694820469985151,0.5294117647058824,7.659228588895682,6.414973650784841,3.6624621081133046,6.565276855230458,0.1215684844004209,0.0574148348617876,0.2364604759185657,0.3674165854965449,0.156173761888606,-0.1309561095779792,0.1224662410881608,15.8210055746738,6.127382871116546,0.7733363263485926,6.339384724169305,,,,,52.55839839173172,0.104,0.0971428571428571,3.925785790285328,0.2768874620972691,30.96344668187594,3.7212218893403146,1,FRIENDS,RACHEL
2_548,-1,0,Q4_humor,171.63489944949944,45.31186875249072,198.717269848361,0.0290570543703911,0.1723209866106801,4.2905874458029,0.396694214876033,6.114130434782609,8.748361599788572,9.89412841624429,9.004428804298058,0.1291175883966262,0.060677990217448,0.8455643792901617,0.6639611112620775,0.0363937262623419,0.1816032680280842,0.0571681388124778,11.477638090890508,2.8532608695652177,-0.6385084468332785,-5.089960252726865,,,,,72.2623408337694,0.0942857142857142,0.044,7.800953102903356,0.5567176688055282,39.9826978435743,6.374034383851926,1,FRIENDS,PERSON
2_128,1,-1,Q2_criticism,203.2334785257504,38.34164453467716,145.8379349781897,0.0214399424428263,0.1389520180399572,2.7736428062684726,0.3647540983606557,6.869536533069438,5.561311597688372,4.074057493288566,3.239004260517252,0.1054094708712236,0.0665654110983795,0.6151935852361874,0.4757289639147213,0.0207123255333733,0.139464621321466,0.2640622820627964,5.959174680327973,5.253174995876629,8.357710154850764,10.647803791658122,,,,,74.17582417582418,0.292,0.53,3.409458130009316,0.3601110394426135,29.43394254856571,2.086211966541448,1,FRIENDS,CHANDLER
2_247,1,0,Q1_praise,226.3835529072225,42.42298843708036,130.68187988698836,0.0179827871809496,0.1165284424853995,6.65111572543424,0.6732673267326733,6.696312364425164,7.202342869031879,25.66436351569141,27.24021469640897,0.096173356630457,0.0497280167358788,0.7995939174196384,0.7354890825187943,0.2246623825206922,0.064104834900844,0.1657183708590662,32.79417164408729,9.566160520607376,6.916072399771979,-0.2530226422739989,,,,,105.88235294117644,0.1,0.1,4.680660610701675,0.2707448808453386,46.11793435322847,2.921355615701547,1,FRIENDS,ROSS
2_97,-1,0,Q4_humor,232.39977355003268,52.12778717839007,263.69615553716017,0.0227154493450468,0.1448721853768364,9.831905305471912,0.7575757575757576,6.526828480706097,5.580385392015905,2.1749027518534403,2.236371920166236,0.1137376720615437,0.0789915972151837,0.1817581988577285,0.4382292196305387,0.0,-0.2564710207728101,0.1682217778081419,14.735424156269554,6.526828480706097,-6.206653458857396,-13.73106425487556,2.054971779790118,0.1830883272828538,1.780044131101663,-0.0,61.17642211995416,0.0559999999999999,,4.043733576465116,0.323630398008902,38.0370419726835,1.8342408360881064,1,FRIENDS,RACHEL
2_410,1,0,Q1_praise,153.7277852765181,55.556156733162325,296.8107292131323,0.0253593452011478,0.168174091778089,3.132875792020104,0.441747572815534,8.13123644251627,9.06650450881741,3.4967297140338407,3.647091296727496,0.1289476142193331,0.0654873151538512,0.5162766034953902,0.6663385251707996,0.0,-0.1500619216754094,0.1943927584308333,21.51273588265896,5.739696312364425,-4.533400973021448,-14.787228378813976,,,,,84.24908424908423,0.188,0.4600000000000001,4.02844075450491,0.2580249745032152,30.78571615835242,5.310076803709676,1,FRIENDS,ROSS
2_558,1,0,Q1_praise,235.0452283000288,84.62336126685881,514.9167851904192,0.0257049210393324,0.1506087520087488,4.864146012014952,0.4120267260579064,5.306593131110554,8.038522383370815,27.022326012943683,40.61741639683122,0.1658444809371093,0.250507648021062,0.5639749197252092,0.550427858474954,0.2088779965721784,0.0135470612502551,0.1633382458380075,20.58098543280113,4.422160942592128,-1.1452573065311848,-19.460865013806306,17.184193575549905,0.0,0.4422160942592128,-0.0,108.36897195285836,0.155,0.17,4.450076925888821,1.1063969013129884,57.51559565115485,3.540411991645087,1,FRIENDS,CHANDLER
2_289,-1,1,Q4_humor,278.7661738884753,82.90988421846328,344.3843778214863,0.0196098729407277,0.1202598654918805,5.376455100196259,0.4142011834319526,6.191032217522874,9.393798027239434,4.754394860435529,8.079005449601611,0.1015936281408595,0.0671079235082039,0.3066953504738303,0.321090419058154,0.0185528366698699,-0.0143950685843237,0.10792301945392,13.44968810165917,2.751569874454611,0.7650059600156117,10.842712770223809,3.7630160192884414,5.150511823522142,0.8844331739318392,0.954434002924965,90.19583618219391,0.2399999999999999,0.2376470588235294,3.247038524945354,0.7620137550353647,42.77511730380418,4.454821440392887,1,FRIENDS,MONICA
2_102,1,0,Q1_praise,213.47047311074675,114.38370524055514,460.6622539486343,0.0327221963726111,0.1655111328961285,0.9693157649502472,0.3178733031674208,7.779010553010471,5.663592843965916,676.7838366708849,561.5946775793875,0.1491021625166187,0.0701144598112805,0.6324357368388983,0.3995959761131626,0.250653595886614,0.2328397607257357,0.0244791339055434,9.678915648447626,1.8038285340314133,2.1643854740837214,-7.226764486661441,3.2813009581806263,0.0,0.2254785667539267,-0.0,73.82553272130153,0.2437037037037037,0.3141176470588235,2.6259336457013043,0.3793279113404935,31.17847926948035,2.452333626188038,1,GOLDENGIRLS,DOROTHY
2_351,1,0,Q1_praise,144.75233072991665,45.68304216926936,247.52187573952315,0.0271895943932337,0.1542278997056365,2.845096157459188,0.461118690313779,5.841815358832808,6.036962470243875,1041.2413214908493,1002.5144503667858,0.1318793541351083,0.0690218230609696,0.3471574524426914,0.4444490436824375,0.0996851665369502,-0.0972915912397461,0.1162118009318492,12.093717863127663,4.347397476340694,0.6701783954338029,3.171234820807138,2.996482539204248,4.727987309897221,1.358561711356467,0.9910760598382222,108.67338576764476,0.3233333333333333,0.2828571428571428,3.074206104763374,0.8260334326706957,41.968367136807935,3.116719934515023,1,GOLDENGIRLS,DOROTHY
2_350,1,0,Q1_praise,190.7458903459077,76.37888289667606,458.3050644511524,0.0231680518183673,0.158425744931466,5.7875694299848925,0.6213592233009708,6.855139571629214,8.312701551471552,214.45377982599925,296.32740331677604,0.1226508337698883,0.0646169137627873,0.3396088132641446,0.5610782158847959,0.1177149647794426,-0.2214694026206512,0.0143807534749409,14.436164824165418,5.806706460674158,0.343699315956309,6.055162375579821,2.914290242524789,3.760842260796225,0.8871357092696629,0.9709505944546686,98.7270454886535,0.1122222222222222,0.14625,3.5505261373047765,0.5671350273170311,40.7674782640222,3.255678909499021,1,GOLDENGIRLS,DOROTHY
2_587,-1,-1,Q3_bite,144.08977487679678,28.669737763085937,140.62567664836865,0.0216523193318389,0.1285593705190479,4.13467104645073,0.4711538461538461,6.2890625,8.344794577314921,573.5098079522386,694.2549981977623,0.1224788663976718,0.0570251325513225,0.2538641890872081,0.2930494705572001,0.0216118361536838,-0.0391852814699919,0.0589953933718001,11.566259130312003,3.828125,-0.491102751157065,-0.5855763483858265,3.2465652375977228,3.9301912192333655,0.95703125,0.9182958340544896,73.57487728316113,0.2426666666666666,0.385,2.698582486900786,0.6985845942885918,43.57882399951157,2.593941523073113,1,GOLDENGIRLS,DOROTHY
2_612,1,0,Q1_praise,157.2879843860517,68.13312108804813,371.4819340690967,0.0198033289691666,0.1366522842681825,7.9945052555447536,0.7056367432150313,6.625600961538461,7.1007180932700384,130.5125485998613,152.9733601095302,0.121348886739998,0.064271622265029,0.2163656442476098,0.2485476661926208,0.0486861610462856,-0.032182021945011,0.0716226459321411,20.59106994646161,8.489051231971153,-1.3490942080155492,-17.692412864076104,3.627721481613196,4.922433555616164,1.2423001802884617,0.7219280948873623,74.84972431387752,0.11,0.18,4.001889465748182,0.5442658553636768,35.89795482556345,3.272901861575105,1,GOLDENGIRLS,DOROTHY
2_89,1,0,Q1_praise,236.05341706448115,139.0886100506571,426.7498273038357,0.0267077335971175,0.1489343537225818,2.518945060531857,0.4069148936170212,7.114433211443321,4.69152738489714,1141.4047393938586,1584.0243665128885,0.1438013566561636,0.0721163750566811,0.7346022234672935,0.6350608897401798,0.3538598424065448,0.0995413337271137,0.0981331309138491,11.888059938632216,4.479457947945795,2.111642545497569,-9.570486234535975,2.4209781315413004,0.0,0.5269950526995052,-0.0,102.58577755145262,0.3371428571428571,0.37,2.229042131879458,0.3617169541966297,27.080783651313155,6.210470523467233,1,GOLDENGIRLS,DOROTHY
2_599,1,0,Q1_praise,151.76792675646013,41.88558370086783,310.63267599575545,0.0232919113355381,0.1811453858026107,5.030534552132922,0.6858513189448441,6.662206491712707,7.678322393043067,472.009734749043,606.3598439377014,0.1422069149203873,0.0665920757640737,0.5672857371313902,0.2807624103105625,0.2939346094228447,0.2865233268208277,0.1027530578346394,15.1660019846461,5.948398653314917,-0.913066747531222,6.150874699320118,1.4447421378275795,0.8376695733509961,0.9517437845303868,-0.0,89.5052406850975,0.04625,0.025,5.369300350015546,0.4003978117392474,46.11373115187505,2.7382101855211607,1,GOLDENGIRLS,DOROTHY
2_182,1,0,Q1_praise,258.70007919463563,111.34879500479563,513.6162894544321,0.0211740527955878,0.1403699534998916,1.996043758832087,0.3567073170731707,6.975544674295775,6.325757864581907,990.881565036476,1156.6816225916637,0.1265225586512633,0.0695427042134587,0.8012415053633624,0.5448101508565891,0.0947417697266614,0.2564313545067732,0.0606625994315835,8.571691067818373,3.4877723371478875,-1.8738263711513807,-0.5728349958254595,4.41678597886717,5.080738822134314,0.606569102112676,-0.0,68.35842488977987,0.1431578947368421,0.18,3.121983443202522,0.3273304412877625,33.164534563509456,6.245460971081918,1,GOLDENGIRLS,DOROTHY
2_292,1,0,Q1_praise,151.4226335025161,28.219214601021665,178.2289144933482,0.0206322937129741,0.1454915843746188,4.692660034796162,0.7094017094017094,6.788793103448276,5.300257517625188,882.6752436685151,806.9993520450514,0.1270355906674005,0.05016429530864,0.4177577399134508,0.4417227783752908,0.2374957479983037,-0.02396503846184,0.0759653788402116,17.398085499584315,5.940193965517242,-1.2464568588969365,8.032343511222477,3.0580778447590102,3.7690655082372193,1.909348060344828,0.954434002924965,59.55954617400878,0.06,0.1133333333333333,3.451599216720412,0.3424946395731489,39.136988557020416,1.5267302560395135,1,GOLDENGIRLS,DOROTHY
2_489,1,0,Q1_praise,181.3265056806936,56.58359369316913,453.6364017081205,0.0255416803190495,0.1176210012356456,1.045386319937751,0.3060295790671217,7.706620065789474,4.267396450669124,609.9383118643852,702.8644480975681,0.1285947452557432,0.064727207262969,0.4079283505646349,0.5209475337229453,0.2044818763943996,-0.1130191831583104,0.1184461100866821,9.665749446148093,2.606650904605264,0.0760357356156709,11.99966270891197,2.296955067032989,2.0663387814898675,0.3399979440789474,-0.0,77.8575555244307,0.174,0.3044444444444444,2.7786514221296943,0.4605749417286128,30.20636348325401,4.564740862797201,1,GOLDENGIRLS,DOROTHY
2_390,1,0,Q1_praise,158.31190771087446,55.144717177901335,309.5947363582394,0.0249115151257233,0.13154344622,3.9029498267338383,0.5431372549019607,7.599954044117647,6.9314057357568055,1510.5866589408315,1365.6653171825662,0.1332828034361237,0.0660482098112108,0.2656354002390791,0.3189863876518047,0.0196304980762234,-0.0533509874127255,0.1097643971794641,12.134918654608908,5.846118495475113,0.6417862084128643,-1.5588053449298975,1.1521421706465016,0.9290515531326178,0.7794824660633484,0.9182958340544896,100.1901050875509,0.11,0.1428571428571428,2.6529995729308524,0.3233894255950127,32.15232661375019,2.9407499825371293,1,GOLDENGIRLS,DOROTHY
2_378,1,0,Q1_praise,221.0065303614904,93.6286023513455,440.9185987674695,0.0300161702691139,0.167695868037507,2.918252589659481,0.484472049689441,7.0751953125,4.848987171289969,888.271607562459,983.3407783498586,0.1315448556903483,0.074912979192137,0.4086444755689326,0.3861700414647391,0.1099764675536459,0.0224744341041934,0.0759212871270714,25.12378501018156,6.15234375,4.43700434320031,6.139377719430326,,,,,76.87218045112782,0.0888888888888888,0.0699999999999999,3.225918050240237,0.3940595924291037,34.51587798217566,6.914099899215407,1,GOLDENGIRLS,DOROTHY
2_9,1,-1,Q2_criticism,163.34338745372156,40.99413113804175,183.5653666463491,0.0209215900029804,0.1203063841309336,5.787806174283924,0.6421319796954315,7.051809210526316,7.989427784317716,1035.5094507611375,888.330968970031,0.1267312978636713,0.0614764657234108,0.8066094631922383,0.6785689530957032,0.1063990353197863,0.128040510096535,0.009372183034368,22.33508750402968,6.548108552631579,-1.3571339720388793,-8.768569475091965,,,,,110.02742680761256,0.1399999999999999,0.1866666666666666,3.2399461361567137,0.6379701423656564,46.38410710373383,2.656764819230858,1,GOLDENGIRLS,DOROTHY
2_144,1,0,Q1_praise,153.68121254788497,31.0930140380312,104.88989295574704,0.0173620565074859,0.1275322268501589,1.8707003396852893,0.3596491228070175,6.936870805369128,5.785632265516392,188.6920074670629,269.3949428164283,0.1238713992303079,0.0536472481016494,0.4999570266978689,0.742221907535842,0.1451258060400355,-0.2422648808379731,0.0702280789796451,6.021964448871635,4.046507969798658,-7.295924757042715,-4.819299794051036,0.5016479525475326,0.0,0.5780725671140939,-0.0,104.3028971028971,0.2433333333333333,0.63,1.8908423717992144,0.3529684003196781,36.59356144269932,2.321238694982992,1,GOLDENGIRLS,DOROTHY
2_479,1,0,Q1_praise,185.52524687492857,81.44989825943313,421.5962045271469,0.0250366451449407,0.1626953280662849,2.8534812781548826,0.4298642533936652,6.7291259765625,5.978284446441892,280.25563177263143,358.39351537355714,0.140352552004896,0.0620204574322417,0.4305413490408389,0.465962752102054,0.1666666666666666,-0.035421403061215,0.0770115963766461,10.325847353971094,5.15899658203125,2.56429972035761,18.78438198481288,3.8618097321039695,0.0,0.4486083984375,-0.0,77.56613756613756,0.212,0.2685714285714286,2.422505044732328,0.3724168656083061,37.101886032481744,4.3519845492290266,1,GOLDENGIRLS,DOROTHY
2_45,1,0,Q1_praise,197.35508028939373,125.32891940725912,456.9432596509101,0.0240500803522141,0.1560325212129566,3.284769112020663,0.5881057268722467,8.525836770304569,2.3300610550248644,884.6601658061057,795.8961361120279,0.1398610826069183,0.0683984484391253,0.1699768335087579,0.3489852409470184,0.0562543950463012,-0.1790084074382605,0.1733011722298933,14.218452046237507,6.558335977157361,4.373686243757157,18.13224602773611,2.970219582049784,3.578096139195219,1.3116671954314725,0.9709505944546686,37.2475917681643,0.1644444444444444,0.32,2.066970347323354,0.2495380298916888,24.78968192390946,2.912120974496468,1,GOLDENGIRLS,DOROTHY
2_507,1,0,Q1_praise,148.2906588277865,33.60204330572995,222.52186560159453,0.0283657173230726,0.1476076299177988,3.413691113965268,0.497787610619469,7.91015625,6.809157498567274,287.04271990617,338.566869041319,0.1341438604811885,0.0629246118649876,0.2893037138406331,0.4414855045461377,0.038490017945975,-0.1521817907055045,0.0995597453728052,13.495062347598427,5.0537109375,-2.158120688375156,0.4598288561410015,1.5461683956277843,1.2572010333430406,0.6591796875,-0.0,102.3942603861468,0.1683333333333333,0.2342857142857143,2.545036869117098,0.4136269974159636,32.17152832309261,4.399159673442151,1,GOLDENGIRLS,DOROTHY
2_398,1,-1,Q2_criticism,156.30780042610414,50.73182597087132,363.2355165680698,0.0281292473833484,0.1447127681878736,1.800139083374959,0.4335511982570806,7.57449356155779,4.10536026487023,745.3460026299364,790.5303273978046,0.1446623187117328,0.0594168885457138,0.6210271774883981,0.6659740571465828,0.0913293848321974,-0.0449468796581846,0.0906663379013613,12.12768586508291,5.41035254396985,1.3511771641970134,13.845242526932845,0.6613004581685722,0.6613004581685722,0.6492423052763819,1.0,45.83335283335283,0.2179999999999999,0.348,2.3647838757314723,0.3702066519426662,26.86828852413153,3.118054816997611,1,GOLDENGIRLS,DOROTHY
2_281,1,0,Q1_praise,134.57554041852956,43.84804328128207,286.3901560994408,0.0207798347789093,0.1087962569398849,5.798770525872524,0.7097560975609756,7.016436973314606,5.949692501579923,1044.9101626192,969.9735038199748,0.1439084833142678,0.0697132702636283,0.3621833880852133,0.4820675819160501,0.2032614699367028,-0.1198841938308368,0.0545868095948615,14.877103020186697,7.016436973314606,1.248363925503986,-2.164655503330742,2.9514412277057573,3.514013122722453,1.4516766151685392,0.9709505944546686,82.75621239380206,0.0557142857142857,0.0399999999999999,3.651748401980557,0.4660754995907157,33.44274454719077,2.8276219450547813,1,GOLDENGIRLS,DOROTHY
2_462,1,0,Q1_praise,194.05320729877693,30.182967888413486,122.2996237764898,0.0225277397853724,0.1309182857407153,0.2119499878436952,0.2730627306273063,7.696974734042553,2.8886626406724347,660.2770894562287,479.3499348475812,0.1226441255848401,0.0652832925720439,0.3043187308744436,0.4385722155669645,0.0773823232534136,-0.1342534846925208,0.0995479490511284,8.247553653711538,3.6652260638297873,-0.6479275829334374,-5.121602452604053,3.3493235959889747,3.3493235959889747,0.5497839095744681,1.0,89.07717569786534,0.9599999999999996,1.086666666666667,1.558062394274374,0.267090393137808,33.50291026405789,2.661976667959536,1,GOLDENGIRLS,DOROTHY
2_505,1,0,Q1_praise,282.2998957600908,83.71416551178416,297.72554649835195,0.0278361101883878,0.1713224963627221,1.4201188711265902,0.3856812933025404,8.704911901595745,1.82850633383549,1550.829615504569,1160.6284886684837,0.1377477747255695,0.0722649567225494,0.4689571036313529,0.3638392984970279,0.1503764121351256,0.105117805134325,0.1575749246447968,12.441888119534749,2.290766289893617,-0.9905815993596808,6.106639045109822,1.148520369512104,1.148520369512104,0.6872298869680852,1.0,93.3058608058608,0.3355555555555555,0.69,1.456540365408506,0.3259111895680563,32.941717438678644,8.990923544378527,1,GOLDENGIRLS,DOROTHY
2_74,1,-1,Q2_criticism,177.76938726346364,78.82931333621674,301.680877831685,0.0231543401317257,0.1284014902103816,3.82603690830321,0.5068027210884354,6.7291259765625,6.515729298098341,722.3445081723974,687.7431890951257,0.124156100928122,0.0595979470607158,0.4259899522943042,0.5553420903088355,0.3398874309296698,-0.1293521380145312,0.0755435519328801,11.871366235254076,4.373931884765625,-4.555907740187943,7.992757969516706,14.76436192009488,14.76436192009488,1.009368896484375,1.0,105.76151192184192,0.22,0.3133333333333333,2.534280360474497,0.3088492199615525,29.06289306349807,4.108546995986482,1,GOLDENGIRLS,DOROTHY
2_126,1,0,Q1_praise,173.67252022094905,36.803825183277695,167.734056437824,0.0220383232305363,0.1270810374903098,7.936068816471582,0.8423326133909287,6.427821828358209,5.283394132693692,638.8716122640895,1140.8765946790677,0.1120935109602209,0.0599284761215624,0.534374100468617,0.4857578776923884,0.4407618683656912,0.0486162227762285,0.0134374210697149,19.666190604126488,8.998950559701493,-2.336062242246689,-12.39011291498505,2.099120813438851,2.1977062382803005,2.142607276119404,0.9182958340544896,80.01650012236851,0.0533333333333333,0.02,3.631160810761713,0.3983012707909563,43.39803016055322,1.2690152012486104,1,GOLDENGIRLS,DOROTHY
2_158,-1,0,Q4_humor,220.1022249185173,69.5590379818862,389.09824460300433,0.0237282257057613,0.1525105556531165,0.8714321858512829,0.2835570469798658,7.358919902912621,5.809895787462709,838.7663598102407,952.8545369428826,0.1347789394427886,0.0603369204770258,0.1579402647455039,0.3274673883480793,0.0913858655950681,-0.1695271236025754,0.0635373886787082,6.2030640508944686,2.006978155339806,-0.2077902113878288,1.7912700382761884,1.3988439584211374,1.4220965598121778,0.3344963592233009,0.9182958340544896,75.47671802636691,0.2605128205128205,0.416,2.387525999262881,0.3382561366944364,34.442506907809644,3.4830661021767684,1,GOLDENGIRLS,DOROTHY
2_255,1,-1,Q2_criticism,234.92812222929768,106.28829649199044,387.6655535561091,0.018685875151152,0.1486680700017023,4.316348529634348,0.6498054474708171,7.305908203125,4.153522023381281,662.3831671139831,556.8371637095526,0.1046016904337933,0.0504126083957429,0.5882379058395859,0.7041743890087988,0.1951800145897066,-0.1159364831692129,0.1349971224696156,10.8790407626912,5.38330078125,-9.797781625018102,4.907749486150285,10.972174448155318,10.46913259259368,1.153564453125,-0.0,116.44430141641094,0.0999999999999999,0.0599999999999999,3.550231275578039,0.397374522475776,31.112793193902498,1.842217013102436,1,GOLDENGIRLS,DOROTHY
2_502,1,0,Q1_praise,179.3468710148558,72.85223685789609,446.4747691664867,0.0221586379149849,0.1373474034568389,4.174567159502308,0.5931972789115646,7.714853940446741,4.610580153337912,865.1439015089065,963.8687400012452,0.1339054273186514,0.0666065803001786,0.2873951891405005,0.3397014996054114,0.2171889592843497,-0.0523063104649109,0.1149354973260561,13.638085551478447,5.007887645553148,0.7903696678564557,-5.8291268930934415,0.336541414631629,0.0,0.2706966294893593,-0.0,97.62176778341538,0.0904,0.134,2.859099644524363,0.3261278748267134,32.23695549131689,3.38638796517037,1,GOLDENGIRLS,DOROTHY
2_11,1,0,Q1_praise,247.9782529691144,124.69892787740535,483.8166890545544,0.0318832445313645,0.1720681477534715,-0.1310183810957314,0.1994134897360703,8.379436510180994,2.676550802507685,526.6274023395415,380.8150344546525,0.1562926881558785,0.0705494112666714,0.4063512419113962,0.3181318569508563,0.5917813771642474,0.0882193849605399,0.0496060355243935,5.628815470008942,1.6564002403846152,-1.2506194540533202,1.8682692385653568,13.878346324214354,13.878346324214354,0.2923059247737556,1.0,89.91474134331278,0.3427272727272727,0.3037499999999999,1.7248968378877478,0.3527686270172122,33.55968297393645,5.828834811882777,1,GOLDENGIRLS,DOROTHY
2_135,1,0,Q1_praise,173.2105693177894,83.11467561698203,490.6881051996757,0.0272269253642717,0.1544514054983004,3.209217545387097,0.5113484646194927,6.911892361111112,4.823574232337371,974.315362419466,983.2065151736838,0.1454471865455894,0.0654971552196233,0.2200125276716473,0.2604015009610644,0.0235796889246478,-0.040388973289417,0.0804395805726403,14.053105607225612,5.848524305555556,1.7783304347220994,2.678932812528608,6.319163787094134,10.12835936316345,0.9304470486111112,0.9182958340544896,87.67985289371654,0.0991304347826087,0.0866666666666666,2.7111156561325607,0.3477886569169063,34.76379828867647,5.537872969046966,1,GOLDENGIRLS,DOROTHY
2_442,1,0,Q1_praise,145.45778435873711,71.45605092451862,443.8990458538238,0.0255933511931538,0.1635726239754732,1.829709712356824,0.4212034383954154,7.649953741776316,3.5770361195418747,394.7018162587841,389.5649545802045,0.148871072323231,0.0640412193950409,0.2434915248500089,0.3788052742789861,0.1392215048863803,-0.1353137494289771,0.158549715922904,8.943874078839087,4.816637541118421,-2.6776536024682662,-7.271820404295568,,,,,103.6063372217483,0.13,0.195,2.993421222639409,0.2377139804637845,21.437017441984988,3.610513756619414,1,GOLDENGIRLS,DOROTHY
2_342,1,-1,Q2_criticism,189.67696807394825,94.33176455033228,454.1623711064785,0.0253396340931763,0.1273638194381421,1.93913834230686,0.3206997084548105,7.540246212121212,5.826987402182033,126.04638312925404,121.80258011956856,0.1262447878930629,0.0628961265339807,0.2878821834822241,0.4121662320817121,0.1181592382534782,-0.124284048599488,0.0762971354173068,6.19597607828612,2.3200757575757573,-0.9196395497590464,8.553135102898608,1.244952575494592,0.267597608654329,0.4350142045454545,-0.0,89.04533136240454,0.2988888888888889,0.416,1.837656890186136,0.9600490183563856,33.56348497289943,4.286542174620245,1,GOLDENGIRLS,DOROTHY
2_492,-1,-1,Q3_bite,242.5479697212244,45.09745669171798,233.96994822584003,0.0194218410076624,0.1186195596364027,5.5141679050813535,0.6356435643564357,7.472709760273972,5.435120283197647,376.2372545386155,426.6013497086934,0.0901421587476435,0.0591184234048699,0.1102221743192297,0.3278108452714837,0.0,-0.2175886709522539,0.083584329236433,18.23563252358049,5.702857448630136,-0.2139566163888919,4.902451380466235,3.5309780656953147,3.8365215545858966,0.7866010273972602,0.9182958340544896,68.44677083137893,0.09,0.0949999999999999,3.102924751325368,0.3386698965733283,28.58645701152201,2.4697920432984377,1,GOLDENGIRLS,ROSE
2_512,1,0,Q1_praise,243.595317114777,80.16872180626932,395.74215150754384,0.0265276759231949,0.1782824334626692,2.0224184330321298,0.4551282051282051,7.916618795955882,2.249782887512352,323.4384839588231,236.7058976531581,0.1340214971499875,0.0661256494905078,0.577727928746747,0.6180130312399785,0.0435606841869032,-0.0402851024932314,0.0861003976726502,19.75314938030588,5.0666360294117645,-4.21494260544819,-13.815665230634584,,,,,95.67926550382693,0.1444444444444444,1.06,1.421942660508811,0.2428890898219415,23.659412723861927,5.188790451621693,1,GOLDENGIRLS,DOROTHY
2_121,1,0,Q1_praise,162.6912204380515,18.617288580495234,80.803357392765,0.0243167391421196,0.1496245455772692,8.180559291984924,0.8916666666666667,6.562499999999999,5.078817941875912,95.32670212180084,106.27847528643431,0.1169838242105571,0.0632126549027664,0.2763773359280626,0.3209773223801568,0.0304871121801999,-0.0445999864520941,0.1808772783794185,28.66375452107124,12.304687499999998,0.5039596329601955,1.6431006214360586,4.283147974124798,4.283147974124798,1.23046875,1.0,92.80625477808576,0.0466666666666666,,4.066572999006655,0.3200618508846713,38.785864885987856,1.2422758050312932,1,GOLDENGIRLS,DOROTHY
2_129,1,-1,Q2_criticism,181.78007323026145,25.276016293350363,105.40815090776164,0.0225795015192404,0.1440052432724915,2.6338525127287347,0.4324324324324324,6.676962209302325,5.022040279616291,486.0501720008364,400.8178405567929,0.1281267233326499,0.0597673018599017,0.3448123048272946,0.4317611727044677,0.2409657986707496,-0.086948867877173,0.1106623459127413,10.681754270874452,4.006177325581395,0.0558027092831288,1.2524687864114146,,,,,63.82480264833206,0.0914285714285714,0.088,2.2527205787138813,0.8029749914672881,36.74604553507651,3.073233908775454,1,GOLDENGIRLS,DOROTHY
2_222,1,0,Q1_praise,212.1530329485044,71.930976966532,345.1215975884829,0.0125929748397579,0.1125946689399612,8.666745568773136,0.7067209775967414,7.076639524647887,5.146203023653932,24.189196000520724,24.528781324506497,0.0945285957003925,0.0539761444697982,0.2325222063736167,0.344299098215707,0.1984858597727383,-0.1117768918420902,0.1278196087314476,14.814161484358824,7.076639524647887,-2.735068968457409,-2.274577855572285,1.529257088948227,1.914860620231372,1.213138204225352,0.7219280948873623,88.42872038714307,0.0854545454545454,0.14,2.028279026786449,0.5011318382645935,41.47703358179123,1.630144813145162,1,GOLDENGIRLS,DOROTHY
2_604,1,0,Q1_praise,155.7939973082339,36.5216284418764,302.54505246510354,0.0213917921540322,0.1597607808308336,3.835203251442694,0.5437158469945356,7.581413625423646,3.7334247737770094,574.0805028573425,569.6669404123786,0.1369639775869291,0.0590191031567203,0.1544070612529912,0.3571542624480815,0.0392232270276367,-0.2027472011950903,0.2379596976586586,12.20965986711922,6.769119308413969,0.5950840089673678,-0.4206365824432438,2.5054990771340018,2.476658574071015,1.3538238616827938,0.8112781244591328,110.4116743471582,0.1311111111111111,0.36,1.365637161037857,0.2799354263917352,25.655586331901524,1.572445052201199,1,GOLDENGIRLS,DOROTHY
2_352,1,0,Q1_praise,143.70293219361545,65.23144397921504,246.99487951171605,0.0228057590062496,0.1350555136491814,5.726185924783884,0.5777777777777777,6.287066605839416,7.299364320988119,437.6126911795818,555.7628383420274,0.1337624920569885,0.0677316952301115,0.4786696757725882,0.4110293045576911,0.0270073064647317,0.0676403712148971,0.0319178727778322,20.68895011357149,4.715299954379562,-5.985122119743486,-6.078009816641222,,,,,137.5088171335636,0.1514285714285714,0.29,4.132800895134481,0.5766056333820208,40.83846736514183,2.974226002167144,1,GOLDENGIRLS,DOROTHY
2_344,1,-1,Q2_criticism,175.39913068202333,80.32896634583048,354.35301857236107,0.0349384523669713,0.1404413298686903,0.8145940355778625,0.2646536412078152,7.5895715932377055,3.507868722531695,920.7632808528684,764.7105916500796,0.1541719598742304,0.0652283142639974,0.5759345692372458,0.4194578608660061,0.2672612419124244,0.1564767083712396,0.0324708379880251,19.37045743355422,2.8240266393442623,1.405392058504622,15.323802120226134,5.622240353948335,3.012057770658693,0.5295049948770492,-0.0,86.40093405059818,0.3171428571428571,0.41,1.966076607486652,0.3432653893511817,36.363568404021535,5.023210897068884,1,GOLDENGIRLS,DOROTHY
2_465,-1,-1,Q3_bite,196.4222692021247,115.98117332486152,425.24053442550405,0.021543545962315,0.1228250557260282,1.902879092928672,0.408,6.321674311926606,5.507719364546812,1327.8401541933615,2068.187171288316,0.1526102093295286,0.0676255663241605,0.274702219006165,0.3536108775510043,0.0389544693565809,-0.0789086585448393,0.0498665952210976,10.724821915899373,3.555941800458716,1.1538283923548855,9.624955789275596,22.5871530174096,0.0,0.7902092889908258,-0.0,56.00727315013029,0.1175,0.175,4.374218764704329,0.2725151561434398,38.47699626809909,8.011780543922278,1,GOLDENGIRLS,DOROTHY
2_471,-1,0,Q4_humor,188.8957073898665,23.63030928693318,124.62579868754511,0.0102763396068471,0.1177460471080767,14.62817971602268,0.6270270270270271,3.7217881944444446,10.1992349377497,3.223746254071805,3.195507171076184,0.086748635965341,0.0387501441359019,0.3143515977922487,0.4043909100728961,0.0199007438041998,-0.0900393122806474,0.4974367351253426,12.073187690380072,4.253472222222222,-4.384360501203158,-13.553294140151271,1.848866386307649,1.848866386307649,1.5950520833333337,1.0,,,,1.1318396177233483,0.4682998331494584,48.84859750351754,0.6943529345800922,1,SARCASMOHOLICS,MEMBER-GIRL
2_361,-1,0,Q4_humor,155.0064605086662,59.2237582132944,307.26836671297167,0.024247761195175,0.1892279226163566,4.486963267337298,0.6986301369863014,5.38330078125,8.49234856427451,48.038087174631634,39.59991252426643,0.158942990614465,0.0694887857260821,0.215507005077682,0.2796816789187016,0.0914855267622344,-0.0641746738410196,0.1278322698494487,19.672456466690782,8.5235595703125,-6.289365938111541,-2.2293846028176283,6.425059299945839,7.947380558841739,1.79443359375,0.9182958340544896,135.24156844439258,0.0679999999999999,0.06,2.0307748682404214,0.6686664674410095,50.78752695940174,2.7108977041410904,1,SARCASMOHOLICS,MEMBER-GIRL
2_190,-1,0,Q4_humor,117.22949910160182,39.77493932237616,251.0583038460421,0.0139383462153929,0.1109108851032666,6.849543683135887,0.6081871345029239,6.838246938344595,7.557126822917874,43.47703321854101,43.44955591621021,0.1388238655609767,0.063918946645684,0.3378072275010654,0.3751775843845801,0.1967825528493875,-0.0373703568835146,0.2361928354990183,8.983748348154311,5.237806165540541,-1.6773719975810115,-4.625739330920549,1.2591037496877275,1.5949103507088818,2.0369246199324325,0.9957274520849256,121.03453151547524,0.14,0.1333333333333333,2.0066119418701502,0.3123225979906271,27.938083389504133,1.4483650730875903,1,SARCASMOHOLICS,MODERATOR
2_271,-1,0,Q4_humor,144.41977439066372,95.3260415143092,489.55745934802746,0.0309573300306359,0.1574391213862177,3.820868894482964,0.4418052256532066,5.177382172131147,9.798976715667266,28.73795403874535,24.22007615138907,0.1639883757710896,0.0678951368659533,0.5567938101787268,0.6854491177250698,0.2602112616551129,-0.128655307546343,0.068148522223129,10.44579091721759,3.765368852459016,0.7886946246393572,2.385714184805892,,,,,60.71386053842194,0.1533333333333333,0.1628571428571428,4.218683800134106,0.9824013608818106,59.58542104522317,5.498762462997498,1,SARCASMOHOLICS,MODERATOR
2_306,-1,0,Q4_humor,115.21022271984178,58.560760000462224,505.0695615197412,0.0280736658003462,0.1445999912568758,6.270260644455029,0.5997865528281751,6.061197916666666,8.126879334622156,31.65854248419223,31.722941462375776,0.1616723535469827,0.0659597809185828,0.1766617635747457,0.3528549603863727,0.1220037603343405,-0.176193196811627,0.1955394643815384,16.903187270098133,9.5703125,0.1248256886190035,-9.605849616916522,1.065039857217444,1.430569312420224,1.0633680555555554,0.9910760598382222,87.49986576686229,0.1384615384615384,0.15,4.441920562330238,0.8138623554361418,47.2931373627911,2.325492744577146,1,SARCASMOHOLICS,MODERATOR
2_209,-1,0,Q4_humor,268.8401057798258,73.91054267308726,244.56795870117605,0.0267373674442223,0.1388719309442316,9.973542392450188,0.5729166666666666,4.006177325581395,8.533891704380467,4.7330101309886015,6.562116583362603,0.1157155645334044,0.0597797351017639,0.7335929311938421,0.5424881605287288,0.1168634080697429,0.1911047706651132,0.183702937203095,16.077673374007443,5.007721656976744,21.19000683245401,15.6777382980838,,,,,119.04761904761904,0.3399999999999999,,3.685539614334317,0.6915965479410427,67.77777777777777,4.700171278555751,1,SARCASMOHOLICS,MEMBER-GIRL
2_312,-1,0,Q4_humor,302.9445660095596,83.87509470678116,378.20719694697135,0.0193635558594269,0.1087716848406051,9.502428512484665,0.5030487804878049,4.82118698498162,9.307329248380231,17.453461878292625,32.875845422166286,0.100033835232769,0.0655228843572652,0.5732726955551127,0.4083911587871164,0.0168862073219194,0.1648815367679962,0.1024330644590266,16.732692384536996,5.122511171542971,-1.1608115885443666,-5.62981881515392,3.3745127995310416,3.367627364350991,0.9039725596840538,-0.0,97.90664160401002,0.0945454545454545,0.1149999999999999,5.81133470357699,0.4732423621500228,37.74120036398676,2.9671242199998824,1,SARCASMOHOLICS,MEMBER-GIRL
2_485,-1,0,Q4_humor,157.0871513411775,41.04552416222424,268.9114368417532,0.0168105451021843,0.1195171618677548,6.155084518342178,0.5917874396135265,6.459960937499999,9.114818730458955,30.61182836824878,27.244930163394084,0.1225194582138088,0.0607071431245689,0.4648724904152551,0.6251743263593074,0.0682788741998919,-0.1603018359440522,0.0467195979136034,12.608077934336126,4.0673828125,0.4835603377477735,-6.112356675394608,,,,,114.2415855749189,0.1533333333333333,0.144,3.3908954806596894,0.4226954593181078,33.530862322222546,3.4886467629867326,1,SARCASMOHOLICS,MEMBER-BOY
2_527,-1,0,Q4_humor,305.0826419930192,112.9182578367238,406.5103995608749,0.0231605873144164,0.1026840118008745,8.341404669191412,0.6621621621621622,5.584201142671907,8.546343314743481,12.199466880164834,17.92035117586814,0.0946319360911858,0.0637174341766414,0.2683313067720497,0.4893784037160734,0.1437250467820612,-0.2210470969440237,0.1569427804781225,16.582506554975737,8.264617691154424,1.556099719683884,-7.623081437665027,6.5738387588957,8.091177989154655,1.5635763199481345,0.6500224216483541,78.33609162480019,0.1109090909090909,0.11,3.751175019885247,0.6019761355982588,48.8626389310137,2.529641206759289,1,SARCASMOHOLICS,MEMBER-GIRL
2_596,-1,0,Q4_humor,270.15696906202913,149.69608512639522,428.9527070451734,0.0333114008516289,0.1987741056473433,6.357207075743903,0.7734375,6.5470264605711295,8.62086856300011,27.114430244925813,30.96802055698413,0.1508338699815042,0.0826848069326303,0.396807637226412,0.5969876269032098,0.0650558744626433,-0.2001799896767978,0.1157207961239272,43.21630748766267,9.242860885512185,10.336946124742443,13.681843187700714,15.52759470839941,19.17014611082059,1.5404768142520304,0.9182958340544896,121.84404184404188,0.0457142857142857,,3.281149490810898,0.65005988545001,39.27606878964946,4.462430210797264,1,SARCASMOHOLICS,MEMBER-BOY
2_123,-1,0,Q4_humor,209.52533690404528,95.49633244341167,357.62372455716223,0.0333656861429066,0.2147120395420215,3.304740590749321,0.5482625482625483,6.097898230088496,8.086721411451505,60.04792701261901,89.97539388460739,0.1810181888191365,0.078215249487169,0.4368171930943533,0.3768255653830643,0.0276606388408955,0.0599916277112889,0.0623540335147876,19.40018300037238,5.716779590707964,7.792711348969575,23.94696348828515,,,,,63.91571391571391,0.0444444444444444,0.09,3.2561130951512287,0.6726261672969445,36.3211135855538,5.043704684557389,1,SARCASMOHOLICS,MODERATOR
2_140,-1,0,Q4_humor,198.7219265242336,76.21207328975959,296.32380260844786,0.0309240667184099,0.193038195863872,4.306534845952252,0.3975308641975308,5.3823451091780585,12.490629414970506,98.60901822874146,101.60456824131244,0.1569957465710976,0.0733973118436652,0.4477801749342062,0.6220760974013843,0.0208923578241367,-0.174295922467178,0.0784142678035766,18.22441420670437,4.159084857092136,-2.592857667019484,-7.5749613756093614,,,,,86.53647498885594,0.308,0.22,5.588655164472106,0.938099014660116,49.443277467075895,4.664796342288871,1,SARCASMOHOLICS,MODERATOR
2_338,-1,0,Q4_humor,131.04058722526693,52.19117149606321,263.4366431358176,0.0203779659823727,0.1245329845385536,7.848966401608586,0.6537949400798935,5.963040865384615,8.990484067260295,27.012517748875265,30.182094457561035,0.1367244943940669,0.0620596375734766,0.3714336437707093,0.5509275547176947,0.1826283059446878,-0.1794939109469853,0.086458293090645,12.631471209461573,7.685697115384615,0.3277780635473833,13.382308397818797,2.979296422213064,4.020037125181337,0.9275841346153846,0.9182958340544896,80.38404177490217,0.12,0.1822222222222222,3.150461203341405,0.8716837614905877,39.38453724955828,1.895791240260851,1,SARCASMOHOLICS,MODERATOR
2_381,-1,0,Q4_humor,152.31589858765756,30.26174611038986,98.66003167624392,0.036517725546131,0.2009888588739658,1.027470633386377,0.5298013245033113,8.41553637484587,2.949598391081284,72.52622701254609,53.77470985000776,0.1780431256291891,0.0458605389905936,0.3429470057062381,0.4723739287135084,0.2970442628930023,-0.1294269230072703,0.2818809568904116,14.09314185178817,3.236744759556104,3.985731722480424,5.2783690877495,,,,,65.03703703703702,0.152,0.2,1.6544222532464825,0.3246898205519277,32.5419332103824,2.9741240410201626,1,SARCASMOHOLICS,MODERATOR
2_511,1,-1,Q2_criticism,173.0354377866897,52.97107922130918,398.37278855983527,0.030686056745242,0.1451362991460166,5.03428889907731,0.4457978075517661,6.309985031258254,10.334999581315316,30.822588034365964,56.9264445407985,0.1266405091256784,0.0679025318670155,0.2928497727588046,0.3145472842479352,0.2820228922314554,-0.0216975114891306,0.0371491976569715,17.836250325478233,3.154992515629127,0.9561158474908892,12.8055316507601,8.783803824767464,8.783803824767464,0.3640375979572069,1.0,62.543915981571466,0.1691666666666666,0.2822222222222222,3.934547359239093,0.7109023735493586,46.54991331654902,4.274079856109166,1,FRIENDS,CHANDLER
2_287,-1,0,Q4_humor,239.6781432356968,53.72837295140299,198.41236669202908,0.0308556114178309,0.1358854896895017,4.946489620979732,0.3645484949832775,3.9735099337748334,9.912999647571231,47.56478489131894,76.80774482847828,0.1346036750487602,0.0738048442686476,0.3255986380562503,0.6345887942621995,0.0249145030917311,-0.3089901562059491,0.1249302796969241,18.861792101275288,2.980132450331126,1.801843040200026,0.3019595859466726,,,,,58.73884735953703,0.38,0.1133333333333333,4.544518026403733,0.8240359521670289,59.840327517753565,4.161502647162379,1,FRIENDS,CHANDLER
2_161,1,0,Q1_praise,234.5891016175449,35.90430410684145,197.01865506656245,0.0215533769240914,0.164424120901123,5.836370298803519,0.3995327102803738,5.325415826612904,9.192212541008214,26.35637788891509,34.3181343964461,0.114654801753894,0.0613729190721791,0.3755039147180739,0.4264357737503446,0.0462744813382747,-0.0509318590322706,0.1646830779949228,22.48424497927256,4.630796370967742,-0.5784337009088827,-7.625875426071387,,,,,83.59870469420618,0.3222222222222222,0.4679999999999999,4.9766108797936015,1.1410723991955307,61.788361026334194,2.8018362443732654,1,FRIENDS,CHANDLER
2_589,1,0,Q1_praise,179.62129940426763,71.25324864243495,313.2014945592056,0.0198900642876045,0.1638135178075254,3.4909761065679112,0.4832347140039448,6.860670821146957,6.740342249273467,52.44079783027664,50.46395664630238,0.1289630267257749,0.0680909569138625,0.4303569507501198,0.5592940582087328,0.0094109571566632,-0.1289371074586129,0.1288125430571934,12.751775954057948,4.508440825325144,3.5751841769870274,19.88845237055212,0.6803429923709494,0.6803429923709494,0.5880574989554535,1.0,95.89711445681294,0.15125,0.18,2.961983478696004,0.4645804386208956,34.45950490982755,3.70946949887263,1,FRIENDS,CHANDLER
2_523,1,0,Q1_praise,164.79340092114276,44.82797574970386,255.50422956400288,0.0184414510615184,0.1231339153993298,7.338626120727381,0.5497737556561086,5.636964168848167,8.110778593471304,16.434420328276946,18.14976021697567,0.1262899172697437,0.0663455323142451,0.4812865900112663,0.3988220942777706,0.0560112033611204,0.0824644957334956,0.0183323302015742,14.706510968607898,4.509571335078534,-0.0520479697661251,4.8458418942731605,4.791005374971817,6.077125701837183,0.5636964168848168,0.8112781244591328,51.07411886272385,0.1641666666666666,0.19375,3.891957692333537,0.6103844116196931,47.964004269083645,2.452109607063291,1,FRIENDS,CHANDLER
2_491,1,-1,Q2_criticism,167.1542882031398,51.956555668031264,290.93825931202275,0.0264472453880358,0.1549157236252829,6.346954009920813,0.28,4.492018981880932,9.745826833650234,16.070180708481722,27.01837411722138,0.1325536371221994,0.0538646740984628,0.5968387172414942,0.5175752839678363,0.1432229748078866,0.0792634332736579,0.0568468128626553,11.54705366670152,2.1138912855910266,3.5584183640538267,1.334607358891759,,,,,52.55494505494504,0.2644444444444445,0.3171428571428571,8.085026677869061,0.8239095321430355,70.00949720291327,2.618550250629724,1,FRIENDS,CHANDLER
2_170,1,0,Q1_praise,198.0629407704062,48.528766231325314,174.46517535822642,0.0581475411853317,0.1380033828620976,7.138100101072495,0.9047619047619048,5.300480769230769,6.6824189160255525,13.90076342481262,19.657686020696804,0.1500233546384079,0.0625907044774618,0.8141684075985095,0.6605323582087357,0.0508986598559287,0.1536360493897738,0.064404281731347,52.19325123387439,9.938401442307692,0.5431199750101093,-2.486324127677128,,,,,155.0,0.03,,3.701836638742953,0.517931568635351,41.61530345938142,1.6322895073144987,1,FRIENDS,CHANDLER
2_500,-1,-1,Q3_bite,360.24163952506416,109.1905871213799,467.620490826433,0.027726349064465,0.1578145448775964,1.2716912392463358,0.2654600301659125,7.202743902439025,8.0866835852196,25.19997907737981,46.64088700032511,0.111540343220655,0.0713286629852577,0.3731383749143298,0.5814284779866469,0.1551263069985057,-0.2082901030723171,0.0381910031817109,17.475118201315187,2.400914634146341,-3.3207089446814857,-8.27059061032059,0.7830754161949469,0.0581511312998702,0.450171493902439,-0.0,75.62097162097162,0.4109090909090909,1.106666666666667,2.643197582075996,0.4661876618846138,39.028908930016286,7.230675783751457,1,FRIENDS,MONICA
2_303,1,-1,Q2_criticism,203.8398578403573,38.48888772504091,146.84607740559628,0.0160599760836679,0.1310298421630046,-0.3769546134149734,0.1444043321299639,6.818847656250001,7.194272504280698,23.01782858946172,25.647362767968414,0.129491740572299,0.0608706562579273,0.4950592569762199,0.479918552797013,0.2678475561276833,0.0151407041792069,0.0832759613834757,5.516654243328511,1.07666015625,-5.918956439414782,-8.241934994945945,,,,,77.05353126405757,0.6085714285714285,1.005,2.01305976417634,0.765109201402881,40.28518235881926,1.98498707177192,1,FRIENDS,CHANDLER
2_178,-1,0,Q4_humor,191.4423386689064,45.3578356883328,378.691142786723,0.0191484468654845,0.1474955403678495,3.839435973379292,0.5177664974619289,6.7800693909020815,7.189398512639483,13.092030869448529,14.681658432311266,0.1149398894850747,0.0600284878937998,0.3335084995245085,0.3378680361779124,0.1925243804447558,-0.0043595366534038,0.0468441017563904,15.311325382394894,4.452582883577486,-0.1080626549363161,12.123308457575016,2.864111255832932,4.697275193736173,0.6071703932151118,0.7219280948873623,89.78848815074687,0.3811764705882353,0.7050000000000001,2.7923433068350865,0.5875305358821998,39.8763687629926,2.254322849157222,1,FRIENDS,CHANDLER
2_438,-1,0,Q4_humor,190.8867391025489,87.67214033998573,500.2299907767215,0.0240585367097882,0.1206046897776047,3.524254251969741,0.375796178343949,5.541633157169118,9.040515757849604,22.16830313278824,31.43897633596387,0.1333202313560282,0.0746918777804141,0.5467301923536437,0.3306527086915804,0.0798723063830871,0.2160774836620633,0.0429083096108491,9.400939583623424,2.374985638786765,-0.7523679377720534,-3.715540835499395,4.3355200630743616,4.324261223351232,0.6333295036764706,0.9182958340544896,77.83705955861501,0.2542857142857143,0.2981818181818182,3.210150748211877,1.148267984046331,39.91051241903371,3.645489545475404,1,FRIENDS,CHANDLER
2_167,-1,0,Q4_humor,283.775862910042,88.953611698289,443.2496000961714,0.0212684834295508,0.1383120658081962,5.045324997761456,0.431063122923588,5.7145808293269225,9.972667283041396,9.352785532041551,13.558702632651544,0.1164633827684638,0.0752929729271475,0.4985953473927959,0.3725237342157818,0.1003417438848247,0.1260716131770141,0.028409474073666,15.597172050542165,5.217660757211538,-0.4169802150652125,13.540544746096357,2.4282170379362085,2.4282170379362085,0.2484600360576923,1.0,60.273752916434674,0.3416,0.3625,3.3446428661450995,0.6841006291353907,39.3987403205275,3.9618482783361233,1,FRIENDS,CHANDLER
2_373,1,0,Q1_praise,184.899668717364,105.66040460604732,441.3831314610937,0.0231920998896428,0.1739052028398618,2.6678560074720203,0.3438914027149321,5.60760498046875,7.445640993830645,9.04244105789486,9.926646766990798,0.2442792170443301,0.3007671868387679,0.3576094241112681,0.4605221401588458,0.3571374662665914,-0.1029127160475777,0.1915316045954777,6.226851315359133,2.01873779296875,5.581881707697721,18.00803634998396,1.0053137993163936,0.0,0.4486083984375,-0.0,80.04661378721528,0.1885714285714286,0.32,4.612381221110247,0.5188465210589821,39.86076587817146,3.48071347876694,1,FRIENDS,CHANDLER
2_623,-1,0,Q4_humor,214.32403361570127,43.53948212691535,195.36987330416417,0.0164471037759675,0.1296850859726716,2.3866428359596434,0.3609671848013817,7.20633092629482,7.336808340332311,15.532229350583496,17.813713882278048,0.1158725338974001,0.065420963908136,0.2395780799500508,0.3710229723038118,0.276000740080539,-0.131444892353761,0.0874009318807998,11.386394288803356,2.916848232071713,-1.249915891043479,1.6098780120816478,,,,,88.00586758920092,0.2292307692307692,0.2575,2.088688892814196,0.4374279237913893,38.87320579679013,3.289759594460396,1,FRIENDS,CHANDLER
2_236,-1,0,Q4_humor,174.34898162540048,46.67595589855228,304.0319199578672,0.0191028684533827,0.1088936783687485,6.95008182585506,0.6552287581699346,6.663104363207547,6.6027729931690535,49.99131135420272,44.17029210819643,0.1119131612250044,0.0577703845411071,0.1464591443357448,0.227940526320409,0.2053253905882954,-0.0814813819846642,0.0547691465203342,17.852722563410424,4.387897995283019,-0.146146680053704,-2.4336722462830744,1.4631074956653918,1.6039601749488257,0.9750884433962264,0.9709505944546686,119.5710217647934,0.1223529411764706,0.1999999999999999,1.90932420174253,0.4066417932241319,34.538952399590585,2.2520603565958046,1,FRIENDS,CHANDLER
2_546,-1,0,Q4_humor,156.55658892912317,69.51039064353172,484.360901307796,0.0233619413220297,0.1431233543720208,4.011022229942605,0.478,6.350806451612903,8.935128170186006,47.13688077385046,42.9201895914157,0.1304608823444522,0.0602973192988021,0.2568909410943459,0.4466806364008436,0.0266028961489207,-0.1897896953064977,0.0829423406512399,12.623180795596433,3.572328629032258,-1.9375399104183115,-3.065726857925144,1.5441918796398717,0.0,0.3969254032258064,-0.0,99.4313321506304,0.1073684210526315,0.1022222222222222,2.996601131013695,0.584983333399572,39.154891783515495,5.342215065007005,1,FRIENDS,CHANDLER
2_242,-1,0,Q4_humor,181.229749149248,40.49268437461391,278.1435153719417,0.013082875510135,0.0998197272515389,2.179062297400656,0.2439613526570048,6.940735916639532,8.599478677686887,37.43333657447611,40.42235459333797,0.1012016890708954,0.0529282484235325,0.5322590268393451,0.6479613591182233,3.5456091556334844e-17,-0.1157023322788781,0.1247184063374291,5.244227093098175,1.4360143275805928,-0.4036441584607858,-2.247769748458012,,,,,86.14772224679345,0.4833333333333334,0.8733333333333334,1.4957106136891822,0.7509103005134592,39.67741845618307,3.3195177298326657,1,FRIENDS,CHANDLER
2_169,-1,0,Q4_humor,243.02230712390192,97.9006773009728,464.9917433696368,0.0209227224788487,0.1109320930801264,5.857457347198258,0.4741573033707865,7.047230113636363,7.772505628362972,6.277359170841548,7.654179987924233,0.0957558168009697,0.0534741070249781,0.1252807414517968,0.2408267365462487,0.1310214378131196,-0.1155459950944519,0.0910478905967006,15.72386895783712,4.138849431818182,-1.1728632273866642,-8.689478731409885,2.2504277269051616,2.563767615554545,0.4474431818181818,0.9182958340544896,69.14687343594004,0.1699999999999999,0.3033333333333333,3.1361407915455537,0.5206743311429766,44.25357811502512,3.4153723013136976,1,FRIENDS,CHANDLER
2_34,-1,-1,Q3_bite,240.83302674742163,105.99384707404046,403.03417554827365,0.0307733111433715,0.1385205983342135,4.885968255588511,0.6018099547511312,7.40203857421875,5.540899393789895,9.354033270615927,11.028905029094927,0.1327088718264345,0.0681345502898321,0.3396845755779184,0.3485771973216289,0.0131727269662708,-0.0088926217437104,0.0658263157201308,22.67287316386297,4.9346923828125,-5.293670495167103,17.204747621207794,4.832819073478303,4.450238619035908,1.12152099609375,-0.0,109.8959650039047,0.115,0.1949999999999999,2.035830587399744,0.4282816371243202,33.991990120680995,3.808476836012298,1,FRIENDS,CHANDLER
2_608,-1,0,Q4_humor,120.87960642530808,23.44351185422737,109.81589058108857,0.0259291194166582,0.1682733045505063,2.0886620104923748,0.3689095127610209,7.139350768716577,5.259024813987672,160.2599720120049,116.68697086012274,0.1465264589211608,0.0563872711657323,0.3069745937237039,0.5988377729022092,0.1374134865335648,-0.2918631791785053,0.0973902837564814,12.400003691699704,1.842413101604278,-1.0534355131483466,-8.338202072989095,,,,,85.47619047619047,0.2666666666666666,0.34,3.4066271693696755,0.5656015733803076,39.06019115311058,3.119212063474309,1,FRIENDS,CHANDLER
2_524,-1,0,Q4_humor,203.97269602276648,59.38877017702709,261.007812974836,0.0222143801048344,0.1648762364126045,3.221551578338085,0.4314814814814814,6.625600961538461,7.095192270633021,15.91633050163234,19.44816195226563,0.1284133311168039,0.0623419027854628,0.301050682467219,0.3649198000728116,0.0637900932109497,-0.0638691176055926,0.0626059867552227,13.33589615507785,3.864933894230769,1.5976924896415847,5.991487294577016,,,,,91.48005042884904,0.1893333333333333,0.196,3.0440362024107928,0.4726187345698723,45.62131625800281,4.211664006159742,1,FRIENDS,CHANDLER
