id,valence,arousal,dominance,f0_mean,f0_std,f0_range,jitter_local,shimmer_local,hnr_mean,voiced_ratio,speaking_rate_proxy,energy_std,dissonance_mean,dissonance_std,inharmonicity_mean,inharmonicity_std,major_fit,minor_fit,wholetone_fit,majorness,tonal_clarity,melodic_path_length,direction_change_rate,contour_slope,final_initial_diff,mean_interval_size,interval_std,num_notes_per_sec,direction_entropy,npvi_voiced,rpvi_pause,rpvi_pause_filtered,stress_contrast,ioi_cv,ioi_npvi,pitch_stress_contrast,sarcasm,show,speaker,audio_arousal,audio_valence,audio_dominance,text_arousal,text_valence,text_dominance,gap_arousal,gap_valence,gap_dominance,gap_total
1_60,0.68675,0.48875,0.65525,166.3719704804169,93.60443119630744,483.4535565144308,0.0169665511286724,0.1351394270829635,2.482382917125052,0.2663316582914573,5.485322719254603,9.892741571447736,301.4291652769151,298.0995659021149,0.1376390583755279,0.0565790041594629,0.4082035586129199,0.4172941662739169,0.1097642599896903,-0.0090906076609969,0.0867726819280289,4.26609201671137,1.4959971052512553,-3.142715026074602,-14.8240737982187,,,,,74.23663482487011,0.312,0.364,4.298544493024533,1.4458943526723829,31.064880921446186,6.328116030941823,1,BBT,SHELDON,-0.007420466767949385,-0.22610933521650722,0.11171761475146698,0.45135184840340237,0.47804019071033477,1.374681765778207,0.45877231517135175,0.704149525926842,1.2629641510267402,1.5170290171283387
1_70,0.6484,0.3932,0.6134000000000001,219.369202066898,64.94367773694363,424.2205099487169,0.0226695913265767,0.080565388468423,8.084333165326886,0.6296296296296297,6.981319824505857,10.511105941944782,126.76582986632329,136.98875580470062,0.1084281997356037,0.0679329139845863,0.3616794034411409,0.3143984963591943,0.098029217060675,0.0472809070819466,0.1535701764917862,13.368339458720031,5.98398842100502,-1.9932412338394223,13.311284706985074,11.324344568071616,0.0,0.6648876023338912,-0.0,109.12939695814389,0.15,0.16,3.0176165540644275,0.4794277180469328,34.817125588451766,3.545694790988624,1,BBT,PENNY,0.4293997697178151,0.864819053699927,0.49068537035291654,-0.4623069929438897,0.19807357779655985,0.9670224853253419,0.8917067626617048,0.6667454759033671,0.4763371149724253,1.2110274676135464
1_80,0.6827500000000001,0.417,0.46875,175.2013243525398,24.424304683843904,103.76891050093252,0.0172271588304468,0.1099944328548571,4.360663905256391,0.5125628140703518,7.230652675381067,5.526051199541505,685.7066148040724,946.9211832496994,0.1146515586300956,0.060198982859111,0.434214485672617,0.529366819453866,0.0099194829941484,-0.0951523337812489,0.179591708528271,12.8993252908666,4.986657017504184,-1.6872936023375178,-4.550595991636797,0.8539923366059649,0.9768155902603116,0.9973314035008368,0.9182958340544896,114.41509108175774,0.156,0.6399999999999999,2.732344729059961,0.4008326446053892,37.55168489941992,1.572495596589217,0,BBT,SHELDON,-0.4619828441932218,-0.25941101917002346,0.205504853449358,-0.23472896652771458,0.4488389794546615,-0.44200773970469565,0.2272538776655072,0.708249998624685,0.6475125931540536,0.9861718631957426
1_90,0.5597619047619048,0.4109047619047619,0.4655714285714287,192.16182214331732,44.17512084728939,343.8347445718556,0.0225351060472334,0.1226186717820935,5.16094391284802,0.6101468624833111,6.991291271341519,6.503726861378035,799.1616263527613,1076.045696102699,0.1118829467972113,0.0590968846279472,0.3298729203415824,0.4247065195742328,0.1185568917806439,-0.0948335992326504,0.0706013271515164,20.23981087344151,6.39203773379796,-0.0543617120843404,-10.623755244326723,2.453008383120608,3.987726590047299,0.9321721695122024,0.9957274520849256,79.96101458588568,0.1044444444444444,0.1547368421052631,2.553990365586889,0.4285810151245435,40.915196810734045,3.1419209769436303,0,BBT,SHELDON,-0.20955306075694863,-0.6725816782722095,0.1474467695377678,-0.2930122546054866,-0.44901135829048355,-0.47297008478090635,0.08345919384853795,0.22357031998172594,0.6204168543186741,0.6647301694200873
1_105,0.5892857142857143,0.3215714285714285,0.3888571428571428,186.468271051575,70.0015030668354,468.4612843071601,0.0238104928334748,0.1256895267813506,4.06560945004625,0.5819397993311036,7.313818760224043,5.426359239482951,885.56369474916,845.4946155796393,0.1224970484742928,0.0625709943275358,0.2449963022442781,0.3368120047856951,0.1294017353406675,-0.0918157025414169,0.0425167873829694,16.84128622185095,5.485364070168032,-1.4350387255776589,-5.984001661506039,1.8347089634602085,0.0,0.3324463072829111,-0.0,107.62055133449044,0.119047619047619,0.13,2.451774441482675,0.3150021322209951,34.11535450605407,3.675532109225253,1,BBT,SHELDON,-0.015557220814098549,-0.9645348625622396,0.1688061934746051,-1.1472266954953325,-0.23347860854622282,-1.2202410648225157,1.131669474681234,0.7310562540160168,1.3890472582971207,1.9350894894665671
1_162,0.441,0.337,0.543,114.73436671510822,36.019511249188284,168.9715120040209,0.0158728137794366,0.0762828913019595,7.388250694284658,0.5819397993311036,5.817810377450943,10.3196929815763,990.2393975220836,1414.9109828960134,0.1381510059918346,0.0584470343979838,0.3681716342724877,0.404202371725807,0.278580404233955,-0.0360307374533193,0.1958702872740555,11.251733788758273,6.150256684733854,-1.7554935427635965,-5.020258421570544,1.349202904942457,2.6702713135752085,1.4960083827730997,0.954434002924965,77.50146052849077,0.1261538461538461,0.1966666666666666,2.239854620450711,0.8188100185075396,48.46118452137944,1.9830232099242693,0,BBT,HOWARD,-0.559598699130818,0.06883485264944889,0.5479366184361808,-0.9996971225484714,-1.3160092258101395,0.28125872561490545,0.4400984234176535,1.3848440784595883,0.26667789282127535,1.4773614461122526
1_175,0.5392,0.4968000000000001,0.5514,163.00082610305378,38.43250826647005,247.3894148802446,0.0218535371908334,0.1031676041878316,4.6657308946730085,0.5329512893982808,7.266318605342397,5.7483498304243765,733.961149553702,688.1619693475445,0.1230367629968604,0.0668481679440221,0.2432873839197041,0.322456008120617,0.1860485240619825,-0.0791686242009128,0.0698173415879113,14.919254020572692,5.271642909758209,-0.6244606860431344,-14.8963336584818,4.104037892659228,4.504711616077299,0.7123841769943526,0.8112781244591328,96.1793616728573,0.2423529411764706,0.312,2.38337545868626,0.3997394040965709,46.49356344543766,2.797833587992762,1,BBT,SHELDON,-0.3577603735998051,-0.4032877021008572,0.30688225220405124,0.5283267691029916,-0.5991194894833415,0.36308281058035485,0.8860871427027968,0.1958317873824843,0.05620055837630361,0.9092079059128518
1_182,0.418,0.40275,0.4054999999999999,209.3687795483373,98.2505199597375,377.33177586530326,0.0355480409713459,0.1408236996117372,5.151102261185963,0.6305220883534136,5.784574468085106,10.025217574472428,626.3030803506961,635.787729113236,0.1425810308387091,0.0703876386301883,0.3671699205461081,0.3107401156739918,0.1598402396006987,0.0564298048721162,0.0727343827342906,22.660431849857275,5.984042553191489,-0.3932389725226312,-21.144331255684943,6.312385176490794,8.516621149474052,0.9973404255319148,1.0,60.6158296601845,0.0408333333333333,0.0233333333333333,2.436071402955228,0.8327957261924431,41.9517778895578,4.109426390071049,1,BBT,SHELDON,0.2909278414992045,-1.183818215389216,0.026599971186328324,-0.3709889193189118,-1.4839161905302654,-1.0581236175695414,0.6619167608181162,0.3000979751410493,1.0847235887558697,1.3056867376745152
1_213,0.67136,0.43596,0.57816,180.7366622884798,81.31524879296444,502.07156801299215,0.0263783402450026,0.1229574105017771,5.929527887384822,0.6536536536536537,6.496523402442231,8.459330894823777,849.6016600907034,1204.6234586402315,0.1336270502504487,0.0916695659837582,0.380300424449182,0.3677028806125038,0.1776790945740718,0.0125975438366781,0.0152465042506606,19.50368458216796,7.795828082930677,-0.1669700030292161,6.162753114081847,2.9533996736295016,3.856137826332143,0.8495453680116763,0.954434002924965,84.97975529984879,0.0821621621621621,0.1007692307692307,3.8486014019807495,0.5259068697524029,40.07671334060549,4.329747461716544,1,BBT,SHELDON,0.10051668339327038,-0.8210575509348765,0.2519922894307876,-0.05343151355079481,0.36568853040412874,0.6237509669702878,0.1539481969440652,1.1867460813390052,0.37175867753950015,1.2531044741926873
1_276,0.576,0.5511999999999999,0.543,147.97208568680028,61.482854426932434,493.9464668317126,0.0203410299568594,0.1148083388067995,8.396532661336366,0.7528230865746549,6.875,6.939667762235753,320.24569444866194,316.67615745007737,0.129797026607248,0.0629753343832379,0.2801461713162113,0.252084031566296,0.0526851944413149,0.0280621397499152,0.1822996504670493,15.202183088683835,8.5,-0.0335388494825266,-5.455585428321189,1.2245407533929291,1.405577765949164,2.125,0.8960382325345574,105.67175990913596,0.093,0.0914285714285714,2.7966467508254604,0.5023187605020545,39.20549636763192,1.554832597209722,1,BBT,LEONARD,-0.22116493541426072,0.38514278730501406,0.3766901500235869,1.048505115197105,-0.3304683459311406,0.28125872561490545,1.2696700506113656,0.7156111332361547,0.09543142440868146,1.460571288296354
1_340,0.5866,0.4234,0.5448000000000001,204.1356919875532,85.07815635596336,461.3273265793412,0.0245864673181637,0.1029538977337602,3.76327810361274,0.4682274247491639,6.648926145658221,8.879095831381928,827.8713156650673,862.6680429546161,0.1176579963924734,0.0611118503236308,0.4859888292930167,0.3650276214219554,0.2911498100987356,0.1209612078710613,0.0277459871607644,17.156732449369365,3.823132533753477,0.437084182751898,17.81851546706078,,,,,98.56379045487208,0.2661538461538461,0.545,1.887608067449088,1.0483813309607413,43.0274207826558,5.956109095133984,1,BBT,RAJ,0.3018767055771837,-0.710001353733958,0.2436034153363387,-0.17353151404605385,-0.253085136103604,0.29879245810750205,0.47540821962323754,0.456916217630354,0.05518904277116335,0.661688171014839
1_410,0.8062499999999999,0.4305,0.53425,193.27033648363965,75.67680559587599,517.2580781016784,0.0280516957120441,0.1464479435302033,4.790609597270292,0.6004016064257028,6.781914893617021,8.253712577728498,222.60937689725463,304.6382576930958,0.1270853917381769,0.0696596125763261,0.1098631398645533,0.234416907172893,0.273274794274062,-0.1245537673083397,0.0321633138344528,18.1566659440734,4.388297872340425,1.2269625752577935,15.443452188264995,,,,,94.27552334840838,0.0933333333333333,0.172,4.080614668101547,0.4478516190236681,37.5472182827362,4.421790632424758,0,BBT,RAJ,0.16222207611555495,-0.483520692864651,0.2731637609629529,-0.10564059019921168,1.3504263769735967,0.1960253037758949,0.26786266631476663,1.8339470698382476,0.07713845718705803,1.8550101359698146
1_427,0.605,0.359,0.3856666666666666,156.95475965518378,56.51611919336578,424.3934394924186,0.020840263628651,0.123707115438721,5.832293772496084,0.5100401606425703,5.984042553191489,7.784250689666098,108.09441235329504,121.00222923527002,0.1126572418611043,0.0527261501123035,0.4388063920223894,0.4093689703891837,0.4412613040609141,0.0294374216332057,0.0211619413210578,15.743875527421272,3.789893617021277,-2.107516238684585,-10.695271325993186,,,,,82.82760400471379,0.1661538461538461,0.2171428571428571,3.324097926476977,0.4729948816669504,31.4969480329996,3.168185583979483,1,BBT,SHELDON,-0.407903298654668,0.2883597593546132,0.09446173787044987,-0.7893308796427635,-0.11875956432750358,-1.2513193737379644,0.3814275809880955,0.4071193236821168,1.3457811116084142,1.4568321604137497
1_430,0.6015,0.291,0.3725,192.39177641512725,62.56050055277933,449.7271615633697,0.0247729007813742,0.1408669254726028,3.5972649674322272,0.3915662650602409,5.784574468085106,13.348431710954458,77.11694142642891,71.11024840727256,0.1152932760283992,0.0522265143756792,0.4958249526776541,0.2829639056528978,0.3475032129836099,0.2128610470247563,0.0797809440328772,11.517730889178594,3.590425531914893,1.2355933233332683,15.384733192632844,3.143942822328177,3.143942822328177,0.5984042553191489,1.0,79.09256951052618,0.2909090909090909,0.435,3.824968269754848,1.0531946480707628,40.230157617628166,4.0058944066597535,0,BBT,RAJ,0.22275188324689635,-0.22554462162132166,0.5120897064578681,-1.4395538122604072,-0.14431062417621798,-1.3795753799338077,1.6623056955073037,0.08123399744510368,1.8916650863916757,2.5195745646299414
1_467,0.7178333333333332,0.3984166666666667,0.53775,193.17027380634,111.69305325589198,514.2035614557809,0.0263733590778731,0.1594600026752587,6.183663841571266,0.6086956521739131,6.220372879819051,7.739800904012436,73.5173045379545,124.01613001263034,0.2319221238924802,0.2918365054188384,0.4730327701720216,0.4073734119795243,0.1749010995279634,0.0656593581924973,0.0345561789952102,23.750779902821552,4.776357747003914,0.2681030317714822,-18.53871778635827,0.5545392319734148,0.0,0.2221561742792518,-0.0,90.51714636908017,0.0494736842105263,0.086,5.134263168955221,0.7234131222171272,40.641146442410296,7.642373227236475,0,BBT,SHELDON,0.26282833371094105,-0.2436583339801968,-0.002025842698156269,-0.4124246944367025,0.7049579365096346,0.23011867251149845,0.6752530281476435,0.9486162704898313,0.23214451520965473,1.1873207471456584
1_506,0.5615,0.4385,0.593,162.38860445532063,76.94936809596233,470.9395462619329,0.022722331090674,0.137365816188537,3.3796119833990224,0.4547738693467337,7.230652675381067,5.271829065645898,158.37954589442575,144.3508562121521,0.1316645101469604,0.0558473020893461,0.6830113467014406,0.409846243542995,0.1175792702504431,0.2731651031584456,0.0706603394146494,10.042810093791903,5.485322719254603,-0.7727668534800682,14.53680005431304,1.851590286096304,0.0,0.4986657017504184,-0.0,100.67328577854892,0.2,0.36,3.915225473117353,0.4211019428216527,36.731786428417976,3.911725636790391,0,BBT,SHELDON,-0.08420410523420191,-0.22445585517415506,0.23892503270524856,-0.0291437745971359,-0.43632273673295874,0.7683068504092487,0.05506033063706601,0.21186688155880368,0.5293818177040002,0.572856286015006
1_507,0.5711428571428572,0.4022857142857143,0.4551428571428571,189.41894131755868,57.25880851722489,488.11235820182304,0.0237713541917075,0.1308092447873035,8.682320094657,0.6399108138238573,5.442826269841669,10.95961318860406,97.97699398225164,106.26002029548066,0.1081194477642195,0.0581676084289273,0.3578081259390608,0.4490286881197424,0.2112659292593448,-0.0912205621806815,0.034362512440038,20.546574080367503,5.998216705539799,-0.4385706835077675,6.885667411179804,0.3651953568929773,0.0,0.2221561742792518,-0.0,90.35815841488107,0.0903448275862069,0.1133333333333333,3.040101522254487,0.7288996983816474,49.830994829979694,3.140605819667466,1,BBT,SHELDON,-0.14723060654803466,0.37231788738867977,0.10891108299787389,-0.37542846665296065,-0.3659269595987443,-0.5745544079522994,0.228197860104926,0.7382448469874241,0.6834654909501733,1.0316030218934578
1_533,0.646,0.408,0.491,195.5458303828454,134.83233775996518,502.44923822850166,0.0304909831396747,0.1798453839126366,3.5898489658812025,0.3108882521489971,5.271642909758209,14.288827282322398,86.44631700458326,112.1178103350463,0.1727433869369175,0.0914368197479214,0.6567421334006778,0.5796262938875166,0.0431442591094746,0.0771158395131611,0.091347052206277,11.556784179622756,3.134490378775152,2.728240516292825,15.86900950987777,,,,,78.66026646212404,0.43,0.7514285714285714,6.230018992275196,1.0637440011543122,51.19418716205517,3.622791162377714,0,BBT,LEONARD,0.7907162428614047,-0.8866027622610277,0.4144432150656445,-0.3207878840800498,0.18055285104315572,-0.22527132417121268,1.1115041269414545,1.0671556133041835,0.6397145392368572,1.6683816166949148
1_536,0.5417500000000001,0.3249999999999999,0.45325,233.01837021167,116.24174126068236,459.43106415781006,0.0234043102429405,0.1230390385063638,9.711390663511423,0.5056320400500626,5.984022253506793,11.81955635778031,44.27688232442058,95.44734966820572,0.1139004006806885,0.0688942168359516,0.2399954780914398,0.3894403480944201,0.0133368903117435,-0.1494448700029802,0.1043350071681703,18.75837252850173,4.7373509506928775,3.197766928872348,8.700622997681283,8.760441865086511,8.760441865086511,0.3740013908441745,1.0,70.83035955906396,0.185,0.183076923076923,6.655168729140076,0.6417581844921901,41.239800646669785,2.682845761438844,1,BBT,SHELDON,0.7525096524104748,0.6319843969394157,0.20056507077456273,-1.1144423459515862,-0.5805037173078489,-0.5929926583909424,1.866951998362061,1.2124881142472645,0.7935577291655052,2.3633389644520513
1_537,0.571,0.4796666666666666,0.5613333333333332,336.17198210684927,82.43996683720341,401.4641556936213,0.0211341439245361,0.113425005501771,10.513834910472314,0.5,6.48265412275544,11.07962575254174,26.69175262522113,54.073308821874704,0.0776705813442838,0.0617649525987698,0.623033576140561,0.5229820839831124,0.1168634080697429,0.1000514921574485,0.0699550178183784,22.463522137804844,3.4906599122529287,-2.711001160817259,-5.482985913405599,2.9521210101305417,0.0,0.4986657017504184,-0.0,87.75195971286865,0.175,0.128,4.772274918078327,0.7098488677469275,41.04234214233027,2.912497960402304,1,BBT,PENNY,0.9259705172940385,0.9231442466337101,-0.21462230338165042,0.36449608902187786,-0.36696986000073323,0.4598430380394969,0.5614744282721607,1.2901141066344433,0.6744653414211473,1.5603049184435336
1_672,0.6935714285714285,0.406,0.517,194.40687848156267,72.55923052485252,492.6123384021761,0.0234294441915455,0.1097376424954781,9.738561835696236,0.5402010050251256,5.235989868379393,14.701685291988774,93.75332274081444,108.04404560988571,0.1016188626696685,0.0589182549590314,0.1710409051250551,0.2772593677449748,0.1421550537577206,-0.1062184626199196,0.1334303513939435,26.862089877252107,6.981319824505857,-1.2585498786255611,-2.0642988630028505,,,,,93.27805434397298,0.1775,0.235,5.456006055446158,0.4600674972795892,43.45667746558316,4.22222617368565,0,BBT,SHELDON,0.28148689294856144,0.7159326713049569,0.456336143568748,-0.33991208798056827,0.5278386849052786,0.027993700721846374,0.6213989809291297,0.18809398639967823,0.42834244284690165,0.777813145661305
1_971,0.46525,0.414,0.3874999999999999,281.07219431762724,73.75399702357699,262.61105544285385,0.0199591435205668,0.0958460284352223,5.109401945978843,0.6124497991967871,7.579787234042553,4.662309947960939,729.5157215157718,702.188113115405,0.1045447322885046,0.0645775175723447,0.3093966790488816,0.5846925375251706,0.019760376304381,-0.275295858476289,0.0896360662645522,15.705706282634454,5.784574468085106,1.3363733798383444,-2.9926659801782467,3.004550546588085,2.2949434851462147,0.5984042553191489,-0.0,90.62785897505124,0.114,0.168,2.119433452343116,0.4348747692059578,40.80299883341014,2.649963868773132,1,BBT,HOWARD,0.3781325965360509,-0.20140045791114358,-0.29509735745814836,-0.263415272378493,-1.1389768825726156,-1.2334609424955054,0.641547868914544,0.9375764246614721,0.9383635850373571,1.4734854725832702
1_1001,0.4806666666666667,0.3959999999999999,0.3823333333333333,182.46260415905948,51.90202195864502,267.1938536512867,0.0286008726052141,0.1220762846255523,5.643451268898045,0.4747474747474747,5.31910081867113,11.704786547030327,618.2538488967868,901.7271054561658,0.1216945900666284,0.0735789551771772,0.4506707267173642,0.6482585804027505,0.0789952505533364,-0.1975878536853863,0.0983146451828405,20.22826618483697,5.31910081867113,0.7456420965536928,11.70937381261664,,,,,114.6811249752426,0.24,0.25,2.832572515613692,0.7344701265415816,53.67516907194643,4.862658979978687,0,BBT,RAJ,-0.1870391977203767,-0.6463864590781242,0.18642838390214625,-0.43553310748316404,-1.026430547524705,-1.2837892487242537,0.24849390976278735,0.3800440884465809,1.4702176326264,1.5387405953044733
1_1003,0.6663636363636364,0.4040909090909091,0.5506363636363637,196.8114094530545,110.6577126769209,461.91543879468094,0.0324568357003144,0.1198158123238995,6.451272112943275,0.5796737766624843,6.125,9.759479446024107,646.170466447722,830.4866735755808,0.1260692766952538,0.0788783085065573,0.3639669591956792,0.3851859613474104,0.1041315201750934,-0.0212190021517312,0.0123243481373033,22.221408640362966,5.25,2.145483910166343,15.015745491773034,13.016822322391114,0.0,0.25,-0.0,71.94178431133118,0.1127272727272727,0.1616666666666666,3.545229529175866,0.6643848890850472,49.969202709903165,7.968589195767558,1,BBT,HOWARD,0.4230089167034978,-0.7364075343440816,0.1869312802315346,-0.3581670098856091,0.3292135628902236,0.3556442574016782,0.781175926589107,1.0656210972343052,0.1687129771701436,1.3320090914925498
1_1144,0.6003333333333333,0.3758333333333334,0.5835,178.12885948004327,59.32535218421105,324.0853344505039,0.0220490969626865,0.1142390079217713,5.764233230883637,0.5487106017191977,6.838888099145786,6.461715751503923,119.31414386283944,149.61403897482123,0.1092093892681221,0.0609333098832382,0.3463942081418005,0.5683405269933471,0.0202402610848595,-0.2219463188515466,0.0479289585993309,19.96234213369695,5.984027086752562,-0.8206727200338261,-11.517422107082671,3.822789690020791,0.0,0.284953670797741,-0.0,95.90795965889912,0.1928571428571428,0.38,3.5052870019915687,0.4938183833017369,38.638668701233335,3.193481828579209,1,BBT,SHELDON,-0.18002900403384361,0.32107668252916566,0.1545404625876162,-0.6283688301467283,-0.15282764412579028,0.6757677066983238,0.4483398261128847,0.47390432665495597,0.5212272441107075,0.8350279938447944
1_1180,0.6527142857142857,0.3635714285714285,0.565,152.29852102973703,49.44784748128657,376.6138123317539,0.0237026262685535,0.1179183144607691,6.732008828978832,0.5329512893982808,6.411457592949174,9.678821825941515,115.17632283610806,143.94861914287694,0.1315344844906898,0.0701703162944419,0.2871004017215037,0.4479179081578709,0.0523962517062245,-0.1608175064363672,0.1464815806583885,14.242683394270204,4.5592587327638565,-1.1094060672255956,-9.692265210995464,,,,,84.40128074690287,0.099047619047619,0.13,3.8364504992192265,0.6228918470052313,48.07984406982887,3.030797148904694,1,BBT,SHELDON,-0.19245807580000168,0.3102618257616716,0.5088145881626703,-0.7456184135844351,0.22956916993660828,0.49555990052441584,0.5531603377844334,0.08069265582506333,0.013254687638254492,0.5591720224995866
1_1185,0.8026666666666666,0.4019999999999999,0.5803333333333334,253.09410690193693,67.47058046008165,208.26500385307776,0.0188597170077869,0.1581044107818525,3.701680784552396,0.3232323232323232,6.981319824505857,10.464701262377464,67.6819999505378,79.21720645502519,0.0951388245818667,0.0657661224980043,0.2164565741256871,0.3107101608410509,2.943923360032078e-17,-0.0942535867153638,0.1148583515452976,13.633677137844796,4.654213216337238,13.401890800098569,12.835096223608058,,,,,168.58585858585857,0.5066666666666667,0.5066666666666667,3.1723731917854243,0.5800557625584442,36.89766884921268,1.6090708206273447,0,BBT,LEONARD,0.5732686942095229,-0.15038684102699207,0.3164612146812388,-0.3781604957816072,1.3242669585570557,0.6449213254613488,0.95142918999113,1.4746537995840479,0.32846011078011006,1.785415183246891
1_1189,0.6067500000000001,0.4855,0.4895,161.38439635500032,95.91703058855418,469.917794633103,0.0327465678321493,0.1688440567650512,4.408580484094834,0.5276381909547738,6.981319824505857,6.905041385253309,318.5585443836588,395.0049706728659,0.1538162501885819,0.0722583560246682,0.6143878476129293,0.5629855020596076,0.1958856361729669,0.0514023455533216,0.0916256177052924,27.71444278600784,7.729318377131485,0.6445412848645514,4.9014112597176975,4.187895040815892,0.0,0.4986657017504184,-0.0,91.07780111206507,0.116,0.1,4.076028091626256,0.5045372301490226,43.27088851372243,9.151014451720735,0,BBT,SHELDON,0.15058433282795408,-1.0658548225941875,0.3459207410753695,0.4202750170650588,-0.10598403440314515,-0.239882767915043,0.26969068423710474,0.9598707881910423,0.5858035089904126,1.1563955838432844
1_1262,0.704,0.2485,0.4285,133.2180142579471,55.4388872342478,410.3767603655656,0.0297157098241563,0.1647611960945859,5.632082553262331,0.5879396984924623,6.731986973630649,8.346675709738774,34.6997666393842,42.41475042044768,0.1462331259978968,0.064638624376686,0.1497620615380579,0.2942764924904185,0.0277885007188364,-0.1445144309523605,0.0835989903673757,18.463657089420074,4.986657017504184,0.0998881808577522,12.205936597487202,,,,,87.96971819030642,0.0475,0.056,4.627123238757717,0.3025768312277647,31.020816863898148,2.608167090007904,0,BBT,SHELDON,-0.24175747669313533,-0.43975139092366844,0.5656378604676259,-1.8459431451464343,0.603970414250429,-0.8340814801641425,1.604185668453299,1.0437218051740973,1.3997193406317683,2.371071719287602
1_1296,0.5934444444444444,0.4284444444444444,0.4904444444444444,194.4971751786884,79.65139333526429,432.23756969926296,0.0294873222607668,0.1614818909552797,4.224850026551396,0.5,7.147595606582588,6.9020556299320726,287.81922250059233,411.670553578084,0.1454698572420488,0.0774473191455818,0.5413228159680215,0.5122372512416865,0.0645335910551972,0.0290855647263349,0.0485530956380976,16.332955096283182,4.155578841036388,0.432246771341391,-4.198476942567487,,,,,95.47979086440624,0.0961538461538461,0.1688888888888888,3.7331646733247807,0.5784160103864662,37.685485411927694,5.359473720826589,1,BBT,HOWARD,0.18297325825909805,-0.8349944838007299,0.24328085229705945,-0.12529602198585646,-0.2031186190661174,-0.23068297000226126,0.3082692802449545,0.6318758647346125,0.4739638222993207,0.8479025665873637
1_1466,0.617,0.4986666666666666,0.5513333333333333,168.28512434365703,71.12250241206056,438.7695570556916,0.0286844982395921,0.1228689342711493,6.661391278677023,0.585427135678392,4.986657017504184,7.759830175293244,81.26761601599884,86.80107392034087,0.128008050488931,0.0661187110444967,0.1996961525764053,0.345808640769948,0.2107456009365871,-0.1461124881935426,0.0967459787319445,16.857941358591646,7.978651228006695,0.9347782995660112,-7.300618243125779,6.682358459619227,0.0,0.4986657017504184,-0.0,64.84186506686034,0.1733333333333333,0.38,2.7649106700052104,0.5037913234559338,46.776009802432206,2.1293364670845176,1,BBT,SHELDON,-0.5275393752873788,0.09066077289231927,-0.34477056444584964,0.5461760260768078,-0.031155930560481344,0.3624334130806291,1.0737154013641868,0.12181670345280061,0.7072039775264787,1.2914493943612488
1_1470,0.40875,0.40475,0.4675,208.5774254803084,55.31092736698381,229.16903328675664,0.0206259889293274,0.093973442524549,10.781734612545096,0.569023569023569,4.986657017504184,9.755531218435667,58.44960222697636,76.77039496826615,0.0919541668095337,0.0617599411531441,0.4244465126645968,0.3678384989905932,0.2440917632962262,0.0566080136740036,0.1509290711519435,11.520200304451016,4.654213216337238,-6.206328339728653,-17.715655541669456,3.731960856463993,3.172310616325164,1.3297752046677824,0.9182958340544896,56.48875502830878,0.1914285714285714,0.3,6.682611891133824,0.5431303116422004,53.217291142691145,2.087817155974579,0,BBT,PENNY,-0.3311126135739632,1.1386541462614908,-0.30566410829974755,-0.35186471541839287,-1.5514439915590115,-0.454183942824554,0.02075210184442966,2.6900981378205024,0.14851983452480644,2.6942748156198864
1_1478,0.5512857142857143,0.4409999999999999,0.4108571428571429,144.71281574058642,72.47082959839577,519.8709310412522,0.0185766851165045,0.1261571366896919,4.458218264648288,0.4658158614402917,6.0864675128848456,7.166473424819775,171.17905188075326,225.59982710529425,0.1414484328657095,0.0698556099782482,0.5287730138622299,0.4294112571591381,0.0852202266558424,0.0993617567030917,0.0797396903940329,10.581118957862866,3.542869149291179,1.2537611434543383,14.07323185578152,1.9864275407874483,2.663627463442829,0.6358995908984167,1.0,84.85556503993162,0.1370588235294117,0.1857142857142857,3.988497617832504,0.6378949476491418,42.89967125252179,3.2425091293673467,1,BBT,HOWARD,-0.34409718493081787,0.1483454618815646,0.12018864240686106,-0.0052385197214882785,-0.5108901154751265,-1.0059398899130032,0.3388586652093296,0.6592355773566911,1.1261285323198642,1.348177366945889
1_1484,0.748,0.4389999999999999,0.562,222.8164381652929,79.69643896482869,392.6934781910817,0.0228554435092953,0.1067096809689961,10.102357059157994,0.7311557788944724,5.485322719254603,9.51908993106104,124.249615716455,222.16419437775804,0.1134794228000291,0.0763438340048891,0.3049970329948691,0.5143912867017651,0.0149889497228676,-0.209394253706896,0.038130079453418,33.56091742055588,5.734655570129812,1.0367246971657365,5.729083543977357,12.716577317099444,11.930339127869235,0.9973314035008368,0.9182958340544896,130.00798073691115,0.1018181818181818,0.14,3.613264367031445,0.6216117581114956,45.352553697145645,5.578771077973186,0,BBT,SHELDON,0.051631676713776886,0.7684361329615232,-0.21555667857807084,-0.024362723622007226,0.9251837380628438,0.4663370130367563,0.07599440033578411,0.15674760510132058,0.6818936916148272,0.7037925598153848
1_1549,0.6255000000000001,0.45825,0.4585,176.033783966969,81.61474680427875,245.96198543566044,0.0213919225598149,0.1336226275637971,4.192825337179585,0.5020080321285141,6.582446808510638,6.633171228877133,167.30957781883978,143.03915293305312,0.1323859201169646,0.0651394732891293,0.417173106305619,0.6011789825080697,0.1121403260040641,-0.1840058762024506,0.0766534187600738,15.3136328365566,3.9893617021276593,4.705784043200249,8.142256331334952,,,,,75.72384880077188,0.1461538461538461,0.1514285714285714,3.716880856301321,0.5417744793581838,35.955537085377046,3.827926346297109,1,BBT,HOWARD,-0.055134688538711354,-0.06549844086132425,0.08807533133551547,0.15970773892048842,0.030896643357826475,-0.541852605287536,0.2148424274591998,0.09639508421915073,0.6299279366230515,0.6725016626272041
1_1560,0.605,0.4816666666666667,0.5665,170.89565272979831,52.43243462117636,434.57964468065313,0.0216674715429074,0.1453201300839993,6.666288049398071,0.6432160804020101,7.729318377131485,5.241056627443524,94.57183165271444,90.09904570631568,0.1255718810370198,0.0704886671525966,0.4237319874786761,0.357422323031425,0.1560216198535742,0.066309664447251,0.1425392337338714,19.91065171678744,9.22531548238274,-0.8786718779490609,-6.82607920528225,2.443745757545594,2.234839588995735,0.7479985526256276,-0.0,105.8871296420933,0.1475,0.37,3.2303680761028164,0.3850096750469562,36.48353076783509,3.090535787245081,1,BBT,SHELDON,-0.12221889139690273,0.11749273548866476,0.3824859155997237,0.38362029292239785,-0.11875956432750358,0.5101713442682467,0.5058391843193006,0.23625229981616835,0.127685428668523,0.5727058566624831
1_1627,0.5012857142857143,0.471,0.4754285714285714,276.69865648130406,120.84625783187118,472.40846748404215,0.0255659306909643,0.1120877994543701,6.150034970665945,0.5558343789209536,6.5,8.820258339073998,45.245799625527255,91.81806885312314,0.1032049165594526,0.0669067250513312,0.3938826270561608,0.5055992865101214,0.1082465688284254,-0.1117166594539606,0.0733357472393232,27.03225052349972,5.625,-1.8710374535647625,-12.114425520347115,0.0702043959042235,0.0,0.25,-0.0,88.78849602195189,0.0925,0.245,2.741631372306188,0.5321724662228741,42.02593998835548,3.656611542570242,0,BBT,PERSON,0.8317918528338833,0.32834374795422305,-0.18300208938688087,0.28162453878629645,-0.8759052561710516,-0.37695202589287974,0.5501673140475869,1.2042490041252747,0.19394993650599887,1.3381017581834846
1_1638,0.5242857142857142,0.5502857142857144,0.6777142857142857,156.2028847976566,49.30689280295076,240.36145065069115,0.0265008554488183,0.1556188676455155,3.8824660340745183,0.4824120603015075,6.731986973630649,14.70841426064312,115.53022617062936,120.12313822309554,0.1518238670509114,0.0727388224182806,0.2708681721150009,0.2996241962388539,0.0382390616079471,-0.028756024123853,0.145481523649649,16.17100167009535,5.235989868379393,2.7985599059719632,15.252553353559616,0.7931858853401081,0.0,0.4986657017504184,-0.0,62.03919725785051,0.0952941176470588,0.225,3.0415241228132976,0.3225458035177027,29.36722200241198,3.0353616639210963,1,BBT,LEONARD,0.36720650123626564,-0.47369249166650557,1.2175949565938187,1.0397626219854408,-0.7079982914509265,1.5935055304179515,0.6725561207491751,0.23430579978442095,0.37591057382413284,0.8053196277768132
1_1666,0.4927499999999999,0.45375,0.5205,171.3947965922124,27.06756946789729,113.28656633050213,0.0275255409053426,0.1195543848668827,4.629138728280912,0.367003367003367,6.316432222171966,9.291117059777225,103.97391362469878,104.2915017340217,0.1186282560130072,0.0602313415231292,0.2872177693007028,0.431710668993306,3.2870027493001614e-17,-0.1444928996926032,0.1638919941338594,11.209847101281206,1.662219005834728,1.7277797810960325,9.29546853569471,,,,,60.75108792136656,0.1466666666666666,0.1466666666666666,4.789468053671466,0.7113681670414982,51.75564678869952,2.155567518630657,0,BBT,LEONARD,-0.374257416992909,-0.04444032671059622,0.3304240262789591,0.1166782801443208,-0.9382185551898572,0.062087069457449934,0.4909356971372298,0.893778228479261,0.26833695682150915,1.054448719864258
1_1678,0.6355,0.4265,0.59125,150.74066815697876,52.22666130349679,368.9879360441074,0.021891083629997,0.1412570992068426,4.207253070811822,0.5200803212851406,6.781914893617021,5.833990828602237,82.89090257331996,87.91865912338702,0.1244730922816548,0.0555804526061095,0.248651641531466,0.3163387473275144,0.1903812393862834,-0.0676871057960484,0.1198922115428902,14.403122108364016,6.183510638297872,-3.3482778646500497,-26.509612065705703,2.068124699130773,1.8132433163113109,0.9973404255319148,0.8112781244591328,65.11693857530318,0.1545454545454545,0.3266666666666666,3.1243017019497774,0.3781310210329944,39.32851024625523,1.9687770858200504,0,BBT,RAJ,-0.41641137784883014,-0.06340539089847769,0.19413030592365157,-0.14388899800024957,0.10389967149701086,0.7512601660414474,0.2725223798485806,0.16730506239548854,0.5571298601177959,0.6423808157599098
1_1722,0.8180000000000001,0.5675,0.4974999999999999,135.62213467506444,47.81608043447225,333.6737583488219,0.028783886182202,0.1461186011906617,6.993142540052985,0.7138047138047138,5.31910081867113,7.601781439244142,122.53040454866527,118.04671635595238,0.1433128305913405,0.0642251191562143,0.2281302732648806,0.2630100271751069,0.1849065960950487,-0.0348797539102263,0.2096380885812707,34.96434508416489,9.973314035008368,-2.5186278380847487,-5.975856889792933,0.005440706196893,0.0,0.6648876023338912,-0.0,80.93214899135953,0.06,0.06,2.8162842326236426,0.3202151197368625,25.24374805603034,4.20209013801313,0,BBT,SHELDON,-0.7685623457561651,-0.1819849583592224,-0.07396425925956233,1.204367376986335,1.4362049350371402,-0.161955067947949,1.9729297227425002,1.6181898933963625,0.08799080868838667,2.5531808796841178
1_1732,0.495,0.464,0.497,255.8119523459752,107.11905171669012,438.0578779933761,0.0211254724397547,0.1263068454367462,7.781573837266063,0.6688963210702341,6.31647983837531,7.288443067953948,44.55755173343295,97.1130839727046,0.1045744940594768,0.0631570577573995,0.3299376285649743,0.3380156928000674,0.0392703797920412,-0.0080780642350931,0.0842731928666509,30.65893037842074,4.321801994677844,-0.3222522881927953,-0.371330924128781,1.1612823456646282,1.0172273198509445,0.9973389218487332,0.7219280948873623,74.86669643191371,0.0977777777777778,0.1199999999999999,3.9155098241549946,0.5127248386281235,50.55685788881781,6.00760985219828,1,BBT,PERSON,0.44528767323213425,0.5083815972634169,-0.33307326802742515,0.21468982513448068,-0.9217928738585399,-0.16682554919589135,0.23059784809765357,1.4301744711219568,0.1662477188315338,1.4581538634221447
1_1772,0.8180000000000001,0.4215,0.514,223.5389303269529,67.67548586869094,285.72151266725444,0.0190252486494906,0.109298716037861,6.74807964366188,0.5783132530120482,6.582446808510638,7.788876795941386,95.82607547561912,132.38773133718482,0.0990957649715349,0.0653381631143785,0.3493654528815109,0.381346900811289,0.2456686509952773,-0.031981447929778,0.0611410644819591,22.553445320941773,3.590425531914893,0.9490838654045652,8.61200040675294,1.890654245351273,0.0,0.3989361702127659,-0.0,74.10611965943518,0.1622222222222222,0.275,3.0019863121192785,0.4730113007562925,45.82916630265716,4.021746125256863,1,BBT,HOWARD,0.10839568067827243,0.6166742679830228,-0.010142177584358333,-0.19169950775154695,1.4362049350371402,-0.001229186765814286,0.3000951884298194,0.8195306670541174,0.008912990818544048,0.8727926888822035
1_1798,0.6031666666666666,0.411,0.4758333333333333,182.33575954169407,35.75895690562791,160.2638821356802,0.0199155655304171,0.1071758614437786,6.894803149971356,0.5678391959798995,6.48265412275544,7.799558576610812,69.9698939528447,60.15590317165434,0.1072637765850818,0.0562497619144203,0.5249471426117208,0.5359392476948558,0.0121027774825391,-0.0109921050831349,0.1067043655199465,14.27337585877999,4.487991315753765,-2.5630864786443124,-2.3248985788963505,1.4702111581050468,1.034668003349322,1.246664254376046,-0.0,81.14723677881571,0.072,0.07,4.509570323909938,0.3333333333333333,34.926408147144336,1.78439756282483,1,BBT,RAJ,-0.3463617470195052,0.6486753231701021,0.1591842237098728,-0.2921015782292714,-0.13214345281968767,-0.37300925535883084,0.054260168790233765,0.7808187759897898,0.5321934790687036,0.9464945990435386
1_1803,0.5861666666666666,0.3506666666666667,0.4315,180.0622978281496,113.10077691921816,472.0810423840613,0.0284559706948505,0.1604324826047852,4.578716880621775,0.5083612040133779,5.319140916526577,10.058935507145549,211.8301934620171,206.1612619118069,0.1496581684302717,0.0680099467811716,0.2965477749049504,0.3641189207635724,0.077100699306514,-0.0675711458586219,0.0558843814812175,15.057602634661732,5.817810377450943,-2.3502784580814584,-24.51512466854848,,,,,90.9430823918629,0.1875,0.25,3.053316105305284,0.9585027841673536,44.498567127422845,4.24057528780025,1,BBT,LEONARD,0.17809617650234982,-0.6565098598218868,4.39957999977351e-05,-0.8690150625615921,-0.2562486006563025,-0.8048585926764819,1.0471112390639419,0.4002612591655843,0.8049025884764796,1.3800431875484838
1_1931,0.364,0.4365,0.32875,182.6230088804104,113.529518924125,520.4293406396805,0.0266208300213714,0.1089564161207383,2.7676117974175445,0.3493975903614458,5.984042553191489,7.191565933530238,192.79929420792453,233.96009099674765,0.1269059778185441,0.0684426502129763,0.1933253699344797,0.4521553375769971,0.0844484294849363,-0.2588299676425173,0.1204956217689531,9.681253797035962,3.3909574468085104,4.463292090343971,12.357061955731725,3.885877864602817,3.105936288585593,0.7978723404255319,0.9182958340544896,64.24504788141151,0.2636363636363636,0.3114285714285714,2.695755365326516,0.6440432540415347,47.59514923403306,4.29570870733619,1,BBT,LEONARD,0.12193519884911125,-0.17625109947975415,-0.10532992906766869,-0.04826797849765485,-1.8781325424818651,-1.8057424891288587,0.1702031773467661,1.701881443002111,1.70041256006119,2.4117985906844983
1_1973,0.7506666666666666,0.4326666666666667,0.568,263.30112920141426,58.59556436425805,322.18650199736874,0.0157217260550865,0.1121439694154069,7.702533339168796,0.5060240963855421,6.382978723404255,7.619008350162923,39.23124338535391,53.05755167655449,0.0964274330747923,0.0585696718861053,0.2700339701644231,0.4978539662378453,0.3134187175600825,-0.2278199960734221,0.0532188030797581,11.281517654884365,3.191489361702128,-1.4754398619377551,-1.852592132594058,4.629915697015818,0.0,0.3989361702127659,-0.0,77.5231454777972,0.1635294117647059,0.2885714285714286,4.003131429243192,0.473522530179676,40.15513534960472,3.336024171706508,1,BBT,PENNY,0.10762311407478602,0.8776260684552224,-0.3053604674722494,-0.0849227026403158,0.9446512122332927,0.5247827880120766,0.19254581671510182,0.06702514377807034,0.830143255484326,0.8548123104278924
1_1987,0.6795555555555556,0.4387777777777777,0.5916666666666667,210.95481992210856,45.03614022654728,208.64968768153693,0.0150628864693748,0.0987116245140491,10.755790824078389,0.7625418060200669,6.150256684733854,7.905019766743224,38.737682591416885,53.588669791208766,0.0894478558480625,0.05385203834975,0.4806030348323233,0.422354536261901,0.0804952274452882,0.0582484985704223,0.0959194603264834,12.317584004842912,10.4720586794117,-2.5471181743622155,-18.01833811292628,0.7446731389963852,0.7621420667209112,2.327124150980377,0.3912435636292556,63.83822005989834,0.1766666666666666,0.43,4.201851032708865,0.5545785769024834,47.69280948817665,1.0402937490313269,1,BBT,PENNY,-0.24512121870703318,1.3340785486045057,-0.09772334800193117,-0.026487635166508917,0.42551856768797697,0.7553189004147332,0.21863358354052426,0.9085599809165288,0.8530422484166643,1.2652916503156784
1_2075,0.5848,0.4828,0.4758,195.1143244132654,47.7022114491142,189.6880846899848,0.0175401849608933,0.1217782939480224,5.920026402402859,0.6959798994974874,7.479985526256276,3.9430588451542974,24.95959466933605,27.406532614705533,0.1083175670988848,0.057154020652182,0.4809960909179277,0.6517281205049378,0.1662056238286334,-0.17073202958701,0.033846418931128,18.02105975576846,8.97598263150753,-3.110934687215208,-1.4724561067823991,1.653176692282437,1.9611272331711305,0.9973314035008368,0.9182958340544896,45.2502594856418,0.0822222222222222,0.48,2.2385310081097844,0.2746380140861119,25.61068212231204,2.478080710986981,0,BBT,LEONARD,-0.26034373056362525,0.5517442855297015,0.010015825250616025,0.39445734179935843,-0.2662256811686575,-0.37333395410869313,0.6548010723629837,0.817969966698359,0.38334977935930914,1.1157044250710215
1_2119,0.8453333333333334,0.493,0.6483333333333333,269.2653728943113,24.80439525878586,98.86201348069297,0.0126298100593146,0.1059520822863532,2.163425319096014,0.3819095477386934,6.981319824505857,2.7329078358304346,58.58359316551544,76.27501839853673,0.0829867084396302,0.0492297545305759,0.2476625766170945,0.3481174015459211,0.172223740956793,-0.1004548249288265,0.253692372147728,7.254473052179607,2.7426613596273013,0.9134170682243076,5.240275794945945,1.085344825561029,1.085344825561029,0.7479985526256276,1.0,71.9191919191919,0.55,1.02,2.369456689951696,0.3478684735842652,25.158004289962705,1.3683308152067448,1,BBT,PERSON,-0.4296883518375716,0.5279985880325626,-0.6964385184479549,0.4919907816920049,1.6357465452842461,1.307306775181656,0.9216791335295764,1.1077479572516835,2.0037452936296107,2.468115306002117
1_2198,0.5945,0.3539999999999999,0.4986,164.29418020501126,64.6254114642716,378.3291994032791,0.0207504543280174,0.1176215548892249,4.365720443370407,0.4780976220275344,7.480027816883491,6.012616485323192,80.4281300020006,97.09114370826724,0.1174541517482783,0.0551483720115519,0.2833093349389304,0.3057317415894922,0.0544824534219111,-0.0224224066505617,0.0663373985651185,15.103921285993438,4.9866852112556606,-1.1394732499105331,2.13406829908633,1.0627042409382224,0.1444894527417002,0.3740013908441745,-0.0,83.13928485862664,0.1384615384615384,0.1927272727272727,3.112924887050016,0.4456427792692071,35.62176235328466,2.573409333000238,1,BBT,SHELDON,-0.04419855697852976,0.2539715013736018,0.4136157990656418,-0.8371413893940614,-0.19541274387364763,-0.15124000920247244,0.7929428324155317,0.4493842452472494,0.5648558082681142,1.0722717097311814
1_2216,0.3746666666666666,0.68,0.518,229.99849533577893,101.1702274327946,404.15375346807497,0.0289561019321268,0.1398486057603237,6.19992768887539,0.6683417085427136,5.983988421005021,6.114230502650361,51.80537245448826,90.23141675930108,0.1229336529586978,0.0765990696783478,0.3843276737507594,0.548440673554622,0.3046358979224712,-0.1641129998038625,0.0235461578348217,32.99225709385597,5.983988421005021,-2.070953635660037,-15.175238827206554,8.336699739028669,8.336699739028669,0.7479985526256276,1.0,100.86769325009745,0.06375,0.0766666666666666,3.4967772442229816,0.5654189019563447,34.267235640997924,4.723892759873367,0,BBT,LEONARD,0.09657531538448907,-0.10965643914225234,-0.47210500589996124,2.280103846390525,-1.8002626458000681,0.037734663217733264,2.183528531006036,1.6906062066578158,0.5098396691176945,2.808181383015233
1_2354,0.4188,0.5588,0.4256,181.09610414564528,33.29614714624873,159.28619287229577,0.0167933373704284,0.1032497090723283,5.935380649567513,0.5251256281407035,6.731986973630649,6.992980902417803,49.06549162635452,64.17188266348295,0.0983679887041567,0.0513880390881042,0.2949855538634139,0.5000222314868895,0.1341789882548175,-0.2050366776234755,0.0959484288366958,12.590649056194618,3.24132706137772,1.7414449122466829,16.137668831031224,1.3290207672990189,0.0,0.4986657017504184,-0.0,83.94233427456018,0.14,0.16,2.8539718493780595,0.3840493671691594,38.36596598334585,2.8595621868288563,1,BBT,SHELDON,-0.3737995820227209,0.7527239305938147,0.1630561290998985,1.1211770900190774,-1.4780759482791306,-0.8623302714022146,1.4949766720417983,2.2307998788729453,1.0253864005021132,2.874515719188781
1_2361,0.841,0.4755,0.601,242.1590529270008,65.92362971500826,367.2416989351289,0.0222910673999598,0.1553876399367832,4.401107299186709,0.5653266331658291,6.731986973630649,7.034667394164057,50.301079267328575,65.21011610168775,0.120173301129409,0.0686978091002922,0.4014584917272725,0.4483172991687564,0.1330615738530874,-0.0468588074414839,0.0916619875679858,21.3270125309789,5.235989868379393,0.5931055772035916,4.398779328297682,17.296474885709706,0.0,0.4986657017504184,-0.0,116.4741102273202,0.1488888888888888,0.215,2.5709769258687225,0.6276032830403018,33.2573840324761,4.609205660277024,0,BBT,LEONARD,0.13775598776243358,-0.17333371787011537,-0.13724379191204994,0.3246539975624641,1.6041118997572654,0.8462345503763438,0.18689800980003052,1.7774456176273807,0.9834783422883937,2.0399689800191374
1_2420,0.6128,0.3654,0.5128,203.57194569079343,63.953965135902,318.9080454410073,0.0192952085120722,0.1367486195904544,2.1036601117439773,0.4296482412060301,7.230652675381067,3.8226872135278094,58.15712920760822,52.86380302658557,0.1111467819483243,0.0436253746420513,0.5281812489645813,0.6932602868403647,0.0977993260651702,-0.1650790378757833,0.1412916285119457,22.283095695794657,4.487991315753765,-4.015954193223487,-8.495733174730706,,,,,78.86150716814332,0.38,0.5933333333333334,2.850901177355321,0.4367342923394763,29.970673410655195,3.621024444836519,0,BBT,LEONARD,-0.17182023738490748,-0.0765687705650115,-0.14168762952703862,-0.7281334271611027,-0.06181720237893896,-0.012918341760878334,0.5563131897761953,0.014751568186072546,0.12876928776616028,0.5712123102268697
1_2423,0.839,0.322,0.6246666666666666,139.26578292825874,63.28286139288959,451.5765179445993,0.0286020465049704,0.1531676382753674,3.719257761246841,0.5458452722063037,7.551272276140138,4.746748436374096,90.1573857069934,90.80552047809864,0.1402492704999687,0.0651150645599229,0.2224000243154836,0.2912438780045753,0.05658363347625,-0.0688438536890917,0.1420175769471946,14.719483774419134,5.556596580555951,0.1952110472381529,15.176686996435013,1.9121113263111296,1.9048506347230088,0.8548610123932232,0.9709505944546686,54.97956109673186,0.094074074074074,0.1181818181818182,3.4776221827644545,0.3125940914334269,34.91957533489148,1.914902027816467,0,BBT,SHELDON,-0.24363859408571797,-0.5166064235164938,0.41328382636417665,-1.1431286518023636,1.5895112941294283,1.0767706627789995,0.8994900577166456,2.106117717645922,0.6634868364148228,2.384329882086141
1_2464,0.7430000000000001,0.4069999999999999,0.4155999999999999,265.0525164785484,44.681414464679285,241.27981028574072,0.0143033616070274,0.0850406834224078,6.977578329204373,0.5276381909547738,6.731986973630649,6.93691299924679,39.84912920070112,68.53966122428041,0.0791110392888159,0.0489747389375311,0.3768743940252467,0.4020417251488358,0.1253986272844153,-0.0251673311235891,0.2774219062472922,6.1565992000189205,2.7426613596273013,-1.8790517152016328,1.599359654028735,1.3988347505739096,1.7232653223870964,1.7453299561264644,0.9182958340544896,79.7797202797203,0.1088888888888888,0.1099999999999999,2.8360561834491835,0.4059734343695472,40.29562504783151,2.095586079496803,1,BBT,PENNY,0.03326251818570922,1.1571525760550234,-0.26349893606103475,-0.33034998603030985,0.888682223993252,-0.959739896361084,0.3636125042160191,0.2684703520617714,0.6962409603000492,0.8300854522023324
1_2575,0.5426666666666667,0.5193333333333333,0.5453333333333333,196.9495225850836,85.87742969417046,332.6326971132762,0.0302919079434351,0.152922518928894,6.2880446866194415,0.5925925925925926,6.316432222171966,11.602598692712764,239.78955935591364,290.4242840283844,0.1481715620861586,0.0767128020714182,0.5143707941971308,0.5701616863864711,0.1481522127364899,-0.0557908921893403,0.0270690930552712,25.87622517183545,4.986657017504184,0.7830654978522311,7.2699640662046034,2.5919463157616143,0.0,0.6648876023338912,-0.0,80.69337617062784,0.1425,0.1466666666666667,4.441527333361488,0.2635729489778726,27.1876000466711,7.897008792886259,0,BBT,SHELDON,0.4330709444900932,-0.5244987579682883,0.4812870992664176,0.7437927997155039,-0.5738117730617569,0.3039876381053078,0.31072185522541074,0.04931301509346864,0.17729946116110978,0.3611300924879422
1_2580,0.6834285714285714,0.4887142857142857,0.561,141.97412231401594,67.25510072050038,460.5806606082924,0.031295015360507,0.1528663927903238,5.701002116005556,0.6254180602006689,6.648926145658221,7.240310938794916,294.9015154918181,319.12316366920663,0.1516828918624276,0.0621521994278006,0.230954433273038,0.3693601816213478,0.1443004577538448,-0.1384057483483098,0.0813933129386699,22.92999092466046,6.150256684733854,1.893131041538971,8.90588697733784,2.4096363819966107,3.6338773019429,0.8311157682072776,0.8112781244591328,104.44949547430346,0.094,0.1155555555555555,4.0735027141249525,0.7035188801811132,36.29918574523277,4.626186815466124,1,BBT,HOWARD,-0.2316925365278601,-0.6863425230676965,0.3568719984208805,0.4510103447623215,0.4537927563641053,0.4565960505408694,0.6827028812901816,1.1401352794318018,0.09972405211998886,1.332642700088129
1_2614,0.7525,0.3385,0.5035000000000001,147.10630076191427,53.07092181153744,425.832499495914,0.0224822586537285,0.1202260480721855,6.552344599898022,0.6708542713567839,6.23332127188023,7.625867844988215,164.48563472018586,190.2783678369744,0.1256801361063046,0.0591788410778518,0.6150516632366947,0.4079968405942447,0.0455723951349775,0.2070548226424499,0.0876136456369451,15.059333926340107,4.487991315753765,-1.630428308756247,-2.5736055382835588,1.873224896537888,1.4899723855023947,1.246664254376046,0.8112781244591328,64.79989007009078,0.1155555555555555,0.1933333333333333,2.944288037133388,0.5311429611112767,53.95221877168319,3.677509404178649,1,BBT,LEONARD,-0.4174317105120997,0.2579730121429068,0.2194961343403169,-0.9853539696230822,0.9580351007254768,-0.10350929297262605,0.5679222591109825,0.70006208858257,0.32300542731294296,0.9575777390572157
1_2616,0.4286666666666666,0.4306666666666667,0.5286666666666667,188.3876260530701,64.49029661492338,327.68769709430694,0.0249529257827939,0.1412171231321612,3.2952218681809664,0.4558232931726907,6.781914893617021,6.702690671785017,113.39644127519576,137.1423243213521,0.1151431117357334,0.073420068030945,0.2955222326183074,0.3400718437797629,0.0679627666030584,-0.0445496111614555,0.0469486090988355,16.183720678302485,3.789893617021277,-2.648945878451989,-20.46312864126777,0.7576046460997645,0.5095246107281182,0.7978723404255319,-0.0,91.65243064939112,0.2975,0.58,2.685943251104486,0.5388681938981508,38.46710006562303,3.2077172513688,1,BBT,LEONARD,-0.09190205941504132,-0.3089566727084154,0.11060787173818463,-0.10404690654083476,-1.4060462938484684,0.1416382631738604,0.012144847125793445,1.097089621140053,0.031030391435675778,1.097595562726811
1_2664,0.6924999999999999,0.45025,0.5517500000000001,193.8887091570658,97.46219542169412,500.0018263839741,0.0274862727347221,0.142352786429247,3.723992018250146,0.3835341365461847,5.38563829787234,12.456117418460735,126.68240608881185,114.9244555643984,0.1226468588173347,0.0646298531233601,0.2819371100325606,0.4106452347895181,0.2004459314343183,-0.1287081247569574,0.022983535070933,16.53781529799087,1.9946808510638296,-4.366940228360502,-15.519369889518984,,,,,50.2789648622982,0.2116666666666667,0.2725,4.049098922082475,0.5077228815263871,38.94266316575256,4.537814404604671,0,BBT,LEONARD,0.33203167810572404,-0.399578338381733,0.2451923880033069,0.08321092331841265,0.5200169318903657,0.36649214745391595,0.2488207547873114,0.9195952702720986,0.12129975945060906,0.960354549508939
1_2669,0.5065,0.4785,0.514,135.99991438209304,36.85025138831141,159.8758907915145,0.0162686346277942,0.1105912802495221,9.595798316065832,0.5125628140703518,3.9893256140033473,15.2066210384765,119.35903297354312,113.16422589633,0.1267481632661205,0.0560102135554647,0.192320218642497,0.3195212212014533,1.932823510151377e-17,-0.1272010025589562,0.0993703604033041,12.505355068089962,7.230652675381067,-5.715679241808195,-9.577697300122471,0.8049152482534083,0.0,0.4986657017504184,-0.0,83.33333333333333,0.4599999999999999,0.4599999999999999,4.639620209069185,0.3060253973011402,38.29081846628431,1.6444599183869972,0,BBT,LEONARD,-0.5529071544779434,0.9514550611762657,0.334731405348388,0.3533403034132425,-0.8378393914984773,-0.001229186765814286,0.9062474578911859,1.789294452674743,0.3359605921142023,2.0336490879108347
1_2778,0.72925,0.41675,0.64175,148.74107027539011,28.98280832595027,194.44136007525373,0.022825684176381,0.1092141180454124,2.97868062235092,0.465863453815261,7.38031914893617,5.482922904093317,96.8005441042664,122.19506670740168,0.1351252740823934,0.065213319795518,0.3858866769163275,0.370562699745989,0.1823866416809494,0.0153239771703385,0.0358047785859844,12.016481813457542,3.789893617021277,-0.4306934860227904,-0.3735611169234474,3.257206642196337,3.694632033514848,0.7978723404255319,0.9182958340544896,44.2518905711982,0.1933333333333333,0.32,3.6360242855246616,0.3788947507636829,44.60646878867095,4.247281446756328,1,BBT,RAJ,-0.4834345668813831,0.11085730993120971,0.38957917262758573,-0.23711949201527918,0.7883030603018715,1.2431787720837346,0.2463150748661039,0.6774457503706618,0.8535995994561489,1.1172448867608487
1_2792,0.5958,0.4262,0.4958,291.3147772268904,62.29349778664835,241.26709972062625,0.0194242007319139,0.12735206302418,5.708868871136454,0.5454545454545454,7.313763625672803,5.390791237900533,41.66259570726844,65.9766928789427,0.0805401855570105,0.0516310307294406,0.4406599826147351,0.4443290571700292,0.1545078607873814,-0.003669074555294,0.0525350524543788,17.71627585874688,3.6568818128364016,-2.910594357331825,-8.368814209159817,,,,,61.07867070273085,0.1475,0.2066666666666667,2.9739009201159017,0.4159474890953387,42.25471956997556,2.3640263359406646,0,BBT,PENNY,0.30853626157027236,0.3758141929923191,-0.35975267197969224,-0.1467576285853271,-0.18592235021555378,-0.17851470419095541,0.45529389015559946,0.5617365432078729,0.18123796778873683,0.7454446132049923
1_2797,0.6506000000000001,0.3888,0.519,169.00085610015427,46.60628969085965,313.95307922107185,0.0277860322249237,0.1311615285057407,5.57516506427618,0.6608040201005025,6.48265412275544,7.304347244990824,33.343474705356456,45.08063409815088,0.1263098521785602,0.0653081435129046,0.144087454587377,0.2863646204292755,0.0865304616806641,-0.1422771658418984,0.0636956086352492,18.86037917960964,6.731986973630649,1.3533007137318185,-1.6238443457513014,2.124182092840371,0.0,0.4986657017504184,-0.0,83.91616365300577,0.1246153846153846,0.18,3.381655717349291,0.4817428012904541,37.1291849736545,2.567540126845264,1,BBT,SHELDON,-0.34845384123395096,-0.0050981560696625045,0.16616500386291294,-0.5043802415250315,0.21413424398718123,0.04747562571362015,0.1559264002910805,0.21923240005684375,0.11868937814929278,0.2940460100526516
1_2819,0.6923333333333334,0.5653333333333334,0.5586666666666666,189.69233988257537,94.8933332902322,382.43468030617055,0.0239955406782117,0.1414300887165783,5.73381660812804,0.6507537688442211,6.48265412275544,8.979385099223023,47.62832268705832,74.5409900224826,0.1305912768264007,0.0561904805876229,0.486594895697075,0.6327155706409503,0.1737488971052277,-0.1461206749438752,0.0273113997761443,28.20023738134109,6.48265412275544,-1.3272315192549136,-2.620781366730124,,,,,79.39001731359376,0.0854545454545454,0.032,3.563528990202863,0.5276239950118427,50.70709349735092,4.488569906574675,1,BBT,SHELDON,0.2931813588506319,0.035265954639599716,0.26462403888462305,1.1836494894274399,0.5188002147547135,0.43386713805046595,0.890468130576808,0.4835342601151138,0.1692430991658429,1.0273179152011733
1_2830,0.6336666666666667,0.3896666666666666,0.5085000000000001,249.1707507594111,88.09001704261826,386.90831699029394,0.0334879673857434,0.1998264844172638,1.554312330668166,0.4013377926421405,7.313818760224043,2.6976777706114548,35.297121252490456,33.67507463307411,0.238393007650272,0.1737063941445394,0.4761004336012134,0.4507106219704029,0.1760568230980009,0.0253898116308105,0.0868695555642929,12.650742633883365,3.3244630728291105,0.3499430351357077,2.677924828006212,,,,,92.70670821395458,0.1389473684210526,0.2355555555555555,2.26464979581584,0.2312002200743776,30.85757657309497,6.752836903711607,0,BBT,RAJ,0.1274466711682259,-1.3497875102742942,-0.4736498315273235,-0.4960930865014737,0.09051578300482759,-0.05480448049319162,0.6235397576696996,1.4403032932791218,0.41884535103413184,1.6244096878892271
1_2837,0.8136666666666666,0.5339999999999999,0.478,247.603733986766,79.41530632758081,212.66806354905944,0.0256651300400338,0.1739766411769391,-1.5321688771766373,0.135678391959799,8.97598263150753,2.1699456708414995,61.85520343705205,40.82319114074109,0.1390899515858817,0.0690531088122942,0.5687529310267883,0.4782349143877996,0.1960392117639213,0.0905180166389886,0.3295242734989644,8.20602072687488,0.9973314035008368,16.720780158355286,10.678847850302034,,,,,90.45464339581989,0.77,1.34,1.1652607713454337,0.3113876967018186,33.1037863933398,4.647274862652631,0,BBT,LEONARD,0.4742368877997278,-1.077208229574358,0.10323852004001344,0.8840369616526422,1.4045702895101595,-0.3519038366177422,0.40980007385291445,2.4817785190845174,0.45514235665775565,2.556230678781391
1_2842,0.7399999999999999,0.4303333333333333,0.524,133.87223861344447,66.66591971494373,262.18949801431444,0.0171555180277242,0.2148009366063022,1.4223985714157712,0.1706827309236948,7.978723404255319,2.948213328366855,54.10262218600529,41.61221681634608,0.2171077436397899,0.1458712728262817,0.3261408144870156,0.2516518090687545,0.1362229827559499,0.074489005418261,0.1181287390240428,9.06533494797606,0.7978723404255319,-2.1813345784710187,-18.097524358373104,2.464769847966206,1.880671797430498,0.5984042553191489,-0.0,44.89417989417989,0.1175,0.09,3.465551977857481,0.2791396114332561,30.967191475969685,7.103977480304823,0,BBT,HOWARD,-0.2755375952773247,-0.8860318573722661,0.38614602046843444,-0.10723427385758862,0.8667813155514948,0.09618043819305458,0.16830332141973608,1.7528131729237608,0.28996558227537983,1.7845896071871192
1_2853,0.7000000000000001,0.5005,0.6010000000000001,130.78450173676586,36.11135839657396,310.34033431617775,0.0213700371136807,0.1198675303370181,4.81495988574575,0.5305917753259779,6.796362944093411,6.50262087647847,47.82932793115078,50.599318156476855,0.1417308694360442,0.0592991306325204,0.2941546616986422,0.3452483663453694,0.0232272180132683,-0.0510937046467271,0.1643225453748527,11.441887785614806,5.197218721953785,0.1154946938011353,19.76574879228929,1.6614128482591308,2.049423217010705,0.4997325694186331,1.0,80.60461205307232,0.1,0.118,3.434706383970377,0.6803711331115253,39.2230596813891,2.1115007928904537,1,BBT,SHELDON,-0.5643750973427253,0.2865110749053278,0.3800148911337671,0.5637065463189503,0.5747692029947558,0.8462345503763449,1.1280816436616756,0.28825812808942797,0.4662196592425778,1.254201624078168
1_3064,0.5775,0.505,0.54725,155.62648184553692,81.8681091709202,489.745290211049,0.0233226383350316,0.1280501259654347,4.45390236847145,0.5401606425702812,6.981382978723404,6.196955436409787,49.205751962619765,50.40434242455712,0.1403382255586714,0.0578524560359927,0.2354842125692125,0.478713442393795,0.0109507285351383,-0.2432292298245825,0.0971297298907953,13.775927580272926,4.388297872340425,0.4015071063973679,-12.2579661165372,1.6483431465379486,1.6483431465379486,0.5984042553191489,1.0,86.72324498949887,0.0926315789473684,0.0574999999999999,3.116801082034556,0.3406120951564952,40.25759745907187,4.747680048214359,1,BBT,SHELDON,-0.05505269246643435,0.08449078296015028,0.2893780413234314,0.6067360050951186,-0.31951789171026246,0.3226578162224244,0.661788697561553,0.40400867467041274,0.033279774898992975,0.776076563778657
1_3069,0.4178333333333333,0.5356666666666666,0.4531666666666666,172.58476776777275,93.066248673057,451.1241688454329,0.0278909915578304,0.1418633447571768,6.704538921773791,0.4447236180904522,5.734655570129812,9.454459076127062,31.406727457782548,32.75221050563799,0.1327219121245819,0.0790536172152808,0.4585644164033062,0.5501749427555847,0.1718147118350231,-0.0916105263522784,0.0540703303291369,14.032460418577566,4.238658464878556,-0.5950750383035203,-7.439714912695486,,,,,51.79950768186063,0.1329411764705882,0.1159999999999999,4.848948430441972,0.9197108318752846,45.20642622609949,5.031604498889124,0,BBT,SHELDON,0.0428322759342539,-0.016283645095895513,0.12272269119171537,0.8999737982364083,-1.4851329076659188,-0.5938044052656001,0.8571415223021545,1.4688492625700234,0.7165270964573155,1.8454324223239678
1_3125,0.7186666666666666,0.4571666666666667,0.5335,212.4786181772469,57.23041503119542,277.4357117986678,0.023980990353303,0.1262112371804786,7.580846493902521,0.7492836676217765,6.553934428348044,4.611972154126705,27.299794608307216,43.397155157053824,0.1099445485342228,0.0628251190642453,0.4437265271296484,0.3452418195083407,0.0964355910776756,0.0984847076213076,0.033312693829276,33.645348494738755,7.266318605342397,-1.5214049248551202,8.035254671612249,2.291195681991807,2.291195681991807,0.4274305061966116,1.0,103.59973826930376,0.0694736842105263,0.0799999999999999,2.122689111621148,0.395475667877532,37.10763398111533,3.4541768398511468,1,BBT,HOWARD,-0.3176952178933945,0.3963523991796365,-0.3486561559873473,0.1493487951410413,0.7110415221879001,0.18871958190397947,0.46704401303443577,0.31468912300826357,0.5373757378913268,0.7784163654017483
1_3177,0.7626,0.5094000000000001,0.5866,192.4106874197128,52.34028164181801,218.2190074335148,0.0271805402160872,0.1582223295200988,3.3600214786709173,0.4457831325301205,8.178191489361701,3.9310790442236994,29.69248275587677,36.51779384835998,0.1094017455299279,0.0628149963686777,0.3610079751814802,0.3132141677934301,0.1806151389926845,0.0477938073880501,0.039668548420487,22.416679509647423,4.1888297872340425,-2.958126524740202,-17.23711299195714,,,,,84.15538567712481,0.2709090909090909,0.635,2.690496641567898,0.3534309478569287,31.87754454522428,2.477065374274386,0,BBT,RAJ,-0.032616219998663154,-0.47334291279671165,0.28784840815757123,0.6488092536762609,1.0317681591460537,0.7059646904355731,0.681425473674924,1.5051110719427654,0.41811628227800185,1.7042656015315725
1_3204,0.7606666666666667,0.336,0.6176666666666667,220.6563419501866,81.43319122892991,499.5109077798955,0.024492160772444,0.1319947265665497,4.0494272051602245,0.5232120451693852,7.75,3.525418815893198,40.10950782717178,42.70864302793919,0.1305228401800109,0.1290632163233609,0.2436205886352067,0.3984352297955473,0.1241322447684554,-0.1548146411603406,0.1410775415404022,24.668881985162383,4.125,-0.4904501794355913,-11.527520202155443,4.721317128888263,6.041912873960713,0.5,-0.0,96.27373437780678,0.3485714285714286,0.7100000000000001,1.703253254998782,0.339144818578635,31.28804193658784,4.051609828467976,0,BBT,RAJ,0.16298694894689117,-0.03175159710894321,-0.0652680509080279,-1.0092592244987308,1.0176542403724786,1.0085839253077922,1.172246173445622,1.049405837481422,1.07385197621582,1.9048810382070083
1_3256,0.6124,0.426,0.5008,173.43294246864107,32.292739159166175,181.1926790155028,0.0221049166740382,0.1065047810505486,6.102430140593059,0.5200803212851406,5.984042553191489,10.83289498836106,24.65206260226256,30.551518843351424,0.1056030472305125,0.0606993896867357,0.1324128494979931,0.2913415369527282,0.2562488530553892,-0.158928687454735,0.1138384663169732,18.26696395101409,4.587765957446808,-0.8124979845386051,2.8331895729982826,1.0650390608119151,1.0650390608119151,0.5984042553191489,1.0,68.10464724780736,0.2155555555555555,0.27,3.614349190589348,0.6734169574229663,42.06916592328703,3.06929988570042,1,BBT,PERSON,-0.27746259936008977,0.5486298895005395,0.37957144547190763,-0.14867004897537933,-0.06473732350450605,-0.12980989171152096,0.12879255038471044,0.6133672130050455,0.5093813371834286,0.8076361839931101
1_3259,0.6952,0.5678000000000001,0.6266,193.362484227381,78.29379656315267,505.7015016796617,0.0235856297734187,0.102630703848035,6.225752286386895,0.5016722408026756,6.331450966958677,8.872326946889954,30.790042385146297,51.56822442228923,0.1075971586607931,0.0659308687646121,0.2119790121100918,0.346330846794533,0.0234927695813794,-0.1343518346844411,0.0649086564676285,14.803537327132618,4.554201572724662,0.1261905543148523,7.812487758969635,3.2396630439787937,3.2583202864045395,0.5553904356981295,1.0,111.14814726105551,0.2457142857142857,0.5742857142857142,2.647791894173684,0.6105244733952151,39.405770348604406,3.631932732606331,1,BBT,PERSON,0.11226293301152276,0.5344283470551094,0.17581476833230547,1.2072360075714137,0.5397277494879467,1.0956031902710486,1.094973074559891,0.005299402432837219,0.9197884219387431,1.4300366634495247
1_3287,0.6541666666666667,0.4208333333333333,0.5904999999999999,158.98390230442445,34.89055257315476,128.41059347722802,0.0204628055946618,0.1234037892094755,6.137016406340429,0.714859437751004,6.981382978723404,4.946763199337792,45.01627899707713,48.25910556092278,0.1211223052138123,0.058796938862569,0.3822366769003061,0.4102344143147156,0.0187812056606336,-0.0279977374144094,0.0187805867477307,22.159437461408256,6.582446808510638,-0.5129764376265257,27.97789580949243,1.1855509818365242,1.1855509818365242,0.5984042553191489,1.0,73.16911636843128,0.092,0.66,2.835969047101492,0.3222835190739151,36.23670676820559,3.755828086407165,1,BBT,SHELDON,-0.5569020005074455,0.4121236120415354,0.12188406740984314,-0.1980742423850536,0.24017199069015682,0.7439544441695309,0.3588277581223919,0.1719516213513786,0.6220703767596878,0.7384417876355925
1_3293,0.6162,0.432,0.4762,129.85866232790232,17.164424294074127,190.3183127421169,0.0161019598102048,0.1112374488853895,5.683394967850775,0.657190635451505,6.8151492992996765,4.678841083209912,60.54401885631048,51.4745555094433,0.1402081323557151,0.0606062232616209,0.2427431819205834,0.3599804031850778,0.0370815718395649,-0.1172372212644944,0.2348768112204935,12.740101050483384,6.150256684733854,-0.4191192632425204,-5.156518913847879,1.331545236901616,1.665971571507412,1.1635620754901888,0.9182958340544896,62.816592378917655,0.1472727272727272,0.27,2.515146795396697,0.3734450414728777,44.26473942527293,1.4602671818094308,1,BBT,SHELDON,-0.8892681887891334,0.6574577499604729,0.17194461564694283,-0.09129743727382247,-0.03699617281161632,-0.36943756911033826,0.7979707515153109,0.6944539227720892,0.5413821847572811,1.1883258143707978
1_3333,0.4185,0.417,0.469,122.87395405691532,84.57787180621291,502.6179809509592,0.0239759507424281,0.1446337501693696,2.439910472159552,0.3542713567839196,6.23332127188023,6.590215599527791,87.03042791415882,76.63203710071083,0.189257339704935,0.1355808772171424,0.4568446498657353,0.4608419515058131,0.1268085249896482,-0.0039973016400777,0.133767787658852,9.207964322784711,1.7453299561264644,0.4165246005359547,15.629468281213471,,,,,64.11733924338967,0.1784615384615384,0.175,2.58408717020321,0.5763725664162456,41.803087642705165,2.8969631144388845,0,BBT,HOWARD,-0.3327210362021371,-0.3539285397032884,0.2158177130914322,-0.23472896652771458,-1.4802660391233062,-0.4395724990807242,0.09799206967442253,1.1263374994200177,0.6553902121721564,1.3068186326074018
1_3348,0.5571666666666667,0.537,0.5698333333333334,259.28554057347577,62.99352737888536,510.7371393236965,0.0164464269907069,0.0980195171233898,9.75610971884504,0.5959885386819485,6.126503922151433,8.76894239096816,18.32544052800363,34.73697493521599,0.0901794371347063,0.1362054777565784,0.3934566613646546,0.288526363630383,0.2463622607059061,0.1049302977342716,0.0663750510698351,12.19494225125896,6.268980757550303,-1.127957457847464,1.0726827896255102,1.6962550136586343,2.217461720967349,1.4247683539887053,0.9910760598382222,61.78106953983221,0.123,0.1218181818181818,2.963322546469896,0.5979989700376497,49.80230242465964,1.9874723135187784,0,BBT,BERNADETTE,0.16089244767631886,1.2171133204854303,-0.24428329332330334,0.9127232675034217,-0.4679573822599387,0.5426412192545371,0.7518308198271029,1.685070702745369,0.7869245125778405,2.005981815318508
1_3371,0.486625,0.493625,0.455375,156.546556046822,41.73819825094811,264.0660061904242,0.0209533774050776,0.1445254347039293,6.277016551146496,0.5797101449275363,6.664685228377555,4.748395583784696,36.37279288010177,28.94495038210714,0.1220114255086451,0.0627649755600606,0.2773829994686022,0.3924709996247714,0.0338470261804893,-0.1150880001561692,0.0804283021905604,13.876272732315162,5.553904356981295,-0.1547575103336693,-5.007102274989882,5.64735033454712,7.431837379208655,0.5553904356981295,1.0,86.981172413473,0.101875,0.0738461538461538,2.8655781605834414,0.4128401762139337,38.86678903074141,2.290124633662978,0,BBT,PERSON,-0.6158739704592007,0.18936308620448633,-0.010385943046859228,0.4979670954109169,-0.9829329099251076,-0.5722931130871829,1.1138410658701177,1.172295996129594,0.5619071700403236,1.7119169051980538
1_3419,0.7112,0.4631999999999999,0.4998,237.82177302778643,83.67122200997699,471.71153838799023,0.0249199914800549,0.1440052997509233,6.844727379851572,0.5461847389558233,6.781914893617021,6.727440660282578,30.634141349402505,56.617583251273786,0.109382740792142,0.0729921855737972,0.4401398895033037,0.5163992209097455,0.0934513436972096,-0.0762593314064418,0.07652553669003,27.08506025250113,5.585106382978723,0.0663761314112819,6.309972777782419,0.9303470496600744,0.0,0.3989361702127659,-0.0,91.49228030552896,0.0966666666666666,0.0755555555555555,4.805525860336421,0.5391331581356319,42.27620361651865,3.663649843672521,1,BBT,PENNY,0.2596156576179776,0.0947604684864209,-0.13358770774041884,0.2070401435742718,0.656532594510643,-0.13955085420740787,0.05257551404370581,0.5617721260242221,0.005963146466989033,0.56425850934702
1_3476,0.7714,0.4824,0.5218,181.2555447123776,44.442967300409975,216.87349442943025,0.0233222301520114,0.1267777617064338,6.180798095167238,0.6672240802675585,6.482702992016765,5.27287861474024,43.426981314266776,72.52783093362568,0.1132747381843793,0.0545377932168408,0.2609543604421399,0.4385170533156118,0.0759759103383648,-0.1775626928734719,0.0901871537065981,18.71400031101725,7.9787113747898655,0.8669159991283151,-2.111030476840714,2.503489100189937,2.7525789316795395,1.1635620754901888,1.0,79.30832125302074,0.1533333333333333,0.268,2.434935167579481,0.3673655286346461,38.52165683720787,2.024357103077012,0,BBT,LEONARD,-0.5046330790908096,0.2664805530846118,-0.13997835368947448,0.39063250101925456,1.0960108239085369,0.07475032070210365,0.8952655801100642,0.829530270823925,0.2147286743915781,1.2392454691258663
1_3545,0.6786,0.3704,0.5418000000000001,93.78737007768244,19.88377877768219,120.02631460265748,0.0264049278886457,0.1186666121940105,0.9278451512299488,0.2808022922636103,7.693749111539009,4.297915173373157,91.7589260895035,57.95245847936502,0.1786323679557341,0.0654256727754767,0.3144618198279231,0.4130817404529268,0.2137326740581059,-0.0986199206250036,0.1202610933772627,7.455087234544543,1.139814683190964,-1.2282961020492202,-9.199285533720584,,,,,79.15750915750912,0.2771428571428572,0.3511111111111111,2.152155694651894,0.3519621236194531,33.14436581761185,3.2980663669055668,1,BBT,HOWARD,-0.7849274252178914,-0.3204841088255923,0.6408092525552133,-0.6803229174098054,0.41854272277689897,0.2695695706198414,0.10460450780808594,0.7390268316024913,0.3712396819353719,0.8336196148877887
1_3573,0.571,0.5132,0.5686,205.47780345669725,53.12115132993712,387.7078067643768,0.0192050657392512,0.1270810148442701,6.285833177198388,0.5558739255014327,6.553934428348044,12.65677583599574,31.57961025079054,35.9965297504846,0.0965908305159766,0.0489820356664499,0.3864887708570516,0.3966782516617518,0.0477229591216823,-0.0101894808047001,0.1187783776968601,12.066009692143387,5.699073415954821,0.5403184575928236,13.437143397504808,1.6836955124252406,1.597297659377769,1.139814683190964,0.863120568566631,85.57002713392917,0.1326315789473684,0.2228571428571428,3.717817043966314,0.7369927047843278,38.86453406559161,2.527486263377128,1,BBT,PENNY,0.34826802492747755,0.45373626038442577,0.6561220601485965,0.6851452410872461,-0.36696986000073323,0.5306273655096091,0.3368772161597685,0.820706120385159,0.12549469463898744,0.89598756307649
1_3599,0.6323333333333333,0.3153333333333333,0.385,142.9327831518919,46.28435213157768,459.3629095782521,0.0313699277841447,0.1625140612321298,5.169342042186553,0.4477911646586345,6.382978723404255,10.074003072562272,46.55553373352608,41.546331180665625,0.1604613863256622,0.1539643574121443,0.5383457589402374,0.7065708770944631,0.439219063596711,-0.1682251181542257,0.0621241313854543,13.52103084229459,1.9946808510638296,0.4942430263009641,2.0769618340161102,0.3493641857651042,0.0,0.3989361702127659,-0.0,83.83651817290261,0.2,0.2875,4.336218017461948,1.1843446382798473,35.88511362688575,3.071907774001802,0,BBT,HOWARD,-0.22701362561547167,-0.5401099950893966,0.5924426716392289,-1.206875998137427,0.08078204591960235,-1.2578133487352217,0.9798623725219554,0.620892041008999,1.8502560203744505,2.1838233757803254
1_3649,0.6846666666666668,0.325,0.543,246.8634035219564,53.01560957313344,265.73423584239583,0.0225218323750433,0.1516679100323988,4.918772260224402,0.5703517587939698,7.479985526256276,3.822199779728256,22.765987012954504,24.21591804536776,0.0888177350932508,0.0535644914320961,0.4066459435719299,0.7046291356265818,0.0207703246198631,-0.2979831920546518,0.1224620878107661,16.875797382208948,5.983988421005021,1.200882274073631,8.03475601433948,,,,,86.62058714232627,0.1657142857142857,0.3133333333333333,1.8893713188582608,0.3147308453465402,38.55092270783202,2.3211575377020224,0,BBT,PENNY,-0.03180343708429656,-0.06087887330952928,-0.26330746918170655,-1.114442345951585,0.46283122651467207,0.28125872561490545,1.0826389088672885,0.5237100998242014,0.5445661947966121,1.3202013544026114
1_3660,0.67025,0.5297499999999999,0.4389999999999999,277.30011012989723,125.86444049770044,489.3092213478047,0.0203968243479723,0.1128685858502721,8.138105925345151,0.7070707070707071,5.98398842100502,7.468118323651664,27.492479807922464,31.24381710071377,0.0998802588727532,0.0582903998714234,0.3913484147318026,0.2905151940849509,3.6765823437437203e-17,0.1008332206468517,0.0272773266225808,29.368328687499712,4.321769415170293,3.2295936679855344,-2.70138031399852,10.80678345424648,0.0,0.6648876023338912,-0.0,116.6535950967509,0.0733333333333333,0.3,3.538916632942368,0.4868531283540314,48.99047764872057,5.5943375594062905,1,BBT,PENNY,0.6073724856721561,0.7360244837206078,-0.545414644712979,0.8433980283640398,0.3575851942806796,-0.7318013739573314,0.2360255426918837,0.3784392894399282,0.1863867292443524,0.48338842087208034
1_3707,0.8285,0.5565,0.593,143.27110568111704,62.3135761752008,441.4487025767924,0.0246542566740813,0.1127498833667557,0.9274501120596448,0.321285140562249,7.180851063829786,6.071464528724508,113.96140495300943,93.19241926921022,0.1393036793168713,0.0591777364975537,0.2938790907533479,0.2970175172121119,0.0174954627027159,-0.003138426458764,0.0973552727688218,7.017216653047748,1.9946808510638296,2.9445026496704703,17.87483842200185,1.840075617538787,1.840075617538787,0.5984042553191489,1.0,66.26886611541345,0.286,0.3899999999999999,1.8708970029724608,0.477267537507802,45.059047480886505,5.215724547361594,1,BBT,LEONARD,-0.2228780221307202,-0.2133919116478863,0.4119530402807677,1.099184255533481,1.5128581145832842,0.7683068504092487,1.3220622776642013,1.7262500262311704,0.35635381012848105,2.203355590248396
1_3766,0.7588333333333335,0.4084999999999999,0.6545,163.18575302504834,34.503144151354675,206.77007148841653,0.0171099109614331,0.1395055817210363,7.53237578403683,0.6270903010033445,5.984033531092399,9.710550829074664,36.105905030696185,40.91644941128836,0.1084951067610004,0.0519866847414607,0.2717257808053003,0.3039454483613616,0.0697009276401717,-0.0322196675560612,0.184082799314395,16.195478559663723,5.984033531092399,-1.386909526081519,2.746800685255959,0.9161369527103022,0.8222655667187659,0.6648926145658222,0.9182958340544896,81.32541933826475,0.1676923076923076,0.1685714285714286,3.400375510311626,0.7910537661007718,40.53697482736238,1.4225153303311873,1,BBT,LEONARD,-0.39847713051045214,0.5159985072057249,0.29551102903622223,-0.3160068331049206,1.0042703518802953,1.3673760439062916,0.08247029740553152,0.4882718446745704,1.0718650148700695,1.1807223866593193
1_3837,0.5741428571428572,0.5229999999999999,0.4414285714285714,168.957592238211,75.39965824267063,443.5223424088255,0.0230635332645379,0.1326281017148446,4.006584511499203,0.5018773466833542,7.106026426039317,6.759455034415733,47.87349821999747,56.95001083566788,0.1323902237609714,0.0648204303510618,0.2870864586738499,0.3009795123341601,0.1381447409988843,-0.0138930536603101,0.0293767988273797,14.245532327362588,3.9893481690045287,-1.952580796841721,-2.518581765215446,4.268206111715303,4.577813910933848,0.6233356514069576,1.0,88.06790983397138,0.168695652173913,0.2533333333333333,3.9194597527118353,0.4613273498698351,31.48547922343632,3.877142384038368,0,BBT,SHELDON,0.026107312294377072,0.0056951375279332625,0.3379706147400953,0.778853840199788,-0.34402605115698875,-0.708144750753034,0.7527465279054109,0.349721188684922,1.0461153654931292,1.335398668192263
1_3840,0.6301428571428572,0.3935,0.4978571428571428,148.29028648847316,30.745475478242163,442.7855639238478,0.0237962721212399,0.1305455561318186,5.622464246626187,0.6669449081803005,6.827244030267788,5.063736134152001,42.01962602093258,49.68681116937683,0.132927551901548,0.0636149390831224,0.2382237840042305,0.4034884150222921,0.0089356977537769,-0.1652646310180616,0.0664255048263906,19.337807181381454,6.161171441948979,0.0995353474560022,1.52988750898397,2.3932704295776834,2.862791371680004,0.6660725883188086,0.863120568566631,79.40679391263359,0.1336,0.1763636363636363,2.951699079939756,0.4106142082357792,33.74234160986044,2.969978782252924,0,BBT,SHELDON,-0.6658498745137211,0.1564892718238119,0.13078474327588796,-0.4594383623588117,0.06479090642244835,-0.15847615277084623,0.20641151215490944,0.09169836540136354,0.2892608960467342,0.36699614241721656
1_3842,0.4536666666666666,0.3936666666666666,0.352,138.148359088906,38.61952220795615,184.74737378592744,0.0360973018723473,0.1524459480705271,2.152334791109635,0.3634538152610442,6.382978723404255,7.728426250130342,66.02920281620037,79.36204785332488,0.1716656031648246,0.0678869566391231,0.5297808492129634,0.3205607562448778,0.1471224715841249,0.2092200929680855,0.0333659657684728,11.787414740478718,1.7952127659574466,-0.2870202434363331,-10.044112015253717,,,,,75.32583345045532,0.1675,0.2766666666666666,3.385820979409763,1.0840609728812436,39.62671630612586,3.923772406387824,0,BBT,HOWARD,-0.5225130062753706,-0.9285320852700529,0.3336145167074596,-0.4578446787004358,-1.2235387235005055,-1.5792651110994889,0.06466832757493474,0.2950066382304526,1.9128796278069484,1.9365741348242318
1_3911,0.6744,0.409,0.5574,274.89117955603905,58.65320711653068,258.6857703600176,0.0202931653519708,0.1123991591973614,6.085485365848736,0.4472361809045226,6.981319824505857,6.62937921863686,32.744898977919426,53.78813649709819,0.1089424392698286,0.0847463648827423,0.2722123646796304,0.487200547263561,0.3874274986512198,-0.2149881825839306,0.0352415831370833,8.964935571996177,4.986657017504184,-3.67341517711599,-9.931947401706198,5.1816634216343225,0.0,0.4986657017504184,-0.0,62.01233853865433,0.1218181818181818,0.1628571428571428,4.75352526614686,0.2364591993743151,25.40329440868233,2.7250998208670727,0,BBT,PERSON,0.23291745063189642,0.5471384689967512,-0.2548625019997764,-0.31122578212979035,0.38788145095844134,0.4215285855556762,0.5441432327616867,0.15925701803830988,0.6763910875554526,0.8825868562805825
1_4031,0.673125,0.354375,0.6303749999999999,160.07155386263057,27.95682894059748,453.33123430013774,0.0223111244802057,0.1298712660178954,7.37019677582708,0.7178631051752922,6.577466809648235,5.002586649903704,32.42314442001483,36.03176097679531,0.1195646494108762,0.0604315124141976,0.3020779437556536,0.3532347524457125,0.0440794830613054,-0.0511568086900589,0.1535399587109182,18.00414249262081,8.57568457460466,-0.2921936888355276,-9.754242724913407,1.4167493951384542,2.017447305178165,1.4154042501774682,0.9886994082884974,75.75970636334503,0.061578947368421,0.0533333333333333,3.5459854673737548,0.371167748389592,31.24933087415251,2.523646138983892,1,BBT,SHELDON,-0.7223298711713599,0.39862034148675896,-0.030567622275235944,-0.8335556011627134,0.37857356487069505,1.13237532369302,0.1112257299913535,0.02004677661606391,1.162942945968256,1.1684217268786685
1_4145,0.627,0.46575,0.54675,158.91191208678072,99.95599312011086,445.8774679536193,0.0222047022103279,0.1465763093690883,2.2061894467457472,0.3578595317725752,6.150256684733854,8.91189569587516,60.62150819008504,61.17045266478873,0.1546049786339549,0.0606008869389424,0.1815619929427348,0.3076416322865371,0.0108318778975213,-0.1260796393438022,0.1282743087119314,8.367355237057003,3.158239919187655,0.3267290993340789,-1.58365294102353,1.2281928878553252,1.4073955388311803,0.8311157682072776,0.8112781244591328,76.89657144202599,0.2709090909090909,0.432,2.408580073429724,0.6094468482810157,27.745483809121623,5.393532061916416,1,BBT,LEONARD,0.12001787518908831,-0.2929048864204502,0.28387537500220833,0.2314235035474345,0.04184709757870385,0.3177873349744804,0.11140562835834618,0.33475198399915407,0.03391195997227209,0.35442929598221534
1_4281,0.6316,0.3166,0.513,133.8069234261777,54.30885696861152,166.68668095354454,0.0229796462625061,0.1265140669229774,4.498817955655266,0.4578313253012048,5.585106382978723,8.72860241946572,10.285805488502769,11.281081272632902,0.1475067928511608,0.064898590259257,0.3658821648599093,0.4815356544441755,0.2799426292076081,-0.1156534895842661,0.0846122692514581,12.042974899050582,3.789893617021277,-5.233072171271902,-5.84618729134267,8.147448610844425,0.0,0.3989361702127659,-0.0,94.40334519281886,0.2,0.32,3.688291236237473,0.3767108661325588,40.45900947917849,2.2071750562921206,0,BBT,HOWARD,-0.5420776242039921,0.16640350090392741,0.172196104187837,-1.1947640023337647,0.07542849052272936,-0.010970149261701173,0.6526863781297726,0.09097501038119805,0.18316625344953819,0.6839779507504318
1_4286,0.6846,0.3936,0.5816,184.5496386595389,64.9278180042343,433.5423708568971,0.0291337243600269,0.1407609596024833,6.299062649502435,0.7864321608040201,7.230652675381067,5.431718445803206,7.793321232221732,9.999580476653902,0.1354012676355408,0.0667712307667787,0.2895500496699322,0.5444129093673072,0.3106087487390879,-0.254862859697375,0.036514279003474,29.49303900433478,7.230652675381067,-1.2545319444172944,-10.811286712411516,0.9011320471119896,0.0,0.4986657017504184,-0.0,80.302891800218,0.06,0.08,3.7790835093790274,0.4328795923572825,46.46584704829123,4.4103966954507605,0,BBT,SHELDON,-0.0893626813843797,-0.06376599591080026,0.14739021559414942,-0.45848215216378585,0.46234453966041006,0.6572598779561386,0.36911947077940616,0.5261105355712103,0.5098696623619892,0.8203709843385635
1_4290,0.6999999999999998,0.3816666666666666,0.5653333333333332,172.04184768751065,93.78349622987466,509.68218150556254,0.0274720595072848,0.1526238493513906,5.014333627639923,0.5381526104417671,6.183510638297872,8.252834112189078,9.589090235818498,13.488440940552126,0.1535582755051921,0.081174253897437,0.5306518405736527,0.5700891441126325,0.290020946713699,-0.0394373035389797,0.0276912910074831,18.28427204063861,5.984042553191489,2.862216754724778,22.762202225948364,4.117694033402962,0.0,0.3989361702127659,-0.0,79.662839370853,0.1,0.1514285714285714,3.5715163869047104,0.4997456160422,46.7464114582166,3.793435331401066,0,BBT,HOWARD,0.06642191766598146,-0.24607818320913244,0.15143335332402438,-0.5725899021035494,0.5747692029947541,0.49880688802304446,0.6390118197695309,0.8208473862038865,0.3473735346990201,1.0967200690478
1_4352,0.5256666666666667,0.3706666666666666,0.4569999999999999,151.08584170417157,87.33674384998601,469.35234679106486,0.0238252619368735,0.1666718645697936,2.605684894672784,0.3868194842406877,6.411457592949174,6.377825986714576,11.84538711033979,15.962790645621096,0.1517454571578194,0.0630077466019474,0.3441598227764879,0.4329914584379327,0.0786737257648659,-0.0888316356614447,0.1102298373920127,11.530662568953566,3.276967214174022,-0.9158717396209476,13.98331668699016,,,,,68.29306882598416,0.1472727272727272,0.2911111111111111,4.292119063201839,0.4283433991006151,35.07932863493098,3.971243611399152,0,BBT,SHELDON,-0.17169818244386675,-0.4771911192266417,0.11695468274653364,-0.6777730235564037,-0.6979169208983717,-0.5564640490313674,0.5060748411125369,0.22072580167172995,0.673418731777901,0.8708182431713658
1_4477,0.601,0.541,0.5285,229.421556006329,82.77570943397909,433.62732705369297,0.0254944242189686,0.1385933428191875,3.775660223190282,0.3645484949832775,6.150256684733854,13.933239451365738,13.331981787036582,18.104071536170025,0.1165529238882613,0.0654711695038089,0.621881120932619,0.454201653678,0.1754866141722371,0.167679467254619,0.0825249788994006,10.102851676080835,2.825793611904744,-0.1990434999409786,21.53814720904516,,,,,92.13911671894864,0.3826666666666666,0.4125,5.43792686575129,0.987278682920036,39.818333300259845,3.368292243044865,0,BBT,PERSON,0.6916162572759647,-0.13596867969672005,0.5366206520517518,0.9509716753044596,-0.14796077558317766,0.14001476942454502,0.25935541802849493,0.01199209588645761,0.39660588262720675,0.4740308738457771
1_4544,0.5906,0.4358000000000001,0.4764,257.65674217428466,67.70831528497678,326.28983091960833,0.0182384074157287,0.1243725631347463,1.3488693796261813,0.2596302003081664,6.454918032786885,7.769165608872682,10.469528778650313,12.823824791880464,0.1057597586867622,0.0607470420419851,0.4115054457948242,0.2985963309318539,0.0679018095318889,0.1129091148629703,0.0514927662389024,7.780906701712168,1.6905737704918031,0.1072208523393992,21.777279001238345,0.1818012604946552,0.0,0.1536885245901639,-0.0,66.61169159453473,0.4625000000000001,0.7153846153846154,1.7994648557413313,0.7302931560730708,39.64996872353861,4.689082813629896,0,BBT,AMY,0.1984342910396413,0.08642458069540734,-0.23165439232152385,-0.054961449862835736,-0.22388392484792993,-0.3674893766111611,0.253395740902477,0.3103085055433373,0.13583498428963725,0.42302708314837323
1_4552,0.5335000000000001,0.37225,0.497875,245.2121051256232,73.8159003422197,493.7972484870789,0.0195232884498578,0.1293674166844195,4.73243724999919,0.4154727793696275,6.411457592949174,9.88602821492237,9.714178473725744,15.12578024835026,0.1106594104773809,0.0665314830221112,0.5869953012887734,0.5629129309975041,0.0602748774678912,0.0240823702912693,0.0392787616180457,18.706827317666736,3.276967214174022,1.2613265907604514,23.71989114214954,,,,,87.59754562204421,0.1975,0.2363636363636364,3.5704839343417945,0.8177766148744501,47.94243004743598,4.137266455622355,0,BBT,AMY,0.3829314933036322,0.29790013041118046,0.06920894318948052,-0.6626330288018252,-0.6407312155226765,-0.1583022070119902,1.0455645221054573,0.938631345933857,0.22751115020147072,1.4233746158061178
1_4576,0.5211428571428571,0.3692857142857143,0.4551428571428571,254.31750187519023,74.52021665869985,519.623822384645,0.0243946851135063,0.1273372533149283,4.658743796075236,0.4427753934191702,6.992004607623936,9.471485853236713,7.965865565550266,12.954215967279527,0.1073227858413646,0.0661503771062682,0.5743148566361623,0.5154126587058627,0.2357022603955157,0.0589021979302996,0.0113770448316409,15.753127705938123,3.496002303811968,-0.2821137090626217,2.8999566282552447,11.304973388250122,11.285700992491128,0.3567349289604049,0.8112781244591328,72.63715892762562,0.2521052631578948,0.3017391304347825,3.939678522969856,0.6838307142889009,38.413751410231,4.263974345195169,0,BBT,AMY,0.5513475152003849,0.11818912511750407,0.1946823355307643,-0.6909778310115233,-0.7309421002946702,-0.5745544079522994,1.2423253462119082,0.8491312254121743,0.7692367434830637,1.6900062932826456
1_4603,0.6271666666666668,0.3904999999999999,0.4988333333333334,143.08528630865834,61.42160719682987,343.9857890459805,0.0168136677803479,0.1045219968442695,4.719875566830977,0.6443701226309922,6.997919489796432,3.355221066102748,37.745340153216034,32.74716842575224,0.1333103451387876,0.0617100319213569,0.2857749509614387,0.4336440572430066,0.1425904977483535,-0.1478691062815679,0.081046236366199,16.83147014615372,6.220372879819051,-1.254078329264787,-19.88826334806562,3.5662439256568805,5.311684036923586,1.110780871396259,0.9910760598382222,75.75775922532371,0.1056,0.1727272727272727,1.7832143894724473,0.3907449410723878,37.186386806916666,2.213574470011136,0,BBT,HOWARD,-0.5289936577247769,0.6385137848315201,0.015819289763883027,-0.48812466820959116,0.043063814714357614,-0.14896711795343134,0.04086898951518575,0.5954499701171625,0.16478640771731437,0.6191813154358737
1_4639,0.7415,0.524,0.617,138.71994176593424,42.4196762309506,168.3930885163283,0.0240321922769329,0.1594409112569058,3.050139770039717,0.4296482412060301,7.479985526256276,2.9814499095778,40.21913178608543,35.83013352183433,0.1849389775977484,0.0651972988842796,0.3083469786028606,0.3324658160829926,0.0284555196612236,-0.0241188374801319,0.0319460743136731,12.544482580077872,2.493328508752092,-2.092552265691905,-17.738099154746806,6.653726860649481,6.653726860649481,0.7479985526256276,1.0,82.64781354746754,0.1376470588235294,0.1914285714285714,2.043188843997336,0.2498377316423109,30.04049181628206,4.845224228609558,0,BBT,PERSON,-0.6039065868013586,-0.4010267738101914,0.17607869087005676,0.7884159421500485,0.8777317697723739,1.002089950310534,1.3923225289514072,1.2787585435825652,0.8260112594404773,2.0630269116357858
1_4743,0.6615,0.4347999999999999,0.5911000000000001,181.41704234654668,62.15633771218553,238.55588636376245,0.0205935176761223,0.1163465594112207,3.4554076840226924,0.4457429048414023,7.909611986285852,3.6388048030378792,33.369758367850565,47.318881740295765,0.115029833751122,0.0633525512914811,0.1934276406256338,0.3414790151708858,0.0399621761657914,-0.148051374545252,0.0865432086159584,19.225920982781545,4.9122853388512135,-0.7947929193068071,24.97848863823115,2.5405963953920723,3.798078294895976,0.8325907353985107,0.9910760598382222,79.46095697076986,0.2266666666666666,0.304,2.6702544529656724,0.3763575229399651,33.20015720207765,4.138844512921178,1,BBT,HOWARD,-0.09306479841818105,0.2462628454644447,0.2053564684259619,-0.0645235518130968,0.29370754465889237,0.7497990216670646,0.028541246605084253,0.04744469919444766,0.5444425532411027,0.547250670186081
1_4760,0.53925,0.307,0.4262499999999999,148.12017207643433,32.89896961960741,133.57715948376676,0.0250350642661056,0.1376145767720872,2.4355614104292846,0.4738955823293173,7.978723404255319,2.6858625562138663,24.382011127732184,20.289827041312567,0.1209523180607723,0.054175264060574,0.5715504746298185,0.6350185461285713,0.2493773340269082,-0.0634680714987528,0.0227139341780914,14.737670922005275,3.789893617021277,-1.5247848085700304,5.689227250037689,4.129837337908633,0.0,0.3989361702127659,-0.0,93.95609760808472,0.3342857142857143,0.6466666666666667,1.7510451628341548,0.2640871951464081,24.82435136942889,2.342456267095164,1,BBT,SHELDON,-0.5343544621163514,-0.24553735972735008,0.2832784726403565,-1.2865601810562557,-0.5987544743426456,-0.8559986457798888,0.7522057189399043,0.35321711461529554,1.1392771184202453,1.4101518096357537
1_4789,0.7444999999999999,0.3155,0.7484999999999999,158.78282840243423,89.17598556471233,468.4825009302864,0.0295575582402995,0.1177407665999385,3.5075326854221367,0.4364548494983277,6.150256684733854,12.038282963110024,38.21659597642111,40.00782163603956,0.1510901297760168,0.0970496962237864,0.3676999258009267,0.4145775016971355,0.7027403853825438,-0.0468775758962087,0.0377111440194051,22.86665955348155,6.150256684733854,0.0310072056893142,-23.071707082903085,5.150807402221092,3.903772306984008,0.4986694609243666,-0.0,115.70301120448178,0.3709090909090909,0.6033333333333334,2.915899995958318,1.3380717335341838,38.86268463041158,5.991581476431514,1,BBT,PERSON,0.31007787857901536,-0.13173913032259682,0.6613958697475469,-1.20528231447905,0.8996326782141286,2.283026518519658,1.5153601930580654,1.0313718085367254,1.6216306487721108,2.44739254783256
1_4792,0.7091666666666666,0.4483333333333334,0.5783333333333334,158.31397852191952,24.370282782574208,113.7787996571586,0.0215713346162138,0.112462795716523,3.351043491953268,0.4927536231884058,7.664388012634188,3.6950738363061086,34.83529309181552,38.95554325122062,0.1210478920852875,0.0539446356375494,0.2134614647438115,0.1833298087867645,0.2662119377870612,0.0301316559570469,0.0542180556248826,12.996827437509657,5.664982444120921,-0.9589504910992868,-2.562428301941494,1.4923489863203927,1.9200217062297755,0.6664685228377554,0.9709505944546686,74.46196769084708,0.2514285714285714,0.304,2.5386405209803007,0.3086060098823232,28.18399244961877,1.332618986717812,0,BBT,SHELDON,-0.5674931000249598,0.23689850680383606,0.2343191584604635,0.06488356124708296,0.6416886454556746,0.625439400469575,0.6323766612720427,0.40479013865183855,0.39112024200911155,0.8465992805221467
1_4850,0.7555,0.425,0.68075,144.39000093120853,44.190457720430686,366.3806819212149,0.0219561506633627,0.1213467177072305,6.236221859218291,0.7091690544412608,7.123841769943526,4.474933512006266,36.74410367745095,47.48246461258093,0.1225781835571811,0.064906853436685,0.2796725970136735,0.2942077604379883,0.0191792179185519,-0.0145351634243147,0.0663073371961066,25.320536052536443,6.838888099145786,0.6940455037997267,-8.128602010339176,3.092430783123916,0.0,0.284953670797741,-0.0,86.31221751705527,0.07875,0.0466666666666666,2.8971864335774904,0.3898272902337091,37.1456026709675,2.7040134624349896,0,BBT,SHELDON,-0.5341558536833555,0.39321668378208596,0.19220270076941495,-0.1582321509256388,0.9799360091672323,1.6230763094233223,0.3759237027577167,0.5867193253851464,1.4308736086539073,1.5915267767203065
1_4949,0.5179166666666667,0.3761666666666667,0.4425,217.6040048927432,56.38230596848678,438.1529940655436,0.0228860109048986,0.1429956670153084,2.765419627760891,0.5257510729613734,7.206045565000179,4.677783884321056,26.5206423727627,32.123923936308714,0.126813845667721,0.066045449259945,0.3750664922083837,0.2914300647016331,0.0651441606772594,0.0836364275067505,0.038306362569686,16.34299128676201,5.208329962821911,0.1934936024771935,-3.971193339105709,2.14203976174966,2.651637468178593,0.4994289005445668,1.0,83.74982408183008,0.3173333333333333,0.6183333333333333,2.589891924166265,0.4966842901090106,33.40419109084176,4.300096054185472,0,BBT,RAJ,-0.11361144996691974,-0.18826034569094974,-0.11813758899051563,-0.6251814628299756,-0.7544942677062404,-0.6977080052217262,0.5115700128630558,0.5662339220152907,0.5795704162312105,0.9582414100173003
1_4967,0.366,0.442,0.4845,168.7248095869094,47.56468224015451,186.6821940173354,0.0208033919741913,0.1198709541723366,5.216735890570479,0.4759036144578313,5.585106382978723,6.470211259776926,96.28959360353876,119.1634214237813,0.1211155995312882,0.0623196744827963,0.541430035860212,0.7270162694105322,0.2730945718268497,-0.1855862335503202,0.046285775019266,11.51342097173581,4.587765957446808,-1.4948210440108791,11.909891858536891,4.140457180360142,5.00646440841684,0.9973404255319148,0.8112781244591328,76.52561114099575,0.2246153846153846,0.2857142857142857,3.4196257460361035,1.060155032717036,42.28489247676022,3.7398112149919913,1,BBT,LEONARD,-0.6729391091393563,0.28787690472845484,-0.27464039663014383,0.004323582228772256,-1.863531936854028,-0.28858758039447746,0.6772626913681286,2.151408841582483,0.013947183764333626,2.2555352537021975
1_4995,0.7110000000000001,0.39925,0.5582499999999999,264.3874797942228,137.58362024495918,463.2247313307454,0.0282445753962237,0.1420008825603988,1.631969371385023,0.3294314381270903,7.313818760224043,9.297133662154504,52.9868849261627,73.47421919638913,0.130359638303267,0.0715246807371624,0.2286759790636624,0.3712809469532784,0.052999894000318,-0.142604967889616,0.1081844664526727,14.628984163171344,2.493347304621833,0.1575182969538051,6.013292928882255,,,,,81.47540439100543,0.4036363636363637,0.8699999999999999,3.1118746805707507,0.4457911554917889,38.01831839823418,8.45856314388441,1,BBT,SHELDON,1.2040765996960796,-0.532085855581478,0.24580528156491807,-0.40445627614482,0.6550725339478595,0.4298084036771791,1.6085328758408997,1.1871583895293374,0.18400312211226102,2.0076304947469654
1_5058,0.6557142857142857,0.4544285714285714,0.5539999999999999,195.19388633578987,76.52981502596738,370.0772578035951,0.0306371984390525,0.1556928350939858,2.581558710271961,0.386845039018952,7.442231838354935,10.905701309691192,83.5494238022473,103.15863866085184,0.1290375437665323,0.0662447429466884,0.5224706685550948,0.4979922479396841,0.2062972357637329,0.0244784206154106,0.0237539466903227,14.596323976067932,3.665576875607655,-0.4805468653346388,6.05229401548549,12.164235608291078,12.164235608291078,0.3332342614188777,1.0,73.504406449378,0.38875,0.6040000000000001,3.276178244326441,0.7094940578904225,33.087021820367355,5.8798991975231365,1,BBT,SHELDON,0.6049926187653643,-0.7240948842629364,0.834570025898985,0.1231668493248539,0.2514700783783638,0.3884093130696601,0.48182576944051037,0.9755649626413003,0.4461607128293249,1.1759857355013423
1_5109,0.7546666666666666,0.473,0.5363333333333333,146.6441217867798,24.992416440208835,151.44043886154722,0.0261999755530569,0.1396374019189425,3.5234885875720248,0.4879518072289157,6.781914893617021,5.390346399680352,94.838540157308,145.71665701168365,0.1330061761909483,0.0579839264899986,0.2695883048766875,0.3249577583446604,0.0671519136687816,-0.0553694534679729,0.2683934976295736,11.830998838067924,5.784574468085106,-0.7879098677766834,-5.083688949000504,0.7761287424783845,0.222327681283101,0.5984042553191489,-0.0,105.70566065341606,0.215,0.5666666666666668,1.8475553620140617,0.3445042085242839,32.94717568974411,1.283904837541937,0,BBT,RAJ,-0.7045929366315533,-0.2984585602015048,0.161133946498921,0.3007487426868154,0.9738524234889668,0.21631897564232583,1.0053416793183687,1.2723109836904716,0.05518502914340484,1.6225080951525794
1_5134,0.6992857142857144,0.4567142857142858,0.5471428571428573,233.3529462697612,75.00739166126515,364.6337326729447,0.0198719928361818,0.0918831936231721,8.185243664857838,0.5106382978723404,6.108689383788184,10.87433063061778,44.660688793620366,89.54483628043802,0.086007752507196,0.0500364309677769,0.2653728826921358,0.3686875442836387,0.0254061727984742,-0.1033146615915028,0.1046650949997247,12.933117812215375,3.9893481690045287,0.4631570334045578,18.66999039161941,4.952820308906493,6.004810180672043,0.8726699119697406,0.9182958340544896,76.80496151823056,0.1278260869565217,0.1162499999999999,5.239468215214452,0.5307626718170833,49.8418581086065,3.7238725579315335,1,BBT,PENNY,0.3515594348483467,0.9658055776873413,0.13240051403647543,0.1450230823540194,0.5695547009848143,0.32161414166929475,0.20653635249432728,0.396250876702527,0.18921362763281932,0.48525644670746365
1_5156,0.576,0.4695999999999999,0.434,114.531854235523,62.10046942636405,499.4001058902521,0.0207461134511922,0.1345775364619013,1.73705926379636,0.3188405797101449,6.664685228377555,10.327906614298604,144.5882948645857,127.00793621084168,0.1530247857362113,0.0631411678124818,0.1553850858223056,0.303432132444237,0.0260179455623322,-0.1480470466219314,0.2444622694585778,6.8682514758188775,2.9991083527699,-0.1650530083213546,-0.9511316812089738,2.198268939385935,2.459554297646247,0.5553904356981295,1.0,82.18648504058721,0.3894117647058823,0.515,2.414695361175588,0.398794946819752,32.72668605230456,1.5165356708512774,1,BBT,HOWARD,-0.0950015053249099,-0.2513584326234708,0.8722852265137241,0.26823759605593256,-0.3304683459311406,-0.7805061864367647,0.3632391013808425,0.07910991330766981,1.6527914129504888,1.6940839642350618
1_5166,0.7619999999999999,0.4575,0.676,201.1593235457441,27.01885569936617,179.3950278231883,0.0173286758077921,0.1297391176527364,5.206072317031192,0.6256281407035176,6.731986973630649,3.6248869766558895,57.69131616021138,61.460330395199264,0.0983713449503205,0.0528716751816825,0.170723244045474,0.3103586200487853,0.1270668430866948,-0.1396353760033113,0.1681315466860834,11.43404690950811,5.485322719254603,0.4512864338838785,-3.686299230427279,1.3281428868014982,1.7661801181778554,1.9946628070016736,0.5916727785823275,90.8780928387812,0.0822222222222222,0.1079999999999999,1.8061575419243807,0.527800631541486,36.70957285339006,1.5233730995343753,1,BBT,PENNY,-0.6567066554171154,0.36836144438504526,-0.343275311688836,0.15253616245779408,1.0273879774577024,1.5768067375678603,0.8092428178749095,0.6590265330726571,1.9200820492566963,2.1853844022170756
1_5169,0.8117500000000001,0.6025,0.6585000000000001,260.3200165229231,44.038593108736094,248.8147334139715,0.0128321539204095,0.1246924322298587,3.7867698921315145,0.3775100401606425,5.784574468085106,7.776893319060438,54.133486034967966,88.92112328389112,0.1026801575209123,0.0515922862489891,0.1697024115953866,0.4269881757635704,1.726657161237772e-17,-0.2572857641681838,0.1426823418154871,10.159664497328516,2.5930851063829787,0.5024906997672652,1.7332914285137877,1.6496192070656095,1.6496192070656095,0.5984042553191489,1.0,66.02133908914968,0.2690909090909091,0.3666666666666667,3.7387834674099287,0.6644933541840512,45.90982172948815,1.9275640930067024,0,BBT,AMY,-0.1844953144129725,0.4758560376767884,-0.49919246802822853,1.5390409452454166,1.3905780424501497,1.4063398938898404,1.7235362596583892,0.9147220047733613,1.9055323619180689,2.7273333435227314
1_5211,0.5622,0.3498,0.4745999999999999,214.2375381582708,62.77870300660047,449.3074012267098,0.0223766177332988,0.1169916723999194,4.335782028587468,0.4598393574297189,6.781914893617021,9.992131853975794,52.7783932560221,60.32123024310182,0.1136225742155775,0.0682403048989644,0.3466733576507211,0.3759998987661568,0.2756035436010373,-0.0293265411154357,0.0957922276946922,12.756074619786618,3.590425531914893,-2.30030479260982,-18.49192272432572,,,,,70.23055372012162,0.1907692307692307,0.38,3.5716647770555268,0.3154362292366988,35.24435254630728,4.605569855287402,1,BBT,AMY,0.2878112708105375,0.22592567096106966,0.37788456867200965,-0.8773022175851505,-0.43121252476321553,-0.38502310910375825,1.165113488395688,0.6571381957242852,0.762907677775768,1.5399182361185781
1_5212,0.56125,0.3335,0.313,218.58978961798425,45.97938316039205,280.1162780509439,0.0193822884267159,0.1144784313432245,7.119438076323689,0.570281124497992,6.382978723404255,5.947210996184188,56.57764333634842,94.96647230880087,0.0993810988614739,0.0644186577847854,0.4202741999491421,0.4807585576845793,0.0293863549692116,-0.0604843577354372,0.0431572620025125,14.21104949114124,5.1861702127659575,-1.5149224705838484,13.797711287627504,,,,,91.07381189875468,0.1399999999999999,0.1711111111111111,3.3460904994247893,0.6663969303039466,40.81975723737034,3.1405933236058687,0,BBT,PERSON3,-0.31899888845050883,0.6291724670714162,-0.2833255259584001,-1.0331644793743795,-0.4381478124364382,-1.959162648439077,0.7141655909238707,1.0673202795078542,1.6758371224806767,2.111311235084179
1_5496,0.5803333333333334,0.5088666666666667,0.4875333333333334,229.15590297543844,114.74878853773018,517.1632118800832,0.0253076307543639,0.1810750139961045,3.633655079833558,0.469671675013912,7.108997576936058,4.451405764601188,54.65050247418634,64.27837222124091,0.2211404175324418,0.2644162077900964,0.658173496065651,0.4538782770407216,0.0633018465417958,0.2042952190249293,0.0102111729621513,14.993865016943047,3.443420701328403,-0.5067484604578233,-23.93405490828581,3.897540075728348,6.846649273050965,0.6664685228377554,0.8453509366224364,82.05430765845803,0.1403174603174603,0.2733333333333334,2.723788614803332,0.4519638477973453,33.63119942903301,5.329514182712215,1,BBT,PENNY,0.38026387401099665,-0.6476539006323052,-0.24012749163015848,0.6437094659694553,-0.29883370040415985,-0.2590399941569534,0.2634455919584587,0.34882020022814536,0.01891250252679491,0.43753490690614866
1_5571,0.531,0.3935,0.40975,191.90894148614709,42.438395536417794,230.2438803054112,0.0205747395973,0.140478018158545,5.243747671924099,0.6174785100286533,6.696411263746915,5.7517528261739495,49.39524174222268,62.461707094236935,0.1174537885777571,0.0628546064333378,0.3628359238875375,0.5280767164650098,0.0926233689294978,-0.1652407925774722,0.0308861300312375,19.177185893697704,4.274305061966116,-0.2202202984655674,-8.129631788148089,1.5500067985065344,1.9495547291407271,0.7123841769943526,1.0,66.48204747796399,0.0771428571428571,0.1133333333333333,3.327222319912421,0.4875128106976537,45.12664317150696,2.943673623173796,1,BBT,SHELDON,-0.3775072273532402,0.13570432071440724,-0.054176771938467594,-0.4594383623588117,-0.6589819725574732,-1.0167245269620213,0.08193113500557148,0.7946862932718803,0.9625477550235537,1.2508945584254436
1_5572,0.5175,0.3581666666666667,0.3916666666666666,149.36468161931987,50.271151408964926,424.79813980531634,0.0205164141006616,0.135440076146091,4.389896777536364,0.5384615384615384,7.313818760224043,5.012351196264525,106.88638693174558,162.01046957655316,0.1313471407027133,0.0651426247951004,0.3936056290802234,0.6359704124937122,0.0851697482112204,-0.2423647834134888,0.0460622869677087,13.32925433330127,5.651587223809488,2.312571448794088,6.720115497133186,2.5425388442675327,3.899941586066156,0.8311157682072776,0.8112781244591328,76.08536901048947,0.1377777777777778,0.2333333333333333,3.240679221231752,0.3963298268067156,32.80655292613473,3.9661972929477294,1,BBT,SHELDON,-0.36072125125163496,0.04234480126700711,0.30442320012351687,-0.797299297934646,-0.7575360605453736,-1.192873598762643,0.4365780466830111,0.7998808618123807,1.4972967988861599,1.7527998995589917
1_5580,0.7125999999999999,0.3714,0.5525999999999999,122.12662780476823,27.31003390367054,108.11743437888578,0.0201576782654138,0.1489829380683029,2.2912203599980865,0.4063545150501672,7.81248822114841,4.645132539826989,104.33962492105188,104.06191531069908,0.1428229643384274,0.0583558502124243,0.4253237538862917,0.3809191724921897,0.1061429987680385,0.0444045813941019,0.0264756922112179,11.956093025109144,2.9920167655462,1.390058356526869,-5.110180168800493,1.44928903974375,0.0,0.3324463072829111,-0.0,75.97060582771465,0.2228571428571428,0.3866666666666666,2.982994022712325,0.340840078306044,30.64418887275139,2.622474510488636,1,BBT,HOWARD,-0.5499076766695816,-0.28133959033447575,0.5861596606403546,-0.6707608154595459,0.6667530184501278,0.3747719655754178,0.12085313878996429,0.9480926087846036,0.21138769506493682,0.9788614986872496
1_5581,0.5854,0.4199999999999999,0.363,134.484044341273,21.795046943225525,113.4344330989135,0.0300189451736168,0.1587268617707537,5.742152581444771,0.6959798994974874,7.729318377131485,5.423536441986875,93.83686200920648,120.99526050679816,0.1459497785928619,0.0678354047341311,0.1705409899729295,0.307633024683198,0.073286627990575,-0.1370920347102685,0.1373919825225465,18.0134100331706,8.477316929757112,-0.07164708771575,-4.780459923290202,3.291838684216105,4.192906032573248,1.7453299561264644,1.0,75.59302479959115,0.086,0.0566666666666666,3.20554333605462,0.3536769026985586,29.75296219234681,2.642110171762504,0,BBT,SHELDON,-0.5040571413526831,-0.4490007231086004,0.5865474256671958,-0.20604266067693722,-0.26184549948030605,-1.472114523644733,0.2980144806757459,0.18715522362829434,2.058661949311929,2.088523097781919
1_5617,0.64425,0.6185,0.61825,187.03357835215263,70.18934477853232,214.839766408374,0.022197914295293,0.127277755919966,1.4832545533246428,0.3442211055276382,6.981319824505857,4.261534458194588,67.13560361386119,59.1302041342958,0.1399008908151838,0.084414230847925,0.2278692061915909,0.4639385787400376,0.1200961153538153,-0.2360693725484467,0.1039875292075974,12.528947869236257,1.9946628070016736,3.348051866907398,5.729984073304401,,,,,93.3011988011988,0.5228571428571429,0.7040000000000001,2.778832802290569,0.3890011358036241,36.5917800503477,5.7929681937170505,1,BBT,SHELDON,-0.21206313348758107,-0.16108886255406824,-0.10099502903571544,1.6920345764495683,0.16777732111879812,1.0142661534303923,1.9040977099371494,0.32886618367286635,1.1152611824661078,2.2310420347602493
1_5627,0.6495,0.484625,0.512875,228.14858301302323,145.14459885521188,473.3936714464704,0.0316874395167732,0.1466275064417934,1.5233766500211103,0.2636103151862464,6.696411263746915,12.55422987300435,104.1293534562154,155.52370671801606,0.1565335795526209,0.0731840977058275,0.2602738773056441,0.443293332475038,0.2929430027102191,-0.1830194551693939,0.1372875726255384,9.22197594157117,3.704397720370634,2.040761681573044,2.5394098927692994,3.947960149126793,3.947960149126793,0.4274305061966116,1.0,70.19255208728893,0.304,0.3636363636363636,2.4819539787029035,0.9747155084986604,43.66126480447746,7.684319319962399,1,BBT,RAJ,1.2510034802999395,-0.7931665732174208,0.5846337099800709,0.41190817785858164,0.20610391089187013,-0.012187769573687439,0.8390953024413579,0.999270484109291,0.5968214795537583,1.4348582875837976
1_5679,0.6102222222222222,0.428,0.4938888888888889,140.11610081583433,16.86231580584266,85.85433291776889,0.02389214767961,0.1325032322268896,4.140446834035184,0.5094760312151616,6.997919489796432,7.135448337056378,84.34009407087488,97.94277997003928,0.1267399183465834,0.0582680052719182,0.3414218050130307,0.4493075391681018,0.0596491024078888,-0.107885734155071,0.1660797769550769,10.83455846919921,4.443123485585036,-0.2397591225628578,-2.970418123883057,0.7985105187937563,0.8289461966364337,0.6664685228377554,0.7219280948873623,95.6692908257006,0.2491666666666666,0.5488888888888889,3.212525500640074,0.429380907535211,33.810370829208786,1.4022171556082892,1,BBT,SHELDON,-0.5791055155108619,-0.05832966561600034,0.48635890084774314,-0.12954584507486036,-0.08063576074370678,-0.19713076584976175,0.44955967043600153,0.02230609512770644,0.6834896666975049,0.8183884063478898
1_5699,0.6296999999999999,0.4046,0.4906,191.27538084892072,71.7204005666969,518.3157684783474,0.0225762917212609,0.1396227603165469,4.222020606145664,0.5562403697996918,7.453893442622951,5.097590793135314,87.6642096787734,108.78292750252518,0.1229935430095582,0.0642399952357418,0.4400308716254695,0.4116025713843882,0.1001928642100326,0.0284283002410812,0.0262478686867824,17.521284230716667,5.993852459016393,-0.4320526174824562,-17.43105997179569,3.0575528520179973,4.19757427981011,0.6147540983606558,0.863120568566631,70.3783645190135,0.2289655172413793,0.548,3.390899852746074,0.4298477708796042,36.72428976219598,3.387611602320128,1,BBT,SHELDON,0.0274211027056957,-0.07798073609634439,0.15845455572689549,-0.3532990307109316,0.061557915176283284,-0.22916770916956755,0.3807201334166273,0.13953865127262766,0.387622264896463,0.5609544325800646
1_5751,0.726,0.4626249999999999,0.52225,393.365552064817,118.57869681315042,512.9651568908201,0.0278518005338218,0.1606601354288518,3.58950125980821,0.4949832775919732,7.480041913865499,7.851977180197244,65.28222428335849,129.2816082797674,0.1203786444002209,0.0672234041544429,0.4784521787157086,0.6500611538423795,0.1380728966284194,-0.1716089751266709,0.0526006520315844,37.93785085541593,6.31647983837531,-0.8950264631806555,-25.701739839949944,5.245689622205301,5.245689622205301,0.4986694609243666,1.0,88.59282992012169,0.1258823529411764,0.22,3.602431109470969,0.3188341420709703,28.51051066340053,6.280455383839274,0,BBT,BERNADETTE,1.4421645959477534,-0.5485017722250264,-0.5100459752929848,0.2015419349528727,0.7645770761566364,0.07913375382525226,1.2406226609948807,1.3130788483816627,0.589179729118237,1.9001193126341227
1_5758,0.4463333333333333,0.3813333333333333,0.3563333333333333,256.94510988796026,86.25228133453679,304.58986940281363,0.0157231872807179,0.1125068825162124,3.7632644271705153,0.4414715719063545,7.147595606582588,4.319976260523327,30.20162251445612,41.31755334662836,0.09106988820086,0.0546168379344772,0.3275799893364066,0.496031322007243,0.5657685643979661,-0.1684513326708364,0.0447375633072758,13.646042116583311,4.155578841036388,1.455695967626235,-2.9030830124186675,10.90965362469211,12.564358109794473,0.6648926145658222,0.9182958340544896,117.28072969608516,0.3872727272727272,0.965,2.631551436340584,0.3896124510355691,30.80624953621365,2.846350708467644,1,BBT,AMY,0.2401182395352769,0.5167471767570492,-0.3802300340833174,-0.5757772694203023,-1.277074277469241,-1.5370542736173127,0.8158955089555792,1.7938214542262902,1.1568242395339954,2.285109015419136
1_5786,0.5673999999999999,0.4128,0.4730999999999999,160.80939257757495,61.20428689905659,488.16309631473,0.0217234428132238,0.1352243700248445,4.730337767007122,0.520694259012016,6.125702828223045,8.12376352020095,68.89343694253239,89.412756940532,0.1436664128121248,0.0695565254610531,0.4256970210586943,0.3360803860784272,0.1031421246258794,0.089616634980267,0.0194722652884514,19.71658215194891,4.79402830034847,-0.358619737180838,-1.2919531682861916,5.18581384939411,6.632064798696836,0.5992535375435587,1.0,102.1241520822022,0.1536363636363636,0.2378947368421053,3.200420358864825,0.6508603081636076,42.03398728407203,4.532884294905899,0,BBT,SHELDON,-0.28225341345203275,0.07397052987458894,0.17003514116839105,-0.27488979471880415,-0.3932509501308402,-0.3996345528475886,0.007363618733228605,0.4672214800054292,0.5696696940159797,0.7367996298448933
1_5880,0.754,0.471,0.4305,188.33862758291093,25.59100008359316,86.74408849111725,0.0201529005312933,0.1211650580001202,2.520548945094287,0.2964824120603015,7.230652675381067,7.55958457019403,44.56403358159929,54.25684073532777,0.1036410723014706,0.0502867262659821,0.4723340365213792,0.4801405190967932,0.2242944676392005,-0.007806482575414,0.1793968139954639,13.31513285231118,3.4906599122529287,-5.125689307688854,-9.001056935393283,,,,,85.27084886218013,0.2975,0.5133333333333333,3.6477116075189713,0.7644539794681505,32.18972176588646,1.0962999694399451,1,BBT,AMY,-0.21889569325867592,0.11142943609608791,0.38495145127052344,0.28162453878629645,0.968985554946355,-0.8145995551723688,0.5005202320449724,0.8575561188502671,1.1995510064428923,1.5571915799676166
1_5919,0.656625,0.541625,0.5695,149.92749761671777,31.666362654256574,158.51829833822922,0.0245261900685557,0.13506543050832,4.762541317517859,0.5658720200752823,7.125,7.8200309306533775,36.689716656748914,46.33501755801603,0.1342413058978392,0.0606168280636974,0.4964254015467735,0.3483325483937142,0.0421449751961089,0.1480928531530593,0.0626889130311748,14.69083357621319,5.625,-1.121505326066759,-7.9358483390815024,7.4428428971132545,7.019508728162961,0.5,0.9182958340544896,80.62952023201878,0.18375,0.515,3.074863415272532,0.318093479652926,36.01123076797608,2.71156440668386,0,BBT,SHELDON,-0.3176440029064311,0.004705882802163955,0.5681949353912757,0.9569479890233716,0.25811856844103986,0.5393942317559074,1.2745919919298028,0.2534126856388759,0.028800703635368352,1.2998585367893625
1_5953,0.7017500000000001,0.4765,0.5311250000000001,115.31232766591748,51.20269530915634,399.44712607705344,0.0234500569449918,0.1310362386393516,5.355646225814602,0.5845272206303725,6.981364934544656,8.681670104940547,67.96616550061873,67.21000597249902,0.1498635934760819,0.0649985581439386,0.3219212205410509,0.3587071339775671,0.0732698602808374,-0.0367859134365162,0.0895754501853225,19.22065050961722,4.1318282265672455,-0.2551350565354132,9.734596444551208,1.4221982058536025,1.4221982058536025,0.4274305061966116,1.0,96.83941232047415,0.1270588235294117,0.1555555555555555,3.914087921407526,0.3098866440398806,33.35958039269042,5.52028055739275,0,BBT,HOWARD,-0.24362583996669923,0.10869443175175471,0.790472435378498,0.3342160995127236,0.5875447329191134,0.16558479597624906,0.5778419394794228,0.47885030116735866,0.6248876394022489,0.9765671916602184
1_5964,0.6225999999999999,0.4373999999999999,0.436,178.89263081250914,107.25584934134972,498.9603357579732,0.0550555940789794,0.1833718311228457,1.5916495335807734,0.1683417085427135,7.230652675381067,3.902287723244744,73.48323888980377,62.50548577259456,0.2682503378260659,0.3104778906813351,0.4834546549365084,0.6122475488037376,0.1788854381999832,-0.1287928938672291,0.0667114403289725,6.019979495106706,0.7479985526256276,-0.7182244488202324,14.71032596283117,,,,,63.369963369963365,0.1342857142857143,0.0981818181818181,3.0188863898715668,0.3681787005729086,29.071687198038976,8.292904202241065,1,BBT,HOWARD,0.1128285919555016,-2.087318513105779,-0.008691313790854563,-0.039662086742422276,0.00972576519746188,-0.7610242614449909,0.15249067869792388,2.097044278303241,0.7523329476541364,2.2331262786461665
1_6020,0.5718,0.3494,0.3908,212.28804027558044,39.464767856392605,327.1782744024364,0.0210111981888856,0.1309898840244771,2.6873156351916068,0.4129443938012762,6.904052701182811,5.780748120028853,36.08697367817118,45.80020793968526,0.1156165404303747,0.0598232463238159,0.373569061987644,0.5009626498088332,0.3691019066998079,-0.1273935878211892,0.0799113618499872,9.889057721079086,3.997083142790048,-0.2472729722601861,5.339855787407723,1.6151836398421455,2.35636793181555,1.0901135843972858,0.9940302114769564,65.9856032145496,0.3669565217391304,0.7511111111111111,2.086106776900699,0.4246979331737693,34.721262264276994,2.403991163579909,1,BBT,SHELDON,-0.26459448695097787,-0.0027156703472894783,-0.07354589596270966,-0.8811270583652544,-0.36112961774959823,-1.2013157662590779,0.6165325714142765,0.35841394740230875,1.127769870296368,1.3343304874188748
1_6032,0.359,0.494,0.365,186.6256755218284,63.34160897087256,297.07962620683696,0.0202132602675884,0.0983427725986553,7.138321938758867,0.6204819277108434,6.183510638297872,7.027759928276054,45.12431709716923,46.610882236386495,0.1095226380131961,0.0591602742713909,0.355072637493503,0.4784549113836847,0.1585106562370604,-0.1233822738901816,0.0317445480739249,25.89922613015381,4.388297872340425,-1.2012559698237584,-0.8638233693317954,,,,,41.2722864070746,0.0983333333333333,0.0975,4.959925081527439,0.3513513513513513,39.1695782665422,4.94545617461778,1,BBT,SHELDON,-0.24976325889917755,0.7843929759744219,-0.06916666460457066,0.5015528836422644,-1.9146340565514577,-1.4526325986529594,0.7513161425414419,2.69902703252588,1.3834659340483886,3.1246121133704245
1_6039,0.6789999999999999,0.454,0.552,331.06365227544126,73.40095993989331,380.4119026911085,0.0197029646599696,0.1161045229065487,5.562802329246093,0.4678714859437751,6.781914893617021,10.643677467047976,8.716915179470048,10.54124258909302,0.0844922851595965,0.0635898042941541,0.2456641186497184,0.4886426497998274,0.0259237923682606,-0.242978531150109,0.0895390291920144,11.457078582264376,5.1861702127659575,-0.7102329691912449,8.474378480214234,2.677754587426167,2.677754587426167,0.5984042553191489,1.0,76.2774025862538,0.2666666666666666,0.245,2.4995201135210863,0.6589373957474484,36.51828440626097,2.2982955110384604,0,BBT,BERNADETTE,0.8755944634587052,0.5116698264185864,-0.1277242348435724,0.11906880563188593,0.421462843902466,0.3689273880778874,0.7565256578268192,0.09020698251612036,0.4966516229214598,0.9094675393852631
1_6065,0.6298333333333334,0.50425,0.52875,189.68789772300744,44.89091504418855,342.86057465114607,0.021176576396167,0.1296398571327566,5.708830900392384,0.6220735785953178,6.442529054098302,6.921408344487876,26.304562948728464,32.39328062398668,0.1089328424637387,0.0573048823080888,0.1878445206785678,0.3903767678114226,0.0453028424146715,-0.2025322471328547,0.0983870830213171,14.859013080071731,5.664982444120921,-0.3897007952925951,-1.943779702757203,2.538283549354275,3.282092760639558,1.110780871396259,0.9910760598382222,92.90166990483216,0.1085714285714285,0.1381818181818181,3.131846012701017,0.4987151741555908,36.995229109135714,2.2037203277939788,1,BBT,SHELDON,-0.33160827393760683,0.2992023603502888,0.001291547106706888,0.5995644286324237,0.06253128888480645,0.14245001004851757,0.9311727025700305,0.23667107146548233,0.14115846294181067,0.9710929459842083
1_6092,0.647142857142857,0.3788571428571429,0.5287142857142857,204.2278132782621,83.15633043076078,406.8614624785218,0.0215324182970007,0.1410782063657039,3.290499490741545,0.4069119286510591,6.442529054098302,6.821047928053381,35.49359740405599,51.17648955098705,0.1228324653575812,0.082088492217143,0.4194838514150615,0.357675240813247,0.403283755762566,0.0618086106018145,0.0286647855969988,10.62218738273938,5.442826269841669,0.9929862818991156,16.45279689366393,10.494899312634482,14.020903011428064,0.7775466099773813,1.0,101.73955728207926,0.7272727272727272,1.52,1.9199454917830665,0.7198306761585657,44.91781899274186,3.43979543773099,0,BBT,LEONARD,0.04081215964496662,-0.07491277079531078,-0.08350858959022396,-0.5994548552018966,0.18889605425906156,0.1421021185308066,0.6402670148468632,0.2638088250543723,0.22561070812103057,0.728311154724651
1_6113,0.7342222222222222,0.4198888888888888,0.5654444444444445,170.3602307340437,66.89793170495658,392.8363626121827,0.0220525413323694,0.11259247074694,6.7657657189575575,0.5953177257525084,6.442529054098302,7.100122890943456,22.309964644458976,23.271371822345703,0.1146991840667204,0.08578571406366,0.3683641293252479,0.4135760719662084,0.1747200449759682,-0.0452119426409605,0.0241737665072064,18.93201095896908,4.33204539844541,1.2429234902129462,-6.796439228967592,3.502932079833569,4.044986818944891,0.6664685228377554,0.9709505944546686,89.83145634939716,0.0944,0.1133333333333333,2.686683919001651,0.53266912244737,48.37956910028517,3.278006211723082,0,BBT,HOWARD,-0.19988799883359043,0.5502554092334682,0.11947656796641178,-0.2071051164491878,0.8246017881821888,0.4998892171892558,0.007217117615597374,0.2743463789487206,0.380412649222844,0.46907548019236195
1_6134,0.6396,0.4732,0.5372,147.79065723956737,43.39608716825207,314.37317999664856,0.0317928633517296,0.1261942736908918,5.647846823549636,0.5501672240802675,6.482702992016765,7.11761072102358,33.88912977173837,32.5616561462095,0.1325201160548438,0.064422352614123,0.2066966346542455,0.2606291559309638,0.1606332911916866,-0.0539325212767183,0.0621861921492067,24.28543687270707,7.147595606582588,-0.7091452700478662,-15.94118601180088,,,,,123.56856744787778,0.2825,0.485,2.697761066840297,0.5218168971653692,39.14600501844735,1.870794428378333,1,BBT,SHELDON,-0.47229395550487446,-0.10751247773824887,0.24972775505931058,0.30266116307686763,0.1338309130340767,0.22476114313876128,0.774955118581742,0.24134339077232558,0.024966611920549303,0.8120501214803904
1_6165,0.5705,0.44275,0.41475,182.7345993782621,45.71721141465338,374.442014272698,0.0262172923460734,0.1563196466479788,4.931714255486451,0.7177650429799427,7.266318605342397,4.294389796340115,52.29049002552578,48.64846460653812,0.1416693321462024,0.0697635552032908,0.2454466924778214,0.2378633444664607,0.137189410257616,0.0075833480113607,0.0871226120862316,18.89743023016624,8.406133288533361,-0.3709448134008724,-0.8189014110611339,1.83872946116346,2.136066645025237,1.2822915185898347,0.8112781244591328,95.26075403706454,0.0685714285714285,0.08,3.157752759028637,0.4243790838129095,34.20589840720314,2.8145766393957032,1,BBT,SHELDON,-0.35296277719341035,-0.29475616212419287,0.03294024618812356,0.011495158691466596,-0.3706200114076921,-0.968019714482587,0.36445793588487696,0.07586384928349921,1.0009599606707105,1.0679446397278676
1_6183,0.6165,0.2714999999999999,0.4639999999999999,202.4495297086299,22.74399579675821,101.67925001446751,0.0294316162682065,0.1578998057123464,2.159689640915021,0.2638190954773869,5.235989868379393,14.445930589993685,34.82409886342262,50.98101047141527,0.1224444729765896,0.060508680124786,0.4706411470894263,0.6660295278134604,0.1003350093135977,-0.195388380724034,0.3230670921563711,6.632038961984457,3.739992763128138,-0.8422592958729318,2.077941653421073,2.3491667789820294,2.3491667789820294,0.7479985526256276,1.0,80.2627717753768,0.36,1.2400000000000002,3.6074002673442,1.3408008197095131,43.34720525731098,1.611231340301818,0,BBT,RAJ,-0.13713240991521503,-0.6791513978343193,0.38529119066884093,-1.6260148002904675,-0.0348060819674402,-0.48827731156015913,1.4888823903752524,0.6443453158668792,0.8735685022290001,1.8425725457999564
1_6188,0.7615000000000001,0.4395,0.7949999999999999,209.41059947877127,49.71630330646596,349.6578688046378,0.0211508393575535,0.1203116600789895,3.9418553413765736,0.4396984924623116,6.23332127188023,5.221575453806143,32.20930113586634,37.56851072377176,0.1109186849561693,0.0696554108318937,0.6750925306670498,0.5398081298878595,0.0363937262623419,0.1352844007791902,0.1752924080922842,8.5304838387056,2.7426613596273013,-4.175751653092666,3.36368337079079,2.669590940560681,2.744500698207288,1.4959971052512553,-0.0,108.21047381078692,0.2199999999999999,0.4533333333333333,3.062056941051283,0.3369963729450794,25.08928647737363,3.094112375774685,1,BBT,PENNY,-0.4298187554277678,0.22807246883440263,-0.3818649491208987,-0.01958167264687643,1.0237378260507444,2.7359812745783976,0.4102370827808914,0.7956653572163417,3.117846223699296,3.2438161013532727
1_6211,0.547,0.449,0.5733333333333334,325.754544493426,114.53391073816042,451.5496532637266,0.0225879381628763,0.1576001460721604,3.8204814122706607,0.568561872909699,6.648926145658221,4.962872453668492,34.42825007003098,35.39734196109864,0.1205608329209813,0.0960027912688613,0.3505550464761968,0.3993375855118044,0.0530267120407715,-0.0487825390356076,0.0683142454051952,19.27392967005687,4.488025148319299,0.6683613929125464,-15.829257161227783,19.76108663749401,0.0,0.3324463072829111,-0.0,85.38563219014345,0.1126315789473684,0.13,1.9307485579934631,0.4947308013002051,35.32091867118366,4.905209816063656,0,BBT,SHELDON,0.6555889084303533,-0.24395641020570644,-0.836598473361565,0.07125829588058857,-0.5421771275347769,0.5767345879901407,0.5843306125497647,0.2982207173290704,1.4133330613517057,1.5581682204809701
1_6221,0.6188333333333333,0.3841666666666666,0.5066666666666667,320.2093229803921,61.23019031474566,362.1353018379842,0.0179510353394056,0.1015765289097247,9.597723692279434,0.6005025125628141,6.731986973630649,7.547240698440042,20.073797143332754,37.26252047874827,0.0770345475683678,0.0577932596865724,0.4070469204924219,0.4930373828221,0.2079500979640145,-0.0859904623296781,0.1506714836966337,13.824887032146206,6.981319824505857,1.932709266807588,1.6713418216528968,1.9976911106353248,2.432903544303694,0.9973314035008368,0.9182958340544896,90.02973513243377,0.1822222222222222,0.175,4.42870295462369,0.4610473257689264,46.11905492810752,2.622663751964012,1,BBT,BERNADETTE,0.436691948579616,1.101275303855338,-0.4657194363147939,-0.5486846472279008,-0.017772042068297255,-0.07266291173565109,0.9853765958075168,1.1190473459236352,0.3930565245791428,1.5419881418150325
1_6355,0.5717142857142857,0.4871428571428571,0.4641428571428571,196.86387676735103,85.69859092942754,505.09161282204286,0.0202658965396349,0.15001788600274,3.007500942467002,0.4211485870556062,7.176581097282131,4.829121095035869,39.03733074345612,59.83041531197952,0.1859938432842682,0.2781020353453232,0.2801827365748204,0.4122318605714454,0.1153739489075521,-0.132049123996625,0.0658882242688809,11.451525658808537,3.997083142790048,0.185970812283021,-10.998708568115354,2.7073057287179503,4.201855798266236,0.7267423895981906,0.9852281360342516,100.65942571497644,0.186060606060606,0.2094736842105263,3.926831720437436,0.3450381838543959,34.27389873577853,3.662074493461867,1,BBT,LEONARD,0.06438113443613228,-0.15039695968045536,-0.007405322717295808,0.4359841845547705,-0.36175535799079095,-0.48688574548931796,0.37160305011863826,0.2113583983103356,0.47948042277202213,0.6423882589333516
1_6370,0.8460000000000001,0.5435,0.7175,230.72061012284337,112.97934114396364,467.17433935607824,0.0218728529127075,0.115849464963369,6.61147460708685,0.6243032329988851,7.442231838354935,6.518697754446017,36.06792324421488,57.750599650420085,0.1122628781479307,0.0643897939067726,0.3247821741758181,0.2695360336332039,0.0122151214192157,0.0552461405426141,0.067803555983038,19.9076464585271,5.442826269841669,-0.1071900786197055,8.687781963584492,9.79071650580661,13.505913960469549,0.6664685228377554,0.9709505944546686,93.31740677565529,0.0978571428571428,0.1169230769230769,3.3178557762495946,0.4115625466721799,34.57538116231406,5.840574895234388,1,BBT,SHELDON,0.6530450899269903,0.4914151851008337,0.12809245172555386,0.9748769301801078,1.6406134138268587,1.9810566811471655,0.3218318402531175,1.149198228726025,1.8529642294216115,2.2040210384258514
1_6426,0.623375,0.3805,0.4363749999999999,145.6488752571553,17.864645386020953,82.01181028609905,0.0190214717729731,0.1089486509891611,4.689528812983423,0.4916387959866221,6.482702992016765,9.022485905964537,44.11613436111652,46.945160246657856,0.1300387839898935,0.0540588666681847,0.3410260515968946,0.5249069422898851,0.0889264448397103,-0.1838808906929904,0.1984160712452705,11.42329876619274,4.820471455602211,-0.0914827084602038,17.683717575749746,2.564113315993879,2.777497941539319,0.8311157682072776,0.8112781244591328,64.97760684167481,0.1325,0.16,2.9693791992011294,0.3770756876167284,47.07236792561804,2.307176333899083,1,BBT,SHELDON,-0.5262655430840781,0.49127960945816035,0.49006307122119064,-0.5837456877121848,0.015383499878249319,-0.7573714005090343,0.05748014462810669,0.475896109579911,1.2474344717302248,1.3363659062549553
1_6427,0.520625,0.408125,0.399,217.03178946175208,48.24749142720504,384.9425827574788,0.0187009661201156,0.0916583802880516,5.920473509199676,0.4682274247491639,5.651587223809488,11.396173400377728,26.30060046482497,43.93625081424045,0.1051473441511338,0.062949335150534,0.1722767433673858,0.4144449406600523,0.144244847067309,-0.2421681972926664,0.1522399150169233,13.015585531424406,5.319140916526577,-0.0453270473310828,17.81964836425702,1.7838734216067635,1.893063359421284,0.6648926145658222,0.9182958340544896,125.05632034000152,0.248,0.2914285714285714,4.127804877749086,0.9722652251429588,39.83778599359206,4.634659845736579,1,BBT,PENNY,-0.021613301707067628,0.8263386197200556,0.10292863490061362,-0.31959262133626704,-0.7347226142518779,-1.121439873792805,0.29797931962919944,1.5610612339719334,1.2243685086934186,2.0061859575365393
1_6428,0.6436,0.397,0.5158,124.72141636178958,36.50066432320727,222.47982981700983,0.0199747150041367,0.134506120375863,1.0803676405494749,0.2926421404682274,6.648926145658221,6.273773821875542,108.13544357632294,82.15563196247214,0.148796017864136,0.0648768577615901,0.1858449583104389,0.2817859399428327,0.0475920756272948,-0.0959409816323937,0.1962219324552974,7.109171925249923,2.825793611904744,1.4695229205530271,12.264053738201856,,,,,83.57184482184483,0.348,0.405,2.306039214414336,0.586184977709943,39.08664934574735,2.325796232459284,1,BBT,LEONARD,-0.6465650992346238,-0.23638720704887134,0.3266257788596601,-0.4259710055329035,0.16303212428975078,0.016304545726782325,0.22059409370172028,0.3994193313386221,0.3103212331328778,0.5518123088117781
1_6472,0.774,0.3926666666666666,0.5316666666666666,111.68679085750443,12.069552383600024,50.7063256925122,0.0312232689636382,0.155691938808546,0.9726837075757876,0.2437185929648241,7.479985526256276,7.275340887524738,39.86882534640836,47.252683451968366,0.1456469385784959,0.0670490386823313,0.1479145311347423,0.2008108004438638,0.207404105771348,-0.0528962693091215,0.1714615254231265,7.849492226590955,2.2439956578768827,-0.9054060143112556,-5.716946897627256,,,,,65.77633477633478,0.2309090909090909,1.05,2.167029600138432,0.3153708550156051,30.4392710012321,1.781581526032638,1,BBT,SHELDON,-0.5764076587966344,-0.8448335192318845,0.8288625670414502,-0.4674067806506953,1.1149916112247253,0.17086115066152,0.10900087814593906,1.9598251304566099,0.6580014163799303,2.070208104844498
1_6504,0.5507,0.498,0.449,143.07644760671033,52.986795782519394,356.2617028964687,0.027376261328054,0.1398715550946725,4.539776866467121,0.496661101836394,6.577466809648235,6.591183082844632,43.17061928107199,61.47259984277198,0.131102138281131,0.0642222129101575,0.4534491801906053,0.3867624652046654,0.0708288246974829,0.0666867149859399,0.0175492535961928,14.393823055951646,4.579249044691809,0.1010877590063949,10.959961033453595,4.355267231759311,6.239766315857401,0.7493316618586596,0.954434002924965,70.11635394025733,0.1949999999999999,0.1652631578947368,2.9952875674737944,0.4729992901301191,37.121169815545805,4.190437215934514,1,BBT,SHELDON,-0.4285646680378028,-0.19064216166217135,0.24591053214994674,0.5398012914433022,-0.5151660071232789,-0.6343917489984614,0.968365959481105,0.3245238454611075,0.8803022811484081,1.3483250587116289
1_6534,0.559,0.3493333333333333,0.51,184.85200175481688,75.10199565607502,353.61787254785634,0.0226258811045055,0.1370357131571844,6.16299324991253,0.608433734939759,6.981382978723404,5.763148841607721,47.95145315851664,64.65393174455127,0.1181134239204993,0.0639891061877436,0.3015200214482867,0.4201121075454038,0.1380728966284194,-0.118592086097117,0.0565818297973768,24.893183165645045,3.9893617021276593,-1.1296839872594246,-11.055035499048744,1.9405556894701184,2.0238043959772005,1.1968085106382975,0.7219280948873623,135.759539699846,0.1566666666666666,0.31,2.83021178094218,0.3316386756981251,38.37354648794146,5.44099103141736,0,BBT,SHELDON,-0.04248826695707694,0.17740467960785283,0.0909516255930173,-0.8817645318286055,-0.45457349376775463,-0.04019303674936183,0.8392762648715285,0.6319781733756075,0.13114466234237912,1.0587634215729074
1_6627,0.8482500000000001,0.6272500000000001,0.667,148.47203644526942,62.362518020791526,397.3811792046124,0.0292042301873924,0.1531623534416164,1.186164056752483,0.2951289398280802,6.411457592949174,6.464463861831888,71.65308830941667,70.30210622844285,0.1694682175762505,0.0756062320152653,0.5207523246248749,0.6321815371571445,2.6638597370861938e-17,-0.1114292125322696,0.0476607915877425,13.175446248155938,3.134490378775152,1.5760377795685607,8.814220323069033,5.962349542641428,0.9016972100347136,0.4274305061966116,-0.0,69.39934865425062,0.3288888888888889,0.4511111111111112,2.101146705067244,0.5701027510689681,47.47821325095771,3.649149826736057,0,BBT,LEONARD,-0.3870652728196703,-0.7549249202848037,0.14046804449622716,1.7757029685143388,1.6570390951581753,1.4891380751048784,2.162768241334009,2.411964015442979,1.3486700306086512,3.5091377472217817
1_6645,0.5125000000000001,0.4067499999999999,0.38525,174.68077373948552,133.7265916584056,436.4347882342989,0.029187459968806,0.170120344132155,3.372185989007724,0.4054441260744986,5.984027086752562,10.895778440924117,86.45135445136242,101.49763695283548,0.1675000451637697,0.0668701549556834,0.2961030519712118,0.4736550050773774,0.0214768389793779,-0.1775519531061656,0.0877353547570588,12.161936479494916,5.271642909758209,-1.2747833583677417,-21.0092724027474,14.793483840641548,16.487734424537184,0.5699073415954821,0.9182958340544896,83.19570935757233,0.1576,0.14875,4.226945142250738,0.6794859882030235,51.37235964335191,7.220028911475933,0,BBT,PERSON1,0.5996222393857575,-0.7499852597337815,0.3809065712221049,-0.332740511517875,-0.7940375746149654,-1.25537810811125,0.9323627509036325,0.044052314881183885,1.636284679333355,1.8837909803213413
1_6648,0.63425,0.403125,0.514375,153.2806772955455,92.70794524050103,488.200183544569,0.0222118407909094,0.1178127896047311,5.082758026681008,0.4866220735785953,6.150256684733854,7.995963087778094,65.14831665318731,76.14025931356012,0.1666876232665156,0.1477865636608496,0.1983685547005008,0.3377394615495442,0.071978492946153,-0.1393709068490433,0.2137598892168968,12.661011454537585,4.155578841036388,-0.2214319236708051,-16.87314034794926,1.560238655131931,1.560238655131931,0.4986694609243666,1.0,82.83017325745631,0.0963636363636363,0.1044444444444444,3.348421377333258,0.4738035414793429,45.14190651674965,2.856688324557605,1,BBT,LEONARD,-0.04584190625033937,0.2784774409624891,0.20162002873748266,-0.3674031310875644,0.09477429297961291,0.0024236741701434317,0.32156122483722505,0.18370314798287618,0.19919635456733922,0.420508805580278
1_6683,0.608111111111111,0.4708888888888888,0.5181111111111112,131.1701591845289,39.16607432331646,297.4115189154253,0.024073950136542,0.1102559071214377,4.6432272298341495,0.4899665551839465,6.31647983837531,6.800928174246138,89.44826523682768,68.6235925506615,0.1287025974143333,0.0503342338941391,0.1117672855931287,0.2533459747690533,0.0418303870092105,-0.1415786891759245,0.0916910328740704,12.755138497061733,3.823132533753477,-0.0439411987746217,20.36799604190493,2.724210909663597,0.0,0.3324463072829111,-0.0,120.77578379978706,0.10375,0.106,3.094261610587985,0.4414139835681901,40.99608188268167,4.029852896136777,1,BBT,HOWARD,-0.6468505895878457,0.21369034021444053,0.23138858363056558,0.28056208301404484,-0.09604751112864632,0.03881699238394352,0.9274126726018905,0.30973785134308685,0.19257159124662207,0.9965518649887067
1_6766,0.599,0.415,0.6559999999999999,218.73550858489665,50.19095449497764,382.963111477476,0.0178021912901658,0.1287146729413917,7.11403404208147,0.6506024096385542,6.382978723404255,8.445916582591268,47.02012697650604,63.648542214342775,0.1051834782306156,0.0586768555885106,0.3290537414430557,0.3517977133820076,0.2433759172811639,-0.0227439719389518,0.1203914310311168,20.64186100872612,6.382978723404255,0.4564101222167635,4.75323955294407,2.003770332079443,2.282752628639525,1.1968085106382975,0.9709505944546686,74.18929463657031,0.14,0.1828571428571428,3.1825317607383963,0.4461114274338849,37.53848160271621,1.8508324119312856,0,BBT,SHELDON,-0.05655803536020208,0.5514210237303028,0.017156076907676163,-0.2538531704282335,-0.16256138121101468,1.3819874876501215,0.19729513506803142,0.7139824049413175,1.3648314107424453,1.5528879626800234
1_6769,0.5925,0.3530999999999999,0.5610999999999999,175.44229578849715,59.299411910402895,374.9185620055363,0.0224188385022719,0.1412944803062585,6.276456802040653,0.4355300859598854,5.41411974515708,15.349553501890307,39.73166529442685,59.75951181322533,0.1349073933688344,0.0693092576682208,0.3607559319424884,0.4497017946516845,0.1441973050923095,-0.088945862709196,0.1117724185153298,12.109374842620031,4.416781897364986,0.1567500820332306,-5.0341220473850345,1.141917748733034,1.1026201347297384,0.4274305061966116,-0.0,62.20751193738956,0.1452173913043478,0.1816666666666666,5.612076963504429,0.7332781702737372,48.36204114156597,3.1576075388618987,1,BBT,AMY,0.20649064045866022,0.16069295654497076,0.6970620718598793,-0.845747281149295,-0.21001334950148465,0.4575701467904569,1.0522379216079552,0.3707063060464554,0.23949192506942246,1.141045218729694
1_6835,0.52375,0.493,0.4807499999999999,285.32665228506266,103.1915598936035,438.5054768962925,0.0277102311323548,0.1352312873518433,4.493583225799225,0.4623115577889447,6.981319824505857,6.600034071176345,25.883766945810148,30.24840437653452,0.1074132082404309,0.0735927985769164,0.5011317267664814,0.5788738061313536,0.0522312112062118,-0.0777420793648722,0.0818812738896206,24.990424945078026,6.48265412275544,-5.087059184454304,-8.624572504105672,,,,,67.88950397972954,0.22,0.4000000000000001,3.109781255610961,0.4201892171532616,42.11482026813428,3.1079784172187988,0,BBT,AMY,0.6499667133787287,-0.13762383012250362,-0.31057908729608974,0.4919907816920049,-0.7119091679583822,-0.3251161897540541,0.1579759316867238,0.5742853378358785,0.014537102457964357,0.5957947394811665
1_6860,0.5038,0.4418,0.4354,158.9118226482607,105.69110704762416,477.023992178776,0.0251870166552741,0.1634201629713228,5.188993412110303,0.5326633165829145,6.48265412275544,10.251089136569234,13.9451180651697,14.490584183454963,0.1423524290692427,0.0751465077299179,0.3396564045285293,0.3454386067675667,0.1358655026938129,-0.0057822022390374,0.2963308382763969,11.954259029387904,7.479985526256276,-1.278320769627266,-5.669856617124399,1.181416469582108,1.3360638350217693,0.9973314035008368,0.9182958340544896,97.8623483873181,0.1242857142857142,0.34,4.653180700823809,0.3590630585100632,34.875980008873704,5.04750559963811,0,BBT,SHELDON,0.38498913209163577,-0.25858774975138443,0.5718313117102376,0.0024111618387205737,-0.8575502090960567,-0.7668688389425229,0.3825779702529152,0.5989624593446723,1.3387001506527605,1.5156648786538476
1_7047,0.7276,0.4561999999999999,0.5958,139.43213347602685,45.71576920875753,305.46854668508087,0.0245602222731067,0.150037637686702,2.364150837737976,0.4080267558528428,7.147595606582588,6.475341909150054,9.282869755800387,9.777910484858923,0.1298662177770257,0.059313397616898,0.5000727366065117,0.6516627107422872,0.0114384734957335,-0.1515899741357754,0.0920158542666742,9.937015394605329,3.823132533753477,-1.160794054576113,14.191322110428864,1.1423454525596728,1.5605122912197258,0.6648926145658222,0.9182958340544896,79.40919492406906,0.1746666666666666,0.2774999999999999,3.673901149118465,0.6091202757537213,35.89344121267559,1.5919700224186912,1,BBT,LEONARD,-0.35207737387833005,-0.34789396818613016,0.4671765361583766,0.1401054299224555,0.7762575606589064,0.7955815453977322,0.49218280380078555,1.1241515288450366,0.32840500923935556,1.2703583833923942
1_7082,0.5504999999999999,0.44475,0.4155,205.87797816239743,50.150932064307376,336.89863548777373,0.0235826324040296,0.1383098898807306,8.219674348757438,0.7565485362095532,6.070696721311475,8.469905786851514,4.923852790362323,6.525343997822453,0.1112261297729632,0.0660435616370338,0.6551727923761596,0.3917278303804235,0.2752966505219213,0.263444961995736,0.0259215611836041,31.35155394222544,8.299180327868852,-0.010582243267833,17.66801317526895,4.216385784679328,4.549498742594,0.5379098360655737,0.9182958340544896,69.28311549539934,0.1167741935483871,0.136,3.166675941033882,0.4596684621432461,41.77406893871425,2.713069545687917,0,BBT,RAJ,-0.19209642624556877,0.36958226838976016,-0.03452614557474562,0.03061936259198554,-0.5166260676860632,-0.960713992610672,0.22271578883755433,0.8862083360758234,0.9261878470359264,1.301073197604523
1_7089,0.7101666666666667,0.5208333333333334,0.5203333333333333,256.5112405673387,123.3548498463792,520.2490125227228,0.0164574184762143,0.1133939094499898,6.921720985099813,0.5376128385155466,5.896844319139871,7.962251462049271,9.927438467781624,14.35439663603684,0.1114161300966015,0.1023288497363447,0.7308831554616229,0.612133706022328,0.0332687069511656,0.1187494494392948,0.0392158799463856,15.548351953301763,4.897379180302605,2.724912344549643,24.86934940859593,3.623673267229898,5.152750036008452,0.9994651388372664,0.9910760598382222,109.36223940231098,0.1834782608695652,0.2636363636363636,3.1973472898465607,0.6302717213888027,40.58480226939485,5.327811068356555,1,BBT,HOWARD,0.5277651003247857,0.7972627563945619,-0.4150704055801377,0.7581359526408937,0.6489889482695939,0.06046357570813564,0.230370852316108,0.14827380812496804,0.47553398128827334,0.5488063585023463
1_7186,0.652375,0.37,0.497625,96.66963021696816,17.816784197304255,114.45187018859254,0.0246769071875733,0.1187968064252005,7.0031802950062,0.4257064721969006,4.814668331088012,8.692519296680317,21.96711090127349,17.569414772929864,0.1540340574525175,0.049992589149709,0.2004633415443861,0.3579784204097128,0.0295930526508206,-0.1575150788653266,0.1080874508386902,11.696812799595556,3.9062403440902735,-0.5991761033727103,-3.336525731786228,2.101683450137936,1.9031424709607403,0.4542139934988691,0.8112781244591328,90.48564078709802,0.2966666666666667,0.3723076923076923,3.35448941256905,0.7509881334685219,48.196197181054174,2.0981551168086936,0,BBT,HOWARD,-1.216363027681155,0.4003143140557157,0.06028740747412827,-0.6841477581899092,0.22709228148188637,-0.16073744763596218,0.5322152694912458,0.17322203257382934,0.22102485511009046,0.601756555614548
1_7281,0.44425,0.546,0.50875,181.2388889398612,56.70439954923054,299.71334767144185,0.0200004064871593,0.1583332231868696,3.858041718792612,0.5040160642570282,5.784574468085106,8.216232743443982,53.02775236143865,73.39293095606955,0.1300959067046775,0.0615962927927138,0.4513725399089197,0.5536118833071404,0.1100895684628807,-0.1022393433982206,0.0515598510304924,14.615807118468446,5.38563829787234,0.5981668452926636,-7.052229388046896,3.911546304060154,4.547799812211618,0.7978723404255319,0.9182958340544896,107.2356367037218,0.1306666666666666,0.1657142857142857,5.496659475144212,0.8209926739502877,46.01610068086736,4.97178060450228,1,BBT,SHELDON,-0.33311311908446906,-0.16646065039180608,-0.05081261012723572,0.998782185055757,-1.2922832416649046,-0.05236923986922017,1.3318953041402262,1.1258225912730986,0.00155662974198445,1.7439678985886793
1_7341,0.6655555555555556,0.3144444444444444,0.4721111111111111,173.86196947595676,67.67628272161383,495.3226932894949,0.0222708999830409,0.1383370850825253,5.451341963528529,0.5988538681948424,6.411457592949174,9.507704940059767,123.09206207225856,172.73063957626488,0.1343507373481692,0.0668343827010106,0.1875154957724112,0.3133995550547664,0.0355883153987031,-0.1258840592823551,0.1008287290376277,14.743783501207096,6.981364934544656,0.0303985010148136,8.785698776437028,2.0055699838450303,1.7942084878151454,0.5699073415954821,0.9182958340544896,96.65781347999062,0.1473684210526315,0.1742857142857143,4.524461394840187,0.3495031847312803,29.478578735064907,3.90912931365514,0,BBT,SHELDON,0.028693915620268604,0.019821345443270987,0.3803661529184848,-1.2153756443154353,0.3233143282931177,-0.4092672824268538,1.244069559935704,0.3034929828498467,0.7896334353453386,1.5044394380675463
1_7357,0.7605,0.5055,0.5705,169.04018602657965,71.19350978626456,279.0699203953764,0.0253877013087901,0.1566367655651819,0.036089076154384,0.2008032128514056,7.579787234042553,3.806248004965489,111.77481105260766,98.880478749335,0.1393279670762468,0.0687179575326165,0.6614821910418568,0.4705900383742983,0.189358320929341,0.1908921526675585,0.1363181764158153,6.064211445733957,1.3962765957446808,-7.437281116521618,7.217697461679454,,,,,72.6931482366265,0.7485714285714286,1.02,1.5813955570478229,0.3841518945155486,33.9694441766042,5.61555277341505,1,BBT,LEONARD,-0.14127677648674913,-0.7943288090301708,0.16188637675172066,0.6115170560702478,1.016437523236825,0.5491351942517942,0.752793832556997,1.8107663322669958,0.38724881750007356,1.9988834160757665
1_7395,0.712,0.36975,0.4485,206.85042871919143,89.53653320535938,457.8413124993644,0.025999146603509,0.1251173434741,3.821306349663507,0.4120603015075377,6.731986973630649,9.116841967702818,61.530747267418654,61.07965679067728,0.1162707565729756,0.0635006707129237,0.4422658031475719,0.5705717753796448,0.1525478508542764,-0.1283059722320728,0.1499972204150309,10.632878983816838,4.238658464878556,-2.784166137459166,-21.926345968582808,0.9721127274436157,0.0,0.4986657017504184,-0.0,63.51258581235698,0.26,0.455,3.647545470256703,0.2983286346175657,34.66087583426827,2.349025237453504,1,BBT,AMY,0.3953590950153417,-0.06623462404207905,0.2903041719279741,-0.6865382836774739,0.6623728367617772,-0.6392622302464048,1.0818973786928157,0.7286074608038562,0.9295664021743789,1.6017067353335466
1_7400,0.7745,0.6775,0.746,286.30074286880443,52.487641538629234,382.200266094707,0.0172445954735802,0.1053158487264548,6.763955392383297,0.4398280802292263,6.274575745033113,10.59848846762828,29.45460494288233,69.77295374344015,0.0816154771667853,0.0624442094483515,0.184692754254212,0.2409114991568754,0.0489767361336254,-0.0562187449026633,0.1436399516558537,9.91220427460962,3.1372878725165565,-0.4301065916924376,7.636689535125308,2.696195763127074,3.289264577223143,1.2834359478476822,1.0,90.06300406115959,0.208,0.2307692307692307,3.4645451447696787,0.4461507284375394,46.72813015349484,4.144736754977476,0,BBT,PENNY,0.3801124333330682,0.8136050912178587,-0.1024579328654547,2.256198591514876,1.1186417626316842,2.2586741122799414,1.876086158181808,0.3050366714138255,2.3611320451453963,3.0311204493456017
1_7402,0.585,0.511,0.62075,153.0134974470746,38.663238163827344,278.6941298271718,0.0201555686881798,0.1263043960415598,4.13833489214342,0.5180722891566265,6.380208333333334,7.49984868677222,68.55049497649483,82.81140897099117,0.1312440276145861,0.0642287646821983,0.646646545317792,0.6380929498656704,0.2559712054277857,0.0085535954521215,0.1108155757239349,18.244700684451185,6.380208333333334,-1.0917695392316322,0.6517946537612822,0.254872744882384,0.2728295662556462,0.7975260416666667,0.9182958340544896,95.3068828190182,0.18,1.4400000000000002,1.812804871149958,0.5470052607570025,37.03747611745792,2.469284605878652,1,BBT,LEONARD,-0.48784984862427594,0.17808972758858932,0.23067758886650788,0.6641086167966754,-0.26476562060587394,1.03861855967011,1.1519584654209514,0.44285534819446326,0.8079409708036022,1.4750924641467393
1_7442,0.554875,0.390375,0.54525,154.71560173960412,46.16979029531647,471.8825189823451,0.0195888783246451,0.1519902193647857,6.3797526973801535,0.6973564266180492,6.814304786392405,7.16034802786607,68.76526637085139,85.27988070227926,0.1281224408737373,0.0631779146039673,0.1983533203286056,0.3482602552273597,0.0384030204736734,-0.1499069348987541,0.0919616428611892,15.201279391006274,7.450306566455696,-0.2167553730447166,-5.045389473917801,3.00198330171961,3.69646654817925,1.1811461629746836,0.9798687566511528,81.23904852736793,0.093125,0.1699999999999999,3.6321354113626976,0.427030150181677,37.46608256580371,2.0835728303236456,0,BBT,SHELDON,-0.3240969598878902,0.13455522292519403,0.34647124969388104,-0.4893199309533724,-0.48468724287516884,0.30317589123065064,0.16522297106548217,0.6192424658003629,0.043295358463230404,0.6423662115045268
1_7443,0.61225,0.3662499999999999,0.5015000000000001,294.2758326659082,66.5264219141568,287.0929231736055,0.0200130858767523,0.1058080958599734,8.451990192056622,0.4678714859437751,4.585774739583334,16.821176160739128,23.05308912444561,36.62686910116249,0.0874513233565703,0.066222261489062,0.5751952668879212,0.5024334031770706,0.1697219215713959,0.0727618637108505,0.1045833507336494,16.02003474613388,4.585774739583334,-1.4391969239085567,-7.436638669729577,0.0245604530297196,0.0,0.3987630208333333,-0.0,127.30250371219807,0.265,0.2299999999999999,3.544264249595432,0.7873311167286127,48.22727583627721,2.938186838195956,0,BBT,PENNY,0.6104638800971411,0.8619739829845015,-0.03501963820087798,-0.7200056405033831,-0.06583236892659451,-0.12299121796439982,1.3304695206005244,0.927806351911096,0.08797157976352185,1.624411515207786
1_7445,0.7053333333333334,0.401,0.4816666666666667,236.63961322176155,61.91782959379693,320.9326071769817,0.0270741269470468,0.1482813985781973,1.8894993866332617,0.2889447236180904,6.721346640173411,8.492023563245313,40.603102772297945,54.33847794712075,0.1195878554883015,0.0655540538841397,0.2556506504668402,0.3470441534455034,0.0147908927970993,-0.0913935029786632,0.2746083617313951,5.173787244133356,2.4893876445086707,2.032361547286056,6.4639718873453855,0.973383126532804,0.0,0.4978775289017341,-0.0,80.63492063492063,0.2111111111111111,0.36,2.874500218830373,0.6296968974717022,29.216398448239296,1.4474422340335231,0,BBT,PENNY,0.21155079634632173,-0.5130495425360981,0.061983502951314606,-0.3877225977318656,0.6137041513356543,-0.31618697413282326,0.5992733940781874,1.1267536938717524,0.37817047708413787,1.3310579992027671
1_7449,0.5025999999999999,0.4306,0.4082,185.54806016415512,47.172523898952,229.67750523835664,0.0198436304524234,0.1256727840615749,6.516496454633976,0.540133779264214,5.819784628378379,12.44809343150823,25.333935690965003,26.37239850986576,0.1102164781513516,0.0536166669051997,0.4118621475763739,0.3380489732572481,0.0606339062590832,0.0738131743191257,0.0338163372600071,15.776163091333892,4.15698902027027,-2.6247457933376843,-19.55694473445053,,,,,64.97506127989982,0.1566666666666667,0.1377777777777778,5.462342854717899,0.4147103144743498,36.8704242339844,1.9634552444843207,0,BBT,RAJ,-0.005746904856901103,0.47220082954258824,0.4511788542230495,-0.10468438000418585,-0.8663105724727597,-1.031823018830646,0.09893747514728475,1.338511402015348,1.4830018730536956,2.0001739806312804
1_7487,0.6342500000000001,0.356,0.51,165.52484313171027,83.91592807460907,434.7185619007753,0.0174508346686539,0.1224524604102389,6.229003406916157,0.6164994425863991,6.659753543814433,7.477379560161507,31.73147181237157,45.23858090814225,0.1240352603117506,0.0643827318706416,0.4007929967535918,0.5833638331251916,0.204479452977299,-0.1825708363715997,0.0358749674175974,12.540803520272306,5.660790512242268,-2.083849813557199,0.0702871162571323,2.020949840206039,2.801047439198066,1.4429466011597938,0.8112781244591328,75.44827193008936,0.2024999999999999,0.3371428571428571,3.178752468280085,0.5350585724090612,48.22791169110943,2.573628166829672,0,BBT,HOWARD,0.023512124693508912,0.5687340059699917,0.2718134320970018,-0.818017185493542,0.09477429297961372,-0.04019303674936183,0.8415293101870509,0.473959712990378,0.3120064688463636,1.0149667117909789
1_7490,0.727,0.4817777777777778,0.5948888888888889,133.256069103803,73.01712970683724,500.7120001202464,0.0179844220299127,0.120645329876566,5.924532843849917,0.5547602004294918,5.927880130597015,9.176382254945516,69.28228953667671,96.4319652923836,0.144404523440037,0.0709742843192475,0.2848873473562898,0.3571906015261158,0.1285058810634358,-0.072303254169826,0.0262277148927373,13.637081068253387,4.856576492537314,-1.070438199703548,-26.182496063817165,3.709980013565277,4.428797581856593,0.5713619402985075,0.9852281360342516,83.13821382934128,0.1733333333333333,0.264,4.5115261240214615,0.6654624841381163,52.5262180347855,4.630023147272707,0,BBT,HOWARD,-0.24595016737038689,0.4924078797492467,0.35939869869117763,0.38468274869464897,0.771877378970555,0.7867064462348132,0.6306329160650359,0.27946949922130826,0.4273077475436356,0.8114141895052827
1_7494,0.5906666666666666,0.3286666666666666,0.3366666666666666,223.57103503947127,112.67252828032194,427.40795292285554,0.0207813782783268,0.135922484840098,6.801872959030674,0.5863453815261044,5.782063802083334,7.717455431846221,41.239893046309305,45.01591634298925,0.1167437169003141,0.0704452921842516,0.315648406551845,0.3468783902173699,0.084628843674818,-0.0312299836655248,0.2853434914079198,12.968721643411302,6.180826822916667,-1.386690782229699,1.886173391290516,1.212311007096592,1.409026806492894,1.79443359375,0.954434002924965,73.03730855395317,0.1927272727272727,0.2514285714285714,3.2218041549565086,0.8117132164422559,49.01827848222201,5.034208981519215,0,BBT,PERSON,0.2580589883346637,0.33167835630744347,-0.3235620030537573,-1.0793813054673012,-0.22339723799366956,-1.7286265360364212,1.337440293801965,0.555075594301113,1.4050645329826639,2.01768723956901
1_7504,0.7147142857142857,0.3755714285714285,0.5148571428571429,215.93366955796463,60.28849870716623,459.1995978159489,0.0207626478398346,0.1288546979996638,5.554384372883467,0.5128939828080229,6.9875957160596025,6.822386603275714,56.71098300710725,73.26298977236642,0.1098659958379803,0.0687454084403247,0.5826350303803458,0.5112996305934576,0.2556401666762329,0.0713353997868881,0.0548728453045256,14.016047613861552,4.135515831953643,-0.1275058985877245,-2.1014492345032387,5.380918851290093,6.096589875884965,0.570415976821192,0.9182958340544896,85.35002017590253,0.1069230769230769,0.14,4.272117073742351,0.4019778162169451,43.06156887338097,4.122426799416801,0,BBT,PERSON,0.045033788078081394,0.2728915527453214,0.06559018684935507,-0.6308731901813215,0.6821879443995564,0.007120209659231926,0.6759069782594029,0.40929639165423504,0.05846997719012314,0.7923335899187586
1_7575,0.6415000000000001,0.3996666666666666,0.5431666666666667,278.2057504543277,86.60734278366785,448.2248454541394,0.0215162515210499,0.1572200964450477,4.257695022200075,0.5343839541547278,6.844991721854305,6.034866688469619,107.84104232548952,170.01096964588214,0.2090003965758961,0.2669401385056665,0.3363674099961335,0.2920417407332659,0.2046511901196114,0.0443256692628676,0.0442068940071412,17.6395447829022,4.563327814569536,0.5491280511302268,-4.568091579871695,4.553210948964873,5.417349178916628,0.7130199710264901,1.0,83.78651432835805,0.1085714285714285,0.15,3.992916446919353,0.8054617113019656,39.50376002011829,3.3972254834202738,1,BBT,HOWARD,0.3915402140217128,-0.24515447515748978,-0.3949928761760941,-0.40047206699887894,0.14770148838052277,0.28288221936421976,0.7920122810205917,0.39285596353801255,0.6778750955403139,1.114061895286169
1_7593,0.5712857142857144,0.4058571428571428,0.5171428571428571,194.4524852185652,69.32558938478992,330.23385760192,0.027038143269129,0.1656596889890542,4.443294702696947,0.4831358249772106,6.631524305083489,11.403280933861073,42.6331880747677,62.749240021316034,0.1236291136562611,0.0711735207128524,0.664476198332057,0.7832413235338904,0.2272070157374775,-0.1187651252018334,0.0304183473128758,19.740000968882864,3.4520263505914053,0.2264426927382779,15.981786515026712,,,,,88.45158562005774,0.2664285714285714,0.6200000000000001,2.7520976142136537,0.921459513008504,38.30064614403165,4.955312743759163,0,BBT,SHELDON,0.3542056084740731,-0.46194557731076,0.5896791167228036,-0.34127810254489177,-0.3648840591967554,0.029385266792687048,0.6954837110189649,0.09706151811400465,0.5602938499301165,0.8983583521406245
1_7641,0.6032500000000001,0.442,0.54975,163.16126507895788,67.10885227998702,322.7202225776607,0.022710113351373,0.1367445941635271,6.359128463352797,0.4944834503510532,6.096737346907324,11.344823690580805,81.77711633312192,92.10056511459128,0.1357917297643329,0.0724471531480717,0.3616533183063778,0.4604945710917921,0.3032314721544332,-0.0988412527854142,0.0335378014214912,17.783565970323448,4.697486152535151,-1.4438647752463687,9.004744553895925,3.5841519470896515,3.0990513102494823,0.2998395416511799,-0.0,91.78823534033312,0.1991304347826087,0.1984615384615384,3.3989346281647,0.8905594066147842,39.71936589383257,4.11673715697092,0,BBT,HOWARD,0.05996610876976663,0.15425696235837832,0.5355377942855597,0.004323582228772256,-0.13153509425186038,0.3470102224621411,0.05564252654099437,0.2857920566102387,0.18852757182341862,0.3468657315432146
1_7661,0.52325,0.25025,0.33225,206.68508819489216,58.28976130002764,469.2690945712088,0.0287475525255579,0.1576090852710873,3.760424143184733,0.5703517587939698,6.731986973630649,6.47771904505634,2.261650828790118,2.595870549246456,0.1493123151529077,0.0744173216240952,0.2556212165539117,0.3660035950366309,0.1002229657171591,-0.1103823784827192,0.0521831380336984,20.63695311156412,5.734655570129812,-2.109934502694297,-2.7028239356298283,,,,,104.745670995671,0.1028571428571428,0.24,2.652467389720641,0.3401704981779884,43.59691383360775,4.23983882665093,0,BBT,SHELDON,-0.11085882786605028,-0.4592516809355933,-0.027006138780412692,-1.8292094667334804,-0.7155593193653419,-1.7716491203932545,1.7183506388674301,0.2563076384297486,1.744642981612842,2.462153865400066
1_7675,0.5943333333333334,0.3065,0.3495000000000001,338.44279526565066,72.12611438446274,380.9111595382052,0.0181069541899388,0.1083302257410106,4.271000134695193,0.4214046822742475,6.482702992016765,7.824537481252547,0.9445377247718396,1.7355335905808675,0.098320018062712,0.067128017799187,0.4836758444648214,0.5738223685305579,0.1316701632874308,-0.0901465240657364,0.0653538338806772,11.321705632391982,5.485364070168032,-2.54373914603769,-8.812346074097725,2.5771602620870384,2.8743863508019665,0.8311157682072776,-0.0,90.84659572413186,0.1642857142857142,0.396,2.8227609909295346,0.5066335946289834,43.91422280288688,2.195894217586429,0,BBT,PENNY,0.5520791331126401,0.5483229510511851,-0.6183476630609126,-1.2913412320313853,-0.19662946100930057,-1.6036175173392049,1.8434203651440253,0.7449524120604857,0.9852698542782923,2.218988378656372
1_7722,0.5656000000000001,0.3532,0.4258,156.7602424422517,68.37076318317017,355.9738387660828,0.020084259738177,0.1213941446366252,3.9315256875908537,0.3450439146800502,5.625,12.803623278814213,0.6450598755825632,0.6325468846765802,0.1162351821436613,0.0554005927539724,0.2437934019654311,0.2859253722762156,0.1745482316757528,-0.0421319703107845,0.2052342093425817,8.907760002685556,2.875,-0.633764350725261,-23.80667930067336,1.693423301164663,1.967833580429225,0.75,0.9709505944546686,98.2668661817861,0.4690909090909091,0.8879999999999999,2.2864022053305377,0.9184751721684729,40.558527896710906,3.388667687103973,1,BBT,SHELDON,0.04396603306080943,0.29700474527898035,0.5638398437769422,-0.8447910709542681,-0.40639149519589207,-0.860382078903037,0.8887571040150775,0.7033962404748724,1.4242219226799793,1.8201822837544894
1_7894,0.7058333333333332,0.5095000000000001,0.4613333333333334,226.1539735290264,78.34234064184422,473.0407971805222,0.0288744726321788,0.1561831087061862,2.704827960403096,0.4068767908309456,6.268980757550303,8.20933956360298,56.44216842033474,74.03988691201275,0.1272679311074744,0.0654478942361216,0.6198395978706819,0.4864126951901881,0.063887656499994,0.1334269026804938,0.0382226474378205,17.3718506045202,2.992013543376281,-0.1776532191503027,-10.888189637597248,5.83880487651254,0.0,0.284953670797741,-0.0,79.51794081690433,0.1966666666666666,0.3527272727272727,4.226826343723482,0.5734145033516094,44.28526046973883,4.046090315779484,0,BBT,RAJ,0.1578758471034073,-0.6136456263924241,-0.09184707018756323,0.6497654638712868,0.6173543027426123,-0.5142532115491896,0.49188961676787946,1.2309999291350364,0.42240614136162635,1.3913098752163495
1_7938,0.6124999999999999,0.3656666666666666,0.5866666666666668,137.8862354419426,86.55771924720503,469.02992493354094,0.0231173804827339,0.1369406432245647,4.568000729581439,0.4414715719063545,5.319140916526577,6.799761114132109,100.15802652979212,127.56771397711675,0.1451872321777267,0.0627945841073017,0.3055294326665373,0.3865888640630269,0.0762538091382524,-0.0810594313964895,0.1048491969128646,10.823742347521684,4.321801994677844,0.6766978203810641,16.364777964017687,1.9273763079234456,1.404096563884064,0.4986694609243666,-0.0,86.89090547942222,0.1754545454545454,0.166,5.252282554139284,0.6442225982741352,42.77394078206022,3.8106258698726783,0,BBT,LEONARD,-0.5015341175994641,-0.053963375430185166,-0.18195063010093995,-0.7255835333077011,-0.06400729322311509,0.7066140879352998,0.224049415708237,0.010043917792929923,0.8885647180362397,0.916431273529366
1_7953,0.5575,0.3944999999999999,0.4205,152.95930619187882,35.48758265318973,216.24032204470663,0.0174510187199278,0.1378363717731458,4.157699395923783,0.3618090452261306,5.734655570129812,14.405273071289123,77.46141423868494,97.38081602191993,0.1287594619306441,0.0609632060449133,0.428725804572937,0.3707716556743134,0.0527046276694729,0.0579541488986236,0.0587051687627303,6.437725548329063,1.4959971052512553,4.077340968957904,18.24180903304456,0.5591101640899101,0.5591101640899101,0.7479985526256276,1.0,74.1925195356568,0.2755555555555555,0.41,4.189650065176038,1.1645479296778265,46.13345111626885,3.4366426513357595,1,BBT,PERSON,-0.07515711394329924,0.15458084213472706,0.8176566395465735,-0.4498762604085533,-0.46552394798863284,-0.9120091801312377,0.37471914646525406,0.6201047901233598,1.7296658196778112,1.875283508492329
1_8042,0.782,0.52275,0.61525,144.72346195589145,60.49855868314172,271.2936951182692,0.0188462700390471,0.1071445314428312,7.361728512231732,0.6224899598393574,6.382978723404255,9.434914033745828,7.098169940505927,8.853291671691485,0.1331078333496846,0.0701271739743431,0.2296747934277857,0.4140338511879446,0.3573652103592188,-0.1843590577601588,0.0826969891594703,14.0979953358132,6.183510638297872,-4.608716636950697,-17.048746161146298,3.6294809976203934,2.504891428666038,1.1968085106382975,0.7219280948873623,118.69864154296096,0.0745454545454545,0.0566666666666666,3.717684847268177,0.5881507602035705,41.52805858813462,1.6241400223777431,0,BBT,HOWARD,-0.15662181907968578,0.8123599297927382,0.5064490252361873,0.7764633147122245,1.1733940337360735,0.9850432659427316,0.9330851337919103,0.36103410394333535,0.4785942407065443,1.1090743610556995
1_8045,0.4589999999999999,0.4475,0.4675,168.4151981156911,101.27158651124576,419.13461667196833,0.0255989221898875,0.1572512509876715,6.269206705914129,0.6498316498316499,6.316432222171966,8.90417652716916,12.48901489316342,13.593927261791812,0.141593525108364,0.0709527632786359,0.3321488809859682,0.5419996073346626,0.1571348402636772,-0.2098507263486944,0.0533676274543304,17.65562580035939,5.31910081867113,8.888200496423817,25.66039599435652,5.3612195315431,5.335444611522313,0.9973314035008368,-0.0,95.21436841346087,0.0618181818181818,0.07,6.734663534330114,0.4950996218475382,43.78701857452934,6.121390652434727,1,BBT,RAJ,0.21363843317981718,-0.10639200329923766,0.29867819473717855,0.05691514295519936,-1.184603775159607,-0.454183942824554,0.1567232902246178,1.0782117718603694,0.7528621375617326,1.3243504871638505
1_8052,0.6594,0.3374,0.4947999999999999,278.069727402267,85.91001012426754,430.3630718228182,0.0267669691099148,0.1458109931400736,2.1481639314236824,0.3391739674593241,6.358023644350968,7.925098291609256,9.077596345853266,16.049751516005408,0.1168590949151049,0.0627136672815412,0.4813344729746542,0.3926120838733297,0.4631392019471826,0.0887223891013245,0.0186776352855629,11.80599051563244,2.618009735909222,0.0455327221946179,28.05128792459292,4.933912820976566,4.011519298702135,0.3740013908441745,-0.0,56.48162393162393,0.2980952380952381,0.6333333333333333,3.037191261077018,0.6954505336617378,46.53780291890572,7.157512299761493,1,BBT,PENNY,0.4169512456941133,-0.41160214098957687,-0.3518065356700993,-0.9958722817683681,0.27837690874966353,-0.18825566668684338,1.4128235274624814,0.6899790497392404,0.1635508689832559,1.5807878717828565
1_8078,0.8140000000000001,0.5705,0.704,288.9218352709821,55.29321919366038,236.2624188843542,0.0153756987092014,0.1406898605936955,3.0510978279096865,0.4545454545454545,5.98398842100502,7.660559572685862,10.856006010157628,17.38591762417733,0.1129766498526142,0.0698385786703053,0.654909348167697,0.5437555503691559,0.0134461567804397,0.111153797798541,0.2352996585723453,8.223717440004744,6.316432222171966,4.554745487963458,9.100607444131576,1.1135804375947584,1.524164509430821,1.3297752046677824,0.9182958340544896,56.46692488797752,0.13,0.176,1.7606634294577612,0.5358374746595701,41.117216448785,1.8982277214853105,0,BBT,HOWARD,0.0653422943583368,0.18553270847061498,-0.5803271182224735,1.2330536828371135,1.407003723781466,1.849553687452692,1.1677113884787766,1.221471015310851,2.4298808056751655,2.9597064141255878
1_8136,0.6584,0.3316,0.5494,185.07183523492435,35.629551602770945,159.33958511575742,0.0214849012185393,0.1099542114447313,10.331339816492234,0.657190635451505,5.152917762885122,14.536808510027198,15.607005014768484,24.21275818595273,0.10992478673329,0.0581591463617639,0.3143315179699225,0.3160897053032332,0.0311102234795375,-0.0017581873333106,0.0460950942643577,17.980927595310632,7.147595606582588,-0.0642801474573132,7.5763919161891025,4.840673391450824,6.309041120360989,0.8311157682072776,0.8112781244591328,87.45197120964995,0.22,0.1599999999999999,6.802046030511474,0.7683273417148266,47.82528390184343,2.5165138757189447,1,BBT,PERSON,-0.10769596481121635,0.942658681571477,0.4515178937054654,-1.0513324730798728,0.271076605935745,0.3436008855885811,0.9436365082686564,0.671582075635732,0.10791700811688432,1.1632361861176603
1_8159,0.6792857142857144,0.5455714285714286,0.5630000000000001,149.05070414243798,94.26565580031492,414.4089202760298,0.0211655788020544,0.1590802992885425,2.2615242897845462,0.3237139272271016,6.5,8.211306321328442,99.30922002321417,114.28960724073328,0.1448765211678902,0.0715025944439584,0.2711985374866866,0.280873718418594,0.213101897941794,-0.0096751809319073,0.0480186812687347,7.957185182118954,2.5,0.891450746036744,22.208428340516846,5.69134562907746,0.0,0.25,-0.0,48.77397928868517,0.4746666666666665,1.2519999999999998,3.3004596232269745,0.6869233912877034,38.078929338766,2.75056894247382,0,BBT,LEONARD,0.0709165935294376,-0.42699573097778226,0.3818522463704657,0.9946841413627885,0.42354864470644393,0.47607797553264314,0.9237675478333509,0.8505443756842261,0.09422572916217742,1.25922623284073
1_8185,0.55125,0.319125,0.4367499999999999,309.11484557253465,64.15666023286778,321.86298364693715,0.0271055037636124,0.1381361876604927,4.386015383616918,0.3921765295887663,6.196683860791051,13.17489862988076,4.719351889221309,6.524891022756361,0.1098925842084358,0.078146149057701,0.4637200255330237,0.7269079305306998,0.0109983118886777,-0.263187904997676,0.0385580381875476,14.769580254843198,3.797967527581612,-0.3759530597786463,-0.7534494526399911,,,,,91.49668721474802,0.348,0.7244444444444444,3.4906170755286805,0.5296399723998783,31.89029321000393,3.75482139869516,0,BBT,BERNADETTE,0.7760737219605379,-0.12863571526498985,0.06439694868867805,-1.1706196949093597,-0.5111508405756233,-0.7537185395730766,1.9466934168698975,0.3825151253106335,0.8181154882617546,2.145983698099726
1_8217,0.6228,0.3466,0.446,184.368249764968,143.9250077334922,517.0632284188046,0.0261075579666538,0.1509678647431375,4.957454110420428,0.3612040133779264,5.319140916526577,18.83602170336034,5.4877499544321005,5.658288234687674,0.1369592639833921,0.0631740375694136,0.3623240552075775,0.4090240022468808,0.1466424500052072,-0.0466999470393033,0.1641193364126922,10.409072249657727,4.654248301960755,2.536414148877783,1.6910055820096028,24.048041802613163,0.0,0.3324463072829111,-0.0,120.74360490094418,0.258,0.428,5.7586281229506255,1.3089220486787063,48.35282442035636,6.124397906604145,0,BBT,RAJ,1.2511639298615993,-0.17352909670706862,1.036560561286927,-0.9079009438259805,0.01118582576024623,-0.6636146364861221,2.15906487368758,0.18471492246731486,1.7001751977730493,2.7543195955619058
1_8407,0.6816923076923077,0.4136923076923077,0.5436923076923077,203.63912373509865,57.73691621957178,485.6693261516919,0.021416841881323,0.139242313342627,5.542160967472615,0.637904468412943,6.224385245901639,9.116796302736558,7.173766708138642,9.653683543463094,0.1227691458966373,0.0685780112121314,0.6349784594448261,0.5476970156442229,0.0892572566868127,0.0872814438006032,0.0137510397626055,21.837496009463063,6.531762295081967,-0.4279796477102991,4.140263253761326,5.390392776661857,6.327940172303496,0.6915983606557377,0.954434002924965,88.56076679788468,0.1642424242424242,0.2866666666666667,3.933213241880966,0.5739701423938981,44.37540473138777,3.825107823098904,1,BBT,SHELDON,-0.033313133212689035,0.19423156622554988,0.11314734278269507,-0.26635745759395724,0.4411175053245549,0.28800246888128833,0.2330443243812682,0.24688593909900503,0.17485512609859327,0.3818856362500092
1_8417,0.5496000000000001,0.4529999999999999,0.4636,119.67674186264983,50.10871898841656,480.23953725799214,0.0200789245756994,0.1493729836168391,4.29467758670443,0.5284280936454849,6.981372452941132,8.536057568884456,10.774568675077225,14.741809377170684,0.1469571236296705,0.0636099724008456,0.6270590799212513,0.3670167382493031,0.0558912208158704,0.2600423416719482,0.0732217618555615,11.834161654472773,4.321801994677844,-1.5821619531277422,1.905935187693565,7.707390327701763,0.0,0.3324463072829111,-0.0,89.0059580198255,0.1733333333333333,0.44,1.9189723626634725,0.4122922392807145,33.607248081795525,2.6659188033338705,0,BBT,HOWARD,-0.24976912540522225,0.018705240445224813,0.7510994051018537,0.1095067036816254,-0.5231963402185884,-0.49217369655851295,0.35927582908684763,0.5419015806638132,1.2432731016603666,1.4030197610169892
1_8452,0.5617777777777778,0.4233333333333334,0.4815555555555556,231.75083130925864,36.18205900365577,204.01903411770013,0.0166580145857155,0.1189149691608221,6.54144013105261,0.4703737465815861,5.995624714185072,10.656883013836907,5.095862523826261,5.467125220569378,0.0970514246014881,0.0538230723650981,0.257513362770666,0.4503930057295916,0.0045535999794133,-0.1928796429589256,0.1380793615971995,8.666269985938836,4.723825532388239,-0.3150803531998334,10.43403993906207,0.9248785749796123,1.3342196686355514,0.8175851882979643,1.0,80.76425304687223,0.3244444444444444,0.3018181818181818,3.9999542758207913,1.1780826245486125,41.92160155749933,1.353605020816137,1,BBT,PERSON,-0.03813677376027666,0.700308594774675,0.07116301665624754,-0.17416898750940388,-0.4342948748402033,-0.3172693032990324,0.13603221374912722,1.1346034696148783,0.38843231995527994,1.2069421956437887
1_8505,0.503,0.50925,0.512,229.90164490604604,53.61304506008054,243.7880061733712,0.0194782144814139,0.1271414685570797,5.946786609334965,0.6482412060301508,5.734655570129812,9.149891567273194,11.733288605411463,12.725007074966031,0.1226535591589248,0.066722236393047,0.466317937310068,0.7801577390008225,0.1056663962637694,-0.3138398016907545,0.0694132026270917,19.68279599066435,6.48265412275544,2.5914783882129666,9.606350882341486,2.132937677461285,1.8475083482432928,0.9973314035008368,0.9182958340544896,82.1717953806239,0.116,0.1999999999999999,2.361705271849989,0.4369901944541758,55.7735739109567,1.8887450983442893,0,BBT,RAJ,-0.10687486984473826,0.4345557482105508,-0.20058594658178755,0.6473749383837211,-0.8633904513471917,-0.02071111175758806,0.7542498082284593,1.2979461995577426,0.1798748348241995,1.5119233004230366
1_8717,0.6244999999999999,0.4373333333333333,0.5936666666666667,340.4272191287614,114.59963152695106,479.83165425359135,0.0277630475569905,0.1595700525153611,4.68853607229103,0.4584527220630373,6.553934428348044,5.873293759720177,9.525275473832806,13.002053099628307,0.1163486500165599,0.0700475692208866,0.3167713720072346,0.460811545848132,0.3145027318612194,-0.1440401738408974,0.032741104964074,19.277269651410087,5.129166074359339,3.389655837738166,6.844159033250813,,,,,84.19641419077638,0.2253333333333333,0.4533333333333333,2.863565625464157,0.7457923441411859,37.4721172172537,3.649389520803907,1,BBT,BERNADETTE,0.7663684308974945,-0.3626855388478124,-0.836372912732231,-0.04029956020577231,0.023596340543907145,0.774800825406507,0.8066679911032668,0.38628187939171954,1.611173738138738,1.842771758163483
1_8746,0.5187777777777778,0.4920000000000001,0.5055555555555555,218.6217449163036,47.19204235971248,228.695362043769,0.0141641239112821,0.118948782969472,5.340358434766096,0.496098104793757,6.331450966958677,12.247801845717488,3.155226327214226,4.217894895823317,0.0922615882268503,0.0461373950070282,0.2519528271580796,0.4343251304137871,0.1491826298134797,-0.1823723032557074,0.1199163765796798,9.339153795607476,3.443420701328403,-0.8674952641380742,-4.268630330874174,2.4301279668113827,2.979518501395233,0.8886246971170072,0.9852281360342516,95.59694033962778,0.2670588235294118,0.604,3.02935176021422,0.6783552808031403,38.66624757937778,2.034718020821272,1,BBT,AMY,0.24640868362533072,0.690845853098209,0.4564158860908047,0.48242867974174647,-0.7482078958386996,-0.08348620339774823,0.23601999611641575,1.4390537489369086,0.5399020894885529,1.5550162047806029
1_8749,0.5604999999999999,0.6255000000000001,0.64425,189.89150470124568,48.275374301069824,317.5775919901253,0.0168916494419477,0.1199289494984393,4.634323984729467,0.4381270903010033,5.984033531092399,12.140529942250216,6.059187273217892,7.830861382081024,0.104904879880004,0.0647382092064004,0.1673734206430759,0.3026389274353079,0.0903969229411137,-0.135265506792232,0.1352044327347688,6.699637596110793,2.493347304621833,-1.392768917138707,-1.0402576750592778,2.2494088132384444,2.548729153152095,0.8311157682072776,1.0,84.69155354449474,0.24,0.2371428571428571,4.473765593319315,0.5603698196985386,41.39462118977953,1.950888263268193,1,BBT,AMY,0.0390468724230042,0.5007024424768955,0.45490323568622687,1.7589692901013845,-0.4436230395468781,1.2675311783234513,1.7199224176783803,0.9443254820237736,0.8126279426372245,2.1237344259551114
1_8827,0.6709999999999999,0.4161666666666666,0.4364999999999999,192.26325521518103,31.75056143231023,210.263261123069,0.0162824364445075,0.1024094899520602,3.5252100195505376,0.3875502008032128,6.183510638297872,7.476021267205366,1.315319391222071,1.8226927470534409,0.101140507626553,0.0616109218032932,0.2935179468220602,0.3890428562955935,0.1382979689555754,-0.0955249094735333,0.0902020524901882,9.481247092918364,3.191489361702128,-3.664187264700893,-9.280509293463554,3.1533548808909533,0.1391618676475641,0.5984042553191489,-0.0,129.73272642390288,0.2911111111111111,0.3566666666666666,2.93066836964524,0.6593978245241922,51.27202598904622,2.834678158341354,1,BBT,PENNY,-0.4580312011038243,0.6154045998615219,-0.043319180332519684,-0.24269738481959818,0.3630604213911179,-0.7561537801970486,0.2153338162842261,0.25234417847040397,0.7128345998645289,0.78624385759601
1_8837,0.7401428571428571,0.4041428571428572,0.5727142857142857,164.1958207886337,45.28017126542044,438.916276263514,0.0247489705746702,0.1560493711840632,3.02525913450096,0.3964868255959849,6.625,7.9594304132011935,4.449743575812132,6.556345998663593,0.1259000106546003,0.0644003745052094,0.4922101078539872,0.6683237563090273,0.1176151107604011,-0.17611364845504,0.0864477854489066,11.699756293032394,4.375,0.7071094040308453,6.262107474359068,4.7651679081633285,5.263407036059764,0.5,0.9182958340544896,107.11507913880044,0.3985714285714286,0.5975000000000001,2.8471753211405337,0.6932878251869112,32.58025760832702,2.084692273813377,0,BBT,SHELDON,-0.2779428403473618,-0.3523664406974726,0.3233400760065696,-0.3576702773167642,0.8678242159534838,0.5707044683498296,0.07972743696940243,1.2201906566509564,0.24736439234325996,1.247561960538775
1_9003,0.5205,0.563,0.482,195.87538602764948,99.95991916574384,334.3688593033852,0.0265994583956617,0.1731092566138828,7.641934065351811,0.7373737373737373,6.316432222171966,10.82807954409992,48.90683343150189,71.30173301734011,0.1357417105203681,0.0757178678775364,0.3325194758974287,0.4482724267457327,0.0899235973995271,-0.115752950848304,0.0749646831931558,37.13600905974684,9.973314035008368,0.6123147143767979,1.750806070397925,,,,,102.12933745738356,0.072,0.0599999999999999,4.862124707674466,0.5347633115604727,44.62590360022556,6.467739187957744,0,BBT,SHELDON,0.4793496236669456,-0.23302334160585492,0.393292388442944,1.1613379182101669,-0.7356351521036181,-0.31293998663419464,0.6819882945432212,0.5026118104977632,0.7062323750771387,1.1029464327667535
1_9009,0.6074285714285714,0.4518571428571428,0.5594285714285714,214.68006927425927,65.72868822573845,290.5175471692779,0.0226502058174011,0.1298309808045236,6.086219479753866,0.6075808249721293,6.331450966958677,7.233054625836429,46.623649097140856,82.17366467714099,0.1092332667586907,0.0742935421143412,0.5119061288578101,0.5360750258667729,0.0858282150845749,-0.0241688970089628,0.0209496574290528,17.4031607582872,5.776060531260547,-1.550532888671058,-13.685510099576284,6.096097562647059,7.642668005914258,0.7775466099773813,1.0,109.82381578238292,0.1545454545454545,0.2577777777777778,2.3048598655623773,0.5981981321714357,43.15841869230999,3.0076702360550365,0,BBT,SHELDON,-0.06336523025619165,0.24814592715687278,-0.12838531297904002,0.09857858716704344,-0.10103025749370134,0.44128882376161765,0.1619438174232351,0.3491761846505741,0.5696741367406577,0.6875161307198221
1_9087,0.6148333333333333,0.5153333333333333,0.4303333333333333,139.48214607353103,37.895222721850025,262.98073208192966,0.0218934857930767,0.14215027590211,2.496781150039175,0.4512893982808023,6.838888099145786,6.972188419549023,145.08283794944674,161.36883535013536,0.1400981462795582,0.0629749665201801,0.2068707544572697,0.3379303663334153,0.2630739326223947,-0.1310596118761456,0.1365356559211276,12.16922273919082,5.699073415954821,-1.0645911142046331,-22.623886644912183,6.389601340493439,7.131487207428606,0.5699073415954821,0.9182958340544896,94.79811902840146,0.2492307692307692,0.48,2.668023527856761,0.642296395853401,33.75771811105322,2.359378194033121,1,BBT,LEONARD,-0.461921892194595,-0.3085651312052173,0.40931626789605374,0.705544391914466,-0.046973253323971335,-0.8162230489216836,1.167466284109061,0.26159187788124594,1.2255393168177373,1.7127038425165462
1_9245,0.6880000000000001,0.4138,0.5354000000000001,185.8957585380124,114.25024002069765,479.775715025024,0.0333412658004462,0.1553819312564343,3.869970424133785,0.4364548494983277,6.648926145658221,13.296805987588558,6.140584281812786,8.231676779642358,0.1527970343337566,0.0729454114409018,0.4314748604869001,0.4509622603311824,0.1561267569930677,-0.0194873998442822,0.0361973078539398,19.71501792093217,5.152917762885122,-0.5247799067071347,1.409724013076282,,,,,97.96911922149114,0.2444444444444444,0.62,3.8371680732769833,0.5638653221372248,32.199509008096385,4.441325979414729,0,BBT,SHELDON,0.8821467266697812,-0.61537307475577,0.8673456845619915,-0.2653276927685447,0.4871655692277335,0.20722741064616573,1.147474419438326,1.1025386439835034,0.6601182739158258,1.7228015382799944
1_9594,0.50825,0.489,0.575,227.13647288607928,54.73479841071333,219.01868841727912,0.0141124582944899,0.1335726454061071,5.840352120539502,0.5150501672240803,5.984033531092399,10.76635355435594,15.30766157873594,20.206826530353933,0.0953039222944207,0.0557953386438289,0.3659786264610001,0.3483156502108614,0.1805787796286538,0.0176629762501386,0.0918514629843633,12.122487099151725,5.319140916526577,-2.558812772429277,-6.464231026273678,4.115550286379715,5.330893922384038,0.8311157682072776,1.0,103.83054893204611,0.256,0.404,3.973781660704676,0.5631742886791361,38.39514077481792,2.2222181032316235,0,BBT,SHELDON,0.10967511994120857,0.5679794762813074,0.10301993008757648,0.453742373890967,-0.8250638615741197,0.5929695254832847,0.34406725394975846,1.3930433378554272,0.48994959539570826,1.5162462275014357
1_9668,0.5875,0.4513749999999999,0.475375,162.4638280965483,102.75513650187344,511.8100942035262,0.0284167253769167,0.1787624983796072,3.764293727643296,0.4832775919732441,6.150256684733854,11.85653531887178,33.72530884817191,37.51568535904626,0.1481510467747289,0.074046614455497,0.2980799292097205,0.3071371519321848,0.056343616981901,-0.0090572227224643,0.027597415511086,15.008935206414662,4.488025148319299,-0.225235344776857,-12.38565976267252,,,,,102.00122388320658,0.1723076923076923,0.2228571428571428,2.609354978669385,0.5308645764087747,41.42074442767437,6.201779483508873,0,BBT,SHELDON,0.4234804320734282,-0.7107307710839987,0.6210812050049935,0.0939682880124539,-0.24651486357107724,-0.37747386316944515,0.32951214406097434,0.4642159075129215,0.9985550681744386,1.149428939103485
1_9963,0.745,0.4435,0.55875,166.6546182061537,62.89687520492698,188.9061848579556,0.015358036719604,0.1129299646827961,4.325807730031101,0.4276094276094276,5.98398842100502,13.839102184592733,27.583625848254243,32.03804441188386,0.1196653106216837,0.0687755495850082,0.2139073993041364,0.312436332019977,0.1357572617935881,-0.0985289327158406,0.2388072046187196,7.125888648115133,1.9946628070016728,-7.289803611608328,-15.230223263228668,3.892480380398561,5.094332313101973,1.3297752046677824,0.9182958340544896,70.08852258852258,0.2044444444444444,0.49,3.656351870544004,0.6087757882374049,51.158172214947385,2.793385185501873,0,BBT,PERSON,0.23039714285485527,0.5826844059948243,0.7758313771126534,0.018666735154161465,0.9032828296210883,0.4346788849251231,0.2117304077006938,0.320598423626264,0.3411524921875303,0.5138074908976225
1_9971,0.6208571428571429,0.4131428571428572,0.4772857142857143,121.12961264072143,77.86637344114133,486.8318046067979,0.0321255274317322,0.1447766077086623,3.3356360204903392,0.3810888252148997,5.841550251353691,7.193272610660075,52.51625164387736,64.90454948220155,0.1664227586981161,0.0623773440821702,0.2822109241615465,0.4417212920944049,0.02455883362063,-0.1595103679328584,0.0815875698210051,8.257935602612383,1.7097220247864464,0.9990457207386366,19.856715668246423,3.828035812528782,0.0,0.284953670797741,-0.0,89.76861896009312,0.1476923076923077,0.1776470588235294,4.883505331936743,1.007558880224546,41.57387171867208,4.884889658089758,1,BBT,HOWARD,-0.4539279618397615,-0.5588979975950434,0.14811636683379029,-0.2716113597644289,-0.002997619706795394,-0.35886166697194666,0.18231660207533257,0.5559003778882481,0.5069780338057369,0.7741390703808477
1_9972,0.5866,0.4342,0.4576,238.4095959491964,67.82225014662382,474.1819933988295,0.0246919816777508,0.1450575907083068,5.787077483654191,0.465863453815261,6.183510638297872,11.496561660853311,9.196696296310286,11.562793737631631,0.1140836694618262,0.0740571451865977,0.5519749844979569,0.7097084882792235,0.1415437308808466,-0.1577335037812666,0.0602890011471404,17.91418299270747,4.787234042553191,-1.130622198569931,-15.067273961757278,4.034534156510005,4.508580851645945,0.7978723404255319,0.9182958340544896,83.01104988914025,0.1666666666666666,0.38,4.537564469813873,0.6643996009010844,46.8568730953186,4.601467951723679,1,BBT,PENNY,0.3867426862664483,0.02000185965195539,0.2106033911218205,-0.07026081298325185,-0.253085136103604,-0.5506194715338343,0.4570034992497002,0.2730869957555594,0.7612228626556548,0.9289181622763856
1_9993,0.5820000000000001,0.496,0.47825,325.6085623969805,91.04728823314298,457.8125925059839,0.0153905333592511,0.1252260455411877,6.772290740788758,0.5843373493975904,5.984042553191489,8.390223064533284,14.978295987290643,22.55951347070694,0.095785062564122,0.065361863602926,0.5665840149705568,0.5355031748509754,0.0300798174147255,0.0310808401195813,0.095005373363309,19.945720690175424,6.981382978723404,0.7550550301071919,7.100635905698208,2.314625737564727,2.129095842966409,1.1968085106382975,0.7219280948873623,90.3852061916578,0.152,0.232,3.617910261690418,0.4731285268107074,43.12441868756583,3.701081554320028,1,BBT,PENNY,0.5744151312082568,0.6933319075664055,-0.6757879777114063,0.5206770875427833,-0.2866665290476287,-0.3494685959937702,0.05373804366547352,0.9799984366140342,0.3263193817176361,1.0342964043191505
1_10004,0.4542,0.6662,0.5298,133.05375007957576,25.76944970510593,154.58361346972933,0.0234705491521676,0.1515540375557375,3.707468088218502,0.3481375358166189,5.699073415954821,15.539720826260575,49.43742499015053,85.30413828069985,0.1469023197356923,0.0630133526471656,0.4668228479545389,0.5377213019323818,0.1725854192411849,-0.0708984539778428,0.2607785076830303,14.795725721617874,4.5592587327638565,0.1812459203600218,11.910552334044022,1.239257414387434,1.4205267341289234,1.2822915185898347,0.954434002924965,63.93696307674802,0.3523076923076923,0.7,3.488691302995813,0.4717156802896385,35.565871468232146,2.511834874022933,0,BBT,SHELDON,-0.1404366977296857,-0.2435817002661007,1.0403978690211035,2.1481468394769445,-1.2196452286664152,0.15267802066919875,2.2885835372066303,0.9760635284003145,0.8877198483519048,2.641658787088978
1_10009,0.576,0.426,0.5026666666666667,238.5179764055427,74.38870934176157,315.1719380188707,0.0163384341767295,0.1206555238796729,3.4739712424224964,0.4457831325301205,6.183510638297872,6.403099691277322,13.401275035689698,13.245616273147013,0.108662178098775,0.0618483057590443,0.4469895203390859,0.469574664598483,0.1203858530857692,-0.0225851442593971,0.1526020134777703,5.728938829759721,2.792553191489361,-2.3488622895947606,-10.79099746753119,3.4930565298488485,4.931929198408027,1.9946808510638296,0.9910760598382222,72.31968810916179,0.3072727272727273,0.5,3.9866694994493614,0.5686725087482158,37.359569873965455,4.481928856910615,0,BBT,PENNY,-0.017241555186693014,0.3979357194113034,-0.4039375619834727,-0.14867004897537933,-0.3304683459311406,-0.11162676171919864,0.13142849378868632,0.728404065342444,0.29231080026427403,0.7957961644404316
1_10190,0.6596,0.4389,0.6258999999999999,201.9094636867924,67.19403556522774,351.3179025554944,0.0192894156640761,0.1240780806386133,8.798865993837127,0.6025524156791249,5.632253519385976,13.250252174706135,20.042721238594776,30.180825991195224,0.1127413298001453,0.0597073612418109,0.3374474563194079,0.3501419237851146,0.2334274561993962,-0.0126944674657067,0.0251986147854442,15.076151809382813,5.268882324586881,-0.6142623239161705,-6.285679117645712,4.680506326601338,5.803246795182653,1.0901135843972858,0.94566030460064,86.20328605952933,0.139375,0.22,5.762512055018584,0.7599014657820968,40.38627879720445,3.603092435364292,0,BBT,SHELDON,0.2456768745171691,0.7313003662847277,0.39468655201470115,-0.025318933817032006,0.2798369693124471,1.0887845165239263,0.2709958083342011,0.4514633969722806,0.6940979645092251,0.871223227006895
1_10462,0.64575,0.413625,0.5191250000000001,110.36191205929936,59.86914755997753,508.73498823035015,0.0225373920617089,0.1577836480371969,3.9447709047225614,0.4537346711259755,6.442529054098302,8.335214333610757,24.14540900348008,31.067936362147464,0.15760457959983,0.065710049362249,0.4497449635855701,0.5315766566076753,0.1550993535705063,-0.0818316930221051,0.068209622596443,11.707318899639787,3.1101864399095254,-0.839716755343308,-26.393543759909747,3.4706006720913507,4.015050222149911,0.4443123485585036,0.9182958340544896,68.92976834487128,0.1711111111111111,0.3244444444444444,3.717325410835405,0.7096632152252798,39.99307450717257,3.1707287733451666,1,BBT,HOWARD,-0.3732838780033998,-0.21975413505716507,0.5683642742771827,-0.2670010606098399,0.1787277753396763,0.048693246025606415,0.10628281739355988,0.39848191039684133,0.5196710282515763,0.6634318712503038
1_10495,0.826,0.445,0.7090000000000001,194.1223796885792,59.06492486661058,469.3663242144534,0.0178277601446234,0.1295830499787496,5.258887974649088,0.3877038895859473,5.25,19.402650974213323,31.568141573643,50.1952449674818,0.1182930999225495,0.0633564146063635,0.6825737947164489,0.5849231383703267,0.5966679631317978,0.0976506563461221,0.0225108097047093,10.6443777086155,2.625,-1.3034034196042004,-0.4337794244343662,2.2611905409835327,0.0,0.25,-0.0,114.3630072879566,0.3453333333333334,0.6257142857142857,5.300663387077645,1.2379059965067944,48.30690177284529,3.626783381202722,1,BBT,AMY,0.5941280856068343,0.38662114389599095,1.0297763379402938,0.03300988807955068,1.4946073575484875,1.8982584999321275,0.5611181975272836,1.1079862136524965,0.8684821619918337,1.5155026713728592
1_10496,0.7547333333333334,0.4211333333333334,0.5817333333333334,195.0574006370608,59.03956777807484,452.6437386606666,0.0164052378127689,0.1272514179386675,4.384692313619494,0.5050071530758226,6.492575707079369,11.22806074726964,37.99032361709425,50.43298456708288,0.125043427178745,0.0652326693625044,0.1673742387278171,0.267610908171867,0.0261314921059049,-0.1002366694440498,0.0534759175342305,12.492449140378405,4.280819147524858,0.448530790963254,-1.1038083980618616,1.0714619783260837,1.2230129231899065,0.4280819147524858,0.9709505944546686,90.01624755391727,0.2011428571428571,0.3514285714285714,3.982656359916748,0.5484456594869301,42.43764149896533,3.165463671538073,1,BBT,SHELDON,0.21307525676342226,0.3796104068548239,0.5126442658870753,-0.1952056117999745,0.9743391103432287,0.6585586729555911,0.40828086856339674,0.5947287034884048,0.14591440706851577,0.7359935547122931
1_10748,0.575,0.4751999999999999,0.537,177.9422495397417,29.054194252225816,211.10153275708723,0.0247661650150904,0.1623166979283974,3.238538134663997,0.4570200573065902,6.268980757550303,9.056849095236869,17.022076633192665,27.39472008560272,0.1365058057351643,0.0683883956874036,0.2938348398355369,0.2324772052470664,0.0904579720731513,0.0613576345884704,0.1006464482589163,10.015758682656612,4.5592587327638565,0.0333242624443802,2.237018178201655,2.180952039992633,2.813941634509549,0.9973378477920936,1.0,98.10996193349132,0.2042857142857143,0.3125,4.2678269163533615,0.5256703408345361,42.78771796725272,3.256418098998233,1,BBT,AMY,-0.36745469588684276,-0.41567222758308786,0.25138402293260004,0.3217853669773855,-0.33776864874505913,0.22281295063958412,0.6892400628642283,0.07790357883802873,0.02857107229301592,0.6942169243290106
1_10797,0.62475,0.26875,0.4055,212.2805241327445,79.99709771200466,393.7219081457008,0.0215757200492592,0.1114725549296656,4.883988754514069,0.3954154727793696,6.126503922151433,7.692417641864825,2.9641577109821946,7.909918353657022,0.1143730340965723,0.0671846419694336,0.2080836937288641,0.2572053270543593,0.1028386755286591,-0.0491216333254951,0.035271069413581,8.635762925030262,3.704397720370634,-2.175160787725133,-4.444335184387465,8.347001066496492,12.490853839896566,1.139814683190964,0.9852281360342516,72.17181698406993,0.1408695652173913,0.244,3.859188550446222,0.9453064291076304,33.77287177739248,1.826298836157631,0,BBT,AMY,0.03258004040065612,0.42932488438818495,-0.13902154790137286,-1.6523105806536802,0.025421416247387384,-1.0581236175695403,1.6848906210543364,0.4039034681407976,0.9191020696681674,1.9613115588710888
1_10810,0.6431764705882352,0.4101176470588235,0.4767058823529411,180.72230349069872,71.0084555157462,493.82324689929794,0.0235654874264219,0.1541423480306009,5.776892029040216,0.4302908726178535,5.297165235837511,7.426198401342841,8.678939600508016,21.63329674119024,0.1339285405621058,0.071466647368417,0.599841131171921,0.3788223379350554,0.0575549696631575,0.2210187932368655,0.0339459490972315,17.369729264877588,3.3981814720467054,0.3869461515003644,-7.221790679552079,9.478839968355986,12.522161073105355,0.6996255971860864,0.9182958340544896,90.5089039251002,0.1094117647058823,0.1223529411764706,5.470773813100484,0.703610576322076,47.77430821387888,4.830109152421673,0,BBT,SHELDON,-0.42339494843209646,-0.03226770286560757,-0.3289879987410996,-0.30053872700891243,0.1599402313332676,-0.3645097880830082,0.12285622142318403,0.19220793419887516,0.03552178934190864,0.23086649525089709
1_10829,0.6035555555555556,0.4302222222222222,0.537,171.70532035332516,20.612300702369264,174.58854641671343,0.0162581409245464,0.1306354795280463,3.720294196547189,0.4393179538615847,6.496523402442231,7.242199064625023,6.070868707946582,9.321168310225913,0.117303145958362,0.0599696162173904,0.3791942822787529,0.4288497740595913,0.0453553220857724,-0.0496554917808383,0.1835636322852465,10.54239324654584,5.397111749721238,0.3149328571071473,8.147348880385307,1.5869295617769332,2.171807009372929,0.6996255971860864,1.0,65.40515144634138,0.3484210526315789,0.6155555555555556,3.4861403379222904,0.5475650669029932,43.92450559748413,1.4492166437446148,1,BBT,SHELDON,-0.5620827743265359,0.3260661219842721,0.15042954136274256,-0.10829672962983973,-0.1293044461698297,0.22281295063958412,0.45378604469669614,0.4553705681541018,0.07238340927684156,0.646933912112358
1_10849,0.7290000000000001,0.4728,0.4897999999999999,114.39095595785604,42.68508082275574,183.4500920721464,0.0182348964443904,0.0893140708246254,3.34657092106536,0.2590361445783132,6.382978723404255,13.914831274515876,9.981373094167616,16.13757556393321,0.1550700061565362,0.0672258601970667,0.2875521159143093,0.4204344284339359,0.1723454968864279,-0.1328823125196266,0.0650872050690629,4.722896007790014,2.5930851063829787,5.750102050458166,19.003120483053564,3.893065800130479,2.2164888973339885,0.5984042553191489,-0.0,91.98363040468304,0.3175,0.3175,2.927698375319227,0.2973666438028171,30.87168113041842,3.239346929366003,0,BBT,HOWARD,-0.01755507915184194,0.6497778337746549,1.1981550510266075,0.2988363222967637,0.7864779845983928,-0.2369604791662778,0.31639140144860567,0.13670015082373788,1.4351155301928853,1.475922435342268
1_10853,0.5003333333333334,0.3068333333333333,0.4388333333333333,221.01988806883307,49.49304292423874,208.27778953077663,0.0170907587732562,0.1156897175533452,9.408330135100565,0.6124497991967871,5.784574468085106,9.149023267709264,4.070029931867817,6.392299572924335,0.0982609376582547,0.0635817055654298,0.5371199091894866,0.3622102509697767,0.2848521623049845,0.1749096582197098,0.0405918639611592,19.201101479150587,4.587765957446808,-1.8747724393640297,-6.652055349303641,2.8995007920324665,4.035763353185176,0.9973404255319148,1.0,93.61628870688598,0.1,0.0742857142857142,6.281145866126864,0.4509898206749364,44.24712435742347,1.928120652494748,0,BBT,PENNY,-0.1612149078875944,0.9864384316867462,-0.13727970424146646,-1.2881538647146324,-0.8828579255176405,-0.7334248677066451,1.126938956827038,1.8692963572043868,0.5961451634651787,2.262664212691518
1_10857,0.8051999999999999,0.3672,0.646,139.66776918148827,41.69083065021516,313.81092417150273,0.0240200675204847,0.1483384560230467,3.0367110378351043,0.3810888252148997,6.126503922151433,7.527583458289151,11.866918014082176,14.16716798668508,0.1454858383439302,0.0617487173614332,0.2766376918029552,0.4611818073097803,0.0210026570041771,-0.1845441155068251,0.0266947038770984,9.659735562536676,3.419444049572893,-0.4408358461204208,0.6495722740089569,5.672846353622492,6.479196322907663,0.7123841769943526,0.8112781244591328,96.70193420722995,0.162,0.2666666666666666,4.835924342814634,0.5254206410066823,40.84542785032982,5.136026452123185,0,BBT,RAJ,-0.5819461924464382,-0.24818468837894658,0.20418433564252528,-0.7109216436506355,1.3427610590189822,1.2845778626912536,0.1289754512041973,1.590945747397929,1.0803935270487284,1.9274317657094044
1_10859,0.626,0.3879999999999999,0.4816666666666666,161.06576267458072,42.6639452426205,213.87135572920187,0.0222013414178216,0.1535895857350694,2.5268302083783314,0.3299663299663299,6.648876023338912,5.395665110028014,3.0959396063393623,4.57211462867649,0.1234363413587175,0.0534060375659386,0.4532741662434965,0.4136025384588559,0.3727930736021749,0.0396716277846406,0.1698217254433064,9.2054153309436,3.6568818128364016,-0.3035146205375773,11.178670808849674,,,,,61.8707815482009,0.1514285714285714,0.2799999999999999,3.2112660940537587,0.4886037987340446,42.42126447504148,5.689447096132748,0,BBT,HOWARD,-0.5370096509691807,-0.26800058039399244,0.03902588101958968,-0.5120299230852399,0.03454679476478533,-0.3161869741328243,0.024979727883940872,0.3025473751587778,0.355212855152414,0.4672633877013604
1_10890,0.52825,0.57575,0.55575,184.427685938008,84.37266954390239,442.513259698081,0.0273871914861007,0.1632970262674641,3.308918244216534,0.3712374581939799,6.981372452941132,6.362703883699846,13.305944283496162,22.74523349466605,0.1409750066891817,0.0569202740803175,0.2757450199590926,0.3949951743319232,0.0873079461759337,-0.1192501543728306,0.1741271385459738,9.011522774503485,2.9920167655462,-0.249062587989137,-10.59615995156012,11.093795725259683,0.0,0.3324463072829111,-0.0,91.40025240865576,0.1628571428571428,0.2666666666666666,3.675521133634589,0.4608378975534857,30.00446373102379,4.348532274511548,1,BBT,RAJ,0.0893385532599686,-0.5209395366024219,0.16534353422300227,1.2832547180759755,-0.6790578052957493,0.4054559974374624,1.1939161648160068,0.15811826869332746,0.24011246321446014,1.2280436435625783
1_10977,0.8130000000000001,0.4019999999999999,0.614,156.54879807628006,117.07262996157164,515.0077625876976,0.0280524319628723,0.1376269271537212,1.4520658019019057,0.2763819095477386,6.731986973630649,7.284283373458745,14.096798557929656,31.31937857347572,0.1807582099965635,0.0588466100603431,0.3729689924311244,0.6429080789749725,0.0532078843372524,-0.269939086543848,0.1251254017772164,8.896245601378187,3.739992763128138,-0.0058164531731523,-8.368739206781687,,,,,87.03817921209225,0.1957142857142857,0.1657142857142857,4.717690266142805,0.398840206472812,32.011365326043695,5.619302673018783,0,BBT,HOWARD,0.2763285871990782,-0.4468602839986308,0.32091230971950574,-0.3781604957816072,1.3997034209675476,0.9728670628228733,0.6544890829806854,1.8465637049661785,0.6519547531033676,2.0647514320937983
1_11006,0.696,0.4136,0.4737999999999999,186.3502576379217,80.19847470011595,378.2682071828389,0.0256627568946903,0.1541848459177952,7.734015288625243,0.542713567839196,5.983988421005021,12.96558565503253,6.881509705278131,12.729364744093806,0.1172680688416729,0.0707559147327884,0.2707248896027489,0.3987708153823252,0.3212080372198105,-0.1280459257795763,0.1188022350727557,13.45978477269281,5.485322719254603,1.379332241499446,-8.586889689947306,3.531100511547511,7.409126945437273,1.7453299561264644,0.6500224216483541,86.5157178535105,0.12,0.22,5.574832504143693,0.3478247549073731,31.33028668633559,3.625665614316087,1,BBT,PENNY,0.37312119015855,0.06755894256462547,0.5720504818714505,-0.26724011315859636,0.5455679917390809,-0.392815879100468,0.6403613033171464,0.4780090491744554,0.9648663609719185,1.2528057887852744
1_11021,0.6930000000000001,0.543,0.4375,224.9742418725057,45.19377178926168,427.1636527855269,0.0141390472556996,0.1221346480128687,5.426531834493048,0.4779116465863454,6.183510638297872,10.181875174192704,18.8728972338393,27.174796734849213,0.0996768467589601,0.0558416328795388,0.3188003204021637,0.4531615812988429,0.2047570898369805,-0.1343612608966791,0.1090335997196247,9.706492383147218,3.9893617021276593,-0.9487084450654903,2.3026038310650394,1.0956924265748378,1.1207325364694127,1.1968085106382975,0.9709505944546686,133.08456326000186,0.28,0.3666666666666667,3.525036105066357,0.7576237282730355,43.937956139088094,1.611203219096628,1,BBT,PENNY,0.024143618056325145,0.646597358140315,0.11930157659728073,0.9700958792049785,0.5236670832973261,-0.7464128177011605,0.9459522611486534,0.12293027484298891,0.8657143942984412,1.28817659710955
1_11042,0.4986666666666666,0.346,0.2836666666666667,472.4917041069826,60.96454598139119,496.62470823738926,0.0176873485263955,0.1310745375357387,5.189075431672579,0.4183381088825215,6.553934428348044,6.819144153935074,9.214591203888675,14.752396168433998,0.135330613240066,0.1338992385642021,0.2868333087444273,0.4962178033853344,0.0181359119865843,-0.2093844946409071,0.2348896709360123,9.700887439045976,6.696411263746915,-0.4133799458293539,-10.214493612118195,0.8196358047865232,0.9993558410265696,0.8548610123932232,0.9709505944546686,89.91802140631573,0.2414285714285714,0.4085714285714285,3.143976289146609,0.3858877276632068,34.40792419361047,1.34025127174443,0,BBT,BERNADETTE,0.8888441448566802,0.3969921498024228,-1.3826987379977096,-0.9136382049961367,-0.8950250968741725,-2.2448975483184253,1.8024823498528169,1.2920172466765953,0.8621988103207157,2.3794196720543352
1_11046,0.49,0.3285,0.4785,113.35483110736824,19.755422523366523,98.72931185179053,0.0149489481858342,0.1266694829964061,3.1336118869971785,0.3554216867469879,5.38563829787234,7.646899103826219,36.13567617922943,48.989145190353554,0.1367216962215444,0.0612283928989074,0.3495206842361363,0.366696438750181,0.094603232975928,-0.0171757545140446,0.1532334070515918,7.16083564392827,3.789893617021277,3.171098602519831,5.931773900842327,2.110349443982521,0.0,0.3989361702127659,-0.0,84.02446380871854,0.4200000000000001,0.4800000000000001,2.912516214607547,1.102127913022193,45.60452456897577,1.466385240795822,0,BBT,HOWARD,-1.0687644875255582,0.3300739015118696,0.06814095895847405,-1.080974989125677,-0.9582943879281325,-0.34703335536979873,0.012210501600118828,1.2883682894400021,0.4151743143282728,1.3536660063922101
1_11051,0.6466,0.3682,0.528,186.49060328379653,74.61277150035305,378.30884793610034,0.0247358587441662,0.1499731249738856,2.803305678348353,0.4097421203438395,6.838888099145786,5.858641009094964,16.66371086655094,20.132040077563936,0.1309162526562442,0.0689560094896227,0.2781516770501397,0.5956588836735008,0.0977993260651702,-0.317507206623361,0.0474336497898004,11.264702205281266,4.5592587327638565,-1.995806373299006,11.652055600787524,7.869744375190378,10.51036209644314,0.5699073415954821,0.9182958340544896,107.01008406769976,0.336923076923077,0.5085714285714287,2.7127130302740547,0.4082589936386443,33.81585868182672,4.959247079547685,0,BBT,PERSON,-0.07256851259513206,-0.3222658477947641,0.040031776223788895,-0.7013595417003761,0.18493303273150635,0.13514428817660212,0.628791029105244,0.5071988805262704,0.09511251195281323,0.813434233740078
1_11055,0.7045,0.4681666666666666,0.5809166666666667,165.36213392945422,63.67439437095913,444.2048348826464,0.0215702724994091,0.1334082566999519,5.738690193054191,0.6176961602671118,5.828135147789575,8.170466499931386,30.41244391010176,46.83044153006588,0.1254907183441295,0.0623790919764324,0.2730233593410878,0.3597731852888444,0.1870807219598143,-0.0867498259477566,0.0439667994223766,13.034027572070972,5.911394221329426,-0.3661301452841052,-8.911590191539403,2.671695385863866,3.6247493277741416,1.248886103097766,1.0,81.26956721862693,0.133125,0.2466666666666667,4.1718932297376,0.4087884779179322,42.24610209081669,2.7209774044057093,1,BBT,LEONARD,-0.32479862039990504,0.24067023369832646,0.03963738920763682,0.25453191659389446,0.6076205656573886,0.65060355358395,0.5793305369937995,0.3669503319590622,0.6109661643763131,0.9184530860262238
1_11098,0.56975,0.346,0.4594999999999999,363.4731225374549,97.26247285335327,516.1288813294932,0.0215588247417235,0.1335239881770626,5.635699998757048,0.4180602006688963,6.331450966958677,12.13825135637429,14.065254023898264,21.807821694333303,0.0951554363478831,0.0669441301008018,0.296514559960279,0.3385312374711802,0.1022033952531863,-0.0420166775109012,0.024046064680764,22.86132945416381,4.554201572724662,-0.5021135515942955,10.662962812576056,5.722886872047935,0.2373170961516439,0.3332342614188777,-0.0,76.21854737695256,0.4613333333333333,0.69,4.425374215220074,0.8417770420892865,41.82354761514821,5.1318093931305375,1,BBT,BERNADETTE,1.2075533884473109,0.2501769705837709,-0.28107145378626225,-0.9136382049961367,-0.37609523851813115,-0.5321116427916501,2.1211915934434478,0.6262722091019021,0.2510401890053879,2.2259137073310793
1_11120,0.6561666666666667,0.4035,0.5851666666666667,162.54427080472922,29.262725144928776,129.74091975863797,0.0156456773644451,0.1540576312248743,4.1863229813183205,0.4723618090452261,6.48265412275544,10.011649448169573,21.195259553664897,28.65179085473068,0.1333436158769558,0.061761157060276,0.1849618711425473,0.3738075718178243,0.1066003581778052,-0.1888457006752769,0.0758697741226885,7.103585689770763,3.4906599122529287,-2.528175254022821,3.379293411398645,2.587842807505104,2.6851461912432883,1.246664254376046,0.8112781244591328,74.97996952542407,0.16,0.1542857142857143,4.488830772589764,0.5391493197020487,48.56204170234732,1.634530439181168,0,BBT,SHELDON,-0.27609599564455334,0.12468690361214929,0.5248048386571575,-0.3638173428562169,0.25477259631799387,0.692002644191469,0.08772134721166358,0.13008569270584458,0.1671978055343114,0.22928678195412416
1_11177,0.482,0.35,0.41,193.06917295408888,51.208000295979176,342.14299012912375,0.0180362240160791,0.1295769931728987,5.360361293002664,0.4197324414715719,6.150256684733854,9.973466611132531,12.214243208458734,19.82683558747819,0.1133735995116649,0.0634076236440029,0.4624090421542239,0.5196797288533542,0.0934538627031996,-0.0572706866991302,0.1763462786662151,7.931373439063416,3.9893556873949327,0.4059877388343053,14.716392019632508,1.867977993944125,2.22806881469512,0.8311157682072776,1.0,88.94606646486342,0.2386666666666667,0.2733333333333333,4.286328807913122,0.7514971867263661,43.30012139082457,3.131686109708656,1,BBT,SHELDON,-0.07244978823016145,0.4113106644127543,0.24105195018067072,-0.8753897971950988,-1.0166968104394807,-1.01428928633805,0.8029400089649373,1.428007474852235,1.2553412365187206,2.0639282028052284
1_11201,0.661,0.3684,0.5166,244.44237378218588,58.75484990952765,263.4514388182537,0.0154470199440004,0.1034704832739031,6.4031100259224525,0.4727793696275071,6.411457592949174,7.579779635011802,9.703959984667394,13.260497655388424,0.0937477090219377,0.0606123518670343,0.3565680634754095,0.4856505742400481,0.2709141845914385,-0.1290825107646386,0.0564461489272656,13.360556468726369,3.419444049572893,-1.4603632368289892,-23.760039779850104,4.780829268968475,5.287470552952277,0.7123841769943526,0.8112781244591328,69.57712970247701,0.164,0.2181818181818182,4.83648987010692,0.7134020597518744,40.99479191911203,3.2667617289843145,0,BBT,AMY,0.04284470648081981,0.8963403777023993,-0.2049524728912917,-0.6994471213103244,0.2900573932519335,0.02409731572349097,0.7422918277911442,0.6062829844504658,0.22904978861478267,0.9854136291447151
1_11224,0.462,0.44225,0.41375,106.6472526109806,32.949841516168526,181.7128082552977,0.0226912940521367,0.1698850656667577,2.088158199823588,0.2467402206619859,6.696416430209684,12.93577122080776,34.22665662117347,47.61247231901173,0.1627826409181791,0.0695182276089033,0.4655427355750768,0.6184038298684887,0.0202651824089943,-0.1528610942934119,0.0300069855664029,4.377464399263579,2.198823305441986,-0.2810935207185555,-1.2167728596006135,2.7297874968272864,2.840037146325036,0.3997860555349065,0.9182958340544896,103.74874668460194,0.4623529411764706,0.8775,3.0417870228554174,1.004710607057273,35.04696065510877,2.275690644315628,1,BBT,HOWARD,-0.12881877759821142,-0.5414485687032962,1.2381563741581372,0.006714107716336859,-1.1627028667178505,-0.9777606769784739,0.13553288531454827,0.6212542980145543,2.215917051136611,2.3053447558491587
1_11232,0.746,0.51475,0.5965,419.7751018818712,88.05033291879928,386.9505453789949,0.0179500493912072,0.0972559515212126,10.283341230512162,0.5,6.150256684733854,13.3530735531844,4.97916286836245,9.161027680807353,0.0685110065560224,0.0586836594074298,0.5571106452180234,0.6985709928885445,0.0172234688424737,-0.141460347670521,0.0291568338038338,15.47297110244676,6.31647983837531,0.8152155642735468,-0.5848432581505882,5.033004663318558,6.144214878526936,0.6648926145658222,0.9182958340544896,74.95979061471539,0.3177777777777778,0.2233333333333333,5.265362018381372,0.8677906592005717,54.06874418230581,1.899041795578177,1,BBT,BERNADETTE,1.3980837071159269,1.2300727137875065,-0.4851162747527184,0.6999664991101486,0.9105831324350069,0.8024002191448534,0.6981172080057783,0.3194895813524996,1.2875164938975718,1.499046347103676
1_11236,0.4163846153846154,0.5329230769230769,0.4537692307692307,173.6356170389143,64.34894041221172,430.9926851705098,0.0195341384748892,0.1403438330490043,6.064123278343015,0.5550918196994992,5.994653294869277,9.89810065374258,24.410633566060906,39.16003770521954,0.1323654616523012,0.0643072127307014,0.294312666430623,0.3278559794816069,0.1843970609058743,-0.0335433130509839,0.0597216736018393,13.79150009429478,6.577466809648235,0.16380208849498,4.8199609988433885,1.9120712796858272,2.237418080281342,0.8325907353985107,0.9910760598382222,69.30483756823989,0.1284210526315789,0.1355555555555555,5.323972543404299,0.5720811276364859,47.286745074567904,3.981208690426649,0,BBT,SHELDON,-0.08427666578618286,0.2862124537468197,0.26991061503791053,0.8737393133985176,-1.495708987383518,-0.5879348509411555,0.9580159791847005,1.7819214411303377,0.857845465979066,2.1974843531261103
1_11242,0.6575555555555556,0.4277777777777778,0.4721111111111111,333.53141145642866,97.12918887138432,517.1760551247205,0.0160184432417277,0.1046686560402687,7.739954926364519,0.5117056856187291,6.442529054098302,12.56449771149179,7.056925833161542,11.507509482492742,0.0917244559835121,0.0810431674632279,0.2399475752796713,0.4315806808106411,0.0326250816902482,-0.1916331055309697,0.0531087528996154,16.546661290767226,5.998216705539799,-1.003313275578568,6.6360678644093305,4.616832920822408,5.55398891884523,0.8886246971170072,0.863120568566631,72.47153717741953,0.2257142857142857,0.3327272727272727,4.4768000539580015,0.976293428727428,36.95533837487636,3.768056487410538,1,BBT,BERNADETTE,1.164375906469167,0.9884943422171717,-0.03769568061868497,-0.13167075661936206,0.26491190578176954,-0.4092672824268538,1.296046663088529,0.7235824364354022,0.37157160180816884,1.5301548779424232
1_11243,0.6923999999999999,0.4178,0.4636,206.98459518605247,74.12155755076783,353.57995564286387,0.0298383842583786,0.1417665775268436,3.2984685191024714,0.4457831325301205,6.582446808510638,7.508872977548292,19.506210194611107,32.58833549486065,0.1393561902755,0.07516682502633,0.2240242371719218,0.2907238488136691,0.1563150317156718,-0.0666996116417472,0.070261074728388,16.970478472389843,3.590425531914893,3.913007507992894,17.333416094390873,5.58880315398227,5.58880315398227,0.5984042553191489,1.0,83.48569572707501,0.1514285714285714,0.2639999999999999,3.536033507332446,0.6456146173792905,36.40483938978679,3.841021409750861,1,BBT,HOWARD,0.0760796250636161,-0.3975231945155187,0.03887881941704333,-0.2270792849675068,0.5192869016089738,-0.49217369655851295,0.3031589100311229,0.9168100961244925,0.5310525159755562,1.1020267019501062
1_11253,0.5271666666666667,0.3213333333333333,0.4468333333333333,219.04517587516204,57.67064626094853,475.4099277781369,0.0168366302743859,0.1198761193184344,6.462859559950664,0.5802292263610315,6.696411263746915,8.906664698515824,12.539867009313722,16.077631915233198,0.1059727360455868,0.0558881720707376,0.219166603180898,0.2900076722331399,0.0987119857249527,-0.0708410690522418,0.1081040471631108,12.613299901346842,7.123841769943526,0.4793552045738474,7.348778657538627,5.903700175399005,7.157167577015353,0.5699073415954821,0.9182958340544896,68.85245559679592,0.1757142857142857,0.29,4.2309867043735645,0.4998642941030986,39.165332652266414,1.6506964427840625,0,BBT,SHELDON,0.13964769787939046,0.666382565342639,0.1904510578465631,-1.1495033864358701,-0.6869664666774943,-0.65549716773955,1.2891510843152605,1.3533490320201333,0.8459482255861132,2.051607301857092
1_11257,0.72925,0.4475,0.5562499999999999,171.26981525932644,51.47920572307612,417.6360372799598,0.015500158080037,0.1267097807125944,9.316658923150294,0.7135678391959799,6.731986973630649,6.172639288624178,21.83501944815988,33.0564566362453,0.1122924139934842,0.0591900303641456,0.4482066451597536,0.4502296615631128,0.1868807306102667,-0.0020230164033592,0.1592343642211238,12.271066722784951,6.23332127188023,-0.9662729780835828,-5.325390654594566,3.3394099701952533,3.756011249453444,1.4959971052512553,0.7219280948873623,84.7294114012969,0.0466666666666666,0.0199999999999999,4.283455583749937,0.3547414512280746,38.145930172535806,3.796752617436193,0,BBT,HOWARD,-0.3294471507747493,0.9022816322183189,0.11329992368638497,0.05691514295519936,0.7883030603018715,0.41032647868540534,0.3863622937299486,0.11397857191644745,0.29702655499902036,0.5004914697044955
1_11306,0.7158461538461538,0.4422307692307692,0.5536153846153845,98.78783644300606,32.70533331451086,509.8595783405806,0.0132953168254993,0.1296626485317593,7.880244547938423,0.3377837116154873,4.594277121167284,15.744639575093252,67.3476355525253,95.64808783687452,0.1464887255811404,0.0575212280743308,0.2173967001647244,0.3587947694348069,0.0342343314831023,-0.1413980692700824,0.1800355429151924,4.63900764633026,2.8631002349303363,-0.250960746452418,0.865255940205234,1.5203705052070156,2.036357479565965,0.9987558959059312,0.9852281360342516,97.9513149366891,0.5088,0.5755555555555556,6.232827940354794,1.2434670021150889,48.43413653600397,1.1009533717733522,0,BBT,HOWARD,-0.5065351973609289,0.7700756436994731,0.8159169780234797,0.00653022114037031,0.6904509245076175,0.3846627890327801,0.5130654185012992,0.07962471919185565,0.4312541889906996,0.6749491796352679
1_11322,0.6976,0.3712,0.5728000000000001,296.9299227524336,80.8881353505956,337.8914088970637,0.021252803707231,0.1349883032118465,4.0798591963718,0.3812709030100334,6.648926145658221,8.318755254272839,5.943643790006569,10.30260100420685,0.1009791274642459,0.0651920705188847,0.4401204595812447,0.2633626417668724,0.0554132146720129,0.1767578178143722,0.0446666025599165,9.99780201490889,3.6569093801120216,-1.3027044351172958,-10.317134425495595,4.54216816517746,4.95316129489387,0.6648926145658222,0.9182958340544896,83.01878137118412,0.17625,0.251111111111111,3.9654297103263527,0.7916473579559274,35.506664026758536,3.882120219005496,1,BBT,PENNY,0.5634039503253676,0.11140540520210698,-0.2879305460102628,-0.6726732358495982,0.5572484762413508,0.5715394079923348,1.2360771861749658,0.4458430710392438,0.8594699540025976,1.570143769216422
1_11378,0.5991428571428571,0.3557142857142857,0.4781428571428572,136.4667898656796,43.55162738273895,167.17335761883828,0.0228028592538699,0.1541044133650461,4.664672729230708,0.5016722408026756,5.817810377450943,9.05250182666008,19.982538125264064,28.26214565774599,0.1455531031621331,0.0573856325270521,0.2310504458691851,0.381326689646454,0.0534093473869931,-0.1502762437772689,0.1831624937773097,11.923586547189254,5.152917762885122,-0.6969893263900137,-2.5043187112172927,1.5348355446698676,0.6586705313742651,0.6648926145658222,-0.0,97.80492975696458,0.1933333333333333,0.344,4.273859001138285,1.0085112075201528,45.646331242167406,2.386918829014653,1,BBT,HOWARD,-0.5283060842807368,-0.1187052531224485,0.2865153600677719,-0.8207492146221874,-0.16151848080902656,-0.35051227054690043,0.29244313034145064,0.042813227686578054,0.6370276306146723,0.7022536287662691
1_11439,0.7285714285714286,0.4247142857142857,0.5548571428571429,262.9693207226589,95.5818321255819,462.96247051247576,0.0188583929004882,0.1244495177893605,6.952358440597232,0.495702005730659,6.268980757550303,7.775816835805649,14.793201724672938,25.950663602972053,0.0938634988962719,0.0586822863309068,0.4790972980401684,0.6129486926877245,0.2430657581825857,-0.133851394647556,0.035886442279499,12.20860727670128,3.989351391168375,-0.0559718158603052,-0.3090704531075516,9.244472030674816,10.140542578426956,0.5699073415954821,0.9182958340544896,90.37631375588148,0.1444444444444444,0.192,3.166493707646566,0.5426578775708611,47.673403347674586,3.900793287886415,1,BBT,PENNY,0.40405006222504597,0.5786541313462863,-0.3281896881203124,-0.16096418005428428,0.7833492833924276,0.3967587094947074,0.5650142422793303,0.2046951520461413,0.7249483976150197,0.9416429145139167
1_11485,0.622,0.3724999999999999,0.4329999999999999,350.8568935592836,88.12942589881021,386.7723786998301,0.0256709603578397,0.1045764693035162,9.953212696870011,0.6231155778894473,6.731986973630649,9.581465971851909,6.16423477409894,13.12757974423428,0.0849425101432498,0.0735107280811264,0.488825767479512,0.4683012544375195,0.0552532101512818,0.0205245130419925,0.1306288740793898,13.545254452641029,3.9893256140033473,-3.398359185185505,-14.740958480112406,2.440969248334824,3.6862913259316703,1.7453299561264644,1.0,54.95140337452107,0.092,0.2266666666666666,4.788232994696913,0.7187771238078425,40.38838703810455,2.7698911508071,0,BBT,PENNY,0.9653848768833226,0.8074663903784844,-0.3737437332607601,-0.6602425033142617,0.005345583509111254,-0.7902471489326527,1.6256273801975842,0.8021208068693731,0.4165034156718926,1.8599831352265506
1_11526,0.5463076923076924,0.4436153846153846,0.4711538461538461,190.7818026843172,78.92101224658784,500.385972315083,0.0223135320614663,0.1440852030888687,6.588413253804553,0.6070878274268104,5.532786885245901,8.528260808219885,22.33502657970125,43.50209026400432,0.1317443596536366,0.0667775850288946,0.4724980459286714,0.5459795670737524,2.311659213487289e-17,-0.0734815211450809,0.0184583758929561,19.63357180612432,5.148565573770492,-0.0066582526499895,6.383280829553549,5.03397841340941,6.583148111262148,0.6915983606557377,0.8112781244591328,75.0567141734472,0.0882926829268292,0.1013333333333333,5.413878566065317,0.6907117157537882,41.13064970565715,4.751810968591061,0,BBT,SHELDON,-0.15115911201668844,0.1853317158022788,-0.15675278372326087,0.019770054609960227,-0.5472311833290279,-0.41859196447419894,0.17092916662664867,0.7325628991313067,0.26183918075093804,0.796507964658024
1_11529,0.3165,0.65425,0.4659999999999999,170.14024841031696,63.43185706549105,469.4474691845368,0.0199653518964523,0.137159809028356,5.551220580613751,0.4919678714859438,5.784574468085106,17.472647047211918,22.513627893714364,39.4355663667673,0.1262308511989003,0.063897969082648,0.2421323662006367,0.3703457441328669,0.1541566039945518,-0.1282133779322302,0.2267435387242224,9.555740264952828,4.787234042553191,-0.1031485431146659,-7.165098857181249,1.7981756594698617,2.2557786873503733,0.9973404255319148,0.8112781244591328,87.33103933103934,0.1275,0.78,5.441908512816864,0.3831307272456332,41.66629782004761,1.2779191325250288,0,BBT,SHELDON,0.5196211348650013,0.25735488394401157,1.1205108532046497,2.0338797211713437,-2.2248969261429945,-0.4687953865683854,1.5142585863063425,2.482251810087006,1.589306239773035,3.3136758197904945
1_11609,0.622,0.3337142857142857,0.4745714285714286,164.327791964753,54.44747472609585,307.7213172208842,0.0166812156147444,0.1490433200910272,10.12976631152894,0.6237458193979933,5.485364070168032,12.075528511284556,15.92338701544858,19.79972451553929,0.1119374770954587,0.0580604573944876,0.5350089315439107,0.5563426853819204,0.4468424124822087,-0.0213337538380097,0.0431483080770489,13.506382694735205,6.648926145658221,-1.8949641695134616,-9.017420218918035,1.4649527088174754,1.202424520541767,1.3297852291316443,0.863120568566631,41.08955539672735,0.10875,0.1633333333333333,5.3712017602280895,0.5220548124490494,42.35379369323586,1.7071046263739662,0,BBT,RAJ,-0.15231454169194975,0.6981778821075001,0.3850819268561905,-1.0311154575278958,0.005345583509111254,-0.3853014223179254,0.878800915835946,0.6928322985983888,0.7703833491741159,1.3586015414167438
1_11697,0.5908,0.3518,0.4343999999999999,357.59217484637514,111.67437471724236,452.3514143996634,0.0210013815079855,0.1247755818598052,5.22449881681706,0.4477911646586345,5.784574468085106,11.889118136248046,22.432109817012137,42.10305641477667,0.0955849726530829,0.0706558775784861,0.2357856344832251,0.3859091592887105,0.0500905230181958,-0.1501235248054854,0.060818664679728,14.056254758007071,4.388297872340425,-2.1088026963430235,-0.5669334359414577,6.5206387909388095,0.0,0.3989361702127659,-0.0,79.78936735778842,0.2254545454545455,0.2799999999999999,3.988099500907197,0.4788217412123544,40.296163682083744,4.998238428523014,1,BBT,PENNY,1.1300025728655194,0.3179307763547081,-0.4898554033998515,-0.8581780136846315,-0.22242386428514638,-0.7766098014384109,1.988180586550151,0.5403546406398545,0.28675439803855934,2.080161836778664
1_11699,0.542,0.644,0.6465000000000001,147.46270668351636,32.322194839401575,240.7881938326626,0.0177095380929124,0.1226961741303351,8.775650500587139,0.6155778894472361,5.734655570129812,12.10027380694152,21.385090068824507,21.455694299223907,0.137764267992444,0.0671561069348683,0.3193588212371446,0.5081437233792635,0.1752618713510958,-0.1887849021421188,0.0596055664456485,20.53197408713728,6.23332127188023,0.7864744622950158,10.41397850507314,3.0771920847189307,0.0,0.4986657017504184,-0.0,109.0641303146104,0.1444444444444444,0.155,2.7555056054793954,0.4032634474280193,27.931679943854803,3.4330169256769127,1,BBT,RAJ,-0.3312121323971393,0.8061234473859906,0.5672809651710272,1.9358681761811842,-0.5786786416043694,1.2894483439391977,2.2670803085783238,1.38480208899036,0.7221673787681705,2.75297215281458
1_11723,0.7639999999999999,0.34625,0.51175,217.51226042350496,72.60202798136393,354.7947767524988,0.0298910805157196,0.1294930383189332,9.505687656026469,0.4949748743718593,4.737324166628975,19.91197058864638,23.39452317709472,51.686952084317205,0.1039192565795999,0.0627724110920238,0.3359868911769132,0.428202455581248,0.0797241005179101,-0.0922155644043348,0.119928088336684,20.63734822609188,4.986657017504184,2.891692495265848,14.816475958713776,0.7048580725975118,0.7048580725975118,0.7479985526256276,1.0,53.93343282232171,0.2266666666666666,0.19,6.84737920156303,0.5436091128980232,57.98292883626453,3.3155957227884323,0,BBT,RAJ,0.6972066528821168,0.30700449342484704,0.7790799238917847,-0.9112476795085716,1.0419885830855393,-0.02314635238155951,1.6084543323906884,0.7349840896606923,0.8022262762733442,1.9418789740311129
1_11736,0.5589999999999999,0.482,0.4059999999999999,257.580536475059,47.65265215207543,349.1192611686464,0.0224556542049742,0.133867824337165,9.927310221096905,0.5954773869346733,5.983988421005021,14.312367387972431,19.451090732403213,35.008000664439294,0.1061886198939115,0.0660717160292917,0.2120373570510192,0.2299722457825753,0.193190683899265,-0.017934888731556,0.1748639563019106,21.2559236142976,6.48265412275544,-0.5903099833145432,11.591603038377066,0.5338034796427538,0.1967203053415458,0.7479985526256276,-0.0,94.03630967388082,0.128,0.23,7.207818458123622,0.3390575552055093,37.32910109978126,2.3982850332657546,0,BBT,PERSON,0.4839110268736269,0.604542644231205,0.378236857656331,0.38680766023915064,-0.45457349376775547,-1.053253136321598,0.09710336663447627,1.0591161379989604,1.431489993977929,1.7833450760973082
1_11773,0.638,0.387,0.4066666666666667,296.2053641373465,94.48161045187614,455.1690607942384,0.018664185780622,0.1142842863442397,5.958226130121356,0.4381270903010033,6.150256684733854,7.12111961091403,9.48030475354113,18.557567331887377,0.1006078800202851,0.0674196830945698,0.3614460556337715,0.3938323759659789,0.0656974780248773,-0.0323863203322074,0.1729747708174929,15.36971726806767,3.823132533753477,-2.3302564268271,3.446140601919204,6.566452871697979,8.01516565514524,0.6648926145658222,0.9182958340544896,72.98340702705272,0.216,0.4057142857142857,4.709745622399753,0.9500424923221056,38.893875360706,2.8403378891146702,1,BBT,PENNY,0.42620480803847427,0.6091473174150558,-0.6184869250535193,-0.5215920250354983,0.12215042853180756,-1.0467591613243392,0.9477968330739726,0.4869968888832482,0.4282722362708199,1.1484345496925037
1_11885,0.601,0.3723333333333333,0.4003333333333334,226.7351254391543,42.97505729311865,186.3455296242428,0.0152938137122943,0.0926326641533968,10.464457432616037,0.6907630522088354,6.582446808510638,6.389905480445114,6.899829214721596,13.55310655909165,0.0846171781117631,0.0542236130976784,0.2442534510032737,0.582963078081679,0.0764719112901872,-0.3387096270784053,0.0286525863678397,12.514558121284828,5.585106382978723,-1.6939210491143686,-11.744858271020831,3.3054874444413054,4.6673398372127375,1.7952127659574466,0.8112781244591328,102.43389849420709,0.128,0.44,3.0265821574908767,0.499710220762161,48.73214616522824,1.6312171279665386,1,BBT,PERSON,-0.21715739357499403,1.4015116570136965,-0.19476479520602355,-0.6618361869726376,-0.14796077558317766,-1.108451923798289,0.44467879339764355,1.549472432596874,0.9136871285922655,1.8529512183623285
1_11889,0.7318,0.3884,0.5254,249.56389361911008,60.435255955715085,316.50044268893635,0.0191617664758379,0.1154343811619029,10.72477986115955,0.7135678391959799,5.485322719254603,9.426465440121987,20.52628444785141,47.83219100984975,0.0936306614889937,0.0590993961116895,0.3954077149170853,0.7149247024050263,0.1074818429800918,-0.3195169874879409,0.0581891577497835,17.471600443841997,8.227984078881903,-4.381870767629393,-15.147740174018764,1.2563981656288916,0.7915465775893851,1.7453299561264644,-0.0,77.6249535508038,0.0471428571428571,0.06,5.258905296968182,0.3545340406709133,41.40071326212919,1.8861334353190429,0,BBT,BERNADETTE,-0.02101766283786799,1.008455930179287,-0.36046404272889276,-0.5082050823051348,0.8069188324773641,0.10981778568729579,0.48718741946726685,0.20153709770192296,0.47028182841618854,0.7064940067514816
1_11901,0.6538124999999999,0.3799375,0.526875,202.8311502942721,84.75863633275719,505.2890591225895,0.0243715428514465,0.1398913317839658,6.5272238629004615,0.5998747651847214,6.25,9.624890568592756,26.67499432445411,57.26556740683764,0.1276093420763562,0.0644725771545116,0.286436109371327,0.3993403812788177,0.043901394387339,-0.1129042719074907,0.039734325117654,18.449532935410254,5.25,-0.2976192427008201,-7.512858758066109,3.214741348342789,4.352010946346866,0.6875,0.8812908992306927,76.99553424121868,0.0941176470588235,0.1007407407407407,6.0217915545043805,0.5352085253936332,47.1714439767374,6.057864981339822,1,BBT,SHELDON,0.24779909562112523,0.13620218422290997,0.18818607530293194,-0.5891243700592059,0.2375864667768933,0.12418570536872897,0.8369234656803312,0.10138428255398332,0.06400036993420297,0.8454677448058425
1_11913,0.5820000000000001,0.3548,0.478,141.07338483043023,101.66648951752272,486.4084540403773,0.0255630504815361,0.1627063979312357,3.863195540290603,0.3724928366762177,6.126503922151433,13.254302550876798,34.838587165986574,52.781255035276,0.1438311349657403,0.055110454856588,0.3222021129358499,0.329047111282237,0.0716776819835399,-0.006844998346387,0.2173422423540004,9.640419736681825,4.274305061966116,2.523992414041456,9.325327134668624,9.415180719329284,6.948674492594519,0.5699073415954821,0.9182958340544896,130.55411428911782,0.3716666666666667,0.5175,4.487608403517608,0.6883842569603912,37.68823049461864,4.532367876504695,1,BBT,HOWARD,0.4535525699475858,-0.4153863635163864,0.887491984063432,-0.8294917078338531,-0.2866665290476287,-0.3519038366177422,1.2830442777814388,0.12871983446875773,1.2393958206811742,1.7885394641593235
1_11924,0.625,0.4925,0.7475,175.640487767087,34.69167205148437,273.3077133826472,0.0155348342650927,0.1146179801824553,3.9868947078691166,0.4437751004016064,7.579787234042553,7.511368923707517,27.321306046653795,46.7963702929332,0.1251836393202069,0.0585320048645599,0.3915561768506432,0.4236030228277541,0.1747939145680968,-0.0320468459771108,0.1601284601785173,10.13983822391601,4.388297872340425,-0.40375904997165,-10.054169819497892,6.784203592272031,8.167336186922164,1.1968085106382975,0.9709505944546686,70.9566531659555,0.1226666666666666,0.2133333333333333,4.825095041825327,0.4634732408409486,35.10689519514465,2.922413498970388,1,BBT,HOWARD,-0.09344346711951762,0.5261043007612707,0.5755231233881584,0.4872097307168751,0.02724649195086681,2.273285556023772,0.5806531978363927,0.49885780881040387,1.6977624326356135,1.8623679892109246
1_11928,0.8315,0.401,0.583,207.4739579142572,46.78783988770754,225.4594198823996,0.0179419244105733,0.1112313302915849,3.6834568300619215,0.414572864321608,5.983988421005021,12.026505963523666,19.082550891213856,23.895428583124808,0.1122997163890661,0.0696648247789255,0.2615164296469648,0.5433328461646371,0.0137166597416603,-0.2818164165176722,0.1587544667065654,8.362892041253684,1.9946628070016736,-2.618905561207705,-16.856220744844524,0.968972363649082,1.1757638913694608,0.9973314035008368,0.9182958340544896,61.46851763961399,0.3114285714285714,0.505,4.049056788882374,0.7901813921256069,52.66292858539645,3.627333004115612,0,BBT,AMY,0.0819509593453325,0.4469095459847214,0.3532256306886654,-0.3877225977318656,1.5347590230250399,0.6708972254503798,0.46967355707719816,1.0878494770403184,0.31767159476171436,1.2267538371787932
1_12002,0.4026666666666667,0.515,0.387,173.35613273152015,109.28927088224764,491.2555394147266,0.0256702389767641,0.1509568748733506,3.2180810196301564,0.4070351758793969,6.23332127188023,6.214806910887156,44.24399981266012,75.11820611408822,0.1439307781960077,0.0681111797278516,0.3372437274419359,0.402649109928918,0.1422230949504442,-0.065405382486982,0.2405243829618689,8.488838509047833,4.238658464878556,3.8952894395679833,15.87364100274254,7.567538797241243,7.567538797241243,0.7479985526256276,1.0,71.48415327362694,0.4177777777777778,0.8600000000000001,3.658444668049104,0.5638096180315779,44.52936113364788,4.7915479598712185,0,BBT,SHELDON,0.03380501608588379,-0.36539585310000655,-0.08185593179692678,0.7023570245977133,-1.5958541670103492,-1.2383314237434477,0.6685520085118295,1.2304583139103427,1.156475491946521,1.8161566600459422
1_12083,0.5966,0.3929999999999999,0.4328,186.93094847629112,117.13802168401745,485.4325555843,0.0261093896373633,0.1681103022505688,1.4235533728585266,0.3567839195979899,7.479985526256276,11.195505927654358,46.80115147124902,74.94052492655979,0.156275833215898,0.0680637572754408,0.59532095374251,0.7315739935602367,0.3362650813673588,-0.1362530398177266,0.0686395959403765,9.202155083516049,2.7426613596273013,-0.751056103478896,-3.628629392910295,4.165244938485856,0.0,0.4986657017504184,-0.0,83.74777603349033,0.1,0.1633333333333333,4.367260929387406,0.5594563305178147,33.11622177309319,5.1321052675588055,0,BBT,HOWARD,0.9579703751896759,-0.7378373225507675,0.9251912298896313,-0.46421941333394245,-0.1800821079644188,-0.7921953414318287,1.4221897885236183,0.5577552145863487,1.71738657132146,2.298506321360548
1_12202,0.5264,0.6686,0.549,170.01195968325956,41.01039310447008,253.1425571549489,0.0179690591142862,0.1349359310746302,4.391789407639831,0.5117056856187291,6.482702992016765,9.185705546478191,35.02430981026089,66.74022391490206,0.1372209583585041,0.0695539344345168,0.4613219316731044,0.3587364924204269,0.0,0.1025854392526774,0.1217450830894741,8.323466299448768,5.152917762885122,-1.6054382838522403,-4.351967486721062,1.5011940939915498,2.0275383356886625,1.1635620754901888,0.6500224216483541,59.68019166869741,0.12,0.1422222222222222,4.070418685449623,0.533304546829878,49.82218282268833,1.913458710551084,1,BBT,LEONARD,-0.2223701506060129,0.23830607116699318,0.3879190814367801,2.1710958841575665,-0.6925633655014987,0.3397045005902267,2.393466034763579,0.9308694366684919,0.04821458084655339,2.568564231919579
1_12275,0.6412000000000001,0.37,0.4397999999999999,196.0608194824616,63.06899645229449,242.0321828403568,0.0140646503374978,0.1072790447385715,6.796119053226053,0.4831038798498123,5.610020862662618,8.075635868671347,6.266769369903703,7.4373380200980606,0.1102324813821144,0.0551334100427131,0.2687140718983522,0.3781916517168206,0.0256410256410256,-0.1094775798184684,0.1236394085091227,10.949658265958774,5.111352341537052,-2.812878661538273,-13.82022876468046,3.849341671358223,3.214658692192065,0.3740013908441745,-0.0,78.09941934488597,0.2753846153846154,0.6439999999999999,2.9085411282913496,0.5634027305847394,40.54116707357487,1.7975678834282738,0,BBT,PERSON,-0.28568684983487125,0.9522090362230525,-0.2083135546129441,-0.6841477581899092,0.14551139753634748,-0.7240086039606216,0.398460908355038,0.8066976386867051,0.5156950493476775,1.037050413273883
1_12320,0.4878,0.3312,0.4669999999999999,174.45293600531988,57.89398130129194,518.3142047728255,0.0214992423900856,0.1336935457301805,6.380428280722603,0.4521422060164083,5.541410720686203,10.605393479423258,7.618563546406786,12.84166076134346,0.1231017319408569,0.0632372647624006,0.4545643591149359,0.3787023574880754,0.0604981355098045,0.0758620016268604,0.0087410048490307,11.165732530330834,3.9062403440902735,-0.431096777174887,-15.757245532538322,4.983450817330485,5.179633580073494,0.4542139934988691,0.8112781244591328,97.94436949153676,0.2579310344827586,0.42,5.936196877507999,0.9926788765964636,51.97509115794692,3.968260707426232,0,BBT,RAJ,-0.20180946823540602,0.32817081243900226,0.1785678850958401,-1.0551573138599766,-0.974355054118753,-0.4590544240724985,0.8533478456245706,1.3025258665577553,0.6376223091683386,1.6826581315981246
1_12331,0.6920000000000001,0.508,0.5743333333333333,246.55369157050072,76.59200571913784,492.6546974140496,0.0196505438435457,0.1338764862383225,8.182614137272772,0.5251256281407035,5.734655570129812,7.091927248663549,3.9732852954727576,10.99850362052869,0.1280887761773252,0.079957521523731,0.4869150748494797,0.5921584129327029,0.0774854997302439,-0.1052433380832231,0.028863531300051,16.53894983705179,4.986657017504184,-1.6223002416771433,-4.446718769377794,1.417963690719569,0.0,0.4986657017504184,-0.0,81.57951262488801,0.0858823529411764,0.164,6.00366277884333,0.5614962990714235,32.10153240181602,3.802402699581858,0,BBT,PENNY,-0.034138968110245776,0.5736288499542627,-0.5319294025650673,0.635422310945897,0.5163667804834076,0.5864755504860264,0.6695612790561427,0.057262069470855104,1.1184049530510936,1.3047685197078451
2_223,0.6587272727272727,0.4464545454545455,0.4821818181818182,187.10902022466104,41.985288460888704,321.11138557318554,0.0153634035324167,0.1047620490672446,4.368984221147664,0.3312937062937063,6.184815587370816,9.654500072787457,4.779313172355318,5.0049984744695335,0.097452344060314,0.0562690742036093,0.2513747872295341,0.3445728929684497,0.0848020064450778,-0.0931981057389155,0.1930959792984963,5.974456133715438,3.397293069119181,-0.0209552113264316,-6.6394020210753695,1.1343705380534217,1.3736369461567886,0.7839907082582724,0.954434002924965,81.47542507156453,0.5663157894736842,0.8363636363636363,3.271144359204004,1.3068156213811932,39.29677323044924,1.8057605396310328,1,FRIENDS,CHANDLER,-0.19257877241256866,0.7018759902697163,0.24555757339240744,0.04691840000720111,0.2734657959475729,-0.31116890254403295,0.23949717241976975,0.42841019432214333,0.5567264759364404,0.7421849898811007
2_370,0.5429999999999999,0.4535,0.5992500000000001,174.09588013566668,45.2581937304203,196.7778168108731,0.028862462942226,0.1345342533079511,4.72771823946649,0.3095238095238095,5.900391753901483,8.204387872129425,2.797433335961123,3.4024446736890286,0.1166590631205659,0.0660249945169672,0.5825037760311952,0.4750472334397177,0.2192860213868235,0.1074565425914774,0.0411148979484196,9.409274944578526,2.5961723717166527,2.007377751626332,14.3754279103691,,,,,85.68754774637127,0.092,0.0916666666666666,5.655708796535571,0.4361284214540483,34.82594300373815,2.4825284787442685,1,FRIENDS,CHANDLER,-0.4257132499899095,-0.1267020483831547,0.027559306868474725,0.1142877546567562,-0.5713783387904517,0.8291878660085426,0.5400010046466657,0.44467629040729706,0.8016285591400678,1.0639297134203858
2_556,0.619,0.45575,0.5960000000000001,222.866405984613,103.05797846235414,451.4847725531624,0.0235616076126977,0.1545458004261894,5.59364364630093,0.4654088050314465,6.867602922022765,7.742138353881128,2.657169194891424,4.099247207028301,0.1166096013960667,0.0709888810526132,0.4571692383309991,0.4630437192218677,0.0862490277787155,-0.0058744808908685,0.1066916601219041,15.979503303368269,3.745965230194235,3.871549269857345,9.816004755928777,1.675909130975196,1.22514908215638,0.8324367178209412,0.9182958340544896,61.5839406946485,0.0922222222222222,0.098,6.156732228060705,0.4372619783438735,38.26352700501812,2.957456817622779,1,FRIENDS,CHANDLER,0.4853859112504068,-0.04622124324885951,0.09612534411904598,0.13580248404483974,-0.016555324932644305,0.7975297378969104,0.34958342720556707,0.029665918316215206,0.7014043937778645,0.7842555469343063
2_484,0.112,0.677,0.491,208.53806348441404,68.70108041782551,262.8630934333538,0.0190708850578812,0.1269806988368683,-0.0879518128796693,0.1845730027548209,6.994862161624203,9.666793061068224,6.922478064671538,23.818908083636128,0.0922398192600275,0.0588038031402408,0.2601603243381493,0.3190969859292943,0.0433963036602746,-0.058936661591145,0.1154031376515618,5.256835588185413,1.097233280254777,3.1514550200605007,9.228960857383884,,,,,83.8453034944263,0.8222222222222223,1.1733333333333336,2.608030695488784,0.6158292272051786,36.838152606266455,4.994581492835875,1,FRIENDS,ROSS,0.3484193392598491,-0.10504788290713302,0.44821854947640727,2.2514175405397467,-3.7178088515893304,-0.22527132417121268,1.9029982012798976,3.6127609686821973,0.6734898736476199,4.138481917420195
2_494,0.6815,0.4185,0.555,213.64826417807765,49.06541428374122,198.73771720245023,0.0149587868973977,0.1231497069851076,3.989976861702796,0.4081145584725537,6.388561004399614,7.807600211847985,6.671262118930733,5.978249635570986,0.1035587947856399,0.0473727032587792,0.4258771447548432,0.5891824727068149,0.3651483716701107,-0.1633053279519717,0.1311528734880035,10.68704120832724,3.549200557999786,1.0722507444812417,7.582337837707042,1.0504924413385217,0.857423404391179,0.7098401115999571,-0.0,98.44705291667718,0.305,0.4299999999999999,2.5986958045332043,0.6781574020425115,49.71261631610472,2.2017993560556604,1,FRIENDS,CHANDLER,-0.14136979798326227,0.4832895091095958,-0.03222886353973307,-0.22038581360232537,0.43971360093726275,0.39815027556554805,0.0790160156190631,0.04357590817233303,0.43037913910528114,0.4397369598684634
2_477,0.5643333333333334,0.5146666666666667,0.5106666666666667,287.0861606896891,57.84953192847208,210.74550405823777,0.0160628497005938,0.0939981704270213,7.927162601646251,0.4702517162471396,6.041845460279384,11.125047178501262,0.7502571537893864,0.9271687857867034,0.0803279442473128,0.0616340632881804,0.502631066206939,0.5117864409322443,0.0922138891954147,-0.0091553747253053,0.0513358926199155,9.292092848863405,4.331889197936162,1.3501838385411469,4.513758949656445,2.0590387717268124,1.2920610483666186,0.569985420781074,-0.0,99.5543685943686,0.1792307692307692,0.2381818181818182,5.388178397438768,0.9965414875325216,45.18711877020228,2.651718087735659,0,FRIENDS,CHANDLER,0.41004176293278705,1.1263158980823818,-0.13149444747141686,0.6991696572809605,-0.41563854542685613,-0.03369906175210355,0.28912789434817343,1.5419544435092378,0.09779538571931332,1.5718722539112653
2_35,0.4765555555555555,0.5344444444444445,0.4441111111111111,343.7260819446197,65.09512306105668,495.59345318663,0.0193787655215596,0.1110353990549453,4.518072470614793,0.4090909090909091,6.192080876158383,10.50527104603098,6.3408865502942975,11.654086008498654,0.1036317087878542,0.0835984240928786,0.2556843514941064,0.4378711194877517,0.1097275433939182,-0.1821867679936453,0.0748707571144567,13.911301334068794,4.167746743568142,-0.2067868748658805,9.359412570377469,2.412378134201011,2.412378134201011,0.3572354351629836,1.0,76.37668734073964,0.2088888888888888,0.283076923076923,4.687708916711808,0.6442387611809499,37.85414382061714,2.9094044959487606,0,FRIENDS,CHANDLER,0.6712144316696865,0.48445055338677,-0.4322313979857559,0.8882867847416477,-1.0564429035374816,-0.6820142323116861,0.21707235307196115,1.5408934569242516,0.24978283432593024,1.576028082358961
2_279,0.6476666666666666,0.381,0.487,294.6956223653864,72.9624122976179,343.3530895704202,0.0193788582397261,0.1337006624384108,2.515654950945857,0.2506738544474393,5.50069363317757,10.64648389792128,1.2859914926191924,1.9838796770959424,0.1125860603032731,0.0683125660456399,0.4368748141117415,0.4510787985476612,0.1081798959941317,-0.0142039844359196,0.0950265867139691,5.097737819412614,1.7441223714953271,0.0352880338893455,4.211676060167948,3.4016202182505864,4.8781875220522135,0.8049795560747663,0.9709505944546686,71.16960716653811,0.49,0.4836363636363636,3.404266019129081,0.8199231945104627,46.11438198034962,3.9552266421567888,1,FRIENDS,MONICA,0.3699628566274774,0.060473074193030295,-0.43321073826389683,-0.5789646367370551,0.19272002239968605,-0.2642351741547602,0.9489274933645325,0.13224694820665575,0.1689755641091366,0.97288508275082
2_377,0.7503333333333334,0.5683333333333334,0.65,161.5836152341711,61.09902126139903,312.5113290393997,0.0162049140543699,0.1293451690800802,9.075248195093566,0.7084188911704312,5.709424156394204,8.438262046457597,1.8372705081462333,2.8038250731858043,0.112150009480747,0.0532624111127797,0.2090365817799345,0.3429410835291596,0.0270511887041915,-0.1339045017492251,0.0868307632609465,22.61352756281461,5.505516150808696,-1.739456954704412,10.39043953885076,1.9959934319840065,2.0310771771018468,1.0195400279275364,1.0,106.5088282197731,0.06,0.05,4.869529433468589,0.5449743123735528,51.13788136752273,2.07357093472006,1,FRIENDS,CHANDLER,-0.37065175361254343,0.8473554621243349,0.04562748689842696,1.212335795278218,0.9422177779619876,1.3235417126748013,1.5829875488907614,0.0948623158376527,1.2779142257763743,2.0366426312318255
2_595,0.59075,0.435,0.49175,151.35823150106128,49.28918233581269,332.9234218837691,0.0282831930508381,0.1478328883341498,7.195056264827604,0.3668639053254438,4.698153409090909,13.140678211398717,3.3495835471006563,4.547311083059152,0.1391194859348223,0.0617197960310412,0.3283970507385552,0.5087214235292915,0.1005602284730986,-0.1803243727907363,0.0781157448949166,14.092870131447729,3.719371448863636,-1.2761766887612076,-7.528271885383678,0.2249468764457134,0.0,0.3915127840909091,-0.0,36.58323544471552,0.6085714285714287,0.8200000000000001,7.815841789995402,1.3323667500805192,54.42969573323082,1.809377900419417,0,FRIENDS,CHANDLER,-0.37345511359610073,-0.016174706219378304,0.2786960849575597,-0.06261113142304406,-0.22278887942584227,-0.21796560229929723,0.31084398217305664,0.20661417320646397,0.49666168725685694,0.6212779003085674
2_464,0.918,0.472,0.461,149.76324631897552,51.78153553319755,258.8852243886019,0.0180823969104273,0.1220834256047039,11.708754178295248,0.6641221374045801,5.646799720007512,10.753804644405912,2.3849262178432955,2.996466711369617,0.1136416402908874,0.0536113977278064,0.4253394395842454,0.4741913157919313,0.1836652510667181,-0.0488518762076859,0.0992450569935334,15.53906674982911,4.51743977600601,-2.309258911019655,5.673726071737505,3.9788365108617576,0.0,0.7529066293343349,-0.0,108.98809523809524,0.1599999999999999,0.12,3.3859820430243737,0.325657507316092,39.51766296326988,1.983016514805641,1,FRIENDS,CHANDLER,-0.30312462356823505,1.0947206694611267,0.36002516442532917,0.2911866407365559,2.1662352164289915,-0.5175001990478187,0.594311264304791,1.0715145469678649,0.8775253634731479,1.5071164741923526
2_408,0.6596,0.4387999999999999,0.4774000000000001,205.453077083954,48.2152828957746,245.87500413487416,0.0209315795768525,0.1262362177927355,6.808423151650049,0.4790322580645161,6.099007883071414,10.906083908038376,4.524723911917361,6.183633644799539,0.1149047157319874,0.0714176488690441,0.3689585137990095,0.4574741074800913,0.1331559103228267,-0.0885155936810817,0.0482444451581371,16.70976532328729,4.975506430926679,1.2914475826666454,17.203608222985817,0.8908876288123926,0.8908876288123926,0.4815006223477431,1.0,65.5414404527069,0.2342857142857143,0.31,3.585499998550843,0.6150831092472104,41.52360225257332,2.921174292789513,1,FRIENDS,CHANDLER,0.018107171835360154,0.4748239642415093,0.27204726136733703,-0.02627514401205891,0.2798369693124471,-0.35774841411527314,0.044382315847419064,0.19498699492906219,0.6297956754826102,0.6607815910026879
2_574,0.67,0.548,0.536,309.0930096780455,107.09055358879604,499.2308604751638,0.028412805062479,0.1443687334544945,0.6850229198667365,0.3120567375886525,7.03125,6.350860388520411,9.47053916269758,13.39541853922236,0.1446350974090097,0.0862825328806763,0.471838309339522,0.3156535435871149,0.3871008845265316,0.156184765752407,0.0624782996341127,15.844304318982028,2.34375,-5.858983419805607,-27.933767359453896,,,,,129.01098901098902,0.2244444444444444,0.435,2.9596179712207813,0.5699897204611006,48.92192526654065,7.778368781500646,0,FRIENDS,JOEY,0.7641353287708199,-0.5997337211496667,-0.4404469966513531,1.0179063889562758,0.3557601185772002,0.2130719881436972,0.2537710601854559,0.9554938397268669,0.6535189847950503,1.1850971657341836
2_409,0.531,0.437,0.552,259.2057231115838,143.00650654122586,516.4972241660084,0.0388297433363057,0.2072149815807904,1.9355890991751048,0.3035343035343035,6.604144437580726,5.869936457488303,15.393124763445716,20.284606713429906,0.1570560501692982,0.065263655986619,0.421635958138538,0.4119567687018908,0.1033843718627084,0.0096791894366472,0.0743634550014724,10.715875072475978,2.4765541640927724,-3.5807629861613965,5.31884409937653,,,,,68.35376424704415,0.1666666666666666,0.1733333333333333,3.204525064279641,0.5612971221546198,44.46913429599819,9.199099155153329,0,FRIENDS,CHANDLER,0.718536501493806,-1.584918153504423,-0.41154496230967313,-0.04348692752252511,-0.6589819725574732,0.3689273880778874,0.7620234290163311,0.9259361809469498,0.7804723503875606,1.4307950961880995
2_598,0.6260000000000001,0.4495454545454544,0.5234545454545455,176.05607695883302,73.29641649113863,489.07410608044097,0.0211163785233396,0.10503586305357,7.7332742986521135,0.574015748031496,5.655155217553921,9.820165077710415,25.992314831942124,39.63102243948943,0.112063136029789,0.0623088086929172,0.2440974139767346,0.3451797107625909,0.2402624715437049,-0.1010822967858562,0.0156723795249812,17.047243272778882,4.791173170427628,-1.4026235881489078,7.597214383430295,7.073403031658138,7.910589836827217,0.5498067572621868,0.9182958340544896,92.13403290450076,0.1172972972972972,0.1985714285714285,2.70719869503179,0.91495342475312,49.10759242054336,2.997495388198717,1,FRIENDS,CHANDLER,-0.10270938961580467,0.7549942665996252,0.11918992648357855,0.07647398785345602,0.03454679476478614,0.09086718592257112,0.1791833774692607,0.720447471834839,0.028322740561007434,0.7429356769380435
2_73,0.6236666666666667,0.6553333333333333,0.7496666666666667,235.3750363328245,48.75355516558054,223.9644686039874,0.0243426133030219,0.1569688941380753,4.450323535534272,0.4910025706940874,6.375854451242786,7.233068286395572,3.583248421330566,4.640525868481862,0.1199306215933028,0.073340924323577,0.657727313246692,0.5855065790236755,0.1909008870803031,0.0722207342230164,0.0573089946041245,25.073566122720056,3.8255126707456713,-0.8663419457847634,2.964908281187,,,,,81.80257440219489,0.1216666666666666,0.188,3.262605089931116,0.5869313249091038,55.486141740011306,3.726323736536752,1,FRIENDS,CHANDLER,-0.11812712595479846,-0.21166430720758936,-0.21496071157268112,2.0442386649507913,0.01751275486564239,2.2943909747648603,2.16236579090559,0.22917706207323174,2.5093516863375416,3.320420730146157
2_297,0.4543333333333333,0.3898333333333333,0.3526666666666666,193.0416394532548,131.81995941056613,490.81529020864366,0.0189720435663856,0.1298516089642387,3.869639615651572,0.4121405750798722,6.15234375,7.758354320719451,18.353396492573747,26.688686539134963,0.1302214559663741,0.0527303179222128,0.2362278777541127,0.3337077016878346,0.0562554939688561,-0.0974798239337219,0.1275671065173192,9.606978380376926,2.864022090517241,-0.83673597308813,-14.980111675988644,5.65873371167698,9.413314034432132,0.7425242456896552,1.0,70.34760180774673,0.1808,0.2144444444444444,3.384058857641769,0.8466944495392269,46.714957747929006,3.318103005445154,1,FRIENDS,CHANDLER,0.4165818018495349,0.22386539595120697,-0.025040020266449473,-0.4944994028430968,-1.2186718549578928,-1.5727711361022316,0.9110812046926318,1.4425372509090997,1.547731115835782,2.303574242070534
2_286,0.4941666666666667,0.4818333333333333,0.4578333333333333,194.17418428900297,116.80380605862356,502.5222459745992,0.0317318470220994,0.1343912409081149,1.2691044122618658,0.2720379146919431,6.5166272615131575,9.59278138324025,18.433210265370047,33.24586506021945,0.14615022864998,0.0777108766041608,0.3096542889953751,0.319423610840832,0.1985778146985452,-0.0097693218454569,0.0558230118727893,9.651278544889896,1.5111019736842104,-0.4532879028648331,-8.377581709708283,23.583669061088983,0.0,0.1888877467105263,-0.0,49.85697539885519,0.2764285714285714,0.3352941176470589,2.578435679688669,1.131283565309132,45.165054643470114,6.0993717512405,1,FRIENDS,CHANDLER,0.5623633008153446,-0.5831169646243146,0.32908802781844926,0.3852139765807737,-0.9278764595368051,-0.5483465802847942,0.17714932423457086,0.34475949491249047,0.8774346081032435,0.9592353641866906
2_509,0.216,0.7915,0.332,139.38599705327695,54.24027328016694,268.3275474907611,0.0203791235261735,0.1337326932548964,-0.6556410597686824,0.1178160919540229,6.8275061282415175,13.13371812103719,4.143563024743083,2.95253650798682,0.138893408317804,0.0479465747627769,0.2997510469069234,0.3972294750955774,0.1667593364912675,-0.0974784281886539,0.4721263839685359,1.8371533115647096,0.8534382660301897,0.9023308915651452,-0.4817143680592437,,,,,87.4074074074074,0.6349999999999999,1.11,1.681229653537121,0.7007308908656671,38.15217172597071,1.0526622805908143,1,FRIENDS,CHANDLER,0.23119541851438355,-0.27994037131376714,1.1482155742076736,3.346278213844455,-2.958577358941805,-1.774084361017226,3.1150827953300713,2.678636987628038,2.9222999352249,5.041693549261585
2_508,0.3979999999999999,0.5055,0.487,167.83019190727327,59.45175840196266,382.9679190973558,0.0252743222395222,0.1511490471327017,1.939972779365137,0.3458110516934046,6.734664351851852,7.0646675731431205,7.0634850424712825,7.32395352367005,0.1224813735792125,0.0609718508823985,0.1629452773784138,0.2068429774300316,0.3284170870849044,-0.0438977000516177,0.0910833989907595,14.497282672575391,3.367332175925926,1.4108970535826624,13.982669578841318,,,,,111.41865079365076,0.6200000000000001,1.3450000000000002,2.4400070800045555,0.4418300797642631,40.93461565918231,2.929403138857232,1,FRIENDS,CHANDLER,-0.19281041371625027,-0.42556915216785174,0.2390486039237302,0.6115170560702478,-1.6299222468086363,-0.2642351741547602,0.804327469786498,1.2043530946407845,0.5032837780784905,1.5332004488979722
2_472,0.776,0.647,0.812,257.89230441696907,58.28279564311229,302.1165958452602,0.0212292105812044,0.1313003273668421,1.65542949502365,0.3321917808219178,7.484956025304737,3.464886315464102,13.174203147610688,12.732496840684489,0.1120596137663029,0.069151967149822,0.2665360691602475,0.2517013656207587,0.0851256530758749,0.0148347035394888,0.0124156939279915,13.170498020782256,1.7011263693874403,2.206468988894873,-9.78348374717864,,,,,107.11950398929812,0.31,0.805,1.5605039100069629,0.3044851495079301,27.03829786329385,2.685772894102455,0,FRIENDS,CHANDLER,0.023677275427579303,-0.08332727195982502,-0.35963480917304674,1.9645544820319627,1.1295922168525625,2.901577637008476,1.9408772066043833,1.2129194888123875,3.2612124461815224,3.9841792927259947
2_227,0.6130000000000001,0.3886,0.6096,166.29132535954128,56.80230748087754,361.1478224362076,0.0204981319821228,0.1318727944923488,1.0528834317563982,0.2566964285714285,6.641166194807542,5.477050018270553,19.276693603477828,18.35993097992174,0.1166326938535424,0.0601790775814578,0.5267161746232796,0.5232351290833475,0.1949166368208944,0.0034810455399321,0.4168462996324217,4.47352050795423,3.320583097403771,-0.4339550303576514,1.7490319939860657,0.8472211070442865,0.889350899657977,1.1068610324679236,0.8112781244591328,100.13675213675212,0.4114285714285714,0.65,2.4228967389435314,0.7859229587684415,44.938218930579815,5.488169033435739,1,FRIENDS,CHANDLER,-0.3914476444856785,-0.12365028813276546,0.019773257821775154,-0.5062926619150832,-0.060357141816154605,0.9300068278409714,0.11484501742940467,0.06329314631661086,0.9102335700191962,0.9196306608573396
2_226,0.672125,0.49475,0.521,297.4424931341411,180.5180232654741,522.3767719520372,0.0357251626264036,0.177236326589706,1.5368039162074594,0.3640973630831643,7.278829225352113,3.662009369592152,75.9619899122973,62.63701418620055,0.2375686393409044,0.2961275983734446,0.2522321495425929,0.2530719771329969,0.0714848773631758,-0.000839827590404,0.0965065375545234,13.078573938362888,3.03284551056338,2.613723030824659,-11.064047941814293,6.668297641428783,0.0,0.2021897007042253,-0.0,74.44794962728965,0.1728571428571428,0.3106666666666667,2.361617851708376,0.4302359336671276,33.6178226609461,7.279635389555917,1,FRIENDS,CHANDLER,1.1754403463170644,-1.2489869936732425,-0.6120879760987082,0.5087244601049592,0.3712732620567765,0.06695755070539391,0.6667158862121052,1.620260255730019,0.6790455268041021,1.8790572627513404
2_478,0.52625,0.28175,0.39575,170.2302639481839,34.88947086663218,138.9334721575682,0.0152350934806093,0.120157085113583,2.575043799098242,0.3192360163710777,6.378637549854744,9.502615932184982,30.9978000406088,52.264803069091805,0.1054357718421531,0.0472136306835472,0.5082530445593562,0.658903386167281,5.439300915836543e-17,-0.1506503416079248,0.0285162881557418,9.05989924325618,2.171451080801615,2.1934983880213395,16.74551590657019,4.377352136006773,4.377352136006773,0.4071470776503028,1.0,84.05833160550141,0.6133333333333334,0.6133333333333334,1.7036409261116745,0.7276767777546952,40.61952182960534,3.941330029452285,1,FRIENDS,CHANDLER,-0.2749090678403855,0.34245592001848246,0.3854195436975436,-1.5280032553003071,-0.6936584109235864,-1.153098001904438,1.2530941874599217,1.0361143309420688,1.5385175456019815,2.23848479725785
2_372,0.4145,0.4265,0.34575,164.04992185676377,58.333065009683565,429.9492317821007,0.02040125818763,0.1189885289923791,5.834066051048958,0.4935064935064935,5.657538719910432,11.959761755322049,20.06707060608158,26.39686402052912,0.1167270092787579,0.0523463668065987,0.3868564864203197,0.4666486358845835,0.0,-0.0797921494642638,0.0885078599629589,12.907153919227444,1.8001259563351373,0.7380474771551563,17.52660768265848,0.9114737087521584,0.0,0.5143217018100392,-0.0,79.88536395990758,0.15,0.252,5.968691675421421,0.7402444702550386,48.632805318074055,3.287522418900465,1,FRIENDS,CHANDLER,-0.08147063080412717,0.4640508010927441,0.4380508658331406,-0.14388899800024957,-1.5094672503789803,-1.6401461266987816,0.0624183671961224,1.9735180514717245,2.078196992531922,2.866630825868045
2_241,0.5636666666666666,0.3021666666666667,0.3901666666666667,203.97683151390063,96.16132992976542,515.2392792007196,0.0191732292017975,0.1473227933475953,4.658939851292346,0.5298196948682385,6.073467548076923,6.355716279101508,25.11191627476178,25.832479539710263,0.1907350527891421,0.2793620521301651,0.2650593082058186,0.5503138484408181,0.1529200125354602,-0.2852545402349994,0.0361689248460072,15.718330595976072,5.659367487980769,-0.8643376734705477,12.0346559987489,2.7298847964409543,2.7298847964409543,0.4141000600961538,1.0,88.03086891322187,0.0911111111111111,0.22,2.66758158189761,0.5924920343646197,43.61415811584379,1.8425959603167583,1,FRIENDS,CHANDLER,0.003567639585045454,0.09383604912416167,-0.27882358441290495,-1.332777007149176,-0.4205054139694688,-1.2074850425064723,1.3363446467342215,0.5143414630936305,0.9286614580935673,1.7066857529319737
2_109,0.558,0.4317499999999999,0.50475,213.60451070744944,131.15810253489568,511.8465174779318,0.0215231075445585,0.1513781531780335,5.165975063135509,0.550321199143469,5.948378021639225,7.49567423733623,26.819712648887386,35.77802337604949,0.2495367644228489,0.3867866432404797,0.4154558011984141,0.6794125925688845,0.1237684428720842,-0.2639567913704704,0.075108690831796,15.180199102408016,4.2488414440280176,0.8534958069533632,-15.001799228160596,5.211476593045159,0.0,0.4248841444028017,-0.0,76.72517299389403,0.088235294117647,0.1025,2.745155147362923,0.3998839754879547,47.20152987903414,3.3234876319313247,1,FRIENDS,CHANDLER,0.4060643298143562,0.0007151721574772674,-0.23715847751963529,-0.09368796276138815,-0.46187379658167316,-0.09133308985276772,0.49975229257574433,0.46258896873915045,0.14582538766686756,0.6964236868617086
2_389,0.302,0.372,0.33,298.7523054217778,121.77129017390214,480.2643900048336,0.0393733352436446,0.1939330324114184,-0.4004019494277747,0.1659751037344398,6.604432907348243,7.05771336141868,31.13796344119467,49.5395364158671,0.3078218933191182,0.3946841316222932,0.2611570343137102,0.2881791683177272,0.2217663812863718,-0.027022134004017,0.0339650572839183,6.886739698185593,0.550369408945687,-1.825783878209308,-30.483505012965527,,,,,61.06104421893895,0.3339999999999999,0.4446153846153846,2.660798584256063,0.8339256054655781,44.34587420982904,10.141214072752064,1,FRIENDS,MONICA,0.7928612231507091,-1.7017597387555738,-0.46599241585017964,-0.6650235542893903,-2.330751316944813,-1.7935662860089998,1.4578847774400994,0.628991578189239,1.3275738701588202,2.069664419767858
2_449,0.7325,0.4185,0.477,188.3955250634704,36.915914642385374,195.4377009976521,0.0141401130421591,0.1399196538556399,1.4449362238191024,0.3398926654740608,7.110666806407662,4.397578819974985,38.48617348592256,27.5584041363386,0.1135845876852583,0.0580240404974048,0.4754750125016075,0.4423413184763023,0.1042642029827159,0.0331336940253051,0.1335307087854355,7.078252845276854,1.5999000314417238,2.8225053830380946,11.675327995766882,0.9101711380215948,0.8333913128384371,0.7110666806407662,0.9182958340544896,73.23129251700679,0.3714285714285714,0.6200000000000001,2.2458430181305986,0.4287939667579032,35.44518264112066,2.201179834286852,1,FRIENDS,CHANDLER,-0.442043242563566,0.060036657978028374,-0.04217199269250693,-0.22038581360232537,0.8120290444471072,-0.36164479911362907,0.2216574289612406,0.7519923864690788,0.31947280642112214,0.8465739419352308
2_50,0.6885,0.3279999999999999,0.4085,234.0725945964592,109.04146130080888,485.0718050518127,0.0186436121524038,0.1499912551935767,1.2060310853450034,0.193073593073593,5.523547094188377,10.603611887360662,51.98333067529544,60.36663146690422,0.1103264895168049,0.0507204488045119,0.6111477795546527,0.4130342923172255,0.1776672636296754,0.1981134872374272,0.0507943154322645,5.696434857298204,1.7261084669338678,0.0487398010969234,4.672542875647746,13.14498886900616,13.93677890966952,0.3452216933867735,0.9182958340544896,73.21881496881495,0.5247619047619047,0.6699999999999999,3.3512078058198664,1.2416793007142817,35.70476671080194,5.592337122887989,1,FRIENDS,CHANDLER,0.4535523606134808,-0.26861322419287925,-0.1265546964461857,-1.0857560401008077,0.49081572063469237,-1.0289007300818802,1.5393084007142885,0.7594289448275716,0.9023460336356945,1.9391830855206966
2_84,0.7535,0.40675,0.583,160.77623533210624,22.333141465293,120.87282938677872,0.0202778316947306,0.1015375572080171,3.989510348089999,0.3722084367245657,5.416722497655098,8.182224071532952,21.74658141518576,24.346941998454525,0.110266027392249,0.0650393200139799,0.1933654300364713,0.3391952265357763,0.0830773163432566,-0.1458297964993049,0.2011143323450021,9.85091993562699,2.4621465898432264,1.5300858827138646,1.4996516617411508,0.9478738088040704,0.3319381029207502,0.7386439769529679,-0.0,67.92645263233497,0.212,0.7600000000000001,2.3603555903029614,0.3874042595866956,39.443410490919,1.081577718694189,1,FRIENDS,CHANDLER,-0.8116299524235975,0.48188925759287116,-0.09261096162184312,-0.3327405115178739,0.9653354035393953,0.6708972254503798,0.47888944090572355,0.48344614594652413,0.7635081870722229,1.0227414259566574
2_322,0.587,0.135,0.533,238.0153469458752,102.16700025897154,518.2523363127722,0.031527995360555,0.1568310497246526,2.2386200486215326,0.4371584699453552,7.41900275735294,6.925490461151211,67.78764861480335,77.28090388388433,0.1444907231554368,0.0684596930808625,0.3679974899469094,0.6384108792411017,0.0503473360355924,-0.2704133892941923,0.1016482688588038,10.630289496356012,3.438074448529412,0.955516518405676,17.498154646004217,6.7807226010080415,8.244213527378118,1.0857077205882353,0.9709505944546686,59.52726017943408,0.1825,0.32,2.4097994215448275,0.6088663083405517,36.91226009441432,6.996323357901699,0,FRIENDS,CHANDLER,0.6181596094659987,-0.7851162134683173,0.13181328846969217,-2.9312417165008835,-0.2501650149780369,0.18384910065603657,3.5494013259668824,0.5349511984902804,0.0520358121863444,3.5898649394220308
2_416,0.5549999999999999,0.429,0.4465,175.89581469900963,34.79708953138087,201.39041227814312,0.0182901567449499,0.1042667626635961,7.337418817877143,0.5558912386706949,7.183092856270275,8.251091721631495,20.04213818308252,28.911752346971177,0.107901636939125,0.0515859320349917,0.567364613755701,0.6393596608007086,0.109122201778651,-0.0719950470450075,0.0874720804076125,12.32210091381794,4.489433035168922,1.4241893536287165,-11.45391014744972,1.584343749134319,1.4197593907135773,1.4964776783896407,0.8112781244591328,74.16666666666667,0.1155555555555555,0.34,3.120773320107856,0.5438339645012465,43.88531193052977,2.0035426537934806,1,FRIENDS,CHANDLER,-0.13795225238201142,0.8476538995629119,0.5124237026703417,-0.1199837431246009,-0.4837747050234295,-0.6587441552381786,0.017968509257410517,1.3314286045863415,1.1711678579085203,1.7733186819727857
2_124,0.4885,0.5195000000000001,0.386,160.12725556054204,73.48418210364679,461.0464100725719,0.0234144154573043,0.1447784472074367,3.01486034774295,0.3132530120481928,6.57958984375,9.958360872968376,17.450238901778,23.46644798594056,0.1229097720058498,0.0689667597995481,0.4586223670345659,0.45537372111022,0.2992528008322899,0.0032486459243459,0.0499968495097877,18.54917483092544,3.190104166666667,-2.5714143499006004,7.549210082689994,,,,,77.15186615186614,0.2309090909090909,0.3228571428571429,4.221875550242704,0.4055157047967553,31.261873185890508,5.138191845018111,1,FRIENDS,CHANDLER,0.1155547701235755,-0.19438019753337368,0.5673632060769567,0.7453864833738815,-0.9692448421490103,-1.2480723862393348,0.629831713250306,0.7748646446156366,1.8154355923162915,2.0719337813598044
2_206,0.643,0.405,0.569,167.0629457780542,67.0040866900485,471.76493095136846,0.0177542718322966,0.1057463597136847,5.014302102648214,0.4519230769230769,6.679649464459591,9.132776348003954,46.656987044774255,49.81323174032479,0.1114691540380023,0.0531675867371035,0.1992576119233577,0.3279835766385398,0.089398942580965,-0.128725964715182,0.1434502355315756,10.35827956042563,3.1012658227848102,1.418552447214984,12.51914160789017,1.369466788666852,0.0,0.4771178188899708,-0.0,93.80448527507352,0.1461538461538461,0.4466666666666667,3.214407137283294,0.4233775250837471,35.598356270160195,1.4610345240564406,1,FRIENDS,CHANDLER,0.040117117745528286,0.6040427849777064,0.47124793578939733,-0.34947418993082774,0.15865194260140017,0.5345237505079634,0.389591307676356,0.4453908423763062,0.06327581471856608,0.5951119375528834
2_204,0.75,0.5,0.63,311.6715605739687,102.1105098767058,466.40073896354505,0.0236970114106455,0.1343631353286027,3.2137912641608497,0.3229398663697104,5.963040865384615,11.717959401076396,40.26135148624025,67.03109528955318,0.1039656554968049,0.0760643049249051,0.3562349723285988,0.2381117291337064,0.0588009267099074,0.1181232431948924,0.0943782378914674,20.01178332218243,4.6379206730769225,3.100531316595764,4.000075276964815,,,,,88.18403818403819,0.1949999999999999,0.1875,4.271035896596675,0.5218166094581441,40.31317031008971,5.864541323299407,1,FRIENDS,CHANDLER,0.9115466315874017,-0.10327478606595317,-0.2129474985075468,0.5589254953438212,0.9397843436906809,1.1287224627570636,0.3526211362435805,1.043059129756634,1.3416699612646104,1.7356244694213554
2_380,0.6164285714285713,0.4235714285714285,0.4561428571428571,251.4418179313214,89.68417401617214,500.6424641019535,0.021017291382554,0.1482764617819429,4.6769536361065045,0.3525754884547069,5.402675128534704,12.093522848710652,35.87211744179123,59.72800322791169,0.1125736940413032,0.0668844036426898,0.3501797189173769,0.5055997895329994,0.0760990052859633,-0.1554200706156225,0.096388182630475,15.256405819645376,3.454169344473008,1.5993049798232588,24.24171083935083,2.686864422383903,3.896425543650455,0.5314106683804627,0.7219280948873623,65.34059826503132,0.4409523809523809,0.3830769230769231,4.442995259534027,1.177177473434381,47.54302371163685,4.793511776297856,0,FRIENDS,CHANDLER,0.453483499221912,-0.002285254396421396,-0.07980768017037132,-0.1718922965688673,-0.035327532168435476,-0.5648134454564125,0.6253757957907793,0.03304227777201408,0.4850057652860412,0.7920967557325379
2_622,0.56575,0.4039999999999999,0.5245,188.4013673886277,110.85182628325096,490.1508445134135,0.0228409328694411,0.1490192133161471,4.69211713670472,0.447289156626506,5.99087105363256,8.46325444842229,15.800793631640207,20.12754592771621,0.1250370511203239,0.0651474236838726,0.3447017518778874,0.3033889309533339,0.0671534277873073,0.0413128209245534,0.1174804096935817,16.45758042792653,2.8456637504754663,-2.1377847349092938,1.284402485955621,0.5329634044776235,0.0,0.299543552681628,-0.0,95.97516394895428,0.1647058823529412,0.2290909090909091,4.271306185217865,0.71077023723043,44.94308305108189,4.765287797027215,1,FRIENDS,CHANDLER,0.23764717974128793,-0.05804431229640476,0.021674035875561343,-0.35903629188108827,-0.40529644977380525,0.10105091944099748,0.5966834716223762,0.34725213747740047,0.07937688356543614,0.6949215077507065
2_583,0.74,0.325,0.194,226.82639354645417,90.55426688443356,285.51313344960715,0.0275430079776036,0.1538411261298711,0.2543119670333745,0.1721664275466284,6.424034857146556,6.164680700811644,15.9386136123953,19.58692942316627,0.1147238732363261,0.0627890368916901,0.2498976753119904,0.5837687411348914,0.0404556697031367,-0.3338710658229009,0.0270894031550827,7.013715790933691,1.7130759619057483,1.2871912580255984,12.92205102410111,,,,,60.4452510586812,0.5490909090909092,0.7866666666666667,2.061521934188672,0.7128800014376185,41.40492558096049,6.178885765781055,1,FRIENDS,CHANDLER,0.12415137858189176,-0.7143104535860156,-0.28266753555970453,-1.114442345951585,0.8667813155514957,-3.118337185449615,1.2385937245334768,1.5810917691375113,2.8356696498899105,3.474908338387484
2_456,0.4135,0.4305,0.415,141.8822009928828,20.12902673790364,101.12191053042052,0.0336750453599807,0.1574670535614308,3.015589627878788,0.3537906137184115,6.067694001100715,8.134503465113074,30.66065160681556,28.96118320651465,0.1424834104473606,0.0702785717955301,0.4039181235902864,0.5246651848898418,0.1742427367476127,-0.1207470612995554,0.2005005598341052,15.017791595910449,3.212308588818026,-3.8789655897583,-12.02065455054337,,,,,42.60651629072682,0.41,0.4133333333333334,3.2791545128517736,0.5266274813962069,46.26338148098072,1.137326116531312,1,FRIENDS,CHANDLER,-0.719798538255399,-0.760872072478989,0.2438890724175666,-0.10564059019921168,-1.5167675531928988,-0.9655844738586156,0.6141579480561873,0.7558954807139098,1.209473546276182,1.552866453390691
2_461,0.7433333333333333,0.3823333333333333,0.5296666666666666,177.4224002877213,39.36559622681948,173.17029448967327,0.0308478997095745,0.1355781989052627,0.8118207097585229,0.2369146005509642,7.2691704816878975,5.570537251557215,12.802084862984508,13.711941876197312,0.111750773469254,0.0644190605571014,0.5923742183786073,0.6550396273511002,0.2010075630518424,-0.0626654089724929,0.0506996355196071,11.235844490215758,2.057312400477707,-0.7090782294691245,9.876168082435347,,,,,107.50538980964946,0.46,0.6257142857142857,2.1633847265392583,0.6300634640294113,38.56883532948109,3.254396919965163,1,FRIENDS,CHANDLER,-0.31096654006836916,-0.5960027922624185,0.2144227644028316,-0.5662151674700429,0.8911156582645572,0.1513792256697462,0.2552486274016737,1.4871184505269757,0.06304353873308538,1.5101813253593694
2_152,0.74,0.333,0.331,198.2167816188351,77.39069669389556,444.12163851460906,0.0255225627306742,0.1268351441808076,2.0447479194968894,0.3307692307692307,6.065086214306589,6.42319795049272,15.388250675802126,24.56304405861608,0.1810380654098073,0.2071388184709303,0.6784223194157695,0.5034275936692179,0.0314502731861219,0.1749947257465516,0.1193167492125865,5.692564416729581,3.4116109955474565,12.630806725306238,12.63498702893216,9.906105165947912,0.0,0.7581357767883237,-0.0,74.92583120204604,0.196,0.31,2.487820858406262,0.6851453689336904,28.69106162229474,3.8703491714731055,1,FRIENDS,ROSS,-0.1747148204977425,-0.17515606164734787,-0.2450778664124782,-1.0379455303495093,0.8667813155514957,-1.783825323513113,0.8632307098517669,1.0419373771988436,1.5387474571006348,2.049035015115374
2_15,0.5678749999999999,0.492,0.5605,184.4495436132864,99.18997340629544,444.56596393853465,0.023948640510534,0.155258860947729,2.722540498392073,0.3302752293577982,6.511366462201591,10.30323375487768,16.927076465974263,21.8551218442958,0.1340189366049541,0.069033796000133,0.4057915469168081,0.3356191087251274,0.0992681139886719,0.0701724381916806,0.1002761421523308,10.671416963040713,2.970096982758621,-1.6270223244715067,-11.119422546514231,10.785320190245027,0.0,0.22846899867374,-0.0,72.21226240084945,0.3072727272727272,0.5436363636363637,2.783371854212354,0.8182343705062283,45.85682532471797,5.445936908148114,1,FRIENDS,CHANDLER,0.4381193945230049,-0.3550323032622674,0.46135300956941677,0.4824286797417454,-0.3897833062942289,0.4517255692929254,0.0443092852187405,0.03475100303196149,0.009627440276491372,0.05712821172240997
2_421,0.3652857142857142,0.5081428571428572,0.4571428571428572,193.06211553407675,106.27615432273218,449.4024802214418,0.0186257922965118,0.1310850151735566,5.942562655651909,0.6090604026845637,7.178114755959997,4.863478027474212,11.918687478330936,12.029521503414056,0.1087382089644482,0.0553976147246241,0.1870127518433538,0.3247939795647811,0.1151104062396705,-0.1377812277214272,0.0943258725534577,16.7039294513567,4.674121236439068,-3.990987818946629,-6.811857617263917,4.358497133178111,3.921282469509101,1.0015974078083716,-0.0,74.40970385646655,0.18,0.3749999999999999,1.831126886454386,0.4441979110894067,36.5878703972096,1.885369227345716,1,FRIENDS,CHANDLER,0.22949770450906984,0.4260625594465742,0.01632949151506195,0.6367883255102205,-1.8687464388639703,-0.555072482960525,0.40729062100115065,2.2948089983105446,0.5714019744755869,2.3996946066358418
2_586,0.5725,0.42825,0.3047499999999999,170.6440222402321,65.7730535912653,412.74121388264143,0.028264500196255,0.1386263642307021,3.549602624237957,0.4462686567164179,6.831223060344827,7.111799798401075,36.70071717415743,57.576092142668415,0.1292248822060427,0.0784403480403255,0.4628190371911065,0.350266984927487,0.0850148363835363,0.1125520522636194,0.0319494776844542,17.524543642544415,2.3760775862068964,-1.8176357212626733,-22.298901123093003,,,,,67.38361622176573,0.3294117647058823,0.4166666666666667,2.3547781320581453,0.493548786127233,45.86565559817205,4.376671725529521,1,FRIENDS,CHANDLER,-0.09641839229819371,-0.29776093285500743,0.2674137320480866,-0.12715531958729523,-0.356019405779855,-2.0395255890301445,0.030736927289101518,0.05825847292484759,2.306939321078231,2.3078795114787947
2_160,0.5998333333333333,0.4616666666666666,0.499,209.0473135830952,124.24221088251144,469.9806346878852,0.0417764015265802,0.1870300457499157,1.6845512357399148,0.2289803220035778,7.665720730553736,5.153533176792041,54.48771668700519,58.05008292149318,0.1669019864039106,0.063807077873799,0.5317590121355512,0.6823549754621399,0.1645828994193655,-0.1505959633265886,0.053643557498695,9.011660667352212,1.60445317616241,0.5483114065609651,0.5689729106289505,3.088648083623923,0.0,0.1782725751291566,-0.0,76.23736167214427,0.2592307692307692,0.3611764705882353,2.529123937955293,0.4916969378501205,34.5508481040474,9.231870978264253,0,FRIENDS,CHANDLER,0.6083811608116412,-1.5584669534513051,0.15696334067334564,0.19237825391720786,-0.15647779553274913,-0.1473436242041176,0.4160029068944333,1.401989157918556,0.3043069648774632,1.4937318187475066
2_39,0.5710000000000001,0.6193333333333334,0.492,170.69856724669768,42.11441585356227,290.4805069524216,0.0264837485899041,0.1394154424954759,1.5714032434731504,0.2531120331950207,6.799958881578948,7.234172880781028,24.836359196321794,27.510373550018983,0.1179177914933906,0.0599037035412703,0.3859874235498565,0.3814247172655566,0.1712454505615211,0.0045627062842998,0.244222170152611,11.234606477794854,1.854534240430622,-1.6309712362793003,-7.916223373990697,0.4894182999224004,0.0,0.4121187200956938,-0.0,96.55464826941908,0.38,0.4800000000000001,3.966909861492433,0.4589634517480401,31.994370942176666,3.46526937691678,1,FRIENDS,CHANDLER,-0.29623173615092113,-0.4046230684761273,0.26999256389520077,1.7000029947414512,-0.3669698600007324,-0.2155303616753258,1.9962347308923722,0.037653208475394884,0.48552292557052656,2.054775748392996
2_66,0.8245,0.376,0.6165,199.60276060503327,109.540336876854,453.3642760526521,0.0302065410908538,0.1588329097282109,2.2023280894635,0.3255813953488372,6.936870805369128,5.814173315785481,74.28578217117476,77.61612518742614,0.1448823100770618,0.0727081236539,0.3795747402340998,0.5079738933326817,0.2766887274943138,-0.1283991530985819,0.0441776707414287,11.30252528953511,2.7458446937919465,-0.1561309688813751,-8.809804599010223,8.981855124001976,5.934376873821476,0.4335544253355705,-0.0,65.8129022359932,0.476,0.8657142857142858,2.695782014932106,0.5162577930099819,37.95512816554011,4.624399967811193,1,FRIENDS,CHANDLER,0.2990012484153627,-0.7645227728147267,0.006403492083318585,-0.6267751464883524,1.4836569033276101,0.9972194690625911,0.9257763949037151,2.2481796761423367,0.9908159769792725,2.6254694989311473
2_310,0.7004999999999999,0.44525,0.62275,153.0902920566708,99.9035082596963,408.1207935645875,0.0269321696032502,0.1411665346555141,7.6057765125926515,0.6537396121883656,5.207711813842482,7.426971100290446,50.07261277043601,53.481292444230384,0.1406811606917182,0.0676998027772758,0.3311710154106705,0.5704935165763105,0.16015657555785,-0.2393225011656399,0.1555977654691226,17.044030213611144,6.578162291169451,1.1134741476653376,-0.8183832972549148,12.905241883376334,12.905241883376334,0.8222702863961814,1.0,76.1070598601808,0.0777777777777777,0.1533333333333333,4.102972630519371,0.5248227347981005,41.64297968095423,5.442652438397023,1,FRIENDS,CHANDLER,-0.3055848264655661,0.09135859733383989,-0.22477876406052025,0.03540041356711528,0.5784193544017138,1.0581004846618838,0.3409852400326814,0.4870607570678739,1.282879248722404,1.413958373431918
2_345,0.5233333333333333,0.436,0.5323333333333333,214.12690468924544,70.57375170769096,266.7190992107349,0.0170523888730945,0.1227121772510816,3.0348889070477547,0.3315858453473132,6.654496393299052,7.751963288879749,43.93181701838819,66.95680055030466,0.0983005500426502,0.0616769628721392,0.4439129882015973,0.3475502694420406,0.1130918572906627,0.0963627187595567,0.0583876040080649,10.012306157334743,1.8267245001213084,1.3997927877897338,13.73673018944179,4.920501633785136,0.0,0.2609606428744726,-0.0,79.22445651773816,0.406,0.5966666666666667,2.2400330998995472,0.73718258391521,46.35474900361096,4.495318136064292,1,FRIENDS,CHANDLER,0.1150950997794844,0.26885835684487835,0.05989397582589612,-0.05304902947278459,-0.7149509607975154,0.17735512565877828,0.168144129252269,0.9838093176423938,0.11746114983288217,1.0049628567275801
2_581,0.727,0.422,0.5563333333333333,186.79517187050604,84.51846971368568,519.0787185991129,0.0135010959261733,0.1169392871678683,5.8211863685473,0.4770949720670391,6.122649891960662,6.165622155584349,44.72252630749279,40.63621112194709,0.1074292376797299,0.0546816131110724,0.2521770452981472,0.4623054795436522,0.034119559696747,-0.210128434245505,0.0364470242385349,11.715577704516946,3.2283063066701674,-2.351323996494968,-3.226826511882664,3.016660170211221,2.423718830707029,0.7792463498859025,0.6500224216483541,72.44023318217272,0.2144444444444444,0.3488888888888888,2.789963248123812,0.650617076373759,41.696768219107774,3.377604165471377,1,FRIENDS,CHANDLER,-0.1634969958905045,0.7334709797908343,-0.19710728886940654,-0.18691845677641722,0.771877378970555,0.4111382255600636,0.02342146088591271,0.03840639917972066,0.6082455144294701,0.6099067323382756
2_518,0.5,0.451,0.522,192.0630105374198,84.71277667594285,336.1998551603015,0.0286660752803486,0.1392394767320888,3.053698504590725,0.436046511627907,6.910420475319927,7.015654026095386,40.88073469323519,68.56259441281713,0.1422843006889523,0.0748919899058833,0.5469490932841661,0.5141944526080002,0.0904431263292269,0.0327546406761658,0.0626949461370132,18.100601581445293,4.319012797074954,-1.0621256982836416,-10.378761922509558,6.531707833470112,0.0,0.5758683729433273,-0.0,63.488928202860095,0.1539999999999999,0.5700000000000001,3.878206152790445,0.5112232451182225,41.74631148139497,6.77085626808005,1,FRIENDS,CHANDLER,0.1596564218264666,-0.371961279652047,0.1788700314799494,0.09038249978110752,-0.8852913597889472,0.07669851320128081,0.0692739220453591,0.5133300801369003,0.10217151827866859,0.5279636981803496
2_450,0.58725,0.346,0.554,192.21891022587212,108.4979981919408,463.4779888778744,0.0345334244241253,0.1848141057813004,4.768919780401624,0.4789762340036563,5.814873417721519,9.438014823757769,42.23946990745517,61.89356200224655,0.1550786447315555,0.1769211907222015,0.2384614550007636,0.3631760723679597,0.1206045378311055,-0.124714617367196,0.047188916893969,18.23906749775135,4.724584651898734,4.026076955804552,25.19109572392253,22.21586201455173,0.0,0.3634295886075949,-0.0,82.07350166173694,0.107,0.1044444444444444,3.331683506403632,0.4658288719950624,39.00819921508016,5.997114164009454,1,FRIENDS,CHANDLER,0.26973612981335154,-0.9392004240819527,0.05309966872674865,-0.9136382049961367,-0.2483399392745567,0.3884093130696612,1.1833743348094883,0.690860484807396,0.33530964434291255,1.4107074761776375
2_567,0.59,0.4989999999999999,0.5539999999999999,184.1874622519397,49.40192428601019,480.5125070180664,0.020883094616355,0.0964439261214637,8.00117174351149,0.5091937765205092,6.051815257352941,7.870171231633692,5.732493573523883,6.724733241933642,0.0926251830958137,0.0520979863824843,0.2072695200020918,0.4186181700375457,0.0216715265832176,-0.2113486500354538,0.123834572423468,16.597976374506676,4.081456801470588,0.0402969600649646,-8.67552026305458,,,,,96.49956983864207,0.17,0.2771428571428572,4.230611658728313,0.4560245473335622,38.39321628753433,2.539349526496813,1,FRIENDS,CHANDLER,-0.3394507461604731,0.9062621841975005,-0.005552647309498985,0.5493633933935607,-0.22826410653628137,0.3884093130696601,0.8888141395540338,1.1345262907337819,0.3939619603791591,1.4941039138102548
2_115,0.6032500000000001,0.35275,0.417,182.4337937112961,65.53739283926855,395.0100032470521,0.0245632411013989,0.1608462738354038,3.073508043669505,0.4623955431754875,6.6203790579846125,7.164515464327341,2.500311185821408,2.9390587426829704,0.1351924673683219,0.0624887990180689,0.3906290280710442,0.3946595248439913,0.1836830324767881,-0.004030496772947,0.1319051380753365,18.37619845391035,3.3101895289923062,-3.196823177052865,-19.54966604330232,,,,,102.79832486354226,0.1422222222222222,0.22,3.2662644771102505,0.5681481061130699,42.256359117458096,4.698054216642865,1,FRIENDS,CHANDLER,-0.1096430399040862,-0.3894368441323348,0.13456403715515516,-0.8490940168318849,-0.13153509425186038,-0.9461025488668418,0.7394509769277987,0.25790174988047443,1.0806665860219968,1.3345940693766494
2_183,0.115,0.75,0.382,170.60662073394337,80.90280691748895,300.20692665352914,0.0209493225173981,0.1661266868760436,2.549272091252617,0.2548476454293629,5.486166401273885,9.76121573626348,21.95542336512485,21.606729082009213,0.1423577834030865,0.0617574581680427,0.8079265520491451,0.5370566370441227,0.1305434083313262,0.2708699150050224,0.1572189789760769,5.459718504475715,1.92015824044586,2.499184796616729,-0.7195700446264794,,,,,51.27365728900256,0.4000000000000001,0.4000000000000001,5.885144088601665,0.4736512346207586,41.52020822038777,4.480458062050131,1,FRIENDS,CHANDLER,-0.11172227235881124,-0.3727773945745265,0.07500979757252191,2.9494509829086875,-3.6959079431475748,-1.2870362362228822,3.061173255267499,3.3231305485730482,1.3620460337954041,4.719019785909168
2_104,0.725,0.3305,0.5395000000000001,229.3930315331233,87.30304232632669,397.5220429047854,0.0227222239091886,0.1250993605599999,2.156060811331058,0.2971698113207547,6.313897255334493,11.638510648022804,6.956299926940611,8.187060478521204,0.106358147569799,0.0633522621406113,0.4259222416335759,0.5653217028153981,0.1335576319907544,-0.1393994611818221,0.116342390409546,7.031989738043715,2.8061765579264413,3.983404429741984,17.086053858166856,,,,,105.307963641297,0.6942857142857142,1.045,2.964073601755719,0.8660900646006741,43.265027487267865,2.9978749787367893,1,FRIENDS,CHANDLER,0.5694428237712472,-0.022782460164658097,0.3224282383410952,-1.061850785225158,0.7572767733427179,0.24716535687930186,1.6312936089964052,0.780059233507376,0.07526288146179333,1.809772291714779
2_288,0.235,0.82,0.213,196.6122384875798,61.79101110999742,322.69876427562616,0.0212264663644193,0.1007766987052439,2.1656962145951915,0.2975206611570248,6.5417325949367084,7.668183795696144,10.511846046021388,13.313041506277198,0.113069406093839,0.0611105397720933,0.3262070392990537,0.3193299879766699,0.1627027264722773,0.0068770513223838,0.1316461454840534,9.112231219439124,2.725721914556962,4.311911326641581,10.274131459961437,1.748290339521283,0.0,0.5451443829113923,-0.0,64.4040404040404,0.38,0.5466666666666666,2.493783376855176,0.3446605998785458,42.41326428593123,3.942866691256496,1,FRIENDS,CHANDLER,-0.06539867981514111,0.2950775278184826,0.09444967419491788,3.6187981194268497,-2.819871605477353,-2.933258898027765,3.684196799241991,3.114949133295836,3.0277085722226826,5.6958961855774835
2_420,0.6733333333333333,0.4743333333333333,0.527,226.58033463769425,42.96670049881429,231.4256376621593,0.015663857586148,0.1071019770256348,1.545990716141771,0.2491467576791808,5.764794537401575,9.0510110786753,18.02418099719653,18.014522464128103,0.0973279243885349,0.0627935738953854,0.3059691806196358,0.5509766248512648,0.0856705873756238,-0.2450074442316289,0.0904161146476252,10.04491415909816,2.373738927165354,-1.0065178698511892,-3.4825537838627625,,,,,92.56972835645884,0.88,1.3,1.489825485897564,1.0995367524366104,38.29223704831338,1.98103052759263,1,FRIENDS,CHANDLER,-0.21063622761528056,0.38485327657134655,-0.1844267381466754,0.31349821195382765,0.38009446129026164,0.12540332568071524,0.5241344395691082,0.004758815281084905,0.30983006382739064,0.6088794835733814
2_49,0.5,0.179,0.312,216.60469938605624,97.06772297279268,358.03297852201325,0.039674702282486,0.1740818514515845,0.329729956639647,0.1878453038674033,5.747533047849562,11.775719368907158,26.861829792564784,34.742277426796285,0.13326940433107,0.0723196039648822,0.3510995604967095,0.3268805843414791,0.3790490217894518,0.0242189761552304,0.1451417623854821,12.534739653515036,1.6421522993855893,10.42906220358022,-0.42288250863432,,,,,121.59277504105088,0.185,0.185,1.7830517599805795,0.5498255408325885,27.9970219410078,6.753478102743787,0,FRIENDS,JOEY,0.4556451332993424,-1.4276082786812139,0.18733694616302835,-2.510509230689467,-0.8852913597889472,-1.9689036109349638,2.9661543639888093,0.5423169188922666,2.156240557097992,3.7069600337204767
2_433,0.7195,0.308,0.5945,151.0102361339735,88.02359660810855,510.3140962650049,0.0190687985541453,0.1192744544697984,3.4442232639529573,0.3762376237623762,6.856140246972076,5.704897852810713,17.18049770879063,21.624456282118,0.1250485611557129,0.0593759195442881,0.3357984783015459,0.3741762816840207,0.0301785820141728,-0.0383778033824748,0.2092879061768382,13.605113160036288,3.9177944268411857,2.1287525588384453,22.07923741417037,0.8959245526936286,0.409805612489162,0.9794486067102964,-0.0,67.02304147465436,0.2166666666666666,0.315,3.535879034188766,0.5073895487022185,28.633277047974254,7.155820110034886,1,FRIENDS,CHANDLER,-0.10000746054353671,0.2951025298871808,0.20547310205935043,-1.276998079105996,0.7171251078661665,0.7829182941530796,1.1769906185624595,0.4220225779789857,0.5774451920937291,1.3772628370722249
2_428,0.6859999999999999,0.436,0.557,283.5075944560679,74.19392216737381,411.6243375382765,0.0204793292615589,0.1164396397675172,7.538724964003241,0.4614457831325301,6.357993123259052,7.90977192713333,5.681407665536869,10.853050042323396,0.0905074544360972,0.071674729362587,0.2617498430689406,0.2967735906870856,0.1073541202470253,-0.035023747618145,0.0546875780571518,13.682919624219592,3.9587504352367686,-0.4772278118362469,-5.406884263195657,7.536074699923941,10.178948504853702,0.599810672005571,0.8112781244591328,81.02741712814309,0.2789473684210526,0.37,3.847515211298066,0.5490230084617097,41.36572980433824,4.343104138720871,0,FRIENDS,CHANDLER,0.33583881245874275,0.66496622715169,-0.38085594846139537,-0.05304902947278459,0.4725649635998957,0.41763220055732186,0.38888784193152737,0.19240126355179427,0.7984881490187172,0.9087548205879432
2_1,0.5896666666666668,0.3396666666666666,0.5078333333333332,192.76589222632512,67.06864790107682,347.0225033330064,0.029796248127253,0.1482125412276822,3.022560876379756,0.3675213675213675,6.788793103448276,8.063636258272329,13.903872927896453,18.64590270402753,0.1409840141239322,0.0738630705733374,0.4207832371817199,0.5085733638598403,0.1305434083313262,-0.0877901266781204,0.0322605937967643,14.863325232083213,2.545797413793104,0.4746627589981482,-6.922186883635419,6.897974932211078,0.0,0.4242995689655172,-0.0,41.43857934180515,0.1325,0.1555555555555555,5.2567568122121004,0.5155038776164919,39.73275895374099,5.491950506478919,0,FRIENDS,CHANDLER,0.07155476249563748,-0.4839082006288239,0.25539108418827966,-0.9741981840144468,-0.23069754080758645,-0.06129845549045099,1.0457529465100843,0.25321065982123747,0.31668953967873065,1.1216091689726668
2_168,0.7,0.47,0.512,279.3881002406556,141.47764410050237,514.984710194476,0.041662998835235,0.1756794761634209,0.5149418010514231,0.1292914536157779,5.538150380710659,12.673942101621986,15.55518593952009,24.032473180550884,0.1511434934481088,0.0808604082191152,0.2660564492533941,0.2884583427757218,0.206297235763733,-0.0224018935223276,0.0965527120473125,6.347733112300537,1.7488895939086293,0.2045943899446131,5.597907239157822,,,,,50.72046783625731,0.4892307692307693,0.496,4.776858107096941,1.5167967053529483,44.98370298572936,8.426105511148473,1,FRIENDS,CHANDLER,1.091996681730423,-1.4939761590893939,-0.09801038017324719,0.272062436836037,0.574769202994755,-0.02071111175758806,0.819934244894386,2.0687453620841487,0.07729926841565912,2.226651009025168
2_155,0.682,0.4212857142857142,0.4802857142857143,253.7745733271936,68.97313570299485,374.1842628783769,0.0206264739878928,0.1350217089559252,1.5486429617433244,0.2885085574572127,6.934421345338984,6.39679489456304,18.38308432054372,22.68288849571417,0.115900866673859,0.0778597153304223,0.4719489521724776,0.615696637729839,0.0936585811581693,-0.1437476855573613,0.0275835149170156,10.755757705778777,2.919756355932204,1.2466718261830296,-16.64527265842604,,,,,64.49910770226387,0.3138461538461539,0.372,1.8525906514629629,0.6192094377628086,43.25257147330078,2.8309015488612363,1,FRIENDS,CHANDLER,0.20749231190902437,-0.1152170946179635,-0.19516408617903724,-0.19374852959803174,0.44336375234422243,-0.329638779484286,0.4012408415070561,0.5585808469621859,0.13447469330524875,0.7007782949163196
2_2,0.6262,0.4625,0.5132000000000001,180.9595544838712,38.4873397191357,198.5629028541072,0.0272354996146825,0.1290363887427369,4.189825201052795,0.4868804664723032,7.395241477272727,6.720334337909057,11.942052823917054,12.516843523377917,0.1118361314882496,0.0605852056800683,0.2538366267593038,0.2740599301376135,0.0370243422510472,-0.0202233033783096,0.0935237014506159,12.286122624824024,4.930160984848484,-0.7342334209685734,-1.9847666941004969,1.514421526532728,1.843737473756499,0.5800189393939393,0.9182958340544896,72.52443492343917,0.1423529411764705,0.2375,3.993108681300649,0.3398885713124943,32.91876932894627,3.127937289933346,1,FRIENDS,CHANDLER,-0.16526341704936937,-0.0634003837588932,0.3833268033536139,0.20034667220909147,0.03600685532756887,-0.00902195676252293,0.36561008925846084,0.09940723908646207,0.39234876011613684,0.5454265176126318
2_120,0.7416,0.4976000000000001,0.6108,182.09712073600912,36.039975827983135,176.79310720017764,0.0265157400365169,0.1322944969273869,4.619847979120548,0.4563894523326572,6.247943402435012,8.711158815107657,14.28735980648432,16.05528277502109,0.1146418174210045,0.0619272734941309,0.3241454165813305,0.3166724331448513,0.0225245792799828,0.0074729834364791,0.0301381134689459,15.451383408630308,3.2247449819019414,-0.6363005703352863,-5.019411590467001,,,,,50.55743387270736,0.2283333333333333,0.3075,4.725558662210861,0.7161288884228286,41.09654808353604,3.9090472843515496,1,FRIENDS,CHANDLER,-0.3294412149106365,-0.03197117343399556,0.18092976258292637,0.5359764506631994,0.8784618000537656,0.9416959828360355,0.8654176655738359,0.9104329734877612,0.7607662202531091,1.468537087369344
2_487,0.645,0.3045,0.6215,238.7038538818626,75.60957128328516,265.88788473369823,0.0176681671600415,0.1419309586179971,4.5661227455462825,0.4353099730458221,6.034849774966549,7.259639351719343,25.39824149288665,24.175119774444607,0.0949399152904992,0.0600888985073424,0.4414550420838867,0.5590655212021312,0.1827838983426733,-0.1176104791182444,0.1411017726389847,16.51194385104122,4.2914487288651015,-1.352213072715059,-0.8179487411740833,6.208374435048819,7.824001647296375,0.8046466366622066,0.9709505944546686,84.33430766764101,0.262,0.4680000000000001,1.9019045259676184,0.6299311212144465,39.02186369558319,2.80457578865186,1,FRIENDS,CHANDLER,0.02888850862400852,0.2034330451870456,-0.35819888842821396,-1.3104654359319043,0.1732525482292372,1.0459242815420255,1.3393539445559128,0.030180496957808417,1.4041231699702394,1.9407065021896994
2_280,0.4933999999999999,0.4258,0.4458,221.2848715769971,89.34386952785624,505.5516429485066,0.0323993676537999,0.148794114025183,4.410098289996767,0.3968072976054732,5.681583937994724,9.2514970410922,4.181131050034041,6.175247931253635,0.1405690224719169,0.0797087545734075,0.4369127538882719,0.3739653078208892,0.1543544015267516,0.0629474460673826,0.0363885417394581,14.32893115054621,3.5225820415567286,-1.216550789972204,3.651116101117865,,,,,65.80904792240196,0.1984615384615384,0.25,4.631638804060961,0.6730731698623345,46.42850951264671,4.930488509488097,1,FRIENDS,CHANDLER,0.16015688011034293,-0.45384086340989954,-0.16545308632343542,-0.150582469365431,-0.9334733583608102,-0.6655628289852997,0.3107393494757739,0.4796324949509107,0.5001097426618644,0.7594182169468803
2_447,0.4937999999999999,0.4208,0.3984,195.060134935514,70.88879640990486,448.5660411449676,0.0275025503593518,0.1658887578637497,6.293272893992561,0.5146831530139103,5.537109375,8.893103138031847,6.060124588137822,12.566554019126812,0.1217977686442739,0.0698327827439142,0.2428696609564175,0.5396422081287894,0.1549709994604879,-0.2967725471723719,0.0402511584064247,19.771999353380696,4.921875,-0.1383929277440941,1.9060903348274136,4.721375073451451,4.721375073451451,0.46142578125,1.0,69.85119047619048,0.0883870967741935,0.12,3.4916022986641737,0.7162668041028819,49.68790682045003,6.364497667352363,1,FRIENDS,CHANDLER,-0.1695286015795337,-0.26583983957576435,-0.13251943318973136,-0.19839297911672837,-0.9305532372352427,-1.1272844512903377,0.028864377537194674,0.6647133976594783,0.9947650181006064,1.1967599987279476
2_532,0.6809999999999999,0.3809999999999999,0.5996,223.05716598732943,110.31927731451673,492.9024932534652,0.0285963042875851,0.1568539230396359,2.227661374813647,0.3662420382165605,6.771853046182195,4.860689743242545,11.866263982238062,15.901856935803922,0.1399329845880571,0.0697451388791704,0.3415813702150314,0.5449287506639242,0.4295502632650627,-0.2033473804488928,0.017474823725755,14.491222377617104,3.2801163192445006,1.8707271723239247,21.142197187978205,9.157605022811858,0.0,0.2116204076931936,-0.0,60.30271477264157,0.1742857142857143,0.2235294117647059,2.3490729804725823,0.5242871798123444,40.430399985424216,5.492857400628174,1,FRIENDS,CHANDLER,0.2603017263449592,-0.599896420846241,-0.2886223092830348,-0.5789646367370561,0.43606344953030307,0.8325972028821026,0.8392663630820153,1.035959870376544,1.1212195121651374,1.7420430751538056
2_443,0.6877500000000001,0.514,0.5867500000000001,285.547720285804,72.47310051188528,476.9913370178762,0.0199701814517159,0.0995223288979111,2.1175517471483656,0.2869565217391304,6.899923725332968,7.653662190379061,11.47617283837732,22.43075740807628,0.1183950863052031,0.0875143946161125,0.2913256903139573,0.4589523047176596,0.0365880866632301,-0.1676266144037023,0.034663877612152,16.210101571216647,2.8030940134165183,-1.7625521339130517,-16.741641680372304,0.4389354108988161,0.0,0.4312452328333105,-0.0,52.09543466509412,0.3945454545454545,0.776,2.5688043798890154,0.4244432425138872,39.097135022759645,3.804093022416109,1,FRIENDS,CHANDLER,0.4603369860384731,0.353596292959407,-0.21565506747912644,0.6927949226474538,0.48534049352425407,0.707425834809957,0.23245793660898068,0.1317442005648471,0.9230809022890835,0.9609742862562993
2_475,0.5814,0.3786,0.4412,153.58758494691017,27.6083868675238,309.79929325250464,0.019312714384284,0.122119026481805,10.70308255400488,0.6230088495575221,5.098957004337841,8.465640350103262,6.809970197950515,8.018704633627136,0.1089003916579733,0.0578070383120365,0.1390174467447958,0.3194311617906454,0.1218875648293087,-0.1804137150458496,0.1670968158460647,18.995958300519245,3.868174279152845,-0.1370572588368419,-2.105836836741501,0.7689062959416937,0.8426190848607311,0.7033044143914263,0.9182958340544896,79.99028838088066,0.175,0.27,4.019692484376233,0.9156050471426642,56.44503710260954,3.907369301597638,1,FRIENDS,CHANDLER,-0.8586024333124526,0.9453358349174865,-0.14345269793746776,-0.601913681417678,-0.29104671073598015,-0.7103712564663793,0.2566887518947746,1.2363825456534667,0.5669185585289116,1.3841703531539542
2_92,0.5923333333333333,0.3536666666666666,0.4563333333333333,176.2283286619494,50.02417698488803,334.6445928903273,0.0197560260467618,0.1270792795527871,4.390262377870276,0.4311224489795918,6.573335167859108,6.87829503523479,6.73840782671133,7.649699749376959,0.1089196102739482,0.0567652023664742,0.452350242590593,0.4565188888053083,0.2132764671898911,-0.0041686462147152,0.1549943126757538,9.97133535334589,3.286667583929554,-1.1291756729270208,-0.3844148030496246,0.8700459969630998,0.0,0.505641166758393,-0.0,85.50876389048,0.2971428571428571,0.56,3.608435625801308,0.6012134970250602,55.96557188983434,2.520593561737295,1,FRIENDS,CHANDLER,-0.30477738276407895,0.28470810841574795,0.11318322993308555,-0.8403287567108148,-0.21123006663713842,-0.5629580240286246,0.5355513739467358,0.4959381750528864,0.6761412539617102,0.9949557492270386
2_258,0.6058,0.3754,0.4976,244.28291431146133,83.93198773771292,464.1054561299188,0.0232923855024757,0.1221985529645584,4.76768185599513,0.4197162061239731,6.109766976643599,7.653268922783244,3.9852945225935055,5.9985983054533945,0.1030012621130538,0.0669720217713593,0.292314656278773,0.3471832441711933,0.1341449164591234,-0.0548685878924202,0.0070552816827701,14.34016581429342,2.607827368079585,0.2047643883940653,5.808975199327395,8.806930829183466,3.640340094021763,0.2235280601211072,-0.0,71.91824668900416,0.2194594594594594,0.2558333333333333,4.399828149734187,0.6011331624828785,38.24003582797838,5.143939064500694,1,FRIENDS,CHANDLER,0.17789825558542388,0.23284453897778645,-0.31012873983523725,-0.632512407658508,-0.1129193220763686,-0.16098097169835934,0.8104106632439319,0.345763861054155,0.1491477681368779,0.8936236050210169
2_376,0.182,0.466,0.2375,273.2566145620422,87.17191895775814,418.807697801981,0.0217380484312705,0.1378013271686372,2.5983752842067824,0.3459821428571428,5.758047506653945,9.460413441317456,19.91953554592134,37.00721932204447,0.1151847257886006,0.0660418470812448,0.3041688893700123,0.6081759475371662,0.242359683319281,-0.3040070581671539,0.0465076292451701,11.461519355704532,1.328780193843218,-1.6262167136755523,-5.071210418511642,,,,,78.23955140368803,0.1376470588235294,0.25,3.5090904976316994,1.164854678185826,52.65895082960787,4.504428785692459,1,FRIENDS,CHANDLER,0.37721513999600786,-0.09374955285377064,-0.3710321382144444,0.23381402903499962,-3.2067876546150345,-2.6946053168785364,0.14340111096100824,3.113038101761264,2.323573178664092,3.887230687552435
2_114,0.542,0.5685,0.543,218.6312917329099,94.39864922417463,458.6890239640369,0.0197106932026762,0.1446950211994828,3.565422351587125,0.3246993524514338,4.887622122591006,7.848735229644533,11.055195006239371,18.13810808756058,0.1304445746545826,0.0821870956478167,0.4477007906025649,0.7527025862457832,0.0716229663632866,-0.3050017956432183,0.0707270106027618,10.875010097990607,2.39770141862955,0.2336856373274115,0.1715095946112583,2.846103687615059,3.3181058646013266,0.3688771413276231,0.9182958340544896,77.3254006940234,0.3184615384615384,0.4640000000000001,5.086048985015452,1.471156692336835,43.65982268400107,3.4575886506979,1,FRIENDS,CHANDLER,-0.16008040200946755,0.0152986977997156,-0.6234883732954538,1.2139294789365946,-0.5786786416043694,0.28125872561490545,1.3740098809460621,0.593977339404085,0.9047470989103592,1.7490796281615306
2_246,0.4974,0.3928,0.5056,159.9905263339331,56.28507750310512,428.9436399154801,0.0241020611190283,0.1229818139376074,3.8959271663864414,0.4971537001897533,6.225243183587567,9.291987034660307,42.86293103912373,46.838608322115086,0.1429605590280844,0.0715147004366666,0.3840037772003999,0.3782084554134302,0.0244851053437196,0.0057953217869697,0.0720234746582845,17.194490218877604,4.527449588063685,-2.213779395979792,-6.277061990499824,,,,,62.05140995682567,0.12625,0.1425,4.133026705554687,0.522832314634516,45.17536941563383,4.702084226386428,1,FRIENDS,CHANDLER,-0.19332258906597488,0.06298509758859192,0.352842906440483,-0.46613183372399364,-0.9042721471051354,-0.0830532717312637,0.27280924465801876,0.9672572446937273,0.4358961781717467,1.0954528467844313
2_268,0.4269999999999999,0.3407142857142857,0.4011428571428571,330.3916307993414,79.96931002696276,384.9008652433421,0.0191914591678163,0.1362230628906034,4.088246173386104,0.3221153846153846,5.353338068181818,8.91337299792307,18.65768448326612,44.31668758641644,0.1045450085713558,0.0719615673402072,0.2023404915478855,0.2833210343845808,0.0655523820646692,-0.0809805428366952,0.0546037786688143,10.80930339152444,2.8764204545454546,0.0513778688122341,8.803696857145777,2.019413478097122,2.474898554029012,0.479403409090909,0.9709505944546686,72.63491789256496,0.3199999999999999,0.3692307692307692,3.577346096717723,1.0239306793248135,41.53993301560984,4.352614190254887,0,FRIENDS,CHANDLER,0.36494314483899215,0.16671157200309,-0.8767052168066285,-0.9641807438760795,-1.4182134652049996,-1.1005663827301913,1.3291238887150718,1.5849250372080896,0.22386116592356275,2.0805459636188757
2_221,0.6213333333333333,0.4356666666666666,0.4166666666666667,250.51459345187533,100.17190806112066,478.76944710774086,0.0191466355537314,0.1426268113618821,2.310427233274431,0.2903225806451613,6.534952192164179,8.72909247927861,6.1343064457326415,9.899781458681764,0.1352213485731737,0.1059520416693684,0.3625458177192239,0.3414478281884187,0.3191686004911536,0.0210979895308052,0.0781463391457502,9.150620509313349,2.571128731343284,-0.5969102166064841,-3.790595365177783,2.439562570404167,0.0,0.2142607276119403,-0.0,66.7523555290782,0.3017391304347825,0.4527272727272727,3.1052773314497863,0.587216442837231,36.84290613279892,3.6246354089534334,0,FRIENDS,CHANDLER,0.5586772373240422,-0.05096117554122726,-0.04976321766744246,-0.05623639678953845,0.0004787149664986375,-0.9493495363654704,0.6149136341135806,0.0514398905077259,0.899586318698028,1.0908805546634732
2_369,0.6491250000000001,0.463125,0.51675,181.44843886413423,119.64373295640496,418.040071332895,0.0202886601733732,0.1290854412632026,5.982432854184796,0.5307125307125307,5.839512711864407,9.304746287944516,27.147211807522613,38.52709762537425,0.1251044881883686,0.0666183872664607,0.2163053389668445,0.2653970742281871,0.0607636141697554,-0.0490917352613426,0.1207756821968892,13.8963056846127,5.352886652542373,4.758786537785881,5.079980300446966,12.158188200751944,0.0,0.4866260593220339,-0.0,78.69857438443537,0.1271428571428571,0.3349999999999999,4.112538125310775,0.7460967917178364,39.202209212840685,2.890100429447396,1,FRIENDS,CHANDLER,0.31956778749557824,0.36553564621254114,0.10026724489385215,0.2063229859280035,0.2033662973366514,0.02555846009787492,0.11324480156757474,0.16216934887588974,0.07470878479597723,0.21143482523605486
2_103,0.45675,0.60075,0.467625,160.67630161816717,70.97462157519773,475.2320553469685,0.0240104497969705,0.1219269303886562,5.013877990227175,0.4930362116991643,6.375676508118098,7.492565793880986,13.994393500301276,19.60511763105707,0.1298397755418697,0.0613318417999543,0.1423406284682801,0.2672640501809518,0.2198470981555577,-0.1249234217126717,0.1236705171653194,12.23754959073257,4.573854886258635,0.5176128330285923,6.901240812109167,7.477506989260406,9.607654360642224,0.6930083160997932,1.0,96.95736811201584,0.179047619047619,0.3022222222222221,3.741885321918548,0.6015707331135512,43.09471097708031,4.080709872362298,1,FRIENDS,CHANDLER,-0.1849736093861867,0.21756572806963143,0.18975939526352437,1.5223072668324624,-1.201029456490923,-0.45296632251256824,1.707280876218649,1.4185951845605544,0.6427257177760926,2.310912511596037
2_457,0.5961428571428572,0.3702857142857144,0.5264285714285715,146.92951633482463,34.79893476830287,252.38962142915284,0.0292544207208745,0.1628119743256391,5.176223066993139,0.6841004184100419,7.270577595221721,4.427669527242127,35.28029228225853,34.98789650300352,0.1471025386433802,0.0830523170325645,0.340492701122035,0.5538549651142637,0.2364071480171749,-0.2133622639922286,0.1001431184715538,22.15256128665092,7.686039172091534,-1.7204488570234984,-5.850225242831115,2.519485246253701,3.238686107650856,1.6618463074792509,0.9852281360342516,73.28359722318531,0.0546666666666666,0.056,2.9040964232733883,0.2643427465123686,35.70038964591361,1.7572236755267054,1,FRIENDS,CHANDLER,-0.567264435311083,-0.4434984308735506,0.22965922765396066,-0.6814157290612628,-0.1834193892507813,0.11983706139735147,0.11415129375017985,0.2600790416227693,0.10982216625660919,0.30452017003402637
2_112,0.5533333333333333,0.3166666666666666,0.433,166.26974761321782,111.8459325068416,498.47413102122295,0.0285715889080214,0.1826672180281692,2.801464620079513,0.4273624823695345,7.294635586319218,5.082928388534074,62.708874418814375,73.6203818946872,0.1846517883995329,0.1214235717554978,0.7753478840887772,0.6004766029028475,0.0201537550447689,0.1748712811859296,0.0711094609407068,8.32702700228475,5.190413782573289,1.1563611344064617,21.077491419949496,8.004743027519188,9.947621674913336,1.262533082247557,1.0,95.6003316454585,0.135,0.1266666666666666,2.897209891534691,0.3674316818353128,31.46245023152952,5.9497956770659535,1,FRIENDS,CHANDLER,0.22971911347700602,-0.8840848865396176,0.2211011524106475,-1.1941265288704148,-0.49594187637995985,-0.7902471489326516,1.4238456423474208,0.38814301015965774,1.0113483013432991,1.7890826689109467
2_174,0.719,0.596,0.75,140.68089569957567,59.736506378699886,238.76618408258923,0.0379251679028552,0.1615526830116836,3.933683555807893,0.4210526315789473,6.583399681528662,5.928977416362356,69.8628702170153,78.70507955856037,0.168219379815205,0.0912820437363195,0.2793682078519284,0.4404429403046695,0.1486752583625131,-0.1610747324527411,0.1439674641994357,27.59259358996247,4.114624800955414,1.6138053694755732,2.052854957409325,,,,,74.04776279594454,0.1738461538461538,0.1314285714285714,3.278666977455381,0.3818239068388515,43.14180990992446,7.53005712871222,1,FRIENDS,CHANDLER,-0.43805012857674364,-0.9383215128369669,0.18032034779493308,1.4768872825687296,0.7134749564592068,2.297637962263489,1.9149374111454733,1.6517964692961735,2.117317614468556,3.298249648695903
2_490,0.6591999999999999,0.4227999999999999,0.5311999999999999,159.96191402380634,87.3382210820241,509.19336214511486,0.0375683151925422,0.1553380941632023,2.02474146875715,0.3209876543209876,7.340864701704545,4.098214162198028,60.7316649583208,50.3361430804813,0.1764375173039876,0.0740337488225589,0.3384328600510454,0.4490158584726709,0.0333518672982534,-0.1105829984216255,0.1612713241675815,11.680242066482664,1.9575639204545447,3.1288831350641413,2.6618507633005777,10.702160956104992,0.3453329926589301,0.7340864701704545,-0.0,59.62321628988296,0.1421052631578947,0.1371428571428571,2.90011986571557,0.3917593495248745,39.94941937309865,12.46319745646602,1,FRIENDS,CHANDLER,-0.07917848963075147,-1.0244267543492642,0.15153371447812367,-0.17926877521621049,0.27691684818687917,0.16631536816343886,0.10009028558545902,1.3013436025361433,0.0147816536853152,1.3052707513830222
2_430,0.5935714285714286,0.3787142857142856,0.5057142857142857,199.77431804523547,142.6250112359213,484.9460552157252,0.0347725992815636,0.1854097391073013,1.7434033056512657,0.3074003795066413,7.354022713279058,5.727477665447694,70.3590560373763,119.35624559894548,0.1986683562958894,0.2243628378265337,0.2761169920160898,0.5393636207481374,0.0610278197697353,-0.2632466287320475,0.1254406033491177,8.15298054525791,2.8284702743381,3.74024822785206,15.199425233501405,1.1340603342144462,0.0,0.3771293699117466,-0.0,78.71483014340157,0.0918181818181818,0.1128571428571428,2.8872264661018656,0.4196340588364098,40.124429962118406,15.037906355345616,1,FRIENDS,CHANDLER,0.6935912992321678,-1.2720665043175328,0.15387530574683175,-0.6008208697662206,-0.20219159648657167,-0.0819400188745918,1.2944121689983885,1.069874907830961,0.23581532462142357,1.6958018896627423
2_434,0.662,0.36,0.454,158.27313820036542,66.83161919598983,236.4127184515407,0.0329161430638383,0.1792463334687774,2.089211531131125,0.3862660944206008,6.75810282736955,5.115535916745867,48.96710314372389,54.88974459221313,0.1574863529979802,0.0532417103494079,0.3340292953121164,0.3890486444322846,0.2731791823540765,-0.0550193491201682,0.1466431656384571,12.93362706476141,4.223814267105968,0.8566749564105268,20.737648898215845,,,,,68.39826839826839,0.1309090909090909,0.096,2.2302362987242605,0.3915889169062779,46.78066779765434,11.575687642566228,1,FRIENDS,CHANDLER,-0.3351214092047142,-1.0726394098723064,0.060795868420720156,-0.7797687776925041,0.297357696065852,-0.5856869365190269,0.44464736848778985,1.3699971059381584,0.6464828049397471,1.578779075635603
2_541,0.5585,0.3983333333333332,0.4970000000000001,125.53167730627244,54.82732894211274,316.05844652190683,0.0333273714559958,0.1684348877561001,3.3852770807324504,0.4851063829787234,6.9695605532355085,6.738796873022861,67.88322856583827,93.4961458046496,0.1882886056727016,0.0711057700146065,0.468342473021302,0.5243814045743797,0.1113368486178714,-0.0560389315530776,0.2449192607614154,20.62164686303622,7.603156967166009,-0.7457603363372594,-28.12041927825459,13.46409805003524,1.5325985308967134,0.6335964139305007,-0.0,75.68755542803987,0.1077777777777777,0.0971428571428571,2.750853462645211,0.368608723359644,32.448862681322446,4.578821972497969,1,FRIENDS,CHANDLER,-0.35335523802132707,-0.875266477710269,0.5006742812506881,-0.4132215362658923,-0.4582236451747143,-0.16682554919589027,0.05986629824456524,0.4170428325355547,0.6674998304465785,0.78934448847192
2_392,0.5117142857142858,0.4741428571428572,0.5382857142857143,119.59427448538229,40.52968670386606,148.97720007322238,0.0310950383488518,0.1935792979812701,3.959377847272512,0.446584938704028,7.83303730017762,5.857710076046581,60.7163915564644,54.98166553024475,0.191746314159468,0.0920076434078089,0.5498871702714996,0.5461104659817235,0.1113660119074773,0.003776704289776,0.1937178765722851,21.8414274515898,5.91829484902309,0.2012797800667738,0.6270043132504277,0.0340895902501792,0.0392481768219944,0.6962699822380106,0.9182958340544896,94.65587745587744,0.0832,0.1099999999999999,3.213959795056532,0.3212577951387146,32.48012746187941,7.352897427795511,1,FRIENDS,CHANDLER,-0.3309508343002071,-0.9924634467608553,0.7528154323149462,0.3116768592013984,-0.7997735268259013,0.23533704527715235,0.6426276935016055,0.192689919934954,0.5174783870377938,0.8472801418367889
2_187,0.6948333333333333,0.4698333333333333,0.5801666666666666,128.7708570872207,42.47194644822356,131.59866170568654,0.0253127764979502,0.1543432733982248,5.8351394071885885,0.5864978902953587,6.277997114873585,7.822001967090982,49.20082364778426,71.0470761750861,0.1548868282840148,0.0774529123065873,0.2596446659378121,0.3921337556906423,0.0269876290075002,-0.1324890897528302,0.1966879932975225,22.289708797362817,6.277997114873585,1.1890909384511847,31.74450574171,7.920146564427057,7.920146564427057,0.6277997114873586,1.0,94.32247555817352,0.0977777777777778,0.2133333333333333,3.5356021397329007,0.8111966696609388,44.40334240602957,6.59225733326705,1,FRIENDS,CHANDLER,-0.5462711061383826,-0.14888799407729483,0.35182470107246666,0.27046875317766056,0.5370509717895094,0.6432978317120335,0.8167398593160431,0.6859389658668043,0.2914731306395668,1.1056820739140347
2_113,0.7543333333333333,0.4146666666666667,0.5963333333333334,160.8618622339741,62.40677025224836,438.9598858957578,0.0308324719426425,0.1706977671378802,3.297778725193423,0.4943639291465378,7.044319237918216,5.4359638459887325,31.438811678183143,40.84620933684588,0.150621378835697,0.075947580094061,0.248740207250288,0.4029033098372183,0.1977872705736595,-0.1541631025869302,0.134006455814899,15.804639492689445,5.763533921933085,0.3337395372333304,18.383274303886417,4.0400846217177655,4.101128833217375,0.9605889869888476,-0.0,102.03853795436464,0.2177777777777777,0.3657142857142856,3.4025625742708314,0.3920453488508128,36.24627246525408,3.729784884364813,1,FRIENDS,CHANDLER,-0.25254574378793987,-0.7625772237734603,0.19542079922645997,-0.2570405377449863,0.9714189892176609,0.800776725395539,0.004494793957046439,1.733996212991121,0.6053559261690791,1.836632480162618
2_323,0.4355,0.5995,0.3139999999999999,182.300203322878,50.22492581947026,177.4721361824085,0.022575261647242,0.1588641679348721,1.897066264256904,0.3723076923076923,7.310200022101889,4.132350741364888,60.13763096584501,58.025171240771485,0.1496023114469358,0.062690918966302,0.4801051791542488,0.4508756411956411,0.140487871737254,0.0292295379586076,0.1163428972941185,13.777956091955506,3.6551000110509446,-6.091630484403627,-11.677151833692983,,,,,94.14195840279432,0.205,0.268,2.163066310470968,0.4495532911443102,37.460074365203326,2.748359229861234,1,FRIENDS,CHANDLER,-0.31819763141091323,-0.46795107590338747,0.03228163756870036,1.5103546393946383,-1.3561608912866914,-1.949421685943191,1.8285522708055515,0.8882098153833039,1.9817033235118913,2.838955467355812
2_137,0.13,0.725,0.272,133.04294954979915,44.21239170421009,287.94275962602046,0.0281925420426319,0.1677602143985977,2.794908598646665,0.4975369458128079,6.354255566762355,5.037921253203507,58.72843286260786,72.20212235703946,0.1570073230882378,0.0646356757834598,0.382211731017824,0.3459052267051714,0.0373456843486635,0.0363065043126526,0.0537144193432228,16.502792967598747,5.376677787260454,0.8057314307998391,-0.3976610949192434,2.7037095015481016,2.745265654738174,1.2219722243773758,0.8112781244591328,101.08023377588596,0.1266666666666666,0.1119999999999999,3.183091741912981,0.3612579401735942,40.63306434035525,4.32477159685646,0,FRIENDS,CHANDLER,-0.7453173019148549,-0.7046512709376269,0.023878565880841047,2.7103984341522005,-3.586403400938797,-2.3585421107704385,3.4557157360670554,2.8817521300011704,2.3824206766512797,5.091404017341709
2_294,0.729,0.37,0.5,145.53239191397702,66.09934434872237,416.4721430055428,0.0466948463444007,0.1563695020800544,2.94498077334611,0.5214899713467048,6.803543190671484,6.754502168683693,65.75919645375016,185.57292839922823,0.127261721250963,0.0775252732613323,0.2995203523045561,0.6231034519097175,0.068499184480125,-0.3235830996051614,0.2785049209788244,9.841673850175807,7.087024156949463,2.7157775067292134,13.766756418578025,1.4948958121736518,1.828354671528592,1.984366763945849,1.0,82.59748569908999,0.125,0.3,3.402651881763841,0.3657139448235194,35.54410040443424,2.7823011670033164,1,FRIENDS,CHANDLER,-0.22800720404606048,-1.3242389760846618,0.3393693690829361,-0.6841477581899092,0.786477984598392,-0.1376026617082307,0.4561405541438488,2.110716960683054,0.4769720307911668,2.211491038057088
2_359,0.6114999999999999,0.42125,0.574,138.51875126539468,47.43923012313851,275.730186404934,0.032081092091511,0.1786009007987154,1.953801457440845,0.4451127819548872,7.0281982421875,6.532208358907739,31.34468715740732,35.09708366675244,0.1528597875140649,0.0675831464461001,0.3674430565487209,0.4706281675108129,0.2989058871028291,-0.1031851109620919,0.2590002634862451,12.944833900438438,4.0374755859375,1.2547384863892794,20.76548176628689,6.537305742595584,8.324865273375945,1.1962890625,0.863120568566631,74.08750431002616,0.1573333333333333,0.188,4.264317284636718,0.4881032544809617,43.73132401686245,3.515843490274991,1,FRIENDS,CHANDLER,-0.36971953847880223,-1.0231823207682424,0.433152447118417,-0.19409003323911156,-0.0713075960370336,0.5832285629873978,0.17562950523969068,0.9518747247312088,0.1500761158689808,0.9795070470635588
2_141,0.5730000000000001,0.4123333333333334,0.423,171.3700562712691,98.25283511717484,495.49418664249646,0.0253217906540744,0.1393087864712037,1.6583475917856842,0.3333333333333333,7.489809782608695,5.753130925768471,67.84874343767481,108.9324017318238,0.1648407076858904,0.0772373820472045,0.3727917025247303,0.3841001934592077,0.0403978581623388,-0.0113084909344773,0.2421520399678641,16.166644703125826,2.2469429347826084,1.4382407968723026,32.11850649387001,5.242988237256483,6.65785573300542,0.7489809782608695,0.9182958340544896,67.72913387583546,0.1657142857142857,0.225,3.2006062928745385,0.4752534937370575,30.78821511695157,5.979135130060396,1,FRIENDS,CHANDLER,0.24900641046457003,-0.40080601020698126,0.3506784524092712,-0.2793521089622581,-0.3523692543728954,-0.8876567738915204,0.5283585194268281,0.048436755834085854,1.2383352263007916,1.3472130407118517
2_283,0.653,0.5446666666666666,0.4716666666666667,155.24814354065236,69.63628631486432,367.98297544320496,0.0367767409053972,0.1915350294999491,3.56957311678329,0.4652956298200514,6.631272121590673,5.907258631575824,132.42875017607955,159.40964809507665,0.1837798515613983,0.0782678962916781,0.3558067398649784,0.4828471337326624,0.207404105771348,-0.127040393867684,0.1607181607414354,21.47897793739791,4.335831771809286,4.385812936395469,16.538383218530495,15.828870437729522,15.219419864901925,1.0201957110139497,0.9182958340544896,67.34595895721215,0.08,0.0825,4.087158524008372,0.3116131599122724,36.094005402161855,6.08526463055226,1,FRIENDS,CHANDLER,-0.28712752703199346,-1.323720013105854,0.12308520068319441,0.9860327157887436,0.23165497074058536,-0.4135965990916921,1.2731602428207371,1.5553749838464392,0.5366817997748865,2.0804220000962017
2_24,0.441,0.613,0.6255,168.12662309051728,93.33263233818154,510.46451300279216,0.0270894019908269,0.1466488733428653,4.314178367575159,0.5251141552511416,7.705273543891383,4.760373195686002,60.148404561353736,70.60284606145872,0.1545296074898379,0.146231743730661,0.2641627808998166,0.3842751188657181,0.146428597369014,-0.1201123379659014,0.1087821495589055,9.752958529690732,3.172759694543511,3.2237400361376127,16.782595968462388,2.773515836471739,3.6200952685397016,1.359754154804362,-0.0,83.34748040630394,0.0989473684210526,0.1933333333333333,3.550948550557868,0.4095223624932404,31.776713638817217,7.352738863064586,1,FRIENDS,CHANDLER,0.16655519797914173,-0.29349355878560096,0.3292346430948535,1.6394430157231406,-1.3160092258101395,1.084888131525572,1.4728878177439988,1.0225156670245386,0.7556534884307186,1.9457515276999862
2_197,0.58,0.483,0.6846666666666666,134.75135594411017,69.90164564954917,234.04932091042664,0.024896060823047,0.1525490623796047,4.283844100338235,0.577490774907749,6.963929521276596,4.813064979210653,58.72464437409116,70.55919811262436,0.175139683471692,0.0710060490858884,0.4626600875871504,0.525364264727176,0.1949172711967804,-0.0627041771400255,0.1906271835697455,26.318756487622743,6.414145611702128,-0.373492557104686,-2.4535393432379102,12.501261271804074,14.760717679245172,0.9163065159574468,0.8112781244591328,80.56148437865475,0.1139130434782608,0.145,3.04000423564428,0.2966182963706391,28.506668385175065,8.077712001904446,1,FRIENDS,CHANDLER,-0.365687061139739,-0.2692995611776287,0.2202907410808789,0.3963697621894101,-0.30126713467546656,1.6612284125322125,0.7620568233291491,0.03196757349783785,1.4409376714513336,1.6303539188610077
2_493,0.5843999999999999,0.4883999999999999,0.4556,165.13044683496227,42.294302378776734,410.0840738613211,0.0188600916300906,0.1319794044887862,5.290306411269072,0.5384615384615384,6.5737099945209,7.249164024624851,147.01153554126586,151.1322982260523,0.1179058572518503,0.0600866365935399,0.378409121403687,0.3876077390288788,0.1399064760699262,-0.0091986176251918,0.1538808935475122,16.04594015783472,5.330035130692623,0.2004574841648437,11.027526698829115,4.387434530192532,0.0,0.3553356753795081,-0.0,92.14421263604848,0.1070588235294117,0.1311111111111111,4.078197349961173,0.5739295270427771,42.64467002625343,1.5310653012422175,1,FRIENDS,CHANDLER,-0.37880828402721944,0.1815938597206803,0.2135241481941077,0.44800511272081034,-0.2691458022942254,-0.570101396525608,0.8268133967480298,0.4507396620149057,0.7836255447197157,1.2250941311967
2_573,0.7314999999999999,0.289,0.4157499999999999,210.7676745066775,101.91923518235718,361.1255238365584,0.0230680022179518,0.1453434106595756,3.820249146850757,0.4398280802292263,6.9875957160596025,5.624438140924741,41.40748338943745,44.054048911582846,0.1200751148430715,0.0631764326206187,0.4323632876265413,0.3914654282521145,0.0297434683451185,0.0408978593744268,0.2042151586077676,9.852553940008256,3.992911837748344,-0.9847157819621264,10.640210448682344,0.984966512934336,1.026497969241435,0.7130199710264901,1.0,76.25366184259006,0.3093333333333333,0.3428571428571429,1.9761019582288872,0.46647427856559,39.25758578066779,4.898863629485074,1,FRIENDS,CHANDLER,0.27307749908889556,-0.14039895916688516,-0.052987462115696306,-1.458678016160926,0.8047287416331879,-0.9582787519867012,1.7317555152498216,0.945127700800073,0.9052912898710049,2.1706671451270725
2_440,0.6763333333333335,0.4131666666666667,0.5305000000000001,336.4412594753418,110.91983052305244,468.16808679091935,0.0166530628619783,0.1286140688325626,7.453704663197614,0.5064599483204134,5.527926772388059,10.40496799981301,7.015846083605783,11.49128719726927,0.0980193999276016,0.0664810260283848,0.3576196262075519,0.3350854300459047,0.2231518495721685,0.0225341961616471,0.0241082424380519,17.33201653923683,4.885144589552239,1.0449840283140133,-2.502619981238404,3.8021442500492735,4.84622627015266,0.6427821828358209,0.8112781244591328,67.67125346937814,0.2447058823529412,0.41,4.096514213403245,0.74235230223342,51.99733341555351,2.955346643589611,1,FRIENDS,MONICA,0.8367889095956206,0.6793431610822198,-0.6606941415039524,-0.27138369067037554,0.401995369732018,0.1594966944163199,1.1081726002659962,0.2773477913502018,0.8201908359202723,1.4063005783525546
2_105,0.5548888888888889,0.451,0.4327777777777777,161.88000383396118,54.31701234843203,377.4807607592432,0.0187404948027173,0.1303798850406869,4.445480539209723,0.4839537869062901,6.3896745178041545,7.44033931652116,8.200127266768778,9.207772493483173,0.1250156614757301,0.0546682601112637,0.2737631451058079,0.2911152877700773,0.0902383182621811,-0.0173521426642693,0.0974535729316344,15.508056585352044,3.3226307492581606,-0.0011345707815055,1.3866420190010524,1.1296610248452783,1.2351983561032915,0.6389674517804155,1.0,82.65542737791134,0.25,0.366,3.634966401320853,0.6942660185613165,46.64183072679064,3.288498880508959,1,FRIENDS,CHANDLER,-0.3235200180639711,0.2936959649009282,0.1827730221238113,0.09038249978110752,-0.4845858497805312,-0.7924118072650715,0.41390251784507864,0.7782818146814594,0.9751848293888828,1.3145430113969592
2_3,0.7200000000000001,0.307,0.4723333333333333,189.7711917174581,44.65432637994615,194.23931696601304,0.0252288007542805,0.1653857482776272,4.472559909522661,0.5096774193548387,6.385659055038299,7.845120049744044,3.680468277486362,4.731598209353656,0.1289409941922949,0.0663501658598373,0.5981102375117321,0.5908064305996885,0.2448475791159386,0.0073038069120435,0.0757075673869654,19.328691242876456,5.427810196782555,-2.2479679827703647,-4.212881093894614,3.8534419306039567,0.0,0.63856590550383,-0.0,82.06020100756942,0.0476923076923076,0.0633333333333333,4.472072891037677,0.5431260648631964,41.29694333617184,4.721103545489252,1,FRIENDS,CHANDLER,-0.26603965008356667,-0.3357732051591791,0.09057885774031589,-1.2865601810562557,0.7207752592731261,-0.4071026240944344,1.020520530972689,1.0565484644323053,0.49768148183475025,1.5509492800192644
2_71,0.607375,0.394,0.530125,163.6492861062797,82.68980623174217,482.898385778125,0.028852621529276,0.1532294169340965,3.827321543217511,0.3627450980392157,5.682111013760759,9.107306414928075,12.950075941432928,19.58326750400224,0.1371475827219914,0.0633494470776525,0.3700521833502227,0.3311175272688183,0.4380573856559814,0.0389346560814043,0.0991367637741362,11.357233694480652,3.084574550327269,-1.7387469784437375,7.503420675585534,5.467855252318681,6.295541710252121,0.6493841158583724,0.9182958340544896,91.81535318089938,0.2493333333333333,0.3133333333333333,5.36742225637486,0.5187303598146976,41.46890395488298,4.7130935152529,1,FRIENDS,JOEY,-0.12572682040968938,-0.4232853975646008,0.10555354365271157,-0.45465731138368193,-0.10142134514444699,0.1558438334803611,0.3289304909739925,0.3218640524201538,0.050290289827649534,0.4629479985739913
2_20,0.74,0.352,0.71,229.3911068416767,141.0637673982588,521.3020113257572,0.0366136013509529,0.1992687504810116,0.5534997551538589,0.262015503875969,6.476133200934253,8.841867926299038,40.20639446668347,33.581592873366205,0.1590936865817131,0.0555740087437887,0.4665718341676009,0.5453773812539469,0.2607982729607583,-0.0788055470863459,0.0490131590134814,6.16344977816707,1.541936476412917,0.4880067136884371,6.493801996831738,,,,,55.32581453634084,0.193,0.195,2.751244646201121,0.752655634192908,35.463914842479824,5.961422619455512,0,FRIENDS,CHANDLER,0.8222760149475768,-1.56948679925773,0.04706421089981739,-0.8562655932945799,0.8667813155514957,1.9079994624280134,1.6785416082421567,2.436268114809226,1.860935251528196,3.495137231671537
2_602,0.48,0.275,0.42,277.64039365534865,81.23068685905484,271.3000224822259,0.0245204735582758,0.1983200296182421,6.856584600350353,0.5656565656565656,5.859167404782993,5.927590322188224,3.212455575839935,3.221769614740552,0.1331736723134663,0.0646416144045929,0.601908566876545,0.6456961044415566,0.1947723467829049,-0.0437875375650115,0.1558413756092384,37.32480426256413,5.859167404782993,27.37892250161685,18.68571557597481,,,,,131.0344827586207,0.22,0.22,5.149358192960163,0.334322748787333,49.321005215742055,5.086507982193767,0,FRIENDS,CHANDLER,0.052353505503952874,-0.43718340489260826,-0.7803319949338464,-1.5925474434645581,-1.0312974160673176,-0.9168796613791811,1.644900948968511,0.5941140111747094,0.13654766644533467,1.7542279941339656
2_172,0.5685,0.345,0.4325,312.1349584843544,105.40402590616696,515.4235005241908,0.0189886807754112,0.124641185841609,9.403404193998243,0.5652173913043478,6.25,7.267883064582112,13.545209724255924,15.228145465179962,0.1246370917278021,0.1723617338294722,0.5429311299347919,0.4995960460571575,0.2164373449360872,0.0433350838776343,0.1208689750568321,21.619353255484885,3.515625,2.923616503903335,29.652823132972657,,,,,84.40378736728482,0.046,0.0733333333333333,3.8706828630722847,0.4153025807647474,37.99897358255851,7.837189242982951,1,FRIENDS,CHANDLER,0.6210146849056011,0.8017803688916363,-0.6424804846982637,-0.9232003069463961,-0.3852206170355291,-0.795117630180595,1.5442149918519972,1.1870009859271655,0.15263714548233132,1.95368098210366
2_86,0.958,0.665,0.81,130.26953356833573,97.73189264117848,518.6826691764493,0.0382812608644594,0.2326594133870575,3.483151248452155,0.5285714285714286,4.581708330669394,5.891613007323889,2.606693277011279,5.545197688128649,0.2644605698994047,0.29886828708742,0.7138689490778861,0.684920722946071,0.2668078722188798,0.0289482261318151,0.1687048580273993,15.06500795597113,4.581708330669394,-4.562231676325975,-27.073515230137247,7.28026071954705,7.28026071954705,1.0573173070775526,1.0,61.85185185185185,0.1377777777777777,0.1,6.610712179187188,0.3445603709647966,48.48749057484002,9.657209142562357,0,FRIENDS,CHANDLER,-0.727239696432438,-1.6755732692155028,-0.5340287990832673,2.1366723171366333,2.458247328985731,2.882095712016702,2.863912013569071,4.133820598201234,3.4161245110999694,6.07950420963059
2_154,0.572,0.413,0.4267499999999999,389.5872336427256,106.80596226871718,515.2256308446342,0.0268750867625848,0.1072014668271928,9.839234647657582,0.5902439024390244,6.0405663065155935,10.015833705281796,4.632849507468583,7.137766548007626,0.1013910453366232,0.1047260468827278,0.2816900530995007,0.322346501706633,0.0361813613493316,-0.0406564486071322,0.1092200817107965,19.457669108209213,7.248679567818712,0.3059700638179575,12.07860252511803,8.775432041917103,0.0,0.4832453045212475,-0.0,68.83133960057036,0.1166666666666666,0.12,4.966632440890071,0.7136702880795546,38.19323910783556,4.598893905159233,0,FRIENDS,PHOEBE,1.1121040507663582,0.7219012713116697,-0.7782158559243678,-0.27297737432875246,-0.3596695571868147,-0.8511281645319454,1.3850814250951107,1.0815708284984844,0.07291230860757758,1.758852528198111
2_557,0.758,0.518,0.886,198.4689626771199,72.04322083379394,290.36348581280123,0.0434900113799231,0.1859679690934444,5.06254017303757,0.3289473684210526,3.5807080220850924,8.899522831739496,0.9401553093264065,1.2253388151750686,0.1450846408347201,0.0582272663893374,0.2879631737266421,0.3521493271470099,0.0389544693565809,-0.0641861534203678,0.0617037026189738,12.434383355528029,1.9531134665918688,3.305284825259623,12.700784029179966,,,,,98.81261595547308,0.355,0.6599999999999999,7.096941592197385,1.28507655880834,52.366740916579225,3.0322364009207474,0,FRIENDS,ROSS,-0.7047990540429456,-1.2355790678537772,-0.8934551214589149,0.7310433304484917,0.9981867662020291,3.622408861704104,1.4358423844914374,2.233765834055806,4.515863983163019,5.2387384615884445
2_163,0.413,0.5633333333333334,0.4653333333333333,226.7207809894571,55.28181392255073,220.36219173148368,0.0362247086075948,0.1948652373068237,1.6469381812326789,0.1754966887417218,5.572486174704168,9.719111554838706,9.925741986131078,25.75173889559708,0.1376632410701835,0.0564205686584523,0.4016082399144085,0.3847869411920043,0.1354570922957192,0.0168212987224042,0.2599701542483794,4.8424344355942415,0.9833799131830884,4.660236847268558,10.890536763890262,,,,,97.96825396825396,0.5366666666666666,0.6039999999999999,5.006365749714307,0.4793038206206413,38.32919762470544,2.362108289455693,1,FRIENDS,RACHEL,-0.09937612188261498,-1.367553248926342,-0.17779012927104473,1.1645252855269208,-1.5204177045998581,-0.4752893615656426,1.2639014074095358,0.15286445567351614,0.29749923229459785,1.3074096919772473
2_87,0.493,0.412,0.427,214.4730042264915,67.09245102993688,267.8890669528157,0.0302980935642115,0.1347366498051937,9.028795398493292,0.3535353535353535,3.6568818128364016,13.67467252685582,2.88170740775082,4.29524541732774,0.1107085901890333,0.0743187428453609,0.6654670750720574,0.4435672050131808,0.1645770046691583,0.2218998700588765,0.0734002673575401,13.94444921476369,3.6568818128364016,7.673674243845726,15.256324860339948,,,,,118.29004329004329,0.515,0.51,5.4423640652331065,1.1727413852487951,72.3918691732071,4.865530643909602,0,FRIENDS,ROSS,-0.23361861887165003,0.21476066119149725,-0.36885641592664015,-0.28253947627901194,-0.936393479486377,-0.8486929239079729,0.048920857407361906,1.1511541406778742,0.47983650798133276,1.2481154515031878
2_536,0.837,0.365,0.455,128.1184824474332,17.56615683130814,55.16453536103272,0.0262880322199724,0.1427311443065953,8.060942361006036,0.7014925373134329,4.261144035042515,11.52425431538916,2.2962843561440134,2.532730415293921,0.132104251453959,0.0534938229803862,0.4327549935357843,0.3899311557708985,0.1353881047219573,0.0428238377648858,0.2022563759206257,17.1344137637974,8.52228807008503,-4.951071227187855,-2.9559648302108137,,,,,13.333333333333323,0.0466666666666666,,8.085368729472588,0.3023255813953489,60.465116279069775,4.689640715077704,0,FRIENDS,CHANDLER,-1.0025664851818037,0.20127621200999168,0.03370568272206276,-0.7319582679412067,1.5749106885015913,-0.5759459740231401,0.270608217240597,1.3736344764915995,0.6096516567452028,1.527015266726779
2_588,0.833,0.346,0.594,201.04909324004944,42.17545446716652,158.13434431371095,0.0218598310305129,0.1277813705421999,8.823645678288333,0.475,4.52299257822698,17.272093828044163,3.209661796515468,3.798673741761224,0.1114462503024957,0.0681498365888985,0.5263977374729323,0.4792846803945206,0.1510994713038748,0.0471130570784116,0.2184131623878533,12.080529122748484,3.70063029127662,-3.46323461544686,-8.573518543982605,0.8340001146607179,0.0,0.82236228695036,-0.0,98.17894817894818,0.1742857142857143,0.2866666666666667,9.882791914186289,0.305058401286972,33.23302231839123,3.995551969715727,0,FRIENDS,JOEY,0.07562426876343986,0.6105833176985954,0.46158962289941236,-0.9136382049961367,1.5457094772459172,0.7780478129051356,0.9892624737595765,0.9351261595473218,0.31645819000572323,1.3975861198081276
2_448,0.6193333333333334,0.6006666666666667,0.5506666666666667,373.1038843906084,98.17692355154,449.0272787492301,0.0316202773257313,0.186098867547461,3.6297788925024776,0.4462809917355372,6.521739130434783,9.382873112568229,47.63556097986027,50.4651509648313,0.134846367408297,0.0905441741954003,0.7267656058619849,0.4224148485397471,0.3747162805875646,0.3043507573222377,0.1657585719554428,18.60528728516044,5.298913043478262,-1.9293853304536888,-1.006580661956504,3.6405015695942784,0.0,0.8152173913043479,-0.0,70.60041407867494,0.0685714285714285,0.0685714285714285,6.662617593390388,0.6002273435248543,42.36942255899869,6.355454897858706,0,FRIENDS,MONICA,1.0566923111876125,-0.9482972402779971,-0.5889487434377827,1.521510425003274,-0.01412189066133759,0.3559394380833719,0.4648181138156615,0.9341753496166595,0.9448881815211546,1.4076765034413665
2_79,0.5,0.436,0.4486666666666667,198.27465783267817,26.64157638578835,175.52394537625776,0.0222491521966451,0.1428646051161312,8.147279003196493,0.4820936639118457,5.178039525887108,12.118349823553196,0.963026814575308,1.3269245758762909,0.1247929702756553,0.07641371331374,0.3495788916030807,0.4745795036800639,0.127321402815846,-0.1250006120769832,0.2871688028613298,18.74922374573807,6.268153110284394,0.3750299207534274,-11.184195708324497,1.0663333717007326,1.1605622659219896,1.3626419804966072,1.0,93.96637922800714,0.1755555555555555,0.54,5.107917906271135,0.4108340821977457,47.56815257016719,3.085221240628393,0,FRIENDS,RACHEL,-0.34646447000553665,0.3726428273419212,0.10352690038282801,-0.05304902947278459,-0.8852913597889472,-0.63763873649709,0.29341544053275204,1.2579341871308685,0.741165636879918,1.4892338772628166
2_191,0.573,0.453,0.415,209.4506604841672,121.76380546211573,485.5419408763359,0.0196185818950418,0.1719440710350722,3.5627687238777503,0.2538699690402476,4.59553715333741,10.102709648892212,11.208076193067532,22.93050672147195,0.1314560649950232,0.0593380325039638,0.6164403669317344,0.6917904669964942,0.0472983769840402,-0.0753501000647597,0.1923890054422408,4.515803246063336,0.919107430667482,4.016674408386883,20.830688185136307,11.943313711098362,0.0,0.6127382871116546,-0.0,70.59523809523809,0.235,0.25,5.443053936688983,0.7168091815150608,67.35650004269687,7.421329770205284,0,FRIENDS,JOEY,0.15971816619191503,-0.2736865141451294,-0.4170511985228063,0.10950670368162646,-0.3523692543728962,-0.9655844738586156,0.050211462510288574,0.07868274022776678,0.5485332753358092,0.5564179353038532
2_99,0.5575,0.4425,0.53825,400.67950803669584,108.83434436521416,469.9928362717801,0.0231489808796245,0.1287512185536709,6.623267553529447,0.5460122699386503,6.009484356262946,8.282249261006779,9.844553501569475,21.81978525977416,0.1265053082948559,0.0733775669556961,0.3243603269010114,0.4879142959909496,0.159111456835146,-0.1635539690899382,0.072358270650888,33.96616143860023,4.807587485010357,-7.626986911831327,-22.802298178178457,,,,,106.15384615384612,0.045,0.0266666666666666,6.1844701120155925,0.5033763553267483,55.82096504436321,3.8013677537998873,0,FRIENDS,RACHEL,1.0054272593208715,0.3345272074131941,-1.0544873690472036,0.009104633203901993,-0.46552394798863284,0.23498915375944243,0.9963226261169695,0.8000511554018269,1.289476522806646,1.8153485421378264
2_208,0.6053333333333334,0.3349999999999999,0.3619999999999999,108.99469607931832,17.068709315601687,61.71110600302394,0.0247890882362679,0.1273669408150927,5.024689114634043,0.448051948051948,7.601264004596381,5.592791798673973,22.758908590888165,21.968693556308896,0.1617825600909367,0.0647304968304029,0.5797554062605836,0.4820593125270143,0.0412744171706498,0.0976960937335693,0.1186262968378925,12.416289403677784,3.167193335248492,-3.533627186738328,-5.157216938342714,,,,,60.95238095238095,0.14,0.14,5.58899255554909,0.3708567026191531,36.97487359600221,2.030082747707843,0,FRIENDS,JOEY,-0.6612843280653222,0.11810891997926032,0.6856603012689998,-1.0188213264489914,-0.11632613005619685,-1.481855486140621,0.35753699838366915,0.23443505003545717,2.167515787409621,2.2092797891096274
2_119,0.67,0.548,0.536,153.4087819046794,23.467712716095644,100.62998613573036,0.0217795383633196,0.137470663602285,8.270917853621656,0.732484076433121,6.875,6.305168735169491,5.111873120861846,4.139394537654926,0.1124419612639642,0.0627286120281137,0.4274911054689053,0.3789299644863595,0.2277437593371384,0.0485611409825457,0.1058619426861817,21.8325543845992,5.625,1.3840804849370072,-3.7952777339708064,,,,,123.2305854241338,0.06,0.02,3.149436673085438,0.3809576785134039,41.09537456251197,3.313520411379924,0,FRIENDS,ROSS,-0.5829705709233528,0.45595918229084387,0.27301910915018074,1.0179063889562758,0.3557601185772002,0.2130719881436972,1.6008769598796286,0.10019906371364368,0.05994712100648353,1.605129449720333
2_406,0.3854999999999999,0.536,0.5660000000000001,161.32864241533358,34.785219506569526,167.55759524229106,0.0159128521432913,0.1120738183734812,11.719646839604152,0.5210727969348659,4.536259214812275,14.53907338746655,5.159001085779474,4.5063659606605055,0.0963728062910816,0.0517940700621857,0.211186512579335,0.2805889155791854,0.1605672629122938,-0.0694024029998504,0.2513144459998772,12.723722765045634,5.292302417280988,-0.2682669016810123,6.070554454033655,2.245448998019693,0.0,0.7560432024687125,-0.0,80.6837606837607,0.22,0.28,5.4848220221439785,0.9840906174912672,53.94339405772776,3.544259236102296,1,FRIENDS,ROSS,-0.3797847809168483,1.287339970461812,0.33579222137085907,0.9031611655531623,-1.7211760319826177,0.5053008630203039,1.2829459464700106,3.0085160024444297,0.1695086416494448,3.275034659071852
2_423,0.7153333333333333,0.43,0.525,292.92492003908325,70.78000334740574,400.0312918211576,0.0243417109878718,0.1311842544599153,5.956357660725726,0.5,6.57889829560288,8.846261859739021,7.77664078118368,10.452963176472467,0.117740131336703,0.0785858408074298,0.2165043533602887,0.3221173778492391,0.103834826330233,-0.1056130244889503,0.1061046595667217,20.11073673027322,6.167717152127699,0.1809208919226548,7.617769154624447,,,,,102.85171618504954,0.0933333333333333,0.0533333333333333,5.206932222020113,0.4051797520704721,34.8510402533545,1.681160822251448,1,FRIENDS,MONICA,0.4897142544082321,0.200491547325105,-0.23097047070226942,-0.11042164117434143,0.6867071794748386,0.10592140068894147,0.6001358955825735,0.4862156321497336,0.3368918713912109,0.8426534679943677
2_55,0.937,0.4945,0.686,177.4202909124549,9.853445265449793,43.38032524430864,0.027408895445208,0.1618909541073402,5.681238626600913,0.4466019417475728,7.174620390455532,7.325512830606441,4.029019301574188,3.899392162650655,0.1075247618728304,0.0686188304388193,0.3010624116451859,0.3077571514379204,0.0378234737236116,-0.0066947397927345,0.3923222474011817,7.713056233560905,4.783080260303688,-1.0315634967988652,-3.8838120652723553,,,,,62.82772782772783,0.0323076923076923,0.0099999999999999,2.0493259409312,0.422709846799256,43.71336098108163,0.8635650644740518,0,FRIENDS,PERSON,-0.4314720002043698,-0.27386742331555053,0.39000089045671893,0.5063339346173941,2.304940969893443,1.6742163625267292,0.9378059348217639,2.578808393208994,1.2842154720700103,3.0296768934947624
2_77,0.5912857142857142,0.5017142857142857,0.4587142857142857,283.18293509529843,69.15979744515323,464.8389597357561,0.0215634100307142,0.1334267884063314,7.903881505154078,0.5823223570190641,5.687031551633853,10.67091202004168,9.414913035800822,16.310668372516446,0.1031844405148479,0.0677695077148607,0.6116665182533368,0.421776891854947,0.1965702834926878,0.1898896263983898,0.0179658685980974,22.94981311207897,5.687031551633853,-0.1903075926644901,15.4683351065604,4.662540773069689,5.008366145567875,0.6893371577738004,0.9182958340544896,79.73016437423219,0.14,0.2514285714285714,3.7599293689498254,0.6945945127499603,49.08001252059008,3.5937114397586254,0,FRIENDS,MONICA,0.34969939728005073,0.4685416596513064,-0.301774845525221,0.5753176701156941,-0.21887800291838658,-0.5397652561812749,0.2256182728356434,0.687419662569693,0.23799041065605392,0.7616356301336005
2_147,0.5017142857142857,0.5425714285714286,0.483,247.47032403432075,48.44631774702931,305.21861167814126,0.0153971920998707,0.1249707136502649,9.042594853332352,0.7370753323485968,6.906329552573005,6.704231459697702,4.6271248876960165,8.220842093228777,0.0956562520941623,0.0616449064087439,0.2662448073284976,0.3439055844891555,0.0430331482911934,-0.0776607771606579,0.0297259897101228,22.250249831553905,7.053272734542643,-0.3983047826060266,-19.769702637631788,3.3522333982637647,3.727235931438023,1.1755454557571072,0.9852281360342516,82.30018029625744,0.1042857142857142,0.235,3.683635910152292,0.4248426649005603,37.02562106014076,2.224568173384152,0,FRIENDS,MONICA,0.028230418483275233,0.9204487404628192,-0.1372739455190486,0.96599783551201,-0.8727765549650873,-0.3031990241383078,0.9377674170287348,1.7932252954279067,0.1659250786192592,2.0304176467707467
2_444,0.7073333333333333,0.4333333333333333,0.5856666666666667,346.92805255880097,57.88958108604546,248.46159653306623,0.025850032416571,0.1116298202142191,9.799259719595948,0.7792207792207793,8.522727272727273,4.195959460894111,2.708365891540262,7.280983832794292,0.0758483101435786,0.0601144169973151,0.2854863278366685,0.3339708719496507,0.2060948610887074,-0.0484845441129822,0.0560590965734758,29.814023713942635,8.096590909090908,-1.0861152066395896,-1.0769317110754582,,,,,82.19766712004862,0.0574999999999999,0.04,3.834822418178736,0.3050139126000011,31.384889170484275,3.234884279180823,0,FRIENDS,RACHEL,0.7165640312083554,0.7144098406188063,-0.3216935496440699,-0.0785479680068102,0.6283047569634905,0.6968731254394118,0.7951119992151656,0.08610508365531577,1.0185666750834816,1.2950271226186134
2_299,0.6998000000000001,0.4726,0.4034,166.48475006914092,68.78563031754368,421.8925227339491,0.028807189895385,0.1420806576790658,6.304659136732067,0.4882154882154882,5.98398842100502,7.822248044166235,4.404340908531767,4.5403804938288905,0.1279177259524885,0.0683517599734019,0.3892823030308682,0.4580342680553809,0.3774147062120345,-0.0687519650245126,0.0490315314064222,21.61740199467349,3.6568818128364016,-2.467192531957205,-2.7607298471544084,,,,,80.41900860082679,0.0816666666666666,0.1,5.419382028756566,0.5050817319403845,50.008785933018665,2.419683812540536,0,FRIENDS,CHANDLER,-0.2639051349705134,-0.0600845752729588,0.05137001628474817,0.29692390190671203,0.5733091424319722,-1.0785796388109032,0.5608290368772254,0.633393717704931,1.1299496550956514,1.4115604957930397
2_313,0.5223333333333333,0.4243333333333334,0.4896666666666667,132.40516625148965,72.3540411239135,390.3415055350566,0.0241084341509965,0.091446728543145,5.572078534346391,0.3659420289855072,5.009493208704543,9.565122794184855,6.768110037634637,7.320219008595936,0.1312150528613849,0.0637661515756988,0.2515547412400998,0.3487452221360327,0.2007312638654983,-0.0971904808959329,0.2524405915693256,10.435971914183169,2.504746604352272,-2.731952765244535,-2.681540965750024,,,,,98.81997950963468,0.1857142857142857,0.265,3.1404664269532248,0.8817600116723538,40.48643596087734,1.1693928497716877,1,FRIENDS,JOEY,-0.48183522561915926,0.6014709304595586,0.060949151043703985,-0.1646068855591444,-0.722251263611434,-0.23825927416572817,0.3172283400600149,1.3237221940709927,0.29920842520943214,1.3937000927493919
2_125,0.6549999999999999,0.4393333333333333,0.658,124.02096076487295,46.27517385392421,335.34906914745125,0.0199621257135674,0.1434935376678967,8.303695967264712,0.5766233766233766,5.923749897795895,9.628775963561084,38.09032395980547,71.11404132189445,0.1486655740973007,0.0635989492015006,0.3133248424612409,0.3573799060624336,0.0306598486743979,-0.0440550636011927,0.3574166871180146,10.771119200243405,6.953967271325617,0.0737168558250682,-0.7602641977031972,0.9513975172288822,1.0387756401190529,2.0604347470594417,0.863120568566631,61.488328664799255,0.1272727272727273,0.096,5.702969906943196,0.4496795526711351,37.44960357448932,3.730488348965202,0,FRIENDS,ROSS,-0.46936388048501243,0.4276606563477031,0.4585381937014981,-0.02117535630525336,0.24625557636842157,1.4014694126418963,0.4481885241797591,0.18140507997928154,0.9429312189403982,1.0596697787052083
2_552,0.115,0.923,0.673,363.0804087876047,96.78258578197482,343.9418544930897,0.037831183694187,0.1963108338927687,2.2798357038622843,0.5873015873015873,7.560172803949804,4.809500325522158,22.93700426038768,28.06371334593668,0.1521766384840145,0.0521079004121537,0.3204605359996441,0.3174896470867545,0.3239213693679232,0.0029708889128896,0.318842660108752,16.707141287395963,4.536103682369883,7.0643222762647575,-1.5744420947250983,,,,,76.98412698412697,0.04,,3.4742348564010044,0.2898683643294887,42.676962676962674,13.083132005179882,0,FRIENDS,ROSS,0.8901548724089499,-1.4046676401126263,-0.6948748668644426,4.603694620303576,-3.6959079431475748,1.5475838500801997,3.7135397478946257,2.2912403030349484,2.2424587169446424,4.905994362272135
2_181,0.719,0.429,0.615,182.5776650096101,38.63012537763465,111.312529862855,0.0264945898204198,0.1441599386506622,5.1808826577711535,0.4042553191489361,4.166666666666667,8.378178773660418,3.2405196466196777,5.470887634939424,0.1346505066372396,0.0662789213620003,0.6813396481947183,0.6998684635855202,0.4084847505418784,-0.0185288153908019,0.2956269620087998,14.706677388285485,2.604166666666667,-2.73545437172336,-0.1268394524205724,0.1167424353912345,0.0,1.0416666666666667,-0.0,98.1911421911422,0.235,0.5800000000000001,9.296464308936043,0.6553656477352203,65.27326251217012,3.0718174728177576,0,FRIENDS,JOEY,-0.9297587914707095,-0.09253397133591704,-0.6538087680650254,-0.1199837431246009,0.7134749564592068,0.9826080253187602,0.8097750483461086,0.8060089277951238,1.6364167933837857,1.9958070904468346
2_107,0.72,0.7795,0.637,159.26494682492785,27.370643024114266,93.86432311202756,0.0215314496949056,0.1511412388684514,6.498682099374613,0.5694444444444444,4.755376178445991,7.304555202006289,2.3276578380276898,1.9205853921015543,0.136200543991412,0.0742985246319293,0.3538527975455293,0.5825389118583799,0.1991886376285652,-0.2286861143128505,0.1452942721221921,14.777368518861866,8.152073448764558,3.7933069980344434,3.84195406110176,,,,,44.13793103448276,0.2299999999999999,0.1399999999999999,3.9683139269427454,0.4450109767897202,58.86455301868836,2.1258588154365308,0,FRIENDS,JOEY,-1.0423994782857884,0.15721466065589776,-0.442582357805351,3.2315329904413415,0.7207752592731254,1.1969092002282717,4.27393246872713,0.5635605986172276,1.6394915580336227,4.612161300780504
2_347,0.67,0.548,0.536,364.9490914615052,56.076061338741,222.28701446108207,0.0185728140680753,0.1016365635854505,13.34634346046594,0.7391304347826086,6.25,8.981056371910157,2.072633530305,4.337819548479652,0.0822841469295075,0.0998743806665784,0.3612364734302907,0.5083380024291503,0.2042944616113592,-0.1471015289988596,0.0585137278336144,28.885240182455668,9.375,-1.6134210020070667,7.567229791194975,,,,,88.35674755214986,0.125,,4.0591745889442095,0.3460974191951032,35.55560356684794,1.5231578798230956,0,FRIENDS,MONICA,0.5524682540641457,1.447555244624428,-0.7000430384651949,1.0179063889562758,0.3557601185772002,0.2130719881436972,0.46543813489213015,1.0917951260472278,0.9131150266088921,1.4974739752300554
2_495,0.927,0.25,0.375,316.43557481186474,136.32285797533075,507.9492945408915,0.0252734386053829,0.0870618014134347,3.1023442381920394,0.1773584905660377,5.020077464007126,11.13304290974945,13.862792140538614,25.65859270155946,0.1253419356073623,0.1244129128386237,0.3740820788756936,0.2423079111864185,0.0,0.131774167689275,0.0771095196966251,5.217895890151934,1.2550193660017814,-0.3171112068464963,1.7796752906537403,,,,,90.60783435591316,0.4715789473684211,0.5173333333333333,3.0318886363298567,1.6016921946740377,45.79206807661663,3.734881460326145,0,FRIENDS,RACHEL,0.8996751440604571,0.36214601367057175,-0.6661980759452709,-1.831599992221045,2.231937941754258,-1.3552229736940904,2.731275136281502,1.869791928083686,0.6890248977488195,3.3809378926733067
2_525,0.5795,0.41,0.533,247.29280126666268,32.733337266255646,106.47188455244438,0.0233706096960119,0.1506394651407849,6.035276717638218,0.7090909090909091,6.526828480706097,5.230663013769122,9.649409808799543,9.568260699072102,0.1239527188296888,0.0905540621863331,0.6208195418722788,0.652424176397559,0.2897957632169124,-0.0316046345252801,0.3199965480336952,8.017189801168309,2.373392174802217,-3.910218388101876,-1.0064429391781875,,,,,104.82982982982982,0.095,0.0199999999999999,3.7250038340296254,0.5815406506873799,44.49906701272822,1.059612972788586,0,FRIENDS,RACHEL,-0.3482606554452841,0.03612519958681368,-0.458469279466305,-0.3016636801795309,-0.3049172860824254,0.18384910065603657,0.04659697526575324,0.3410424856692391,0.6423183801223415,0.7287346269928164
2_186,0.7505,0.4485,0.6,154.4785620277632,26.58762323740724,124.5570391742131,0.0138604900735841,0.1072441409781569,6.7315947094797455,0.5436893203883495,6.2180043383947945,5.611049019882108,6.91627770848088,5.969395551358921,0.1047708024275335,0.0413682189545252,0.4580779283794561,0.5245807800852734,0.27006573887713,-0.0665028517058172,0.1423764237900937,12.48414964736826,3.348156182212582,-4.786638266856272,-2.492645536572198,,,,,86.03795066413662,0.0639999999999999,0.06,3.5104279027831384,0.5087498343601982,45.89511768619607,2.208888310001225,1,FRIENDS,CHANDLER,-0.8026094016762397,0.9540111197454355,-0.06607586799425864,0.06647724490545884,0.9434344950976398,0.8364935878804569,0.8690866465816985,0.01057662464779574,0.9025694558747156,1.2530183905009307
2_506,0.4095,0.5700000000000001,0.5627500000000001,359.9585472853525,121.22513546206424,515.43496266115,0.0269724339733072,0.1460117729009011,7.007898333909512,0.6013179571663921,6.3920169472627935,6.613457062636692,7.968883119191769,11.736368493214348,0.1070656790831255,0.0711165277603546,0.3487238460132669,0.4986101045918244,0.0274617518190544,-0.1498862585785574,0.032446671545994,27.017666176415585,6.064221206377522,-1.763562162292175,-6.305637729523073,3.0459485678929106,3.534170029841393,0.6555914817705429,0.9182958340544896,94.1213744832166,0.0824,0.0966666666666666,4.554599927929165,0.4649850204386107,36.15266848368949,6.5095210563799775,0,FRIENDS,RACHEL,0.9169216032645906,0.033188803336022796,-0.9064393958185942,1.2282726318619843,-1.545968764448573,0.4736427349086717,0.3113510285973937,1.5791575677845957,1.380082130727266,2.120213379462719
2_486,0.6676,0.4866,0.4736000000000001,298.5661551845495,121.18292803166077,517.2491837198288,0.0222764084772309,0.1395115730533394,8.05865029625117,0.5519125683060109,5.960924059965594,9.011796580203685,4.643851875697476,6.638289122491575,0.0991423664875121,0.0760949614050426,0.160749052733188,0.3787482827235208,0.3380617018914066,-0.2179992299903327,0.0459131356199181,26.7571605852508,4.877119685426395,7.186942618480728,10.318862223886612,0.5886659958410707,0.0,0.5419021872695994,-0.0,107.28291316526612,0.12,0.12,4.4322418141446,0.4861841215013092,50.59539587303018,3.60536731044393,0,FRIENDS,RACHEL,0.7801001387037045,0.3947467442919081,-0.4744424389119882,0.43079332921034413,0.33823939182379525,-0.39476407159964355,0.3493068094933604,0.05650735246811284,0.07967836731234462,0.36270783043511373
2_149,0.958,0.353,0.526,178.21639903409823,40.83521732431873,154.4970207283828,0.0414479733069631,0.1692558207401257,6.675848408687887,0.4125,7.211381227515535,7.517929713391122,0.1287904113894841,0.2050272961505862,0.1295530738634894,0.0568836022909884,0.7164591003050785,0.7028347013132905,0.2482817665807104,0.013624398991788,0.2128430647964381,23.55009374594566,1.2018968712525893,-4.740266916710636,-5.017530952587936,,,,,77.97619047619048,0.055,0.02,5.874035250486739,0.3374408042453786,49.04043513957307,2.9938739849846008,0,FRIENDS,MONICA,-0.13586515866103344,-0.8221891581369578,0.42320767115003455,-0.8467034913443203,2.458247328985731,0.11566236318482835,0.7108383326832869,3.2804364871226888,0.3075453079652062,3.3706288430661147
2_150,0.72125,0.35175,0.3722499999999999,215.07394064937463,59.19166599762372,260.9463500421525,0.0282131396942169,0.1650907714920328,4.531587618216372,0.3641231593038821,5.060363205923385,14.7742257763401,14.365778501791624,15.178504184664536,0.1359522857385635,0.0704190491711292,0.3925050540684431,0.4420472445740929,0.098746202801495,-0.0495421905056498,0.0468526881289645,14.5362711090957,3.462353772473895,-0.1016462474164955,2.3346832757301144,1.4580719461591496,1.5596810501896912,0.53266981114983,0.9182958340544896,104.03922101290524,0.463076923076923,0.8433333333333333,6.780075753572365,0.852560160654776,39.41080103839189,4.216490009956842,0,FRIENDS,PERSON,0.2011906361329675,-0.4606301100730059,0.2948930772538875,-0.8586561187821444,0.7299006377905233,-1.3820106205577802,1.059846754915112,1.1905307478635292,1.6769036978116678,2.313578314483223
2_12,0.664,0.295,0.6105,208.00526134379777,43.4055112548318,178.55904100948453,0.0175152643703392,0.1503964179509874,4.6220431664656845,0.3984575835475578,6.368856436444301,5.272199283645873,35.48666299650451,65.1586922070283,0.1623465034518924,0.1442737094407087,0.3096401047833458,0.2696166488164541,0.2942319461964391,0.0400234559668917,0.0792028351928119,8.420591437627444,1.5285255447466322,1.3413328160941302,9.783031767896162,0.6113285837444575,0.0,0.509508514915544,-0.0,63.46018477743045,0.1327272727272727,0.2,4.503363916397341,0.5722751905778565,43.38451536560202,2.658512982704586,0,FRIENDS,PERSON,-0.44574449270769795,0.1117471001121089,-0.31714675919560437,-1.4013054044593694,0.31195830169368904,0.9387736940872697,0.9555609117516715,0.20021120158158015,1.255920453282874,1.5907599964421677
2_611,0.551,0.35,0.457,245.20928396367896,26.823370635279232,108.12833664481349,0.0101870372499981,0.1095308747731283,6.11395007313053,0.7425742574257426,7.652928416485901,2.54552891736177,59.86126513003138,80.91507143873613,0.0953961767096568,0.0478471848434152,0.3324571578192515,0.4368366406652521,0.1014040253126787,-0.1043794828460005,0.2259234105345401,14.430533045056842,2.8698481561822127,-3.552265102312389,-6.374119845242461,,,,,136.8421052631579,0.22,,2.454100001339092,0.3113758147605734,30.760192400549297,2.83462907524165,1,FRIENDS,RACHEL,-0.3278653227080485,0.9556822185704423,-0.3431075658871245,-0.8753897971950988,-0.5129759162791028,-0.5564640490313663,0.5475244744870502,1.468658134849545,0.21335648314424177,1.5818535823905273
2_429,0.84,0.711,0.727,387.4474875269155,123.54175238470916,405.4502822583905,0.0204572938846103,0.1763694963345539,0.4447111962616449,0.2227272727272727,7.211479497976371,3.651154176762024,5.995960260311668,7.590807450103293,0.1477599024724147,0.0700250891469079,0.5148608967370112,0.4908037096265703,0.0504433272305318,0.0240571871104409,0.0997051177031391,8.236016010571904,1.5775111401823312,-3.9269924101208575,-22.10035570831931,,,,,100.45140480434598,0.2527272727272727,0.3233333333333333,3.310821102342966,0.3264109034329813,29.924215493661883,8.768331780889431,1,FRIENDS,PHOEBE,1.005915992946631,-0.6399004817255504,-1.089072061171781,2.576529006848568,1.5968115969433467,2.0735958248580904,1.5706130139019367,2.236712078668897,3.1626678860298716,4.179973004652796
2_127,0.6685000000000001,0.2605,0.366,221.5677495750356,169.7908460921967,501.6751076920816,0.0309009590110596,0.1528414592361605,3.136423384649077,0.3539156626506024,5.541104077807058,11.113648182882809,6.608096347641577,9.155990204253127,0.1493803766615196,0.0814761329216033,0.3706123083733606,0.3300428200793902,0.1921537845661046,0.0405694882939704,0.0631982666933058,9.4396429229479,2.6956722540682985,-1.668739866230177,-8.507559004275514,,,,,112.46567034498064,0.21125,0.3,4.043026502090346,0.8670831131502792,52.35538025087803,5.344004154717998,0,FRIENDS,JOEY,0.9768687853052913,-0.5586534011432122,0.004137450798303892,-1.7311979217433207,0.3448096643563228,-1.4428916361570725,2.708066707048612,0.903463065499535,1.4470290869553764,3.2005880676903486
2_36,0.5486153846153845,0.5886153846153845,0.496,218.79396402962496,61.459341298231806,331.7505964475116,0.0260545629163483,0.150303535959849,8.759080409127268,0.7001338688085676,6.791540092160332,10.635351894905932,2.308127222286528,3.0038384687276207,0.1095952079204582,0.070102046545626,0.2448092653734413,0.3342282549371602,0.2027002186500466,-0.0894189895637189,0.037942048464617,30.956006853590065,7.590544808885077,0.2912028718392994,16.83122278303075,8.14166115297721,0.0,0.266334905574915,-0.0,75.74306235137165,0.1614285714285714,0.168,4.533787021791718,0.5761352905831167,46.539248351117664,3.1334446563597727,0,FRIENDS,ROSS,0.3545260365800784,0.19467471621212987,0.43630323332056403,1.4062748373975822,-0.530384330681525,-0.17656651169177826,1.0517488008175038,0.7250590468936549,0.6128697450123423,1.4168611385223626
2_173,0.6146666666666667,0.5343333333333332,0.6803333333333333,166.11637149161078,26.561411832967813,118.16428563821428,0.0142559988027691,0.1092933688976569,11.0761826729468,0.6007905138339921,5.46875,8.655320901101195,1.3934756424783674,2.0664514455846072,0.109426854656631,0.0547602077404233,0.449976404290015,0.3483290350053111,0.1026578866243732,0.1016473692847039,0.1311912213667226,18.09172367776382,5.859375,-2.7284237609419137,-9.910729021447503,6.743016056196172,0.0,0.78125,-0.0,109.30060483251974,0.1166666666666667,0.05,6.072135010955734,0.5612255303088314,61.1902490307907,1.7320327552979742,0,FRIENDS,ROSS,-0.6978493097470224,1.3285615986927937,-0.04247915493548504,0.8872243289693951,-0.04818997045962428,1.6190175750500364,1.5850736387164175,1.376751569152418,1.6614967299855214,2.6774007371086475
2_295,0.677,0.69,0.892,180.9085031702664,42.35629512250212,190.00915768931907,0.0202257562387299,0.1055709844516333,8.229231562548438,0.7512953367875648,7.6426277237331615,6.674670764757464,7.581403438266576,6.295466931177149,0.1195677928996895,0.0806032648479415,0.290452987870943,0.3545464351242592,0.0596314242343987,-0.0640934472533162,0.0893637842999506,28.874944462081167,6.623610693902073,-2.606041410535173,-10.905153059260492,,,,,79.3272864701436,0.0733333333333333,0.0199999999999999,4.574242791631548,0.2566203832686793,30.95585339198903,3.8643973273695154,0,FRIENDS,PERSON,-0.06590219048308138,0.8539619870528485,0.4722400858079694,2.375724865893119,0.4068622382746298,3.6808546366794257,2.4416270563762,0.44709974877821873,3.2086145508714563,4.056679455398207
2_38,0.727,0.649,0.605,269.3611427133702,48.15641891059342,165.70502510055,0.0202887944628703,0.1227605802582735,6.939205472590062,0.8058252427184466,7.174620390455532,3.390520503923648,5.542880554008865,5.712261628499261,0.099255931496587,0.0681573663442219,0.2223339901708185,0.267203539959041,0.0934311989796449,-0.0448695497882224,0.1233732692006277,23.01479844459496,3.826464208242952,-0.9555721226564956,3.908894733569598,,,,,49.3879142300195,0.025,0.02,2.3100112152809227,0.3876134449501447,39.87035012309737,3.6373033470886007,0,FRIENDS,CHANDLER,-0.11515590521238675,0.5490375206473777,-0.544068501417143,1.9836786859324818,0.771877378970555,0.8851984003598913,2.0988345911448687,0.22283985832317732,1.4292669017770343,2.549032781264114
2_431,0.75,0.552,0.6234999999999999,160.0326581482108,110.51146514026992,447.1606782356197,0.0164443941320607,0.1520741359172154,8.256700690032082,0.7475728155339806,6.214634146341464,7.192016068495673,11.502359427009008,10.113118957858909,0.133800681042821,0.0604023621355761,0.231698507482872,0.3648609462250522,0.1017973197118575,-0.1331624387421801,0.1709973442987874,26.762806622369,9.560975609756095,9.622867464945164,10.683266244365402,,,,,89.28488236664339,0.0533333333333333,0.0399999999999999,3.6437561653644175,0.3276364138870674,23.51641480332627,3.672316561244076,0,FRIENDS,JOEY,0.07729831085370982,0.5056752206038746,0.09544996551747174,1.0561547967573137,0.9397843436906809,1.0654062065337981,0.9788564859036039,0.43410912308680627,0.9699562410163264,1.4447926703265315
2_13,0.7050000000000001,0.45,0.623,411.3339483483365,134.12784352950038,462.8448308968175,0.0260009807948513,0.1364525825617658,5.335303453684176,0.4504132231404958,6.521739130434783,11.25679145135576,20.817685806524526,27.85991570689901,0.1228164837413436,0.0841815192797598,0.3680193063080314,0.5368681386025828,0.242359683319281,-0.1688488322945513,0.0861470112831919,20.91255992582929,4.891304347826087,-10.98307904765342,-21.783932833370887,,,,,72.78195488721803,0.1066666666666666,0.128,4.477625483321699,0.4083086777566219,52.24447610992572,3.518243443707876,0,FRIENDS,RACHEL,1.6766713820498114,0.0030891578107402774,-0.5542112314895247,0.08082039783084805,0.6112707170643483,1.0605357252858554,1.5958509842189632,0.6081815592536081,1.61474695677538,2.3503261278520764
2_482,0.5495,0.574,0.4961666666666666,411.6349099662965,110.5155506838202,505.8338784604892,0.0212524629723534,0.1266764606533656,6.16847136897927,0.5246690734055355,6.233995008889396,8.756199577724246,6.927569288623968,13.001555992642205,0.1127084039543003,0.0867399088146915,0.2853567509151665,0.2578995712906299,0.1566422842268706,0.0274571796245365,0.0321634097076825,29.820730069025142,6.353879528291115,-0.1909853224941985,-11.66474668841402,,,,,78.95100905453752,0.1272,0.1983333333333333,5.211587211023902,0.5980066791532785,44.151813916913206,4.661653233519637,0,FRIENDS,PHOEBE,1.1678182444479241,0.3944466517906154,-0.9666777133773284,1.266521039663021,-0.523926370499981,-0.17494301794246447,0.09870279521509695,0.9183730222905964,0.791734695434864,1.216550483050241
2_193,0.6823333333333333,0.294,0.3136666666666666,125.70017175958117,49.076965337544415,422.7936480148235,0.0291601379828222,0.1525232225482845,6.648299003870707,0.6631578947368421,6.597222222222222,7.626453839961741,5.82443786706809,5.371278630786335,0.1429665378624779,0.0722573661161316,0.5451562742169005,0.4144080298630991,0.2940046335495374,0.1307482443538014,0.0586839370471846,20.80760412805918,7.291666666666667,-2.8632584437813104,-3.3266955315401887,,,,,61.9544533897475,0.062,0.055,3.690330158888544,0.3697110873217662,55.4106180654277,4.845622522558722,0,FRIENDS,PERSON,-0.4278980092302296,-0.1559782622586234,0.4651126240403995,-1.4108675064096288,0.4457971866155283,-1.9526686734418197,0.9829694971793992,0.6017754488741517,2.417781297482219,2.678437814418623
2_203,0.918,0.61,0.566,307.7907235581178,56.273532663724495,190.92152913746463,0.0255114654742502,0.1123008766970488,1.0346441043864074,0.2272727272727272,6.114130434782609,7.480279150717997,11.453875596368947,13.917384996434553,0.1216185250582848,0.069944768858829,0.7325385110552155,0.6168384756971315,0.2407820306374067,0.115700035358084,0.4167236343372323,8.37758344636803,2.0380434782608696,-4.566044628499247,-6.294572900349074,,,,,72.52747252747253,0.5333333333333333,0.8800000000000001,2.5391874798012366,0.5854093714926376,57.35290998231301,2.0779458384436307,0,FRIENDS,ROSS,0.16533235596056378,-0.1083661191883859,-0.6468709875119593,1.6107567098723623,2.1662352164289915,0.5053008630203027,1.4454243539117986,2.2746013356173775,1.152171850532262,2.9309661840479557
2_426,0.72325,0.4365,0.53,229.3344390660147,58.59835200627151,270.3913166875071,0.0141595872216125,0.1313255652473565,8.662730800533147,0.6504297994269341,5.984027086752562,11.07341799368019,11.391138860535394,9.02119346741326,0.0997439014999504,0.0568829196645525,0.4330520985079734,0.7356106724676634,0.3023644388355024,-0.30255857395969,0.0779384586397304,13.272128288761625,4.5592587327638565,0.8765254476470532,9.694840443019544,1.6428854017358974,3.151829224230323,1.852198860185317,0.6500224216483541,79.07403676844253,0.23,0.17,2.5027225389959264,1.1530362658587487,53.779808290109166,2.0048113814436026,0,FRIENDS,JOEY,0.1786905965396478,0.8585531785851449,0.12904281875450546,-0.04826797849765485,0.7445012434183603,0.1546262131683759,0.22695857503730266,0.11405193516678458,0.025583394413870447,0.2552891473760431
2_357,0.6143333333333333,0.4496666666666667,0.5043333333333333,243.2263989752068,84.76893645601139,371.1222767095396,0.0257937931919726,0.1595690383128725,4.460346099316594,0.3538913362701908,4.964933542606243,12.022744418578664,27.674989094793784,33.201856878535985,0.1205906848564208,0.0689463746704573,0.2624829183784681,0.312306810881116,0.2961862219926332,-0.0498238925026479,0.0638103513150666,11.396774117439865,2.7745216855740766,1.4380376674113804,-3.0585615977848235,2.05476302415836,0.0,0.2920549142709554,-0.0,80.18798630563336,0.3125,0.365,4.528388645777015,0.9360550041228048,46.88337508493088,4.123786436924603,1,FRIENDS,PHOEBE,0.24931305837882423,-0.32655824270535005,-0.21387882127365387,0.07763303051409524,-0.050623404730931,-0.09539182422605455,0.17168002786472897,0.27593483797441903,0.11848699704759932,0.3459092875956944
2_590,0.786,0.408,0.618,185.0655943618479,20.89343587980217,76.66798110539304,0.0127646049621764,0.0771802215704562,13.828563915612056,0.703030303030303,4.15343630590388,8.160693690304653,1.3405361191069936,1.9333187143075807,0.0964387928032427,0.0539935150632116,0.261986278818262,0.3609162787218352,0.1504394234147127,-0.0989299999035732,0.2425855222640759,10.391194497411025,2.966740218502772,-2.469421488983903,4.382525383045895,1.9628490652393944,1.1065276554023509,1.780044131101663,-0.0,99.67303284950344,0.056,0.0266666666666666,3.391618524858925,0.3912435995111649,32.43488227209389,1.327838320858404,0,FRIENDS,RACHEL,-1.0954235894542164,1.9903678273616556,-0.6975017732958863,-0.3207878840800498,1.2025952449917476,1.011830912806421,0.7746357053741666,0.787772582369908,1.7093326861023073,2.035304485661056
2_316,0.823,0.24,0.647,325.26770802987016,90.23224730842178,382.3496276854313,0.0257463951183658,0.134870497620343,10.810317308711133,0.3691588785046729,2.757341447656364,13.170316233444318,1.3400924882299334,2.1142593420547184,0.08863479211051,0.0654243310599509,0.4245058013629603,0.4585110087265458,0.290910072223184,-0.0340052073635854,0.0909669668403628,30.4048259747372,2.757341447656364,-2.516235233425359,-1.6013612976921436,,,,,89.60190136660725,0.36,0.48,8.834969334715831,0.769295878329361,76.87033177001909,7.778968178824153,0,FRIENDS,RACHEL,0.07720604192619773,0.5654149752271783,-1.3260390361904604,-1.9272210117236397,1.472706449106732,1.2943188251871405,2.004427053649837,0.9072914738795538,2.6203578613776006,3.4215757997830902
2_8,0.6547999999999999,0.3548,0.4384,160.60913022199102,50.30976577851823,172.83616133879318,0.029097188536955,0.134202798752513,4.6857887292741305,0.4964028776978417,7.695846685915537,5.739850414856669,24.370649463613496,32.14315654081334,0.1220159305437777,0.0602354713121181,0.5328420377812746,0.5833961091781983,0.03719040016528,-0.0505540713969236,0.1497252427819716,14.511862915650385,2.7984897039692864,-10.9850677055566,-4.631277894005766,,,,,54.47748330101272,0.088,0.1599999999999999,4.490262238186271,0.3152407513344984,35.4179271654323,3.855679445156537,0,FRIENDS,JOEY,-0.14339163926320475,-0.16281075155643956,0.4813077904581495,-0.8294917078338531,0.24479551580563805,-0.7376459514548622,0.6861000685706483,0.4076062673620776,1.2189537419130116,1.4569572396639603
2_343,0.724,0.369,0.5705,253.23260211480093,78.95858286968638,411.0752611394431,0.027978189607471,0.1432765005616775,3.007658280330329,0.4054726368159204,6.414473684210526,6.341610459372857,44.94756495240285,62.57592176133913,0.1385741132406554,0.1038927619182621,0.3815859619577242,0.597141664424205,0.2656844656620286,-0.2155557024664808,0.0562947617382058,18.60808062093733,2.220394736842105,-1.516735583407345,-16.682808255683458,,,,,86.38997366270094,0.1781818181818182,0.2,4.077963899321867,0.4692644017375106,31.43925928851697,3.748956576090788,0,FRIENDS,ROSS,0.13736282145838988,-0.39673367633477763,-0.39701405342199103,-0.6937098601401688,0.7499764705287995,0.5491351942517942,0.8310726815985586,1.146710146863577,0.9461492476737853,1.7031806603801534
2_334,0.306,0.4795,0.406,139.443704445372,89.34537574600188,366.4111381874159,0.0259267459338712,0.138715664559679,9.212241491122867,0.5533980582524272,4.30477223427332,13.10317384262811,2.437189018155152,2.548547324819524,0.1377087917576408,0.0592702518000966,0.7733579086014969,0.6849102387551759,0.2347981440584496,0.088447669846321,0.1484893221894753,17.665911583681623,4.30477223427332,-0.6023449607078498,1.3774465965812723,3.44127577535645,4.1273149549022525,1.913232104121476,0.9182958340544896,137.37373737373736,0.1333333333333333,0.1333333333333333,3.0917908695346696,0.4103074107624567,53.62624052345447,3.755278948892389,0,FRIENDS,JOEY,-0.19155716115117072,0.36629466518139336,0.18401708105403905,0.362902405363502,-2.301550105689139,-1.053253136321597,0.5544595665146728,2.6678447708705324,1.237270217375636,2.9926006621608634
2_51,0.7321428571428571,0.3517142857142857,0.4731428571428571,149.62793939078222,20.509283967269194,105.47074738128852,0.0274082112335177,0.149946168390141,8.038934620883088,0.7536764705882353,6.17728486206783,7.22648272216732,1.5948423969856609,2.9552216227561035,0.1307972263044876,0.0668367751247819,0.2387169381705718,0.3074792124359132,0.119182823655699,-0.0687622742653413,0.1185161716046188,27.08614810187948,7.267393955373917,-0.7389537504547777,-3.5367027213464297,,,,,85.81735515946043,0.0371428571428571,0.03,3.887107575566733,0.3975015573981579,37.94566789162687,1.3737859811943265,0,FRIENDS,CHANDLER,-0.7383107179366726,0.07744839267258036,0.1374139012170002,-0.8589976224232253,0.8094217934421357,-0.39921708302633596,0.12068690448655273,0.7319734007695553,0.5366309842433361,0.915599913498612
2_282,0.639,0.4225,0.5589999999999999,379.3152311733848,79.50819558876117,327.0693674105494,0.0208636778070451,0.1211620681763601,9.24983222139565,0.5725806451612904,6.3558405995532175,7.172882611888811,4.361537379312001,5.816166377217583,0.0840574861939773,0.0693964434715287,0.4787600116081452,0.2855748535593961,0.1726947990220069,0.193185158048749,0.068384626432624,23.68439108943873,5.958600562081141,0.9814563707074238,-5.721576157601321,,,,,124.84607984607985,0.1371428571428571,0.04,4.02620218080797,0.4875347283003287,41.412124207347,3.662046099356289,1,FRIENDS,RACHEL,0.6733020646955119,0.760213924873653,-0.9495590977395926,-0.18213740580128748,0.12945073134572607,0.4371141255490945,0.8554394704967994,0.630763193527927,1.3866732232886871,1.7471409565857103
2_225,0.6845,0.4505,0.5565,218.7797677283914,73.00439858406111,364.2415209194476,0.0168053588649443,0.1398692087902338,5.9653891495428,0.5367965367965368,6.818181818181818,9.580235679392496,8.951173683734938,14.096046017791036,0.1118172754680004,0.0545836331772975,0.388254381432156,0.6585246500011398,0.0,-0.2702702685689837,0.0975970483004893,23.96591747035347,3.409090909090909,4.128967298728579,22.87086692236388,,,,,105.85888594164454,0.1133333333333333,0.12,4.119137247889856,0.4956914959645744,43.367351536303325,4.73162553576794,0,FRIENDS,ROSS,0.3653346959001257,0.4111078644528352,0.3193242838006888,0.08560144880597778,0.4616145093790183,0.4127617193093779,0.27973324709414793,0.05050664492618312,0.0934374355086891,0.29921925918292025
2_43,0.5823333333333333,0.415,0.5666666666666667,221.18789495687128,83.94653530683047,266.70698336453506,0.0254798252592161,0.1173045678811318,8.77091340923788,0.609271523178808,6.228072783492894,10.66990096828703,3.894783276379144,6.682706481832232,0.11105977432067,0.073753396956208,0.5796885962506156,0.5352901189142278,0.051231551957856,0.0443984773363878,0.0365082931009963,20.495782087120627,6.5558660878872566,-6.719970179798343,-9.310798101873852,2.0810482574536566,1.433786764383533,1.638966521971814,-0.0,87.07602339181287,0.13,0.1466666666666667,3.330560919899716,0.6876491995046385,53.88626745637319,3.925683812494144,1,FRIENDS,CHANDLER,0.3979196854178209,0.5710031444574211,0.21402544013083835,-0.2538531704282335,-0.28423309477632364,0.511794838017561,0.6517728558460545,0.8552362392337447,0.29776939788672263,1.1157524343841791
2_575,0.7416666666666666,0.5181666666666666,0.4743333333333333,217.4652706863287,55.91916579029895,220.9053954090001,0.0251476406542361,0.1352838856122676,7.643714475395797,0.6548463356973995,6.5625,5.806356689326703,2.6399800733108734,5.250991171630214,0.1142855440125653,0.0683072482155266,0.2229838604788724,0.3708398948221879,0.0502589421754366,-0.1478560343433154,0.1736154181009569,31.28998628670056,7.96875,0.3150295106629281,1.511071704404103,6.731341679065956,6.731341679065956,0.703125,1.0,89.79851421510303,0.068,0.19,3.443682347039273,0.5021213502134081,45.51407957635727,2.497026898471568,1,FRIENDS,PHOEBE,-0.19976950846443525,0.28782287529006223,-0.22635107025671455,0.7326370141068671,0.8789484869080261,-0.38762069910266117,0.9324065225713023,0.5911256116179638,0.16126962884594662,1.11571470602136
2_339,0.958,0.353,0.526,292.92055212448645,134.81435135771693,345.02640402919826,0.0573342029941148,0.2067099173198211,0.8470728144871362,0.2429906542056074,5.974239803255455,10.78425798445572,19.87971503890415,15.445948245680052,0.1387957802876663,0.0612411703974862,0.3494473682942454,0.4297724980382595,0.3311330892662609,-0.080325129744014,0.31403803623258,5.257478001425042,2.757341447656364,25.44595971686459,4.0241239942048415,,,,,117.03703703703702,0.3333333333333333,0.3333333333333333,1.1099053934883116,0.500836588416832,32.761347950876335,10.180225516055176,0,FRIENDS,ROSS,1.0394544796514094,-2.4339360172128304,-0.22748107249030855,-0.8467034913443203,2.458247328985731,0.11566236318482835,1.8861579709957297,4.8921833461985615,0.3431434356751369,5.254407407293445
2_69,0.365,0.24,0.471,400.9924383451587,106.74291998296894,432.6428990858332,0.0323252990354589,0.2010344324110639,2.375427646028203,0.419047619047619,6.433662623483806,4.168641464158523,20.6226637758401,21.04012942236173,0.1284941235984078,0.0672500251291927,0.5177367032608249,0.6754152040201009,0.1240347345892084,-0.157678500759276,0.1252846233350475,32.16860279815393,3.676378641990746,-8.413243646486748,-18.179085324727712,,,,,54.66666666666666,0.06,0.0099999999999999,1.5779693672807322,0.2912411862553587,33.64250943564445,5.249347843640016,0,FRIENDS,MONICA,0.7379105591922274,-1.2212301746695662,-1.390478181460238,-1.9272210117236397,-1.8708322396679467,-0.4200905740889504,2.665131570915867,0.6496020649983805,0.9703876073712876,2.909735596524607
2_213,0.5416000000000001,0.3254,0.3996,297.14301063491547,39.62136876267088,275.541642454399,0.0217453922931537,0.152596116155522,6.359491237783643,0.6590038314176245,6.0483456197497,6.94161889699555,3.4784540858220576,5.659292421038972,0.0946906158161841,0.0550839176437945,0.2817313844893857,0.3025094975229292,0.0824786098842322,-0.0207781130335434,0.1948772784655656,21.11329542537355,6.804388822218413,0.9323769409590652,5.0326260338878495,1.570616760716664,1.570616760716664,1.1340648037030687,1.0,86.70138358373651,0.0755555555555555,0.1,4.215897932814516,0.2471910112359549,24.156084204582733,1.8973402324404167,0,FRIENDS,RACHEL,-0.08436605001834668,0.11856817360928504,-0.6836038978668576,-1.1106175051714813,-0.5815987627299366,-1.115595296295273,1.0262514551531345,0.7001669363392217,0.4319913984284155,1.3153107451331476
2_96,0.763,0.501,0.6425000000000001,263.28546824555303,105.6202886389639,505.9157239634175,0.0365201263664152,0.1854324880631344,2.7977308798478013,0.3508634222919937,6.729957057174292,7.163125050757555,7.2208947372202195,17.40496646267739,0.1753977560678055,0.1641199062439398,0.4613628619069906,0.489267554400908,0.0945586843090292,-0.0279046924939173,0.0414450237552186,12.992419449633616,3.051957270113923,0.7372809129829,26.36800782903105,5.689500650058368,4.30266706214409,0.3130212584732229,-0.0,86.63698296488711,0.2815384615384615,0.51,3.99074905133278,0.6457123751728286,30.789165812510035,5.35118985212393,0,FRIENDS,ROSS,0.5672141440252451,-1.16753293368513,-0.22816697070724148,0.5684875972940806,1.0346882802716217,1.25048449395565,0.0012734532688355449,2.2022212139567516,1.4786514646628917,2.6525817708101087
2_188,0.867,0.566,0.589,383.1353579434642,75.36027977957502,447.86477373941216,0.0304621966342931,0.1606352175717936,3.6851692317117113,0.5333333333333333,6.540600667408231,5.042574090220804,7.862011036631867,6.405538681726918,0.1089216262028854,0.0582803818515376,0.3460525658507228,0.4106928906331025,0.4294625016760152,-0.0646403247823797,0.1084963079868036,21.81548005914906,4.9054505005561735,-1.572514895332093,-3.335998076232217,,,,,58.05081660154124,0.0966666666666666,0.0466666666666666,2.525332576137273,0.3861392128029026,45.27117456343749,3.534763179952971,0,FRIENDS,MONICA,0.5123281933967045,-0.5748038622570083,-1.1551364170889764,1.1900242240609453,1.793919772919147,0.7293430004257011,0.6776960306642408,2.3687236351761554,1.8844794175146775,3.101835947444137
2_29,0.518,0.3165,0.425,272.9748437846485,65.54422316901797,381.4552037539039,0.0199525543152552,0.1203078894473164,12.511219595478764,0.6153846153846154,5.208251318793796,9.577575189223785,0.3481465605384171,0.6298925752878961,0.081523660028209,0.0508381562032549,0.5186337535943649,0.7292249911303093,0.1894054895241513,-0.2105912375359443,0.1470799779914536,16.2041340844165,6.365640500747973,-4.962712156193417,-3.4437068881717927,,,,,136.39639639639637,0.12,0.24,6.219560614290254,0.4118363807665758,65.11880734916345,3.831695944717357,0,FRIENDS,RACHEL,0.04499666630092347,1.1156674227008658,-0.5647686635098809,-1.1957202125287907,-0.7538859091384139,-0.8681748488997466,1.2407168788297143,1.8695533318392799,0.30340618538986575,2.2642136267006983
2_177,0.61375,0.52925,0.5405,224.4245967816756,46.40100625833552,191.1185916979456,0.0247579592910219,0.131862002794202,6.191906964740515,0.5501730103806228,6.843044456513305,7.281197888726492,4.62470064468817,6.433218011639025,0.1092058030648322,0.0729725046463129,0.2315435172486817,0.2737873886859854,0.1614625781581538,-0.0422438714373037,0.1391763976910469,24.3763545214458,4.105826673907983,1.1340427928404917,2.6016583339676824,0.3691604489911562,0.0,0.6843044456513305,-0.0,65.84433040078201,0.1333333333333333,0.136,4.609062816341898,0.5766110461940133,48.23655149552544,3.8008312002337,1,FRIENDS,PERSON,-0.04157329582344918,0.2022496764451171,0.02342167863574851,0.8386169773889105,-0.05488191470571633,0.25690631937518765,0.8801902732123597,0.25713159115083345,0.23348464073943914,0.9462381569597754
2_358,0.699,0.3923333333333333,0.561,211.29089061336472,53.8751735265369,177.99512506001167,0.0231440910313163,0.1485597958029596,6.815119383580672,0.5095238095238095,6.09375,9.788318580464033,1.2481342324035722,1.0333103113521631,0.1142059144437661,0.072777635774315,0.3048069417980613,0.2136398196205567,0.5041841733655164,0.0911671221775046,0.1143265878081204,15.71771107265831,5.15625,-7.129298717587068,-8.951821277650623,11.512799209142257,0.0,0.9375,-0.0,93.95382583837592,0.1,0.105,2.308814835710327,0.5194988356616568,56.12352430192659,1.9245051390713688,0,FRIENDS,ROSS,-0.014196080740570452,0.15064542736378989,0.10611319562697963,-0.4705941479674481,0.5674689001808364,0.4565960505408694,0.45639806722687765,0.4168234728170465,0.35048285491388975,0.7105485450328383
2_263,0.7053999999999999,0.4347999999999999,0.4984,257.0998752347142,99.64088269549862,382.5556576744392,0.0245194445521835,0.1294360940219863,8.716753472925,0.6714285714285714,5.15625,6.933011311448992,2.193947443373921,2.370929431350822,0.0970552843649212,0.0659794959197183,0.5549358496276721,0.6096490611945593,0.3038137236284155,-0.0547132115668872,0.0997532536692719,24.826867583964862,4.6875,-5.6939378980235,-5.120288384391376,,,,,64.04833261976118,0.055,0.0199999999999999,3.3226469932643554,0.3847366381847829,39.69263110798725,6.279309313407376,0,FRIENDS,MONICA,0.022870480839211615,0.4766790557573051,-0.8239773191524268,-0.0645235518130968,0.6141908381899146,-0.15318820170164962,0.08739403265230841,0.13751178243260948,0.6707891174507772,0.690293595031432
2_446,0.8365,0.645,0.696,103.28837688886496,14.377429233176922,104.87024200275071,0.0319475930244836,0.1832498119410472,4.704758591930165,0.5756302521008403,6.2222514861915865,5.582966112477686,17.373635244136185,16.365163108619328,0.1639029492534152,0.0636801603509366,0.2931344201349863,0.4488708528047268,0.3113917361180114,-0.1557364326697404,0.2298695413197049,12.757650024325184,3.318534125968846,0.1578287968405951,-1.1726069891890951,,,,,57.58424581953994,0.1018181818181818,0.095,3.6221078203467103,0.3467553284558147,47.7263480375264,5.42082705890975,0,FRIENDS,JOEY,-1.100238382582321,-0.7937077189550921,0.18811501930591565,1.9454302781314439,1.5712605370946324,1.7716259874855969,3.0456686607137646,2.3649682560497247,1.5835109681796813,4.168534446219943
2_594,0.5196000000000001,0.4226,0.4166,247.6643302528868,74.81277374480285,468.22745413586,0.0300042463130357,0.1465712165542047,7.961922409411899,0.3556187766714082,4.248473054469085,10.916645816434468,4.594151566014657,9.829814604809908,0.1088861113080116,0.0617399207799976,0.2395013245830612,0.3257642020992908,0.089042923469638,-0.0862628775162296,0.122220467345338,19.651471506524786,2.690699601163754,-0.1507182254256125,-1.8709436781804245,,,,,96.441672362725,0.6836363636363637,0.7150000000000001,5.601962319066854,1.7408749165719457,52.95878929676302,6.966328025389478,0,FRIENDS,ROSS,-0.12364876534849412,-0.0020384199256862495,-0.6421118296085336,-0.18118119560626164,-0.742205424636144,-0.9499989338651961,0.057532430257767525,0.7401670047104578,0.30788710425666244,0.8037111697375922
2_535,0.644,0.40075,0.483,134.25680577725737,23.791441556047225,95.32643878666768,0.017031146439076,0.1183414045509201,11.302438196716066,0.7251655629139073,5.572486174704168,8.173680604162278,5.16697302021794,4.688640307136507,0.1099994459261331,0.0475745507686484,0.6892945701700398,0.5932104965633084,0.1856338830838983,0.0960840736067314,0.2409391692577286,15.333826139043287,6.883659392281619,-2.5251604706111594,-6.0944146956218255,1.2808010061991515,2.040082843135843,1.638966521971814,1.0,92.8863293569176,0.052,0.0666666666666666,3.582015651857805,0.2408343616845304,22.46984077252392,1.9809245009514729,0,FRIENDS,ROSS,-0.8549265859958332,1.1359754061123464,0.0982491030048327,-0.39011312321943076,0.16595224541531867,-0.3031990241383078,0.4648134627764024,0.9700231606970278,0.4014481271431405,1.1481102239130077
2_617,0.5569999999999999,0.637,0.7464999999999999,164.69909752668173,66.48139685855888,353.8932078870825,0.026999251031257,0.1268363484487685,3.499675376264612,0.4526315789473684,5.555555555555555,8.925668761139223,6.562837262855065,6.194802798351123,0.1258152501000693,0.0584000200141673,0.5741249022298041,0.5667025100941799,0.0733728838247052,0.0074223921356241,0.1337443964495054,9.48680258186992,2.430555555555556,7.2001904061597095,21.930720582929744,4.975609280029058,0.0,0.6944444444444444,-0.0,95.27929060187124,0.0977777777777778,0.12,3.5255912350344456,0.5759626442187344,39.08417149796461,1.6619858988616047,1,FRIENDS,CHANDLER,-0.31283623717222847,-0.08817107332218979,0.030237733769516884,1.8689334625293679,-0.4691740993955925,2.263544593527884,2.1817696997015963,0.38100302607340275,2.2333068597583674,3.1453047321772916
2_210,0.7535000000000001,0.3435,0.5225,240.713311709047,82.20178828971447,260.0968349661216,0.0258487406739429,0.0978856250974632,13.149556951439171,0.4891774891774891,3.835227272727273,10.220441928091669,0.4263947397285131,0.7966182990970994,0.1091281295743608,0.0741438043105492,0.3817193672369776,0.4834289654788552,0.2493646749576837,-0.1017095982418776,0.1744542734378571,16.243440807589604,2.9829545454545454,-2.157131047798013,5.7302554798713485,0.3051802307827884,0.0,0.8522727272727273,-0.0,108.88805939197876,0.275,0.3133333333333333,7.274605795318665,0.6919774963510243,44.51231980422944,4.220662702190287,0,FRIENDS,PERSON,-0.2674928480231167,1.1775727159753673,-0.8485742037792584,-0.9375434598717848,0.9653354035393962,0.0815689944492237,0.6700506118486681,0.2122373124359711,0.9301431982284821,1.1658382685602355
2_234,0.6625000000000001,0.3605,0.47125,378.1450499802954,65.49165952196094,349.20645322919324,0.0246778913020154,0.1619928376053341,5.049659652287028,0.6273148148148148,6.433796711198182,5.82174935435719,3.5560993386330813,3.7460936863408114,0.1113055235696284,0.0673497552983865,0.3832998246693173,0.4733453123072763,0.1117860779940662,-0.090045487637959,0.1144429168088352,22.831085037184035,7.352910527083637,0.1970342973663575,-2.8285718650097618,0.2919902731994781,0.0,0.4595569079427273,-0.0,74.14715293977363,0.0783333333333333,0.07,3.4522869351262493,0.4815819937583971,41.66929166723825,2.661302869766021,0,FRIENDS,PHOEBE,0.4492448084217772,-0.22308080300735342,-1.0769099572829,-0.7749877267173743,0.3010078474728117,-0.4176553334649784,1.2242325351391514,0.5240886504801651,0.6592546238179215,1.4859444379520599
2_162,0.352,0.5845000000000001,0.3265,415.3933099247412,100.93568104955716,447.9934901156228,0.0242621799911239,0.1605115455360001,5.623503803049323,0.7192982456140351,6.597222222222222,5.852467726263867,6.599012329846166,6.287757107419161,0.1248062602874156,0.0681091496024107,0.4553451172828494,0.4364437706119364,0.0348672246586455,0.0189013466709129,0.132041213919539,60.108574201362295,10.76388888888889,-1.8932780648257408,-13.282922485873376,,,,,110.8845540424488,0.0771428571428571,0.22,1.7641569774068084,0.3957385456836273,31.84819631467138,3.8879517624411255,0,FRIENDS,PERSON,0.9412206740497272,-0.14051292907366797,-1.197249935476286,1.3669231101407473,-1.9657361762488874,-1.827659654744604,0.4257024360910201,1.8252232471752194,0.630409719268318,1.977391938961682
2_437,0.604,0.4335,0.667,163.10705240850046,38.0933434186823,153.61752270188714,0.0292210784041207,0.1432580268102575,6.908059239209557,0.5319767441860465,6.32662110699567,8.254182086126589,8.264767528083004,8.565478555855892,0.1265243312435264,0.0659635354832346,0.2767782036304692,0.3767035435941608,0.175274080042647,-0.0999253399636916,0.0409753428123653,36.41689283440692,4.026031613542699,-1.9421727992020628,-2.201866804610656,,,,,57.0908829732359,0.1338461538461538,0.0966666666666666,4.357430288152797,0.5315347247189024,43.362555604700425,2.5743711999296,0,FRIENDS,CHANDLER,-0.4019658149795414,-0.037771791384518645,0.25074345878236587,-0.07695428434843327,-0.1260598671414221,1.4891380751048784,0.32501153063110816,0.08828807575690345,1.2383946163225126,1.2833738758057278
2_341,0.765,0.567,0.6205,186.0838015481702,127.6503192245356,464.8666464065216,0.0422799312092588,0.1828135856484262,2.3803666014508926,0.4338983050847457,6.238720827088368,8.03348316965166,7.415159785400429,9.974246900154858,0.1803679764396651,0.068250942214231,0.3538462918606693,0.4651391212539051,0.0307874535903539,-0.1112928293932358,0.0513893586594957,18.40039537926717,4.215351910194843,0.8199906183696077,15.862182984761969,,,,,92.44511380875016,0.1536363636363636,0.1975,3.5377716284413827,0.6539583798055325,43.5013482636728,6.367646611457791,1,FRIENDS,PERSON,0.40439323375133357,-1.4112714201708259,0.07579386593636002,1.1995863260112047,1.0492888858994587,1.0361833190461387,0.7951930922598711,2.4605603060702848,0.9603894531097786,2.7584482912374866
2_318,0.454,0.6325000000000001,0.4695,314.3652442161704,61.72600761963015,317.19906046572567,0.0187369436737036,0.1175580083286925,4.477718147393135,0.3986486486486486,5.281595257343034,7.091459995469142,5.366855500403776,7.121849251181698,0.080512082155986,0.0481993124280933,0.4947416620575491,0.5571954452600459,0.1182790228754798,-0.0624537832024968,0.315473125983858,9.74295364261044,4.621395850175155,-0.6949061308138752,-10.037653511239984,,,,,65.995115995116,0.145,0.1466666666666666,5.649327123789516,0.2394143353809263,34.022010125575484,0.9641576270606236,1,FRIENDS,PHOEBE,-0.0362413800768252,0.43782664246839165,-1.043503271881529,1.8259040037532008,-1.2211052892291987,-0.43470201783278073,1.862145383830026,1.6589319316975903,0.6088012540487482,2.5671539789145297
2_250,0.5583333333333332,0.336,0.4596666666666666,261.4873870887573,49.81914798940908,357.8630529474833,0.0271837664806199,0.1795297962060504,6.113376097263424,0.4128440366972477,5.859327092105802,6.466519816224204,1.3331804759282435,0.7234564066865813,0.2116111292544782,0.3715725636215461,0.3544475318058353,0.4121597714486267,0.0340403958784899,-0.0577122396427914,0.3143732524228957,10.465136568213987,4.507174686235232,-1.4351358372085676,-2.799617458507935,,,,,91.23249299719888,0.0685714285714285,0.075,4.09172585379202,0.555093275426248,40.90566501217636,2.095275467424468,1,FRIENDS,PHOEBE,-0.2278551665472108,-0.41032480394101434,-0.6345373793524928,-1.0092592244987308,-0.45944036231036806,-0.5304881490423353,0.78140405795152,0.04911555836935372,0.10404923031015745,0.7898296539034046
2_78,0.6146666666666668,0.3783333333333332,0.4506666666666666,143.39357006760045,37.03197068708197,140.0229141528514,0.0215219045302386,0.1281365370614703,11.422319116064315,0.7663934426229508,6.465446148771235,7.287999577942174,15.851255356439212,28.42848259375829,0.1097666260740626,0.0502430653837611,0.441270629870055,0.3974449251622765,0.2596950227040371,0.0438257047077785,0.1245295440639076,25.053950621759867,7.677717301665842,1.9878373339629627,-9.353079585784098,2.896218626950592,2.896218626950592,1.2122711528946066,1.0,87.73888135082166,0.0433333333333333,0.0066666666666666,3.274227609312145,0.2823838687750512,28.983274520504693,2.073350830671463,0,FRIENDS,CHANDLER,-0.5326847372724403,0.8477406082226441,0.2856852458711779,-0.6044635752710817,-0.04818997045962347,-0.6181568115053173,0.07177883799864149,0.8959305786822676,0.9038420573764951,1.274666335981677
2_337,0.6412,0.3229999999999999,0.3314,238.3997315123276,30.97707312064831,190.0561317826713,0.0223732170425368,0.1190538885209045,9.946488610382024,0.7392857142857143,7.048782047183684,6.97031404454388,4.131890382910661,5.976956359536915,0.0939785008579844,0.0609984055409451,0.2345070742570352,0.346488627009359,2.2337337031660986e-17,-0.1119815527523237,0.2956387099993965,19.392702272630604,8.810977558979605,0.5529407527153037,10.740068758984572,0.7513462503613715,0.181522398635848,1.0573173070775526,-0.0,103.90298650108592,0.0771428571428571,0.1399999999999999,3.6755676796404297,0.3036760776237062,31.45738800095695,1.2708767766885032,0,FRIENDS,MONICA,-0.09033260548894254,0.7872093858222509,-0.005622443694193587,-1.133566549852105,0.14551139753634665,-1.7799289385147585,1.0432339443631624,0.6416979882859042,1.774306494820565,2.1559862959685385
2_435,0.5960000000000001,0.49025,0.45075,162.2672485595949,57.13418578862186,244.11495171031825,0.022921770673012,0.1534978147593217,7.580592124397938,0.4380165289256198,5.450567921986429,8.969250683391971,2.605688133944639,2.751580160932115,0.1214792575029965,0.0657839950098791,0.2651802714300609,0.319493393189818,0.2192860213868235,-0.0543131217597571,0.0299688540954926,16.813090846311738,2.997812357092536,-4.019952142871296,-17.7543569428963,,,,,70.43621515360645,0.2288888888888889,0.365,4.927824191159573,0.8867248154065817,67.02171320412027,5.989764768123179,0,FRIENDS,JOEY,-0.42785617172471857,0.1765001331963463,0.0076896065929442274,0.4656950013287916,-0.18446228965276942,-0.6173450646306596,0.8935511730535102,0.3609624228491157,0.6250346712236039,1.148649602710072
2_564,0.5936,0.3285999999999999,0.4187999999999999,147.31205311505258,61.38609921518392,402.18796159218,0.0278917691786153,0.1570560940610864,4.632562597489311,0.4266304347826087,5.9266951740989615,8.077652184527379,7.252282345726316,7.773843003278713,0.1432296601048527,0.0601963814403426,0.1631162105964985,0.4402945987578778,0.0732797953119047,-0.2771783881613793,0.2327148782552436,16.00536861756307,3.232742822235797,2.0309962714450767,9.927701743299815,7.76157364296699,7.76157364296699,0.8081857055589493,1.0,79.9507080298869,0.1654545454545454,0.2142857142857142,4.296996661310712,0.6793593280909828,45.51493541159896,1.9712833233878804,0,FRIENDS,CHANDLER,-0.39229673118228126,-0.34337963856255316,0.15621730052541494,-1.0800187789306521,-0.20198301640617436,-0.9285688163742463,0.6877220477483709,0.1413966221563788,1.0847861168996613,1.2921747324316057
2_422,0.6145,0.397,0.445,230.32169924403803,155.37468085125838,466.1691463636454,0.0312137555662397,0.1764884054355404,1.6827223176484711,0.2797927461139896,5.604593664070985,6.969934976030096,23.79428718374716,20.86346116078848,0.1719866597374967,0.0754037289777834,0.3457578602006676,0.339225694832304,0.1912730139190014,0.0065321653683635,0.3069112990635043,5.828192433386519,2.038034059662176,6.219585418106344,0.8223307480649389,,,,,65.9047619047619,0.36,0.8600000000000001,3.5378197064939827,0.504834450509642,37.81832051470643,9.177608639819784,0,FRIENDS,JOEY,0.5300069521513077,-0.9816210918221842,-0.5149778846287422,-0.4259710055329035,-0.049406687595277235,-0.6733555989820089,0.9559779576842111,0.9322144042269069,0.15837771435326675,1.344619296094611
2_91,0.601,0.4495,0.46875,242.38304112552493,27.02724541448097,174.12031424041362,0.0234395411891083,0.124269216013861,7.349635805748644,0.515695067264574,7.075386559172132,7.163542643164797,1.95783239064776,2.02662507157242,0.1119924092172993,0.075626106378553,0.4635209954748418,0.5933454472324665,0.0777975231391748,-0.1298244517576247,0.2613169043852048,18.10734039421016,3.979904939534324,-3.577449380813604,-16.113251923277577,,,,,67.011803011803,0.048,0.045,5.840572142802596,0.4109492869350856,42.586156765658245,1.5050407811652045,0,FRIENDS,MONICA,-0.08408025437084346,0.4483113618208767,0.00787983849641801,0.07603934685571831,-0.14796077558317766,-0.44200773970469565,0.16011960122656177,0.5962721374040544,0.44988757820111364,0.7639224970905202
2_560,0.7182499999999999,0.415,0.5892499999999999,395.2947098719725,70.9042446927014,334.83398097082244,0.0199236692308042,0.1106094303836314,9.403930515701788,0.7532808398950132,5.729166666666667,7.873367641122364,3.814768374873823,4.755487947078129,0.0926948225604983,0.0739331694162954,0.2818736167761489,0.4085709013518211,0.2053984663852387,-0.1266972845756722,0.0564121430300832,31.84480207060123,8.854166666666668,-0.6601245757849884,1.2372708905089078,,,,,65.02375893680241,0.054,0.045,4.48118648475826,0.344876742547286,48.48395094308863,2.603939514999544,1,FRIENDS,PHOEBE,0.544141379084127,0.9264214367754575,-1.1835490094300825,-0.2538531704282335,0.7079997293487678,0.7317782410496726,0.7979945495123605,0.21842170742668976,1.9153272504797552,2.086380075575149
2_53,0.654,0.3695,0.525,213.51022748106152,60.37511432947812,227.9301498391713,0.0266991255322445,0.1419366786066836,7.304995097926059,0.5168539325842697,5.514705882352941,7.005031516386522,10.004795817028434,29.909667990424,0.0990183456798417,0.0611699512669051,0.2961354251363591,0.313233870192825,0.2288217762814147,-0.0170984450564659,0.1462525685271415,17.358784223746355,4.963235294117648,-3.4332678242002848,8.234132153270721,,,,,112.45252525252528,0.176,0.3399999999999999,2.949038647424471,0.3633570166278542,20.84319532504764,4.208035382840575,0,FRIENDS,RACHEL,-0.36727084491389317,0.11320497393991387,-0.4609008914364319,-0.6889288091650391,0.23895527355450386,0.10592140068894147,0.3216579642511459,0.12575029961459,0.5668222921253734,0.6637503255514176
2_481,0.74,0.352,0.71,182.44130735435888,34.941701020874284,147.24923755416825,0.0276506018938846,0.1296268268751797,8.697761771397325,0.6,5.0675093363975865,10.9012070823353,5.345905201471036,4.659050201977221,0.0936121629235955,0.0474723973546024,0.5033890643444386,0.3383783587581673,3.1324281704427616e-17,0.1650107055862713,0.2013599721489919,24.691955385554348,2.533754668198793,9.014306666665206,5.655713420620753,,,,,66.91176470588236,0.13,,5.315765114445057,0.5698153687110273,86.66666666666667,2.7565922699750267,0,FRIENDS,ROSS,-0.4765143041684705,0.34256913612542395,-0.006097063239867732,-0.8562655932945799,0.8667813155514957,1.9079994624280134,0.37975128912610934,0.5242121794260718,1.9140965256678812,2.0205877759269524
2_248,0.44,0.467,0.62,213.29076973437245,83.61386403083603,457.2554252481689,0.0232125328865659,0.1190349065807031,9.051232154663786,0.7257617728531855,6.304777533286092,8.411795591969152,6.137449421954622,15.436317577858413,0.1088272229726571,0.0586755444696867,0.2441056034583375,0.2486410888092642,0.0262975841519108,-0.0045354853509267,0.0720289381738468,37.45850923495807,4.385932197068586,2.95169419100477,16.91498929505996,,,,,106.8237713099373,0.1,0.1099999999999999,3.709699585646692,0.5761742888649897,60.32167025377958,4.647218807321618,1,FRIENDS,CHANDLER,0.18320393784621772,0.6674593438320187,0.010501815943468757,0.2433761309852591,-1.323309528624058,1.0313128377981946,0.060172193139041374,1.9907688724560766,1.020811021854726,2.238043015383594
2_56,0.219,0.873,0.277,345.08492966063204,92.92528037367038,468.6879553236133,0.0268912574318092,0.1444938891128021,6.824302530300152,0.4402985074626865,5.187712163479313,12.30107930872528,4.101763765166486,7.91033578353795,0.1124600011384589,0.0719225573303375,0.4105155725375093,0.5640630382641273,0.0440652649239232,-0.1535474657266179,0.034965421818356,16.057978560118357,3.705508688199509,-0.3029007583271249,1.4698226154698393,0.5912029624802138,0.0,0.3705508688199509,-0.0,73.18622897570266,0.3230769230769231,0.4514285714285714,7.063574816534339,1.3332984299975466,47.51950891553346,5.569851543534074,0,FRIENDS,PHOEBE,0.7897505790727148,0.04030898296457096,-0.6048402180774747,4.125589522790602,-2.9366764505000496,-2.3098372982910043,3.335838943717887,2.9769854334646206,1.7049970802135297,4.7851101108566
2_260,0.474,0.4519999999999999,0.6285000000000001,161.52496469309858,55.3019479720047,307.0797927269342,0.0193639089817035,0.1153354242715096,8.80787060196476,0.6040955631399317,5.732878597864986,9.304696574966403,7.50945573129448,8.517498428429734,0.1247387912435516,0.0656055436792534,0.3418786600738955,0.3611434295987032,0.2465644837867213,-0.0192647695248077,0.0782787510154376,17.336914087680306,5.395650445049399,4.789014575727628,14.95745441272384,1.0625639958801874,0.865702100152028,1.3489126112623495,0.9182958340544896,140.32702542737846,0.1228571428571428,0.25,3.506433809369928,0.6573147597034124,61.65550116207365,1.6094313654364891,1,FRIENDS,CHANDLER,-0.33537626544056065,0.8381669144805003,0.15929386430810474,0.09994460173136593,-1.0750992329508289,1.1141110190132337,0.4353208671719266,1.913266147431329,0.954817154705129,2.1821474302212573
2_134,0.505,0.3065,0.3429999999999999,246.96630945300228,102.89336406374596,287.7550995386401,0.0463442221241183,0.148541445667386,1.898502602396113,0.3829787234042553,6.25,8.55929553766637,23.356929902454688,49.28436086018475,0.1934611947864193,0.093130858892264,0.5557481287844539,0.5713424005549297,0.1906925178491184,-0.0155942717704757,0.248918499914193,22.00373600083901,6.770833333333334,-15.90894238772426,-5.26978353028886,,,,,107.14285714285715,0.1155555555555555,0.06,5.279258364392238,0.441356269198065,28.702531780528894,6.937054741244334,0,FRIENDS,CHANDLER,0.4719275034838217,-1.2722249915001382,-0.16095094796403356,-1.2913412320313853,-0.8487898457193547,-1.6669337735624714,1.763268735515207,0.42343514578078356,1.5059828255984378,2.3572013548539386
2_488,0.6305000000000001,0.37,0.437,222.4767997784692,95.38926444584231,399.7160310300398,0.0227442319937238,0.1497174305613805,5.435229422958098,0.4042553191489361,5.186969628325986,13.321107722137654,12.256428161855077,18.848721693806755,0.1232641179157892,0.06224490495145,0.4671957076210105,0.3899539665193982,0.0348366507145808,0.0772417411016123,0.0635569008223725,18.30274389938885,5.186969628325986,2.637232754334004,-12.87077913308191,9.02062588056933,0.0,0.3842199724685916,-0.0,64.48458028099321,0.4044444444444444,0.14,3.6669291576628655,1.3694072904623265,52.45129336133393,5.448651588235772,0,FRIENDS,CHANDLER,0.4430172627423696,0.01209330779169171,0.1308994167495511,-0.6841477581899092,0.06739815742741907,-0.7512832989491041,1.1271650209322788,0.05530484963572736,0.8821827156986551,1.4324126342237942
2_542,0.7413333333333333,0.4088333333333334,0.6143333333333333,219.7562769835004,89.72953489266317,473.979835990317,0.0246293713844381,0.1575374019092727,4.579802043234079,0.5794701986754967,6.5558660878872566,8.004253050819948,4.81872006492694,5.898020694715177,0.1277868736374464,0.075410189819977,0.6566944896111425,0.5826237823284965,0.3140543535541283,0.0740707072826459,0.0437032319277039,17.8202381146037,4.916899565915442,-1.7339370781808428,-0.1962079894145816,,,,,92.13945213945216,0.0846153846153846,0.085,3.348711827281672,0.4998906426553463,39.27868545979059,4.474599890050903,1,FRIENDS,JOEY,0.294540127297127,-0.21875410251413144,0.024617167119437306,-0.3128194657881662,0.8765150526367201,0.9761140503215019,0.6073595930852932,1.0952691551508515,0.9514968832020646,1.572846628340105
2_504,0.6355,0.381,0.568,352.586506921598,85.93863213963552,351.2373255449014,0.0198574162269174,0.1431523539979576,2.639741769270005,0.4329004329004329,6.392045454545454,5.32141404971621,6.332256223483223,10.396648559335969,0.1101953392679697,0.0810582316181283,0.3066037068745808,0.506726019760441,0.1548202805556581,-0.2001223128858601,0.0936780536933356,16.95131680308898,2.5568181818181817,5.783592838766066,5.313981740766847,,,,,85.37475596299127,0.25,0.69,3.274107691555688,0.3150391465623933,33.92931212622902,4.838117071153557,1,FRIENDS,PHOEBE,0.4709567122828641,-0.054786646897577264,-1.025318363108612,-0.5789646367370551,0.10389967149701086,0.5247827880120766,1.0499213490199193,0.15868631839458813,1.5501011511206886,1.8789171789834485
2_54,0.718,0.252,0.4275,279.95854792560624,75.90684915592868,427.8169314162324,0.0208815346069811,0.1596669455166651,3.436664707403445,0.4575835475578406,6.8783649513598455,9.278042597580484,4.6891547056688845,7.33460101713082,0.1278540334708647,0.0721709320689077,0.5804255842155139,0.5203682858248764,0.2022783485156837,0.0600572983906375,0.0152531808838968,22.097594168545434,6.368856436444301,0.6395792782754481,9.9432097464236,,,,,61.28073303724052,0.2625,0.465,4.649123909971312,0.3896653851320023,41.15838677571156,3.7827109116260953,1,FRIENDS,RACHEL,0.609422918902584,-0.19684791416939657,-0.00010079446773758605,-1.812475788320526,0.7061746536452883,-0.8438224426600295,2.42189870722311,0.9030225678146848,0.8437216481922919,2.718990497530272
2_300,0.728,0.478,0.577,310.7659137597544,110.9907415748584,380.5747681544167,0.0224447699413502,0.1230580047975292,10.570090920364756,0.8195718654434251,6.048387096774194,7.166415265348449,4.364762552462231,12.581715299982337,0.0970082676767798,0.0656227613165618,0.3258653775149198,0.4220260484516993,0.0753065568508208,-0.0961606709367794,0.0172198564666588,34.667251785750395,6.653225806451613,-2.755933625103208,-4.993098877286596,,,,,56.73700269608197,0.06,,3.4497608005739564,0.3721029742462154,38.78866892800168,3.828125616312677,0,FRIENDS,PHOEBE,0.5968889309591154,0.7993318830470587,-0.7246065161857776,0.34855925243811275,0.7791776817844734,0.6124514504750584,0.24832967852100268,0.02015420126258527,1.337057966660836,1.3600727286708187
2_387,0.7966666666666667,0.3756666666666666,0.5743333333333333,162.81809281294895,57.54044753111177,363.93702946988094,0.0273396245796761,0.13614245701855,4.401730877581015,0.4606481481481481,6.433796711198182,7.162278014412932,2.942829828361899,3.4619497164000173,0.130952357761931,0.0609510162822454,0.2199402032890665,0.3127276249055198,0.0864255492328696,-0.0927874216164532,0.0659646199129594,14.115794008932715,2.757341447656364,0.2433658868150561,15.526294223079288,,,,,57.55856462378202,0.1507692307692308,0.1075,2.6631452385549768,0.4280592066984541,44.33763232405772,2.012703612908671,0,FRIENDS,CHANDLER,-0.3050025148641345,-0.11307517726124049,0.16135732650620924,-0.6299625138051064,1.2804651416735453,0.5864755504860264,0.3249599989409719,1.3935403189347857,0.42511822397981713,1.4927421497929019
2_569,0.51,0.452,0.454,281.69414003121096,81.32605634849686,248.08022429263008,0.0224232223616347,0.162488109083115,6.830576530095899,0.3694267515923566,4.375,10.889583597862202,5.635794701237854,9.046503922162522,0.1152344075133821,0.0694347632243273,0.2840616697636101,0.2737087916859189,0.078086880944303,0.0103528780776911,0.1826869787374748,9.113904040067974,2.5,10.499067339051292,8.90292137067771,,,,,90.02849002849004,0.195,0.31,4.150013626872306,1.0279142475480016,56.76975945017182,3.5512517047504844,0,FRIENDS,PHOEBE,0.09329481703470832,0.026464982237670076,-0.767368957413391,0.09994460173136699,-0.8122883316497621,-0.5856869365190269,0.006649784696658667,0.8387533138874321,0.18168202089436403,0.858230562209201
2_530,0.052,0.941,0.736,224.8310792040427,48.98850792368147,162.8239292097558,0.0173601616864164,0.1337876781189117,7.391724042854852,0.3476190476190476,3.28125,10.552612307616542,3.853247617404925,3.844506679783207,0.1300227298426085,0.0812879251017349,0.3094364048815972,0.3153247940551427,0.3366700865083859,-0.0058883891735455,0.1949910338786327,11.576606875393976,1.40625,-11.426290961053962,-10.7217913715045,,,,,12.000000000000004,0.32,0.44,5.6381299424179145,0.3415115571355832,58.43306836248012,3.1731889728213014,0,FRIENDS,PERSON,-0.7389653562833001,0.59335709604633,-0.9399786863622818,4.775812455408245,-4.15582702042444,2.1612644873210725,5.514777811691545,4.74918411647077,3.101243173683354,7.9110829414677
2_48,0.614,0.526,0.503,286.7280441953412,116.6140640759588,402.8016985657724,0.0242931955484139,0.1364056598585641,6.442587997106095,0.5686274509803921,6.578928966028447,7.224868714821771,8.500085266077845,9.960608652348068,0.1114418640626327,0.0772469983256542,0.3800944616901873,0.496172410423454,0.1608942467876836,-0.1160779487332667,0.0493221114847879,21.599648778617777,5.550971315086502,2.665689081577503,17.813914546018296,,,,,67.98250255177174,0.1272,0.1353846153846154,3.632581373088912,0.5422076401728305,45.613549244006784,3.710796097307461,0,FRIENDS,JOEY,0.7115334577343457,0.19097879908797805,-0.39542664311611064,0.8075401460505675,-0.0530568390022369,-0.10837977422057003,0.09600668831622172,0.24403563809021495,0.2870468688955406,0.38880146836435714
2_555,0.667,0.363,0.309,197.3214438703818,82.05000976703846,235.92679089147924,0.0306378873897416,0.1449354819519059,4.468976989647506,0.6210526315789474,5.555555555555555,5.196097298675818,0.7157020495131848,0.6886658513794462,0.1888056409939989,0.0957540609011304,0.5302599434322076,0.39098648068006,0.2835619098912018,0.1392734627521476,0.1270440212355715,20.21864428187957,3.8194444444444446,2.760600497130559,24.038879580442227,15.224511641136962,16.621073280492926,2.430555555555556,1.0,58.91649637199172,0.0925,0.045,3.528397631058638,0.601292697214226,70.5228173097268,6.456100624659859,0,FRIENDS,ROSS,-0.3946588700864222,-0.33159694585140065,-0.5824663212314217,-0.7510824718417256,0.3338592101354446,-1.9981264984226244,0.3564236017553034,0.6654561559868453,1.4156601771912025,1.6043576336696375
2_42,0.6145,0.435,0.5295,144.77783077448208,34.713681991784064,154.91312906564684,0.0328957842080944,0.1624906151229771,7.339428518448397,0.5154185022026432,6.076293205259429,8.971120356050852,0.8899831458192531,1.354628898543436,0.1287041642042913,0.0564740222829926,0.4344730424587349,0.5108690922670982,0.2945137539309162,-0.0763960498083632,0.06712462532792,14.836041393246475,4.340209432328163,1.5186787030378326,9.081877246811818,,,,,67.63438386626792,0.1488888888888889,0.52,5.336181195705951,0.7927762143401474,54.906806866259714,4.067309161342087,0,FRIENDS,PERSON1,-0.5062244142680605,-0.3431936744548793,0.3335347886578887,-0.06261113142304406,-0.049406687595277235,0.14975573192043193,0.44361328284501644,0.2937869868596021,0.1837790567374568,0.5629194259038197
2_441,0.6749999999999999,0.3273333333333333,0.5926666666666667,195.7989192087909,47.06453613303881,224.32608063813825,0.0233828592993664,0.1198891580385709,7.156663586191518,0.5538057742782152,5.729166666666667,6.442171573782203,3.726391393436821,3.965593368881972,0.1038890334073626,0.0572067878908633,0.2411038742699157,0.3826531267577251,0.0881947727404847,-0.1415492524878094,0.1484182376137096,15.48965480689553,3.125,1.3771838117226765,12.651509333295252,,,,,84.85200237995268,0.0706666666666666,0.0366666666666666,3.683115643228848,0.4347721208521815,41.94967720865665,2.58402534493317,0,FRIENDS,ROSS,-0.5370911980614481,0.47740384088991006,-0.3585619636506296,-1.0921307747343134,0.392261632646792,0.7650598629106201,0.5550395766728653,0.08514220824311808,1.1236218265612496,1.256122659783887
2_218,0.542,0.303,0.402,305.6397698529041,65.55740659809928,359.3236848891487,0.0119201503035066,0.135543783335417,9.747735738590366,0.762114537444934,6.076293205259429,6.517720350824911,4.609798100145802,6.4946881528030005,0.0753455967717352,0.049491410037808,0.5047658307149286,0.4709049198555465,0.1044310947465677,0.0338609108593821,0.3981876846072085,20.45830466931456,7.812376978190694,2.4335724099135483,11.69241493926046,0.5532407137803059,0.7561089142822369,2.1701047161640816,1.0,88.98559576525679,0.105,0.12,3.566627091476953,0.5316191490580983,51.55195254080872,0.969043116856526,0,FRIENDS,JOEY,0.13876785329487162,1.0133440993809435,-0.7665509335717332,-1.3248085888572936,-0.5786786416043694,-1.0922169863051445,1.4635764421521653,1.592022740985313,0.3256660527334113,2.186927247930333
2_415,0.3855,0.607,0.5455,172.67156281302488,56.5268324355573,314.91849567264774,0.020099272465468,0.1238115126422676,9.722344488277486,0.5970588235294118,6.114081996434938,8.690464227475786,3.455291169036002,4.205067113540806,0.1037867885529775,0.0527361436124773,0.6575692904845404,0.5823674253672783,0.1192392950275746,0.0752018651172621,0.0589766125327066,17.78653263822285,3.7849079025549615,-3.808861167715453,2.426716002370465,6.080714838234589,0.4227895470700913,0.8734402852049911,-0.0,82.83264587801791,0.0727272727272727,0.06,6.398616225786452,0.4799052344474632,41.08964196706354,3.3718171871289284,0,FRIENDS,PERSON,-0.22981841937895472,0.8079022981851745,0.17461283467197086,1.5820704040215838,-1.7211760319826168,0.3056111318546221,1.8118888234005386,2.529078330167791,0.1309982971826512,3.1138944847815324
2_473,0.6665,0.534,0.75,201.50806751520625,42.41547062643576,168.651567030356,0.028422256515843,0.148413847622336,7.39124555637701,0.554140127388535,5.0,9.684969243146975,3.9543603942752976,6.591103978970326,0.1118703933475192,0.0458052212157394,0.5950391092815606,0.692932593825655,0.3306121993780584,-0.0978934845440944,0.0981796334375114,19.03229066425414,5.625,-7.155522248935925,3.209908293295449,,,,,122.33524988942948,0.16,0.2,4.298248659328192,0.3486853175199428,47.54223890126528,3.846727848681214,0,FRIENDS,PERSON,-0.47038218981178087,-0.010434732783278042,-0.273743383009871,0.8840369616526432,0.33020905872848494,2.297637962263489,1.3544191514644242,0.340643791511763,2.57138134527336,2.926173517303605
2_537,0.6404,0.4840000000000001,0.5015999999999999,195.58436327717672,65.74315263532652,260.48607625892976,0.01812294642306,0.1374880976899282,8.795738033809274,0.7005545286506469,5.698529411764706,7.7861639010420065,7.555576278314168,7.007752993895978,0.1105521184984647,0.062546803114772,0.2780650524524388,0.2445126447965714,0.2103051638921001,0.0335524076558673,0.0527355564104791,19.09829747506804,5.514705882352941,1.8013195458568958,-0.2453049623676335,4.626098402945709,6.768151905903302,1.2867647058823528,1.0,97.97200676508666,0.0999999999999999,0.1033333333333333,4.180718558856367,0.5838790065416626,49.949929635272674,2.8115081749625066,0,FRIENDS,ROSS,-0.26552806545252683,0.6494862924810414,-0.20713702669101083,0.4059318641396707,0.13967115528521168,-0.12201712171481233,0.6714599295921975,0.5098151371958297,0.08511990497619851,0.8473578402216613
2_397,1.0,0.519,0.673,215.6975300769325,21.674581024238165,90.02436708084554,0.0169326096827499,0.1021662729192121,12.027231597209102,0.6060606060606061,6.835695305580159,9.950729694170644,0.439536462227364,0.61649248364297,0.0673146935604259,0.0556198218342118,0.3825472175027769,0.4125474724811521,0.0641500299099584,-0.0300002549783752,0.215122144868519,13.319416140196896,6.835695305580159,6.82247368915658,4.648364333428606,,,,,160.0,0.0399999999999999,0.0399999999999999,5.298561388681754,0.2488157204839042,32.42640692640692,1.5869830520451602,0,FRIENDS,ROSS,-0.046327359998115714,1.3868989591235907,0.3860639089182598,0.7406054323987512,2.764860047170309,1.5475838500801997,0.786932792396867,1.3779610880467184,1.16151994116194,1.9665117730736479
2_572,1.0,0.735,0.772,290.4065579837514,83.29970119624947,362.0807673671905,0.0336271294332514,0.1613803111005797,5.451537742425028,0.4968152866242038,6.25,6.239637919797638,2.881073006845825,4.407953121791357,0.1268009434800598,0.0915284981532537,0.4401790323959212,0.595993123026253,0.2617119612951069,-0.1558140906303317,0.1443745069680786,12.65685517560872,4.375,-6.956158123239253,-10.261044289524252,,,,,74.10695187165774,0.124,0.1533333333333333,5.104585189983393,0.2447391299982463,29.26604918697039,3.163339530453239,0,FRIENDS,RACHEL,0.25769151544511265,-0.5395708716901082,-0.6577861607969883,2.806019453654795,2.764860047170309,2.5119391371730004,2.5483279382096824,3.304430918860417,3.169725297969989,5.2402669247636275
2_243,0.7293333333333333,0.527,0.604,220.72054242368543,52.73266575583615,232.8571536097081,0.0149421934089765,0.1503089870692457,6.4438173493855535,0.3662420382165605,6.291910400913112,9.37017220027614,6.319026619226722,11.307037868296913,0.1186715972991121,0.0613444726183983,0.5129702996630191,0.6288581702021669,0.2132007163556104,-0.1158878705391478,0.1555086523624984,8.611695141666315,2.8313596804109005,0.5383326802381305,8.249772547711986,,,,,76.04199721846781,0.17,0.2114285714285714,7.434637907883354,0.7441630262066192,48.513067237723256,4.038412633685296,0,FRIENDS,CHANDLER,0.030168661895783124,0.4222654333980189,0.08398302879603552,0.817102248000827,0.788911418869698,0.8754574378640044,0.7869335861050438,0.36664598547167904,0.791474409067969,1.1747874223927213
2_474,0.917,0.456,0.741,141.2436383158863,34.88578844351608,116.2635784119154,0.0155216234590583,0.1337886232185607,9.040153752343578,0.6597938144329897,4.986657017504184,11.843982500139546,6.903416765263902,6.710094670049508,0.1288009754674874,0.0559125544598792,0.5244358898752862,0.5337079401925698,0.447213595499958,-0.0092720503172836,0.0574718616536952,38.24258580285971,2.9919942105025106,-15.940069074154012,-10.666050191094364,,,,,,,,4.975458518251459,0.4215529466692909,47.68956533662417,3.253392998693659,1,FRIENDS,CHANDLER,-0.5693334487430501,0.8178436730999117,0.28277172739844453,0.13819300953240488,2.158934913615073,2.2099692998005067,0.707526458275455,1.3410912405151612,1.9271975724020622,2.4521847172712548
2_245,0.722,0.39175,0.601,126.05717805154768,32.410886672043134,140.27955963067637,0.0209711171645856,0.1114260450683079,9.53633232575483,0.3093645484949833,4.155578841036388,13.881279022109076,8.723266343945896,10.425656106189674,0.1213543150992391,0.0460765648948731,0.1817611292696857,0.3305371981204782,0.224706428005461,-0.1487760688507925,0.0863022454102849,7.447691665531496,2.6595704582632886,1.1324284952394792,11.633198626368678,0.472688125441902,0.0,0.3324463072829111,-0.0,77.68768721047998,0.7575000000000001,0.5000000000000001,5.752980856623214,1.2290490489671675,64.24038276910537,3.2797357460537184,0,FRIENDS,PERSON,-0.7004901301805601,0.8817504900099454,0.28796237250704726,-0.476172040771766,0.7353758649009624,0.8462345503763438,0.22431808940879405,0.14637462510898303,0.5582721778692965,0.6192026814337407
2_176,0.448,0.255,0.396,161.10789736978484,29.05814380625757,147.9751866392587,0.0227357357079497,0.1063119455132398,5.765005354976609,0.4980842911877394,5.670324018515344,8.934524347813175,10.512364398944776,12.481551175502304,0.1262583082950912,0.0686370244837144,0.3448827888551832,0.5502166515418503,0.0330589802453642,-0.205333862686667,0.160830809944671,16.69049051478807,6.0483456197497,-0.0909662925070114,-11.335741665241564,3.1285870289853186,0.0,0.7560432024687125,-0.0,78.33198380566799,0.212,0.225,4.351316885720381,0.5752079602464347,48.72649464621501,1.542439639965726,0,FRIENDS,CHANDLER,-0.6125112610489005,0.510924450638426,0.09294616071021793,-1.7837894824697478,-1.26490710611271,-1.1506627612804659,1.1712782214208473,1.775831556751136,1.2436089219906838,2.4641496587631964
2_427,0.4479999999999999,0.6233333333333334,0.4686666666666666,398.3320102835166,87.70508850028463,388.6476991761683,0.0223475306355998,0.1332466491733592,7.23538554622149,0.6563573883161512,5.7743853595415615,11.488619898149794,10.481040070023017,24.35193409370777,0.0785311890348594,0.0606209653384167,0.1448362432841728,0.3293947758764667,0.2944840695329241,-0.1845585325922939,0.0683338897467296,51.82659716964395,9.85042208392384,0.8295109325545251,2.4133826172824087,7.011196775489946,0.0,0.6793394540637131,-0.0,96.20907578997388,0.11,0.0933333333333333,5.08211615375103,0.527964852061631,37.741411940951,4.615467832930156,0,FRIENDS,RACHEL,1.0388534472436026,0.3750722374507077,-0.7457184195214263,1.738251402542489,-1.2649071061127106,-0.4428194865793533,0.6993979552988865,1.6399793435634185,0.30289893294207293,1.8084350999602974
2_534,0.529,0.269,0.558,473.3194376152978,95.52015448924232,297.4648570100343,0.0122730959083783,0.1306377482383924,12.047988331460928,0.7425742574257426,7.652928416485901,7.542735163235161,5.632329563168897,13.872045102964622,0.055095192769217,0.0442196547588067,0.4834320172311738,0.6606500685626876,0.2336824951347944,-0.1772180513315138,0.1570184693647117,39.13842301190412,8.60954446854664,-0.9152869702651384,0.5074345344323046,,,,,168.421052631579,0.14,,3.4176100459617493,0.3019292013097612,20.208590627477108,5.618658499693777,0,FRIENDS,PHOEBE,1.566368696138292,1.2653072905164102,-0.8813012116117337,-1.649920055166115,-0.6735825781853102,0.4273731630532087,3.216288751304407,1.9388898687017204,1.3086743746649425,3.9769882918643495
2_626,0.6532,0.531,0.4977999999999999,245.9769083274556,53.23979152046283,258.78002409380235,0.0197001293008105,0.1325179154682327,10.017846021704564,0.6802325581395349,4.888752673587564,9.047320349548457,3.1110587918819146,5.071197031536203,0.1003626527874075,0.0645379937271818,0.2657703129565602,0.3152390272300027,0.0331314780961285,-0.0494687142734425,0.0501745651483641,23.07373663733104,7.189342167040534,1.0221159189630715,-6.5018103557070575,0.6660341575651056,0.0,0.5751473733632427,-0.0,73.80803104941037,0.0971428571428571,0.03,5.427201322243953,0.6329597000082732,42.165929870203286,2.6977913010747634,0,FRIENDS,PHOEBE,-0.30053534006683624,0.7586561559766967,-0.6153055186994162,0.8553506558018649,0.23311503130336889,-0.1590327791991827,1.155885995868701,0.5255411246733278,0.4562727395002335,1.349240794661699
2_189,0.61475,0.402,0.5595,167.2721281380827,57.82334020624475,469.2604797000125,0.0279217424481753,0.1318145856743771,8.10836927971311,0.5988909426987061,6.4338235294117645,8.013592911737845,3.47679495355482,5.498972777061357,0.1247660038529055,0.0596012695516338,0.3291009121910005,0.3742799366904834,0.5100613704506707,-0.0451790244994828,0.0351761897252833,17.43379440546479,4.044117647058823,-0.905157795831373,-16.392261451664233,5.291346902409586,5.505593763861931,0.9191176470588236,1.0,89.76302158910855,0.117,0.1742857142857143,4.77326714358413,0.6284498426875192,48.96085009192615,4.20800045150846,1,FRIENDS,CHANDLER,-0.20890714482747086,0.25538082081110725,0.24171963810016248,-0.37816049578160615,-0.047581611891797805,0.4419846067970385,0.1692533509541353,0.30296243270290507,0.20026496869687602,0.4006731712076898
2_232,0.9096666666666668,0.468,0.5826666666666667,283.8268648221546,77.61629157288448,370.4045237583061,0.0236274135227886,0.1179607012242985,10.449229868813784,0.5203488372093024,4.026031613542699,14.937196133275789,3.0834390791132096,6.004461358197738,0.0892437988922107,0.0640879398452718,0.3390396091855024,0.491748970333321,0.0607955472269831,-0.1527093611478186,0.0592088221221445,22.01135732978135,5.176326360269185,-0.5500886442588885,-3.208858660836567,,,,,62.177328843995504,0.3066666666666667,0.5333333333333333,5.924985742917871,0.8428521859514856,69.2146628224012,4.408897901621913,0,FRIENDS,PHOEBE,0.33591718773647683,0.7965157949906235,-0.42293520346116004,0.2529382329355186,2.1053993596463383,0.6676502379517512,0.08297895480095824,1.3088835646557149,1.0905854414129112,1.705707565143423
2_400,0.436,0.5274,0.5368,130.3473611650654,72.38630296424344,485.9348242315924,0.0179008887619701,0.1539137162418224,5.386387736626095,0.4568807339449541,4.924602747884493,9.117436612729596,3.412530313438237,4.959304039707916,0.1432235095409059,0.0895429990927809,0.4249344367909252,0.5253373042062249,0.0738817655706926,-0.1004028674152997,0.1956321261528733,9.353575522572015,4.559817359152309,-0.503241106820065,16.136272654489307,6.4328819516961255,10.28756000971486,0.9119634718304616,1.0,68.64652014652015,0.156,0.194,4.32110018091106,0.4948176674709911,44.50923629722069,1.3976433500571035,0,FRIENDS,CHANDLER,-0.5539857258490715,0.16889053397523157,-0.015040326393880607,0.8209270887809303,-1.352510739879732,0.22086475814040696,1.3749128146300018,1.5214012738549636,0.23590508453428757,2.0641458991143113
2_230,0.5035000000000001,0.5375,0.5489999999999999,200.0710555689095,64.85528569670666,471.8074199294989,0.0267428078611994,0.1230032673616483,8.527389593251009,0.5951219512195122,6.765434263297465,8.499716945843893,3.7095213875873263,3.744266820565626,0.0999840146853216,0.0604059825275316,0.3022221809125413,0.2287257363466423,0.0387201546331182,0.0734964445658989,0.0835400469152061,19.62960929842104,3.86596243616998,-0.0162940461004121,4.9831998285665655,,,,,94.2089522146911,0.1454545454545454,0.225,3.971922933209493,0.4193236726557002,43.80772891882825,3.1429784783497534,0,FRIENDS,CHANDLER,0.11279517676772509,0.43635434955113517,0.26254096005376687,0.917504318478551,-0.859740299940232,0.33970450059022567,0.8047091417108259,1.2960946494913672,0.0771635405364588,1.5275380044965317
2_180,0.67,0.548,0.536,365.3765913168221,93.12878668698716,403.2328480432424,0.0314964476263597,0.1884334466917644,4.478487197174808,0.6369426751592356,6.875,5.208518085853676,2.5920291021756827,3.3444061911434324,0.183236377466747,0.1917473622618017,0.4662669809695029,0.472059637928269,0.288823744712556,-0.005792656958766,0.1059386486595633,26.63124440038244,5.625,-5.78872664967434,-23.24494429834028,,,,,74.36928811928811,0.05,0.0099999999999999,3.0509460405076583,0.2843560051371884,37.28341555280549,5.57886687962415,0,FRIENDS,PHOEBE,0.7080223445138176,-0.83422222845104,-0.919053225621164,1.0179063889562758,0.3557601185772002,0.2130719881436972,0.3098840444424582,1.1899823470282402,1.1321252137648612,1.671464509608561
2_550,0.6796666666666665,0.3443333333333333,0.5576666666666666,178.37877273607037,75.70608801328187,314.25627634915224,0.0234369160473136,0.1134627816267766,2.4068878436828087,0.4,4.9054505005561735,8.110333253295218,8.085515302915454,12.218875696864115,0.1323102634279856,0.0654230018014891,0.5316088789131042,0.3004815619699514,0.4708709557974188,0.2311273169431527,0.157674558839957,9.121641134691089,2.725250278086763,-16.474624200117443,-18.96756945569764,,,,,89.73063973063974,0.1033333333333333,0.11,5.056663911795548,0.733429527120503,83.80678888668794,3.575403252005149,1,FRIENDS,CHANDLER,-0.442014711276016,0.09521949427143897,-0.38389822277354896,-0.9295750415799022,0.42632971244507784,0.42412617555457904,0.48756033030388624,0.33111021817363884,0.808024398328128,1.000126232311983
2_454,0.551,0.35,0.457,194.2134819025179,36.54989629677864,156.80341635955244,0.0151510272840347,0.0877637571700938,8.658927411669127,0.2095730918499353,4.120869494118884,11.31380081047466,0.5513092521753821,0.7863379440834536,0.110671232150269,0.0628380099927293,0.4926718568853651,0.4565286899720466,0.0247612759120891,0.0361431669133184,0.1891922125855448,4.951169031960948,0.2575543433824302,0.1254737627443472,-8.236141926558794,,,,,100.3784503345907,0.6415384615384615,0.718,6.320214690076351,2.020824307514405,47.110920654836505,4.812284334914637,0,FRIENDS,PERSON,-0.6515625875894988,1.2985978783189103,-0.3755426226042886,-0.8753897971950988,-0.5129759162791028,-0.5564640490313663,0.22382720960559999,1.811573794598013,0.18092142642707765,1.8342929961089862
2_151,0.4078,0.4509999999999999,0.4596,196.5450205386683,48.753801910647766,171.66038023449858,0.0162851690040721,0.1569569978743775,2.08842631079442,0.5714285714285714,6.343903842465315,3.489925226770125,20.58810306307741,14.867904924286346,0.1565428963495533,0.1280426769085307,0.5289905215716248,0.5799326443403883,0.0832063095407012,-0.0509421227687634,0.0884695768942456,14.235701118906348,3.524391023591842,-1.1093174059951794,13.338284596281111,,,,,86.90396056706217,0.0745454545454545,0.045,2.9044159901615387,0.3973677477087551,35.55411986137016,3.073190329836794,1,FRIENDS,CHANDLER,-0.6112806316137656,-0.12743871657544517,-0.48418822451445104,0.09038249978110646,-1.5583792792322342,-0.5311375465420605,0.701663131394872,1.430940562656789,0.04694932202760943,1.594404679701561
2_439,0.6673333333333332,0.4633333333333334,0.5123333333333333,241.12105584164547,90.45294916374384,505.7568317423669,0.0150675310096895,0.1248481090548253,10.289253386039364,0.7471698113207547,5.2082806094042615,7.945302182033417,25.992480001350287,40.55232876620563,0.0813891247453594,0.0530810272052676,0.3057137099703161,0.4049860446668011,0.0296304425472979,-0.099272334696485,0.0797601069469952,23.8529826931208,4.464240522346509,-3.41169057540239,-20.273684326887924,1.0953904009780646,1.099485047169824,1.860100217644379,0.8112781244591328,64.7165306235771,0.17,0.3,3.798196063524349,0.4416980692257874,47.70805697703593,3.859687448831632,0,FRIENDS,PERSON,-0.009186094247567167,1.0254981711169309,-0.6022479862770567,0.20831509050097452,0.3362926444067497,-0.01746412425895946,0.2175011847485417,0.6892055267101811,0.5847838620180972,0.9296683218716653
2_385,0.765,0.361,0.704,325.495763737855,56.45760446840793,215.59624164720924,0.0279318709250629,0.1426226877094915,6.294331238022361,0.6494845360824743,6.981319824505857,6.058745302018954,2.478239411243721,3.5601478963274014,0.1140335733300325,0.0758810435801491,0.3365223032528403,0.4548782788627189,0.1128266121666902,-0.1183559756098786,0.1429699179806015,29.470741901105164,5.983988421005021,-2.8783391270411207,-6.148286141220918,,,,,50.37878787878788,0.0533333333333333,0.0,4.1127620688769015,0.2483155683957317,19.103030303030305,3.494223929568453,0,FRIENDS,RACHEL,0.3523393018342784,-0.02916774264416934,-0.5766819138261181,-0.7702066757422446,1.0492888858994587,1.849553687452692,1.122545977576523,1.0784566285436281,2.42623560127881,2.882671914099083
2_547,0.757,0.389,0.593,214.48047969866963,68.89427571616933,415.0383636762725,0.0196320323479564,0.1226611641732037,7.146351375217989,0.4936170212765957,4.6037771661763305,9.595798755366763,7.553136358077561,10.355432561550654,0.1274012105206715,0.06524565744141,0.2369572926751309,0.3573576904951297,0.280056016805602,-0.1204003978199987,0.0483830663851959,13.368748722497577,5.022302363101452,0.6189027488193283,2.121426596828293,1.469325467631548,1.469325467631548,1.255575590775363,1.0,79.20841063698207,0.0742857142857142,0.1333333333333333,2.548266603855072,0.3104817095526869,37.32055784123604,2.862150074624381,0,FRIENDS,CHANDLER,-0.3166524564741808,0.593526693768486,-0.5001710868429847,-0.5024678211349793,0.9908864633881105,0.7683068504092487,0.18581536466079857,0.3973597696196245,1.2684779372522335,1.3421841950909226
2_65,0.929,0.51,0.625,218.40309589023053,29.925931600118208,102.36762697950132,0.0233338707703238,0.1153784685572133,9.035604505752438,0.3678756476683937,5.095085149155441,8.814795133643809,2.2858788404863377,2.787908086954213,0.1062257626550531,0.056614432210395,0.4468537039893283,0.4063395216906412,0.1497381870588699,0.040514182298687,0.1854893123770065,15.769354032984657,3.5665596044088086,2.417635719518829,-2.5354368561062195,,,,,104.41245029480324,0.2333333333333333,0.3066666666666666,13.001286591454502,0.5651809159014883,45.79654727864117,3.6510743809189705,0,FRIENDS,PHOEBE,-0.5652715199341929,0.7050079535683793,-0.4269255813101356,0.6545465148464159,2.246538547382095,1.080017650277629,1.2198180347806087,1.5415305938137156,1.5069432315877647,2.476923598512451
2_251,0.738,0.329,0.491,397.4805391620385,91.24452604453876,476.5364681059631,0.0181855423614652,0.1294079765157132,6.349594060376621,0.4470588235294118,6.405228758169934,8.22374650572914,30.244974081494444,41.142006351094864,0.0939339955669971,0.0649395836097245,0.3453975161264196,0.4978505335774998,0.0707106781186547,-0.1524530174510801,0.0291451054909634,22.02873433954748,4.949494949494949,-2.5248512353221604,-13.09193031427123,,,,,59.92262920156658,0.3466666666666667,0.16,3.962630066774069,0.665143211467657,52.843112714648456,4.044924345029117,0,FRIENDS,MONICA,0.9508154337963542,0.4775313795393012,-0.8949121350397827,-1.0761939381505472,0.8521807099236587,-0.22527132417121268,2.0270093719469013,0.3746493303843575,0.6696408108685701,2.167382737381364
2_205,0.5086666666666667,0.4703333333333333,0.565,377.6135743252175,76.95880996585551,430.7643422058607,0.0247264020887695,0.1649514704367472,4.341832638792375,0.6134453781512605,7.488867644469043,4.621439844022204,11.749652521748857,11.80469282430914,0.107060848483596,0.0678709897087032,0.4212574847141366,0.5204343385712193,0.1334520101110186,-0.0991768538570826,0.2852939513838548,17.7169016048433,7.488867644469043,0.8477064578978151,-3.595664847269896,8.050629979363501,9.773571918247388,1.109461873254673,0.9182958340544896,89.98182931619462,0.0784615384615384,0.125,3.179500833629166,0.3739488603207773,31.96049756472363,2.9550359304614253,0,FRIENDS,RACHEL,0.7379091807259186,-0.33286075180132474,-0.8173540640124375,0.2752498041527903,-0.8220220687349865,0.49555990052441584,0.4626593765731283,0.48916131693366177,1.3129139645368533,1.4754916370454925
2_405,0.6358,0.4114000000000001,0.6075999999999999,219.18333812692848,45.43400419264522,274.0584145743336,0.0263226215761379,0.1507655682195737,5.799982585761734,0.6639344262295082,7.27362691736764,4.936124926431639,29.61760218000956,39.81433629048779,0.1182285221467567,0.069567874625078,0.4792311845784858,0.4074068840269425,0.1395907614074226,0.0718243005515433,0.1396968107439288,16.669960948608544,5.657265380174831,1.87636700377718,15.05526817863132,0.1683066503313757,0.0,0.8081807685964044,-0.0,90.97572718262371,0.0555555555555555,0.0099999999999999,3.580471999308775,0.2490974961131764,21.659431785201463,3.827822915644605,0,FRIENDS,ROSS,-0.1585897905931607,-0.13073502263905784,-0.0691689299941735,-0.2882767374491665,0.10608976234118699,0.9105249028491966,0.1296869468560058,0.23682478498024484,0.9796938328433701,1.0162207875639548
2_375,0.441,0.337,0.543,217.57211431399983,35.22677871110057,182.61517781357827,0.0223923541956136,0.1489703041266312,7.704684721905339,0.7909836065573771,6.869536533069438,5.786791902041249,4.787372326294625,5.367832543083679,0.1039019765549671,0.0571672003716101,0.4313568523943453,0.6891423212508831,0.0795711466925491,-0.2577854688565378,0.1366259227373135,22.77125830653303,7.677717301665842,-2.5944364157679383,-6.8062100875111256,1.987560330655075,1.987560330655075,1.2122711528946066,1.0,100.58922558922558,0.08,,2.0410873985548768,0.3752168529478383,50.50533121431495,1.4363967529260802,0,FRIENDS,ROSS,-0.2902979895155412,0.25537602194140174,-0.11237648944552896,-0.9996971225484714,-1.3160092258101395,0.28125872561490545,0.7093991330329302,1.5713852477515413,0.3936352150604344,1.7684590493801997
2_72,0.825,0.4545,0.738,149.04211914183642,54.43300003121042,458.9270492834348,0.0174678493452779,0.135055371709043,9.039441504577889,0.4327666151468315,4.764344262295082,9.260195916073528,1.1849253815131215,2.0686843351616555,0.1255896303276712,0.0706558400896044,0.3585563955660297,0.347784253128353,0.1941958650100681,0.0107721424376767,0.3114144582999284,7.363441926783956,3.8422131147540974,-0.3822736375881915,-22.025654109199102,0.8672698823862236,1.1589317576492284,1.0758196721311477,0.9182958340544896,102.36795142927808,0.3799999999999999,0.3,5.492673106286885,1.410680575166591,36.309794176447376,1.2763024770328024,0,FRIENDS,ROSS,-0.6701265849538707,0.7325544137472895,-0.1523073171481554,0.12384985660701567,1.487307054734569,2.180746412312846,0.7939764415608863,0.7547526409872796,2.3330537294610014,2.5774386206819453
2_353,0.283,0.381,0.329,125.31174208575295,30.749627119750123,106.49298722542102,0.0226810306417292,0.1363657198345334,6.600610811361395,0.4740484429065744,6.158740010861975,10.89723491871554,5.445542845623503,6.525578784117948,0.1423053056456105,0.0716434804257602,0.5306840267308494,0.5364530461288064,0.2300894966542111,-0.005769019397957,0.0314971019479517,11.4789384563981,3.763674451082318,-5.132925008411375,-6.749369221491495,,,,,74.64347682392797,0.2175,0.4333333333333333,4.064491509473744,0.5321643831745381,38.1674089746237,2.087116461915363,0,FRIENDS,JOEY,-0.41542040838594396,0.2749932074408956,0.6944366231447342,-0.5789646367370551,-2.469457070409265,-1.8033072485048867,0.16354422835111115,2.7444502778501603,2.4977438716496208,3.7144957249379114
2_499,0.198,0.349,0.298,250.7078183017523,54.60494437997906,209.9741198467572,0.035222914975019,0.1651267200938277,2.312890731899733,0.4729729729729729,5.941794664510914,7.233075434648089,4.989087224982373,7.106387268994715,0.1545995605324365,0.0753117125424171,0.2744292075141817,0.3880123692064937,0.5242224339966226,-0.1135831616923119,0.1164931451559256,14.441124071173478,3.3009970358393965,-1.794940301826364,4.807185457669688,,,,,59.10364145658264,0.2,0.23,2.3667207228274307,0.6518135112379015,48.28743325287105,4.945295395393956,0,FRIENDS,PHOEBE,-0.13454018351907948,-0.9399125905100456,-0.4568424871672829,-0.8849518991453582,-3.089982809592338,-2.1052770858773804,0.7504117156262787,2.1500702190822922,1.6484345987100975,2.8112730774790045
2_317,0.553625,0.377125,0.50425,343.8691267408116,101.3685128504493,470.39616002228274,0.0226559171830639,0.1180643378346298,9.891685687662305,0.524822695035461,5.625,9.734746666572391,0.9334563970884928,1.218558720488777,0.0915630125200921,0.0691733404509203,0.1999300089447854,0.2731875097179639,0.2350464053838808,-0.0732575007731785,0.0523785134919785,14.621951794978044,4.6875,0.1704687641314888,-1.80511814285685,,,,,99.88467563333872,0.1963636363636363,0.15,6.336378351640983,0.6708549882748551,52.65687796968166,2.987219524676892,0,FRIENDS,PERSON,0.7501480662843615,0.7851823317168082,-0.7416786012762574,-0.6160177817943107,-0.49381262139256676,-0.0962035711007117,1.3661658480786723,1.278994953109375,0.6454750301755456,1.979614919401218
2_254,0.6736666666666666,0.4496666666666666,0.3673333333333333,167.6781860056512,25.683889957481856,149.17129458706984,0.0274010659880433,0.1133095917665144,7.035856436158283,0.6733870967741935,5.561360524609066,7.76544030165536,37.07270183334776,40.0200567637952,0.122590947631239,0.0661315173469243,0.3038411212642007,0.346654403876389,0.0300798174147256,-0.0428132826121882,0.232012240653207,34.02354212024662,6.753080637025294,1.8903408798928512,11.157911151593863,0.6583706618540415,0.4018032764735419,1.1917201124162284,-0.0,113.3715775749674,0.12,0.12,3.6364730648019465,0.7217843833435013,50.7510362444573,1.7699116956788985,1,FRIENDS,PHOEBE,-0.7535067361893856,0.3338128882054279,-0.12231015257070071,0.07763303051409418,0.3825278955615675,-1.429903686162557,0.8311397667034798,0.048715007356139595,1.3075935335918563,1.550150738744094
2_94,0.666,0.454,0.495,175.70348019280482,52.94795887146464,218.7382906784441,0.019623492934402,0.1317828770772346,3.784533082595368,0.4174311926605504,7.211479497976371,9.303006358450832,3.010934739617196,6.27249395871252,0.1120947591717917,0.0574376266677436,0.3617971114483664,0.3349477073306068,0.0586210381760549,0.0268494041177596,0.2550259596850986,11.568217202716635,4.957892154858755,6.851761824637209,8.574765314447445,,,,,52.34262125902994,0.1733333333333333,0.1,4.8364713092822775,0.3650397450511161,42.73062717910155,3.602321293279574,0,FRIENDS,ROSS,0.11962774509766716,0.1875745174664734,0.6509948439765774,0.11906880563188593,0.3265589073215261,-0.18630747418766513,0.0005589394657812274,0.13898438985505268,0.8373023181642425,0.848759179649871
2_365,0.352,0.2845,0.3065,149.1863364804127,119.1466685626404,475.2419930644474,0.0110255729155336,0.1082037402120649,10.440692547580012,0.4296296296296296,3.662060718793596,11.079693931586334,19.99904391583174,12.074606488840114,0.1259444016515274,0.0609455375078785,0.3003820790819111,0.7175925595777148,0.0937042571331636,-0.4172104804958036,0.2450457973979614,4.5324129277473295,1.4648242875174384,-0.2489581030022067,-1.4389225062671294,1.7976922639005215,1.9907721926811,1.831030359396798,0.8112781244591328,94.78036175710596,0.2599999999999999,0.2599999999999999,5.471378707044988,0.8794243563752581,61.09475682690935,1.5966269698423998,0,FRIENDS,JOEY,-0.26679616693896346,1.388701634718287,-0.35325637474095606,-1.5017074749370938,-1.9657361762488874,-2.0224789046623415,1.2349113079981304,3.354437810967174,1.6692225299213854,3.9450681642609235
2_301,0.5915,0.3303333333333333,0.4519999999999999,194.5055717702365,61.569246939883456,254.3820336269657,0.0302760248566316,0.1602902874503463,7.269339459985262,0.4899598393574297,5.931458699472759,13.82623273920156,7.302496448429645,8.001684914884674,0.1108183790841828,0.0541356563071777,0.5014087946121039,0.6667178685643805,0.1991886376285653,-0.1653090739522766,0.0666375851381994,20.72096083695024,4.745166959578207,-7.148649064565247,-4.986222509810757,,,,,103.6985236985237,0.22,0.2666666666666666,6.369654260940069,0.1778081615959726,19.451724687107,3.667760201011514,0,FRIENDS,CHANDLER,0.30733822394545346,-0.22814794126509316,0.6150261450272959,-1.063444468883535,-0.21731365231540317,-0.6051688615108018,1.3707826928289883,0.01083428894968999,1.2201950065380978,1.8352216287841223
2_302,0.44325,0.46975,0.4837499999999999,398.7444015692354,85.2421106532712,355.4630668098082,0.0174513527479958,0.1105413921863798,6.757154872885482,0.5056179775280899,6.0267857142857135,8.564571375241785,2.084241875410388,3.3471630551332026,0.0919328928868343,0.0808687895133604,0.518538643286692,0.6158611039406128,0.1532848348712414,-0.0973224606539208,0.0815987214519389,16.693663358916517,3.7946428571428568,-2.154863181807245,-2.34034865761954,,,,,80.44529176692919,0.152,0.2,3.3711161222675696,0.4338342365300517,41.65155810515534,2.340210045598636,0,FRIENDS,PHOEBE,0.8270449678400151,0.7818982953489984,-1.0041931511813094,0.2696719113484724,-1.299583544478823,-0.29589330226639343,0.5573730564915427,2.0814818398278216,0.7082998489149159,2.2682416206411147
2_305,0.7079999999999999,0.5383333333333332,0.5373333333333333,261.9659614831277,143.51911512711055,380.5577008173163,0.0508897426763766,0.2083228634701952,3.6846369995207526,0.4210526315789473,6.25,8.047151102996636,89.20283121653068,119.88898223063848,0.1532653963977527,0.0669950753673667,0.2006851972922428,0.2692074397892318,0.0146379783186231,-0.068522242496989,0.2330871519111117,11.4632045119508,6.25,11.776833505020203,20.62418160757667,0.2756956726720907,0.0,0.6944444444444444,-0.0,93.22943722943722,0.4266666666666666,0.92,3.6614290781666616,0.4725585115527586,45.018695184705656,3.145501150230324,0,FRIENDS,JOEY,0.8290110852864272,-2.010361242492564,-0.297688968571707,0.925472736770433,0.6331716255061023,0.2260599381382127,0.09646165148400576,2.6435328679986663,0.5237489067099197,2.6966430597459707
2_27,0.6516666666666666,0.5056666666666667,0.535,266.73527897103946,48.6022944412716,195.79590900636424,0.0195829544723263,0.1595346013416153,8.197194650659956,0.4299363057324841,3.460550720502212,10.401056774282116,1.2305122609485943,1.959138100257845,0.1096315980028486,0.0638771582871189,0.2303313630342713,0.2444808038296256,0.1837656494599398,-0.0141494407953543,0.0724561926939157,16.589219022257364,2.8313596804109005,-5.406256343780964,-10.93477179464048,0.7516186943226462,0.0,0.6291910400913112,-0.0,107.52198676297348,0.2114285714285714,0.6200000000000001,6.810634236030114,0.3482511263136885,37.76419205777432,2.7452787871401783,0,FRIENDS,MONICA,-0.5476360809004309,0.30585304309419326,-1.0995290545840413,0.6131107397286252,0.22192123365536012,0.20333102564781033,1.160746820629056,0.08393180943883313,1.3028600802318515,1.7469465128898152
2_615,0.8245,0.4355,0.6325000000000001,255.02399171663376,111.63983452841244,452.44842213857,0.0257775380045357,0.1429743608749196,6.160925995340504,0.5341055341055341,5.635226262872676,7.172749563036646,2.2570190846809344,2.678863889494543,0.1280714973974368,0.0752848453269333,0.4572647904332928,0.449794826661928,0.0696099716465591,0.0074699637713647,0.0579640451055193,22.570712454491325,3.9702730488421127,1.3444708741925482,-1.6262397916832647,8.375485635650481,8.471844358950095,0.5122932966247887,0.9182958340544896,79.00653609063747,0.1980952380952381,0.2888888888888889,3.7554967639021526,0.8545028113519719,46.671557912260894,5.519472383482794,0,FRIENDS,PERSON,0.2760226257580666,0.04187290660170287,-0.602385256801831,-0.05783008044791432,1.4836569033276101,1.1530748689967811,0.3338527062059809,1.4417839967259072,1.7554601257986122,2.296048556961474
2_577,0.6168571428571428,0.3305714285714285,0.4382857142857143,163.48382309841716,78.33159622891006,483.092670505908,0.0172724653210986,0.164077462139829,9.751641775497362,0.4903758020164986,4.6600722703840605,9.623634152188789,49.95152486621097,51.383916083383085,0.121226357909607,0.0715962909001994,0.3034997427093673,0.3111505946418991,0.0821019721141927,-0.0076508519325318,0.1371008812677768,12.927265580233891,4.6600722703840605,0.1552106651573079,20.04913494065205,1.7239878391027526,2.676206227769948,1.2792355252034675,0.9957274520849256,107.65063997885412,0.3663157894736841,0.418181818181818,6.201615510681039,1.207068464309222,59.48033520612849,4.533864671596911,0,FRIENDS,ROSS,-0.40866978461225983,0.4362950531052603,-0.22039611067831907,-1.0611677779429973,-0.03219883096247028,-0.7387592043115352,0.6524979933307375,0.46849388406773057,0.5183630936332161,0.9560023261219116
2_467,0.6555,0.453,0.5915,229.0841639144571,41.85750639753724,144.77412314041942,0.0172641844186743,0.1483876023265162,6.693417512259884,0.4904458598726114,4.375,6.185511216635502,6.807401048219697,5.176183448512663,0.099268801517523,0.0507483912992829,0.4964299136468824,0.5912902609515485,0.2090199042874853,-0.094860347304666,0.0869584628355073,16.036340693510525,1.25,-5.781295528121891,-6.773623289138172,,,,,62.56493506493507,0.0399999999999999,0.04,3.15778553426682,0.409068793855641,54.18175556834928,1.9811039349041584,0,FRIENDS,RACHEL,-0.8665418146214671,0.3718176241984962,-1.0713696489742688,0.10950670368162646,0.24990572777538125,0.7536954066654189,0.9760485183030936,0.12191189642311492,1.8250650556396877,2.073257262832628
2_526,0.7969999999999999,0.4455,0.586,256.56836771435,125.92955023402948,432.8320386301126,0.0370383056229704,0.1868033637225605,2.275973700366776,0.4862385321100917,5.859327092105802,7.140119098195115,2.838288564528387,4.023059327957582,0.1388526673074807,0.0752841984585457,0.2165241660361681,0.2760565948501795,0.1333333333333333,-0.0595324288140113,0.080110104206614,14.745632425334607,4.507174686235232,7.109983954539688,-2.9564412378690683,,,,,65.54621848739497,0.1371428571428571,0.1866666666666666,3.1366119140074,0.3267342852659571,43.84167051044216,6.252912019118428,0,FRIENDS,PERSON1,0.4649404226231385,-1.2465585749662749,-0.5287414113140422,0.037790939054680416,1.2828985759448506,0.7001201129380404,0.4271494835684581,2.529457150911125,1.2288615242520826,2.8444174808553293
2_257,0.7005,0.4722499999999999,0.4589999999999999,416.8348827553874,100.94038932897608,395.06537669134894,0.0211562770297384,0.1551491048286688,5.640637235134741,0.6090425531914894,6.320164333826972,8.064849664058638,9.452074044240309,15.70654000194904,0.1375709956096697,0.1215584718908012,0.7225139568167146,0.5124312297462214,0.0373456843486635,0.2100827270704932,0.0420193921354683,29.647802180808203,8.690225959012086,-0.3382296803522001,2.8038786183366886,,,,,87.09179709179709,0.1046153846153846,0.156,4.974442391522119,0.7986859168221337,40.91277804377684,4.150357689332578,0,FRIENDS,PHOEBE,1.0675957803572733,0.04056294524980261,-1.0432196514297343,0.29357716622412,0.5784193544017147,-0.5369821240395936,0.7740186141331533,0.537856409151912,0.5062375273901407,1.0698928759593083
2_259,0.6653333333333332,0.4951666666666667,0.5499999999999999,213.3957738122473,57.11574944766174,327.9659495179171,0.0229073214218435,0.1313217079231832,9.702722249526486,0.3962882096069869,4.78536866870866,9.006917601562394,1.1901481803058325,1.903399621393309,0.1026933949823323,0.0667634804410304,0.4326273947388147,0.420428385869787,0.2077674306436664,0.0121990088690277,0.0239083825163916,10.415552407395811,3.589026501531495,0.4328164389422378,7.238219466865333,0.1106161306175721,0.0,0.2175167576685754,-0.0,87.66100838159663,0.2819047619047619,0.3341176470588236,5.657095532610319,0.8996771123244647,52.85846901782708,2.743222947876758,0,FRIENDS,PERSON1,-0.42276582409517505,0.6148703512535949,-0.49661578321500044,0.5127086692509008,0.32169203877891267,0.3494454630861126,0.9354744933460758,0.29317831247468223,0.846061246301113,1.2949462085736196
2_609,0.7969999999999999,0.4155,0.5754999999999999,104.12759061731678,12.291544897111386,50.69649553412786,0.0262386862773655,0.1625052601738821,4.978888607340557,0.6041666666666666,6.793394540637131,6.052657287687815,59.25147317325784,38.19925631675586,0.1374519269925607,0.0619382673124097,0.1564741998303804,0.3405411762353145,0.0627455805138158,-0.184066976404934,0.1263293726705602,15.416548686450597,8.152073448764558,-1.9459403830000512,-3.119947670371477,,,,,54.67836257309941,0.0666666666666666,0.1,2.238046407095025,0.2420488767198038,30.452727341156,1.4724482333024609,0,FRIENDS,PERSON,-0.9094042210141445,-0.366036467194399,0.45793255918977466,-0.24907211945310379,1.2828985759448506,0.5978400067312276,0.6603321015610407,1.6489350431392495,0.13990744754145296,1.7817405407977402
2_31,0.604,0.4,0.5,407.0544916480952,84.05027287867586,370.5261450793679,0.0260572951335451,0.109812878613355,8.378740717953571,0.4597701149425287,6.212222108390534,10.02714148818695,7.550055562882653,25.49875718716555,0.1053428654434719,0.0792931825832564,0.5626004922318506,0.4275453444742208,0.0883883476483184,0.1350551477576297,0.0789085224081616,19.92841640572548,3.388484786394837,-2.2812288461911043,-13.002398952073666,,,,,74.69459572685379,0.224,0.2733333333333333,3.461946042583184,0.299739470207045,32.08365096808471,2.069912263921197,1,FRIENDS,RACHEL,1.0331926957932622,0.5869580265308234,-0.7988546593915609,-0.3972846996821251,-0.1260598671414221,-0.1376026617082307,1.4304773954753873,0.7130178936722456,0.6612519976833302,1.7297150921764683
2_371,0.406,0.362,0.212,165.7961042911292,21.002715941024483,72.58828466142705,0.0131746646674501,0.09836133356355,9.072269902556876,0.616,7.03125,7.494073085880021,21.90984087753589,22.286836682378915,0.0807113767207183,0.0458991769788534,0.2664473484766469,0.4338539969520761,0.032091527190284,-0.1674066484754292,0.1503025301658697,14.366642373263389,3.125,-2.679401688757213,-1.2839535970609823,4.203017413829659,0.0,1.5625,-0.0,79.6078431372549,0.0799999999999999,0.06,2.592666699448717,0.3801181341614306,37.45596016184252,3.1090299121291194,0,FRIENDS,ROSS,-0.4054854972498587,1.27734364974335,0.41387208412966503,-0.7606445737919851,-1.5715198242972872,-2.942999860523652,0.3551590765421264,2.848863474040637,3.356871944653317,4.417097499056783
2_531,0.5640000000000001,0.4669999999999999,0.5052,128.10545562105497,71.36657166447246,392.5468929302372,0.0199553257785331,0.1232293857628448,6.289961099282103,0.351409978308026,5.292328340370505,10.03970006022567,79.0257617467579,71.4154670590277,0.143920439136023,0.0622958210688998,0.3161448590472507,0.3839939370599496,0.261697958140315,-0.0678490780126989,0.0985315932926003,7.7240730337883985,3.348207725540523,0.2666500354889224,8.085776640047449,1.4355274609594797,1.337409127907322,0.4320268032955514,0.9182958340544896,95.5843524930337,0.44625,0.4599999999999999,3.895367174360258,1.2952521285796608,45.75667418495246,5.119244167913698,0,FRIENDS,JOEY,-0.3827492393079187,0.40736266424682344,0.2473125691572947,0.24337613098525804,-0.41807197969816207,-0.0869496567296191,0.6261253702931767,0.8254346439449856,0.3342622258869138,1.0886259993240226
2_315,0.6414,0.3336,0.526,197.3301202152101,42.563225206764656,234.96707302069137,0.0274723180372237,0.1309660654167855,5.694820469985151,0.5294117647058824,7.659228588895682,6.414973650784841,3.6624621081133046,6.565276855230458,0.1215684844004209,0.0574148348617876,0.2364604759185657,0.3674165854965449,0.156173761888606,-0.1309561095779792,0.1224662410881608,15.8210055746738,6.127382871116546,0.7733363263485926,6.339384724169305,,,,,52.55839839173172,0.104,0.0971428571428571,3.925785790285328,0.2768874620972691,30.96344668187594,3.7212218893403146,1,FRIENDS,RACHEL,-0.021290975786749933,0.05698400272622893,0.36514242686723697,-1.0322082691793537,0.1469714580991302,0.11566236318482835,1.0109172933926038,0.08998745537290127,0.2494800636824086,1.0451276564992893
2_413,0.3346666666666666,0.4753333333333334,0.4048333333333334,323.7007741353418,66.09868718322666,293.5916827617027,0.0212311389014183,0.1135492480385596,8.043317969060308,0.6797900262467191,6.770833333333334,9.179487656270428,9.774070415302226,15.799606130767122,0.1053809200926442,0.068813682129937,0.2266972056623678,0.2962621344724428,0.1676120544275159,-0.069564928810075,0.0595758624498058,20.745925279228,4.166666666666667,0.3809204600642458,-11.40299804948924,,,,,73.58737466283695,0.072,0.1,5.015599026468951,0.4742245225905321,38.07431298477559,2.6460626685484945,0,FRIENDS,PHOEBE,0.6500461163220719,0.7077512600395585,-0.27162953328409584,0.32306031390408824,-2.0922747583568087,-1.0646175925667982,0.32698580241798364,2.800026018396367,0.7929880592827023,2.9284629894954266
2_548,0.6545000000000001,0.4649999999999999,0.6885,171.63489944949944,45.31186875249072,198.717269848361,0.0290570543703911,0.1723209866106801,4.2905874458029,0.396694214876033,6.114130434782609,8.748361599788572,9.89412841624429,9.004428804298058,0.1291175883966262,0.060677990217448,0.8455643792901617,0.6639611112620775,0.0363937262623419,0.1816032680280842,0.0571681388124778,11.477638090890508,2.8532608695652177,-0.6385084468332785,-5.089960252726865,,,,,72.2623408337694,0.0942857142857142,0.044,7.800953102903356,0.5567176688055282,39.9826978435743,6.374034383851926,1,FRIENDS,PERSON,-0.32428650449698027,-0.5893267262123133,0.1867940898889385,0.2242519270847391,0.24260542496146353,1.698568768766446,0.5485384315817193,0.8319321511737768,1.5117746788775075,1.810654079269133
2_128,0.5506666666666667,0.3386666666666666,0.5766666666666667,203.2334785257504,38.34164453467716,145.8379349781897,0.0214399424428263,0.1389520180399572,2.7736428062684726,0.3647540983606557,6.869536533069438,5.561311597688372,4.074057493288566,3.239004260517252,0.1054094708712236,0.0665654110983795,0.6151935852361874,0.4757289639147213,0.0207123255333733,0.139464621321466,0.2640622820627964,5.959174680327973,5.253174995876629,8.357710154850764,10.647803791658122,,,,,74.17582417582418,0.292,0.53,3.409458130009316,0.3601110394426135,29.43394254856571,2.086211966541448,1,FRIENDS,CHANDLER,-0.3378396671803118,-0.05838898822498315,-0.0678617453342893,-0.9837602859647063,-0.5154093505504087,0.6092044629764299,0.6459206187843946,0.45702036232542553,0.6770662083107193,1.041393157163582
2_326,0.462,0.312,0.392,165.13464222818453,90.25233259090778,296.88195769387295,0.0324105347454388,0.1970451181905278,1.3276676307738884,0.2990654205607476,5.514682895312728,6.567843247788359,9.77367957401548,13.40497562821498,0.196597704924901,0.2243963404149247,0.4451947922583781,0.5950940586317718,0.0637576713063338,-0.1498992663733936,0.1995534114295403,4.901417444789353,1.378670723828182,-0.8717093339141906,-5.131668875868351,,,,,80.75224292615597,0.1,0.056,4.004171189234801,0.5691876750027182,51.730622856318064,3.811492935607325,0,FRIENDS,ROSS,-0.33292549845082636,-1.26653256828723,-0.2717250420194988,-1.2387496713049582,-1.1627028667178505,-1.1896266112640135,0.9058241728541319,0.10382970156937943,0.9179015692445147,1.293770199794539
2_247,0.958,0.353,0.526,226.3835529072225,42.42298843708036,130.68187988698836,0.0179827871809496,0.1165284424853995,6.65111572543424,0.6732673267326733,6.696312364425164,7.202342869031879,25.66436351569141,27.24021469640897,0.096173356630457,0.0497280167358788,0.7995939174196384,0.7354890825187943,0.2246623825206922,0.064104834900844,0.1657183708590662,32.79417164408729,9.566160520607376,6.916072399771979,-0.2530226422739989,,,,,105.88235294117644,0.1,0.1,4.680660610701675,0.2707448808453386,46.11793435322847,2.921355615701547,1,FRIENDS,ROSS,-0.11723527104076126,0.6576037423622485,-0.05172975156616536,-0.8467034913443203,2.458247328985731,0.11566236318482835,0.7294682203035591,1.8006435866234827,0.16739211475099372,1.949990084734261
2_576,0.745,0.655,0.611,221.8208520166894,57.23002067841578,433.1543486385429,0.0281310375432023,0.1388765878462379,9.74805693739557,0.6024590163934426,5.657265380174831,9.72307273353369,3.2794839414948163,5.343360291226798,0.0991762350775595,0.0646992391838544,0.3916467248115448,0.502723929916322,0.053037152278382,-0.1110772051047772,0.1767848254685885,19.883694454640672,6.061355764473033,-1.782942239397981,-5.927703908067318,,,,,82.0021164021164,0.09,0.1266666666666666,4.252115727899448,0.3260457077948253,36.167805446773386,1.6682763106892915,0,FRIENDS,PHOEBE,-0.07654433060342537,0.3245666505573994,-0.12054264842160423,2.0410512976340387,0.9032828296210883,0.9436441753352126,2.117595628237464,0.5787161790636889,1.0641868237568168,2.439593666268651
2_146,0.51,0.441,0.444,314.0970409052602,59.45240317809767,357.20023179360624,0.0213829900090887,0.1471450034227713,6.525979168555899,0.5483870967741935,6.377532574585316,5.972545091525007,3.639046239723913,4.640660999229414,0.1745669985397067,0.2298458849242079,0.4156070121323086,0.3535039332993088,0.1165211062024152,0.0621030788329997,0.2961513787182713,16.387583531116015,7.653039089502378,0.2651707956586669,11.735669757688214,1.056272401347046,1.056272401347046,0.9566298861877972,1.0,101.4790607601065,0.156,0.18,3.701697809083296,0.6914572794328601,42.08659386533131,2.140063093348276,0,FRIENDS,PHOEBE,0.15502441802389894,0.20702625597379176,-0.7598969821852127,-0.005238519721487217,-0.8122883316497621,-0.6830965614778958,0.16026293774538616,1.0193145876235539,0.07680042070731696,1.0346906505703906
2_30,0.51,0.441,0.444,180.16430338162272,54.16299164911609,283.9479483444222,0.0219091076004281,0.126339843939495,7.758911887997512,0.4619565217391304,4.793941443617741,11.848430080621773,4.176885030104223,4.87151826117961,0.1362438701229093,0.0751423382284613,0.5545889851223884,0.5307448488885419,0.1227133288230378,0.0238441362338465,0.3736074242000825,31.84605406936495,5.326601604019712,-11.15847404235224,-16.577539920236713,,,,,84.95098039215686,0.21,,9.719797375487383,0.2020510044324847,20.24012550120924,6.857545026844007,0,FRIENDS,ROSS,-0.3132704762426002,0.5234326412266135,0.015344644186339998,-0.005238519721487217,-0.8122883316497621,-0.6830965614778958,0.308031956521113,1.3357209728763757,0.6984412056642357,1.5384584236792842
2_171,0.5289999999999999,0.263,0.5075000000000001,356.9962613337715,88.33799494572884,405.4743239847807,0.0297210426949413,0.1683687779977865,7.017748489279136,0.4980842911877394,6.426367220984056,7.373955359084101,5.363987209066988,8.433971711606253,0.1109387706938604,0.0699486152864483,0.4292833030877694,0.389584221657396,0.0,0.0396990814303734,0.0352978339663988,25.541456786803625,6.0483456197497,-0.371629736401967,-5.4609277216148815,,,,,102.32231219073324,0.2375,0.24,3.476797047201745,0.7021399475799102,46.73083687321767,3.3902217243255097,0,FRIENDS,MONICA,0.7033636750143395,-0.31352196860657866,-0.7868773126688348,-1.707292666867672,-0.6735825781853111,-0.06454544298907851,2.4106563418820115,0.3600606095787324,0.7223318696797563,2.542178390904388
2_97,0.6973333333333334,0.3299999999999999,0.5403333333333334,232.39977355003268,52.12778717839007,263.69615553716017,0.0227154493450468,0.1448721853768364,9.831905305471912,0.7575757575757576,6.526828480706097,5.580385392015905,2.1749027518534403,2.236371920166236,0.1137376720615437,0.0789915972151837,0.1817581988577285,0.4382292196305387,0.0,-0.2564710207728101,0.1682217778081419,14.735424156269554,6.526828480706097,-6.206653458857396,-13.73106425487556,2.054971779790118,0.1830883272828538,1.780044131101663,-0.0,61.17642211995416,0.0559999999999999,,4.043733576465116,0.323630398008902,38.0370419726835,1.8342408360881064,1,FRIENDS,RACHEL,-0.2067727889593847,0.4881442390962364,-0.34184380951312104,-1.0666318362002887,0.5553017288243061,0.25528282562587445,0.859859047240904,0.06715748972806967,0.5971266351389954,1.049012834974401
2_228,0.5549999999999999,0.5960000000000001,0.4675,143.42414236239537,30.26404238772212,119.38358266277264,0.0210282445005987,0.1134035291606698,11.49541723773492,0.6968838526912181,5.613758162862634,9.405495425009963,2.496082412262599,2.918337411269263,0.1125583981799773,0.0550566298946079,0.2558575933868119,0.347987594441465,0.3130107162734596,-0.092130001054653,0.0155271793828941,18.66189171728876,6.175133979148898,-2.846769303729136,-7.834017462158663,2.4346580287821373,0.0345049180528542,0.8420637244293951,-0.0,65.86696766406912,0.0579999999999999,0.06,4.548127638316612,0.4036707862577933,50.92158896549094,2.847799551014448,0,FRIENDS,PERSON,-0.6420910694376234,1.048791201053545,0.2166111905594109,1.4768872825687307,-0.4837747050234295,-0.454183942824554,2.118978352006354,1.5325659060769745,0.6707951333839649,2.6997765877406805
2_7,0.9635,0.4855,0.6275,238.1610563392827,15.01552667038247,79.22659379551772,0.0240417929511512,0.1478276129077637,9.798541442089077,0.4217252396166134,5.996908146175978,6.162252487983262,0.8582505646510432,0.8369834217528176,0.0935193197977797,0.0601373924499486,0.4582652418280141,0.4560602900930086,0.0352180362530249,0.0022049517350055,0.4621841786427396,9.429233557654047,4.734401168033667,0.8683738714840414,5.526923212303991,,,,,88.22425558312655,0.1725,0.38,3.141907416939884,0.4702892967996507,42.1291939681139,0.4209673451509959,0,FRIENDS,MONICA,-0.6009524403378488,0.40136697140143884,-0.5022126767490541,0.4202750170650588,2.4983989944622835,1.1043700565173458,1.0212274574029077,2.097032023060845,1.6065827332664,2.8322353193769056
2_553,0.4595,0.461,0.4645,127.7661941671788,51.4011451264056,439.9605011809669,0.0289213134246687,0.1541483571422533,5.98700529275353,0.4318181818181818,5.136941423142446,8.48818684921817,102.16567526534136,94.7393841742144,0.1209323157864954,0.0536943140184272,0.2442966614766503,0.3707289453532,0.2472490151076402,-0.1264322838765497,0.2820664522516816,8.728698868180928,1.9263530336784167,-0.4269468530770114,2.160825676744057,,,,,59.973322662398296,0.2925,0.475,5.528481234997531,0.9150281559711022,53.11270253684045,1.9167616203000195,0,FRIENDS,JOEY,-0.7392514049305311,-0.3428365172738108,0.0028345345459933244,0.18600351928370226,-1.180953623752647,-0.48340683031221465,0.9252549242142334,0.8381171064788362,0.48624136485820796,1.3397640179726864
2_291,0.4456666666666666,0.5143333333333333,0.418,215.42895566362108,29.24531178382842,113.04729596458456,0.0188172754757857,0.112662140065847,13.389367804504063,0.6934865900383141,6.804388822218413,8.969502291682257,1.1529544399358262,2.0131817754986927,0.0899650818673943,0.0668386670405761,0.2569374320048336,0.3388282258851529,0.2405366039875383,-0.0818907938803192,0.135373983732054,15.688369099818791,5.670324018515344,1.6694436031070063,7.620082644431367,2.5366672757965367,3.059356241467764,2.268129607406137,0.9709505944546686,79.93219852043381,0.09,0.0666666666666666,5.787255941103048,0.2401701156666803,28.35645604136037,1.622448126203136,0,FRIENDS,ROSS,-0.08029451791646194,1.3245614073610061,0.25720711017391923,0.6959822899642066,-1.2819411460118537,-0.9363615863709549,0.7762768078806686,2.60650255337286,1.1935686965448742,2.9700281945739957
2_314,0.729,0.352,0.808,406.2048223107492,59.86944327737594,195.5933849519824,0.0234291590886985,0.116706586911393,8.0272490527536,0.549618320610687,5.208192738561209,6.726050457576974,2.4608646620983614,2.213959246016384,0.0895611421580249,0.0774427330308194,0.6096538396051396,0.4903526413661971,0.1995018672215266,0.1193011982389425,0.2429873995221597,13.289864473006146,3.720137670400864,-5.593549493222531,2.0646047509830554,,,,,44.44444444444444,0.21,,4.555926715431994,0.30973428457212,43.12001895458191,2.485256999254979,0,FRIENDS,MONICA,0.2383138395896396,0.5925224018141992,-1.5747047461140156,-0.8562655932945799,0.786477984598392,2.8626137870249284,1.0945794328842195,0.19395558278419278,4.437318533138944,4.574441896835574
2_410,0.5509999999999999,0.3215,0.4665,153.7277852765181,55.556156733162325,296.8107292131323,0.0253593452011478,0.168174091778089,3.132875792020104,0.441747572815534,8.13123644251627,9.06650450881741,3.4967297140338407,3.647091296727496,0.1289476142193331,0.0654873151538512,0.5162766034953902,0.6663385251707996,0.0,-0.1500619216754094,0.1943927584308333,21.51273588265896,5.739696312364425,-4.533400973021448,-14.787228378813976,,,,,84.24908424908423,0.188,0.4600000000000001,4.02844075450491,0.2580249745032152,30.78571615835242,5.310076803709676,1,FRIENDS,ROSS,0.3006855735032237,-0.495853669230957,1.0824545583507892,-1.1479097027774932,-0.5129759162791037,-0.46392490532044084,1.4485952762807168,0.017122247048146688,1.54637946367123,2.1189645800416073
2_166,0.693,0.471,0.537,183.84715004563628,39.02670565146912,127.14589878593912,0.0255272213794624,0.1538494108150233,9.190763327156102,0.3206106870229007,3.720137670400864,11.865878062814378,6.7271567397875405,6.271127988758433,0.1207578882877037,0.0639787840585862,0.3239098420890918,0.5486289372792128,0.1186781658193853,-0.2247190951901209,0.1348560116754431,22.29515098608297,2.976110136320691,25.872215288928004,16.976360902958838,,,,,,0.0799999999999999,0.0799999999999999,6.515995329369625,0.1915369168921344,37.573435504469984,5.103674164412829,0,FRIENDS,JOEY,-0.7337586392959448,0.21287654483958873,-0.4096887382326271,0.28162453878629645,0.5236670832973253,0.22281295063958412,1.0153831780822413,0.3107905384577365,0.6325016888722113,1.2359822585917009
2_558,0.6191666666666666,0.3655,0.49,235.0452283000288,84.62336126685881,514.9167851904192,0.0257049210393324,0.1506087520087488,4.864146012014952,0.4120267260579064,5.306593131110554,8.038522383370815,27.022326012943683,40.61741639683122,0.1658444809371093,0.250507648021062,0.5639749197252092,0.550427858474954,0.2088779965721784,0.0135470612502551,0.1633382458380075,20.58098543280113,4.422160942592128,-1.1452573065311848,-19.460865013806306,17.184193575549905,0.0,0.4422160942592128,-0.0,108.36897195285836,0.155,0.17,4.450076925888821,1.1063969013129884,57.51559565115485,3.540411991645087,1,FRIENDS,CHANDLER,-0.04528990761979193,-0.18835276602932613,-0.5232097656400242,-0.727177216966077,-0.015338607796991352,-0.23501228666709956,0.681887309346285,0.1730141582323348,0.28819747897292464,0.7602381130163819
2_289,0.7073333333333333,0.3726666666666666,0.7120000000000001,278.7661738884753,82.90988421846328,344.3843778214863,0.0196098729407277,0.1202598654918805,5.376455100196259,0.4142011834319526,6.191032217522874,9.393798027239434,4.754394860435529,8.079005449601611,0.1015936281408595,0.0671079235082039,0.3066953504738303,0.321090419058154,0.0185528366698699,-0.0143950685843237,0.10792301945392,13.44968810165917,2.751569874454611,0.7650059600156117,10.842712770223809,3.7630160192884414,5.150511823522142,0.8844331739318392,0.954434002924965,90.19583618219391,0.2399999999999999,0.2376470588235294,3.247038524945354,0.7620137550353647,42.77511730380418,4.454821440392887,1,FRIENDS,MONICA,0.4790412721621099,0.45827981097004905,-0.2418041972800072,-0.6586488196558847,0.6283047569634905,1.9274813874197883,1.1376900918179946,0.17002494599344148,2.1692855846997956,2.455411813783432
2_118,0.479,0.673,0.358,341.96366549441086,84.61891993682647,283.29978148178907,0.0242644785818521,0.1388424554035031,6.789985522538889,0.2758620689655172,4.517979715193116,9.99239630826546,1.1648586722925998,1.431199523169154,0.1057702889945238,0.0707577899465211,0.6562663686936778,0.5997213806975353,0.1781741612749496,0.0565449879961424,0.2122832817035077,18.192694436790344,0.5647474643991395,3.471316383842624,1.7087842320719604,,,,,25.396825396825403,0.2666666666666666,0.26,9.402025552062671,0.5526004135157272,58.75756867411847,3.3741109499770308,0,FRIENDS,RACHEL,0.30715197864455035,0.20737970945627268,-1.1224572251556857,2.213169132738709,-1.038597718881236,-1.5208193361241675,1.9060171540941586,1.2459774283375087,0.39836211096848184,2.3117208990453437
2_28,0.7833333333333333,0.4019999999999999,0.4526666666666667,219.42070469590595,58.50955480412295,415.96912280054994,0.0199368768283804,0.1270612075051283,6.195026538364052,0.4376590330788804,4.78827361563518,8.288015280970857,1.7587632916231033,2.327927324201206,0.1451785023255525,0.1705506496530006,0.6129795988122806,0.5652844885140935,0.1911797782254681,0.047695110298187,0.0702701152489588,16.773395263402495,3.7802160123435615,0.5479986333831318,-0.6731460728035792,,,,,80.88837088837089,0.172,0.1666666666666666,5.633955980552528,0.9368207598546666,47.53545208205747,2.8520697851906927,0,FRIENDS,MONICA,-0.4524284725966494,0.45222401828673403,-0.612296909298296,-0.3781604957816072,1.183127770821298,-0.5986748865135424,0.07426797681504221,0.7309037525345639,0.013622022784753662,0.7347935678502193
2_562,0.81925,0.447,0.64125,151.14500882142303,57.752946408319126,402.25013910380426,0.0144406787038616,0.123789027441127,8.056520424447175,0.4642126789366053,4.6671820214792525,8.034312649036597,7.195058554804339,8.292337964478046,0.1233017794889805,0.0836146866958751,0.4102625896626743,0.3457685767588532,0.0227214053532941,0.0644940129038211,0.1383784098667143,7.622543941593224,3.043814361834295,1.4333797830347212,6.89707237462461,0.4428655128799714,0.4184907109885579,0.8116838298224787,0.9182958340544896,65.01790665670264,0.23,0.3657142857142857,3.42182737359514,1.1943330207530392,59.65119781128988,1.7282281875009031,0,FRIENDS,JOEY,-0.7724415472481164,0.8765276566731928,-0.34758091707168726,0.05213409198006962,1.4453303135545381,1.2383082908357907,0.824575639228186,0.5688026568813453,1.585889207907478,1.8757681165435287
2_231,0.47,0.575,0.404,198.969035526938,56.64069696701778,401.6233368060136,0.0321587659156212,0.1637973296143973,4.58822623443932,0.4926470588235294,5.813915164299134,8.277756072261615,5.5536641650507335,4.388850162686755,0.1294985580514528,0.06939258296997,0.1823746448309783,0.2833673199229191,0.284108234286227,-0.1009926750919407,0.0902241379700375,17.896299845742035,2.906957582149567,-0.7050183850197144,1.969054589555359,,,,,58.85595885595885,0.11,0.18,5.484984539316559,0.7820079970663252,61.86173092954135,2.4067128415345187,0,FRIENDS,ROSS,-0.2532288629312881,-0.590081762161472,-0.12088197642519662,1.2760831416132807,-1.1043004442065028,-1.0727350613133708,1.5293120045445687,0.5142186820450307,0.9518530848881742,1.8732966544088496
2_388,0.94,0.5960000000000001,0.6745000000000001,183.92996242530828,77.37681262829393,409.8964385189079,0.0291109868916241,0.1526698100152263,2.62784109056924,0.4828150572831424,6.835897133071541,4.287107053822718,8.967474029688185,7.686514951612934,0.1328638423464931,0.0647953038637364,0.4909794374131493,0.4401467938472387,0.0525327183725879,0.0508326435659106,0.0670043512892993,15.973981309240685,4.557264755381027,0.0836829292087065,0.1088945907470666,5.846399528170156,5.273131342454928,0.4882783666479671,-0.0,74.13785188853537,0.2270588235294117,0.3644444444444444,2.346509902103473,0.4406104753201815,42.9332771147868,4.278056270521757,0,FRIENDS,CHANDLER,-0.20148929899697426,-0.534897640789723,-0.13774596092532235,1.4768872825687307,2.326841878335198,1.5621952938240304,1.678376581565705,2.861739519124921,1.6999412547493529,3.7277743084135766
2_102,0.5124,0.4824,0.44,213.47047311074675,114.38370524055514,460.6622539486343,0.0327221963726111,0.1655111328961285,0.9693157649502472,0.3178733031674208,7.779010553010471,5.663592843965916,676.7838366708849,561.5946775793875,0.1491021625166187,0.0701144598112805,0.6324357368388983,0.3995959761131626,0.250653595886614,0.2328397607257357,0.0244791339055434,9.678915648447626,1.8038285340314133,2.1643854740837214,-7.226764486661441,3.2813009581806263,0.0,0.2254785667539267,-0.0,73.82553272130153,0.2437037037037037,0.3141176470588235,2.6259336457013043,0.3793279113404935,31.17847926948035,2.452333626188038,1,GOLDENGIRLS,DOROTHY,0.6191858966876289,-1.7865312781502287,0.2394541971565125,0.39063250101925456,-0.794767604896358,-0.7220604114614434,0.22855339566837435,0.9917636732538707,0.9615146086179559,1.4001222021106927
2_351,0.6352,0.3982,0.4511999999999999,144.75233072991665,45.68304216926936,247.52187573952315,0.0271895943932337,0.1542278997056365,2.845096157459188,0.461118690313779,5.841815358832808,6.036962470243875,1041.2413214908493,1002.5144503667858,0.1318793541351083,0.0690218230609696,0.3471574524426914,0.4444490436824375,0.0996851665369502,-0.0972915912397461,0.1162118009318492,12.093717863127663,4.347397476340694,0.6701783954338029,3.171234820807138,2.996482539204248,4.727987309897221,1.358561711356467,0.9910760598382222,108.67338576764476,0.3233333333333333,0.2828571428571428,3.074206104763374,0.8260334326706957,41.968367136807935,3.116719934515023,1,GOLDENGIRLS,DOROTHY,-0.7448036839482737,-1.7106532994531354,-0.10928945979032001,-0.41449648319259236,0.10170958065283554,-0.6129616315075115,0.3303072007556813,1.812362880105971,0.5036721717171915,1.9098292365076455
2_350,0.5408,0.4167,0.4024,190.7458903459077,76.37888289667606,458.3050644511524,0.0231680518183673,0.158425744931466,5.7875694299848925,0.6213592233009708,6.855139571629214,8.312701551471552,214.45377982599925,296.32740331677604,0.1226508337698883,0.0646169137627873,0.3396088132641446,0.5610782158847959,0.1177149647794426,-0.2214694026206512,0.0143807534749409,14.436164824165418,5.806706460674158,0.343699315956309,6.055162375579821,2.914290242524789,3.760842260796225,0.8871357092696629,0.9709505944546686,98.7270454886535,0.1122222222222222,0.14625,3.5505261373047765,0.5671350273170311,40.7674782640222,3.255678909499021,1,GOLDENGIRLS,DOROTHY,0.18499095259850581,-0.3117215722878433,0.32076883518311927,-0.2375975971127921,-0.5874390049810724,-1.08832060130679,0.4225885497112979,0.27571743269322907,1.4090894364899094,1.496707795484975
2_587,0.5385714285714286,0.3647142857142857,0.4242857142857143,144.08977487679678,28.669737763085937,140.62567664836865,0.0216523193318389,0.1285593705190479,4.13467104645073,0.4711538461538461,6.2890625,8.344794577314921,573.5098079522386,694.2549981977623,0.1224788663976718,0.0570251325513225,0.2538641890872081,0.2930494705572001,0.0216118361536838,-0.0391852814699919,0.0589953933718001,11.566259130312003,3.828125,-0.491102751157065,-0.5855763483858265,3.2465652375977228,3.9301912192333655,0.95703125,0.9182958340544896,73.57487728316113,0.2426666666666666,0.385,2.698582486900786,0.6985845942885918,43.57882399951157,2.593941523073113,1,GOLDENGIRLS,DOROTHY,-0.5563348278219526,-0.521740909112252,0.3424601563843553,-0.7346902970698521,-0.6037082512520903,-0.8751326792539511,0.17835546924789947,0.08196734213983825,1.2175928356383063,1.2333132740653687
2_612,0.8002499999999999,0.449,0.5475,157.2879843860517,68.13312108804813,371.4819340690967,0.0198033289691666,0.1366522842681825,7.9945052555447536,0.7056367432150313,6.625600961538461,7.1007180932700384,130.5125485998613,152.9733601095302,0.121348886739998,0.064271622265029,0.2163656442476098,0.2485476661926208,0.0486861610462856,-0.032182021945011,0.0716226459321411,20.59106994646161,8.489051231971153,-1.3490942080155492,-17.692412864076104,3.627721481613196,4.922433555616164,1.2423001802884617,0.7219280948873623,74.84972431387752,0.11,0.18,4.001889465748182,0.5442658553636768,35.89795482556345,3.272901861575105,1,GOLDENGIRLS,DOROTHY,-0.18604043503029838,0.3660381033866037,0.2545944035375479,0.07125829588058857,1.3066245600900854,0.3250930568463959,0.25729873091088695,0.9405864567034817,0.07049865330884797,0.9776888971348324
2_89,0.7666666666666667,0.3506666666666667,0.547,236.05341706448115,139.0886100506571,426.7498273038357,0.0267077335971175,0.1489343537225818,2.518945060531857,0.4069148936170212,7.114433211443321,4.69152738489714,1141.4047393938586,1584.0243665128885,0.1438013566561636,0.0721163750566811,0.7346022234672935,0.6350608897401798,0.3538598424065448,0.0995413337271137,0.0981331309138491,11.888059938632216,4.479457947945795,2.111642545497569,-9.570486234535975,2.4209781315413004,0.0,0.5269950526995052,-0.0,102.58577755145262,0.3371428571428571,0.37,2.229042131879458,0.3617169541966297,27.080783651313155,6.210470523467233,1,GOLDENGIRLS,DOROTHY,0.6373686153842829,-1.7868394428723422,-0.2436014430194249,-0.8690150625615921,1.06145605725599,0.32022257559845296,1.506383677945875,2.848295500128332,0.5638240186178779,3.271066579145624
2_599,0.5306666666666667,0.5163333333333334,0.377,151.76792675646013,41.88558370086783,310.63267599575545,0.0232919113355381,0.1811453858026107,5.030534552132922,0.6858513189448441,6.662206491712707,7.678322393043067,472.009734749043,606.3598439377014,0.1422069149203873,0.0665920757640737,0.5672857371313902,0.2807624103105625,0.2939346094228447,0.2865233268208277,0.1027530578346394,15.1660019846461,5.948398653314917,-0.913066747531222,6.150874699320118,1.4447421378275795,0.8376695733509961,0.9517437845303868,-0.0,89.5052406850975,0.04625,0.025,5.369300350015546,0.4003978117392474,46.11373115187505,2.7382101855211607,1,GOLDENGIRLS,DOROTHY,-0.36834835493627655,-0.9447273658870474,0.3657569642791078,0.7151064938647266,-0.6614154068287791,-1.3357410487023167,1.0834548488010032,0.28331195905826834,1.7014980129814246,2.0369672465986226
2_182,0.74,0.397,0.656,258.70007919463563,111.34879500479563,513.6162894544321,0.0211740527955878,0.1403699534998916,1.996043758832087,0.3567073170731707,6.975544674295775,6.325757864581907,990.881565036476,1156.6816225916637,0.1265225586512633,0.0695427042134587,0.8012415053633624,0.5448101508565891,0.0947417697266614,0.2564313545067732,0.0606625994315835,8.571691067818373,3.4877723371478875,-1.8738263711513807,-0.5728349958254595,4.41678597886717,5.080738822134314,0.606569102112676,-0.0,68.35842488977987,0.1431578947368421,0.18,3.121983443202522,0.3273304412877625,33.164534563509456,6.245460971081918,1,GOLDENGIRLS,DOROTHY,0.5933690951711493,-1.3370557995625172,-0.21270294656847696,-0.4259710055329035,0.8667813155514957,1.3819874876501226,1.0193401007040528,2.203837115114013,1.5946904342185995,2.9049939503974374
2_292,0.646,0.365,0.416,151.4226335025161,28.219214601021665,178.2289144933482,0.0206322937129741,0.1454915843746188,4.692660034796162,0.7094017094017094,6.788793103448276,5.300257517625188,882.6752436685151,806.9993520450514,0.1270355906674005,0.05016429530864,0.4177577399134508,0.4417227783752908,0.2374957479983037,-0.02396503846184,0.0759653788402116,17.398085499584315,5.940193965517242,-1.2464568588969365,8.032343511222477,3.0580778447590102,3.7690655082372193,1.909348060344828,0.954434002924965,59.55954617400878,0.06,0.1133333333333333,3.451599216720412,0.3424946395731489,39.136988557020416,1.5267302560395135,1,GOLDENGIRLS,DOROTHY,-0.6652821914767072,-0.9864952624637174,0.12899873145486898,-0.7319582679412067,0.18055285104315572,-0.9558435113627286,0.06667607646449947,1.167048113506873,1.0848422428175977,1.5947820196547762
2_489,0.5646666666666668,0.5613333333333334,0.5083333333333333,181.3265056806936,56.58359369316913,453.6364017081205,0.0255416803190495,0.1176210012356456,1.045386319937751,0.3060295790671217,7.706620065789474,4.267396450669124,609.9383118643852,702.8644480975681,0.1285947452557432,0.064727207262969,0.4079283505646349,0.5209475337229453,0.2044818763943996,-0.1130191831583104,0.1184461100866821,9.665749446148093,2.606650904605264,0.0760357356156709,11.99966270891197,2.296955067032989,2.0663387814898675,0.3399979440789474,-0.0,77.8575555244307,0.174,0.3044444444444444,2.7786514221296943,0.4605749417286128,30.20636348325401,4.564740862797201,1,GOLDENGIRLS,DOROTHY,-0.1421395924436763,-0.8943807576413566,0.2043188988506357,1.145401081626402,-0.4132051111555494,-0.056427974242507006,1.2875406740700783,0.4811756464858072,0.2607468730931427,1.3990282062859625
2_390,0.4247499999999999,0.4075,0.38775,158.31190771087446,55.144717177901335,309.5947363582394,0.0249115151257233,0.13154344622,3.9029498267338383,0.5431372549019607,7.599954044117647,6.9314057357568055,1510.5866589408315,1365.6653171825662,0.1332828034361237,0.0660482098112108,0.2656354002390791,0.3189863876518047,0.0196304980762234,-0.0533509874127255,0.1097643971794641,12.134918654608908,5.846118495475113,0.6417862084128643,-1.5588053449298975,1.1521421706465016,0.9290515531326178,0.7794824660633484,0.9182958340544896,100.1901050875509,0.11,0.1428571428571428,2.6529995729308524,0.3233894255950127,32.15232661375019,2.9407499825371293,1,GOLDENGIRLS,DOROTHY,-0.030339515793012417,-1.8480293872876956,0.599932513602434,-0.3255689350551796,-1.434639146536316,-1.231025701871533,0.29522941926216717,0.41339024075137965,1.830958215473967,1.9001210192927118
2_378,0.432,0.6925,0.5335000000000001,221.0065303614904,93.6286023513455,440.9185987674695,0.0300161702691139,0.167695868037507,2.918252589659481,0.484472049689441,7.0751953125,4.848987171289969,888.271607562459,983.3407783498586,0.1315448556903483,0.074912979192137,0.4086444755689326,0.3861700414647391,0.1099764675536459,0.0224744341041934,0.0759212871270714,25.12378501018156,6.15234375,4.43700434320031,6.139377719430326,,,,,76.87218045112782,0.0888888888888888,0.0699999999999999,3.225918050240237,0.3940595924291037,34.51587798217566,6.914099899215407,1,GOLDENGIRLS,DOROTHY,0.19553216702969256,-1.7761677870132595,-0.16431835274407133,2.399630120768768,-1.3817119511354061,0.18871958190398055,2.2040979537390752,0.3944558358778534,0.3530379346480519,2.266777223159664
2_9,0.599,0.3634,0.4548,163.34338745372156,40.99413113804175,183.5653666463491,0.0209215900029804,0.1203063841309336,5.787806174283924,0.6421319796954315,7.051809210526316,7.989427784317716,1035.5094507611375,888.330968970031,0.1267312978636713,0.0614764657234108,0.8066094631922383,0.6785689530957032,0.1063990353197863,0.128040510096535,0.009372183034368,22.33508750402968,6.548108552631579,-1.3571339720388793,-8.768569475091965,,,,,110.02742680761256,0.1399999999999999,0.1866666666666666,3.2399461361567137,0.6379701423656564,46.38410710373383,2.656764819230858,1,GOLDENGIRLS,DOROTHY,-0.19320829286549207,-0.8118550055940101,0.493674810750083,-0.7472576310616217,-0.16256138121101468,-0.5778941665223177,0.5540493381961296,0.6492936243829954,1.0715689772724009,1.369968230607044
2_144,0.571,0.356,0.781,153.68121254788497,31.0930140380312,104.88989295574704,0.0173620565074859,0.1275322268501589,1.8707003396852893,0.3596491228070175,6.936870805369128,5.785632265516392,188.6920074670629,269.3949428164283,0.1238713992303079,0.0536472481016494,0.4999570266978689,0.742221907535842,0.1451258060400355,-0.2422648808379731,0.0702280789796451,6.021964448871635,4.046507969798658,-7.295924757042715,-4.819299794051036,0.5016479525475326,0.0,0.5780725671140939,-0.0,104.3028971028971,0.2433333333333333,0.63,1.8908423717992144,0.3529684003196781,36.59356144269932,2.321238694982992,1,GOLDENGIRLS,DOROTHY,-0.5461016335619255,-0.08034544878454761,0.23257848305001658,-0.818017185493542,-0.36696986000073323,2.599607799635982,0.27191555193161643,0.28662441121618565,2.3670293165859655,2.399774865704015
2_479,0.382,0.532,0.4745,185.52524687492857,81.44989825943313,421.5962045271469,0.0250366451449407,0.1626953280662849,2.8534812781548826,0.4298642533936652,6.7291259765625,5.978284446441892,280.25563177263143,358.39351537355714,0.140352552004896,0.0620204574322417,0.4305413490408389,0.465962752102054,0.1666666666666666,-0.035421403061215,0.0770115963766461,10.325847353971094,5.15899658203125,2.56429972035761,18.78438198481288,3.8618097321039695,0.0,0.4486083984375,-0.0,77.56613756613756,0.212,0.2685714285714286,2.422505044732328,0.3724168656083061,37.101886032481744,4.3519845492290266,1,GOLDENGIRLS,DOROTHY,-0.03828445964292154,-0.7871424349119955,0.01750257443643218,0.8649127577521243,-1.7467270918313318,-0.3859972053533463,0.9031972173950458,0.9595846569193363,0.40349977978977847,1.3781799590748494
2_45,0.63025,0.4787499999999999,0.4655,197.35508028939373,125.32891940725912,456.9432596509101,0.0240500803522141,0.1560325212129566,3.284769112020663,0.5881057268722467,8.525836770304569,2.3300610550248644,884.6601658061057,795.8961361120279,0.1398610826069183,0.0683984484391253,0.1699768335087579,0.3489852409470184,0.0562543950463012,-0.1790084074382605,0.1733011722298933,14.218452046237507,6.558335977157361,4.373686243757157,18.13224602773611,2.970219582049784,3.578096139195219,1.3116671954314725,0.9709505944546686,37.2475917681643,0.1644444444444444,0.32,2.066970347323354,0.2495380298916888,24.78968192390946,2.912120974496468,1,GOLDENGIRLS,DOROTHY,0.5640890672673524,-1.3714964045061968,0.20245267290178157,0.3557308289008066,0.06557308172393883,-0.47366586781632775,0.20835823836654582,1.4370694862301356,0.6761185407181093,1.6017859235402658
2_507,0.5235000000000001,0.3535,0.452,148.2906588277865,33.60204330572995,222.52186560159453,0.0283657173230726,0.1476076299177988,3.413691113965268,0.497787610619469,7.91015625,6.809157498567274,287.04271990617,338.566869041319,0.1341438604811885,0.0629246118649876,0.2893037138406331,0.4414855045461377,0.038490017945975,-0.1521817907055045,0.0995597453728052,13.495062347598427,5.0537109375,-2.158120688375156,0.4598288561410015,1.5461683956277843,1.2572010333430406,0.6591796875,-0.0,102.3942603861468,0.1683333333333333,0.2342857142857143,2.545036869117098,0.4136269974159636,32.17152832309261,4.399159673442151,1,GOLDENGIRLS,DOROTHY,-0.17449498303074068,-0.7156996073958549,0.7533760904848843,-0.8419224403691906,-0.7137342436618617,-0.6051688615108007,0.66742745733845,0.001965363733993253,1.3585449519956851,1.5136405319813664
2_398,0.4246000000000001,0.4577999999999999,0.4366,156.30780042610414,50.73182597087132,363.2355165680698,0.0281292473833484,0.1447127681878736,1.800139083374959,0.4335511982570806,7.57449356155779,4.10536026487023,745.3460026299364,790.5303273978046,0.1446623187117328,0.0594168885457138,0.6210271774883981,0.6659740571465828,0.0913293848321974,-0.0449468796581846,0.0906663379013613,12.12768586508291,5.41035254396985,1.3511771641970134,13.845242526932845,0.6613004581685722,0.6613004581685722,0.6492423052763819,1.0,45.83335283335283,0.2179999999999999,0.348,2.3647838757314723,0.3702066519426662,26.86828852413153,3.118054816997611,1,GOLDENGIRLS,DOROTHY,-0.33833280871435556,-1.383848373382867,0.25959246749804976,0.15540479304287055,-1.4357341919584026,-0.7551796839474589,0.49373760175722614,0.051885818575535536,1.0147721514455088,1.12970415459428
2_281,0.625,0.3364999999999999,0.5065000000000001,134.57554041852956,43.84804328128207,286.3901560994408,0.0207798347789093,0.1087962569398849,5.798770525872524,0.7097560975609756,7.016436973314606,5.949692501579923,1044.9101626192,969.9735038199748,0.1439084833142678,0.0697132702636283,0.3621833880852133,0.4820675819160501,0.2032614699367028,-0.1198841938308368,0.0545868095948615,14.877103020186697,7.016436973314606,1.248363925503986,-2.164655503330742,2.9514412277057573,3.514013122722453,1.4516766151685392,0.9709505944546686,82.75621239380206,0.0557142857142857,0.0399999999999999,3.651748401980557,0.4660754995907157,33.44274454719077,2.8276219450547813,1,GOLDENGIRLS,DOROTHY,-0.4712154916311695,-0.693096045120192,0.3781722283992169,-1.0044781735236021,0.02724649195086681,-0.0742864054849654,0.5332626818924326,0.7203425370710588,0.4524586338841823,1.0039827060210849
2_591,0.5700000000000001,0.4069230769230769,0.447076923076923,166.6617766578666,59.82892838448486,460.55328410132273,0.0203166817532896,0.1439984568144579,6.463375388544918,0.7029795158286778,6.682718211206896,7.695166881518066,542.370167049505,709.8770518996117,0.1242842160370546,0.0647869133690207,0.1855741922137894,0.363435408402021,0.1616244071283537,-0.1778612161882316,0.0532023963040536,15.861024179876468,7.425242456896552,0.16717610690286,-19.017512155706825,1.1577681080483742,1.3498439155163482,1.0209708378232758,0.8812908992306927,81.47878201027312,0.0971428571428571,0.1359999999999999,3.2548614427165266,0.4673497455057778,37.0637331538936,2.881378790214545,0,GOLDENGIRLS,DOROTHY,-0.15179513038869558,-0.3779850312073234,0.3011231111049691,-0.33108553233417554,-0.3742701628146509,-0.6531243691828602,0.17929040194547996,0.003714868392672488,0.9542474802878294,0.9709516476697581
2_462,0.8147500000000001,0.46675,0.5215,194.05320729877693,30.182967888413486,122.2996237764898,0.0225277397853724,0.1309182857407153,0.2119499878436952,0.2730627306273063,7.696974734042553,2.8886626406724347,660.2770894562287,479.3499348475812,0.1226441255848401,0.0652832925720439,0.3043187308744436,0.4385722155669645,0.0773823232534136,-0.1342534846925208,0.0995479490511284,8.247553653711538,3.6652260638297873,-0.6479275829334374,-5.121602452604053,3.3493235959889747,3.3493235959889747,0.5497839095744681,1.0,89.07717569786534,0.9599999999999996,1.086666666666667,1.558062394274374,0.267090393137808,33.50291026405789,2.661976667959536,1,GOLDENGIRLS,DOROTHY,-0.4474035818874693,-1.054423714108252,-0.02918960590215791,0.24098560549769396,1.4124789508919051,0.07182803195333683,0.6883891873851633,2.4669026650001573,0.10101763785549474,2.56314123587671
2_505,0.7813333333333334,0.3216666666666667,0.4983333333333333,282.2998957600908,83.71416551178416,297.72554649835195,0.0278361101883878,0.1713224963627221,1.4201188711265902,0.3856812933025404,8.704911901595745,1.82850633383549,1550.829615504569,1160.6284886684837,0.1377477747255695,0.0722649567225494,0.4689571036313529,0.3638392984970279,0.1503764121351256,0.105117805134325,0.1575749246447968,12.441888119534749,2.290766289893617,-0.9905815993596808,6.106639045109822,1.148520369512104,1.148520369512104,0.6872298869680852,1.0,93.3058608058608,0.3355555555555555,0.69,1.456540365408506,0.3259111895680563,32.941717438678644,8.990923544378527,1,GOLDENGIRLS,DOROTHY,0.53283176579585,-2.6737006822538096,-0.21458510501535452,-1.1463160191191164,1.1685271651934617,-0.15383759920137588,1.6791477849149663,3.8422278474472713,0.06074750581397864,4.1935596305223495
2_74,0.673,0.771,0.719,177.76938726346364,78.82931333621674,301.680877831685,0.0231543401317257,0.1284014902103816,3.82603690830321,0.5068027210884354,6.7291259765625,6.515729298098341,722.3445081723974,687.7431890951257,0.124156100928122,0.0595979470607158,0.4259899522943042,0.5553420903088355,0.3398874309296698,-0.1293521380145312,0.0755435519328801,11.871366235254076,4.373931884765625,-4.555907740187943,7.992757969516706,14.76436192009488,14.76436192009488,1.009368896484375,1.0,105.76151192184192,0.22,0.3133333333333333,2.534280360474497,0.3088492199615525,29.06289306349807,4.108546995986482,1,GOLDENGIRLS,DOROTHY,-0.04117177386818813,-0.7907589528408498,0.12107028339033511,3.1502551238641363,0.3776610270189557,1.9956681248909953,3.1914268977323244,1.1684199798598056,1.8745978415006601,3.8813049300800744
2_126,0.4859999999999999,0.501,0.5021666666666667,173.67252022094905,36.803825183277695,167.734056437824,0.0220383232305363,0.1270810374903098,7.936068816471582,0.8423326133909287,6.427821828358209,5.283394132693692,638.8716122640895,1140.8765946790677,0.1120935109602209,0.0599284761215624,0.534374100468617,0.4857578776923884,0.4407618683656912,0.0486162227762285,0.0134374210697149,19.666190604126488,8.998950559701493,-2.336062242246689,-12.39011291498505,2.099120813438851,2.1977062382803005,2.142607276119404,0.9182958340544896,80.01650012236851,0.0533333333333333,0.02,3.631160810761713,0.3983012707909563,43.39803016055322,1.2690152012486104,1,GOLDENGIRLS,DOROTHY,-0.6130611095440702,-0.24601486743426965,-0.12168375013611232,0.5684875972940806,-0.9874955991838074,-0.11649724296714263,1.181548706838151,0.7414807317495378,0.005186507168969692,1.3949472828904146
2_158,0.629,0.3623333333333333,0.513,220.1022249185173,69.5590379818862,389.09824460300433,0.0237282257057613,0.1525105556531165,0.8714321858512829,0.2835570469798658,7.358919902912621,5.809895787462709,838.7663598102407,952.8545369428826,0.1347789394427886,0.0603369204770258,0.1579402647455039,0.3274673883480793,0.0913858655950681,-0.1695271236025754,0.0635373886787082,6.2030640508944686,2.006978155339806,-0.2077902113878288,1.7912700382761884,1.3988439584211374,1.4220965598121778,0.3344963592233009,0.9182958340544896,75.47671802636691,0.2605128205128205,0.416,2.387525999262881,0.3382561366944364,34.442506907809644,3.4830661021767684,1,GOLDENGIRLS,DOROTHY,0.15434425897360696,-1.4902423075822158,0.06403156310965145,-0.7574572064752323,0.05644770320654089,-0.010970149261701173,0.9118014654488392,1.5466900107887567,0.07500171237135263,1.7970133997071391
2_255,0.8865000000000001,0.453,0.458,234.92812222929768,106.28829649199044,387.6655535561091,0.018685875151152,0.1486680700017023,4.316348529634348,0.6498054474708171,7.305908203125,4.153522023381281,662.3831671139831,556.8371637095526,0.1046016904337933,0.0504126083957429,0.5882379058395859,0.7041743890087988,0.1951800145897066,-0.1159364831692129,0.1349971224696156,10.8790407626912,5.38330078125,-9.797781625018102,4.907749486150285,10.972174448155318,10.46913259259368,1.153564453125,-0.0,116.44430141641094,0.0999999999999999,0.0599999999999999,3.550231275578039,0.397374522475776,31.112793193902498,1.842217013102436,1,GOLDENGIRLS,DOROTHY,0.3588987663665769,-0.7088715203877619,-0.22994833743946966,0.10950670368162646,1.9362756777905583,-0.5467230865354794,0.24939206268495046,2.64514719817832,0.3167747490960098,2.675695487649092
2_502,0.6059999999999999,0.48975,0.631625,179.3468710148558,72.85223685789609,446.4747691664867,0.0221586379149849,0.1373474034568389,4.174567159502308,0.5931972789115646,7.714853940446741,4.610580153337912,865.1439015089065,963.8687400012452,0.1339054273186514,0.0666065803001786,0.2873951891405005,0.3397014996054114,0.2171889592843497,-0.0523063104649109,0.1149354973260561,13.638085551478447,5.007887645553148,0.7903696678564557,-5.8291268930934415,0.336541414631629,0.0,0.2706966294893593,-0.0,97.62176778341538,0.0904,0.134,2.859099644524363,0.3261278748267134,32.23695549131689,3.38638796517037,1,GOLDENGIRLS,DOROTHY,0.022825359793922417,-0.9878255249251059,0.2587210616929901,0.46091395035366184,-0.11145926151358586,1.1445515268128796,0.4380885905597394,0.87636626341152,0.8858304651198896,1.3208463399498855
2_11,0.698,0.544,0.706,247.9782529691144,124.69892787740535,483.8166890545544,0.0318832445313645,0.1720681477534715,-0.1310183810957314,0.1994134897360703,8.379436510180994,2.676550802507685,526.6274023395415,380.8150344546525,0.1562926881558785,0.0705494112666714,0.4063512419113962,0.3181318569508563,0.5917813771642474,0.0882193849605399,0.0496060355243935,5.628815470008942,1.6564002403846152,-1.2506194540533202,1.8682692385653568,13.878346324214354,13.878346324214354,0.2923059247737556,1.0,89.91474134331278,0.3427272727272727,0.3037499999999999,1.7248968378877478,0.3527686270172122,33.55968297393645,5.828834811882777,1,GOLDENGIRLS,DOROTHY,0.7380821467514289,-1.7429142452953754,-0.06462794916577834,0.9796579811552381,0.5601685973669179,1.8690356124444658,0.24157583440380914,2.3030828426622936,1.9336635616102442,3.0168865131841707
2_135,0.46775,0.33375,0.44175,173.2105693177894,83.11467561698203,490.6881051996757,0.0272269253642717,0.1544514054983004,3.209217545387097,0.5113484646194927,6.911892361111112,4.823574232337371,974.315362419466,983.2065151736838,0.1454471865455894,0.0654971552196233,0.2200125276716473,0.2604015009610644,0.0235796889246478,-0.040388973289417,0.0804395805726403,14.053105607225612,5.848524305555556,1.7783304347220994,2.678932812528608,6.319163787094134,10.12835936316345,0.9304470486111112,0.9182958340544896,87.67985289371654,0.0991304347826087,0.0866666666666666,2.7111156561325607,0.3477886569169063,34.76379828867647,5.537872969046966,1,GOLDENGIRLS,DOROTHY,-0.1224634451955098,-1.5990585426675261,0.009448117923057997,-1.030773953886815,-1.1207261255378194,-0.7050137270936416,0.9083105086913053,0.47833241712970676,0.7144618450166996,1.2507140398431897
2_442,0.6713333333333332,0.244,0.348,145.45778435873711,71.45605092451862,443.8990458538238,0.0255933511931538,0.1635726239754732,1.829709712356824,0.4212034383954154,7.649953741776316,3.5770361195418747,394.7018162587841,389.5649545802045,0.148871072323231,0.0640412193950409,0.2434915248500089,0.3788052742789861,0.1392215048863803,-0.1353137494289771,0.158549715922904,8.943874078839087,4.816637541118421,-2.6776536024682662,-7.271820404295568,,,,,103.6063372217483,0.13,0.195,2.993421222639409,0.2377139804637845,21.437017441984988,3.610513756619414,1,GOLDENGIRLS,DOROTHY,-0.22816285074309323,-1.0540071876966337,0.2788791567385576,-1.8889726039226018,0.36549385566242376,-1.6182289610830365,1.6608097531795085,1.4195010433590576,1.897108117821594,2.8934912232557792
2_342,0.6785,0.415,0.4575,189.67696807394825,94.33176455033228,454.1623711064785,0.0253396340931763,0.1273638194381421,1.93913834230686,0.3206997084548105,7.540246212121212,5.826987402182033,126.04638312925404,121.80258011956856,0.1262447878930629,0.0628961265339807,0.2878821834822241,0.4121662320817121,0.1181592382534782,-0.124284048599488,0.0762971354173068,6.19597607828612,2.3200757575757573,-0.9196395497590464,8.553135102898608,1.244952575494592,0.267597608654329,0.4350142045454545,-0.0,89.04533136240454,0.2988888888888889,0.416,1.837656890186136,0.9600490183563856,33.56348497289943,4.286542174620245,1,GOLDENGIRLS,DOROTHY,0.3052307466337952,-0.3180437730243723,0.28724154698793736,-0.2538531704282335,0.4178126924955072,-0.5515935677834228,0.5590839170620288,0.7358564655198795,0.8388351147713602,1.248080091155336
2_492,0.595,0.3,0.45525,242.5479697212244,45.09745669171798,233.96994822584003,0.0194218410076624,0.1186195596364027,5.5141679050813535,0.6356435643564357,7.472709760273972,5.435120283197647,376.2372545386155,426.6013497086934,0.0901421587476435,0.0591184234048699,0.1102221743192297,0.3278108452714837,0.0,-0.2175886709522539,0.083584329236433,18.23563252358049,5.702857448630136,-0.2139566163888919,4.902451380466235,3.5309780656953147,3.8365215545858966,0.7866010273972602,0.9182958340544896,68.44677083137893,0.09,0.0949999999999999,3.102924751325368,0.3386698965733283,28.58645701152201,2.4697920432984377,1,GOLDENGIRLS,ROSE,0.028101609161151675,0.04399964817045943,-0.05006701608916697,-1.3534948947080718,-0.19176259246668875,-0.5735107333991686,1.3815965038692235,0.23576224063714818,0.5234437173100016,1.4961236776434035
2_512,0.625,0.218,0.2995,243.595317114777,80.16872180626932,395.74215150754384,0.0265276759231949,0.1782824334626692,2.0224184330321298,0.4551282051282051,7.916618795955882,2.249782887512352,323.4384839588231,236.7058976531581,0.1340214971499875,0.0661256494905078,0.577727928746747,0.6180130312399785,0.0435606841869032,-0.0402851024932314,0.0861003976726502,19.75314938030588,5.0666360294117645,-4.21494260544819,-13.815665230634584,,,,,95.67926550382693,0.1444444444444444,1.06,1.421942660508811,0.2428890898219415,23.659412723861927,5.188790451621693,1,GOLDENGIRLS,DOROTHY,0.17044145699411428,-1.1447450135460906,-0.27032016650549434,-2.1375872546293477,0.02724649195086681,-2.09066564213355,2.308028711623462,1.1719915054969574,1.8203454756280555,3.1645249680283474
2_121,0.646,0.363,0.596,162.6912204380515,18.617288580495234,80.803357392765,0.0243167391421196,0.1496245455772692,8.180559291984924,0.8916666666666667,6.562499999999999,5.078817941875912,95.32670212180084,106.27847528643431,0.1169838242105571,0.0632126549027664,0.2763773359280626,0.3209773223801568,0.0304871121801999,-0.0445999864520941,0.1808772783794185,28.66375452107124,12.304687499999998,0.5039596329601955,1.6431006214360586,4.283147974124798,4.283147974124798,1.23046875,1.0,92.80625477808576,0.0466666666666666,,4.066572999006655,0.3200618508846713,38.785864885987856,1.2422758050312932,1,GOLDENGIRLS,DOROTHY,-0.7896901487305643,0.10484432817400269,-0.04017379814098134,-0.7510824718417256,0.18055285104315572,0.7975297378969093,0.038607676888838705,0.07570852286915303,0.8377035360378906,0.842003294197931
2_129,0.281,0.698,0.562,181.78007323026145,25.276016293350363,105.40815090776164,0.0225795015192404,0.1440052432724915,2.6338525127287347,0.4324324324324324,6.676962209302325,5.022040279616291,486.0501720008364,400.8178405567929,0.1281267233326499,0.0597673018599017,0.3448123048272946,0.4317611727044677,0.2409657986707496,-0.086948867877173,0.1106623459127413,10.681754270874452,4.006177325581395,0.0558027092831288,1.2524687864114146,,,,,63.82480264833206,0.0914285714285714,0.088,2.2527205787138813,0.8029749914672881,36.74604553507651,3.073233908775454,1,GOLDENGIRLS,DOROTHY,-0.6336649827203762,-0.758537099574281,-0.09889790365944177,2.4522216814951947,-2.4840576760371014,0.4663370130367563,3.085886664215571,1.7255205764628205,0.5652349166961981,3.5804480550948714
2_222,0.6186,0.333,0.5382,212.1530329485044,71.930976966532,345.1215975884829,0.0125929748397579,0.1125946689399612,8.666745568773136,0.7067209775967414,7.076639524647887,5.146203023653932,24.189196000520724,24.528781324506497,0.0945285957003925,0.0539761444697982,0.2325222063736167,0.344299098215707,0.1984858597727383,-0.1117768918420902,0.1278196087314476,14.814161484358824,7.076639524647887,-2.735068968457409,-2.274577855572285,1.529257088948227,1.914860620231372,1.213138204225352,0.7219280948873623,88.42872038714307,0.0854545454545454,0.14,2.028279026786449,0.5011318382645935,41.47703358179123,1.630144813145162,1,GOLDENGIRLS,DOROTHY,0.004213702646931355,1.1075188725486294,-0.08367132459956621,-1.0379455303495093,-0.019475446058211388,0.23450210563464816,1.0421592329964406,1.1269943186068407,0.31817343023421435,1.5676244425240484
2_604,0.7098,0.3727999999999999,0.518,155.7939973082339,36.5216284418764,302.54505246510354,0.0213917921540322,0.1597607808308336,3.835203251442694,0.5437158469945356,7.581413625423646,3.7334247737770094,574.0805028573425,569.6669404123786,0.1369639775869291,0.0590191031567203,0.1544070612529912,0.3571542624480815,0.0392232270276367,-0.2027472011950903,0.2379596976586586,12.20965986711922,6.769119308413969,0.5950840089673678,-0.4206365824432438,2.5054990771340018,2.476658574071015,1.3538238616827938,0.8112781244591328,110.4116743471582,0.1311111111111111,0.36,1.365637161037857,0.2799354263917352,25.655586331901524,1.572445052201199,1,GOLDENGIRLS,DOROTHY,-0.4933330301276946,-0.8745480792825098,0.2199600301896398,-0.6573738727291836,0.6463121705711566,0.037734663217733264,0.164040842601489,1.5208602498536665,0.18222536697190655,1.5404971217092258
2_352,0.599,0.2215,0.301,143.70293219361545,65.23144397921504,246.99487951171605,0.0228057590062496,0.1350555136491814,5.726185924783884,0.5777777777777777,6.287066605839416,7.299364320988119,437.6126911795818,555.7628383420274,0.1337624920569885,0.0677316952301115,0.4786696757725882,0.4110293045576911,0.0270073064647317,0.0676403712148971,0.0319178727778322,20.68895011357149,4.715299954379562,-5.985122119743486,-6.078009816641222,,,,,137.5088171335636,0.1514285714285714,0.29,4.132800895134481,0.5766056333820208,40.83846736514183,2.974226002167144,1,GOLDENGIRLS,DOROTHY,-0.3404627819318416,-0.32388187443516225,0.21761177597851497,-2.10411989780344,-0.16256138121101468,-2.0760541983897194,1.7636571158715983,0.16132049322414757,2.2936659743682344,2.897829243739732
2_344,0.622,0.341,0.3726666666666666,175.39913068202333,80.32896634583048,354.35301857236107,0.0349384523669713,0.1404413298686903,0.8145940355778625,0.2646536412078152,7.5895715932377055,3.507868722531695,920.7632808528684,764.7105916500796,0.1541719598742304,0.0652283142639974,0.5759345692372458,0.4194578608660061,0.2672612419124244,0.1564767083712396,0.0324708379880251,19.37045743355422,2.8240266393442623,1.405392058504622,15.323802120226134,5.622240353948335,3.012057770658693,0.5295049948770492,-0.0,86.40093405059818,0.3171428571428571,0.41,1.966076607486652,0.3432653893511817,36.363568404021535,5.023210897068884,1,GOLDENGIRLS,DOROTHY,-0.06355322620315718,-1.9186667388531338,0.09784621724057334,-0.9614487147474335,0.005345583509111254,-1.377951886184494,0.8978954885442764,1.924012322362245,1.4757981034250673,2.5857338933120997
2_465,0.7675000000000001,0.412,0.461,196.4222692021247,115.98117332486152,425.24053442550405,0.021543545962315,0.1228250557260282,1.902879092928672,0.408,6.321674311926606,5.507719364546812,1327.8401541933615,2068.187171288316,0.1526102093295286,0.0676255663241605,0.274702219006165,0.3536108775510043,0.0389544693565809,-0.0789086585448393,0.0498665952210976,10.724821915899373,3.555941800458716,1.1538283923548855,9.624955789275596,22.5871530174096,0.0,0.7902092889908258,-0.0,56.00727315013029,0.1175,0.175,4.374218764704329,0.2725151561434398,38.47699626809909,8.011780543922278,1,GOLDENGIRLS,DOROTHY,0.13878108491426483,-1.5827860614350797,-0.24879764233417068,-0.28253947627901194,1.0675396429342554,-0.5175001990478187,0.42132056119327677,2.650325704369335,0.26870255671364807,2.697023992942866
2_471,0.906,0.837,0.849,188.8957073898665,23.63030928693318,124.62579868754511,0.0102763396068471,0.1177460471080767,14.62817971602268,0.6270270270270271,3.7217881944444446,10.1992349377497,3.223746254071805,3.195507171076184,0.086748635965341,0.0387501441359019,0.3143515977922487,0.4043909100728961,0.0199007438041998,-0.0900393122806474,0.4974367351253426,12.073187690380072,4.253472222222222,-4.384360501203158,-13.553294140151271,1.848866386307649,1.848866386307649,1.5950520833333337,1.0,,,,1.1318396177233483,0.4682998331494584,48.84859750351754,0.6943529345800922,1,SARCASMOHOLICS,MEMBER-GIRL,-0.996593713632415,1.7281409989188443,-0.6352121426222678,3.7813538525812604,2.078631582661969,3.2619932493562893,4.777947566213675,0.3504905837431247,3.897205391978557,6.175745822331625
2_190,0.7525000000000001,0.37925,0.67275,117.22949910160182,39.77493932237616,251.0583038460421,0.0139383462153929,0.1109108851032666,6.849543683135887,0.6081871345029239,6.838246938344595,7.557126822917874,43.47703321854101,43.44955591621021,0.1388238655609767,0.063918946645684,0.3378072275010654,0.3751775843845801,0.1967825528493875,-0.0373703568835146,0.2361928354990183,8.983748348154311,5.237806165540541,-1.6773719975810115,-4.625739330920549,1.2591037496877275,1.5949103507088818,2.0369246199324325,0.9957274520849256,121.03453151547524,0.14,0.1333333333333333,2.0066119418701502,0.3123225979906271,27.938083389504133,1.4483650730875903,1,SARCASMOHOLICS,MODERATOR,-0.4766093053253747,0.8780363551484486,0.5908515045949937,-0.5956983151500095,0.9580351007254776,1.545148609456227,0.11908900982463477,0.07999874557702902,0.9542971048612333,0.9650207023175419
2_271,0.125,0.685,0.346,144.41977439066372,95.3260415143092,489.55745934802746,0.0309573300306359,0.1574391213862177,3.820868894482964,0.4418052256532066,5.177382172131147,9.798976715667266,28.73795403874535,24.22007615138907,0.1639883757710896,0.0678951368659533,0.5567938101787268,0.6854491177250698,0.2602112616551129,-0.128655307546343,0.068148522223129,10.44579091721759,3.765368852459016,0.7886946246393572,2.385714184805892,,,,,60.71386053842194,0.1533333333333333,0.1628571428571428,4.218683800134106,0.9824013608818106,59.58542104522317,5.498762462997498,1,SARCASMOHOLICS,MODERATOR,-0.17141910464934612,-0.5732639341552218,0.09296790764266254,2.3279143561418225,-3.6229049150083896,-1.6377108860748102,2.499333460791169,3.0496409808531677,1.7306787937174728,4.3060686185142005
2_306,0.7597142857142857,0.3884285714285714,0.5504285714285714,115.21022271984178,58.560760000462224,505.0695615197412,0.0280736658003462,0.1445999912568758,6.270260644455029,0.5997865528281751,6.061197916666666,8.126879334622156,31.65854248419223,31.722941462375776,0.1616723535469827,0.0659597809185828,0.1766617635747457,0.3528549603863727,0.1220037603343405,-0.176193196811627,0.1955394643815384,16.903187270098133,9.5703125,0.1248256886190035,-9.605849616916522,1.065039857217444,1.430569312420224,1.0633680555555554,0.9910760598382222,87.49986576686229,0.1384615384615384,0.15,4.441920562330238,0.8138623554361418,47.2931373627911,2.325492744577146,1,SARCASMOHOLICS,MODERATOR,-0.49397697545275115,-0.09388162052619448,0.37386181312146355,-0.5079318793922708,1.010701571025889,0.35362016129863566,0.013954903939519647,1.1045831915520836,0.02024165182282789,1.1048567739177169
2_312,0.4375,0.627,0.4795,302.9445660095596,83.87509470678116,378.20719694697135,0.0193635558594269,0.1087716848406051,9.502428512484665,0.5030487804878049,4.82118698498162,9.307329248380231,17.453461878292625,32.875845422166286,0.100033835232769,0.0655228843572652,0.5732726955551127,0.4083911587871164,0.0168862073219194,0.1648815367679962,0.1024330644590266,16.732692384536996,5.122511171542971,-1.1608115885443666,-5.62981881515392,3.3745127995310416,3.367627364350991,0.9039725596840538,-0.0,97.90664160401002,0.0945454545454545,0.1149999999999999,5.81133470357699,0.4732423621500228,37.74120036398676,2.9671242199998824,1,SARCASMOHOLICS,MEMBER-GIRL,0.17909010315842905,0.9613458854958337,-0.8945278090640176,1.7733124430267733,-1.3415602856588544,-0.3372923928739119,1.5942223398683442,2.302906171154688,0.5572354161901057,2.8557718765920717
2_485,0.7316666666666666,0.407,0.5343333333333333,157.0871513411775,41.04552416222424,268.9114368417532,0.0168105451021843,0.1195171618677548,6.155084518342178,0.5917874396135265,6.459960937499999,9.114818730458955,30.61182836824878,27.244930163394084,0.1225194582138088,0.0607071431245689,0.4648724904152551,0.6251743263593074,0.0682788741998919,-0.1603018359440522,0.0467195979136034,12.608077934336126,4.0673828125,0.4835603377477735,-6.112356675394608,,,,,114.2415855749189,0.1533333333333333,0.144,3.3908954806596894,0.4226954593181078,33.530862322222546,3.4886467629867326,1,SARCASMOHOLICS,MEMBER-BOY,-0.2834407355272738,0.6205354027804018,0.4353438476271901,-0.3303499860303093,0.8059454587688408,0.19683705065055204,0.046909250503035516,0.18541005598843907,0.23850679697663804,0.3057169587190869
2_527,0.843,0.37,0.6845,305.0826419930192,112.9182578367238,406.5103995608749,0.0231605873144164,0.1026840118008745,8.341404669191412,0.6621621621621622,5.584201142671907,8.546343314743481,12.199466880164834,17.92035117586814,0.0946319360911858,0.0637174341766414,0.2683313067720497,0.4893784037160734,0.1437250467820612,-0.2210470969440237,0.1569427804781225,16.582506554975737,8.264617691154424,1.556099719683884,-7.623081437665027,6.5738387588957,8.091177989154655,1.5635763199481345,0.6500224216483541,78.33609162480019,0.1109090909090909,0.11,3.751175019885247,0.6019761355982588,48.8626389310137,2.529641206759289,1,SARCASMOHOLICS,MEMBER-GIRL,0.584292875546921,0.7712573937544701,-0.7065267449522254,-0.6841477581899092,1.6187125053851024,1.6596049187828983,1.2684406337368301,0.8474551116306323,2.366131663735124,2.8152621294780924
2_140,0.397,0.781,0.298,198.7219265242336,76.21207328975959,296.32380260844786,0.0309240667184099,0.193038195863872,4.306534845952252,0.3975308641975308,5.3823451091780585,12.490629414970506,98.60901822874146,101.60456824131244,0.1569957465710976,0.0733973118436652,0.4477801749342062,0.6220760974013843,0.0208923578241367,-0.174295922467178,0.0784142678035766,18.22441420670437,4.159084857092136,-2.592857667019484,-7.5749613756093614,,,,,86.53647498885594,0.308,0.22,5.588655164472106,0.938099014660116,49.443277467075895,4.664796342288871,1,SARCASMOHOLICS,MODERATOR,0.1707605037429607,-0.9934702571179423,0.22393229735107534,3.245876143366731,-1.6372225496225539,-2.1052770858773804,3.07511563962377,0.6437522925046115,2.3292093832284557,3.911006208392303
2_338,0.668,0.38375,0.63825,131.04058722526693,52.19117149606321,263.4366431358176,0.0203779659823727,0.1245329845385536,7.848966401608586,0.6537949400798935,5.963040865384615,8.990484067260295,27.012517748875265,30.182094457561035,0.1367244943940669,0.0620596375734766,0.3714336437707093,0.5509275547176947,0.1826283059446878,-0.1794939109469853,0.086458293090645,12.631471209461573,7.685697115384615,0.3277780635473833,13.382308397818797,2.979296422213064,4.020037125181337,0.9275841346153846,0.9182958340544896,80.38404177490217,0.12,0.1822222222222222,3.150461203341405,0.8716837614905877,39.38453724955828,1.895791240260851,1,SARCASMOHOLICS,MODERATOR,-0.43898021771036205,0.5852538682131738,0.36145033341922944,-0.5526688563738418,0.34115951294936314,1.20908540334813,0.11368863866347972,0.24409435526381068,0.8476350699289006,0.8893775197328652
2_511,0.6253636363636363,0.4230909090909092,0.4603636363636365,173.0354377866897,52.97107922130918,398.37278855983527,0.030686056745242,0.1451362991460166,5.03428889907731,0.4457978075517661,6.309985031258254,10.334999581315316,30.822588034365964,56.9264445407985,0.1266405091256784,0.0679025318670155,0.2928497727588046,0.3145472842479352,0.2820228922314554,-0.0216975114891306,0.0371491976569715,17.836250325478233,3.154992515629127,0.9561158474908892,12.8055316507601,8.783803824767464,8.783803824767464,0.3640375979572069,1.0,62.543915981571466,0.1691666666666666,0.2822222222222222,3.934547359239093,0.7109023735493586,46.54991331654902,4.274079856109166,1,FRIENDS,CHANDLER,-0.05422962349696156,-0.31955604423014894,0.44560293724679806,-0.1764870728306786,0.029901147519564308,-0.5236989933633822,0.12225744933371704,0.34945719174971324,0.9693019306101802,1.037599848432817
2_287,0.549,0.43725,0.3295,239.6781432356968,53.72837295140299,198.41236669202908,0.0308556114178309,0.1358854896895017,4.946489620979732,0.3645484949832775,3.9735099337748334,9.912999647571231,47.56478489131894,76.80774482847828,0.1346036750487602,0.0738048442686476,0.3255986380562503,0.6345887942621995,0.0249145030917311,-0.3089901562059491,0.1249302796969241,18.861792101275288,2.980132450331126,1.801843040200026,0.3019595859466726,,,,,58.73884735953703,0.38,0.1133333333333333,4.544518026403733,0.8240359521670289,59.840327517753565,4.161502647162379,1,FRIENDS,CHANDLER,-0.5029923169425421,-0.2557662750785301,-0.8278247632495166,-0.041096402034959977,-0.5275765219069398,-1.7984367672569432,0.46189591490758214,0.2718102468284097,0.9706120040074266,1.1087453760050348
2_161,0.6191666666666666,0.3655,0.49,234.5891016175449,35.90430410684145,197.01865506656245,0.0215533769240914,0.164424120901123,5.836370298803519,0.3995327102803738,5.325415826612904,9.192212541008214,26.35637788891509,34.3181343964461,0.114654801753894,0.0613729190721791,0.3755039147180739,0.4264357737503446,0.0462744813382747,-0.0509318590322706,0.1646830779949228,22.48424497927256,4.630796370967742,-0.5784337009088827,-7.625875426071387,,,,,83.59870469420618,0.3222222222222222,0.4679999999999999,4.9766108797936015,1.1410723991955307,61.788361026334194,2.8018362443732654,1,FRIENDS,CHANDLER,-0.3536130721397404,-0.07725915213590867,-0.3746912594410687,-0.727177216966077,-0.015338607796991352,-0.23501228666709956,0.37356414482633654,0.06192054433891732,0.13967897277396912,0.40360195681667743
2_589,0.5001666666666665,0.4030000000000001,0.4061666666666666,179.62129940426763,71.25324864243495,313.2014945592056,0.0198900642876045,0.1638135178075254,3.4909761065679112,0.4832347140039448,6.860670821146957,6.740342249273467,52.44079783027664,50.46395664630238,0.1289630267257749,0.0680909569138625,0.4303569507501198,0.5592940582087328,0.0094109571566632,-0.1289371074586129,0.1288125430571934,12.751775954057948,4.508440825325144,3.5751841769870274,19.88845237055212,0.6803429923709494,0.6803429923709494,0.5880574989554535,1.0,95.89711445681294,0.15125,0.18,2.961983478696004,0.4645804386208956,34.45950490982755,3.70946949887263,1,FRIENDS,CHANDLER,-0.04110260775509775,-0.2543543708382569,0.18895661567471364,-0.3685983938313461,-0.8840746426532952,-1.0516296425722833,0.3274957860762484,0.6297202718150383,1.2405862582469969,1.4292849172868893
2_523,0.4985,0.4856666666666667,0.5618333333333333,164.79340092114276,44.82797574970386,255.50422956400288,0.0184414510615184,0.1231339153993298,7.338626120727381,0.5497737556561086,5.636964168848167,8.110778593471304,16.434420328276946,18.14976021697567,0.1262899172697437,0.0663455323142451,0.4812865900112663,0.3988220942777706,0.0560112033611204,0.0824644957334956,0.0183323302015742,14.706510968607898,4.509571335078534,-0.0520479697661251,4.8458418942731605,4.791005374971817,6.077125701837183,0.5636964168848168,0.8112781244591328,51.07411886272385,0.1641666666666666,0.19375,3.891957692333537,0.6103844116196931,47.964004269083645,2.452109607063291,1,FRIENDS,CHANDLER,-0.5479393370793886,0.6436819021631752,-0.03747940779493734,0.42186870072343574,-0.896241814009825,0.46471351928744087,0.9698080378028243,1.5399237161730004,0.5021929270823782,1.8878798737818554
2_491,0.631,0.3863999999999999,0.47,167.1542882031398,51.956555668031264,290.93825931202275,0.0264472453880358,0.1549157236252829,6.346954009920813,0.28,4.492018981880932,9.745826833650234,16.070180708481722,27.01837411722138,0.1325536371221994,0.0538646740984628,0.5968387172414942,0.5175752839678363,0.1432229748078866,0.0792634332736579,0.0568468128626553,11.54705366670152,2.1138912855910266,3.5584183640538267,1.334607358891759,,,,,52.55494505494504,0.2644444444444445,0.3171428571428571,8.085026677869061,0.8239095321430355,70.00949720291327,2.618550250629724,1,FRIENDS,CHANDLER,-0.6571997144082438,-0.11270008157631752,-0.28798526285082726,-0.5273292862056549,0.07104830883437793,-0.4298315365848373,0.12987042820258887,0.18374839041069546,0.14184627373401004,0.2659890307367371
2_170,0.653,0.417,0.5,198.0629407704062,48.528766231325314,174.46517535822642,0.0581475411853317,0.1380033828620976,7.138100101072495,0.9047619047619048,5.300480769230769,6.6824189160255525,13.90076342481262,19.657686020696804,0.1500233546384079,0.0625907044774618,0.8141684075985095,0.6605323582087357,0.0508986598559287,0.1536360493897738,0.064404281731347,52.19325123387439,9.938401442307692,0.5431199750101093,-2.486324127677128,,,,,155.0,0.03,,3.701836638742953,0.517931568635351,41.61530345938142,1.6322895073144987,1,FRIENDS,CHANDLER,-0.6167466538829589,-1.1349889041438723,-0.5040921462973366,-0.23472896652771458,0.23165497074058536,-0.1376026617082307,0.38201768735524433,1.3666438748844576,0.36648948458910585,1.4655946016978374
2_500,0.879,0.5185,0.7795000000000001,360.24163952506416,109.1905871213799,467.620490826433,0.027726349064465,0.1578145448775964,1.2716912392463358,0.2654600301659125,7.202743902439025,8.0866835852196,25.19997907737981,46.64088700032511,0.111540343220655,0.0713286629852577,0.3731383749143298,0.5814284779866469,0.1551263069985057,-0.2082901030723171,0.0381910031817109,17.475118201315187,2.400914634146341,-3.3207089446814857,-8.27059061032059,0.7830754161949469,0.0581511312998702,0.450171493902439,-0.0,75.62097162097162,0.4109090909090909,1.106666666666667,2.643197582075996,0.4661876618846138,39.028908930016286,7.230675783751457,1,FRIENDS,MONICA,1.1797857385705288,-0.6805884740887089,-0.42167568152287305,0.7358243814236209,1.881523406686169,2.5849963558921525,0.4439613571469079,2.5621118807748777,3.0066720374150258,3.975122100869472
2_303,0.918,0.472,0.461,203.8398578403573,38.48888772504091,146.84607740559628,0.0160599760836679,0.1310298421630046,-0.3769546134149734,0.1444043321299639,6.818847656250001,7.194272504280698,23.01782858946172,25.647362767968414,0.129491740572299,0.0608706562579273,0.4950592569762199,0.479918552797013,0.2678475561276833,0.0151407041792069,0.0832759613834757,5.516654243328511,1.07666015625,-5.918956439414782,-8.241934994945945,,,,,77.05353126405757,0.6085714285714285,1.005,2.01305976417634,0.765109201402881,40.28518235881926,1.98498707177192,1,FRIENDS,CHANDLER,-0.20114199548130393,-0.07347319814619661,0.10666028157452878,0.2911866407365559,2.1662352164289915,-0.5175001990478187,0.4923286362178598,2.239708414575188,0.6241604806223475,2.3766063144597087
2_570,0.758,0.518,0.886,367.76314244907456,60.02314214230002,285.7729034755436,0.0144433864437411,0.1236530211556828,2.924019498487856,0.2857142857142857,6.591796875,6.850651181746311,13.580826602238886,20.50452043590548,0.0707730684404567,0.0548230387878592,0.4519189589738544,0.4383313448559884,0.0855398922768301,0.013587614117866,0.1331244231575911,9.240385568629666,2.34375,2.2843068479404,2.629314646342477,,,,,103.30496127597576,1.0450000000000002,1.2733333333333334,2.002365648560936,0.6196628186606823,45.72841085326211,1.4362346119921423,0,FRIENDS,CHANDLER,0.5017119340980304,0.390733346451656,-0.8408285580041638,0.7310433304484917,0.9981867662020291,3.622408861704104,0.2293313963504613,0.607453419750373,4.463237419708268,4.5102195967826875
2_178,0.7682222222222223,0.463111111111111,0.55,191.4423386689064,45.3578356883328,378.691142786723,0.0191484468654845,0.1474955403678495,3.839435973379292,0.5177664974619289,6.7800693909020815,7.189398512639483,13.092030869448529,14.681658432311266,0.1149398894850747,0.0600284878937998,0.3335084995245085,0.3378680361779124,0.1925243804447558,-0.0043595366534038,0.0468441017563904,15.311325382394894,4.452582883577486,-0.1080626549363161,12.123308457575016,2.864111255832932,4.697275193736173,0.6071703932151118,0.7219280948873623,89.78848815074687,0.3811764705882353,0.7050000000000001,2.7923433068350865,0.5875305358821998,39.8763687629926,2.254322849157222,1,FRIENDS,CHANDLER,-0.20045177290234137,0.031079341385247178,0.15330226655838558,0.2061901789564707,1.0728120838554185,0.34944546308611363,0.4066419518588121,1.0417327424701712,0.19614319652772805,1.135357625283806
2_438,0.6113333333333334,0.4066666666666667,0.5113333333333333,190.8867391025489,87.67214033998573,500.2299907767215,0.0240585367097882,0.1206046897776047,3.524254251969741,0.375796178343949,5.541633157169118,9.040515757849604,22.16830313278824,31.43897633596387,0.1333202313560282,0.0746918777804141,0.5467301923536437,0.3306527086915804,0.0798723063830871,0.2160774836620633,0.0429083096108491,9.400939583623424,2.374985638786765,-0.7523679377720534,-3.715540835499395,4.3355200630743616,4.324261223351232,0.6333295036764706,0.9182958340544896,77.83705955861501,0.2542857142857143,0.2981818181818182,3.210150748211877,1.148267984046331,39.91051241903371,3.645489545475404,1,FRIENDS,CHANDLER,-0.027151324200885674,0.08072443197465994,-0.09215978480294769,-0.33353735334706214,-0.07252431317268575,-0.027205086754846345,0.30638602914617646,0.15324874514734568,0.06495469804810135,0.3486784902223219
2_167,0.68025,0.439,0.575,283.775862910042,88.953611698289,443.2496000961714,0.0212684834295508,0.1383120658081962,5.045324997761456,0.431063122923588,5.7145808293269225,9.972667283041396,9.352785532041551,13.558702632651544,0.1164633827684638,0.0752929729271475,0.4985953473927959,0.3725237342157818,0.1003417438848247,0.1260716131770141,0.028409474073666,15.597172050542165,5.217660757211538,-0.4169802150652125,13.540544746096357,2.4282170379362085,2.4282170379362085,0.2484600360576923,1.0,60.273752916434674,0.3416,0.3625,3.3446428661450995,0.6841006291353907,39.3987403205275,3.9618482783361233,1,FRIENDS,CHANDLER,0.4657920022531633,0.16114380017201466,-0.3784244680853015,-0.024362723622006165,0.4305882224198648,0.5929695254832847,0.49015472587516945,0.26944442224785015,0.9713939935685862,1.1209184817458258
2_373,0.669,0.3356666666666667,0.4553333333333333,184.899668717364,105.66040460604732,441.3831314610937,0.0231920998896428,0.1739052028398618,2.6678560074720203,0.3438914027149321,5.60760498046875,7.445640993830645,9.04244105789486,9.926646766990798,0.2442792170443301,0.3007671868387679,0.3576094241112681,0.4605221401588458,0.3571374662665914,-0.1029127160475777,0.1915316045954777,6.226851315359133,2.01873779296875,5.581881707697721,18.00803634998396,1.0053137993163936,0.0,0.4486083984375,-0.0,80.04661378721528,0.1885714285714286,0.32,4.612381221110247,0.5188465210589821,39.86076587817146,3.48071347876694,1,FRIENDS,CHANDLER,-0.0212581113212581,-0.5199853045145236,-0.2293691477465766,-1.0124465918154837,0.34845981576328167,-0.5726989865245115,0.9911884804942256,0.8684451202778053,0.3433298387779349,1.3618101589406897
2_623,0.692,0.43975,0.527,214.32403361570127,43.53948212691535,195.36987330416417,0.0164471037759675,0.1296850859726716,2.3866428359596434,0.3609671848013817,7.20633092629482,7.336808340332311,15.532229350583496,17.813713882278048,0.1158725338974001,0.065420963908136,0.2395780799500508,0.3710229723038118,0.276000740080539,-0.131444892353761,0.0874009318807998,11.386394288803356,2.916848232071713,-1.249915891043479,1.6098780120816478,,,,,88.00586758920092,0.2292307692307692,0.2575,2.088688892814196,0.4374279237913893,38.87320579679013,3.289759594460396,1,FRIENDS,CHANDLER,0.004833373718209744,0.19254707466590715,0.21890754132145637,-0.017191147159311825,0.5163667804834068,0.12540332568071524,0.022024520877521568,0.32381970581749964,0.09350421564074113,0.3377681449429573
2_131,0.561,0.23,0.368,144.4271540792936,66.86419346784551,394.20212536364846,0.0214760458791403,0.1482591291328499,1.8197619047547915,0.3051546391752577,7.782184287027835,4.394611199071648,17.789782890128848,16.586852998331874,0.1404511506130736,0.065404404791479,0.4341420699477166,0.5959471772286739,0.038954469356581,-0.1618051072809572,0.0802175008053415,11.110642744436095,2.867120526799729,0.8958243035264103,3.550592567036343,,,,,70.14232008592911,0.5377777777777778,0.4733333333333334,2.6021268369889228,0.4116294606925417,38.773244626251454,5.445018842572468,0,FRIENDS,CHANDLER,-0.15959897033223852,-0.2654661981843833,0.43291919874771123,-2.0228420312262343,-0.4399728881399176,-1.4234097111652986,1.8632430608939958,0.1745066899555343,1.8563289099130098,2.635921909045806
2_236,0.7536666666666667,0.5579999999999999,0.5496666666666666,174.34898162540048,46.67595589855228,304.0319199578672,0.0191028684533827,0.1088936783687485,6.95008182585506,0.6552287581699346,6.663104363207547,6.6027729931690535,49.99131135420272,44.17029210819643,0.1119131612250044,0.0577703845411071,0.1464591443357448,0.227940526320409,0.2053253905882954,-0.0814813819846642,0.0547691465203342,17.852722563410424,4.387897995283019,-0.146146680053704,-2.4336722462830744,1.4631074956653918,1.6039601749488257,0.9750884433962264,0.9709505944546686,119.5710217647934,0.1223529411764706,0.1999999999999999,1.90932420174253,0.4066417932241319,34.538952399590585,2.2520603565958046,1,FRIENDS,CHANDLER,-0.3397180879610431,0.692560620430145,0.12353590392478898,1.1135274084588695,0.966552120675049,0.34619847558748396,1.4532454964199126,0.27399150024490404,0.22266257166269499,1.4955174475380273
2_546,0.7647999999999999,0.5932,0.6016000000000001,156.55658892912317,69.51039064353172,484.360901307796,0.0233619413220297,0.1431233543720208,4.011022229942605,0.478,6.350806451612903,8.935128170186006,47.13688077385046,42.9201895914157,0.1304608823444522,0.0602973192988021,0.2568909410943459,0.4466806364008436,0.0266028961489207,-0.1897896953064977,0.0829423406512399,12.623180795596433,3.572328629032258,-1.9375399104183115,-3.065726857925144,1.5441918796398717,0.0,0.3969254032258064,-0.0,99.4313321506304,0.1073684210526315,0.1022222222222222,2.996601131013695,0.584983333399572,39.154891783515495,5.342215065007005,1,FRIENDS,CHANDLER,-0.08961233377509337,-0.1176159720191023,0.37478822006788465,1.450113397108003,1.0478288253366743,0.8520791278738774,1.5397257308830963,1.1654447973557767,0.47729090780599276,1.9891765916331816
2_242,0.784,0.4285,0.5505,181.229749149248,40.49268437461391,278.1435153719417,0.013082875510135,0.0998197272515389,2.179062297400656,0.2439613526570048,6.940735916639532,8.599478677686887,37.43333657447611,40.42235459333797,0.1012016890708954,0.0529282484235325,0.5322590268393451,0.6479613591182233,3.5456091556334844e-17,-0.1157023322788781,0.1247184063374291,5.244227093098175,1.4360143275805928,-0.4036441584607858,-2.247769748458012,,,,,86.14772224679345,0.4833333333333334,0.8733333333333334,1.4957106136891822,0.7509103005134592,39.67741845618307,3.3195177298326657,1,FRIENDS,CHANDLER,-0.10697062593693707,0.602690328471131,0.43550166009521957,-0.12476479409973064,1.1879946393639105,0.35431594433405655,0.01779416816279357,0.5853043108927795,0.08118571576116301,0.5911758530369196
2_169,0.6135,0.4531666666666665,0.5244999999999999,243.02230712390192,97.9006773009728,464.9917433696368,0.0209227224788487,0.1109320930801264,5.857457347198258,0.4741573033707865,7.047230113636363,7.772505628362972,6.277359170841548,7.654179987924233,0.0957558168009697,0.0534741070249781,0.1252807414517968,0.2408267365462487,0.1310214378131196,-0.1155459950944519,0.0910478905967006,15.72386895783712,4.138849431818182,-1.1728632273866642,-8.689478731409885,2.2504277269051616,2.563767615554545,0.4474431818181818,0.9182958340544896,69.14687343594004,0.1699999999999999,0.3033333333333333,3.1361407915455537,0.5206743311429766,44.25357811502512,3.4153723013136976,1,FRIENDS,CHANDLER,0.570929487267491,0.5483795782125014,0.06737457411839254,0.11110038734000127,-0.05670699040919575,0.1010509194409964,0.45982909992748977,0.6050865686216972,0.03367634532260386,0.7607277127203875
2_235,0.6456,0.3868,0.473,181.42883656377097,38.90207134031157,151.22598811363304,0.0200080013059831,0.1460658532852443,2.697257380938402,0.3481481481481481,6.942465117820568,8.238562246643536,99.40405999424956,93.72795013732316,0.1308955155045095,0.0698298981120945,0.3466012010697121,0.3511828978034405,0.3046358979224713,-0.0045816967337283,0.1982420430455017,8.336467255117286,3.653929009379246,5.125988951232556,8.968031421104055,1.7080777924725936,0.0,0.7307858018758492,-0.0,121.9838132881611,0.236,0.5,3.1398541012419,0.4775016361228514,30.66028092290017,2.0898648021520856,0,FRIENDS,CHANDLER,-0.1519521460594619,-0.20007345377443564,0.3916571610710107,-0.5235044454255504,0.17763272991758783,-0.40060864909717664,0.3715522993660885,0.37770618369202347,0.7922658101681873,0.9530992531341499
2_34,0.292,0.4014999999999999,0.2345,240.83302674742163,105.99384707404046,403.03417554827365,0.0307733111433715,0.1385205983342135,4.885968255588511,0.6018099547511312,7.40203857421875,5.540899393789895,9.354033270615927,11.028905029094927,0.1327088718264345,0.0681345502898321,0.3396845755779184,0.3485771973216289,0.0131727269662708,-0.0088926217437104,0.0658263157201308,22.67287316386297,4.9346923828125,-5.293670495167103,17.204747621207794,4.832819073478303,4.450238619035908,1.12152099609375,-0.0,109.8959650039047,0.115,0.1949999999999999,2.035830587399744,0.4282816371243202,33.991990120680995,3.808476836012298,1,FRIENDS,CHANDLER,0.5314021070200533,-0.23983246003349,-0.05564027514743971,-0.382941546756737,-2.403754345083998,-2.723828204366197,0.9143436537767903,2.1639218850505078,2.668187929218757,3.5549696296074194
2_608,0.7546666666666666,0.4383333333333333,0.6616666666666666,120.87960642530808,23.44351185422737,109.81589058108857,0.0259291194166582,0.1682733045505063,2.0886620104923748,0.3689095127610209,7.139350768716577,5.259024813987672,160.2599720120049,116.68697086012274,0.1465264589211608,0.0563872711657323,0.3069745937237039,0.5988377729022092,0.1374134865335648,-0.2918631791785053,0.0973902837564814,12.400003691699704,1.842413101604278,-1.0534355131483466,-8.338202072989095,,,,,85.47619047619047,0.2666666666666666,0.34,3.4066271693696755,0.5656015733803076,39.06019115311058,3.119212063474309,1,FRIENDS,CHANDLER,-0.7242827889164851,-0.8083364498878947,0.41018130728017616,-0.030737458255512832,0.9738524234889668,1.437186275126814,0.6935453306609722,1.7821888733768616,1.027004967846638,2.170700695639912
2_524,0.908,0.931,0.709,203.97269602276648,59.38877017702709,261.007812974836,0.0222143801048344,0.1648762364126045,3.221551578338085,0.4314814814814814,6.625600961538461,7.095192270633021,15.91633050163234,19.44816195226563,0.1284133311168039,0.0623419027854628,0.301050682467219,0.3649198000728116,0.0637900932109497,-0.0638691176055926,0.0626059867552227,13.33589615507785,3.864933894230769,1.5976924896415847,5.991487294577016,,,,,91.48005042884904,0.1893333333333333,0.196,3.0440362024107928,0.4726187345698723,45.62131625800281,4.211664006159742,1,FRIENDS,CHANDLER,-0.08618450723719508,-0.34031142312012785,0.020496823046727914,4.680191435905651,2.093232188289806,1.8982584999321264,4.766375943142846,2.4335436114099336,1.8777616768853984,5.671548558831566
